ply
format ascii 1.0
comment created by gply, a Houdini tool.
comment converted from .[b]geo
comment for more information about Houdini, try:
comment www.sidefx.com
element vertex 7636
property float x
property float y
property float z
property uchar red
property uchar green
property uchar blue
element face 15210
property list uchar int vertex_indices
end_header
-1.03888488 -0.0224922001 0.627290487 151 174 185 
-1.04862356 -0.0126999915 0.633687496 165 181 192 
-1.04023278 -0.0187935531 0.648075104 163 183 196 
-1.04493475 0.00127884746 0.640886426 166 189 199 
-1.05787468 0.0521235764 0.669967294 187 219 225 
-1.06933618 0.0646744072 0.678054273 198 226 230 
-1.05958152 0.0568212569 0.69612515 178 198 201 
-1.06325221 0.0732536018 0.682052732 194 223 229 
-0.995705664 -0.0065934062 0.631194413 142 172 187 
-0.996598423 -0.00381425023 0.641301274 145 173 187 
-0.999734223 0.00923594832 0.64024806 147 175 190 
-1.01207829 0.0577388704 0.667989552 180 215 225 
-1.01403284 0.0623243451 0.706771195 180 216 227 
-1.01796842 0.0808822215 0.681226492 183 223 233 
-0.942290366 -0.0309143662 0.612094462 184 220 228 
-0.951610148 -0.0304124057 0.613391638 181 218 227 
-0.942739785 -0.0293648541 0.615507126 185 221 229 
-0.946965754 -0.0170354545 0.672515631 187 218 225 
-0.968583524 -0.0161665976 0.675363779 183 213 221 
-0.947716415 -0.0148129165 0.68228209 186 216 224 
-0.996313155 0.0411552489 0.657235861 174 204 216 
-0.973445475 0.023850441 0.697666883 177 210 218 
-0.956859529 0.0203648806 0.711141169 187 223 229 
-0.966146529 0.0583305657 0.715621591 169 201 209 
-0.968885303 0.0698129833 0.71376735 168 201 209 
-0.9421345 -0.0539858043 0.861314476 163 193 201 
-0.987476468 -0.0613867939 0.862270951 128 162 173 
-0.94518292 -0.0464996994 0.918079376 196 231 237 
-0.990522802 -0.0539087951 0.919031262 172 209 218 
-0.938496947 -0.0772623718 0.952967644 157 194 202 
-0.959851086 -0.0687043369 0.95996964 164 199 209 
-0.990587473 -0.05374071 0.920130849 172 209 218 
-0.97461766 0.0961079001 0.684745431 179 214 222 
-0.896448195 -0.0254790485 0.610013723 164 192 202 
-0.897277534 -0.0234343708 0.625367641 162 190 200 
-0.889666319 -0.0611104071 0.694600582 159 188 199 
-0.889682829 -0.0611029565 0.694606423 159 188 199 
-0.889680088 -0.0610449016 0.694506109 159 188 199 
-0.889661252 -0.0611381233 0.694677532 159 188 199 
-0.899885297 -0.0164656341 0.667652071 184 213 219 
-0.90192318 -0.0228718221 0.716748774 144 174 183 
-0.898458421 -0.0276730359 0.726684988 142 172 181 
-0.900617898 -0.0180787146 0.719212711 147 178 186 
-0.912185252 0.0301961601 0.713830829 179 217 223 
-0.8969661 -0.0414112806 0.810833931 117 146 161 
-0.94249171 -0.0371769667 0.81814003 123 155 170 
-0.902912498 -0.0157081187 0.798215568 105 132 148 
-0.893892646 -0.0579794347 0.853840828 139 166 183 
-0.93565464 -0.0583619177 0.858221889 161 190 199 
-0.895120323 -0.0542826951 0.86912632 130 160 178 
-0.924954474 0.0865294039 0.674077451 156 195 209 
-0.950171411 0.0935173929 0.680649877 165 202 214 
-0.959556282 0.0684060752 0.720378339 163 196 205 
-0.925658286 0.0868088603 0.703286529 152 189 202 
-0.916321874 0.0436261594 0.754505098 184 214 219 
-0.940082908 0.0502795875 0.760735512 179 208 216 
-0.91762352 0.0470331609 0.776405215 185 211 218 
-0.914180636 0.0108693838 0.841165662 164 188 199 
-0.911264241 0.0155518651 0.834276497 173 196 206 
-0.952028453 -0.013635844 0.867169321 141 172 185 
-0.899460137 -0.040595144 0.916267097 165 201 214 
-0.915590525 -0.0579913557 0.960933805 178 215 223 
-0.899816692 -0.0411183238 0.938452005 184 220 229 
-0.925220788 0.0830840766 0.724590003 157 192 202 
-0.921066821 0.0622701645 0.765168607 176 205 213 
-0.912824631 0.0209009349 0.846473694 158 183 194 
-0.915382087 0.026458174 0.902135313 140 169 182 
-0.954870641 -0.00394234061 0.889937043 151 183 193 
-0.849326909 -0.0250693858 0.60505861 172 202 214 
-0.851989865 -0.0166395009 0.633639038 184 211 222 
-0.889363587 -0.0610257089 0.694613397 159 188 199 
-0.853821993 -0.0118988752 0.665074587 202 229 236 
-0.863876998 -0.0136629641 0.717577457 153 183 194 
-0.855194509 -0.0108599067 0.716539979 157 187 198 
-0.855379105 -0.0102724135 0.718488097 156 186 197 
-0.886018276 0.022171706 0.739504158 177 212 216 
-0.856119692 -0.011854291 0.7700665 141 173 187 
-0.879424453 0.000927895308 0.779580712 126 159 174 
-0.85118407 -0.0357394814 0.808888495 147 173 185 
-0.850917816 -0.0412774384 0.858204126 108 137 154 
-0.850846529 -0.0424687862 0.868171394 105 134 150 
-0.876564801 0.0819549859 0.666271687 147 181 196 
-0.873645961 0.0659944713 0.709626079 155 190 202 
-0.904556394 0.081718415 0.721576333 144 178 190 
-0.875666201 0.0703146756 0.754369676 145 177 188 
-0.88659209 0.0403868556 0.80183357 165 191 200 
-0.854857802 -0.0302879512 0.916972876 151 172 180 
-0.846681893 -0.0669048727 0.948512793 130 152 164 
-0.875394106 -0.0482620895 0.961809278 171 196 204 
-0.851654053 -0.0485558808 0.972886443 145 164 175 
-0.875467896 0.0686614811 0.763634682 149 180 191 
-0.871717989 0.0494354665 0.805121422 148 177 188 
-0.873661458 0.0525800288 0.859403193 101 128 141 
-0.910689116 0.0300684869 0.903583586 139 168 182 
-0.874062538 0.052290827 0.881027877 113 140 153 
-0.860985398 -0.00621110201 0.930743694 158 184 194 
-0.89181143 0.0117978752 0.943927765 153 179 191 
-0.870004714 0.0322029293 0.917955041 141 173 188 
-0.915627003 0.0270646811 0.906638265 141 169 182 
-0.872446299 0.0433134735 0.906586289 142 170 184 
-0.915988863 0.0243505538 0.953413129 149 169 178 
-0.805738628 -0.0107780099 0.608043134 147 179 196 
-0.805615544 -0.0152239203 0.651799142 170 200 210 
-0.8061409 -0.0136888921 0.658861339 171 202 212 
-0.807414055 -0.0131781995 0.711636662 141 172 185 
-0.85164237 -0.0107016861 0.71784395 157 186 198 
-0.808581412 -0.0106264651 0.736873269 159 187 197 
-0.809403956 -0.00985118747 0.766022682 147 174 185 
-0.807336926 -0.0224648416 0.811291456 138 169 183 
-0.804270923 -0.0390037596 0.854315102 124 151 164 
-0.804625332 -0.0402952135 0.884938061 123 146 160 
-0.830932319 0.0882143676 0.664662302 124 156 175 
-0.829978108 0.079973489 0.712431967 148 182 196 
-0.827335179 0.0650967956 0.756406367 147 179 193 
-0.857251108 0.0703284442 0.762539744 146 178 190 
-0.828018665 0.0654272139 0.784116507 137 168 183 
-0.833364129 -0.0152491927 0.922791958 117 140 151 
-0.8143152 -0.00241082907 0.908821523 93 120 134 
-0.804352999 -0.047664851 0.954327703 173 203 212 
-0.811391652 -0.0168837011 0.935426712 102 131 145 
-0.807364047 -0.0368221402 0.972079039 161 195 205 
-0.82660979 0.0577548444 0.804690301 134 165 179 
-0.825441301 0.0486716926 0.851978362 139 167 179 
-0.828096211 0.0557261407 0.895475149 125 157 170 
-0.825637043 0.0435522199 0.91785419 139 170 181 
-0.829800665 0.0613090098 0.91168946 131 161 174 
-0.76090759 -0.00136935711 0.608235002 138 168 186 
-0.759520829 -0.0113101006 0.655032396 146 178 195 
-0.789797187 -0.0140864551 0.656849086 164 195 206 
-0.75779599 -0.0209631622 0.683111727 152 185 199 
-0.757668257 -0.0230811834 0.700783134 157 189 202 
-0.758273661 -0.0251940191 0.75205785 141 173 186 
-0.787682176 -0.0180603564 0.759170055 152 180 190 
-0.758174956 -0.0291718543 0.791727066 144 178 191 
-0.783307731 0.086646378 0.658576012 128 160 179 
-0.796617329 0.0894902647 0.661585569 125 157 176 
-0.783649802 0.0868550837 0.671963036 129 161 180 
-0.758823574 -0.0275252163 0.803207695 143 176 189 
-0.761030436 -0.0233455598 0.85808146 133 162 174 
-0.761488438 -0.0228532255 0.873637199 129 157 169 
-0.782767653 0.0800327063 0.707276344 139 173 190 
-0.784485698 0.0822913051 0.761051416 132 166 181 
-0.781095743 0.0644796789 0.803347111 138 169 184 
-0.787001848 0.0644919872 0.804002821 137 169 184 
-0.781187475 0.0645810664 0.806434274 140 171 186 
-0.76926285 0.00554898381 0.914951563 167 196 206 
-0.758323789 -0.0429643691 0.951826692 89 118 135 
-0.766936004 -0.00597012043 0.936126828 147 177 189 
-0.75902158 -0.0447143018 1.00330901 54 72 86 
-0.761831224 -0.0436148047 1.00421584 55 74 87 
-0.759279191 -0.0438746214 1.00580573 55 74 87 
-0.780479252 0.0575654805 0.851875722 162 195 206 
-0.78033334 0.0525003076 0.90146184 137 166 179 
-0.802890658 0.0561603606 0.905931592 130 161 174 
-0.770353258 0.00879427791 0.92894721 168 196 205 
-0.804718554 0.0328781307 0.945824862 163 187 194 
-0.781621993 0.0566470623 0.914544582 137 166 178 
-0.766180277 -0.0120942295 0.969483018 106 134 148 
-0.810176432 -0.0247830451 0.967415094 171 204 213 
-0.77668786 0.032220751 0.959446907 155 176 184 
-0.784395874 0.0639714003 0.960505962 138 170 179 
-0.716184914 0.00846508145 0.608670413 145 175 191 
-0.715071023 -0.00040358305 0.656080961 135 164 181 
-0.710016012 -0.0247577429 0.694634736 153 184 197 
-0.742893636 -0.0255736411 0.697803736 155 187 200 
-0.709680617 -0.0281666517 0.717116058 150 181 194 
-0.71064055 -0.0267957449 0.745952249 150 182 195 
-0.71079284 -0.0306891501 0.79620862 146 177 189 
-0.737315893 -0.0287094116 0.800200105 142 176 188 
-0.710783601 -0.0327911675 0.81914264 159 189 199 
-0.738044083 0.0943553746 0.657795727 134 167 184 
-0.736606658 0.084959656 0.696209729 135 168 184 
-0.710409522 -0.0366870463 0.845261276 175 203 211 
-0.714112639 -0.0263957083 0.90091145 167 202 211 
-0.736294448 0.08298859 0.703777492 135 169 184 
-0.735408425 0.0750152767 0.751700342 131 165 180 
-0.734294713 0.066147536 0.799111605 130 162 176 
-0.735263228 0.0682242811 0.820499361 123 155 169 
-0.714659154 -0.0244809091 0.90472585 166 200 210 
-0.753559649 0.00406691432 0.924530149 168 198 207 
-0.717030108 -0.019656688 0.959968209 138 159 169 
-0.711785138 -0.0447572768 0.998095036 135 167 176 
-0.712234616 -0.0457771719 1.03006542 146 177 185 
-0.736086667 0.0686967671 0.853052855 122 155 170 
-0.732634783 0.0506415665 0.895209253 151 183 194 
-0.734129786 0.0525283515 0.942878246 120 152 165 
-0.724342287 0.00907483697 0.976401329 115 136 146 
-0.732432544 0.044126302 0.958323479 111 140 153 
-0.734038115 0.0516638756 0.948277235 119 151 164 
0.745812356 0.202204257 0.867553174 171 203 215 
0.743069768 0.185684472 0.858868003 166 199 212 
0.738673747 0.203565001 0.861997664 167 199 212 
0.755155444 0.14043206 0.885280609 175 204 214 
0.748253465 0.179955333 0.907539248 152 179 193 
0.752998948 0.142733902 0.880296588 174 203 214 
0.75717324 0.122069329 0.91828382 159 196 212 
0.744252264 0.175948948 0.912763596 154 180 193 
0.778551579 0.0775754154 1.00558913 132 166 187 
0.764189959 0.0847305357 1.01105964 139 172 190 
0.765311897 0.0817793906 0.992347836 149 181 198 
0.767922044 0.0688580573 1.01610076 130 162 181 
0.741138339 0.242266834 0.889860332 150 182 196 
0.727712631 0.247742563 0.87431258 146 180 194 
0.737423778 0.218527943 0.929712296 154 183 195 
0.734318495 0.215040684 0.934427738 155 184 197 
0.723426521 0.262867808 0.903013349 147 180 195 
0.732068837 0.224418342 0.933505058 158 187 199 
0.698809683 0.382928699 0.813957334 130 161 176 
0.698166728 0.375595301 0.810038745 137 168 183 
0.696250498 0.383324504 0.812126517 131 161 176 
0.72084254 0.365421742 0.854370236 126 155 174 
0.706792235 0.337211758 0.840568304 127 160 180 
0.70459938 0.34199369 0.888103962 111 140 159 
0.695995808 0.384125412 0.814917564 131 161 176 
0.693260312 0.3903822 0.870979428 150 190 210 
-0.671614826 0.0188989937 0.609448671 143 178 195 
-0.669692755 0.00685468316 0.655042887 133 164 182 
-0.66651684 -0.0101160705 0.69781965 140 170 187 
-0.666529059 -0.0107971728 0.705948472 142 172 188 
-0.666414261 -0.0150109529 0.747503161 150 180 194 
-0.663848937 -0.0295824707 0.791652143 147 179 192 
-0.664418757 -0.0313287079 0.837216616 155 188 200 
-0.693353117 0.104314238 0.658302307 136 169 187 
-0.691449225 0.0923991501 0.703296125 124 155 172 
-0.664795339 -0.0303556621 0.843693078 156 187 200 
-0.66717416 -0.0255004466 0.898953259 145 174 183 
-0.704989433 -0.0253708065 0.903179169 162 196 205 
-0.668415308 -0.021628648 0.9129107 142 169 178 
-0.691423595 0.092240721 0.703879833 124 155 172 
-0.690006137 0.0821792781 0.750608385 139 173 188 
-0.688213944 0.0706456006 0.796494782 143 174 188 
-0.68892628 0.0698246658 0.838319719 135 169 183 
-0.671432436 -0.0132605135 0.958436966 121 146 155 
-0.678822815 -0.0235231817 1.006024 148 167 175 
-0.672686994 -0.0105668902 0.986101508 130 151 160 
-0.688724995 0.0681617558 0.847557425 131 166 180 
-0.68801403 0.0608765185 0.895873725 124 157 169 
-0.689899802 0.0645593405 0.941524267 139 168 180 
-0.706062973 0.0339171886 0.987906575 107 129 139 
-0.719631672 -0.0139262974 1.01572895 172 198 203 
-0.684349895 0.0370848179 0.992030025 122 147 155 
-0.689876974 0.0637045801 0.949974418 142 170 182 
-0.685690343 0.0427625477 0.990479708 122 148 156 
-0.62925905 0.0380332172 0.615203083 152 186 203 
-0.626957357 0.0244974196 0.659944296 146 178 195 
-0.656766891 -0.00472724438 0.699679732 142 173 189 
-0.626832783 0.0236775577 0.663336754 146 179 195 
-0.625878274 0.0157656372 0.707433343 142 175 192 
-0.621785045 -0.00480937958 0.748148561 152 184 199 
-0.619947672 -0.0165208578 0.793933332 145 175 188 
-0.618088841 -0.0283163786 0.839669943 156 185 194 
-0.649908721 -0.030392915 0.842036963 157 188 199 
-0.6181162 -0.029558152 0.85472405 156 183 192 
-0.648105204 0.112084478 0.657557011 143 176 193 
-0.644891798 0.094966501 0.700249374 127 162 181 
-0.690237284 0.0923990607 0.703835607 124 155 172 
-0.645834982 0.0975771844 0.714539707 129 164 182 
-0.622375667 -0.0159642398 0.899218082 143 174 184 
-0.623592198 -0.0125341117 0.916954696 143 175 183 
-0.645304084 0.0920946896 0.751090109 134 168 185 
-0.643093169 0.0789155662 0.796035409 147 180 194 
-0.645044148 0.0835776031 0.833800256 138 170 184 
-0.648407698 0.00667843223 0.966753483 120 142 149 
-0.631165564 0.0148726106 0.960099101 125 147 154 
-0.644491971 0.0799201131 0.849093139 135 166 180 
-0.644320846 0.0747559667 0.898622632 147 179 190 
-0.644890845 0.0727339089 0.947259426 151 187 199 
-0.633181691 0.0220037997 0.973417163 132 155 162 
-0.638721764 0.042194128 1.00339997 155 187 196 
-0.644800961 0.0721504092 0.949615598 151 187 199 
-0.643160224 0.0612119436 0.995842457 148 179 187 
-0.583995521 0.0457422137 0.614422798 152 187 204 
-0.581889987 0.0329773128 0.659604907 140 176 192 
-0.582067072 0.0330562592 0.666858435 138 173 190 
-0.582415581 0.0305506289 0.710700214 128 163 183 
-0.579249382 0.013618201 0.753498793 148 182 198 
-0.574015617 -0.011438489 0.791650772 158 191 203 
-0.571602762 -0.0254108906 0.836142302 165 196 207 
-0.56944716 -0.0383727252 0.881211936 164 191 198 
-0.584135294 -0.0373127759 0.883402586 161 186 194 
-0.569716275 -0.0381703079 0.891317964 163 189 196 
-0.604101717 0.124744594 0.659608603 133 171 192 
-0.600562632 0.106346875 0.701569021 131 164 183 
-0.601353705 0.108364075 0.715472817 128 161 179 
-0.577761769 -0.00842610002 0.930165291 156 190 195 
-0.600091159 0.100002617 0.75042361 123 157 176 
-0.597649992 0.0859187543 0.794851422 135 168 184 
-0.600374103 0.0934298933 0.836451411 112 145 164 
-0.582351804 0.00784114003 0.960127234 162 195 203 
-0.604586542 0.0172850192 0.967707992 154 182 191 
-0.585098207 0.0178077221 0.975465775 171 204 214 
-0.600671828 0.093300581 0.851556718 117 150 169 
-0.602528334 0.0961034 0.905642927 158 195 208 
-0.60297519 0.0962216556 0.924844742 156 193 206 
-0.592836797 0.0460320711 1.01710713 168 202 212 
-0.60183543 0.0888890922 0.953999877 147 182 195 
-0.598413944 0.0709533691 0.996224642 170 207 217 
-0.535328746 0.040078938 0.605994225 158 194 210 
-0.536976576 0.0420621634 0.659611583 137 175 194 
-0.536315501 0.0375542939 0.679352045 135 173 192 
-0.535393655 0.031350553 0.705968261 137 172 192 
-0.534148276 0.0219653249 0.753083527 140 175 193 
-0.527786613 -0.00752314925 0.7887007 139 175 193 
-0.524492323 -0.0249590874 0.831211269 163 195 206 
-0.520613372 -0.0446921885 0.872408032 171 202 209 
-0.523544312 -0.0357534587 0.907637477 166 202 213 
-0.560195804 0.137788296 0.661879539 141 179 198 
-0.574475765 0.12041834 0.706357121 133 167 185 
-0.559028983 0.129826456 0.696781337 136 171 189 
-0.527902484 -0.0205434561 0.93870306 151 188 201 
-0.554452777 -0.0117742717 0.946390986 146 181 190 
-0.530311942 -0.0123355091 0.958114266 147 183 197 
-0.558356643 0.126069576 0.707660019 135 169 188 
-0.555584073 0.110683829 0.75134331 125 161 180 
-0.555056334 0.104118317 0.800071299 129 164 182 
-0.555947065 0.104485065 0.836891234 124 158 177 
-0.538754463 0.0193739533 0.993348956 161 195 204 
-0.55644685 0.105090201 0.853110373 128 164 183 
-0.556576014 0.101105839 0.90331465 142 179 193 
-0.557501078 0.102092981 0.934813976 149 188 201 
-0.550003052 0.064974606 1.00304782 173 207 216 
-0.557366729 0.0997210741 0.955005884 150 188 202 
-0.551858425 0.0735858083 0.992540717 179 213 222 
-0.487393737 0.0372914374 0.599210441 152 193 212 
-0.50534755 0.0364085734 0.600703061 156 195 212 
-0.487786025 0.0383857489 0.605060458 152 193 211 
-0.490315109 0.0442784429 0.655689776 148 186 204 
-0.490827233 0.0433562994 0.689448714 147 185 204 
-0.479281992 -0.0125489533 0.780636668 147 180 197 
-0.497597337 -0.0118810236 0.783012629 141 176 194 
-0.481965303 -0.000514060259 0.770094514 141 173 192 
-0.474058837 -0.0375638306 0.81881243 156 189 201 
-0.495598018 -0.034236908 0.822989106 160 191 203 
-0.47415331 -0.0391868949 0.841185808 168 200 211 
-0.491205156 0.0432837903 0.70760411 146 184 202 
-0.488084316 0.0265294015 0.750504494 138 171 189 
-0.476646334 -0.0318886638 0.87454164 165 199 211 
-0.47810623 -0.029702872 0.917277098 162 195 207 
-0.516369581 0.151144981 0.664329469 134 174 194 
-0.516046584 0.14803353 0.684074044 131 170 190 
-0.47987476 -0.0236951411 0.931711078 164 196 208 
-0.484186172 -0.00968942046 0.974012256 130 164 180 
-0.514629364 0.139815122 0.710332394 127 166 186 
-0.511473715 0.12292403 0.753154695 124 162 183 
-0.509987473 0.112592548 0.799728692 137 172 190 
-0.510953903 0.112737626 0.842483044 131 167 188 
-0.493232369 0.02500844 1.00375354 145 179 191 
-0.511695981 0.114813894 0.853482425 134 171 191 
-0.525189281 0.123376101 0.91198045 152 190 203 
-0.51607281 0.127993882 0.907963276 152 190 203 
-0.498411149 0.0446471274 1.02328289 144 180 194 
-0.514353275 0.0574793816 1.03201532 152 187 202 
-0.502169251 0.0591651201 1.03448951 149 186 202 
-0.516341865 0.128576875 0.913837373 154 191 204 
-0.513198793 0.111735106 0.956687927 179 219 229 
-0.508312464 0.0880435407 0.995620489 167 206 219 
-0.502812624 0.0619417727 1.03317463 149 186 201 
-0.439609826 0.035097301 0.592765987 167 207 223 
-0.441428602 0.0398847759 0.623067141 161 200 216 
-0.443504691 0.0459095538 0.65143317 152 191 209 
-0.443576276 0.041698873 0.701508105 135 174 196 
-0.462063551 0.0423993766 0.703920662 139 177 198 
-0.443264604 0.0388890505 0.718423069 128 166 188 
-0.439514816 0.00217747688 0.784277797 159 191 206 
-0.430986613 -0.0212444365 0.82295692 170 204 216 
-0.435480356 0.000353634357 0.789261758 162 194 208 
-0.430711597 -0.0232537687 0.832658708 171 205 216 
-0.442425668 0.0326860249 0.748836339 122 159 181 
-0.436164111 0.00359100103 0.784678519 160 192 207 
-0.430865407 -0.0262125432 0.872598648 170 203 216 
-0.430912346 -0.0305200219 0.922618032 175 213 226 
-0.459322989 -0.0299426019 0.92605412 168 203 216 
-0.431685209 -0.0285187662 0.93586266 172 209 222 
-0.494059145 0.162722409 0.668175817 131 170 191 
-0.440735519 0.00619956851 0.965566158 151 188 204 
-0.47416541 0.170875043 0.6704247 127 168 189 
-0.470882863 0.153485209 0.712961555 131 170 192 
-0.467868626 0.137149632 0.756101608 122 161 182 
-0.466140896 0.125869155 0.802132845 133 171 191 
-0.467600197 0.129106581 0.833154678 129 166 186 
-0.449140072 0.0377209783 1.00114655 164 198 213 
-0.468777984 0.131739199 0.857973456 127 163 183 
-0.47173056 0.139469028 0.907631159 135 172 190 
-0.46030882 0.0849862099 0.988682389 172 211 223 
-0.477863222 0.0891514122 0.992877126 169 207 220 
-0.4637447 0.0999354124 0.980304718 168 205 217 
-0.496010035 0.0619192421 1.03241491 154 191 206 
-0.472265989 0.140952587 0.915726244 138 175 193 
-0.469250977 0.12461406 0.95886457 167 205 217 
-0.398736686 0.0210191607 0.580616236 168 209 225 
-0.394075006 0.0372487903 0.641290188 169 206 221 
-0.403396845 0.0382452607 0.642856598 165 203 218 
-0.388810933 0.0204778016 0.585979342 171 211 226 
-0.394470066 0.0384081006 0.64654392 166 204 220 
-0.398422897 0.0498408973 0.700975537 139 178 198 
-0.397362471 0.0426421463 0.732286096 138 176 196 
-0.400836289 -0.0113004744 0.825053215 171 208 220 
-0.396785408 0.0389149189 0.747209489 138 176 196 
-0.395246029 0.0283744931 0.793664098 145 182 202 
-0.387664199 -0.0059081912 0.826539099 170 209 221 
-0.386817753 -0.0137259066 0.874550939 162 199 213 
-0.387309223 -0.0162866414 0.925569415 168 203 216 
-0.387884796 -0.0143613517 0.930599689 169 202 215 
-0.395985097 0.0156539381 0.968948722 156 195 209 
-0.429567546 0.1811997 0.671140432 123 164 189 
-0.427731186 0.169492453 0.716927528 128 168 192 
-0.42436111 0.151758581 0.759267807 136 175 196 
-0.421617061 0.136484712 0.803014994 140 179 199 
-0.422863245 0.138627768 0.836414456 140 178 197 
-0.40377897 0.0441522598 1.01008642 161 190 202 
-0.424151659 0.141952008 0.858625293 140 175 193 
-0.426205337 0.145529658 0.913154662 161 195 211 
-0.43418172 0.145403862 0.913962722 158 192 208 
-0.425543547 0.141811669 0.924086928 159 194 211 
-0.415331393 0.0938194692 0.98854506 171 209 223 
-0.419657469 0.112672925 0.977651954 162 200 217 
-0.423163801 0.129086912 0.956233382 152 192 211 
-0.34593311 0.0336480737 0.63404125 175 209 222 
-0.342559189 0.0224999785 0.603024364 177 214 227 
-0.347365201 0.0362069905 0.671352565 163 200 217 
-0.349273264 0.0422804058 0.691461802 155 193 212 
-0.353021324 0.0541226268 0.731944144 142 180 199 
-0.353230268 0.0533367395 0.750268698 137 174 194 
-0.34904322 0.0323929191 0.790772974 148 186 203 
-0.345168978 0.012678355 0.831980288 167 204 218 
-0.340943396 -0.0084168613 0.872398019 160 198 216 
-0.34023717 -0.0156836808 0.920724869 176 211 224 
-0.34236604 -0.00871059299 0.940974474 184 216 228 
-0.35122636 0.02506724 0.972406864 176 213 225 
-0.38565442 0.194214851 0.673395038 127 168 195 
-0.382865906 0.17876634 0.717042327 134 173 198 
-0.380692959 0.165736377 0.76207298 140 179 201 
-0.378995359 0.154574335 0.808171988 145 180 198 
-0.378892481 0.151941806 0.832701921 140 177 194 
-0.362380385 0.0701997876 0.982966304 161 199 212 
-0.379312813 0.151329845 0.858799458 137 175 193 
-0.379617006 0.148033291 0.909397125 149 186 202 
-0.380149454 0.148079634 0.933327079 162 202 218 
-0.366104424 0.085955292 0.978857636 161 201 215 
-0.375151366 0.123336911 0.978811026 165 207 225 
-0.379922181 0.144740671 0.959997177 169 210 228 
-0.309647292 0.0197428465 0.622489631 176 212 225 
-0.300761938 0.0372281373 0.68338269 153 195 215 
-0.31463182 0.0368903577 0.68472302 153 194 214 
-0.295214921 0.0191137493 0.630011439 177 213 226 
-0.300970435 0.0375212431 0.689698875 149 191 212 
-0.306546777 0.0554664731 0.7462973 143 183 203 
-0.311918229 0.0559011996 0.747124076 143 182 202 
-0.302554935 0.035289675 0.787240326 153 193 209 
-0.302800834 0.0352681577 0.787255645 153 193 209 
-0.302519202 0.0351035893 0.787668705 153 193 209 
-0.29938069 0.0183255076 0.830020726 166 202 219 
-0.295245558 -0.00241425633 0.870641768 181 216 228 
-0.291391015 -0.0220516324 0.911893189 190 221 232 
-0.296901882 -0.00278934836 0.950851798 175 206 219 
-0.305874497 0.0315442383 0.981262684 168 207 220 
-0.339944273 0.200169086 0.67161119 123 166 195 
-0.337630928 0.186587662 0.716326296 126 164 189 
-0.339175224 0.188163787 0.769711018 132 172 195 
-0.358664572 0.168168098 0.813332736 145 180 198 
-0.339253724 0.186701149 0.789566934 136 174 196 
-0.31558007 0.069506228 1.00500357 171 208 218 
-0.339023948 0.183077544 0.819285035 144 180 200 
-0.336522281 0.168755949 0.863576949 158 196 212 
-0.337330133 0.167438477 0.915306568 170 205 218 
-0.33714816 0.166193038 0.920791984 173 208 221 
-0.322122663 0.0987007618 0.980958104 172 211 224 
-0.332111716 0.141260505 0.966624856 181 221 233 
-0.334822059 0.153091788 0.959584117 183 222 234 
-0.25445807 0.0408495665 0.680264473 164 204 221 
-0.249461114 0.0236007571 0.642525434 180 217 228 
-0.255624563 0.0440277159 0.698500514 153 196 217 
-0.258257776 0.0512876809 0.738717794 146 187 208 
-0.256557703 0.0401157737 0.784811199 154 193 213 
-0.254372418 0.027744472 0.821959078 154 193 213 
-0.247589201 -0.00410729647 0.864483953 170 210 225 
-0.276462674 -0.00403654575 0.867695272 177 214 227 
-0.25293386 0.0206228495 0.835050583 157 197 216 
-0.244535059 -0.0205996931 0.907534122 176 211 222 
-0.256120026 -0.0219525695 0.90807128 180 214 224 
-0.244656533 -0.0203534365 0.910376251 177 211 222 
-0.254051417 0.0257762671 0.829092801 155 194 214 
-0.252195299 0.00688186288 0.953835845 158 186 195 
-0.291537464 0.195527405 0.663766861 126 168 198 
-0.339543313 0.200121909 0.671541452 123 166 195 
-0.291667938 0.192204028 0.706687927 121 164 192 
-0.260772914 0.0392601192 0.987841129 159 200 217 
-0.291840464 0.192226291 0.714361846 122 164 191 
-0.293482959 0.194188178 0.767967224 133 172 196 
-0.294462293 0.195952415 0.793322802 143 182 204 
-0.273298323 0.0911816955 0.985920429 173 211 223 
-0.295983285 0.199520677 0.823500276 150 190 210 
-0.298426062 0.201102406 0.876986802 168 208 224 
-0.297631145 0.201554924 0.876549363 168 208 224 
-0.331659466 0.170218676 0.916195869 170 205 219 
-0.276584655 0.105331272 0.979560971 175 213 224 
-0.288193643 0.154835284 0.962432861 170 206 217 
-0.297642261 0.201547503 0.877142787 168 208 224 
-0.294657052 0.185326099 0.920348048 160 200 216 
-0.289364487 0.160038441 0.958367825 169 205 216 
-0.211471438 0.057505101 0.684601247 191 230 243 
-0.204232275 0.0306868553 0.650261462 186 224 234 
-0.212117493 0.0596373081 0.690568089 188 227 242 
-0.212116331 0.0555472672 0.735964596 147 188 210 
-0.209020376 0.0388906896 0.778921008 148 188 209 
-0.205770969 0.021631062 0.821532428 160 200 219 
-0.249990374 0.0252107382 0.828338861 155 194 214 
-0.201422989 5.49256802e-05 0.861675084 169 209 225 
-0.228979319 -0.015383333 0.908662438 174 210 221 
-0.201060891 -0.00518238544 0.903249979 172 209 222 
-0.201659977 -0.00350564718 0.912121713 171 209 221 
-0.20790267 0.0186025798 0.953052163 166 196 210 
-0.244378135 0.19578746 0.658726156 129 172 201 
-0.246439546 0.199395537 0.71327287 121 163 192 
-0.249734789 0.19901967 0.713430524 120 163 192 
-0.24649325 0.199558049 0.713931561 121 163 192 
-0.213572055 0.0388081074 0.988806486 164 199 214 
-0.244093567 0.0405062139 0.993084192 159 199 216 
-0.215413839 0.0457014143 0.996762395 166 204 220 
-0.246446297 0.194930166 0.763202131 135 171 195 
-0.248644471 0.200122803 0.806418896 137 178 200 
-0.227887183 0.0995475948 0.971063495 169 203 216 
-0.254192472 0.102095544 0.975340128 171 206 218 
-0.231337488 0.114445746 0.963916898 164 200 213 
-0.219344199 0.0614883602 1.00177848 160 198 214 
-0.249826282 0.203719139 0.820712149 137 180 201 
-0.24930355 0.197173387 0.869451523 145 184 204 
-0.296377599 0.201598227 0.877031386 168 207 224 
-0.251143456 0.202409238 0.895741165 152 189 206 
-0.243348539 0.163820952 0.96667707 154 188 201 
-0.259246886 0.228939503 0.94018209 162 203 218 
-0.25863111 0.229391456 0.939665914 162 202 218 
-0.245510072 0.173284292 0.960754395 158 194 206 
-0.258458257 0.228535891 0.941238642 163 203 218 
-0.258658588 0.229440004 0.940389752 162 202 218 
-0.160258427 0.0418373048 0.670450509 182 220 232 
-0.158707112 0.0363060236 0.660694242 182 219 231 
-0.165893063 0.0617948472 0.707364261 174 214 230 
-0.166395187 0.0614583492 0.734156013 148 190 211 
-0.163579404 0.0459026396 0.777742088 152 191 212 
-0.160112351 0.0277878344 0.819864392 170 211 226 
-0.157818645 0.0142835379 0.864623785 170 209 227 
-0.154031664 -0.00508829951 0.906027019 175 212 225 
-0.18706128 -0.00523737073 0.909575462 172 209 221 
-0.155050457 -0.00196552277 0.918098807 171 205 217 
-0.163365066 0.0291106999 0.954497695 174 212 222 
-0.197266489 0.196234971 0.65379262 123 167 198 
-0.197278202 0.19178918 0.703732908 129 169 196 
-0.199986726 0.200319082 0.733294904 127 168 195 
-0.169917136 0.0528379679 0.991641402 171 211 223 
-0.171071842 0.0571778119 0.996428013 171 212 224 
-0.202115983 0.206306219 0.764519215 125 164 190 
-0.204563588 0.212891787 0.803708196 130 169 193 
-0.184524417 0.114725381 0.974555016 153 188 203 
-0.186359257 0.122772455 0.969372392 150 185 199 
-0.17286253 0.0644111931 0.998260856 170 208 221 
-0.205716163 0.215960369 0.82252413 136 176 199 
-0.206251919 0.213573694 0.873642266 145 183 202 
-0.207259893 0.216154933 0.891235113 147 184 203 
-0.193313867 0.153753251 0.944394112 153 190 203 
-0.234057844 0.171002626 0.958254814 156 191 204 
-0.201716304 0.188711792 0.941683173 152 189 203 
-0.207330078 0.213318259 0.925979257 145 185 204 
-0.257695854 0.229314923 0.940215826 162 202 218 
-0.148880616 0.0358154476 0.66592443 180 216 228 
-0.112656221 0.0393224657 0.675911427 181 214 227 
-0.120594412 0.0685352385 0.715735853 162 208 225 
-0.120318122 0.0659708679 0.731547475 149 195 216 
-0.118024789 0.0524679422 0.776307642 145 187 209 
-0.112706788 0.0270803869 0.814270258 170 210 225 
-0.110513858 0.0139719844 0.859256089 184 220 237 
-0.108187042 0.000337511301 0.903940916 181 221 235 
-0.110273235 0.00735616684 0.921725273 175 214 228 
-0.150541291 0.198200792 0.649727523 130 175 205 
-0.183027208 0.196811706 0.652541637 125 168 200 
-0.151114628 0.199454099 0.662121773 129 173 203 
-0.117225699 0.0316891372 0.97052002 173 211 222 
-0.152465045 0.201267868 0.703964829 126 168 196 
-0.152858987 0.198323935 0.754764259 113 151 180 
-0.155164972 0.199069768 0.755423367 113 152 180 
-0.153035268 0.198877424 0.75670743 113 151 180 
-0.151766926 0.0628532469 0.995095134 172 212 226 
-0.127917886 0.0745353401 0.985282421 175 217 231 
-0.159263983 0.21962747 0.81208849 126 170 196 
-0.143034726 0.141754776 0.932342052 160 196 208 
-0.175321728 0.144025475 0.937125206 150 187 202 
-0.147166073 0.159737498 0.922182798 151 187 200 
-0.134987473 0.105643183 0.964170933 166 205 219 
-0.15980047 0.221107021 0.820278287 126 170 195 
-0.16206035 0.225494847 0.875271142 153 190 206 
-0.163192526 0.228990763 0.888401568 154 189 204 
-0.157183677 0.19924438 0.943083644 149 182 196 
-0.164167821 0.22928375 0.929921389 152 191 206 
-0.0746257082 0.0719947815 0.729803443 155 203 226 
-0.0754508004 0.0719426572 0.72986573 155 203 226 
-0.0690980554 0.0546790957 0.668444037 215 238 244 
-0.0745755658 0.0717104375 0.730661213 155 203 226 
-0.0715339854 0.0553548336 0.772769392 142 188 213 
-0.0658814088 0.0286525786 0.809980035 178 218 232 
-0.0639667585 0.0166376233 0.855591238 183 224 238 
-0.0607323945 -0.000562816858 0.898236454 176 215 232 
-0.0629061311 0.00385689735 0.94892025 144 183 198 
-0.103612177 0.199365377 0.645204127 135 181 208 
-0.105119787 0.20274815 0.676828742 132 173 201 
-0.0670795664 0.0198850334 0.96241498 155 195 210 
-0.0968393013 0.0349542499 0.973882556 173 212 225 
-0.0722228587 0.0398940146 0.976199508 172 214 228 
-0.106259428 0.205275357 0.701067448 135 176 201 
-0.106724411 0.202610523 0.752026558 116 154 181 
-0.107432693 0.204113275 0.767844677 119 157 184 
-0.0736451522 0.0456828773 0.97717011 170 212 226 
-0.0855531469 0.0957999527 0.96695447 173 212 226 
-0.112791352 0.221957266 0.815575123 130 169 193 
-0.132574469 0.222891673 0.818257332 127 169 194 
-0.113521442 0.224170506 0.824499488 129 168 191 
-0.0984966084 0.152314156 0.933192015 160 194 207 
-0.10293255 0.171750873 0.920861244 151 185 200 
-0.0886645392 0.109189659 0.96100986 172 209 223 
-0.115107946 0.226567954 0.870695472 128 162 179 
-0.117355473 0.233065933 0.901672602 137 170 185 
-0.10895694 0.193415433 0.956700087 147 184 197 
-0.117629744 0.199183255 0.960790753 146 183 196 
-0.110537149 0.19931227 0.963721156 148 186 198 
-0.121812783 0.248421103 0.935677648 168 207 216 
-0.111467429 0.203279823 0.962342143 146 184 197 
-0.027175352 0.0711113214 0.724108696 154 200 222 
-0.0229054615 0.05699417 0.68495059 192 222 236 
-0.0272349566 0.0683422983 0.757615089 154 198 219 
-0.0178185292 0.0253623724 0.802908719 179 220 235 
-0.0656112581 0.0286445916 0.809946001 178 218 233 
-0.0246069059 0.055332303 0.781531036 162 203 222 
-0.0159557685 0.0135513246 0.848636568 178 213 231 
-0.0281249173 0.0148780644 0.85069555 178 215 233 
-0.0113727227 -0.00894847512 0.888250828 186 221 234 
-0.0265469216 -0.00757980347 0.890662789 183 219 233 
-0.0117613375 -0.00825884938 0.898429096 187 219 232 
-0.026458852 0.0638042092 0.772412539 153 196 216 
-0.0166212171 0.0071823895 0.949960113 164 204 220 
-0.0487885624 0.00539076328 0.952520251 147 187 203 
-0.0175883472 0.0105026364 0.957465768 163 206 223 
-0.0561842509 0.198570073 0.639559805 125 170 202 
-0.057406716 0.198881656 0.692221105 119 160 190 
-0.0702537298 0.201267987 0.694930911 120 161 190 
-0.0578268468 0.199615985 0.703348815 121 160 190 
-0.0279155597 0.0515421331 0.975549459 185 224 236 
-0.0585082173 0.198717862 0.744610667 131 167 192 
-0.0620359406 0.210368142 0.777108848 131 168 192 
-0.027993463 0.0518668294 0.975517631 185 224 236 
-0.0412320122 0.107379586 0.966430187 162 200 216 
-0.06798926 0.231479496 0.815831959 120 158 182 
-0.0688369721 0.233951449 0.827281713 120 158 182 
-0.0517985374 0.15438661 0.929187894 148 185 202 
-0.0582572892 0.181577384 0.923559546 143 180 196 
-0.044091858 0.11961329 0.961782217 160 197 212 
-0.0829504728 0.253256798 0.881680191 136 169 186 
-0.0754792467 0.256748855 0.878899217 138 171 189 
-0.0636146367 0.200815052 0.955742955 155 189 202 
-0.0658423007 0.209041744 0.966597915 161 195 207 
-0.0769331232 0.26213038 0.885846078 139 172 191 
-0.079709366 0.268547118 0.941999316 139 175 193 
-0.067774415 0.217159867 0.965091348 159 195 208 
0.0198562592 0.071873188 0.719354987 157 198 220 
0.0214408264 0.068449229 0.684655368 190 225 239 
0.0220828205 0.0586326718 0.76426518 160 200 221 
-0.0155418068 0.0636033714 0.77110368 158 200 219 
0.0277465731 0.0318865478 0.801450789 172 212 232 
0.0302634761 0.0175051689 0.845708549 171 209 227 
0.0350748524 -0.00589174032 0.884809613 174 212 226 
0.0348023847 -0.00778105855 0.918313146 171 207 222 
0.030754298 0.00659301877 0.94443357 173 211 225 
0.0270969272 0.0202795267 0.960255504 181 222 235 
-0.0107706413 0.20568949 0.638442338 120 162 192 
-0.00997756422 0.198081523 0.686573982 125 165 194 
-0.0119360909 0.203425318 0.717108548 124 163 191 
0.0170254931 0.0605369508 0.97528708 191 230 242 
-0.0167201832 0.0543465316 0.97562778 187 226 238 
0.0164889097 0.0627091825 0.975783587 192 230 243 
-0.0140924528 0.209758103 0.745735705 131 168 194 
-0.0178639442 0.222686008 0.775227547 140 177 200 
0.00319512188 0.119371742 0.956454635 158 193 207 
-0.0115206242 0.119638771 0.958217025 157 192 208 
0.000166378915 0.133428007 0.939308286 156 193 209 
-0.0228004232 0.23948209 0.815219641 120 156 176 
-0.0241768062 0.243852645 0.829842806 118 155 176 
-0.00549672544 0.158016056 0.926074386 153 190 207 
-0.0131437704 0.189234316 0.930246353 145 180 196 
-0.0308863372 0.266983002 0.880848289 146 183 199 
-0.0509374142 0.215325683 0.962243438 160 196 210 
-0.0233096704 0.22947523 0.949797988 156 196 213 
-0.031337209 0.268533498 0.884318948 147 185 201 
-0.0292450264 0.25582096 0.929531097 146 186 204 
-0.0150045604 0.475263864 0.000189431012 174 227 242 
-0.0579226092 0.458338737 -0.0043015033 184 234 250 
-0.0566304401 0.454936087 -0.0258139968 176 229 248 
-0.0127186477 0.468542099 -0.0300633051 174 228 242 
-0.0119434521 0.458744198 0.0432241037 174 226 242 
-0.055375427 0.443838418 0.0398881361 174 224 240 
-0.0110405907 0.450704813 0.0911091045 154 205 232 
-0.0527940653 0.429203779 0.0840009525 169 219 240 
-0.0108597949 0.449255228 0.0989167765 155 205 233 
-0.0530640073 0.427195936 0.118705504 164 215 240 
0.0163444951 0.281365573 0.310126662 173 220 240 
0.0234727189 0.288142383 0.313029855 173 220 239 
-0.0133526176 0.315371424 0.331888765 173 215 238 
-0.0248480663 0.292445958 0.320680797 174 218 240 
0.0244169831 0.284704536 0.307880849 171 219 239 
-0.0314672887 0.320282757 0.315241426 167 215 238 
0.0105866715 0.257132113 0.349934191 175 217 237 
-0.0208805203 0.272364676 0.361678362 167 213 239 
0.0169798285 0.311436921 0.352264792 173 215 237 
0.00526790321 0.233004883 0.389751285 178 224 245 
-0.0141338408 0.241363436 0.396430254 175 221 246 
0.0232979506 0.214529112 0.430076987 176 219 245 
-0.0137228221 0.235256627 0.445420593 160 207 238 
0.0371624678 0.216384619 0.481920391 151 197 231 
0.00840366632 0.229278058 0.492094487 146 194 229 
0.0397194028 0.208950862 0.447136909 172 214 243 
-0.0146405995 0.236983299 0.468368739 154 202 234 
0.0357433185 0.21854949 0.523017466 155 197 226 
-0.00865662098 0.436845779 0.135665566 169 215 239 
-0.052821748 0.424820721 0.133977234 164 215 240 
-0.00482298434 0.417290598 0.176964074 168 212 236 
-0.0504430458 0.41098237 0.178545505 163 212 238 
-0.00183731318 0.401067317 0.220168263 166 217 241 
-0.0471530855 0.393563449 0.221065849 165 216 241 
0.00141334534 0.383802861 0.262776911 164 213 238 
-0.0428611189 0.372207433 0.26133433 175 221 240 
0.00596176088 0.361439168 0.302469105 166 216 239 
-0.0375342593 0.346785039 0.299277067 174 223 243 
0.0114708096 0.335300922 0.340002418 180 222 241 
-0.0149363205 0.235532939 0.498061866 145 194 227 
0.0354651436 0.218562037 0.535649002 156 197 225 
-0.0127615333 0.222495869 0.543088436 149 196 225 
0.0379096568 0.204465121 0.580069363 140 186 215 
-0.0098574236 0.206593037 0.586475909 132 177 206 
0.037734516 0.200661451 0.630377054 125 168 198 
0.0107027069 0.202508867 0.634352446 117 159 190 
-0.00999726355 0.20391199 0.622688413 117 159 190 
0.0328076184 0.472958714 -0.00631847233 184 232 246 
0.0332176685 0.472125828 -0.0158888847 183 232 247 
0.0361199975 0.455451727 0.0361514986 182 230 246 
0.0399026573 0.436096907 0.0775645748 169 218 243 
0.0406266749 0.428760231 0.125851542 163 210 237 
0.0101317763 0.435254812 0.132735491 166 212 238 
0.0444181189 0.409370869 0.167244881 167 214 240 
0.0218845382 0.415259659 0.172924459 167 213 239 
0.0473576188 0.393329024 0.210552841 181 225 245 
0.0360964686 0.395859748 0.213166982 179 224 245 
0.0483140498 0.387307405 0.233556241 176 225 245 
0.0273611695 0.284032077 0.310366601 172 220 239 
0.0617533624 0.269516647 0.351048678 170 213 230 
0.0500002652 0.307865739 0.373201638 173 217 236 
0.074681595 0.26686132 0.361443877 168 211 228 
0.0648055077 0.30566749 0.383632928 173 216 236 
0.0694892108 0.202869534 0.471016079 162 205 235 
0.0860848129 0.205225527 0.522831619 162 208 235 
0.0479629338 0.216013283 0.532889128 164 204 230 
0.0885468572 0.19822219 0.487621516 155 201 232 
0.0875877738 0.194828242 0.569368005 132 177 209 
0.0710148215 0.198752999 0.573324203 132 177 210 
0.0872465968 0.194574326 0.587852776 127 173 207 
0.0493731052 0.380917788 0.255937338 168 222 244 
0.0513892174 0.368504167 0.301320493 161 211 236 
0.0561847389 0.345169574 0.34045735 165 217 240 
0.0622939467 0.31667316 0.37664187 178 221 238 
0.0867494196 0.193630487 0.62116617 128 174 206 
0.0399303213 0.469793022 -0.00882327557 185 233 247 
0.0485274941 0.449034065 0.0312969461 181 231 247 
0.0606672019 0.429132581 0.0714943185 175 223 246 
0.0834597051 0.411809504 0.111923747 175 221 245 
0.0916263461 0.409438699 0.162094206 168 216 241 
0.0927195698 0.408553898 0.121736132 175 222 246 
0.094540745 0.3934955 0.205458611 168 217 239 
0.0974531472 0.377560079 0.248827398 167 221 242 
0.0654004216 0.380112737 0.253738195 167 223 244 
0.0992946029 0.365919888 0.293634683 166 215 239 
0.113263071 0.297471642 0.412953198 173 220 239 
0.111738324 0.299969167 0.414479375 174 221 239 
0.121754825 0.264816701 0.385964751 163 210 233 
0.112636 0.299874097 0.415045053 174 221 239 
0.110137269 0.189868301 0.511834443 154 198 231 
0.135961384 0.190317005 0.561598361 146 191 219 
0.138127938 0.18376267 0.534964383 157 199 227 
0.13441366 0.19206515 0.613227606 123 166 199 
0.0993337333 0.365678996 0.294515163 166 215 239 
0.101543605 0.352504075 0.339462906 160 212 233 
0.106209755 0.329677731 0.378890425 161 209 232 
0.112483144 0.300536156 0.414705962 174 221 239 
0.134359285 0.192120194 0.615112901 122 166 199 
0.11963807 0.397726387 0.152644724 171 219 245 
0.142215431 0.391730636 0.199259698 167 219 244 
0.142912596 0.39106521 0.17464751 166 216 243 
0.144324288 0.378952563 0.244434386 167 219 242 
0.146646515 0.36533618 0.289129615 173 223 244 
0.100275978 0.365714312 0.294430822 166 215 239 
0.148677588 0.352863789 0.334479153 165 214 238 
0.142793953 0.353165627 0.335289896 164 214 237 
0.15467532 0.324805319 0.370914161 165 215 236 
0.135890931 0.328655005 0.375072479 163 212 235 
0.133795559 0.264114141 0.392550856 164 211 233 
0.16177547 0.292415202 0.404871672 172 218 237 
0.113788664 0.300465435 0.414524019 174 221 239 
0.169235855 0.260753572 0.414196163 169 216 236 
0.166314244 0.180625707 0.552991033 158 199 223 
0.185203314 0.177902162 0.601791382 146 188 215 
0.136218786 0.191695333 0.614677429 122 166 198 
0.186550885 0.175036639 0.571767628 160 201 224 
0.165770724 0.386052668 0.193582535 165 215 242 
0.191714197 0.378306687 0.238875508 163 215 242 
0.192014486 0.378978014 0.217629403 164 214 241 
0.194457233 0.363036662 0.28262493 160 211 236 
0.196580857 0.350200683 0.327766508 170 220 240 
0.2004489 0.330510318 0.368987679 167 218 240 
0.207428038 0.298595667 0.403217167 172 218 238 
0.201242715 0.257599413 0.433952898 167 214 235 
0.213921726 0.268588573 0.438537627 169 216 236 
0.217050761 0.255037487 0.44546625 166 214 235 
0.222507924 0.171387166 0.59414804 150 194 221 
0.222417802 0.376923859 0.234749347 163 213 241 
0.241413742 0.364093661 0.278040022 160 212 240 
0.24032861 0.370790362 0.253442913 163 213 242 
0.245375544 0.34403497 0.31905055 163 216 240 
0.24748683 0.33124727 0.364219725 168 217 236 
0.252884269 0.305547476 0.402003825 175 221 238 
0.25861913 0.278522044 0.439029664 163 212 237 
0.261685699 0.265063465 0.447798043 166 217 243 
0.250420958 0.360862017 0.275292277 162 214 241 
0.256818414 0.339570642 0.315364569 165 218 243 
0.275387526 0.321225345 0.355701983 174 223 244 
0.29969582 0.307174057 0.397744685 172 222 244 
0.299701959 0.30785495 0.389897764 173 223 246 
0.279827476 0.276620328 0.435664624 171 221 245 
0.301402569 0.299436092 0.405373961 174 225 247 
0.304216176 0.305363268 0.396262914 171 221 244 
0.0957890153 -0.0274493992 0.499908 157 197 221 
0.0797254741 -0.0279477537 0.50140214 158 197 221 
0.0953862965 -0.0262856185 0.505464613 158 197 222 
0.047648102 -0.0238524973 0.507154763 159 200 224 
0.089614749 -0.00768092275 0.563697755 164 204 223 
0.0882482827 -0.00753077865 0.563929617 164 204 223 
0.0430093333 -0.00807005167 0.544742525 163 205 227 
0.0895348489 -0.0074031055 0.564278781 164 204 223 
0.0408997685 -0.00182840228 0.572234631 169 208 226 
0.0824839473 0.0174172521 0.61217761 172 206 224 
0.0370813906 0.0111911297 0.602860689 173 211 226 
0.0779328644 0.0337283015 0.63986522 181 213 227 
0.0329368934 0.0249678791 0.640044093 171 206 222 
0.0751021653 0.0438755155 0.657065511 183 216 229 
0.030813463 0.0321353376 0.657884896 174 206 223 
0.0678959787 0.0694645345 0.703551292 165 206 227 
0.140991241 -0.0194993913 0.499265581 160 198 220 
0.140461221 -0.0184375346 0.511799932 161 199 220 
0.135532051 -0.00254064798 0.561448336 166 207 224 
0.13439177 0.00152415037 0.568630338 168 208 225 
0.129318073 0.0173838437 0.625327468 176 212 226 
0.117780343 0.0179712176 0.626914799 175 210 225 
0.128807008 0.0190864801 0.629871488 176 212 226 
0.120971888 0.047788918 0.670633912 166 203 221 
0.116647691 0.0626771748 0.703716338 172 208 225 
0.0863995403 0.0699235797 0.710982144 170 209 228 
0.116167486 0.0614880025 0.738976657 157 197 218 
0.185684294 -0.0095487535 0.499767452 146 188 214 
0.185366571 -0.00975015759 0.516592503 147 190 215 
0.182684958 -0.00225540996 0.556421995 165 204 223 
0.179713011 0.00815272331 0.577207565 171 210 226 
0.175903171 0.0199001431 0.621577203 167 208 226 
0.17420724 0.0253239572 0.639167488 165 206 224 
0.166829616 0.0517616272 0.684093297 172 208 226 
0.165860236 0.0548695326 0.69406122 173 208 226 
0.164089173 0.0573366582 0.747955561 150 190 214 
0.133077577 0.0583818257 0.751931906 147 189 212 
0.167238235 0.0404714644 0.790792584 170 208 228 
0.148165643 0.0391939878 0.792193472 174 213 232 
0.167895958 0.0363979638 0.805861354 171 208 229 
0.177177101 -0.00756457448 0.868284464 175 216 230 
0.136847943 -0.00922504067 0.87181282 177 219 233 
0.172978461 0.0112373829 0.852113426 176 215 232 
0.180573314 -0.0254009068 0.910566092 185 222 234 
0.172065377 -0.023540765 0.912512958 185 221 234 
0.180066854 -0.023853302 0.916619778 190 223 235 
0.229309738 0.00459694862 0.502668679 149 191 216 
0.229315937 0.00366994739 0.512684882 150 192 216 
0.228425056 0.00358128548 0.554570854 162 204 225 
0.225402474 0.0129585862 0.589135289 171 210 228 
0.223184168 0.0196821988 0.616263092 170 209 225 
0.219630778 0.0314462483 0.648675382 172 209 225 
0.216473311 0.0415590107 0.681258738 172 208 225 
0.174292266 0.0500035882 0.690487623 169 205 224 
0.214682877 0.0458556414 0.715712428 157 196 216 
0.214070827 0.0465072095 0.736572146 149 188 210 
0.215388 0.036839813 0.783526003 162 203 222 
0.220289648 0.0130882859 0.822424412 168 211 228 
0.184980541 0.0252649486 0.83292836 170 210 229 
0.224030048 -0.00610050559 0.863932371 172 213 229 
0.224363416 -0.0119022429 0.913097262 167 206 220 
0.224229783 -0.0114903748 0.914655685 165 204 218 
0.274269581 0.0134993494 0.502570987 168 207 230 
0.274832696 0.0093306601 0.523041368 166 206 228 
0.275270402 0.00507500768 0.550235748 161 203 225 
0.272634864 0.0109389424 0.606072903 174 212 228 
0.265212119 0.0124621987 0.607717156 175 213 229 
0.272141814 0.0125668645 0.610617697 175 214 229 
0.266071022 0.0325353444 0.667435586 164 202 222 
0.265912235 0.0328620076 0.671095014 163 202 222 
0.265267998 0.030901581 0.722456932 152 194 216 
0.230421156 0.0407493412 0.73164326 150 190 212 
0.26654762 0.021381855 0.769495249 183 217 232 
0.260069281 0.0250856578 0.772221982 182 217 232 
0.271468997 -0.00244727731 0.808349311 166 209 229 
0.252696842 0.000461339951 0.811994374 169 213 231 
0.277297229 -0.0298398435 0.845165074 165 209 228 
0.256845355 -0.0213743448 0.852017641 163 207 225 
0.276571572 -0.0295317769 0.875057578 162 207 224 
0.235284448 0.166681737 0.590184331 154 197 222 
0.234167039 0.170304507 0.601228833 148 192 220 
0.271585345 -0.0118881464 0.90791589 165 208 224 
0.269532591 -0.00477048755 0.923064947 154 195 211 
0.321247071 0.0144737363 0.497938782 156 202 229 
0.325716317 -0.00757881999 0.537808836 153 192 215 
0.29185468 0.000556886196 0.545955539 158 200 222 
0.324593186 -0.00601711869 0.572017074 160 200 221 
0.322050571 0.00233283639 0.595961094 167 206 223 
0.317916512 0.0169504881 0.623321772 168 208 225 
0.316362351 0.0201915801 0.658658624 161 201 221 
0.26875779 0.0316744745 0.670136333 163 201 222 
0.315127432 0.0206730366 0.710004151 153 193 213 
0.315017611 0.0209836066 0.71159488 153 193 213 
0.318361491 0.00335288048 0.753994048 165 205 228 
0.321957111 -0.0152670145 0.795827568 169 210 228 
0.323109895 -0.0242885649 0.843150735 176 215 231 
0.321810663 -0.0224966407 0.882887423 176 214 230 
0.284689814 0.15811643 0.580095947 185 225 240 
0.280931026 0.169790715 0.622935593 144 190 218 
0.319940656 -0.0163275898 0.900187254 174 212 228 
0.314854145 0.00185641646 0.931645155 170 206 219 
0.368772477 0.0132954121 0.492075413 158 199 223 
0.37231344 -0.00510969758 0.53403163 158 194 217 
0.372856736 -0.0117364824 0.582724631 159 198 215 
0.345764816 -0.0092343986 0.587062776 162 201 218 
0.37160632 -0.00776401162 0.595990717 162 201 217 
0.364454985 0.0175533593 0.642975807 158 199 216 
0.363860071 0.0191220045 0.652857423 156 196 214 
0.367489278 0.000370115042 0.694615424 152 194 214 
0.31653282 0.0203982294 0.711109936 153 193 213 
0.369277477 -0.0111480057 0.740510762 161 203 222 
0.327722341 0.000266760588 0.751286626 164 205 227 
0.369332492 -0.0158558786 0.790301263 171 213 231 
0.351004481 -0.0169377923 0.791726708 170 211 229 
0.369453281 -0.0172750354 0.800525427 172 214 231 
0.332332641 0.156476647 0.573968589 191 232 239 
0.331812054 0.156649649 0.574119866 191 232 239 
0.332282215 0.156653106 0.574323058 191 232 239 
0.368473083 -0.0169709325 0.842146635 170 211 228 
0.367904633 -0.0192292333 0.893338203 162 207 224 
0.358669937 -0.0195682347 0.894168556 164 207 224 
0.367693663 -0.0186491013 0.896576762 161 206 222 
0.326732755 0.174040645 0.635885358 132 177 205 
0.359678537 0.0109447539 0.935700655 162 200 214 
0.419571012 -0.000743895769 0.478856057 149 189 214 
0.397553921 0.00778660178 0.485915989 155 195 219 
0.423500121 -0.0206741989 0.519939959 144 184 207 
0.405424207 -0.0131482184 0.526020288 153 190 212 
0.421952367 -0.0159256756 0.538230896 152 191 211 
0.420438349 -0.0131356418 0.5767349 161 199 216 
0.417247146 -0.00271746516 0.607475996 169 208 223 
0.414488047 0.0057528615 0.640021443 167 205 221 
0.373239696 0.0157697499 0.650003135 157 197 215 
0.413254857 0.00696128607 0.683209181 160 200 218 
0.412896156 0.0075160563 0.693513095 158 198 216 
0.412338644 0.00521478057 0.744680047 161 199 218 
0.413894475 -0.00539025664 0.791097641 160 202 222 
0.414088458 -0.00725015998 0.802859247 160 202 223 
0.380334437 0.153426498 0.567034543 175 220 234 
0.378953934 0.156596273 0.59518981 160 200 221 
0.413315833 -0.0076085031 0.842312038 165 208 228 
0.415259242 -0.0197363794 0.887858629 163 205 224 
0.413056612 -0.0122268498 0.905533254 153 193 214 
0.378269285 0.157049268 0.621589661 143 180 206 
0.327336073 0.173920304 0.636364222 132 177 205 
0.375343859 0.164383024 0.674401104 118 155 181 
0.405090392 0.0171248019 0.945102334 155 198 214 
0.472189009 -0.0219322145 0.461547822 142 183 209 
0.458532631 -0.0186477602 0.464835197 141 183 209 
0.474981785 -0.0373711586 0.504890442 153 192 213 
0.474987686 -0.0374208987 0.505172133 153 192 213 
0.469592094 -0.0207121372 0.567212045 164 201 217 
0.468880236 -0.0206290185 0.567335486 164 201 217 
0.46956259 -0.0206286609 0.567638516 164 202 217 
0.463071942 0.00141820312 0.620635808 165 205 219 
0.462304115 0.00343251228 0.633504808 163 202 216 
0.461193085 0.00330609083 0.685915709 158 194 212 
0.424713373 0.00538873672 0.691057324 157 196 215 
0.460145593 0.00582030416 0.706068993 156 192 212 
0.45758605 0.0129872859 0.743936121 151 190 213 
0.459710956 0.000146150589 0.789074779 158 201 223 
0.46299094 -0.0172335804 0.831617415 171 212 229 
0.451265514 -0.015510112 0.83384347 169 211 229 
0.462723315 -0.0170253813 0.84159112 169 209 226 
0.425643027 0.160958618 0.566153109 149 187 210 
0.424026847 0.164454371 0.60150671 134 174 197 
0.460633993 -0.0124641657 0.886828542 166 206 222 
0.458085775 -0.00415238738 0.911452413 159 199 216 
0.423759818 0.163866431 0.620299339 132 171 194 
0.419507265 0.176743418 0.672441483 136 168 191 
0.450627983 0.0226825178 0.955647945 166 207 218 
0.520319879 -0.0254899561 0.45432356 140 182 206 
0.520063341 -0.0289736092 0.504814148 157 196 213 
0.475724161 -0.0373264551 0.50514257 153 192 213 
0.520131409 -0.0298928618 0.511905551 159 197 213 
0.51820296 -0.0261555016 0.558909237 156 195 211 
0.515649855 -0.0177919567 0.583186209 151 190 206 
0.51222378 -0.00715360045 0.622260571 154 193 208 
0.481216431 0.000710904598 0.629946113 163 202 216 
0.509910822 0.000533908606 0.643023729 162 199 213 
0.506017029 0.0127424598 0.686123431 154 187 204 
0.504597008 0.0167547762 0.706730723 152 185 204 
0.504226744 0.0152852535 0.740060985 157 192 211 
0.508219898 -0.00489664078 0.781001091 163 202 220 
0.507321894 -0.00586006045 0.832933128 167 208 226 
0.507055759 -0.00550183654 0.841170013 168 208 225 
0.473897457 0.156915635 0.558651268 137 181 207 
0.472539902 0.157758087 0.611616194 127 163 188 
0.44857192 0.162070781 0.616595984 127 165 189 
0.471172035 0.162053496 0.62668258 123 159 184 
0.50587678 -0.0046736598 0.886094928 173 213 227 
0.503775716 0.000651210546 0.923384428 174 213 224 
0.470197856 0.162468731 0.666793704 127 162 185 
0.42733711 0.175285012 0.67847544 135 168 191 
0.467380166 0.170740277 0.704239249 125 161 184 
0.497902036 0.0221692026 0.953930974 168 204 218 
0.467445672 0.0251142681 0.958879709 166 204 217 
0.495709836 0.0304962099 0.962046504 166 202 217 
0.564779341 -0.0146209896 0.455350608 152 195 214 
0.566970527 -0.0277226269 0.500340164 145 187 205 
0.56667155 -0.0292983055 0.531574905 144 186 203 
0.56549257 -0.0264072418 0.553575754 147 188 204 
0.562980652 -0.0210289657 0.609135032 154 190 206 
0.562157929 -0.020891577 0.609300137 154 190 206 
0.562937081 -0.0208958089 0.609654248 154 190 206 
0.555137634 0.0076303184 0.650740862 169 202 216 
0.551564515 0.0193360746 0.684705257 162 195 211 
0.551949263 0.013332516 0.733754635 159 189 207 
0.551914632 0.0133371055 0.733760953 159 189 207 
0.557423472 -0.0126689076 0.771366239 166 205 221 
0.541022122 -0.0121391714 0.773456693 162 201 218 
0.557341278 -0.013363421 0.782858551 165 203 219 
0.522652328 0.150906354 0.550024748 118 158 188 
0.49500829 0.154956341 0.555265605 126 168 196 
0.521674991 0.153115153 0.570350528 116 154 182 
0.55194217 0.00437685847 0.833598673 161 201 219 
0.553053081 -0.00222012401 0.855899513 158 199 217 
0.519517004 0.158734173 0.606984973 125 162 187 
0.518217683 0.16014567 0.650951922 113 148 172 
0.554120898 -0.00867590308 0.878616333 157 198 215 
0.549192011 0.00680932403 0.9328264 143 182 198 
0.517837584 0.160841256 0.66067338 114 148 172 
0.51286757 0.176546425 0.714328229 121 157 178 
0.527115107 0.0395568311 0.960179448 163 203 218 
0.539718449 0.0436230004 0.958678246 161 204 218 
0.609403312 -0.00439935923 0.456007451 152 193 211 
0.611429513 -0.0168526471 0.501367867 153 193 209 
0.611862123 -0.0220233202 0.538963735 151 189 205 
0.610859394 -0.0191043317 0.55256325 153 189 205 
0.564507306 -0.0203229487 0.609351337 154 190 206 
0.605806291 -0.00212869048 0.595917404 158 190 206 
0.603597581 0.00493752956 0.618797243 156 189 205 
0.599710584 0.0179629624 0.652508855 158 194 209 
0.598039925 0.022283107 0.681201339 152 186 203 
0.599243522 0.0130620897 0.728410482 148 184 204 
0.603562772 -0.00840106606 0.768617749 174 209 223 
0.603710234 -0.0119217038 0.800970554 176 211 223 
0.568977416 0.154444158 0.546858728 123 161 187 
0.567320108 0.158140182 0.581875443 121 157 182 
0.600990236 -0.002784729 0.824313164 167 202 216 
0.600536585 -0.00549390912 0.875246823 173 207 221 
0.577725708 -0.00774112344 0.876531005 165 203 219 
0.600346684 -0.00535580516 0.882426143 168 203 217 
0.565043569 0.165409565 0.60561353 129 166 189 
0.568292201 0.148152977 0.648226798 117 154 179 
0.526568055 0.158109337 0.658227861 112 146 171 
0.566164076 0.153778523 0.68341887 123 158 180 
0.595310867 0.0105471313 0.936904669 136 177 195 
0.577362537 0.010525018 0.938864946 138 178 196 
0.594539881 0.0133056939 0.941646457 138 180 198 
0.564436555 0.158811003 0.706805825 130 163 184 
0.521686077 0.175281733 0.720463455 121 156 177 
0.560400963 0.172223777 0.743036807 134 168 188 
0.591240406 0.0265410244 0.946052432 146 187 204 
0.583535731 0.0576965511 0.953569531 165 205 220 
0.655220211 0.0011357069 0.453983814 160 195 211 
0.65602833 -0.00653168559 0.502081513 154 192 209 
0.654517591 -0.00219783187 0.523281395 155 192 207 
0.650389373 0.0111334324 0.564668417 157 192 207 
0.648978531 0.0151384175 0.584938049 155 189 205 
0.645513892 0.0257987082 0.625539422 158 194 209 
0.64666611 0.0167795718 0.672864079 142 178 196 
0.643453658 0.0171394944 0.673412919 143 179 196 
0.646577716 0.0169388354 0.675153792 143 179 196 
0.646291852 0.0137582719 0.723619223 149 181 199 
0.649226606 -0.00226479769 0.766937971 148 182 200 
0.649144471 -0.00585252047 0.810576081 152 187 203 
0.616154134 0.154636294 0.54177916 117 155 180 
0.615953863 0.15093106 0.592142999 110 145 170 
0.594177008 0.156119674 0.597358525 113 149 175 
0.61507231 0.152734607 0.612574697 100 135 162 
0.648899674 -0.00547203422 0.81758666 156 190 205 
0.64747113 -0.00435072184 0.870711207 152 186 204 
0.652006149 -0.0266618431 0.910433412 142 180 197 
0.633250475 -0.017141521 0.917673349 136 173 190 
0.649853885 -0.0194494426 0.92909646 125 162 180 
0.613662064 0.155444294 0.647207618 114 148 171 
0.610954225 0.163036197 0.687162995 133 164 185 
0.640353382 0.0174973905 0.954703331 153 193 208 
0.609802604 0.16611746 0.705795348 131 162 183 
0.606816649 0.173434347 0.761573672 133 167 185 
0.630644143 0.057274878 0.958441377 153 192 208 
0.626505971 0.0759636462 0.940751791 151 188 204 
0.699587762 0.0123652518 0.455217093 158 195 211 
0.69932884 0.00889071822 0.505712926 158 197 212 
0.698489904 0.0111087263 0.51958251 160 199 213 
0.696912289 0.0138941705 0.561057925 158 194 208 
0.695398331 0.016328603 0.603512466 147 179 198 
0.694927812 0.0171997845 0.615431726 148 180 199 
0.695031464 0.0123007596 0.665112972 141 177 195 
0.693299592 0.0166334808 0.696477413 132 167 186 
0.693644106 0.0132603943 0.718144953 116 151 172 
0.696804523 -0.00364953279 0.760956466 138 170 188 
0.696355402 -0.0063765347 0.811879873 153 185 201 
0.660617113 -0.00603184104 0.815994501 155 189 204 
0.698310912 -0.0182591677 0.854145169 145 183 198 
0.660817921 0.164701968 0.542346835 118 155 178 
0.663694382 0.148907512 0.585796177 98 134 161 
0.661363244 0.154562682 0.629976451 97 132 158 
0.698400676 -0.0189047754 0.857197523 145 183 198 
0.698819399 -0.0250419378 0.906170428 153 189 205 
0.696094036 -0.0173696578 0.946035504 109 140 159 
0.660718858 0.156107396 0.642397404 101 136 160 
0.659916699 0.154767424 0.694114149 116 151 174 
0.633217096 0.161083192 0.700483799 127 161 182 
0.658849478 0.156922311 0.719164252 123 160 181 
0.685251772 0.0262196362 0.959431887 162 199 213 
0.65666455 0.163054138 0.751337051 129 165 184 
0.608238816 0.173391372 0.762281716 134 167 185 
0.65378809 0.171893746 0.785168111 128 161 181 
0.670627058 0.0902248919 0.919614673 151 188 203 
0.637616158 0.0891426504 0.922653437 149 186 201 
0.667461336 0.104205161 0.90959847 148 186 201 
0.673719883 0.0735802948 0.96257782 157 193 205 
0.745194852 0.0187244713 0.453664809 164 199 214 
0.743575573 0.0205951631 0.507217884 156 191 211 
0.74283731 0.0225581527 0.519297659 155 188 209 
0.74147892 0.0243415833 0.561843932 150 183 202 
0.743000507 0.0138711035 0.608338416 155 184 198 
0.72005868 0.0173272192 0.612739503 152 182 198 
0.742129028 0.0159797966 0.624915957 153 183 197 
0.741234839 0.0163171589 0.662220657 145 177 196 
0.741262853 0.0117151439 0.712071657 114 150 172 
0.72087568 0.0130391419 0.71503222 116 151 173 
0.744929373 -0.00718334317 0.753745854 119 151 175 
0.731808603 -0.00715446472 0.755203366 126 158 179 
0.74641341 -0.01531443 0.77596879 132 164 184 
0.709913909 0.157352 0.532953501 114 151 176 
0.688557327 0.160609692 0.53707248 113 151 176 
0.709225357 0.158697814 0.549611747 111 147 173 
0.746885717 -0.019361943 0.799263358 146 179 196 
0.748662055 -0.0308334231 0.845185399 147 183 198 
0.700179994 -0.0192957819 0.856789291 145 183 198 
0.746236205 -0.0245218277 0.886420012 154 188 202 
0.707843602 0.160995096 0.587520242 115 151 174 
0.709643483 0.14943108 0.633389413 114 148 169 
0.680849195 0.154258192 0.639179409 102 136 161 
0.709019125 0.149633825 0.659799397 108 141 163 
0.744555414 -0.0191894174 0.904328346 157 191 203 
0.73997432 -0.00360772014 0.941499591 156 191 203 
0.708837032 0.148108035 0.685115814 113 144 165 
0.705403864 0.157446235 0.738963425 114 146 166 
0.732239425 0.0247113407 0.981920838 145 169 183 
0.731813014 0.0250687897 0.982162118 145 169 183 
0.732145846 0.025061816 0.982322574 144 169 183 
0.704921961 0.158999532 0.743828475 115 147 167 
0.699195504 0.178095847 0.7945292 127 161 181 
0.684963286 0.100602657 0.923684716 149 186 201 
0.720520496 0.0752498806 0.958343387 147 182 198 
0.71611172 0.09435305 0.948471665 146 181 197 
0.731797278 0.0264487267 0.982914567 145 170 183 
0.79400295 0.0125058591 0.444918603 147 186 208 
0.771523058 0.0159156024 0.449243754 156 193 212 
0.794680893 0.00698342919 0.475165099 158 196 213 
0.79489553 0.00450691581 0.49282667 165 199 214 
0.790340185 0.0183867514 0.547728121 139 172 190 
0.79648 -0.0107022822 0.589094102 162 194 211 
0.786692262 -0.00773844123 0.591781974 159 191 207 
0.79246968 0.00784465671 0.567107379 148 180 197 
0.796522021 -0.0122160316 0.603984475 167 198 214 
0.790005744 0.0192284584 0.553730011 139 172 190 
0.794135213 -0.00598099828 0.644277692 165 196 211 
0.772063136 0.0070746839 0.653805256 149 182 199 
0.794333041 -0.0112500191 0.693747222 148 180 195 
0.793162823 -0.0106581151 0.694197774 148 179 195 
0.79433006 -0.0114495456 0.696100891 147 179 195 
0.793862581 -0.013893187 0.744718671 121 155 174 
0.793504655 -0.0169787109 0.795436978 138 167 184 
0.780681849 -0.0181648433 0.796200812 140 170 186 
0.795691133 -0.0282720625 0.820550799 138 167 183 
0.755120337 0.165285647 0.532301724 117 154 177 
0.75464803 0.164824307 0.559111953 115 149 173 
0.797054291 -0.0354179144 0.837373793 139 169 184 
0.792256176 -0.0210568905 0.898070812 167 205 214 
0.788080335 -0.0208598673 0.898636818 167 204 214 
0.792094469 -0.0205518007 0.899884284 168 205 215 
0.754094064 0.164826244 0.584522009 117 149 172 
0.756567597 0.150615305 0.628877282 119 151 173 
0.756210446 0.147527009 0.67959404 120 150 170 
0.750804961 0.148350686 0.680636108 119 149 169 
0.756009161 0.148001254 0.683562815 120 150 170 
0.78668201 -0.00364634395 0.960512042 156 182 192 
0.785143673 -0.00321671367 0.96091485 156 182 192 
0.786645234 -0.00366070867 0.962359309 155 181 192 
0.756709099 0.14107582 0.728387475 122 154 171 
0.709140062 0.156619966 0.742070556 115 146 167 
0.755787492 0.140205294 0.780372739 126 153 170 
0.746871293 0.142912745 0.782825351 127 154 172 
0.756158531 0.137177318 0.796985626 126 155 173 
0.776791155 0.0350367725 0.984748006 116 145 163 
0.7160151 0.176638067 0.804562211 130 163 182 
0.753515542 0.144640476 0.835392714 141 177 192 
0.736619532 0.158785373 0.844944 150 186 200 
0.758014321 0.117980003 0.925110459 155 195 211 
0.757225275 0.118093193 0.925258756 155 195 211 
0.768406451 0.0726547539 0.951669574 172 203 214 
0.731587231 0.066208005 1.00456619 144 178 195 
-0.658695042 0.111871868 -1.01683676 153 189 209 
-0.666882694 0.110277027 -1.01680458 152 188 207 
-0.650354624 0.074608475 -0.985666573 147 184 205 
-0.69233793 0.054010421 -0.992258191 121 155 178 
-0.702609479 0.098184377 -1.01155925 149 184 200 
-0.646273553 0.0540811419 -0.944924116 166 201 217 
-0.691108286 0.0446871519 -0.945107579 170 202 217 
-0.642435849 0.0345100164 -0.903634667 165 202 219 
-0.689171791 0.0325862765 -0.89954555 151 188 207 
-0.643729091 0.0376892686 -0.879590213 172 210 226 
-0.689553976 0.0335538983 -0.892750561 152 189 208 
-0.66057235 0.119248122 -1.01261795 153 190 208 
-0.667986333 0.14768815 -0.988273025 159 194 209 
-0.712716043 0.13813144 -0.991467535 159 196 213 
-0.644713879 0.0389691293 -0.848601103 173 210 226 
-0.690205991 0.032158047 -0.847307324 176 212 227 
-0.642079294 0.0241253078 -0.804607928 181 217 231 
-0.689293504 0.0240809619 -0.799443841 170 205 220 
-0.643639863 0.0271627605 -0.766714215 162 198 217 
-0.69023937 0.0268618762 -0.786923409 169 206 221 
-0.675656617 0.175574809 -0.946011066 158 195 211 
-0.721149206 0.169794351 -0.956147254 163 197 211 
-0.645132542 0.0316306651 -0.74783206 159 194 213 
-0.692345798 0.0315823257 -0.742670178 154 190 207 
-0.644445181 0.0244380236 -0.699462771 159 196 214 
-0.690402329 0.0194542408 -0.697123766 157 194 211 
-0.643729746 0.0175229609 -0.655468225 147 183 202 
-0.691031516 0.0206986964 -0.682068348 158 195 212 
-0.685231268 0.216139406 -0.957200468 146 180 196 
-0.729399443 0.204126328 -0.958881974 151 187 203 
-0.644033253 0.0183273852 -0.650474548 147 183 202 
-0.694708347 0.0318816006 -0.637532711 145 180 199 
-0.651227415 0.0445549786 -0.611634851 156 193 209 
-0.69616282 0.0360164344 -0.616701007 141 175 193 
-0.684405029 0.203909338 -0.859229207 142 182 200 
-0.72985822 0.19694531 -0.858022809 145 182 200 
-0.692104757 0.236830592 -0.871565104 133 171 192 
-0.737326145 0.229707628 -0.87923342 157 195 211 
-0.678781629 0.177321613 -0.821952939 134 174 194 
-0.724833429 0.172709882 -0.819401145 142 177 196 
-0.677160263 0.166459233 -0.775682569 122 160 183 
-0.723980427 0.164866477 -0.771404028 130 168 189 
-0.678486943 0.169416577 -0.747639537 121 157 179 
-0.72421211 0.16478768 -0.759892642 125 164 184 
-0.655278087 0.0580194294 -0.575289309 157 193 210 
-0.701678872 0.0547788441 -0.571953356 152 188 204 
-0.657135963 0.0637200177 -0.553340137 154 190 208 
-0.702630103 0.0579471886 -0.563490331 154 189 206 
-0.73059386 0.300825417 -0.90614754 140 177 194 
-0.748831451 0.280479401 -0.915211439 152 188 203 
-0.698329449 0.263113528 -0.877850235 130 168 189 
-0.739462793 0.239175826 -0.886352062 160 199 213 
-0.706638575 0.29869467 -0.891762853 129 166 186 
-0.679271936 0.170264632 -0.721022844 118 153 176 
-0.724498093 0.16240868 -0.720326662 109 146 169 
-0.711447656 0.168420643 -0.666132748 115 152 176 
-0.72545743 0.161686271 -0.66825664 121 158 181 
-0.682394266 0.178674728 -0.671133041 106 142 168 
-0.725820184 0.16266343 -0.662462234 120 158 181 
-0.661070704 0.0762884021 -0.512357175 156 194 212 
-0.699396312 0.0799782574 -0.506138444 156 192 211 
-0.709079802 0.0797913373 -0.510120451 155 191 210 
-0.661439419 0.0749392807 -0.480438799 166 201 217 
-0.71241051 0.322933465 -0.896119118 133 170 190 
-0.683501303 0.182391196 -0.661603868 109 146 170 
-0.680950284 0.167875826 -0.617422819 119 157 181 
-0.72834444 0.168538362 -0.611854374 120 157 182 
-0.684808135 0.180539817 -0.58103621 115 152 177 
-0.730263352 0.174574524 -0.590832591 118 155 179 
-0.709596038 0.0813955963 -0.504246593 155 191 210 
-0.663279831 0.0804767907 -0.457478434 169 205 220 
-0.707996011 0.0706169307 -0.45792833 169 203 220 
-0.667019546 0.0924787521 -0.419155687 174 212 228 
-0.710958421 0.0790067911 -0.415152818 172 207 223 
-0.68752414 0.189214081 -0.55273515 115 153 179 
-0.734336615 0.187591225 -0.548473895 126 161 185 
-0.690119565 0.196749061 -0.517307818 117 155 180 
-0.7357077 0.191441625 -0.528313577 128 163 188 
-0.667286932 0.0917297602 -0.398559064 178 216 231 
-0.711508334 0.0799259841 -0.400120795 172 208 223 
-0.669467449 0.0958059132 -0.343744516 183 221 235 
-0.712562919 0.0906595886 -0.341808438 176 212 227 
-0.715288043 0.0903554559 -0.342489332 175 211 227 
-0.669688761 0.095607698 -0.331382066 182 220 235 
-0.693231463 0.207147717 -0.489994764 122 161 186 
-0.741513252 0.216205508 -0.479761928 130 168 191 
-0.742754042 0.216239333 -0.480373174 130 168 191 
-0.695995331 0.215751603 -0.458714277 134 173 197 
-0.715325713 0.0904334784 -0.341627836 175 212 227 
-0.671901166 0.100876629 -0.288361102 187 225 238 
-0.704968989 0.110851616 -0.279301107 189 225 238 
-0.721525669 0.111149371 -0.287188858 186 222 236 
-0.671536744 0.0949529409 -0.239266008 181 219 234 
-0.673686624 0.0955834985 -0.23868677 181 219 234 
-0.671313167 0.0935642421 -0.234100223 180 218 234 
-0.742900491 0.216748983 -0.479313821 130 167 190 
-0.700201154 0.230041683 -0.424417317 128 168 193 
-0.73565346 0.235977829 -0.417292356 121 162 188 
-0.748804033 0.236104608 -0.423365563 121 160 187 
-0.701554835 0.233189017 -0.397243619 125 167 193 
-0.722313881 0.113400161 -0.276008755 185 221 236 
-0.72277683 0.11072731 -0.225054324 187 223 238 
-0.670155644 0.0850343704 -0.192455783 178 219 235 
-0.711923301 0.104682565 -0.177177697 180 221 237 
-0.723210752 0.10940659 -0.190459698 181 220 237 
-0.749560237 0.238425136 -0.414432883 120 160 187 
-0.702835917 0.235902667 -0.368581921 123 165 193 
-0.753468931 0.24929142 -0.355734676 117 156 185 
-0.705046892 0.240391493 -0.316958308 123 167 198 
-0.753451347 0.249026254 -0.353593677 117 156 185 
-0.723605275 0.109490395 -0.1732786 175 216 234 
-0.70527935 0.24101162 -0.313176632 124 168 198 
-0.753559709 0.245156467 -0.305616498 122 165 194 
-0.70696038 0.243124992 -0.259484708 132 175 203 
-0.734892786 0.25003013 -0.252658993 123 165 195 
-0.756280184 0.252945364 -0.267272592 120 162 193 
-0.706952989 0.239743039 -0.222240776 125 168 199 
-0.756333292 0.251562655 -0.24946928 120 162 193 
-0.70677048 0.23788707 -0.209997386 123 167 200 
-0.755222976 0.242708266 -0.202050418 126 168 197 
-0.707400441 0.23587063 -0.158667505 127 171 203 
-0.748372674 0.242281616 -0.150677711 125 168 201 
-0.756486058 0.243879691 -0.157081932 124 168 200 
-0.708273947 0.236197129 -0.12219695 130 174 207 
-0.756565154 0.243490219 -0.149119973 125 168 200 
-0.708923101 0.237361372 -0.105331704 133 177 209 
-0.755921006 0.236467034 -0.100653753 130 172 200 
-0.653196156 0.113589793 -1.01650655 152 188 208 
-0.606212318 0.086723119 -0.983927011 167 209 225 
-0.613420308 0.118636191 -1.00763071 148 187 208 
-0.601193786 0.0625122786 -0.94529134 161 198 217 
-0.595799148 0.0368235707 -0.907500863 176 214 230 
-0.597023368 0.037463963 -0.858413756 167 203 221 
-0.620009065 0.141168326 -0.955525517 179 212 222 
-0.596977472 0.0369615257 -0.854938865 166 202 220 
-0.596970737 0.0324433148 -0.805039883 176 215 232 
-0.597236753 0.028996855 -0.754527926 164 200 216 
-0.60860002 0.0285387933 -0.753528416 162 197 215 
-0.597200155 0.0282544196 -0.74795866 164 200 218 
-0.630777955 0.184394538 -0.941461861 152 191 209 
-0.598632336 0.0299885273 -0.701477528 155 194 215 
-0.597713411 0.0218859613 -0.653628647 164 199 216 
-0.635951221 0.0174328387 -0.65184927 149 185 204 
-0.598035097 0.0223030448 -0.643492997 163 198 214 
-0.676763713 0.231466979 -0.949792981 143 177 194 
-0.641719162 0.228473425 -0.928965449 147 186 206 
-0.605545223 0.0493966937 -0.599773049 157 193 210 
-0.653427482 0.276735216 -0.927731872 138 173 191 
-0.646714449 0.245866209 -0.892904401 149 187 204 
-0.661367714 0.25354746 -0.887115717 145 183 200 
-0.65337944 0.276111901 -0.923012674 139 174 192 
-0.637607753 0.205592036 -0.863456249 140 178 199 
-0.635033667 0.190985799 -0.819327116 131 171 193 
-0.632522166 0.176625758 -0.775057256 134 174 196 
-0.63419646 0.181147903 -0.74844259 126 163 185 
-0.607320964 0.0551446974 -0.582122982 158 194 211 
-0.611846268 0.070504725 -0.545049965 157 195 212 
-0.660569727 0.30162251 -0.876382709 128 163 182 
-0.635946035 0.185587347 -0.717448473 117 155 178 
-0.634238958 0.174387842 -0.671370864 114 152 177 
-0.665232062 0.179606766 -0.665126085 108 143 170 
-0.636039615 0.180187613 -0.653151929 114 152 179 
-0.61509639 0.0812045038 -0.514734805 158 197 215 
-0.615810513 0.0800448954 -0.469062001 170 207 222 
-0.700192153 0.349377781 -0.88307637 132 168 188 
-0.665727019 0.320571482 -0.850176334 126 161 181 
-0.675518692 0.332509995 -0.842606008 128 165 185 
-0.668570936 0.331147164 -0.837131679 125 161 181 
-0.637525678 0.182810545 -0.614070296 113 151 178 
-0.638933003 0.184426576 -0.567418814 106 145 174 
-0.616081297 0.0805826485 -0.462607324 172 208 224 
-0.619009495 0.0875965655 -0.406112492 180 219 233 
-0.643226504 0.0890879333 -0.402640074 179 218 232 
-0.619098425 0.0862365663 -0.386918545 178 217 232 
-0.704024613 0.389644057 -0.860750914 130 167 185 
-0.678423047 0.370457351 -0.821643949 130 168 190 
-0.679091692 0.373144805 -0.820809424 131 168 190 
-0.639562368 0.18632111 -0.559579253 107 146 175 
-0.644126177 0.200050443 -0.502614319 110 150 179 
-0.619661808 0.0856677592 -0.354732543 176 216 232 
-0.619937479 0.082259208 -0.304198891 184 222 238 
-0.635460138 0.086481899 -0.300196052 183 221 236 
-0.620025456 0.0807412565 -0.283291161 180 219 235 
-0.731836855 0.424106091 -0.838947713 131 165 183 
-0.690692246 0.420487821 -0.814313531 128 163 180 
-0.644482493 0.201161742 -0.498607934 110 150 180 
-0.649695158 0.217534214 -0.441228926 120 162 191 
-0.620373726 0.0794816613 -0.253304332 178 219 236 
-0.618246496 0.0666311979 -0.20817101 175 217 234 
-0.653266191 0.07768628 -0.198309019 175 216 233 
-0.697115302 0.448395669 -0.829549909 135 168 185 
-0.649977207 0.21826005 -0.436345309 121 163 192 
-0.655761838 0.237482324 -0.384373575 138 181 204 
-0.657213688 0.242202222 -0.370168328 138 181 205 
-0.658870518 0.244220495 -0.316530734 125 169 198 
-0.692205727 0.242008239 -0.314071089 123 167 197 
-0.659542024 0.246111244 -0.306710452 126 170 199 
-0.65974623 0.243169755 -0.264648587 136 181 211 
-0.660331964 0.240979314 -0.213418216 135 181 213 
-0.686341822 0.238941729 -0.211668491 128 173 205 
-0.660573781 0.241134062 -0.20403558 134 181 213 
-0.661853969 0.24246794 -0.160083622 135 181 213 
-0.662482679 0.240499184 -0.109343015 135 182 215 
-0.662502587 0.24052459 -0.108711943 135 182 215 
-0.5500741 0.0472108722 -0.959232509 159 194 214 
-0.559696376 0.0493472219 -0.957013011 158 194 215 
-0.551994085 0.0556227267 -0.964557827 167 203 221 
-0.547636151 0.0340492427 -0.924899817 173 212 230 
-0.569699049 0.133306116 -1.01495624 156 192 209 
-0.576772451 0.132087618 -1.01484191 154 191 208 
-0.562950134 0.102295905 -0.980209529 176 216 230 
-0.547427952 0.0323218107 -0.915265203 175 216 233 
-0.546693981 0.0249460042 -0.86700058 179 216 236 
-0.593908548 0.0365805924 -0.855483294 167 203 221 
-0.549750209 0.0344298184 -0.832073808 175 212 229 
-0.570125937 0.13498351 -1.01399684 156 192 209 
-0.57619524 0.155259222 -0.96066618 176 209 220 
-0.550255716 0.0344493091 -0.809082031 172 211 228 
-0.551601768 0.035246402 -0.756142914 170 210 227 
-0.550201654 0.0265796781 -0.724117756 159 197 215 
-0.586824894 0.197796017 -0.94533515 145 185 204 
-0.55019331 0.0252205133 -0.709394097 155 193 212 
-0.551963329 0.0276834667 -0.6555022 161 197 214 
-0.553027868 0.0304860473 -0.637773275 157 193 210 
-0.595088065 0.228617758 -0.908468425 146 185 202 
-0.560014606 0.0549888313 -0.589290619 155 195 212 
-0.650687873 0.278972238 -0.926815987 137 172 189 
-0.613181055 0.265210658 -0.886066079 139 178 196 
-0.605529189 0.270221025 -0.891421318 134 172 191 
-0.592879951 0.215406001 -0.863032579 147 185 204 
-0.604711533 0.266173214 -0.883980334 136 175 194 
-0.587969601 0.191620171 -0.824153721 142 181 204 
-0.585407138 0.17705974 -0.779998481 131 173 196 
-0.586639404 0.177409858 -0.727315068 115 155 181 
-0.594164252 0.17845425 -0.725920022 115 154 180 
-0.586842299 0.177712888 -0.721365809 116 156 182 
-0.560152411 0.0553686917 -0.58718431 155 194 212 
-0.563942254 0.0657680035 -0.528753221 155 195 213 
-0.572668076 0.069458127 -0.525787055 155 195 213 
-0.564469934 0.0669598579 -0.517771244 155 196 213 
-0.612150967 0.30011043 -0.91955179 127 161 177 
-0.607896805 0.278902978 -0.879198313 124 162 182 
-0.615368724 0.308846295 -0.868899703 103 138 159 
-0.587665975 0.176951796 -0.675093889 126 164 187 
-0.590016961 0.183344066 -0.638192058 129 166 192 
-0.565694213 0.0681600869 -0.474901944 171 210 226 
-0.610074461 0.0787581801 -0.464259923 173 209 224 
-0.568219543 0.0754371583 -0.439829379 175 215 230 
-0.615932524 0.310477167 -0.861139297 98 133 155 
-0.622486115 0.333995819 -0.82160604 114 147 168 
-0.591133475 0.186084807 -0.617387056 123 161 187 
-0.592779279 0.188059658 -0.563774347 124 162 189 
-0.612666667 0.187844068 -0.561706245 115 153 182 
-0.59341222 0.190067381 -0.55702585 125 163 190 
-0.569203019 0.0774554312 -0.417102247 172 213 229 
-0.567960501 0.0680813491 -0.369980633 176 217 235 
-0.599331021 0.0768727362 -0.36175102 178 217 233 
-0.568610013 0.0672855675 -0.331319064 183 224 238 
-0.674059808 0.374056965 -0.820165277 129 167 189 
-0.633758008 0.379711598 -0.812118769 119 155 176 
-0.596105278 0.196636528 -0.506385624 128 171 198 
-0.637518108 0.200183004 -0.499905676 111 151 181 
-0.597188175 0.198675185 -0.479323894 126 169 197 
-0.56915307 0.0682754517 -0.317386419 183 224 238 
-0.568987191 0.0631317198 -0.267845243 169 214 235 
-0.599840581 0.0722635686 -0.259487242 172 214 234 
-0.567214489 0.0516746938 -0.221914917 173 217 235 
-0.578315854 0.054633677 -0.219085425 175 218 236 
-0.636813641 0.392524511 -0.814211965 120 156 177 
-0.64582181 0.429348111 -0.809838891 133 167 185 
-0.597927928 0.199306428 -0.452375382 132 174 201 
-0.645522058 0.216599703 -0.437738091 121 163 192 
-0.601807177 0.211456358 -0.40929386 143 187 209 
-0.652489007 0.458608598 -0.828898072 147 181 197 
-0.604813516 0.221869648 -0.38698709 151 193 213 
-0.637315392 0.236940086 -0.375217438 146 186 208 
-0.6078192 0.231133953 -0.351941198 154 195 216 
-0.60969007 0.236539185 -0.326113582 150 195 217 
-0.61213994 0.242438748 -0.279197127 145 195 222 
-0.61268723 0.243823975 -0.269463867 144 194 222 
-0.620184481 0.254954666 -0.21022746 143 192 222 
-0.616912842 0.255982101 -0.210568041 144 193 223 
-0.616951704 0.256088376 -0.209966004 144 193 223 
-0.61552155 0.245977163 -0.163265973 137 185 217 
-0.615712643 0.242235929 -0.112922609 142 191 224 
-0.661264896 0.240525633 -0.108847387 135 182 216 
-0.504744768 0.0546614528 -0.960160613 176 217 232 
-0.508517861 0.0713846982 -0.972770333 172 215 231 
-0.501741767 0.0383700728 -0.916995287 172 211 230 
-0.527703822 0.0342509151 -0.916383147 174 215 232 
-0.501564443 0.0369623005 -0.909492493 173 212 231 
-0.567010343 0.134450465 -1.01462924 156 192 209 
-0.514626026 0.097979039 -0.987868071 168 211 227 
-0.523756862 0.136739761 -0.999385417 164 202 218 
-0.502007544 0.03492257 -0.866483927 176 215 232 
-0.500602007 0.0249080956 -0.819728613 176 214 231 
-0.529162645 0.029412061 -0.814140022 175 213 231 
-0.501987576 0.0289723575 -0.801279187 175 215 233 
-0.531453371 0.164755732 -0.957361102 170 210 222 
-0.50701648 0.0456202328 -0.755398989 155 194 216 
-0.506079316 0.0391432941 -0.726450801 157 194 212 
-0.541359544 0.203711003 -0.935446203 147 187 208 
-0.506193817 0.0378959179 -0.707333803 156 193 210 
-0.509364486 0.0458626449 -0.650294065 157 197 213 
-0.509569407 0.046336174 -0.646147907 155 195 212 
-0.545963109 0.221110612 -0.917442441 136 177 199 
-0.594145656 0.228624254 -0.908060431 145 185 202 
-0.548481226 0.228881925 -0.8881917 130 171 193 
-0.541410267 0.19423753 -0.827846169 149 191 209 
-0.549645782 0.193715453 -0.827225208 148 189 208 
-0.542793334 0.200724244 -0.836430192 145 187 206 
-0.541459084 0.194119275 -0.824288368 147 189 208 
-0.51205492 0.0519420207 -0.594333708 157 196 214 
-0.555988133 0.0551413596 -0.587765634 156 195 212 
-0.512928963 0.0528823435 -0.564656019 154 195 213 
-0.554207683 0.253505379 -0.898914039 125 164 186 
-0.562412918 0.287764966 -0.902909577 120 156 175 
-0.547950983 0.224429667 -0.863060892 130 172 194 
-0.559322953 0.272468477 -0.87479037 121 158 179 
-0.540771365 0.187235504 -0.779367864 127 169 194 
-0.540830195 0.182974786 -0.729321599 118 158 184 
-0.541135907 0.182434648 -0.709283412 121 160 185 
-0.513419926 0.0528137684 -0.541351974 152 195 214 
-0.515853882 0.0578857362 -0.485967875 177 216 231 
-0.521197915 0.0590762496 -0.484732985 177 216 230 
-0.516052008 0.0582582653 -0.48101303 177 216 231 
-0.571448565 0.325741231 -0.910081625 120 157 175 
-0.594126105 0.311016649 -0.86324209 104 139 160 
-0.5699386 0.314935654 -0.85933131 113 148 168 
-0.542008281 0.183111757 -0.676760137 129 166 189 
-0.543393016 0.184061199 -0.623733878 129 165 190 
-0.549051285 0.184887707 -0.622662544 129 165 190 
-0.543601394 0.184555084 -0.619655907 130 166 191 
-0.516833484 0.0572428405 -0.433852375 163 205 225 
-0.549983621 0.0704628825 -0.423018068 168 209 227 
-0.516952515 0.0532187819 -0.383670807 159 200 225 
-0.521964431 0.0544049144 -0.38247481 159 201 225 
-0.517131448 0.0535173118 -0.378772408 158 200 224 
-0.574173748 0.331957132 -0.854043245 104 138 159 
-0.588597655 0.353548646 -0.840712726 95 127 149 
-0.580826461 0.358750522 -0.846349657 94 126 147 
-0.546265602 0.190856367 -0.567364216 138 177 202 
-0.546610236 0.189365417 -0.534973204 139 183 210 
-0.519579768 0.059050113 -0.327852339 157 204 229 
-0.555244446 0.0647037327 -0.320857763 177 221 237 
-0.518047035 0.0485357344 -0.281382948 172 214 233 
-0.523116708 0.0496402085 -0.280225009 173 215 234 
-0.518002152 0.0477428734 -0.274631917 170 213 233 
-0.609000504 0.389804125 -0.818748176 108 140 161 
-0.590358078 0.395851433 -0.821025848 101 131 151 
-0.547136366 0.189786047 -0.515493214 141 187 214 
-0.550897539 0.200504482 -0.461924404 147 193 217 
-0.518909216 0.0474318564 -0.229531109 163 209 234 
-0.60057956 0.440204173 -0.844614029 131 163 183 
-0.62512362 0.449935287 -0.836623311 141 175 193 
-0.551192224 0.201230645 -0.456464291 148 194 218 
-0.556146383 0.216403753 -0.397626251 153 198 220 
-0.556984067 0.219496518 -0.393533856 152 196 219 
-0.562591434 0.238224745 -0.344213754 164 208 228 
-0.563330889 0.239942789 -0.329356343 168 213 232 
-0.566095948 0.246315926 -0.273228019 156 198 221 
-0.582462907 0.245730907 -0.271747768 152 197 222 
-0.566440463 0.247194514 -0.267177224 156 198 221 
-0.568634987 0.251800478 -0.217607945 157 204 229 
-0.615791678 0.256017923 -0.210131794 145 194 223 
-0.570190132 0.255672216 -0.189236075 148 195 224 
-0.57055378 0.254848123 -0.163381651 144 190 222 
-0.571029425 0.25222531 -0.112398587 141 190 222 
-0.465764761 0.0915520489 -0.996733427 168 212 229 
-0.477837503 0.0920003951 -0.995162964 168 212 229 
-0.467707545 0.100344419 -1.00524402 166 210 227 
-0.458480597 0.0584388375 -0.963189602 179 216 230 
-0.454722166 0.0391792059 -0.921721935 181 220 234 
-0.455842942 0.0416094661 -0.897273004 177 217 236 
-0.479058206 0.146450549 -0.996474266 166 202 216 
-0.456962943 0.0434919894 -0.866772115 170 210 232 
-0.455501258 0.0332568586 -0.820142925 179 219 236 
-0.456684053 0.0356886685 -0.792863369 175 217 236 
-0.487197965 0.176661223 -0.958484292 163 203 218 
-0.460966855 0.0502406657 -0.757945776 158 200 220 
-0.461033463 0.0471354425 -0.720380306 159 200 219 
-0.497270703 0.216440767 -0.938084722 146 184 202 
-0.461220592 0.0467459559 -0.707461476 161 201 220 
-0.46515885 0.0577286184 -0.648696661 148 189 208 
-0.464937449 0.0563770533 -0.643843532 149 190 208 
-0.500483811 0.227971822 -0.918707609 146 184 201 
-0.499558568 0.21984452 -0.870872855 141 179 199 
-0.527137816 0.222003222 -0.866667986 134 175 195 
-0.497045457 0.205478132 -0.826606572 146 188 209 
-0.497021586 0.205122679 -0.823753417 144 186 208 
-0.462964535 0.0446147025 -0.603714108 161 201 219 
-0.463554442 0.0424407125 -0.55247432 155 197 216 
-0.49330309 0.0474740267 -0.546467304 152 194 213 
-0.463561147 0.0394789279 -0.519254565 155 197 219 
-0.536375523 0.28380093 -0.884393156 124 162 182 
-0.495251775 0.193938524 -0.780723572 121 164 194 
-0.495913088 0.192045152 -0.729323268 127 167 193 
-0.495424598 0.187132269 -0.697156668 125 164 190 
-0.464907646 0.043266058 -0.49951914 157 199 221 
-0.46851632 0.0539245009 -0.452284098 153 196 220 
-0.528517723 0.342616141 -0.905619383 123 155 175 
-0.545127153 0.322876513 -0.862174809 120 155 175 
-0.52761358 0.336396992 -0.878020883 124 159 178 
-0.495353818 0.185355753 -0.680666149 124 163 188 
-0.5285151 0.189858377 -0.622215211 135 171 195 
-0.499836206 0.198886842 -0.625239372 145 182 203 
-0.468984216 0.054792136 -0.440443546 151 194 219 
-0.469620109 0.0527989268 -0.389100403 148 191 216 
-0.469750106 0.0499475002 -0.351447791 143 191 219 
-0.537563384 0.375568151 -0.856502771 107 138 157 
-0.500011981 0.199167103 -0.620283484 145 182 203 
-0.50002557 0.194728702 -0.570338845 145 186 210 
-0.50097245 0.194426984 -0.523515463 150 193 214 
-0.470970601 0.0536133945 -0.336151391 146 195 223 
-0.472446948 0.0549226403 -0.282919377 156 206 233 
-0.471597522 0.0490083694 -0.256195903 158 206 233 
-0.548359513 0.418928742 -0.842686057 111 145 163 
-0.501501203 0.196035177 -0.51710844 150 193 215 
-0.50489068 0.204861194 -0.459577233 163 209 225 
-0.53397584 0.202404857 -0.457717389 153 200 221 
-0.505431771 0.206417918 -0.452032596 164 211 226 
-0.471411169 0.0463609099 -0.235333115 161 207 233 
-0.553066969 0.439076155 -0.850448668 127 161 179 
-0.510181904 0.221160114 -0.397771835 155 201 222 
-0.544701576 0.218162745 -0.395609111 153 198 221 
-0.510844171 0.223126829 -0.389222771 158 204 225 
-0.515010595 0.235641479 -0.337005973 164 210 229 
-0.543026209 0.236922264 -0.333230674 166 212 231 
-0.51525259 0.234865785 -0.317276716 168 213 229 
-0.516411662 0.236654669 -0.283943295 175 217 230 
-0.519765913 0.247123852 -0.246284992 159 205 229 
-0.520519733 0.248304516 -0.224796951 156 203 227 
-0.516068041 0.226320863 -0.184887409 169 212 236 
-0.549955249 0.249113351 -0.1687648 151 196 226 
-0.520050824 0.238449544 -0.13681379 155 199 231 
-0.521341681 0.242550582 -0.123121567 154 199 231 
-0.420001805 0.0972987711 -0.998636007 180 224 238 
-0.423790336 0.11392352 -1.00944388 173 216 232 
-0.413264453 0.066334188 -0.963863254 178 218 231 
-0.406827152 0.0365485549 -0.928416014 177 218 234 
-0.406583726 0.0311003625 -0.879049003 185 225 242 
-0.422816038 0.036798507 -0.874165595 179 220 239 
-0.407871515 0.0351185501 -0.864578545 185 225 242 
-0.433856755 0.153672099 -0.988987148 171 208 219 
-0.409011245 0.0361467898 -0.823679507 181 220 238 
-0.412183762 0.0463812947 -0.791757047 163 206 227 
-0.442408264 0.185921073 -0.95474422 162 201 215 
-0.416773111 0.0621533692 -0.756321788 157 201 221 
-0.415406555 0.0522919893 -0.709478855 158 200 219 
-0.41742447 0.051971674 -0.709431291 158 200 219 
-0.415419757 0.0523162782 -0.709141731 158 200 219 
-0.452772975 0.227146059 -0.937001705 144 182 201 
-0.417019337 0.0541372001 -0.655940294 154 198 218 
-0.415859461 0.0450880229 -0.608632803 158 201 219 
-0.430170596 0.0444007814 -0.607434094 159 201 219 
-0.415765673 0.043943882 -0.600225568 158 200 219 
-0.460032761 0.254590541 -0.908672333 134 172 193 
-0.488392889 0.231381178 -0.865824044 137 176 196 
-0.461295813 0.259253144 -0.902497768 131 170 191 
-0.488755703 0.208453476 -0.825898945 146 188 209 
-0.416256875 0.0421575904 -0.557825744 153 195 216 
-0.418055743 0.0451958477 -0.509001493 149 192 220 
-0.463058233 0.261986464 -0.85195905 133 177 198 
-0.453985095 0.221844137 -0.822435379 146 187 208 
-0.449381679 0.199264318 -0.782866836 126 168 195 
-0.449346542 0.194634467 -0.73303175 122 163 189 
-0.448859245 0.188227803 -0.684212923 134 170 193 
-0.461380213 0.187753886 -0.683094859 132 168 192 
-0.448901892 0.187813073 -0.677645862 134 170 194 
-0.418358386 0.0459231734 -0.503188789 150 193 221 
-0.423229158 0.0607218444 -0.444017142 141 184 212 
-0.512708545 0.35356307 -0.901401639 124 155 174 
-0.448480695 0.182248622 -0.635149539 132 173 200 
-0.494279325 0.198144913 -0.621469498 145 182 204 
-0.451133281 0.188774705 -0.585888088 165 205 224 
-0.423386157 0.0611867607 -0.441975564 141 183 211 
-0.426317364 0.0682124496 -0.385474056 136 177 204 
-0.426094145 0.0648199618 -0.358025163 139 183 207 
-0.516924381 0.393736511 -0.879084468 106 136 155 
-0.451700956 0.190409988 -0.5779984 167 207 226 
-0.456907123 0.207273036 -0.526367664 150 194 214 
-0.427139461 0.066950798 -0.333712459 141 187 210 
-0.42824921 0.0668194294 -0.281304419 150 198 220 
-0.427872628 0.0635395348 -0.262145907 152 199 223 
-0.528048396 0.432237864 -0.856917858 121 156 176 
-0.459644526 0.217130572 -0.510232329 148 194 216 
-0.489344507 0.213207573 -0.456745237 162 207 224 
-0.463011324 0.227406725 -0.469853491 153 198 220 
-0.427196234 0.0581901968 -0.233756751 159 206 230 
-0.465575665 0.235943675 -0.44698897 158 202 222 
-0.463639945 0.223845869 -0.401425153 170 210 225 
-0.460213423 0.205890477 -0.359211653 161 197 217 
-0.471800327 0.212968171 -0.354088217 168 206 225 
-0.461411119 0.209400266 -0.343227237 161 198 218 
-0.468793631 0.239604294 -0.339928895 165 207 227 
-0.489714175 0.249826074 -0.332069457 163 209 229 
-0.474161655 0.262436122 -0.347196311 169 213 232 
-0.464292049 0.217424601 -0.3001315 164 201 216 
-0.491753161 0.226492733 -0.292180926 178 215 226 
-0.471324474 0.248390839 -0.321377218 168 210 228 
-0.462385148 0.20544 -0.254502952 167 205 218 
-0.469900638 0.20894216 -0.251771957 169 207 220 
-0.462793887 0.206160784 -0.243746758 167 207 220 
-0.495315015 0.289664298 -0.309782475 160 212 234 
-0.483530402 0.29873085 -0.320390612 160 212 234 
-0.479318023 0.277877808 -0.282056957 167 215 235 
-0.47762543 0.248266295 -0.229531258 164 208 226 
-0.472878903 0.246001258 -0.223459065 165 209 227 
-0.48452422 0.301413745 -0.304576695 162 213 234 
-0.488010675 0.264106631 -0.167415529 162 209 231 
-0.479572922 0.2690548 -0.172312349 162 208 230 
-0.479973882 0.270058811 -0.165060759 161 207 230 
-0.476637483 0.25245744 -0.122644752 147 194 228 
-0.374778122 0.105164438 -0.999326706 182 224 238 
-0.378928691 0.12282756 -1.00504959 176 218 233 
-0.367781848 0.0731824636 -0.965135813 183 221 237 
-0.360509694 0.0401164889 -0.931564808 191 228 238 
-0.360354662 0.0350155532 -0.881999135 191 230 244 
-0.361619115 0.0371375382 -0.847527742 188 229 244 
-0.388013333 0.157715708 -0.975658059 171 212 222 
-0.362291038 0.0381323397 -0.827733278 185 226 241 
-0.367657572 0.0569458306 -0.790415287 166 208 229 
-0.391624808 0.171359271 -0.961466312 164 205 219 
-0.417534888 0.188983947 -0.949031472 158 197 215 
-0.396999985 0.192118883 -0.945375204 155 194 213 
-0.370232016 0.0648425519 -0.759973168 158 197 219 
-0.414452761 0.0526909828 -0.70936656 158 200 219 
-0.371990532 0.0683112442 -0.717782617 157 198 218 
-0.40116483 0.208844453 -0.940026462 152 191 210 
-0.408146262 0.237212956 -0.934745193 147 186 204 
-0.372885168 0.0707756877 -0.704096437 156 199 219 
-0.37184006 0.0621773899 -0.656531096 154 201 221 
-0.368326634 0.0438804328 -0.61451298 157 202 221 
-0.367715955 0.0370653868 -0.566818714 151 196 216 
-0.411086559 0.247829467 -0.917728782 146 185 203 
-0.415419221 0.263132513 -0.888866842 139 178 197 
-0.406408578 0.220464885 -0.828413725 152 191 214 
-0.43858102 0.220597923 -0.824806035 150 190 212 
-0.410018057 0.236394435 -0.839714885 150 188 210 
-0.406229675 0.217640311 -0.805239677 141 181 206 
-0.399008214 0.182403415 -0.745216846 120 160 189 
-0.403888166 0.183315426 -0.744184494 119 159 188 
-0.400549948 0.189523131 -0.753552496 121 161 190 
-0.399166942 0.182676733 -0.740966916 119 159 188 
-0.367785156 0.03726089 -0.565815866 151 196 216 
-0.372630298 0.0518069267 -0.505013049 154 194 221 
-0.38990429 0.0496611595 -0.504282117 153 194 221 
-0.372939914 0.0528413951 -0.502293825 155 195 222 
-0.416818649 0.265860498 -0.854932725 138 178 199 
-0.40555042 0.212601215 -0.780428231 125 166 194 
-0.400281817 0.182915837 -0.692440569 125 165 191 
-0.40176788 0.18546772 -0.652572155 147 188 210 
-0.37743032 0.0661756992 -0.444311589 136 177 203 
-0.415041536 0.0619308352 -0.442487746 140 182 209 
-0.377557814 0.0656173229 -0.432254106 135 176 202 
-0.402811378 0.188363254 -0.636841714 150 191 213 
-0.404838294 0.191835731 -0.582372427 177 223 235 
-0.429363251 0.191017538 -0.58012253 173 216 231 
-0.405224383 0.192494154 -0.571963191 176 223 234 
-0.379409522 0.0694606602 -0.38994959 138 179 204 
-0.38083002 0.0717313588 -0.349967927 135 178 202 
-0.408026338 0.199870676 -0.525293648 166 214 227 
-0.43715021 0.207486808 -0.517950237 156 202 220 
-0.410143882 0.206763193 -0.504668117 155 201 218 
-0.381263852 0.0722548664 -0.335868239 134 178 202 
-0.382820219 0.0738784075 -0.282456458 143 188 211 
-0.382664174 0.0707266331 -0.254595488 141 188 213 
-0.418682873 0.238950014 -0.470310956 185 229 243 
-0.382554948 0.0683443546 -0.233138502 145 195 221 
-0.419911891 0.242080122 -0.448668629 184 226 239 
-0.419953287 0.237750947 -0.398661584 178 220 234 
-0.448898852 0.218511283 -0.353589386 168 206 225 
-0.421698183 0.243792489 -0.385687351 183 225 238 
-0.413161844 0.202082068 -0.314096183 145 189 209 
-0.416941702 0.203406483 -0.312960356 147 191 211 
-0.414084852 0.206103116 -0.316403896 149 194 213 
-0.413077235 0.201115042 -0.307234406 143 187 207 
-0.431641787 0.282932878 -0.364112705 177 221 235 
-0.414241582 0.206324607 -0.311669648 148 192 212 
-0.454121441 0.235601246 -0.291361243 169 208 223 
-0.448900998 0.214024976 -0.251314551 164 204 219 
-0.440510929 0.316754282 -0.332760334 163 217 238 
-0.4693802 0.273101807 -0.269284636 170 217 236 
-0.457301646 0.253185511 -0.229088575 171 213 230 
-0.442987353 0.323765785 -0.296981782 160 212 232 
-0.443598986 0.320535839 -0.246314108 166 219 242 
-0.443366557 0.320806026 -0.246683061 166 219 242 
-0.429936677 0.263502717 -0.226483196 180 223 238 
-0.443278909 0.320372075 -0.245885372 166 219 242 
-0.429657072 0.257912278 -0.177197471 170 215 235 
-0.464652419 0.269760311 -0.166906744 165 212 233 
-0.432434499 0.266687512 -0.147198379 166 213 235 
-0.443361789 0.32074526 -0.246226251 166 219 242 
-0.433246553 0.26752457 -0.119216517 158 205 232 
-0.329838932 0.114147931 -0.999378026 182 224 236 
-0.334006429 0.131431282 -1.00010335 180 220 232 
-0.320764452 0.074000299 -0.969857574 181 220 233 
-0.314952433 0.0466715097 -0.933005095 177 215 231 
-0.314609885 0.040833801 -0.883860826 185 225 238 
-0.313401997 0.031595856 -0.836661339 189 230 243 
-0.339832842 0.0340441763 -0.832425117 189 230 243 
-0.314857125 0.0366338491 -0.82583952 183 225 239 
-0.339551508 0.152311176 -0.977550387 178 218 229 
-0.375808477 0.157889694 -0.970531583 174 215 225 
-0.342393756 0.162867546 -0.964366317 175 215 226 
-0.323517621 0.0694223344 -0.792588234 166 209 231 
-0.352509379 0.202859402 -0.944356918 148 186 207 
-0.325806826 0.0758457482 -0.75886929 156 200 221 
-0.326493353 0.0740687549 -0.707604229 151 194 215 
-0.357016861 0.220937043 -0.938299537 151 189 208 
-0.36367631 0.248055875 -0.933915138 154 193 209 
-0.326511204 0.0741217136 -0.707372189 151 194 215 
-0.324955761 0.0635181367 -0.66095376 159 206 225 
-0.322517157 0.0494444668 -0.616520047 164 208 226 
-0.319528162 0.0332080126 -0.573323429 149 193 218 
-0.366557449 0.0369580984 -0.566115499 151 196 216 
-0.321412742 0.0388327241 -0.54930526 151 196 222 
-0.369188309 0.268761724 -0.910946012 145 185 203 
-0.365128875 0.248319328 -0.870154977 149 189 208 
-0.386448652 0.25605607 -0.863603532 145 183 203 
-0.363569796 0.237701446 -0.823744655 146 188 209 
-0.356858909 0.206840843 -0.788912416 140 178 202 
-0.383080661 0.211191595 -0.783664227 134 173 199 
-0.391998231 0.186193317 -0.743925452 121 161 189 
-0.357545048 0.207618639 -0.766054749 137 175 199 
-0.325388283 0.0517420769 -0.510239601 155 196 221 
-0.326706231 0.0549530089 -0.485413253 159 199 221 
-0.357887924 0.206392318 -0.736685753 127 168 194 
-0.357111305 0.198848993 -0.688516974 133 173 201 
-0.356917441 0.194427103 -0.648279667 141 187 216 
-0.32965529 0.0640164912 -0.450736016 142 182 206 
-0.331064761 0.0664449334 -0.41301319 128 169 196 
-0.357024014 0.194014162 -0.638799131 145 191 219 
-0.360200405 0.202003211 -0.581746578 172 219 231 
-0.355454743 0.178864479 -0.542497694 168 216 228 
-0.370120764 0.182516962 -0.538899183 168 216 227 
-0.35635826 0.181574017 -0.531126738 159 205 219 
-0.33201918 0.0688130558 -0.395509452 128 169 196 
-0.335265785 0.0771570206 -0.339179486 119 162 193 
-0.364033014 0.217062518 -0.573133349 174 220 233 
-0.391235024 0.241440102 -0.556883097 171 216 236 
-0.372256577 0.25019303 -0.563741863 172 214 234 
-0.362027854 0.204691976 -0.527725577 182 227 237 
-0.38640824 0.219768554 -0.516844988 183 227 239 
-0.335312903 0.077262938 -0.338193327 119 162 193 
-0.33765924 0.0819905698 -0.283006132 129 170 197 
-0.339228839 0.0866912603 -0.263180584 132 173 199 
-0.374014586 0.256282628 -0.550701201 173 215 234 
-0.403537482 0.256816387 -0.49480918 173 221 238 
-0.378107458 0.269072592 -0.504922211 163 208 226 
-0.339070946 0.0830457509 -0.229919434 146 192 215 
-0.379835159 0.274661303 -0.487706333 166 213 231 
-0.382250965 0.279661834 -0.432363093 171 216 233 
-0.415642291 0.249400675 -0.392797977 183 226 239 
-0.382373095 0.280104697 -0.431676894 171 216 233 
-0.411662579 0.204684287 -0.312845379 147 192 212 
-0.425737143 0.288151145 -0.370608896 177 221 236 
-0.389994651 0.307749838 -0.388970792 174 222 242 
-0.394191086 0.322085798 -0.355615348 167 218 241 
-0.396206081 0.32841444 -0.333432555 161 215 241 
-0.401146829 0.344924867 -0.290069222 154 204 234 
-0.401878119 0.346408784 -0.272985727 156 206 236 
-0.41346845 0.304988891 -0.205724835 176 224 242 
-0.387088001 0.276208699 -0.171922222 173 220 241 
-0.391375393 0.294415683 -0.177408069 176 223 243 
-0.38877359 0.281535566 -0.153730884 174 220 241 
-0.401431054 0.341549784 -0.239516467 158 209 238 
-0.401842147 0.338673234 -0.188678533 167 219 242 
-0.389467686 0.281067282 -0.116660163 169 216 238 
-0.284743428 0.122517318 -0.999780595 178 220 235 
-0.289352536 0.141363472 -0.997599125 180 220 232 
-0.291981101 0.0729520321 -0.973590672 181 223 236 
-0.275544345 0.0830917358 -0.984005034 177 221 236 
-0.304126769 0.0471724272 -0.933922231 178 217 232 
-0.268861622 0.0466382802 -0.885730386 185 223 239 
-0.268516719 0.0483018458 -0.920051575 182 223 238 
-0.268416822 0.0403987467 -0.836815953 186 227 241 
-0.269930035 0.0452136695 -0.820849299 179 223 238 
-0.324219048 0.170376569 -0.969407856 177 215 225 
-0.299655914 0.18228513 -0.97929883 171 207 219 
-0.278049767 0.0753251016 -0.782676816 165 205 224 
-0.311259329 0.214707226 -0.946716666 138 178 201 
-0.308426052 0.215616256 -0.947045207 137 178 201 
-0.279393882 0.0790385306 -0.762232602 158 199 220 
-0.279316306 0.0742419958 -0.712492824 157 200 223 
-0.32614857 0.074064374 -0.707443178 151 194 215 
-0.277501583 0.0626196563 -0.66665709 160 207 227 
-0.279585302 0.0624949038 -0.666495979 160 206 227 
-0.277459323 0.0623174906 -0.665239871 160 207 227 
-0.318728775 0.256534457 -0.928738713 144 183 202 
-0.276650846 0.054785043 -0.618654966 167 211 230 
-0.272209108 0.0328404903 -0.578723133 150 196 220 
-0.276175261 0.0458759964 -0.541490495 164 209 232 
-0.319661617 0.259719819 -0.921307027 143 182 202 
-0.318723202 0.251540691 -0.873501956 147 189 208 
-0.316494703 0.238292575 -0.828596056 160 199 217 
-0.314428955 0.225683868 -0.78332448 135 176 202 
-0.313437343 0.220254809 -0.76852119 130 171 198 
-0.278166533 0.0517569184 -0.515420616 154 200 225 
-0.280624181 0.0578153431 -0.469912738 160 202 223 
-0.3113451 0.209074736 -0.740340948 123 164 191 
-0.310914457 0.202890843 -0.691394687 127 168 199 
-0.307711124 0.185812294 -0.648679674 151 195 219 
-0.348420411 0.192255199 -0.640701413 146 192 220 
-0.309920728 0.192761421 -0.624455392 162 208 228 
-0.281454384 0.0601839423 -0.458117515 155 197 219 
-0.283718586 0.0645887256 -0.403115034 139 181 207 
-0.311026156 0.0642672181 -0.400289178 132 174 200 
-0.284467071 0.066754669 -0.392820269 136 180 206 
-0.315495193 0.21190618 -0.581272006 169 215 228 
-0.338255078 0.190229833 -0.538205147 169 215 227 
-0.315804482 0.211803764 -0.565934956 169 214 227 
-0.287883103 0.0764603913 -0.343841791 123 165 195 
-0.334220201 0.0770072937 -0.338452458 119 162 193 
-0.288701743 0.0776333213 -0.319292754 127 167 196 
-0.348289102 0.251834869 -0.555947661 181 227 243 
-0.325375259 0.249098465 -0.540967464 186 231 245 
-0.316427648 0.206586391 -0.479348391 169 212 229 
-0.337653935 0.208729386 -0.475850135 172 212 227 
-0.318808615 0.216590792 -0.481209427 174 216 232 
-0.309595674 0.175249994 -0.444788188 129 172 195 
-0.340766966 0.18513605 -0.435984969 135 172 192 
-0.311225027 0.179048687 -0.412196666 124 165 189 
-0.290269971 0.0813471377 -0.288563639 130 171 198 
-0.291391373 0.081261605 -0.236129344 140 179 205 
-0.295260102 0.081951499 -0.235328943 140 179 204 
-0.333106697 0.277287662 -0.499261528 174 222 240 
-0.320031941 0.220748603 -0.471248239 174 217 233 
-0.320376486 0.217610538 -0.420559913 166 215 227 
-0.335322261 0.285319924 -0.486799538 176 223 240 
-0.382067204 0.280367136 -0.431999594 171 216 233 
-0.339852452 0.300597489 -0.448585987 179 224 240 
-0.345682412 0.321535647 -0.41360262 174 226 247 
-0.346802652 0.324919254 -0.399770677 172 224 246 
-0.351344794 0.339292794 -0.350963175 166 215 241 
-0.35233444 0.342219323 -0.338047445 165 215 241 
-0.353913218 0.344892949 -0.29527694 166 216 241 
-0.355792493 0.349253327 -0.257452488 165 217 242 
-0.381989419 0.289768338 -0.165106207 173 220 242 
-0.356520444 0.350645632 -0.239503533 162 215 241 
-0.359207064 0.356710255 -0.183551669 173 225 247 
-0.35431242 0.332986146 -0.144637585 176 229 246 
-0.343088567 0.284392953 -0.119947501 167 220 241 
-0.24020803 0.133087367 -0.998924494 181 226 239 
-0.244753703 0.151568264 -0.995596051 177 221 232 
-0.23231636 0.100082755 -0.994476914 185 229 243 
-0.244416416 0.0387850702 -0.892688692 186 226 240 
-0.223413184 0.0491289198 -0.837012172 174 219 236 
-0.219473109 0.0365031064 -0.877599955 185 228 242 
-0.225808784 0.0577826798 -0.823192239 171 216 235 
-0.254528254 0.189871818 -0.972482979 161 202 217 
-0.232065096 0.0786694288 -0.768062353 159 199 220 
-0.264258355 0.227955341 -0.948965609 141 179 200 
-0.232100099 0.0787701905 -0.767575562 159 199 219 
-0.234328419 0.0830339789 -0.712653637 160 200 220 
-0.231646478 0.0680041611 -0.668766856 155 200 220 
-0.230421066 0.0604459345 -0.641037107 158 203 224 
-0.274047822 0.266332746 -0.925988436 149 187 203 
-0.230345324 0.0583998263 -0.621776938 165 210 229 
-0.226436436 0.038549006 -0.580647528 167 213 230 
-0.226555288 0.0345241427 -0.530466437 146 192 219 
-0.2515257 0.0419608951 -0.523676991 150 196 223 
-0.227734119 0.0370596647 -0.50452131 153 198 224 
-0.274438202 0.26758638 -0.92199719 148 187 202 
-0.274392724 0.262915909 -0.872185349 146 184 205 
-0.270789415 0.244265705 -0.830369115 156 195 214 
-0.267414004 0.226511121 -0.788040817 137 176 201 
-0.265404403 0.21412307 -0.742642999 134 174 201 
-0.289280236 0.211055487 -0.741688132 127 168 195 
-0.261167616 0.192983776 -0.7022506 129 172 205 
-0.264661998 0.194174379 -0.701218963 129 172 204 
-0.261400789 0.193639547 -0.69883275 131 174 206 
-0.230498612 0.0455266535 -0.471690297 161 207 230 
-0.267627239 0.056417644 -0.461685807 161 205 225 
-0.23341231 0.0550844073 -0.444130242 157 204 225 
-0.266514719 0.209502101 -0.640319645 140 183 213 
-0.266822904 0.210396737 -0.636111617 141 183 213 
-0.235985681 0.0625948906 -0.409444869 145 189 213 
-0.237023085 0.0628746152 -0.364925355 129 174 201 
-0.267469823 0.208763108 -0.588259161 172 215 229 
-0.269035459 0.211264908 -0.544182122 171 215 229 
-0.237303004 0.0632792413 -0.356570274 127 171 199 
-0.238430217 0.0632164776 -0.304123014 134 177 206 
-0.265011996 0.0709188581 -0.297012031 133 174 202 
-0.239505574 0.0650792122 -0.275452524 134 175 205 
-0.278384238 0.247460857 -0.517194808 155 198 221 
-0.270772994 0.212758452 -0.481007695 165 207 219 
-0.276663214 0.238941088 -0.501533091 159 200 220 
-0.280713737 0.199671537 -0.434676915 142 190 209 
-0.271906257 0.215392023 -0.458243459 158 202 215 
-0.241044119 0.0689953566 -0.248334557 134 176 207 
-0.280309796 0.254722923 -0.509489059 159 202 226 
-0.309467971 0.279585272 -0.492760181 175 222 243 
-0.27545768 0.231165946 -0.470479459 166 206 219 
-0.286798954 0.279032588 -0.481706828 171 216 239 
-0.294768453 0.308400452 -0.44216767 177 222 241 
-0.301305354 0.332727849 -0.412390679 168 218 240 
-0.30272913 0.337724447 -0.402547836 165 216 239 
-0.305854082 0.346109152 -0.352254003 170 216 240 
-0.307066053 0.349109352 -0.329950958 171 217 241 
-0.309060454 0.354216009 -0.295134038 168 214 237 
-0.310891271 0.357961059 -0.252697349 169 218 239 
-0.311802268 0.360497475 -0.239058197 167 216 238 
-0.314532489 0.366733432 -0.183008313 177 228 249 
-0.310688019 0.347135723 -0.141734138 173 226 247 
-0.326018125 0.321669817 -0.10154514 174 228 246 
-0.310452998 0.345706761 -0.136645153 174 227 247 
-0.310157597 0.340559781 -0.0930121019 176 231 249 
-0.225572124 0.153059512 -0.989668131 181 224 235 
-0.188485533 0.114089638 -0.999463081 166 208 225 
-0.198631302 0.154230803 -0.979728222 180 222 235 
-0.177825436 0.0555641353 -0.838521004 170 214 232 
-0.174232155 0.0435291827 -0.86975348 178 221 238 
-0.18105042 0.0671977699 -0.819737554 167 212 231 
-0.23254092 0.192566663 -0.967410922 162 202 216 
-0.209111363 0.196026951 -0.963035464 162 201 215 
-0.186836034 0.0864771307 -0.768356979 143 186 211 
-0.228656858 0.079307586 -0.767661572 158 198 219 
-0.186786205 0.0855077207 -0.759870768 144 187 211 
-0.218724012 0.234232217 -0.946263671 140 180 200 
-0.219468012 0.237212121 -0.945219755 139 179 199 
-0.187945157 0.0863434076 -0.71595031 156 198 220 
-0.187231779 0.0790486038 -0.667639434 165 208 227 
-0.182748005 0.0569388568 -0.627802014 165 210 230 
-0.212052837 0.0560008585 -0.62509203 163 208 228 
-0.179200813 0.0385092497 -0.585859776 173 216 233 
-0.194513857 0.0374062061 -0.584777057 171 215 231 
-0.178253502 0.0331822932 -0.570156693 165 209 229 
-0.219746411 0.238249451 -0.943966031 139 179 199 
-0.266724825 0.26668033 -0.923337638 149 187 203 
-0.227730006 0.268027872 -0.908342123 147 185 203 
-0.177607715 0.0277577639 -0.539525926 150 196 222 
-0.179276422 0.0298226476 -0.485861719 152 197 221 
-0.192797706 0.0333357453 -0.48246485 155 201 224 
-0.179664284 0.0300814807 -0.470931143 149 195 220 
-0.228926241 0.269827574 -0.873421669 147 186 206 
-0.226355553 0.255234897 -0.829284728 151 191 213 
-0.221021086 0.229782611 -0.791359127 130 170 198 
-0.216839284 0.208859414 -0.750843048 123 165 194 
-0.25431931 0.196677715 -0.700993657 129 172 204 
-0.218778163 0.213627592 -0.714813948 126 169 198 
-0.181096047 0.0324806571 -0.431858331 146 194 222 
-0.206624269 0.0483431816 -0.420424104 154 200 224 
-0.183636546 0.0396612585 -0.395015925 134 181 212 
-0.21897234 0.2127489 -0.696135283 128 171 201 
-0.217598081 0.202857286 -0.649309635 146 187 218 
-0.219379663 0.206520483 -0.608223677 148 191 219 
-0.186540246 0.0493804216 -0.369709224 128 175 207 
-0.226356223 0.0619211495 -0.358511955 129 175 203 
-0.188537166 0.0538366437 -0.327548772 146 193 222 
-0.219854876 0.207232997 -0.594323754 153 196 221 
-0.220079526 0.203623891 -0.543904841 167 211 231 
-0.257848859 0.209691614 -0.536453724 168 211 228 
-0.221857622 0.208702698 -0.518709779 167 210 231 
-0.188772172 0.0536584854 -0.314779222 146 193 221 
-0.191165164 0.0585692823 -0.259487271 138 185 217 
-0.207638323 0.0619659126 -0.255829364 137 183 214 
-0.2752285 0.246678859 -0.514423311 155 197 221 
-0.257584572 0.228109628 -0.474106073 156 196 214 
-0.230090708 0.239375412 -0.481569201 139 182 211 
-0.241267249 0.284619331 -0.471214503 170 214 235 
-0.249947235 0.317504376 -0.438140899 167 213 235 
-0.255284369 0.337460786 -0.414873093 173 219 240 
-0.25777632 0.346176922 -0.397323489 175 222 242 
-0.261410356 0.357039541 -0.351191789 174 223 244 
-0.263052195 0.362210155 -0.333271533 176 223 245 
-0.271695614 0.384983689 -0.282502711 165 217 243 
-0.269853622 0.385795414 -0.283102304 165 217 243 
-0.2699278 0.386014909 -0.282135993 165 217 243 
-0.268253148 0.374942958 -0.235985488 166 214 239 
-0.268141121 0.370010972 -0.186323166 170 219 243 
-0.266422302 0.358765423 -0.140271932 168 220 245 
-0.266434968 0.358786732 -0.139927432 168 220 245 
-0.267952353 0.36028564 -0.086919263 169 223 246 
-0.15307197 0.161829799 -0.992864013 168 210 226 
-0.162362128 0.168359071 -0.988291323 169 212 226 
-0.155425936 0.171333969 -0.990406275 166 209 224 
-0.144343674 0.126556784 -1.00161886 172 214 230 
-0.129995659 0.0531899035 -0.845068455 170 212 228 
-0.128709972 0.0491631329 -0.859347939 173 214 230 
-0.135916993 0.0747562349 -0.812869787 159 204 227 
-0.156923145 0.176962048 -0.98420912 165 207 223 
-0.163869038 0.203046322 -0.955176771 167 205 220 
-0.139644831 0.0866120756 -0.773469329 146 191 217 
-0.140280381 0.0862722099 -0.740513682 153 195 218 
-0.173919246 0.243744045 -0.946012855 155 191 208 
-0.17518732 0.248991996 -0.946112096 154 190 206 
-0.142287537 0.0925041437 -0.717616081 157 200 221 
-0.14017868 0.0797261298 -0.672441363 166 209 226 
-0.137303203 0.0639357865 -0.628989577 167 209 228 
-0.133171856 0.0432108641 -0.588360071 169 211 228 
-0.12957707 0.0245942473 -0.546524823 154 198 223 
-0.154943183 0.0241441727 -0.543982208 152 197 222 
-0.12774089 0.0141114295 -0.514336944 148 194 221 
-0.176095575 0.252295405 -0.941121817 153 190 206 
-0.181490764 0.270112008 -0.891411066 152 192 209 
-0.127705827 0.0127498507 -0.500816047 147 192 221 
-0.130824909 0.0205136836 -0.44389239 142 188 218 
-0.140357152 0.0231887996 -0.44138965 143 189 219 
-0.131411821 0.0221993625 -0.435679317 142 189 219 
-0.181654587 0.269646317 -0.8787148 152 193 211 
-0.181573123 0.264834374 -0.828983724 150 189 210 
-0.175096571 0.234894603 -0.793624759 136 178 204 
-0.170136154 0.210912049 -0.754858494 118 158 188 
-0.165797442 0.189372331 -0.714695096 126 168 199 
-0.206625313 0.208221748 -0.699954808 127 170 200 
-0.168860018 0.197499603 -0.664404035 133 176 208 
-0.133143157 0.025130868 -0.388768345 137 185 218 
-0.165094241 0.0355553925 -0.379586548 130 176 209 
-0.1340058 0.0249559581 -0.347221226 134 180 212 
-0.169571862 0.199711174 -0.656298578 135 177 210 
-0.171557069 0.203019708 -0.601923048 149 189 218 
-0.200859651 0.205131426 -0.597554326 150 192 220 
-0.172739357 0.206619203 -0.587642848 152 192 220 
-0.135809392 0.0311153531 -0.332862318 136 183 214 
-0.176236182 0.0512125492 -0.317487299 149 197 225 
-0.139385968 0.0415053964 -0.284118235 153 198 229 
-0.17612724 0.216485262 -0.541738212 166 209 232 
-0.177421138 0.219711348 -0.518184364 168 211 235 
-0.14010644 0.043507725 -0.27329126 152 197 229 
-0.183500081 0.24096325 -0.475254774 142 188 217 
-0.194681227 0.243334949 -0.472735941 138 183 213 
-0.18020463 0.223522693 -0.432746798 141 189 216 
-0.181326538 0.223727524 -0.432512075 141 189 216 
-0.180264339 0.223701701 -0.431994289 141 189 216 
-0.210582167 0.28068009 -0.450673312 157 202 225 
-0.180885389 0.2261976 -0.431216866 141 188 216 
-0.19230482 0.273222625 -0.429501981 149 193 219 
-0.19998157 0.305723131 -0.438215077 160 206 227 
-0.20519428 0.326946318 -0.434735507 166 214 232 
-0.20689477 0.332886845 -0.422678649 166 213 233 
-0.211893588 0.350026071 -0.383637011 169 217 236 
-0.216118798 0.364638627 -0.352034926 175 223 241 
-0.218023762 0.370288342 -0.32735917 179 226 243 
-0.225669205 0.398051918 -0.284870833 164 215 241 
-0.22590673 0.398606062 -0.280123889 165 217 243 
-0.22411406 0.387070328 -0.234238654 168 214 239 
-0.221705422 0.373114407 -0.189737618 162 210 233 
-0.265144825 0.359243631 -0.140152186 168 220 244 
-0.223035514 0.374929249 -0.148839504 158 211 236 
-0.223117337 0.374170363 -0.136650473 157 210 236 
-0.224324659 0.374422401 -0.0840231404 159 214 244 
-0.103139415 0.151193112 -1.00413728 172 211 225 
-0.110749535 0.181154817 -0.987697363 158 197 214 
-0.100796372 0.141967088 -1.00918496 177 215 228 
-0.083990626 0.0547752082 -0.849261403 171 216 232 
-0.0832039118 0.0548767447 -0.849088907 171 216 232 
-0.0907508656 0.0821526647 -0.805704117 153 198 221 
-0.110976771 0.181988031 -0.986523926 158 197 214 
-0.118879691 0.211317897 -0.949619889 163 202 218 
-0.0927498713 0.0879108608 -0.777915895 148 192 218 
-0.0941264629 0.0888280272 -0.724908113 169 208 225 
-0.0950754583 0.0888002515 -0.724818945 169 208 225 
-0.0939128697 0.0877212286 -0.72241509 168 207 224 
-0.129674822 0.255457371 -0.944502831 150 185 204 
-0.130654275 0.259522438 -0.944707751 150 184 203 
-0.0910912007 0.0724099576 -0.681815386 152 197 218 
-0.0894245952 0.0613695681 -0.63564682 168 209 227 
-0.086635448 0.0459185243 -0.592000902 168 210 228 
-0.0832493305 0.0281217694 -0.549696684 156 199 225 
-0.0802340433 0.0117821097 -0.506559014 150 194 224 
-0.115034997 0.0109637976 -0.503179967 147 193 222 
-0.0793213919 0.00540229678 -0.477564842 143 188 219 
-0.131678909 0.26333192 -0.939998865 150 185 203 
-0.137668222 0.284159809 -0.896472454 144 184 202 
-0.121276706 0.204491824 -0.763720036 128 171 201 
-0.14199692 0.205510557 -0.760888994 120 161 192 
-0.126808196 0.230397984 -0.797643423 132 177 204 
-0.121425748 0.203752458 -0.748661637 125 168 200 
-0.0794761553 0.00431236625 -0.458348244 141 186 218 
-0.0815099329 0.00781175494 -0.403863549 136 182 217 
-0.0928354859 0.0118512511 -0.40042159 137 183 217 
-0.0818591341 0.0078804493 -0.388594925 136 182 216 
-0.137962505 0.283530027 -0.87596339 141 182 202 
-0.135567546 0.26962781 -0.831431568 145 184 206 
-0.127282888 0.232583493 -0.800136089 133 177 205 
-0.121814139 0.202111751 -0.712598205 131 172 203 
-0.121495783 0.196369052 -0.663399577 148 188 215 
-0.155408815 0.197778493 -0.658906221 139 181 212 
-0.122751556 0.200231045 -0.648662806 153 192 218 
-0.083005473 0.00919631124 -0.350588471 135 182 216 
-0.124811664 0.0224656761 -0.338776141 134 180 212 
-0.0849237293 0.0129667819 -0.304419518 146 190 221 
-0.125319347 0.206900939 -0.604892612 151 191 218 
-0.127344877 0.212885275 -0.57839936 152 192 220 
-0.0857073516 0.0153208673 -0.294602305 146 190 222 
-0.133574307 0.0386987329 -0.276625067 153 198 230 
-0.131254569 0.225730151 -0.541640043 160 205 230 
-0.133071691 0.231150731 -0.518450797 154 202 229 
-0.137757629 0.246790528 -0.47711131 146 196 225 
-0.178781569 0.224343508 -0.432456642 141 189 217 
-0.138702929 0.248943031 -0.457632512 149 200 227 
-0.146390542 0.276915371 -0.41552797 164 207 228 
-0.15952602 0.332324028 -0.428190023 154 201 223 
-0.160067797 0.334539026 -0.427930683 154 201 223 
-0.160349965 0.335561514 -0.426338345 154 201 223 
-0.166715473 0.357363164 -0.376362294 158 206 229 
-0.168326095 0.36240989 -0.35849911 164 212 234 
-0.17230013 0.374924898 -0.315120131 181 228 244 
-0.17494148 0.38391158 -0.293717921 177 224 242 
-0.21700336 0.398221582 -0.281311423 166 217 243 
-0.178302705 0.394555449 -0.257681042 174 222 242 
-0.178931445 0.395097315 -0.234837025 174 223 245 
-0.179196447 0.391646743 -0.184327424 162 213 239 
-0.179653898 0.391159713 -0.157913297 156 209 237 
-0.179310322 0.387602419 -0.134157419 152 206 235 
-0.180698201 0.388563931 -0.0811242908 157 210 239 
-0.108842731 0.181313068 -0.987125635 158 197 214 
-0.055793114 0.150169849 -1.00350153 174 215 228 
-0.0650720224 0.186019748 -0.975878119 164 203 217 
-0.0377417244 0.0608076155 -0.839229107 168 211 228 
-0.0448325798 0.0858256519 -0.791693807 153 196 218 
-0.0739901066 0.220083445 -0.944971025 152 192 211 
-0.0455719605 0.0880979002 -0.782998383 152 195 218 
-0.0452162586 0.0822084546 -0.733883739 159 200 220 
-0.044370804 0.0743946731 -0.685869694 159 201 220 
-0.0714780837 0.0716719925 -0.684372008 153 197 218 
-0.0434782803 0.0690365732 -0.66730535 160 202 221 
-0.0858939141 0.268992096 -0.941951036 151 186 203 
-0.0859759524 0.269333839 -0.941981435 151 186 203 
-0.0429919772 0.0644850433 -0.639054298 164 206 224 
-0.0403034016 0.0494291782 -0.595182478 169 210 228 
-0.0363667756 0.0294693112 -0.554115415 158 201 226 
-0.0320127942 0.00786960125 -0.51398629 147 192 222 
-0.0318331458 0.00267192721 -0.464475989 146 189 220 
-0.0555485897 0.00252225995 -0.461951345 143 187 218 
-0.0316832066 0.000561058521 -0.447903007 144 187 219 
-0.113101363 0.303863853 -0.919991493 146 182 198 
-0.0968492925 0.313076824 -0.928867638 139 176 192 
-0.0769617558 0.220420003 -0.812282562 132 172 199 
-0.125888541 0.232249349 -0.800471067 133 177 205 
-0.0854033455 0.256414413 -0.824706495 141 184 206 
-0.0769663379 0.215946168 -0.762358189 135 177 203 
-0.0725351796 0.194043189 -0.722402513 134 174 204 
-0.0839275718 0.196726054 -0.719691217 133 173 203 
-0.0731275082 0.195643693 -0.712993145 134 175 205 
-0.0320352577 -0.00102573633 -0.41410768 141 185 219 
-0.0320524387 -0.0054500699 -0.364154994 134 181 216 
-0.0492386632 -0.000436246395 -0.359539002 133 180 215 
-0.0318514556 -0.00869083405 -0.337370038 140 186 220 
-0.0994617268 0.322303504 -0.911459327 135 170 188 
-0.0980739146 0.312358648 -0.864664197 138 173 191 
-0.0897959843 0.275340706 -0.833353519 146 187 208 
-0.0747550726 0.198273957 -0.667499542 137 180 209 
-0.077334702 0.206386343 -0.639215648 146 186 214 
-0.0324012302 -0.00857138634 -0.313457072 141 187 222 
-0.0765591413 0.0113050342 -0.297792166 144 189 221 
-0.0805905908 0.216711357 -0.604470968 152 191 220 
-0.0825752914 0.222244814 -0.574842453 152 193 222 
-0.0965823829 0.248725057 -0.532941103 137 184 218 
-0.0905185118 0.251482487 -0.535063863 133 180 216 
-0.0908945203 0.252706289 -0.531400383 133 181 216 
-0.0927406549 0.255468398 -0.47733742 147 197 229 
-0.0940476358 0.258868456 -0.455115885 150 200 231 
-0.0956782401 0.262519062 -0.420821577 157 206 232 
-0.138324514 0.275329709 -0.409166485 164 208 229 
-0.0980473012 0.268583775 -0.379449844 156 204 228 
-0.157979965 0.334605902 -0.427118599 155 202 223 
-0.106425397 0.304747373 -0.396668911 167 215 235 
-0.113059439 0.332815677 -0.404000372 171 219 238 
-0.118559979 0.352427244 -0.369398206 170 217 236 
-0.136435494 0.358174622 -0.364307433 165 213 233 
-0.12026161 0.358384788 -0.357478023 168 215 235 
-0.123592958 0.367711246 -0.308173269 165 213 234 
-0.148924202 0.373505831 -0.302237481 174 221 239 
-0.125152186 0.372510523 -0.289919525 169 218 238 
-0.132394254 0.398277164 -0.243760258 177 223 242 
-0.13285318 0.399605185 -0.237448215 177 224 243 
-0.146208405 0.410871208 -0.177494496 161 214 243 
-0.137630135 0.41411227 -0.179344118 162 215 244 
-0.137817651 0.414620042 -0.176377207 161 215 244 
-0.136692852 0.405708641 -0.128990948 166 215 240 
-0.155105129 0.404231995 -0.0754134059 156 211 240 
-0.139155477 0.411578685 -0.0811612308 158 212 240 
-0.139454603 0.412068427 -0.0728702769 158 212 241 
-0.0112107843 0.160456419 -1.0016489 164 201 216 
-0.0195129439 0.191470981 -0.965136707 166 204 216 
0.00599057227 0.0710566342 -0.797934651 159 202 223 
-0.0342976525 0.085157007 -0.785837054 152 195 217 
0.00816880167 0.0645189881 -0.825289369 168 212 230 
0.00331944972 0.0784406662 -0.757355809 157 197 218 
-0.0308763683 0.237640202 -0.956482887 150 185 200 
0.00230942667 0.0810289383 -0.739747763 160 201 221 
0.00281013548 0.0745697916 -0.690958977 156 199 220 
0.00499086082 0.061509341 -0.645945787 159 201 219 
-0.0197278671 0.0613579452 -0.643311858 160 202 220 
0.00863464922 0.0427001715 -0.604220629 158 201 221 
0.000829234719 0.0434938669 -0.602931142 159 202 221 
0.00939300656 0.0382891595 -0.590020776 158 201 222 
-0.0360440761 0.258680493 -0.953038216 149 184 199 
-0.0424144641 0.284673989 -0.949418545 152 187 202 
0.0106527209 0.0302788019 -0.558841884 160 203 226 
0.0128918961 0.0169886947 -0.513960063 151 195 224 
0.0142388344 0.00720444322 -0.467073053 147 191 223 
0.0155477077 -0.00226402283 -0.421947449 146 190 223 
-0.0469275191 0.301444292 -0.92857933 146 181 198 
-0.0677058175 0.314851552 -0.919002652 142 177 194 
-0.050289005 0.313571662 -0.90901494 144 178 196 
-0.0393918529 0.262851119 -0.845686436 152 190 208 
-0.0638298988 0.270110011 -0.83905232 149 188 208 
-0.0446288921 0.285551608 -0.857506394 148 184 204 
-0.0302194059 0.22231847 -0.816386163 135 179 203 
-0.0270789191 0.205486864 -0.773529887 128 169 196 
-0.0244382694 0.19061926 -0.729550302 136 176 203 
-0.0261016861 0.193833858 -0.688903928 143 181 209 
0.01554849 -0.00243335962 -0.420102239 146 190 223 
0.0160058141 -0.00872212648 -0.37121594 142 186 220 
0.0172584355 -0.0181357861 -0.324116915 139 187 220 
-0.0103275031 -0.0138579011 -0.318758488 143 189 223 
-0.0505176336 0.311058968 -0.870597005 148 185 203 
-0.0271719657 0.196868837 -0.67349267 142 180 209 
-0.0311532542 0.208756596 -0.622810483 147 186 215 
-0.0320477746 0.21153532 -0.61262089 149 189 217 
-0.0379095748 0.232118547 -0.572230816 150 196 224 
-0.046187494 0.263013124 -0.535498083 136 184 219 
-0.0467177145 0.264685422 -0.529738307 137 185 220 
-0.0502470583 0.274061292 -0.471892595 160 208 236 
-0.0505882278 0.274713933 -0.463481933 160 208 236 
-0.051879026 0.275981873 -0.41831094 152 201 231 
-0.0538333505 0.280693978 -0.380949467 162 212 235 
-0.0841456726 0.32963717 -0.38557741 163 214 235 
-0.0572101288 0.292437315 -0.356415957 168 218 237 
-0.0745199621 0.309127152 -0.345434785 172 220 238 
-0.0596826151 0.299565643 -0.322115362 162 210 233 
-0.0659045354 0.326599866 -0.336876571 170 217 236 
-0.0736804157 0.358776093 -0.337435067 168 215 236 
-0.0764633417 0.368088067 -0.313147187 163 211 235 
-0.079882741 0.379395545 -0.2818138 164 212 236 
-0.0852227286 0.398014098 -0.243547708 172 222 242 
-0.114060894 0.400298268 -0.239136189 176 224 243 
-0.0866473988 0.402798831 -0.23131004 173 223 243 
-0.0936121196 0.427192509 -0.182626873 162 213 241 
-0.0941410661 0.428564698 -0.173590958 163 215 243 
-0.0941153169 0.423971713 -0.123734772 171 220 245 
-0.0959820747 0.428840041 -0.0921300352 172 223 247 
-0.097554855 0.432994694 -0.066090852 169 220 244 
0.0344841406 0.165235162 -0.989671111 171 209 221 
0.0261121988 0.196595162 -0.953794003 154 191 208 
0.0545686185 0.0657422245 -0.806163728 175 216 232 
0.0546006262 0.0656498075 -0.806605816 175 216 232 
0.0521440208 0.070777297 -0.750800729 158 197 218 
0.0228518397 0.0761498213 -0.744659305 159 199 219 
0.0516425073 0.0702090263 -0.721461475 162 202 219 
0.0140764639 0.246092588 -0.951258421 141 177 196 
0.051067099 0.0705169737 -0.69846642 160 202 219 
0.0529615581 0.0585813224 -0.652809918 154 198 217 
0.0550597906 0.0458450317 -0.607611299 159 203 221 
0.0563885719 0.0366291702 -0.566206932 165 209 226 
0.0110894144 0.259042114 -0.958020926 142 177 195 
0.000964097679 0.300919741 -0.958520412 173 206 221 
0.0181566253 0.217797816 -0.824161172 135 177 202 
-0.00767686963 0.219667822 -0.820305228 135 179 204 
0.0146297216 0.233268946 -0.834159613 139 179 203 
0.0227998495 0.195061564 -0.784682155 135 177 200 
0.0053152591 0.19997263 -0.780089259 128 172 198 
0.0223723948 0.194939315 -0.763699174 131 173 199 
0.0564648211 0.0358325243 -0.560854852 166 210 227 
0.0586809814 0.0226328373 -0.515921295 152 197 223 
0.0606781393 0.0102936327 -0.470495611 150 194 223 
0.0621292144 0.00010022521 -0.423842579 146 190 223 
0.018063359 -0.00250029564 -0.420414984 146 190 223 
0.0630982816 -0.00667157769 -0.393082827 145 189 222 
-0.00287885964 0.313926935 -0.926629245 171 206 221 
-0.00340948999 0.312486112 -0.886257172 158 195 212 
0.00692142546 0.266435534 -0.848825812 143 179 200 
-0.00168470293 0.303947657 -0.870561123 152 188 206 
0.0224142447 0.192084879 -0.733901501 133 172 200 
0.0205435008 0.194943696 -0.679783225 145 184 212 
0.00565215945 0.195568353 -0.677807033 144 182 211 
0.0201074034 0.196067214 -0.672247052 150 188 214 
0.0631103665 -0.00824680924 -0.376133531 145 190 223 
0.0634646714 -0.0141307712 -0.327015668 146 190 223 
-0.00347363204 0.311772138 -0.875378549 152 188 207 
0.0136960894 0.217721283 -0.61852777 147 188 217 
0.0129998177 0.220092937 -0.612915754 147 189 218 
0.00692859292 0.241138607 -0.568049848 142 192 222 
0.00178894401 0.259651452 -0.537806988 143 191 223 
-0.0296094604 0.264935404 -0.531482279 138 186 220 
-0.000168263912 0.266186386 -0.520569146 140 189 222 
-0.00216509402 0.270696104 -0.479006797 147 195 229 
-0.00444439799 0.277270406 -0.447419137 153 202 233 
-0.00864715129 0.291673899 -0.41452527 152 203 233 
-0.00829657167 0.286255598 -0.370410919 153 206 235 
-0.00856918097 0.286875695 -0.364786416 152 206 235 
-0.0145036578 0.306898624 -0.314833105 154 206 231 
-0.0239214636 0.347198725 -0.330284417 166 217 238 
-0.0284722559 0.365964532 -0.329887033 174 223 242 
-0.0306585096 0.37367025 -0.315143913 168 217 239 
-0.0350306183 0.388346523 -0.277505875 163 211 237 
-0.0391778983 0.402653307 -0.246083766 167 214 239 
-0.0415141135 0.410357922 -0.224443406 166 215 239 
-0.0468324907 0.428238302 -0.178967118 164 212 237 
-0.0669199377 0.430062443 -0.175767466 163 212 239 
-0.0477886498 0.431334853 -0.16947934 165 213 238 
-0.051145792 0.440694541 -0.119359545 164 214 240 
-0.0526023358 0.445079952 -0.101221167 165 216 242 
-0.0544174016 0.449057698 -0.0620930195 170 223 247 
-0.658911288 0.112847745 -1.01775217 153 189 209 
-0.689165592 0.232365459 -0.956882358 143 176 191 
-0.733764887 0.222162992 -0.958889723 147 184 202 
-0.700884759 0.282137722 -0.97193563 147 188 207 
-0.729485571 0.282739669 -0.968465328 149 188 205 
-0.703123927 0.291380316 -0.971842527 146 188 208 
-0.746299803 0.274131387 -0.960896492 151 188 203 
-0.717062056 0.326940536 -0.945785761 158 200 217 
-0.713132441 0.330842078 -0.950858653 154 196 213 
-0.713779271 0.332803398 -0.942957163 155 197 214 
-0.692354739 0.291726917 -0.967656612 144 185 205 
-0.653937995 0.27887699 -0.928095639 138 173 191 
-0.68591994 0.334478289 -0.94510746 143 184 202 
-0.667544484 0.336150497 -0.939854622 134 173 192 
-0.672125995 0.354698122 -0.935623884 135 173 193 
-0.68325609 0.376316905 -0.922640443 136 174 195 
-0.679528952 0.385394245 -0.936852753 136 174 195 
-0.712431729 0.410448998 -0.900866985 129 162 179 
-0.690131128 0.427795053 -0.921271682 121 157 174 
-0.725708067 0.448429376 -0.878747225 148 181 197 
-0.698082149 0.457070976 -0.881563485 151 183 200 
-0.698402107 0.457943887 -0.876572013 153 185 203 
-0.56991303 0.134244472 -1.01556075 155 192 209 
-0.619278252 0.332606971 -0.953448474 139 170 185 
-0.662576616 0.340128392 -0.944599032 135 173 193 
-0.626151383 0.362225264 -0.967024982 143 172 187 
-0.633634448 0.393507987 -0.971098959 124 158 177 
-0.664424062 0.403714836 -0.96216315 127 164 186 
-0.639172375 0.4165999 -0.973455071 127 165 187 
-0.666035593 0.444518656 -0.939789295 123 159 176 
-0.648532629 0.452852458 -0.946571827 128 162 181 
-0.64991045 0.457460523 -0.934521019 128 163 182 
-0.653366446 0.466697156 -0.878496766 155 185 202 
-0.653492749 0.467044562 -0.876556277 156 186 203 
-0.578629732 0.358449489 -0.943857193 140 175 190 
-0.579270363 0.361131787 -0.944252551 140 175 191 
-0.590983212 0.411481231 -0.966008544 144 178 194 
-0.594661653 0.427240819 -0.97225374 159 194 209 
-0.598477304 0.440927505 -0.949166596 138 174 194 
-0.620510399 0.455537707 -0.938797712 133 169 189 
-0.602092683 0.453942776 -0.927813828 132 169 190 
-0.603554189 0.456383973 -0.887843132 127 164 187 
-0.650584996 0.466612399 -0.877110958 155 185 203 
-0.541597962 0.369410425 -0.941963911 143 175 191 
-0.534403145 0.37000832 -0.939807773 143 174 190 
-0.546137989 0.420834154 -0.965848565 125 160 181 
-0.549800873 0.436148971 -0.967867017 128 166 189 
-0.534704745 0.371418327 -0.941629052 144 175 191 
-0.554513216 0.453742355 -0.947026551 128 166 191 
-0.557673156 0.465035468 -0.927442908 129 167 193 
-0.560711086 0.473603815 -0.883183658 134 170 192 
-0.537038743 0.434547603 -0.959388494 129 165 188 
-0.505886912 0.419247895 -0.918777049 139 178 197 
-0.503117442 0.432864815 -0.911673963 140 179 199 
-0.510366619 0.46183604 -0.900799215 132 169 192 
-0.508080125 0.45051676 -0.879991233 130 167 190 
-0.511646986 0.466379493 -0.892505109 137 174 196 
-0.500124454 0.461836517 -0.896242619 131 167 189 
-0.272849947 0.0712931156 -0.976595402 180 224 237 
-0.268967628 0.0515466332 -0.935406208 180 222 237 
-0.226033002 0.0728982687 -0.98086679 179 222 235 
-0.220712274 0.0474999547 -0.942910194 185 222 236 
-0.218446016 0.034103483 -0.89808923 187 230 243 
-0.180643111 0.0801108479 -0.981930971 183 230 245 
-0.171423972 0.0393947959 -0.952735424 195 234 243 
-0.170587271 0.0316153467 -0.904701829 194 233 243 
-0.125358462 0.0439527631 -0.955317974 177 221 236 
-0.165318504 0.0395761132 -0.953307688 193 232 242 
-0.128340304 0.0574177504 -0.968047738 174 219 232 
-0.12309368 0.0314447284 -0.920302212 187 226 236 
-0.133446425 0.0802242756 -0.98705554 171 217 229 
-0.122710876 0.0290579498 -0.911353946 189 227 237 
-0.0796073824 0.0497460961 -0.957193911 185 224 235 
-0.0861176252 0.0793856084 -0.987668395 175 219 235 
-0.0747691914 0.0262438357 -0.918152988 186 226 238 
-0.118088104 0.028168112 -0.912346005 189 227 237 
-0.0764438361 0.0314961076 -0.899634361 177 219 235 
-0.0869751498 0.0831877589 -0.990550041 175 219 234 
-0.0831780285 0.0547924936 -0.849341273 171 216 232 
-0.0397477821 0.0831804872 -0.995743632 188 231 243 
-0.0801394358 0.0830329657 -0.991385341 177 220 235 
-0.0439229719 0.101492196 -1.00754416 181 222 234 
-0.0336780846 0.054839313 -0.959470272 193 230 240 
-0.0284074321 0.0296377838 -0.921401262 185 226 239 
-0.0313304104 0.0391534865 -0.892948449 181 223 238 
-0.0363421738 0.0563235581 -0.85365504 168 211 229 
0.00649472326 0.0870429873 -0.998723984 188 230 239 
-0.000264391303 0.116351694 -1.01409769 178 219 233 
0.0126049966 0.0585423708 -0.962541819 192 229 240 
0.019213222 0.0280851424 -0.92747879 182 225 239 
0.0144304484 0.0436058342 -0.880370736 170 214 231 
0.0126358867 0.0494373739 -0.862783074 166 211 230 
0.0658978224 0.0302105248 -0.931452632 176 222 237 
0.0525884032 0.028285414 -0.931037307 177 223 238 
0.0646334291 0.0361525118 -0.939432442 176 222 237 
0.0658675134 0.0300432146 -0.928201854 175 222 236 
0.0513645709 0.0962989926 -0.998619318 186 226 237 
0.044183597 0.127303332 -1.01346755 164 206 221 
0.0591936707 0.0610446334 -0.966300011 178 222 235 
0.0611990392 0.0441813767 -0.870978713 184 223 236 
0.045753926 0.0449850857 -0.868844271 178 219 235 
0.0605051816 0.0465043485 -0.86493665 182 221 236 
0.0670005381 0.0721924007 0.714348078 166 206 225 
0.0706162751 0.05349347 0.756136358 155 196 219 
0.0737061054 0.036860913 0.799106419 170 209 227 
0.0760976672 0.0229720175 0.843645871 172 210 228 
0.0809424222 -0.000556081533 0.882671952 178 217 230 
0.0823665112 -0.0106434524 0.929385662 165 204 222 
0.0615195483 -0.00910377502 0.932514071 166 202 219 
0.0816849619 -0.00888171792 0.941098809 170 206 223 
0.0375221968 0.199658513 0.651269794 127 167 196 
0.0720235705 0.0288616419 0.965241551 186 225 235 
0.0373237804 0.19778356 0.681214094 135 173 199 
0.0335129052 0.209421501 0.726848185 130 169 196 
0.0648245215 0.058283478 0.968808651 176 216 230 
0.0591810644 0.0823529661 0.960435271 181 221 235 
0.0303696245 0.220616356 0.746756673 131 170 195 
0.0266953409 0.233086631 0.776870608 129 170 193 
0.0425834805 0.154657781 0.918964148 151 191 210 
0.0299462155 0.152515322 0.919187307 153 193 210 
0.0421769917 0.156445712 0.91775775 150 191 209 
0.0528079569 0.109991401 0.945900083 177 216 228 
0.0246750712 0.238499895 0.809468389 120 160 183 
0.0222547948 0.244984537 0.848524451 136 174 193 
0.0319240987 0.197117239 0.936517715 146 181 197 
0.0137105286 0.277197629 0.882833302 145 182 204 
0.0270737708 0.215599358 0.953819871 139 175 191 
0.0127504244 0.230740875 0.963630676 140 177 194 
0.022809051 0.232155979 0.965632319 135 171 187 
0.0134266689 0.278205901 0.884661615 145 183 204 
0.0145819411 0.269174695 0.931979299 153 192 209 
0.0220275149 0.23542738 0.965160608 134 171 187 
0.116676733 0.0580712557 0.753565192 145 187 211 
0.120526671 0.038452059 0.794827044 177 218 233 
0.122107267 0.0277496576 0.841188967 172 211 230 
0.130253255 -0.00874981284 0.872796059 177 219 233 
0.128908455 -0.0079575479 0.925732374 173 212 227 
0.126526415 0.00012204051 0.945309639 166 208 225 
0.0845197737 0.19798851 0.675102055 135 174 202 
0.116886377 0.0377597213 0.969646692 173 213 228 
0.0844138861 0.198315591 0.676328957 135 174 202 
0.0786753148 0.216836408 0.733979821 130 170 196 
0.110249832 0.06535694 0.967664957 179 218 233 
0.102975368 0.0965405405 0.955116868 183 223 238 
0.0778547823 0.219596103 0.740983665 132 171 197 
0.0719838589 0.239877239 0.785149872 139 176 197 
0.0884667635 0.159931749 0.916791141 147 187 207 
0.0858853012 0.171059042 0.911656678 143 183 203 
0.0981300771 0.117470324 0.944988132 174 216 231 
0.0695855916 0.24759607 0.809481502 135 173 194 
0.0696368515 0.242902875 0.859280467 117 156 179 
0.0563937128 0.245790273 0.862306416 124 162 184 
0.0692831576 0.243162185 0.872636676 120 160 181 
0.0804746598 0.191334724 0.934752226 132 170 192 
0.0507707596 0.198749632 0.942049861 138 174 193 
0.0774860531 0.202554286 0.947285295 129 166 187 
0.0172122568 0.27750051 0.883861899 144 181 203 
0.0647497773 0.257613569 0.92017746 130 166 182 
0.0527546257 0.263263464 0.924569011 134 169 185 
0.0738144815 0.217504293 0.949720025 126 164 184 
0.0320806354 0.235419631 0.964051723 131 168 185 
0.168996841 0.0290695727 0.836754441 174 212 231 
0.171397477 0.00897923112 0.949790001 173 217 232 
0.132716775 0.19408232 0.668718219 127 170 201 
0.0871170759 0.198164672 0.675949752 135 174 202 
0.132215798 0.192860872 0.705290377 122 163 193 
0.160868794 0.0510160327 0.966040254 177 218 234 
0.122761399 0.229579553 0.731316745 118 156 183 
0.155676782 0.0724238455 0.966517448 178 221 236 
0.146977395 0.109699756 0.951688886 181 223 235 
0.120620638 0.237119153 0.745816588 122 160 185 
0.121132106 0.230617672 0.794581175 134 170 192 
0.100990742 0.23823069 0.800935864 137 173 194 
0.119844213 0.233936086 0.816833675 126 161 183 
0.131533921 0.176270932 0.920946956 148 186 205 
0.131185025 0.177794069 0.920038104 147 186 205 
0.143848121 0.123393506 0.943186522 174 214 226 
0.118511856 0.23642154 0.850383937 119 155 176 
0.116921663 0.238319278 0.90230161 145 184 200 
0.0926845372 0.208894566 0.942962766 130 167 188 
0.117503777 0.235437512 0.907599092 145 183 200 
0.116298184 0.240627766 0.905272841 145 183 200 
0.183741689 0.179153532 0.654990196 124 165 196 
0.181049675 0.179706544 0.655586839 123 164 196 
0.18370682 0.179031104 0.657950103 124 164 196 
0.216416061 0.017106086 0.955612779 176 220 233 
0.179888964 0.189799994 0.713562727 119 157 187 
0.156348705 0.192081839 0.717390776 119 157 187 
0.17847681 0.194837183 0.72241962 118 156 185 
0.205031842 0.0633782744 0.964077473 178 220 236 
0.141483679 0.229677677 0.739475906 119 158 183 
0.169506282 0.229160592 0.752849221 127 167 191 
0.202527612 0.0738961697 0.962170005 180 221 236 
0.190482259 0.125320286 0.943736315 180 213 223 
0.166416079 0.23824653 0.793755054 126 165 189 
0.167736173 0.228567794 0.840702474 126 161 185 
0.161631018 0.230068415 0.84218967 123 157 181 
0.167818412 0.227431491 0.849553227 128 163 186 
0.177244276 0.182224423 0.919162631 149 186 204 
0.17476809 0.193027586 0.912797093 147 184 202 
0.189296871 0.130374879 0.941990137 177 210 220 
0.166852653 0.227547541 0.892602086 139 176 193 
0.119780004 0.238292694 0.903620005 145 183 200 
0.231154412 0.178417951 0.649379969 138 181 210 
0.230865985 0.176561296 0.683252573 129 169 199 
0.261301249 0.02589342 0.960221648 171 212 225 
0.223672777 0.203323275 0.716107965 126 165 193 
0.222673833 0.20703119 0.720766068 126 165 192 
0.249100477 0.0762078762 0.961255312 183 227 242 
0.218158901 0.220496908 0.778413653 143 184 204 
0.213601261 0.224293441 0.780979693 145 185 205 
0.217440605 0.222853199 0.785206258 146 186 206 
0.236040443 0.132268578 0.937883735 158 194 209 
0.199439526 0.129506379 0.940403104 175 208 219 
0.232438385 0.14860782 0.921689749 147 187 205 
0.248161256 0.0801509917 0.960558057 182 225 240 
0.214880407 0.228887126 0.835695684 131 171 196 
0.215365589 0.223040685 0.878387094 140 177 197 
0.226520807 0.174165517 0.909363747 136 177 197 
0.216563344 0.217111424 0.889286637 141 177 196 
0.214444786 0.226106972 0.886588693 139 176 194 
0.279592127 0.173654765 0.6414662 132 177 208 
0.280174732 0.166873604 0.690070927 124 166 196 
0.243675172 0.172024757 0.696883917 124 165 195 
0.278613448 0.171178877 0.713909268 123 162 189 
0.306350887 0.0338664353 0.966327429 184 220 232 
0.27000165 0.203726411 0.747603357 141 180 201 
0.296600163 0.0753830969 0.952641606 188 229 241 
0.251868188 0.0781626701 0.959069133 185 228 243 
0.292026222 0.0946952105 0.948032856 186 227 239 
0.266927093 0.21443519 0.769757152 143 183 204 
0.26405099 0.223099932 0.805514932 134 175 198 
0.275741756 0.166324794 0.899689794 136 176 196 
0.259132445 0.166794449 0.901770413 136 177 198 
0.274079323 0.173455268 0.896775484 135 175 195 
0.28151387 0.139152795 0.93663168 148 186 203 
0.262483627 0.227402866 0.829657257 129 168 191 
0.263113141 0.220437527 0.878156543 131 169 188 
0.224068522 0.22234118 0.883482635 139 177 195 
0.326627076 0.174403518 0.636704981 132 177 205 
0.326427996 0.170693845 0.687066436 123 161 190 
0.322350293 0.185650945 0.708067894 129 167 193 
0.350724638 0.0451856554 0.966281772 166 207 223 
0.316869169 0.203761131 0.758462608 128 168 192 
0.30533123 0.205302209 0.760568798 132 171 195 
0.316238761 0.205821007 0.764515281 130 170 194 
0.340630442 0.0879380107 0.954632998 175 216 229 
0.335781604 0.109075427 0.942360282 172 212 224 
0.310006201 0.226590201 0.819861233 120 158 180 
0.320835114 0.174702495 0.899291992 145 186 202 
0.318376392 0.185154051 0.896032274 144 185 200 
0.328296512 0.140892923 0.932437539 155 193 208 
0.309060305 0.229952335 0.825926006 121 159 180 
0.310189515 0.221023634 0.873302341 130 168 187 
0.37461251 0.166925699 0.679721773 118 155 181 
0.368981659 0.185793936 0.728567362 118 157 183 
0.39472878 0.05833444 0.962873101 175 216 229 
0.365532577 0.198111266 0.750041664 123 162 186 
0.361739755 0.211559832 0.774728 137 176 195 
0.379630953 0.124747932 0.918013811 157 197 213 
0.358523965 0.126817822 0.921459198 162 201 216 
0.376003683 0.140947223 0.904533446 153 194 211 
0.386389911 0.0936984718 0.952738166 167 207 220 
0.356698275 0.228331625 0.819809556 131 169 187 
0.321476758 0.227564126 0.823262453 122 160 181 
0.358885199 0.215606347 0.86081481 128 166 185 
0.359880507 0.191179812 0.903964877 144 182 197 
0.363690645 0.191817254 0.904545784 144 181 197 
0.341591597 0.250786811 0.886042476 113 149 168 
0.349133909 0.253794849 0.884139299 114 149 168 
0.363533527 0.192490637 0.90427649 144 181 197 
0.34987092 0.250146151 0.89084661 114 150 169 
0.319866985 0.286722362 0.907978237 126 156 173 
0.338504285 0.296331197 0.899471164 125 156 174 
0.340311974 0.287382394 0.915921569 125 157 174 
0.336010784 0.305126309 0.916215777 122 155 174 
0.418450892 0.180234581 0.682144403 135 169 192 
0.414594352 0.190979779 0.739796638 115 149 174 
0.437985599 0.0751829445 0.952663183 171 211 222 
0.41419223 0.192476153 0.741629183 115 150 174 
0.407743156 0.214811414 0.789512992 144 183 201 
0.425350606 0.130664974 0.916208684 142 182 202 
0.420037448 0.15394932 0.901394308 142 182 201 
0.433450222 0.0943477452 0.947920084 162 201 216 
0.407618493 0.213814259 0.806316853 145 183 201 
0.403470099 0.225880191 0.862691045 125 165 187 
0.413018495 0.183612674 0.894009233 140 179 196 
0.364327908 0.192256302 0.904061735 144 181 197 
0.404362112 0.221464291 0.870808661 126 167 187 
0.401055515 0.23511003 0.870980203 122 162 182 
0.362735122 0.255904466 0.886503041 113 149 168 
0.390603721 0.276177853 0.894469082 113 148 168 
0.383049309 0.306802452 0.900984466 116 146 166 
0.386066467 0.291866213 0.928441405 114 146 166 
0.381232023 0.313001633 0.915530622 110 142 162 
0.464340031 0.180993944 0.729872406 121 158 181 
0.415816963 0.190850675 0.740566373 114 149 173 
0.461731017 0.188621253 0.764894545 124 162 185 
0.493902266 0.0378853381 0.962919831 164 200 215 
0.481898308 0.0887842476 0.948422551 168 209 222 
0.457426667 0.2036663 0.795323193 130 168 189 
0.425564408 0.211563975 0.803120673 144 181 199 
0.456778705 0.203052551 0.831891298 129 168 187 
0.474181473 0.124357015 0.907411337 140 179 198 
0.462818861 0.173151165 0.886858344 139 178 194 
0.479721844 0.0980956554 0.944874287 166 206 219 
0.453201652 0.215775639 0.854732335 127 163 181 
0.417116463 0.227873236 0.865278542 126 164 184 
0.461215973 0.179793447 0.886635363 137 176 192 
0.408097327 0.308077931 0.909900069 123 154 173 
0.512182236 0.178570807 0.723297 118 154 176 
0.511023164 0.178633302 0.775815964 134 173 192 
0.489388764 0.185818374 0.782101929 131 170 190 
0.509428263 0.183487624 0.795093894 132 173 191 
0.521666825 0.123336107 0.901637971 142 183 202 
0.512817204 0.122969598 0.902411044 141 182 202 
0.520636499 0.128001958 0.897091866 141 182 202 
0.528988361 0.0900761783 0.935098052 148 187 204 
0.490050316 0.0946191847 0.941848159 165 205 219 
0.502398789 0.208202034 0.843187511 119 152 172 
0.51125741 0.168729186 0.87511766 130 168 189 
0.470173478 0.176681638 0.88395828 137 176 193 
0.502904952 0.205696255 0.847793818 120 153 172 
0.501953602 0.209777981 0.84611249 119 152 171 
0.47957325 0.302207917 0.846495032 108 138 157 
0.472026587 0.305197537 0.848950624 108 139 157 
0.477948844 0.309070349 0.844814658 107 137 155 
0.487027109 0.268427968 0.879657626 106 138 157 
0.462267697 0.27999565 0.888670981 105 136 154 
0.483988881 0.279169708 0.899780214 104 136 154 
0.476650238 0.313693136 0.85306406 111 141 159 
0.451670647 0.318624556 0.910849154 138 170 188 
0.47148782 0.330970377 0.898081839 140 171 188 
0.474742591 0.314857811 0.927701116 136 168 186 
0.470750153 0.332384288 0.916237712 141 174 192 
0.556981564 0.183611751 0.773473978 124 160 180 
0.554908812 0.189327449 0.805121005 118 155 176 
0.567024231 0.13067624 0.900646687 138 176 195 
0.563832343 0.145152301 0.886327147 139 176 195 
0.574410379 0.0971625149 0.93396163 153 191 205 
0.549359024 0.209070832 0.840518534 113 148 168 
0.507582009 0.208575979 0.844840109 118 151 171 
0.541023433 0.193830401 0.885501504 126 163 181 
0.550046921 0.203311056 0.872940779 122 158 176 
0.552506149 0.191136777 0.895320415 127 164 181 
0.541049778 0.24172008 0.859192431 102 135 154 
0.525964379 0.254219145 0.867649436 101 133 152 
0.536406636 0.260751843 0.860874176 100 131 151 
0.542934954 0.229821026 0.904869974 120 151 167 
0.541119099 0.237423033 0.903759003 116 146 163 
0.528436184 0.295773953 0.837625623 110 139 159 
0.520606935 0.328882366 0.829156995 101 131 150 
0.531338692 0.275755525 0.926818728 131 161 176 
0.483965695 0.349281162 0.871619642 123 152 169 
0.510085404 0.37088412 0.845471621 129 158 176 
0.520332336 0.3201572 0.938721657 138 172 191 
0.484076619 0.390501827 0.894031048 131 168 190 
0.501796961 0.401830703 0.882108688 133 172 196 
0.508503556 0.369602323 0.932335258 142 175 193 
0.506995857 0.376093835 0.929420114 142 175 194 
0.500731885 0.404630989 0.899886906 134 171 195 
0.606691241 0.173850864 0.76270169 133 167 185 
0.600354314 0.195340991 0.814828753 121 155 173 
0.610795021 0.1442509 0.903221369 136 172 191 
0.609655261 0.149297386 0.899469614 134 171 189 
0.62280345 0.0925747454 0.926148176 150 187 201 
0.565812767 0.222670332 0.846108437 110 144 163 
0.589994013 0.236544102 0.832611561 113 144 162 
0.597679555 0.198497266 0.902552187 130 161 176 
0.574873745 0.303361624 0.784292758 115 145 162 
0.559680104 0.308059454 0.788517892 114 145 163 
0.57244426 0.31333831 0.784968138 113 143 161 
0.582487762 0.268952549 0.817095578 110 137 156 
0.55573374 0.284264416 0.828364968 107 136 156 
0.571291029 0.24235028 0.908569753 123 153 168 
0.586101234 0.2457304 0.909250081 125 155 171 
0.56503284 0.342029005 0.806408703 108 137 157 
0.563175857 0.349136293 0.81268698 107 136 155 
0.540907145 0.276189923 0.930316925 132 163 178 
0.57663846 0.282490611 0.935200095 134 168 187 
0.554361403 0.382687092 0.844536841 136 168 187 
0.573050737 0.297049493 0.938132048 129 163 183 
0.565380216 0.328139007 0.944811225 114 146 169 
0.546645105 0.410801053 0.88638103 136 172 194 
0.516068876 0.37540555 0.934660792 140 172 191 
0.553273678 0.377986848 0.9467026 129 162 183 
0.546261132 0.41129604 0.898509502 138 174 197 
0.550605774 0.389733076 0.938659668 136 167 188 
0.650892317 0.181242973 0.814223349 123 156 175 
0.617559552 0.194001406 0.824826658 121 154 172 
0.64836365 0.18866235 0.847868264 128 163 181 
0.616250515 0.148004919 0.90466398 136 173 191 
0.656563759 0.148068219 0.922491431 144 177 193 
0.640427649 0.222361177 0.837741077 112 144 162 
0.633765876 0.250842988 0.827088535 109 137 156 
0.644896328 0.19581911 0.927526593 128 161 179 
0.644795597 0.196240783 0.927462578 128 161 179 
0.619948685 0.311811894 0.783936441 117 147 167 
0.617138326 0.323071957 0.787837267 115 145 164 
0.628734112 0.272799879 0.814106584 115 144 163 
0.633274436 0.243190914 0.9346807 138 169 187 
0.615367115 0.329814106 0.794232905 113 144 163 
0.60846132 0.355942219 0.82093811 110 141 162 
0.621932328 0.289254725 0.943528056 132 166 185 
0.599058568 0.392405152 0.84743464 144 177 198 
0.595732808 0.330653965 0.953920007 120 150 171 
0.611137152 0.332610756 0.957353234 122 152 172 
0.595939517 0.401658088 0.887807608 125 158 179 
0.563433647 0.409709662 0.895759583 133 169 190 
0.595358133 0.400638878 0.925824285 150 184 208 
0.608752429 0.342329323 0.958840609 135 167 186 
0.597814858 0.388477147 0.948180795 168 203 227 
0.595707297 0.39807871 0.938243508 160 194 220 
0.695468128 0.191654205 0.814988613 124 156 176 
0.692065477 0.203307867 0.841708124 129 160 179 
0.708569288 0.126701087 0.935287952 151 182 195 
0.701731145 0.155458659 0.929668069 149 177 190 
0.672970831 0.248607218 0.848442554 122 150 167 
0.681436658 0.245840281 0.85704726 129 157 175 
0.64521575 0.19620961 0.927703857 128 161 179 
0.690263569 0.202143133 0.937374592 144 176 192 
0.642196953 0.328032106 0.79031527 138 170 186 
0.670679688 0.29354611 0.820783019 126 155 175 
0.662371993 0.330133915 0.795617759 155 188 202 
0.679359734 0.254948288 0.851189971 129 157 173 
0.685725212 0.220953017 0.936712503 139 174 190 
0.677156508 0.256944031 0.93016088 136 170 189 
0.659214735 0.343086571 0.796634674 149 183 197 
0.636177778 0.367769063 0.812593102 122 154 173 
0.651439965 0.37416774 0.808196902 124 158 177 
0.665508926 0.304519922 0.936228871 148 181 195 
0.625757039 0.406440645 0.83477509 153 188 208 
0.641526639 0.413158357 0.830046892 152 188 208 
0.663895965 0.311217487 0.935856581 149 182 196 
0.618139863 0.336077452 0.954408169 128 159 178 
0.652391374 0.359373122 0.928918958 171 199 211 
0.641164362 0.414011091 0.837200284 153 189 210 
0.643257499 0.401294738 0.882410347 128 165 185 
0.646163702 0.385383904 0.925793171 162 189 205 
0.6123631 0.398712873 0.93675828 154 187 211 
0.689623475 0.31667152 0.831281304 137 170 190 
0.697467387 0.295730263 0.871385098 139 171 190 
0.701072276 0.273762941 0.911396623 141 174 190 
0.698099494 0.337077141 0.893807828 115 145 164 
0.670877576 0.307648391 0.933147907 148 180 195 
0.648410618 0.411923796 0.835268497 151 187 206 
0.67983532 0.396690041 0.875886023 152 194 214 
0.667286575 0.370812893 0.915545642 161 188 202 
-1.00596571 0.0693981349 -1.00178146 116 149 166 
-0.987319529 0.104193538 -0.984902143 175 206 213 
-1.00658393 0.11044237 -0.979385972 178 208 215 
-1.02991199 0.0859893858 -0.990124583 132 164 179 
-1.02529979 0.0686376989 -1.00905502 104 134 152 
-0.990350008 0.116524577 -0.98279655 184 211 217 
-0.991070032 0.11893031 -0.976473451 179 208 214 
-0.92644769 0.0474511087 -1.02245843 140 177 188 
-0.969132006 0.0327302516 -1.02577591 89 123 142 
-0.970622003 0.0390320718 -1.02739477 87 121 143 
-0.972917378 0.047603935 -1.01726878 105 141 158 
-0.9434883 0.117530555 -0.982463479 138 169 182 
-0.946005523 0.127988636 -0.983108401 134 166 180 
-0.946193159 0.128158599 -0.97638464 132 166 180 
-0.890043378 0.0930928886 -1.00163019 172 204 214 
-0.901900232 0.0945864618 -0.999514699 172 199 209 
-0.892737091 0.105359703 -1.01427329 163 193 205 
-0.898406267 0.125952929 -0.98283565 150 183 198 
-0.914830863 0.132650584 -0.977387428 138 173 188 
-0.84426558 0.0987813175 -1.00356615 158 194 208 
-0.847511888 0.112463832 -1.00657034 147 182 198 
-0.85373503 0.135989219 -0.982284904 156 187 199 
-0.804352582 0.1320059 -1.04223585 172 210 223 
-0.813278973 0.138876468 -1.03751743 169 207 220 
-0.807106078 0.143425971 -1.04272497 164 201 215 
-0.797699928 0.101374179 -1.0072726 153 190 204 
-0.808892429 0.149844199 -1.03203321 172 209 223 
-0.80972296 0.148615807 -0.980252504 175 210 217 
-0.790276349 0.144444138 -1.03701639 170 205 218 
-0.75086838 0.102922112 -1.01157665 159 191 207 
-0.758823097 0.135392815 -1.00719547 167 201 216 
-0.762794018 0.149781078 -0.984775543 166 204 218 
-0.724963069 0.137412935 -0.995660782 160 197 213 
-0.738996029 0.216404051 -0.95114851 151 187 205 
-0.754300177 0.253893584 -0.929072857 158 194 208 
-0.388311893 0.0190957189 0.578424394 170 211 226 
-0.338422596 0.00862914324 0.567248523 175 214 228 
-0.288095087 -0.00355949998 0.555087686 177 216 229 
-0.312929451 0.000594347715 0.560076296 176 214 228 
-0.289417505 0.000498682261 0.570705652 176 215 229 
-0.294041485 0.0153136849 0.618365347 175 212 225 
-0.239505097 -0.00892090797 0.546831727 169 211 227 
-0.243463159 0.00399294496 0.585044563 173 214 229 
-0.245460987 0.00998950005 0.610130727 174 215 229 
-0.190746114 -0.0149463117 0.538196027 168 210 227 
-0.205947965 -0.0147053599 0.539997578 167 209 226 
-0.191305771 -0.0131354928 0.543768167 168 210 227 
-0.197472721 0.00730881095 0.599711359 177 216 230 
-0.198003709 0.00907889009 0.604420424 178 217 231 
-0.144211963 -0.0122297108 0.534560323 169 212 228 
-0.146089613 -0.00598651171 0.551388741 173 216 230 
-0.150302589 0.00721013546 0.598162115 174 212 228 
-0.190144897 0.007473737 0.602683663 176 215 230 
-0.151753739 0.0119685829 0.61190778 175 212 227 
-0.0965338945 -0.0140079558 0.52835381 164 206 227 
-0.100491203 -0.000730156898 0.562488377 173 213 227 
-0.104180358 0.0115451515 0.59545207 177 215 229 
-0.106848441 0.0206561983 0.616699815 179 215 230 
-0.11095456 0.0336708426 0.660590231 180 213 227 
-0.0482572168 -0.0181382596 0.520801961 158 203 227 
-0.0498024747 -0.0181052387 0.520989716 158 203 227 
-0.0483118296 -0.0179675221 0.521412194 158 203 227 
-0.0542467311 0.00132808089 0.579467058 171 210 226 
-0.0547060892 0.00270920992 0.585208833 171 209 226 
-0.0608566478 0.0239653289 0.631379068 178 212 226 
-0.0687388405 0.0533555746 0.666659534 214 237 244 
-0.00081961602 -0.0189715922 0.515135884 156 199 226 
-0.00263504684 -0.0130990148 0.533224881 156 200 226 
-0.00622680038 -0.00221717358 0.577201724 169 209 227 
-0.0478594825 0.000719100237 0.583373904 170 209 225 
-0.00819618255 0.00434631109 0.594681025 172 211 227 
-0.0146451741 0.0263688862 0.646034896 173 206 223 
-0.0173363611 0.0264609754 0.646380723 173 206 223 
-0.0147509128 0.0267103314 0.647095203 173 206 223 
0.84246093 0.00766354799 0.436959594 170 204 222 
0.843942344 -0.00264936686 0.483544081 170 202 215 
0.806313813 0.00149670243 0.489934415 168 203 217 
0.843815923 -0.00526803732 0.518449068 169 201 214 
0.84274441 -0.00243416429 0.536150455 158 191 206 
0.796747923 0.0175352991 0.552068055 137 170 188 
0.841854811 -0.00343042612 0.588063836 149 185 202 
0.844406784 -0.0179496109 0.632242739 161 198 213 
0.841515899 -0.0173085928 0.632909119 162 199 214 
0.844439209 -0.0184386373 0.636185646 160 197 212 
0.845824361 -0.0280114114 0.678970993 159 190 202 
0.845449507 -0.0310302377 0.729727566 140 175 191 
0.829083741 -0.0248035491 0.73491323 133 171 188 
0.844982445 -0.0312125385 0.753193021 151 185 200 
0.843741834 -0.0288121998 0.783479273 163 192 206 
0.845452368 -0.0400252044 0.829549193 150 181 196 
0.7999354 -0.0363444984 0.836553156 139 168 183 
0.847928166 -0.0542452633 0.873899102 173 206 219 
0.827560604 -0.0524977744 0.877087831 162 194 207 
0.848505318 -0.0587367713 0.897315621 160 189 200 
0.799535215 0.176329345 0.533428788 122 157 179 
0.799353898 0.174499542 0.56208843 119 153 174 
0.83682996 -0.011023581 0.903131068 170 197 203 
0.799122393 0.1734595 0.584270418 121 154 174 
0.801984489 0.157721788 0.627752423 120 151 172 
0.806097627 0.137068599 0.668422878 124 154 172 
0.805344641 0.135535508 0.720029235 114 147 167 
0.798271596 0.136999816 0.721603036 114 147 167 
0.809008181 0.116648555 0.761709869 143 167 181 
0.808839202 0.116717815 0.761766136 143 167 181 
0.809007823 0.116623402 0.762006223 143 167 181 
0.786984146 -0.00277122855 0.960954905 157 182 193 
0.827792943 0.0236288011 0.93295598 188 218 225 
0.809078932 0.111878872 0.811465085 145 172 187 
0.770704448 0.125841558 0.823277473 128 162 179 
0.812686741 0.0932112038 0.853271127 142 175 190 
0.785471499 0.106575996 0.863532007 138 171 186 
0.810988545 0.0967332423 0.892095268 167 199 210 
0.823399186 0.0376436412 0.97893858 169 203 214 
0.821999967 0.0422217548 0.992302418 154 188 202 
0.810740352 0.0963670611 0.907559335 172 204 214 
0.813348055 0.0816287696 0.95161283 166 196 206 
0.819132686 0.0544078052 0.98852694 152 187 201 
0.892795026 -0.00455120206 0.424783796 177 211 225 
0.876357973 9.63509083e-05 0.429118246 175 210 224 
0.892235816 -0.00389447808 0.443160862 183 216 228 
0.890468478 9.88543034e-05 0.479926497 178 211 224 
0.891326606 -0.0077650249 0.527912021 186 215 227 
0.871456861 -0.0055757463 0.531286359 179 209 222 
0.891543925 -0.0105538666 0.548928142 184 212 226 
0.891514122 -0.0129935145 0.577404678 178 207 221 
0.891380012 -0.0169583261 0.62762022 183 214 224 
0.896079719 -0.0399163365 0.666972458 172 202 213 
0.8694911 -0.0333772004 0.673451364 169 199 208 
0.895536005 -0.0404013097 0.697321415 187 218 224 
0.89460808 -0.0386258364 0.720193744 184 217 223 
0.893141866 -0.0373563468 0.773402929 178 206 214 
0.873854578 -0.0368068814 0.775821269 176 205 215 
0.893038988 -0.0381248295 0.786662042 184 212 220 
0.890961409 -0.0332806706 0.828217268 182 208 216 
0.891863227 -0.0413160026 0.876104534 187 216 222 
0.893112719 -0.0485742986 0.899396539 174 198 205 
0.839129865 0.197054714 0.540352166 116 151 173 
0.882677436 -0.00699993968 0.916496873 152 179 188 
0.841121972 0.198485345 0.540911496 116 151 173 
0.84055227 0.19623211 0.592105806 102 135 157 
0.846293986 0.169179559 0.629116237 114 146 166 
0.850467205 0.148290306 0.669651687 124 155 174 
0.85704267 0.117961794 0.704788387 114 146 165 
0.861312211 0.096693933 0.745107293 136 164 180 
0.862490118 0.0875739157 0.792374253 133 160 174 
0.835744798 0.100390285 0.802285194 139 166 181 
0.863888621 0.0775869191 0.839145243 134 163 179 
0.853777826 0.0819152296 0.842610836 135 166 182 
0.863663316 0.0770434439 0.855527461 138 169 183 
0.874818802 0.0218189061 0.957045317 170 192 199 
0.863162041 0.0759501457 0.890692294 159 188 199 
0.825778067 0.0934920907 0.904342949 177 207 216 
0.86418575 0.0674357116 0.938305616 151 179 189 
0.846196771 0.0755945146 0.944720626 160 189 198 
0.836141586 0.0503208339 0.984434605 156 189 201 
0.936939061 0.00755667686 0.426519483 181 212 225 
0.939715803 -0.00784522295 0.470193416 185 219 228 
0.937593639 -0.00792178512 0.470384926 186 219 228 
0.939679921 -0.00777450204 0.471055716 186 219 228 
0.936144531 0.00169539452 0.528133512 188 217 227 
0.9389202 -0.0137029886 0.571809411 171 201 210 
0.926964104 -0.0149804354 0.572428346 173 203 213 
0.939170301 -0.0153369009 0.578482985 166 197 207 
0.937806308 -0.0138177276 0.624227047 155 188 201 
0.938132226 -0.0195905268 0.673408449 164 202 211 
0.938507855 -0.0221424103 0.684518814 170 205 214 
0.93803066 -0.02368325 0.723550797 189 217 222 
0.93047899 -0.0231013298 0.777054667 192 214 220 
0.936075032 -0.0201834142 0.77444309 193 215 221 
0.935824096 -0.0195047259 0.778423786 194 215 221 
0.938026726 -0.0326513946 0.823387742 179 199 205 
0.928538144 -0.0280568898 0.879287302 164 190 198 
0.933358252 -0.0168186724 0.861783206 166 192 199 
0.905783832 0.112006277 0.696192682 126 157 172 
0.875781596 0.114566714 0.700882375 115 147 165 
0.899716139 0.139639586 0.667695284 125 156 174 
0.912226558 0.0821995437 0.731627703 144 171 185 
0.882272542 0.0932979882 0.740956664 139 166 181 
0.911678076 0.0804227889 0.776552081 124 152 166 
0.93457073 -0.0235637724 0.881068587 156 182 190 
0.929241359 -0.00652331114 0.936383009 123 150 162 
0.882499039 0.221465439 0.548865616 138 168 184 
0.888019085 0.195283949 0.586374044 133 164 181 
0.890139282 0.18246147 0.63152343 139 166 181 
0.898501515 0.145112187 0.662644506 127 157 176 
0.911607921 0.0801386237 0.782932162 122 151 164 
0.914851367 0.0629024208 0.825556934 145 176 187 
0.916760743 0.0509081483 0.871179998 130 158 172 
0.8786816 0.0651031733 0.883086324 148 179 192 
0.915863991 0.0499397218 0.923109174 140 171 184 
0.914120615 0.0508411825 0.92379117 141 172 185 
0.957307756 0.0196896493 0.43088147 185 214 225 
0.940890253 -0.00712385774 0.470456749 185 218 228 
0.976612866 0.0372294486 0.438301533 183 212 225 
0.978645861 0.0247495472 0.483646661 176 209 220 
0.978277504 0.0202794373 0.533613086 181 213 224 
0.97859937 0.0204605162 0.533439755 181 213 224 
0.951743543 -0.00898274779 0.572968066 167 199 208 
0.978558242 0.0206020176 0.533757746 181 213 224 
0.981074035 0.00622501969 0.57801789 159 193 205 
0.97974211 0.00696671009 0.630925357 154 186 199 
0.941673696 -0.0159058869 0.675023675 165 201 210 
0.978045404 0.0131184757 0.640461922 166 197 208 
0.954946697 0.117869407 0.536907017 155 186 199 
0.952969134 0.119381279 0.537946761 153 184 197 
0.953790247 0.123107165 0.531797826 153 183 196 
0.954923928 0.117495209 0.542114139 154 185 198 
0.976581752 0.0148926675 0.68794179 192 220 226 
0.958462894 0.00651177764 0.737731338 186 218 224 
0.975151479 0.0173597038 0.726190805 191 225 231 
0.954128683 0.121083856 0.538745522 153 184 197 
0.971820056 0.0291105807 0.748556972 171 202 211 
0.972045958 0.0237312019 0.797963321 162 185 192 
0.934488475 -0.00377684832 0.839483976 175 199 207 
0.971782267 0.023953855 0.807594419 162 185 192 
0.984407127 -0.033822298 0.870011687 177 205 213 
0.938811958 -0.0255701542 0.879511058 161 188 195 
0.977818429 -0.00592774153 0.862525105 175 201 210 
0.982093513 -0.0270908475 0.901428699 127 153 166 
0.941613972 0.165765464 0.616784573 157 188 201 
0.924461663 0.172029048 0.62207675 154 183 196 
0.937462866 0.18376562 0.607341766 155 187 199 
0.948055089 0.135964662 0.652223051 142 174 191 
0.904054165 0.144249767 0.661565185 128 158 177 
0.952836573 0.112685502 0.691391647 154 188 200 
0.95858258 0.0856157243 0.728392124 158 188 199 
0.963721693 0.0609312356 0.766756952 152 181 193 
0.91724962 0.0789240897 0.781651556 126 154 168 
0.963898838 0.0557433069 0.816272795 140 168 180 
0.953382909 0.0648300946 0.822371483 133 164 176 
0.968589008 0.0328225791 0.855646372 121 145 157 
0.961818635 0.0631937087 0.828986228 127 156 169 
0.975497425 -0.00330600142 0.939948916 111 134 146 
0.955138624 -0.00326445699 0.942208648 119 144 156 
0.981143534 -0.0299823582 0.977174282 97 117 128 
0.95909065 -0.0251477063 0.982227564 94 115 127 
0.926229298 0.235199034 0.551531136 165 196 210 
0.932507217 0.206039935 0.58733654 142 177 191 
0.964177191 0.0501577556 0.865561306 109 135 149 
0.917111814 0.0515651703 0.923856378 142 173 186 
0.959089577 0.0666186512 0.916215777 170 200 209 
0.970214188 0.0174532831 0.951822281 132 155 165 
0.963764727 0.0434750617 0.958760023 158 181 189 
0.976538837 -0.0118896067 0.987522483 82 104 116 
0.980705559 -0.030304879 1.00086236 92 112 123 
0.958186686 0.0692041516 0.92893815 170 199 207 
0.990787685 0.0689871013 0.454019696 165 200 214 
0.991639793 0.0463535488 0.493971139 164 202 216 
0.973018706 0.105880111 0.476041585 166 199 212 
0.983511865 0.0855801105 0.516203046 172 207 218 
0.996811688 0.0659593642 0.55642575 148 183 198 
1.00139213 0.0442282259 0.596458495 147 180 194 
0.981021941 0.0164578855 0.635947764 160 191 203 
0.959823549 0.143880159 0.498163134 150 179 193 
0.968044937 0.100190401 0.578208148 153 183 197 
0.996338308 0.0841988027 0.618757367 149 179 192 
1.01263547 0.0632809103 0.657945037 137 165 180 
1.01135898 0.0691061914 0.651828825 139 168 182 
1.01291251 0.0425308049 0.698984325 166 200 216 
1.0144031 0.054036051 0.679531872 151 182 198 
0.988066733 0.177785099 0.513503551 146 179 195 
0.989522755 0.167572498 0.560145438 153 184 196 
0.972602189 0.142487317 0.600716352 160 191 205 
0.989443243 0.167513043 0.56445533 155 185 198 
0.976274669 0.120536387 0.640729308 156 189 204 
1.01150775 0.0677125752 0.660479724 141 170 184 
0.978583992 0.0982554853 0.680712581 171 199 209 
0.98904711 0.0779481828 0.720873475 169 199 210 
0.994448841 0.0564157963 0.760924101 148 176 191 
0.976947367 0.0293398798 0.800475776 160 184 192 
0.993428528 -0.012350589 0.880700707 161 193 206 
0.974949658 0.229325473 0.54298228 145 174 187 
0.974357784 0.22978574 0.543297708 146 175 187 
0.988644063 0.171025187 0.562120259 153 183 196 
0.945613205 0.199988514 0.582604468 144 178 191 
0.974746525 0.0471611917 0.862769783 106 133 146 
0.994556725 0.0291163027 0.903134227 146 171 180 
0.976170838 0.00182622671 0.942666769 118 143 153 
1.02765274 -0.0271681547 0.973594427 180 201 212 
1.02082253 0.00208705664 0.962079406 217 240 242 
0.973839104 0.0652956069 0.925091982 174 202 209 
1.01938057 0.0053358376 0.992185235 235 254 255 
1.01369095 0.0655589998 0.659068346 137 166 181 
0.994894922 0.193562776 0.521336079 142 175 191 
0.99102968 0.169787437 0.561184764 153 184 196 
0.826770723 0.163642287 -0.575974405 121 156 175 
0.781157672 0.157306612 -0.57440865 119 156 176 
0.784345388 0.148911387 -0.627466679 117 156 177 
0.830174804 0.153024226 -0.614264905 113 149 169 
0.824862421 0.169238001 -0.550544858 123 158 178 
0.779579937 0.162417591 -0.558769405 114 152 173 
0.813772619 0.0665141642 -0.470309973 155 190 206 
0.798497856 0.075697273 -0.463635951 147 183 200 
0.800250053 0.0701763034 -0.482729942 145 181 199 
0.849509418 0.0563291907 -0.427419931 169 202 218 
0.806298256 0.0830590427 -0.408130854 153 188 204 
0.849980295 0.0549784899 -0.434029847 169 203 218 
0.794815958 0.0869925618 -0.420117408 147 183 200 
0.848904312 0.0542145371 -0.376146227 170 203 217 
0.833643794 0.066838026 -0.367602289 164 197 214 
0.819942653 0.185979724 -0.510715187 117 154 176 
0.773688555 0.182162702 -0.507708907 112 150 174 
0.818533838 0.190482676 -0.496072948 116 154 177 
0.773313522 0.183354348 -0.50373137 113 151 174 
0.794110298 0.0884451866 -0.403861552 152 188 204 
0.791816413 0.097907871 -0.346104354 152 188 207 
0.790518343 0.0981830657 -0.347163141 152 188 206 
0.815489709 0.198984683 -0.450793833 122 161 182 
0.786295176 0.206284821 -0.443614542 124 165 185 
0.766766191 0.205681533 -0.45124951 124 165 186 
0.813370526 0.205958456 -0.430996269 124 164 185 
0.790435612 0.0983919501 -0.345689297 152 188 206 
0.765550315 0.209648132 -0.439505368 122 163 185 
0.806068897 0.232019827 -0.385378808 135 170 190 
0.761026978 0.224008679 -0.391414404 120 158 182 
0.803878188 0.240117416 -0.374784619 132 166 187 
0.75824976 0.233842149 -0.373184323 119 157 182 
0.798782647 0.25800544 -0.339622051 125 159 182 
0.755879343 0.239406839 -0.326194972 110 149 178 
0.796642661 0.264055878 -0.308609724 131 165 188 
0.755601406 0.239756376 -0.317318439 110 149 177 
0.783881962 0.260762781 -0.256641328 119 154 177 
0.754535377 0.239453197 -0.265008658 111 149 177 
0.794530869 0.268968463 -0.266249686 125 160 180 
0.794146895 0.269370466 -0.253086835 124 159 180 
0.873340011 0.166220844 -0.579689026 123 159 179 
0.875230014 0.160969913 -0.608108997 121 157 176 
0.870082676 0.176366597 -0.542886913 131 167 186 
0.855898321 0.0538705587 -0.429459453 171 205 220 
0.881759703 0.0372903049 -0.388963193 171 206 219 
0.865336955 0.193175018 -0.511789262 134 169 188 
0.863329411 0.199713707 -0.492279798 133 168 188 
0.861639619 0.20321098 -0.453566074 129 164 184 
0.858807921 0.212012023 -0.421362072 132 166 186 
0.851109326 0.240095347 -0.379986703 127 159 180 
0.850187957 0.240103647 -0.379880935 127 159 180 
0.851083577 0.240166113 -0.379591584 127 159 180 
0.844128668 0.264511436 -0.330819517 137 170 187 
0.839660048 0.280590713 -0.304342002 137 170 188 
0.83717829 0.288833916 -0.282005489 140 172 190 
0.835507929 0.292413384 -0.245096803 136 168 186 
0.918197811 0.175524235 -0.579557419 154 192 205 
0.920539141 0.167658389 -0.599641919 150 186 200 
0.914447308 0.187730908 -0.543015361 155 189 203 
0.912535906 0.193279564 -0.516918957 150 183 200 
0.909382999 0.202716917 -0.477038234 135 169 187 
0.907014132 0.210484117 -0.454595625 132 166 184 
0.904097736 0.218796104 -0.413070798 157 192 206 
0.899522007 0.235430762 -0.387844086 163 195 211 
0.896690488 0.245380744 -0.368415207 160 190 207 
0.889205337 0.272350848 -0.324468195 154 187 203 
0.887361944 0.278718948 -0.310602039 148 183 200 
0.882909298 0.293433875 -0.269699216 137 174 192 
0.880790889 0.300046176 -0.245920628 147 183 200 
0.9456622 0.166956633 -0.587236047 172 205 215 
0.957837403 0.147063732 -0.547037899 146 181 196 
0.965882242 0.16922909 -0.535864234 160 194 207 
0.960042417 0.193003565 -0.531945586 171 203 215 
0.963854849 0.125680387 -0.506973863 153 187 202 
0.954903185 0.164707512 -0.484759927 144 177 192 
0.963378966 0.176486135 -0.501582086 156 189 202 
0.970819652 0.104526341 -0.466889232 156 192 208 
0.958314717 0.14269343 -0.444752663 158 194 209 
0.975826561 0.0828983784 -0.42684719 167 204 218 
0.957398951 0.119631946 -0.404839635 168 205 219 
0.986961782 0.062753737 -0.386671722 149 182 198 
0.968355358 0.0994440317 -0.364668041 169 205 220 
0.958296001 0.199037135 -0.518815339 162 195 208 
0.959570467 0.189538032 -0.47176528 151 185 201 
0.95467025 0.209513545 -0.468769997 152 186 205 
0.965228736 0.162813216 -0.434567481 151 188 205 
0.965945899 0.155503452 -0.386265129 158 192 207 
0.963737786 0.139520288 -0.342359632 173 209 224 
0.966330826 0.151788861 -0.362656146 165 199 214 
0.952927291 0.215640515 -0.456835836 156 192 209 
0.947855413 0.233165503 -0.418723404 156 196 212 
0.966041982 0.15063411 -0.336567014 168 203 218 
0.942338645 0.252754241 -0.383125335 164 202 216 
0.940719664 0.258405268 -0.371595562 165 202 215 
0.936623633 0.270718217 -0.320367545 147 184 201 
0.917533755 0.27475825 -0.316072106 149 185 202 
0.935454905 0.274383724 -0.307442904 145 183 201 
0.930990756 0.288359404 -0.25779441 149 192 212 
0.917498231 0.293103665 -0.253730923 148 190 209 
0.96715194 0.190512091 -0.524426043 173 206 218 
0.958467066 0.206764013 -0.462273329 158 192 210 
0.975959003 0.188158005 -0.421959341 153 189 204 
0.972294629 0.164431214 -0.382106185 159 192 206 
0.957599819 0.224908128 -0.399950296 163 204 218 
0.969794452 0.205019891 -0.359751701 172 200 212 
0.978679001 0.184330523 -0.319625199 160 190 205 
0.959480464 0.243717313 -0.337567389 156 190 205 
0.970244229 0.223482817 -0.297399968 176 205 218 
0.953212917 0.260554343 -0.275361985 152 192 210 
0.846883774 0.0602228642 -0.350145012 175 208 222 
0.845799446 0.0619226992 -0.319254309 176 208 224 
0.820247769 0.081949681 -0.305552125 153 188 208 
0.847166896 0.0520577729 -0.272413433 178 212 227 
0.835218489 0.062733382 -0.265293062 178 213 228 
0.845992684 0.0545493662 -0.246190041 178 214 229 
0.790285945 0.0944882333 -0.295438886 143 180 202 
0.795504928 0.0943148136 -0.243749142 156 191 211 
0.78891468 0.09603706 -0.249692768 154 190 210 
0.84588033 0.0526213646 -0.219607919 176 213 227 
0.812509954 0.0755909681 -0.203445792 173 208 222 
0.846079886 0.0473452806 -0.170142412 175 213 229 
0.835010648 0.0581972599 -0.163022727 174 210 228 
0.845421314 0.0472928882 -0.139325231 183 217 233 
0.788537562 0.0968663692 -0.241595477 154 189 210 
0.790312767 0.0853993893 -0.195670933 163 200 217 
0.789423287 0.0844026506 -0.14375782 166 204 222 
0.845638514 0.044587791 -0.119236387 188 221 236 
0.807069242 0.0697882175 -0.101289414 168 204 222 
0.789468765 0.0832093954 -0.132586509 165 202 221 
0.844600856 0.0441732407 -0.0669903532 179 216 232 
0.835006773 0.0537104905 -0.0607479289 177 215 231 
0.843539953 0.0465218723 -0.0443824008 179 216 232 
0.789849699 0.078235209 -0.0948021188 159 197 216 
0.794854999 0.0851858854 -0.0392135307 162 204 223 
0.786561549 0.0875166357 -0.0469788834 159 201 221 
0.8427912 0.0467920005 -0.013009347 178 216 233 
0.815108418 0.067248255 0.00116056949 167 208 228 
0.839578331 0.0560488403 0.0316298679 177 217 233 
0.753858209 0.239327416 -0.232523531 115 153 181 
0.786229014 0.0879700184 -0.036751084 159 202 222 
0.787169695 0.0797820389 0.0110488907 156 198 220 
0.839011967 0.0571496785 0.0453979447 176 215 232 
0.801816702 0.082385093 0.0632129982 158 199 221 
0.784502447 0.0876251161 0.0463470891 152 195 218 
0.839862466 0.049316138 0.0934006944 177 216 233 
0.82424134 0.0649729967 0.10363441 173 213 230 
0.838246942 0.0525549948 0.131577939 173 216 233 
0.79456228 0.263246357 -0.204106361 123 155 178 
0.752779961 0.241858914 -0.211149544 121 158 185 
0.762146294 0.251015961 -0.154839888 119 157 181 
0.751302361 0.243172795 -0.157914877 120 158 183 
0.792627573 0.268306136 -0.171506643 125 160 183 
0.750739932 0.244679496 -0.148836672 119 159 183 
0.783330798 0.0903741717 0.0695903078 152 195 218 
0.782349586 0.0897376835 0.121709473 157 202 225 
0.838101864 0.0517421365 0.147271425 173 215 233 
0.801911354 0.0779221952 0.165489912 169 209 228 
0.782029748 0.0897814333 0.135908633 158 203 225 
0.839041352 0.0435588658 0.195074141 177 215 232 
0.823388159 0.0602806509 0.205890685 176 215 234 
0.840031445 0.035176754 0.242763102 180 214 231 
0.835572958 0.0403901041 0.246089011 179 214 231 
0.840106845 0.0332629681 0.260567456 179 214 231 
0.791808367 0.269575387 -0.148003265 125 160 182 
0.787357867 0.275472313 -0.0919488147 131 168 188 
0.750770032 0.240772814 -0.106804393 125 164 190 
0.788844526 0.276949227 -0.0938695744 132 168 188 
0.757529199 0.245412648 -0.0526655689 122 160 185 
0.74982816 0.23998189 -0.0547735915 121 160 185 
0.750091255 0.23780629 -0.042676352 123 162 187 
0.782399178 0.0850511193 0.171512097 160 203 224 
0.784762025 0.071274966 0.216115952 158 199 221 
0.78704375 0.0578178167 0.260902226 157 196 217 
0.841702461 0.0241190791 0.288921833 178 213 230 
0.805888116 0.0515590906 0.307784408 163 200 220 
0.786004305 0.0600208342 0.284142345 152 191 213 
0.839287341 0.0291168988 0.344263524 168 206 225 
0.832431912 0.0351440012 0.34829554 168 206 224 
0.841388166 0.0168352425 0.384291649 171 207 224 
0.788672328 0.277406126 -0.0910412893 132 168 188 
0.788456976 0.273760498 -0.0406432226 128 164 187 
0.790764809 0.26020059 0.00408431143 123 158 182 
0.751570821 0.228642642 -0.00877592713 130 169 193 
0.789054751 0.248557359 0.0502959862 124 162 184 
0.750784755 0.227239609 0.0429047421 126 166 193 
0.792006791 0.251209855 0.0469719842 124 160 183 
0.749805033 0.229138479 0.066782929 124 166 195 
0.785474002 0.0594938397 0.314344078 149 189 212 
0.788891912 0.0415722728 0.35657689 155 195 215 
0.841734529 0.0150094926 0.388677895 171 208 224 
0.792682588 0.0221860409 0.397972018 161 199 217 
0.791996717 0.250868291 0.0512298122 124 161 184 
0.787243545 0.265052915 0.11182595 137 170 189 
0.749573112 0.227508679 0.0955418125 121 163 193 
0.775110483 0.24069643 0.152267128 124 161 188 
0.749435186 0.223558456 0.145765632 118 155 182 
0.78728801 0.264485061 0.116093911 137 170 189 
0.748537242 0.225329489 0.167310327 114 154 183 
0.790111601 0.249291673 0.155294418 130 166 191 
0.789162219 0.248530209 0.207342058 127 164 188 
0.743708014 0.241570324 0.208550781 116 157 185 
0.788066983 0.250543833 0.235247105 127 163 188 
0.74254638 0.244902253 0.224855632 114 154 182 
0.787770152 0.249508098 0.26038453 128 163 187 
0.743510425 0.237854823 0.258908838 112 150 178 
0.777469516 0.255135596 0.316935301 124 159 183 
0.746199787 0.222795799 0.302778989 117 157 186 
0.784122884 0.259984314 0.311418384 126 160 182 
0.744573653 0.224781796 0.355368018 119 157 182 
0.767514229 0.20704633 0.396584421 119 157 183 
0.751949072 0.191221893 0.389686495 116 156 184 
0.744832933 0.223498151 0.357727706 119 157 183 
0.752373755 0.186167926 0.426351041 119 159 185 
0.78390497 0.26020366 0.318985105 125 159 182 
0.788144886 0.239052176 0.359370559 122 154 175 
0.744566619 0.224721193 0.356363356 119 157 182 
0.788484633 0.23322542 0.408521146 130 163 184 
0.79660511 0.196826309 0.440185696 131 165 186 
0.752595782 0.184188932 0.438147157 121 160 185 
0.797900319 0.18724528 0.487188905 124 160 182 
0.754447997 0.172419399 0.483898669 117 153 178 
0.898565531 0.0401522815 -0.336895496 174 208 222 
0.869443953 0.0526633859 -0.326889515 181 214 227 
0.900929153 0.0337479115 -0.374239892 171 206 219 
0.901240766 0.025148958 -0.292993486 170 204 220 
0.877543032 0.031783849 -0.286780149 173 208 223 
0.901027083 0.0231784284 -0.261284858 168 200 216 
0.89945358 0.027679503 -0.239063025 167 199 215 
0.863297701 0.0466899574 -0.224748492 174 211 226 
0.898581684 0.0266136527 -0.18718943 189 220 231 
0.882342398 0.0284597278 -0.184400707 189 223 233 
0.89849627 0.0256224573 -0.172252119 186 217 229 
0.896845162 0.0289449096 -0.133372843 176 210 225 
0.856579959 0.0405780971 -0.122619934 189 222 236 
0.89718616 0.0231133401 -0.0842250809 175 207 224 
0.883770406 0.0243195593 -0.0820947215 176 209 226 
0.897169709 0.0221042931 -0.0722592995 175 209 226 
0.89567554 0.0245572031 -0.0309161171 177 218 235 
0.860309005 0.0369949043 -0.0202638581 178 217 234 
0.896268904 0.0177335739 0.017664291 185 219 233 
0.880481958 0.0190377831 0.0201085135 186 220 234 
0.896079421 0.0174171329 0.0298824683 184 219 233 
0.85043788 0.0529596806 0.0418630764 179 217 233 
0.892987072 0.0261371732 0.0749539211 177 215 230 
0.866304278 0.0339601934 0.0821416453 179 217 233 
0.892033935 0.0273595154 0.105131067 181 215 230 
0.890395224 0.0318292677 0.130692691 182 216 231 
0.848857462 0.0480913222 0.144103527 174 217 234 
0.891652942 0.0223955214 0.177780211 177 212 228 
0.86231333 0.028508395 0.184329599 176 213 229 
0.891297162 0.0209217966 0.210490823 177 211 227 
0.836624861 0.283532888 -0.197692871 119 153 175 
0.83594656 0.284846604 -0.181150258 121 155 177 
0.890570939 0.0221552551 0.230125934 176 210 226 
0.891647518 0.0134331882 0.277620554 176 209 225 
0.851548195 0.0214169323 0.286370009 178 213 230 
0.890874505 0.0129294693 0.31870833 173 211 226 
0.832733393 0.294331789 -0.139033198 121 156 177 
0.831439912 0.297071874 -0.110098198 119 154 174 
0.890339315 0.0140818655 0.330474705 172 211 226 
0.89076376 0.00792232156 0.379434884 174 211 226 
0.84287852 0.0148327053 0.388456017 171 208 224 
0.83089149 0.297077119 -0.0849798247 120 153 174 
0.819296718 0.301556885 -0.0289112106 122 157 177 
0.827643156 0.305782944 -0.0325861052 121 154 175 
0.79980427 0.273999035 0.0105971619 124 157 180 
0.827271521 0.306809127 -0.0269303769 122 155 175 
0.827210128 0.30255875 0.0231217593 135 164 183 
0.81229353 0.295376003 0.0732111111 133 167 186 
0.825590193 0.305860996 0.0607958212 136 168 185 
0.788531721 0.266784787 0.112626486 138 170 188 
0.825064063 0.306499273 0.0778587237 135 166 184 
0.826739788 0.29542315 0.124006845 130 162 180 
0.827234089 0.288988948 0.172809958 142 173 192 
0.805837691 0.266487747 0.215278357 130 164 187 
0.826677263 0.290394902 0.182752281 141 172 191 
0.826815307 0.286142558 0.223665148 136 168 187 
0.825977862 0.284941316 0.275461257 122 156 175 
0.825877488 0.284269303 0.28753823 124 157 175 
0.827569425 0.274195939 0.321798563 133 164 181 
0.830693841 0.257427633 0.364690989 130 159 178 
0.832118034 0.247339651 0.411404371 128 161 180 
0.836011529 0.227549404 0.452568382 126 159 179 
0.839315474 0.210075676 0.495057374 111 147 170 
0.840958416 0.199527532 0.536842465 115 151 173 
0.947289765 0.0342638791 -0.345452845 151 190 209 
0.947805464 0.0326782465 -0.35151127 151 190 209 
0.950541556 0.0169947445 -0.302846819 161 196 213 
0.94936353 0.0171320438 -0.250285149 192 220 231 
0.927935183 0.0211411119 -0.245749563 185 215 227 
0.951195538 0.00581136346 -0.208597124 166 197 218 
0.951192319 0.00545400381 -0.204481244 163 195 216 
0.945928991 0.0217984915 -0.144460291 154 194 213 
0.945756257 0.0223215818 -0.142350554 155 194 213 
0.946250975 0.0158863366 -0.0935480818 165 203 220 
0.94446224 0.0189744532 -0.0457435176 169 219 232 
0.944110096 0.0198065341 -0.0388227329 170 221 234 
0.942905247 0.0200487673 0.0137989894 175 212 227 
0.94089216 0.026562959 0.0338321701 181 216 228 
0.93889147 0.0313279331 0.0727333203 182 218 231 
0.940679848 0.0198094547 0.11862845 179 215 227 
0.921713531 0.0245318115 0.123281486 179 212 225 
0.943017185 0.00613340735 0.163289547 164 208 227 
0.940789878 0.00630924106 0.163629979 164 208 227 
0.943044364 0.00582399964 0.165481567 164 209 227 
0.939870179 0.0140068531 0.220275968 174 209 225 
0.912183583 0.0177393258 0.2253488 175 207 224 
0.938996613 0.0157773793 0.24070996 165 201 220 
0.852741539 0.295783758 -0.192799538 132 166 187 
0.877656162 0.309354484 -0.205440253 153 188 205 
0.937376082 0.0193149447 0.275795162 164 201 221 
0.93823725 0.0114395022 0.323773921 176 212 229 
0.903934777 0.0112569332 0.327444017 173 211 225 
0.940525234 -0.00187456608 0.366684556 171 210 226 
0.876002371 0.314369678 -0.185245097 155 189 206 
0.84869647 0.313158721 -0.130545706 123 158 179 
0.872102082 0.326764852 -0.143919811 140 174 193 
0.940447628 -0.00173738599 0.368720531 171 210 226 
0.869617283 0.33496654 -0.120981425 127 161 183 
0.858522475 0.333891064 -0.067989774 115 147 170 
0.866964996 0.342111081 -0.0786049441 117 149 172 
0.865948141 0.344891697 -0.0628215373 116 148 170 
0.865277946 0.343033403 -0.0114012063 118 149 170 
0.851819873 0.327782899 0.0341391116 128 157 175 
0.864348352 0.344979823 0.00964696705 121 150 170 
0.864085197 0.343228102 0.0411933362 122 152 170 
0.866884112 0.327738851 0.0848173574 113 142 163 
0.848914266 0.322593808 0.136350691 125 152 170 
0.864515245 0.334068775 0.123229913 120 147 166 
0.833225489 0.295956612 0.175941914 137 167 186 
0.863157868 0.337888241 0.143105507 123 149 167 
0.865135312 0.325626373 0.188575417 108 138 156 
0.866192579 0.316980243 0.236113459 113 144 163 
0.869787216 0.298364341 0.277949154 119 154 173 
0.872650862 0.283709228 0.309330076 129 162 178 
0.87359035 0.278929144 0.319316298 131 164 179 
0.876064539 0.264715582 0.363669932 133 162 177 
0.8656497 0.27199319 0.421130925 134 164 180 
0.871476769 0.279436886 0.410709292 133 162 178 
0.877297163 0.250888646 0.4607279 127 157 176 
0.876266062 0.255727917 0.454292923 129 159 176 
0.882820606 0.224693984 0.498228937 135 167 185 
0.882718384 0.223785937 0.513011098 134 166 183 
0.871899188 0.276590466 0.422945052 135 164 180 
0.96714896 0.0763122141 -0.324761331 163 201 216 
0.968905032 0.0538974106 -0.284790128 172 202 214 
0.953708351 0.027379334 -0.245188177 196 225 235 
0.96451658 0.116868943 -0.302409708 183 218 234 
0.970016539 0.0953603089 -0.262356937 183 217 233 
0.967366755 0.0718791485 -0.222481698 180 211 228 
0.965765774 0.0486518145 -0.1825836 178 210 222 
0.966443002 0.144567043 -0.287553936 172 206 222 
0.957407415 0.133502215 -0.240222633 178 215 230 
0.964256346 0.151973486 -0.269470125 169 204 219 
0.958907902 0.111025542 -0.200257003 176 211 229 
0.966837585 0.0901050568 -0.160151303 183 218 235 
0.962367475 0.0661832392 -0.120315708 179 218 235 
0.954174101 0.0413602591 -0.0805612132 173 209 223 
0.961924493 0.157829285 -0.227485359 166 201 217 
0.96226424 0.152002811 -0.178334653 173 207 222 
0.961610973 0.130033821 -0.137856185 186 220 238 
0.96234709 0.151340008 -0.174780101 174 207 223 
0.96999675 0.109223753 -0.0977405682 183 219 237 
0.975591481 0.0861611068 -0.0585435852 193 229 244 
0.972168148 0.102721781 -0.0854063854 186 222 239 
0.96742779 0.0629222691 -0.0179306343 186 224 236 
0.975854337 0.0844735205 -0.0518610701 193 229 243 
0.947471201 0.0352520645 0.0215676501 186 217 229 
0.954040587 0.184315592 -0.15985322 177 206 218 
0.952003896 0.191742182 -0.155589432 178 205 217 
0.952109158 0.191937417 -0.155883849 178 205 217 
0.958498299 0.162307948 -0.11995741 175 207 223 
0.95246011 0.19020021 -0.152690381 178 205 217 
0.969089329 0.116201162 -0.0938451961 181 217 235 
0.974986136 0.0840475559 -0.00726928562 187 224 238 
0.975019276 0.079425782 0.0425704643 186 218 235 
0.962661445 0.0572827756 0.0842404589 179 215 229 
0.975350559 0.0768827498 0.0556183681 182 216 232 
0.948803604 0.0310887694 0.123871557 182 212 223 
0.944242299 0.00714489818 0.16370517 164 208 227 
0.929905951 0.291768521 -0.245875508 151 194 213 
0.952105105 0.191920698 -0.155503452 178 205 217 
0.959169567 0.155178517 -0.0715519264 169 204 221 
0.935061634 0.183155626 -0.0536835715 158 187 205 
0.947335422 0.205485314 -0.0872631744 169 197 212 
0.954448521 0.170272321 -0.0225319788 164 198 213 
0.972067177 0.086533159 0.0991187468 176 215 232 
0.974312365 0.0732199848 0.143987358 183 217 233 
0.969557345 0.0544660389 0.186665535 174 209 225 
0.975066006 0.0682067573 0.165092587 177 213 230 
0.956339419 0.0284269452 0.226310581 176 205 219 
0.921551645 0.32304123 -0.209837914 164 202 215 
0.945503771 0.208874792 -0.0408401117 160 187 203 
0.952083886 0.178528398 -0.0057136938 160 195 210 
0.936619937 0.201886803 0.00869227201 158 189 205 
0.943713129 0.21333243 -0.00816289335 154 184 201 
0.953945339 0.166722476 0.0400170013 167 201 217 
0.942690313 0.180516273 0.0487574413 155 189 205 
0.951448619 0.175038427 0.0622320846 160 195 209 
0.975741565 0.0631119311 0.190689236 175 211 227 
0.977321446 0.0524121225 0.23705253 184 213 225 
0.97872287 0.0424141586 0.283817381 172 208 225 
0.968016326 0.0267674625 0.328839809 165 199 213 
0.97948128 0.0362640321 0.317337602 166 199 214 
0.909668446 0.350756407 -0.169150591 160 199 215 
0.913501978 0.352806032 -0.171028346 159 198 214 
0.938861072 0.230483904 0.024002485 138 170 189 
0.936068952 0.220107466 0.0710221902 151 183 197 
0.939443767 0.22438255 0.0650494024 146 178 194 
0.943592489 0.203844696 0.10280364 151 184 198 
0.951231778 0.168401182 0.145943522 167 202 216 
0.945058286 0.176603615 0.151083916 165 199 212 
0.94470793 0.198323041 0.112953983 153 185 200 
0.949788511 0.173171669 0.159189165 165 199 213 
0.978319228 0.0395081937 0.334638476 164 198 213 
0.979401171 0.0307650864 0.382120997 166 209 224 
0.978095233 0.0330414474 0.416787118 180 212 225 
0.913310409 0.353338063 -0.168146402 160 199 215 
0.896308839 0.365876794 -0.107099675 151 188 208 
0.90776062 0.37114346 -0.111212097 160 198 216 
0.939478457 0.223566175 0.0725290105 146 179 194 
0.944353521 0.199919254 0.111487232 152 184 199 
0.915514708 0.233486488 0.132916391 136 168 184 
0.932302535 0.2496503 0.112125792 126 158 175 
0.922607362 0.212363377 0.173003852 140 178 198 
0.944624841 0.189869493 0.210705578 162 191 204 
0.939428508 0.193594992 0.213303179 161 190 203 
0.950347722 0.162891001 0.247758299 168 198 212 
0.940628707 0.171045631 0.253262311 165 194 209 
0.949763834 0.163209587 0.271027654 165 194 210 
0.907218933 0.372781217 -0.10454265 160 199 217 
0.898225904 0.384694844 -0.044716008 153 192 210 
0.902570307 0.386752993 -0.0463813245 157 196 213 
0.874789715 0.356182456 -0.0052935183 122 155 177 
0.932001412 0.248453662 0.139246702 133 163 179 
0.934571087 0.233864933 0.183385789 129 164 183 
0.942412078 0.198564142 0.215678483 160 189 202 
0.945653975 0.181334078 0.258306891 164 193 208 
0.902353227 0.387407929 -0.0436936766 156 195 212 
0.903362215 0.378951699 0.00395294279 130 168 192 
0.901367903 0.380969495 0.0576273128 129 167 191 
0.901658177 0.381183505 0.0573823377 129 167 192 
0.891868055 0.355830312 0.0973533466 126 157 175 
0.901645601 0.381204754 0.0577247515 129 167 192 
0.904009998 0.36742264 0.102325208 131 163 181 
0.901540756 0.372633189 0.157788545 128 156 174 
0.900828242 0.353513241 0.199823409 114 141 157 
0.9031142 0.363891125 0.182695955 122 149 166 
0.877050698 0.32491824 0.239238441 111 143 162 
0.873522043 0.301224291 0.279094517 119 153 172 
0.904630065 0.356002629 0.200759798 116 142 159 
0.906849265 0.342790902 0.245686501 116 148 168 
0.910016298 0.325855017 0.288483113 121 151 167 
0.913345039 0.308283746 0.330916315 111 141 157 
0.908230424 0.305139422 0.382125407 124 153 170 
0.912393212 0.307871342 0.379201263 123 153 170 
0.878372371 0.25223279 0.461340994 128 158 176 
0.892539382 0.232822001 0.501582563 141 173 190 
0.912481666 0.307184458 0.382770717 124 153 171 
0.914014816 0.296668619 0.429239362 132 163 181 
0.917807996 0.277272373 0.470628768 143 173 190 
0.923411191 0.250764251 0.507950485 161 191 205 
0.972331822 0.159954399 -0.279830515 166 198 213 
0.98278743 0.203678966 -0.257193804 163 192 205 
0.966953337 0.177006602 -0.21760574 156 189 205 
0.962423503 0.153070331 -0.177771449 173 206 222 
0.977196515 0.0881265402 -0.0576507971 193 228 243 
0.967287838 0.241121247 -0.235122442 169 199 211 
0.959296048 0.216347054 -0.195363551 176 203 214 
0.957609475 0.170259148 -0.115534373 172 204 218 
0.964820802 0.149164796 -0.0754443333 170 207 223 
0.975375235 0.128879577 -0.0352814868 180 219 236 
0.978063405 0.106690407 0.00470999628 184 219 235 
0.980294764 0.0843906403 0.0446915701 182 216 233 
0.95745188 0.279934317 -0.212927729 155 190 206 
0.9675892 0.259548187 -0.172773942 147 182 197 
0.961913645 0.235334605 -0.132964611 155 187 203 
0.949068129 0.209385604 -0.0933114514 169 198 213 
0.957657516 0.165784955 -0.0132584497 165 201 214 
0.968012631 0.145451516 0.0269000456 182 217 232 
0.974311888 0.124136358 0.0669702366 180 217 233 
0.973789871 0.101170212 0.106891833 175 215 234 
0.978042543 0.0793596804 0.146917403 179 215 232 
0.970898688 0.312620103 -0.196624696 138 173 193 
0.966543257 0.331301451 -0.2042602 133 168 190 
0.975578487 0.289740086 -0.157227844 131 167 186 
0.978795469 0.272608489 -0.114543162 148 183 199 
0.966704071 0.254848123 -0.0705183521 145 181 199 
0.978403747 0.272586942 -0.0963267311 146 182 199 
0.948915899 0.227702796 -0.0309728459 158 186 202 
0.96326226 0.162655741 0.0891385004 173 207 218 
0.967889011 0.140935779 0.129172266 177 213 228 
0.975129664 0.11984849 0.169262916 184 221 235 
0.98359865 0.0990585089 0.209380358 184 219 232 
0.991775572 0.0781978667 0.249491394 175 208 222 
0.992008388 0.0554143488 0.289429456 177 210 224 
0.965060771 0.335558832 -0.18350479 143 182 202 
0.919456899 0.353125632 -0.168937385 161 201 217 
0.961618483 0.345597118 -0.137014091 139 178 199 
0.972145736 0.294244856 -0.0496849641 132 167 186 
0.958646238 0.271251798 -0.00835192949 136 172 189 
0.971820652 0.295091808 -0.0441714451 132 167 185 
0.940252483 0.243959904 0.0311803743 132 164 184 
0.944672048 0.19934997 0.111142553 152 184 199 
0.964064896 0.158364207 0.191430867 168 201 213 
0.972032368 0.137452871 0.231537372 175 207 221 
0.974245012 0.115148574 0.271518499 178 213 228 
0.986752927 0.095336169 0.311723977 182 214 228 
0.990614951 0.073431164 0.351741016 172 206 221 
0.991335571 0.050765723 0.391689658 166 206 220 
0.959170997 0.354209393 -0.120354325 139 176 198 
0.927734554 0.373483181 -0.106415167 158 196 216 
0.955376804 0.366411 -0.0817502663 143 178 199 
0.97012645 0.297687203 0.00476708263 132 165 183 
0.961925209 0.290399492 0.0540613905 125 160 179 
0.968549669 0.301199645 0.0381261557 123 157 177 
0.944737732 0.263399541 0.093619965 124 156 174 
0.960410416 0.152993828 0.29362613 162 192 210 
0.973397434 0.133297443 0.333842009 176 208 221 
0.977988541 0.111568868 0.373874962 177 211 225 
0.990187705 0.0916817486 0.414073616 172 206 219 
0.954921305 0.366415769 -0.0608896911 141 175 195 
0.908077896 0.387079448 -0.0445014164 157 196 213 
0.950373828 0.381093234 -0.0152148604 153 187 203 
0.968964398 0.297761381 0.0572926477 124 160 179 
0.969764054 0.290127546 0.10540963 131 163 181 
0.961031258 0.285697281 0.156316787 127 158 177 
0.96812135 0.293235153 0.146292508 127 159 178 
0.948718727 0.259877324 0.195981562 136 168 184 
0.9570418 0.239052013 0.236095816 141 172 188 
0.95921582 0.216738373 0.276076108 156 188 205 
0.965162098 0.195337802 0.316138595 144 178 196 
0.957136333 0.170555383 0.355896771 167 198 212 
0.953892529 0.146930426 0.395759046 170 199 213 
0.960893333 0.125785053 0.435844511 171 203 216 
0.949243605 0.384233117 0.00178423524 151 185 202 
0.94531256 0.396063983 0.0507901981 157 194 215 
0.967320025 0.29523921 0.160816431 126 158 177 
0.969127119 0.283646673 0.206669211 133 165 181 
0.969271958 0.27858597 0.256257892 109 136 150 
0.946653426 0.254891574 0.298211455 127 157 172 
0.969020665 0.278698683 0.266540021 109 135 150 
0.967353642 0.237062097 0.338595301 128 162 178 
0.963689148 0.213335291 0.378448457 144 176 191 
0.958249629 0.189178854 0.418262929 136 170 186 
0.96771735 0.16863063 0.458402067 128 161 178 
0.945390165 0.394882232 0.0603582039 159 196 215 
0.947596371 0.381721705 0.105314143 129 166 187 
0.905697465 0.377531648 0.15999648 133 162 179 
0.943932116 0.392813146 0.150291651 142 179 198 
0.969728529 0.272300124 0.30514586 118 146 162 
0.974346101 0.249664381 0.344682395 128 161 176 
0.976817429 0.23546204 0.389042526 137 168 185 
0.978102028 0.225922748 0.436069638 127 159 177 
0.983801305 0.199037105 0.473175436 134 165 181 
0.943416297 0.393654585 0.164622366 142 181 202 
0.946382463 0.377507865 0.207870364 144 177 193 
0.948738635 0.363758147 0.252489358 130 163 179 
0.932504237 0.3566944 0.302788228 139 169 183 
0.94665724 0.369238049 0.287154585 143 175 189 
0.951837122 0.338533938 0.343142301 138 168 182 
0.974765122 0.230091393 0.542944491 146 174 187 
0.946118891 0.369559795 0.30829078 136 167 183 
0.95273298 0.339079708 0.343340755 138 168 183 
0.955134213 0.325152457 0.387858152 142 177 193 
0.95876509 0.306394279 0.429612547 159 195 209 
0.963480294 0.283375472 0.468929976 148 184 201 
0.967750967 0.262102723 0.509246111 162 195 208 
0.973187745 0.324936926 -0.19017601 135 171 193 
0.979489982 0.303622544 -0.150105774 130 167 188 
0.986537278 0.282488436 -0.110019319 150 185 201 
0.96675247 0.341733396 -0.127974242 132 170 191 
0.973785698 0.32059586 -0.0878880993 128 164 186 
0.974186361 0.297853023 -0.0479464009 132 167 185 
0.961922824 0.358918399 -0.065737538 134 168 189 
0.9788782 0.340182513 -0.025435254 136 172 189 
0.975909531 0.316624135 0.0144330412 123 155 175 
0.959091604 0.376587093 -0.00345728546 148 183 201 
0.977798998 0.358275294 0.036883153 139 173 194 
0.988327444 0.337983787 0.0770454332 125 154 175 
0.984166205 0.314136744 0.116887741 131 161 180 
0.950950563 0.392970651 0.0587073043 156 193 213 
0.976566851 0.376331031 0.0991982296 128 167 191 
0.988797963 0.35645169 0.139397591 148 181 200 
0.989901602 0.333878994 0.179354578 121 155 176 
0.979021251 0.308405638 0.219050556 124 154 172 
0.970933616 0.283608258 0.258807331 108 135 149 
0.958894551 0.390407652 0.161155224 136 175 195 
0.975960314 0.371698439 0.201459885 154 190 207 
0.981357038 0.35016489 0.241510421 126 160 180 
0.980463564 0.3271088 0.281423897 122 154 171 
0.984485328 0.30524236 0.321444482 133 165 180 
0.982466757 0.281913936 0.36133343 135 165 181 
0.987328947 0.260250986 0.401372343 138 173 192 
0.987262547 0.237395123 0.441303819 131 164 182 
0.995522916 0.216554627 0.481416732 138 170 187 
0.964857042 0.364525169 0.303492934 144 178 194 
0.953104079 0.338840604 0.343169898 138 168 183 
0.96734935 0.319448769 0.383413106 142 177 194 
0.974620163 0.298368752 0.423504502 152 188 204 
0.979748666 0.276770234 0.463549107 135 170 188 
0.979652584 0.253907144 0.503480017 156 189 203 
-0.669871569 0.0794263184 -0.143180162 178 220 236 
-0.695179701 0.0858954191 -0.13688004 177 219 235 
-0.666769862 0.0627470613 -0.100236766 179 219 234 
-0.681935966 0.0662611425 -0.0966586024 175 216 232 
-0.665660679 0.0554973185 -0.0705972984 179 221 234 
-0.720911801 0.0944153666 -0.129417658 170 213 232 
-0.721609592 0.0926652253 -0.0779354721 167 212 229 
-0.671363473 0.0763047934 -0.0399992019 178 224 238 
-0.694911122 0.0814746022 -0.0345993042 178 221 236 
-0.720219791 0.0845154226 -0.051177457 174 215 231 
-0.66912955 0.0630354285 0.00489450246 187 227 239 
-0.67407459 0.0636781156 0.0057875216 186 226 239 
-0.66929096 0.0633841455 0.00843002647 187 227 239 
-0.720025241 0.0819483399 -0.031581901 176 216 232 
-0.721741676 0.0933344364 0.0271582082 165 214 232 
-0.724199891 0.0941341221 0.0246662199 164 213 232 
-0.675139546 0.0822525024 0.0672702268 174 223 240 
-0.724088371 0.0934215188 0.0274634436 164 213 231 
-0.675119996 0.0820816457 0.068271257 174 223 240 
-0.71963948 0.0714488029 0.0673792288 178 219 234 
-0.673742115 0.0721758008 0.115088739 176 219 235 
-0.717897177 0.0897791684 0.12951681 173 215 231 
-0.726920426 0.0975170434 0.111972965 173 215 230 
-0.677871406 0.0856912434 0.154474318 173 219 236 
-0.710013807 0.237155423 -0.0529663116 127 168 197 
-0.732141197 0.241724521 -0.0480492674 124 165 195 
-0.758895159 0.245721146 -0.0669415891 131 172 200 
-0.709969401 0.234505773 -0.0255623236 126 168 198 
-0.725588441 0.0903320014 0.130662709 172 213 229 
-0.680032432 0.0924001038 0.179139286 177 224 239 
-0.728373826 0.0967847407 0.186836541 181 222 236 
-0.679534733 0.0859525204 0.227934718 172 215 231 
-0.693487585 0.0912015438 0.232323378 173 215 231 
-0.729098618 0.0982151926 0.20421499 180 222 235 
-0.680191219 0.0870909393 0.245426774 172 215 231 
-0.759745538 0.24700287 -0.0421445556 128 169 198 
-0.710606515 0.234992489 -0.0017202273 134 177 206 
-0.759107351 0.240003601 0.00633535534 128 169 196 
-0.711994231 0.235953301 0.0513124689 120 163 194 
-0.721830785 0.239734292 0.0544501916 122 164 194 
-0.76072681 0.244704038 0.0284536034 127 169 197 
-0.712364078 0.236275867 0.0647092238 121 163 194 
-0.72900629 0.0947778821 0.238171905 173 213 228 
-0.68067801 0.0859530866 0.280418247 176 216 230 
-0.730407119 0.0957902372 0.291234106 171 210 225 
-0.681380868 0.084223032 0.331911892 175 212 227 
-0.697612822 0.085717231 0.334508389 171 209 224 
-0.730145335 0.0933123529 0.306753188 169 207 223 
-0.68114531 0.0817291737 0.348808616 173 210 225 
-0.616450429 0.0550820529 -0.162293434 173 215 233 
-0.631564915 0.0600990951 -0.157903373 174 215 233 
-0.613680422 0.0397063792 -0.118604437 173 214 232 
-0.616859674 0.0408185422 -0.117650092 173 214 232 
-0.613346279 0.0375913978 -0.110444419 173 214 232 
-0.612868965 0.0320260823 -0.0705140755 177 218 233 
-0.657276809 0.0493898988 -0.0561885387 179 221 234 
-0.614099145 0.0323680043 -0.0178353339 184 224 237 
-0.621481776 0.0352139771 -0.0154758915 186 225 238 
-0.613303959 0.0272971094 0.00200480968 182 223 237 
-0.613207161 0.0243712664 0.0300741047 180 221 236 
-0.642626345 0.0484500825 0.0464054719 185 225 238 
-0.617324531 0.0371160805 0.0774802193 189 228 240 
-0.674604893 0.0819037557 0.0681178942 174 223 240 
-0.618649065 0.04126212 0.0922180638 186 227 239 
-0.661694586 0.0621887743 0.108332045 178 219 235 
-0.62127167 0.0470752418 0.148026049 182 222 235 
-0.624309957 0.0483976305 0.149079293 182 222 235 
-0.621370852 0.0470623672 0.152721643 182 222 235 
-0.651601672 0.082985729 0.170893788 184 229 242 
-0.625781536 0.0603037477 0.208075345 177 219 236 
-0.632166266 0.0648501217 0.211250097 177 220 236 
-0.626639962 0.0630618632 0.216835648 179 221 237 
-0.663363755 0.23941651 -0.0568625368 140 186 215 
-0.664706111 0.241421446 -0.0175129548 137 182 211 
-0.629905343 0.0720153451 0.267257005 178 221 237 
-0.648649871 0.0792143643 0.273232996 175 217 233 
-0.630492747 0.0720502436 0.293838024 182 221 236 
-0.664987504 0.241304874 -0.00329930335 137 181 210 
-0.664045453 0.233111471 0.0444976017 135 180 210 
-0.665635228 0.235936046 0.0860961899 132 177 208 
-0.631408155 0.0734285414 0.320548475 185 223 236 
-0.632489979 0.073187381 0.372893721 176 214 229 
-0.648959756 0.0746535361 0.375501126 173 211 226 
-0.632761836 0.0731986463 0.385252416 177 215 229 
-0.566455126 0.046533078 -0.199644804 169 214 234 
-0.566012859 0.0424613655 -0.174701363 164 210 233 
-0.56463933 0.032572329 -0.12787427 165 210 232 
-0.563337564 0.0229655504 -0.0808857307 164 209 232 
-0.584916234 0.0257104337 -0.0770213678 169 212 233 
-0.561804175 0.0134239793 -0.0452557281 162 206 231 
-0.561595976 0.011630863 -0.0348854885 162 206 231 
-0.56226635 0.00977307558 0.0165351406 167 211 232 
-0.598805606 0.0178627372 0.0249509886 176 218 234 
-0.562847495 0.00850409269 0.0573138371 173 216 234 
-0.563420653 0.00981679559 0.0690432861 174 217 234 
-0.607690394 0.0340662897 0.0870993957 186 227 239 
-0.565219998 0.0123951733 0.123001181 173 214 232 
-0.578950346 0.0181827843 0.127658337 176 217 233 
-0.565825939 0.0131641924 0.142272711 173 214 232 
-0.569669247 0.0253854692 0.182914197 175 217 234 
-0.588944554 0.0341177583 0.18978259 177 219 234 
-0.571157098 0.0294708908 0.205821991 177 220 235 
-0.61649704 0.243838504 -0.0947193056 141 189 223 
-0.573112965 0.034424752 0.240567446 180 221 236 
-0.599520922 0.0499118567 0.251894146 185 226 240 
-0.575758517 0.0421651304 0.276011974 181 222 237 
-0.617899358 0.246336266 -0.0580942184 145 193 226 
-0.617593706 0.24064368 -0.00886693597 143 190 222 
-0.640386641 0.241093248 -0.00611773878 140 185 216 
-0.617803991 0.24022381 0.00545094907 144 190 222 
-0.580496728 0.0589457154 0.307075471 180 224 239 
-0.603941262 0.0671959519 0.314139754 184 226 239 
-0.581575811 0.0608784556 0.335137129 186 227 240 
-0.619069576 0.241950959 0.0443639234 150 196 224 
-0.619979501 0.241034359 0.0963228568 138 183 216 
-0.622757375 0.240874484 0.096541144 138 183 216 
-0.619966805 0.240845978 0.0978326872 138 184 216 
-0.581734359 0.0593168139 0.359770924 188 226 239 
-0.584075749 0.0640250444 0.414946973 177 215 232 
-0.590171158 0.0660431087 0.416714579 178 216 232 
-0.58425653 0.0640646517 0.422805458 178 216 233 
-0.517398179 0.0370026529 -0.183012962 163 209 234 
-0.545663536 0.0396970809 -0.178441256 163 209 234 
-0.515680075 0.0261627436 -0.141436189 169 213 235 
-0.515569687 0.0253260434 -0.137208268 169 213 235 
-0.514639795 0.017180562 -0.0893839523 163 209 234 
-0.51362884 0.00871652365 -0.0417417958 157 204 233 
-0.552716374 0.0106643438 -0.0363870189 160 205 231 
-0.512976289 0.00269293785 -0.00476679951 158 204 233 
-0.512955904 0.00158047676 0.00665987283 160 205 233 
-0.513699651 1.08778477e-05 0.0582453087 165 210 233 
-0.551911831 0.00637325644 0.0659053698 172 216 234 
-0.514035761 -0.00214681029 0.0976554528 168 213 234 
-0.514243424 -0.00234410167 0.109381504 168 212 233 
-0.516052485 0.000272512436 0.163361281 167 209 231 
-0.534528494 0.00609493256 0.168558896 168 209 231 
-0.516800046 0.00145304203 0.184563309 167 208 229 
-0.51936394 0.00879207253 0.220717251 170 211 231 
-0.546617031 0.0215230286 0.230637521 175 217 234 
-0.520758331 0.0109632313 0.260606438 169 210 230 
-0.571751118 0.253315061 -0.0913775265 136 186 221 
-0.521345556 0.0120864213 0.275084645 170 210 229 
-0.560051143 0.0366254151 0.29268679 179 221 236 
-0.525190592 0.0228202641 0.332335442 176 218 236 
-0.571610749 0.250017583 -0.0611781366 137 188 224 
-0.571236789 0.24405618 -0.0121046081 139 190 225 
-0.572537959 0.247125611 0.0135258287 139 189 225 
-0.525886774 0.0254383981 0.335204571 177 219 237 
-0.560613334 0.0548433363 0.35501647 188 229 242 
-0.529158533 0.0338020623 0.392471343 174 214 232 
-0.537036359 0.03771016 0.39546296 174 214 233 
-0.529589415 0.0345117152 0.404368818 174 214 232 
-0.573865235 0.249892235 0.0437164977 139 188 222 
-0.571797132 0.237274319 0.088982828 146 196 228 
-0.572844744 0.238559395 0.122798361 146 195 227 
-0.531770825 0.0395745635 0.448256165 165 208 228 
-0.556776404 0.0512862206 0.45737496 169 213 230 
-0.533892393 0.0457286537 0.477274388 164 208 227 
-0.47098574 0.0401975513 -0.186375111 164 209 234 
-0.469060928 0.0281426013 -0.140786797 163 209 234 
-0.511011839 0.0252444744 -0.137753502 169 213 235 
-0.467232049 0.0173124671 -0.104404666 161 207 235 
-0.467026412 0.0156567097 -0.0954449996 160 206 235 
-0.466147423 0.0077111125 -0.0475063249 160 206 235 
-0.465426624 0.000387132168 0.000787861645 157 204 234 
-0.499353468 0.000740617514 0.00470826775 158 204 233 
-0.465221137 -0.00272703171 0.0259588882 158 204 234 
-0.465294927 -0.0046222508 0.0504058823 159 205 234 
-0.465620697 -0.00783404708 0.101052053 162 207 235 
-0.500906885 -0.00412115455 0.106949292 167 211 234 
-0.465617359 -0.0108504593 0.134417444 165 209 234 
-0.465832651 -0.0114929974 0.151442468 165 209 234 
-0.467096299 -0.0110194981 0.204196453 165 208 231 
-0.485856503 -0.00496414304 0.20955202 167 208 230 
-0.46775952 -0.0103304684 0.226986974 166 209 230 
-0.46878171 -0.00888907909 0.257898122 166 208 228 
-0.511288166 0.00723430514 0.271339983 168 208 228 
-0.469490737 -0.0105949342 0.309405655 167 208 228 
-0.476731926 -0.0072414279 0.312025636 168 208 228 
-0.469895691 -0.00984030962 0.3196114 167 207 227 
-0.525600493 0.255838066 -0.0752532035 150 197 232 
-0.524074793 0.0224933922 0.333403379 176 218 236 
-0.473284364 -0.000180631876 0.367845327 173 212 230 
-0.49085784 0.00769349933 0.374059856 176 214 231 
-0.474343956 0.00209590793 0.391194791 177 214 230 
-0.525712609 0.255233169 -0.0633845329 146 194 230 
-0.528899074 0.263261735 -0.00630936772 145 196 231 
-0.529613256 0.265618265 0.000293515623 146 197 231 
-0.476667076 0.00861918926 0.425361663 172 210 227 
-0.505826116 0.0224245489 0.436075777 172 210 227 
-0.479487002 0.0174714625 0.456455737 168 209 227 
-0.529670358 0.261800408 0.0453379825 140 189 224 
-0.527311802 0.248041317 0.0899515972 139 190 227 
-0.528798461 0.25150001 0.119772293 141 191 227 
-0.482262969 0.0261150897 0.48785165 166 208 226 
-0.513633609 0.0388888419 0.498247653 168 208 226 
-0.484120905 0.030326575 0.526350021 160 203 221 
-0.426221699 0.0498693287 -0.186032742 162 207 232 
-0.423472166 0.0345737636 -0.142297924 162 209 236 
-0.421163112 0.021009177 -0.0975730941 163 210 238 
-0.450701714 0.0170023143 -0.0965069011 161 208 236 
-0.420513093 0.0170218349 -0.083108075 163 210 238 
-0.419717133 0.0108356774 -0.0509086922 161 208 237 
-0.418617785 0.00202429295 -0.00346521288 157 204 236 
-0.418026388 -0.00479134917 0.0451197103 155 202 236 
-0.428919852 -0.00505122542 0.046175383 155 202 235 
-0.417946815 -0.0057669878 0.0523094609 155 202 236 
-0.417831153 -0.010050267 0.0945950076 158 205 236 
-0.417897254 -0.0142823458 0.144657642 161 206 235 
-0.444334924 -0.0132681727 0.148114502 164 208 234 
-0.417712003 -0.0170142949 0.166510612 159 205 233 
-0.417913496 -0.0187102854 0.194608241 158 204 232 
-0.418709159 -0.0200756788 0.246310443 160 206 230 
-0.437037587 -0.0159876943 0.250548333 164 208 229 
-0.418966383 -0.0208892524 0.267159313 161 206 229 
-0.419473171 -0.0215656459 0.297941446 161 204 227 
-0.420311421 -0.0227636397 0.349739403 161 203 224 
-0.43101576 -0.0190159678 0.352954358 162 204 224 
-0.420774549 -0.0220228136 0.362768531 162 204 223 
-0.480916291 0.265620351 -0.0724734291 149 196 230 
-0.423796088 -0.0135633647 0.40748477 168 209 226 
-0.446921885 -0.0045119226 0.414949864 174 212 228 
-0.425298572 -0.00971153378 0.433662385 167 209 225 
-0.481484622 0.267011285 -0.0618374422 149 197 231 
-0.482003897 0.264559746 -0.0107564256 146 197 233 
-0.483723223 0.269431174 0.014046669 146 198 234 
-0.427870989 -0.00204387307 0.466556519 165 207 224 
-0.453740537 0.0121916831 0.477143258 168 210 228 
-0.430711508 0.00699999928 0.496467501 165 207 224 
-0.484965831 0.271706194 0.045814164 142 194 230 
-0.485037982 0.267497838 0.0958903655 141 192 230 
-0.485500067 0.268142611 0.109940864 139 190 228 
-0.433578551 0.0158907771 0.529297531 163 205 222 
-0.468056232 0.0270806849 0.539173365 160 203 221 
-0.436277062 0.0244672 0.557883501 162 203 221 
-0.38120088 0.0585321188 -0.186267495 166 213 238 
-0.378654748 0.0440357924 -0.142075539 161 208 236 
-0.375790834 0.028290987 -0.0985977128 162 209 238 
-0.37430492 0.0192597508 -0.066459693 163 211 241 
-0.373960644 0.0166079104 -0.0527966991 162 210 241 
-0.372275323 0.00549405813 -0.00667013973 157 205 238 
-0.371290505 -0.00286737084 0.0410306677 156 204 238 
-0.370720893 -0.00856742263 0.0782196894 156 204 238 
-0.370617151 -0.0100050271 0.0894314125 156 204 238 
-0.370331913 -0.015617609 0.138704449 157 203 236 
-0.369922847 -0.0217166841 0.187699229 155 200 234 
-0.383825719 -0.0214621723 0.189365447 155 201 233 
-0.369935513 -0.0225401819 0.197430938 154 200 234 
-0.370354295 -0.0245132148 0.238582909 156 201 232 
-0.370503962 -0.0284169614 0.28883335 156 202 229 
-0.38666001 -0.0266340077 0.291578591 158 203 228 
-0.370553762 -0.0295642316 0.303868622 156 201 228 
-0.371828377 -0.0277048647 0.34172377 158 202 227 
-0.371714801 -0.0326428711 0.391382694 161 202 223 
-0.382062763 -0.0300070941 0.393953651 163 203 222 
-0.372243673 -0.0312833488 0.40055421 163 203 222 
-0.437242121 0.28040278 -0.0788852796 143 193 228 
-0.375999391 -0.0202995241 0.450925678 168 209 227 
-0.396292269 -0.0150972009 0.455985576 167 209 225 
-0.377221316 -0.016726464 0.467320174 169 210 227 
-0.438818455 0.284926176 -0.0567804053 142 193 228 
-0.438190252 0.277965903 -0.00827818364 149 200 236 
-0.43935445 0.280774891 0.0139560774 148 199 235 
-0.382808596 0.00196373463 0.516142428 169 211 227 
-0.391307145 0.00446340442 0.518436134 168 210 226 
-0.383565038 0.00459286571 0.521654785 169 211 227 
-0.440496922 0.28253758 0.0468197539 142 194 233 
-0.440040529 0.276252449 0.0957081392 145 196 234 
-0.440906823 0.278375149 0.111892976 144 196 234 
-0.33604452 0.066662401 -0.186806798 147 196 225 
-0.333437443 0.0519265831 -0.142751843 166 211 238 
-0.329857439 0.0333680809 -0.100883298 160 207 239 
-0.3277601 0.0206353366 -0.0556826666 160 207 242 
-0.350480378 0.0184203386 -0.0543909296 161 209 242 
-0.326997399 0.0160554945 -0.0398070738 159 207 242 
-0.325911224 0.00887876749 -0.00992368907 157 206 241 
-0.325142026 0.00136455894 0.0382616892 157 204 239 
-0.323751003 -0.00859299302 0.0850495622 157 204 240 
-0.355075717 -0.0100176036 0.0877167806 156 204 239 
-0.323078305 -0.0134304166 0.107921548 156 204 239 
-0.322725445 -0.0171143711 0.132658929 156 203 238 
-0.322527856 -0.0223826468 0.182128876 154 201 236 
-0.322505593 -0.0263504088 0.225197494 153 200 234 
-0.322514415 -0.0269272625 0.232012719 154 200 234 
-0.322715044 -0.0306308568 0.28237763 154 200 231 
-0.322499216 -0.0359705389 0.331806719 151 197 228 
-0.328766614 -0.035461098 0.332772553 151 197 228 
-0.322490275 -0.0365110338 0.337400973 151 197 228 
-0.324299335 -0.0333893299 0.385766298 159 202 227 
-0.325892568 -0.0297529399 0.418503195 161 203 225 
-0.392146289 0.288147151 -0.0723593235 156 205 236 
-0.327122152 -0.0267894566 0.442024261 165 205 226 
-0.329947531 -0.0197637081 0.493665785 163 204 224 
-0.39284879 0.289860606 -0.0591475889 153 203 235 
-0.394542068 0.292022109 -0.00542812794 145 197 234 
-0.395734996 0.295828015 0.00704659522 144 197 234 
-0.330224156 -0.0190927982 0.498909563 162 203 223 
-0.336542785 0.00280085206 0.545711339 172 212 226 
-0.396922261 0.296882659 0.0498350337 143 196 233 
-0.397574008 0.294951826 0.10121388 149 202 238 
-0.397600919 0.294980526 0.102129973 149 202 238 
-0.290998906 0.0789206326 -0.228133678 140 180 206 
-0.288875937 0.0668860376 -0.191868365 142 185 215 
-0.287032008 0.055148989 -0.146098241 153 200 230 
-0.284795463 0.0418691635 -0.101210542 164 208 238 
-0.282042474 0.0265601873 -0.0574833825 156 204 238 
-0.280541152 0.0170653462 -0.020901151 157 204 241 
-0.280344546 0.0153966844 -0.0113852099 157 204 241 
-0.279010952 0.00566494465 0.0355318412 158 205 240 
-0.277536929 -0.00461885333 0.0821331367 157 203 239 
-0.275821149 -0.0158522725 0.128191292 156 203 239 
-0.28708908 -0.0164017081 0.129130602 156 203 239 
-0.275545001 -0.0177524388 0.136628926 156 203 239 
-0.274828523 -0.0242443979 0.175874561 155 202 237 
-0.274487019 -0.0300780535 0.225021154 155 201 235 
-0.314393461 -0.0274963677 0.230810732 153 200 234 
-0.274334222 -0.0338310897 0.259711385 153 198 233 
-0.274411947 -0.0348648131 0.274766535 152 197 232 
-0.274587899 -0.0386652946 0.325075984 155 199 231 
-0.274881423 -0.0412070453 0.366795868 157 201 231 
-0.275395036 -0.0399856865 0.376803994 157 201 231 
-0.280467093 -0.023640275 0.428028733 165 206 230 
-0.348488063 0.303008497 -0.0789162144 167 217 241 
-0.28110975 -0.0220230222 0.43956098 166 208 230 
-0.282703251 -0.0202535689 0.493056208 164 205 226 
-0.322981656 -0.0201927125 0.497515351 162 203 223 
-0.284142435 -0.0155303478 0.506645977 168 208 227 
-0.34887132 0.302623034 -0.0570375472 168 217 242 
-0.350181669 0.303279817 -0.00417871028 151 203 235 
-0.35118714 0.306285232 0.00858566165 151 204 236 
-0.352010012 0.305972129 0.049844332 154 206 239 
-0.395885706 0.295787215 0.101482786 149 201 238 
-0.354117036 0.310704947 0.0939865038 148 202 237 
-0.242856413 0.0716245174 -0.19434765 135 175 204 
-0.243913427 0.0715397894 -0.194277555 135 175 204 
-0.242855594 0.0715785921 -0.193874687 135 175 204 
-0.241472647 0.0616955459 -0.147543371 138 184 217 
-0.239188313 0.0482279658 -0.102763049 154 200 231 
-0.237368792 0.0365867913 -0.0569380894 163 208 239 
-0.236247465 0.028780669 -0.0216748789 159 206 240 
-0.236008629 0.026750505 -0.0100808069 158 205 240 
-0.233701393 0.0131930709 0.034648113 159 204 238 
-0.231277511 -0.000822871923 0.0791148171 161 206 240 
-0.229223713 -0.0133845508 0.124413289 158 203 238 
-0.228300527 -0.0206448436 0.162708282 155 203 238 
-0.228139043 -0.0221382082 0.171889752 154 202 237 
-0.227394536 -0.0295554399 0.220130593 154 200 235 
-0.226726234 -0.036673218 0.268542737 152 198 232 
-0.255034924 -0.0359688997 0.272036642 152 197 232 
-0.226534396 -0.0394726694 0.29084444 152 197 232 
-0.226849779 -0.0406795442 0.318734437 152 197 231 
-0.227295995 -0.0434180796 0.369651377 155 199 230 
-0.262623638 -0.0422914922 0.374146253 156 200 231 
-0.226529598 -0.0495812595 0.402952313 163 204 230 
-0.227459222 -0.0472685397 0.419932216 164 204 229 
-0.266788125 -0.0249454677 0.436397463 164 205 229 
-0.232981682 -0.0277252793 0.456300408 165 204 227 
-0.234661371 -0.0234613717 0.486032039 167 207 228 
-0.237580687 -0.0150430202 0.526512504 165 207 225 
-0.30578506 0.318887055 -0.0529247373 167 221 244 
-0.306379706 0.316731751 -0.00167427212 172 223 246 
-0.306756854 0.317324519 0.0090547353 168 221 245 
-0.307733655 0.317559898 0.0512825474 155 209 240 
-0.310420692 0.325377405 0.087776728 155 209 239 
-0.191625208 0.0590390861 -0.243586838 141 187 218 
-0.192945182 0.0610716939 -0.205572844 145 187 215 
-0.192880511 0.0563256741 -0.155804142 140 181 212 
-0.204865292 0.0581512749 -0.153494075 137 179 210 
-0.193007037 0.0557950437 -0.144097894 138 180 211 
-0.192782938 0.0514505208 -0.106109373 137 184 218 
-0.191200286 0.0407400727 -0.0597520545 155 199 230 
-0.189851731 0.0309494138 -0.0128686801 165 205 233 
-0.214370415 0.0285249949 -0.0114932731 161 205 236 
-0.189287081 0.0272947848 0.00181887299 164 205 234 
-0.188280225 0.0202827454 0.0335136279 163 206 238 
-0.185594916 0.00523969531 0.0773928389 159 204 237 
-0.18428202 -0.00441080332 0.124356382 155 202 238 
-0.18208459 -0.0175369084 0.169332057 155 202 238 
-0.211936355 -0.0210513175 0.17070052 155 203 238 
-0.181193441 -0.0228568912 0.187536925 155 202 237 
-0.180533692 -0.0281225741 0.215760678 154 200 235 
-0.179740965 -0.0357292891 0.263893157 152 199 232 
-0.179611012 -0.0407316387 0.313515186 151 196 230 
-0.180448368 -0.0407555401 0.313594192 151 196 230 
-0.179620892 -0.0407264531 0.313911617 151 197 230 
-0.181948632 -0.0360383391 0.368682772 154 198 229 
-0.183388516 -0.0321598351 0.391689271 152 196 228 
-0.184785411 -0.0293837488 0.424972028 157 199 228 
-0.186862454 -0.0250470936 0.472139448 166 205 230 
-0.187294036 -0.0240186155 0.480523795 166 206 230 
-0.276216507 0.352077961 -0.0381184518 169 224 245 
-0.268226713 0.3575719 -0.0441687703 168 224 245 
-0.262152314 0.328512132 -0.000125914812 174 225 245 
-0.265130103 0.342242241 -0.0159886554 172 225 245 
-0.262530982 0.329375684 0.00766364485 173 223 244 
-0.268400401 0.357554257 -0.0359983072 168 224 245 
-0.263785005 0.330435514 0.0534573421 164 216 243 
-0.265208602 0.332546294 0.0953606889 155 210 239 
-0.141185999 0.0432577729 -0.220951051 151 196 226 
-0.162817881 0.0499745607 -0.214920133 152 196 226 
-0.142266944 0.0456827581 -0.198271886 151 196 227 
-0.144933552 0.0534910262 -0.162614912 145 187 218 
-0.145648718 0.0523392558 -0.116982915 140 182 213 
-0.145719826 0.0520886779 -0.110933833 140 183 214 
-0.144970968 0.044654429 -0.0627026781 139 186 220 
-0.144090444 0.0367028117 -0.0147674605 156 199 229 
-0.143575013 0.0319887698 0.0139524117 154 197 227 
-0.143170401 0.0285959244 0.0330789164 153 197 229 
-0.141383812 0.0170841515 0.0789778605 155 200 234 
-0.139056846 0.00344905257 0.123662405 160 203 236 
-0.13683033 -0.00979122519 0.168572724 162 205 237 
-0.13498795 -0.0206056535 0.20416081 162 205 236 
-0.134759054 -0.0224216878 0.213831872 161 205 236 
-0.134135425 -0.0293638408 0.26234445 157 201 233 
-0.133366704 -0.0368762016 0.310530871 153 198 231 
-0.134009436 -0.0355344713 0.325129539 153 198 232 
-0.13573572 -0.0320595801 0.365768969 156 199 230 
-0.137505561 -0.028311938 0.405378044 163 203 233 
-0.138137802 -0.027112931 0.421081394 163 203 232 
-0.14048022 -0.0224008858 0.476259619 160 203 228 
-0.167938292 -0.0238593817 0.478483528 164 205 229 
-0.141074836 -0.0207271874 0.484960586 160 203 227 
-0.225164786 0.375385284 -0.0561524034 162 218 245 
-0.252629459 0.334947228 0.00232827663 174 226 245 
-0.225689277 0.37529254 -0.0310422927 167 223 246 
-0.223750263 0.363181889 0.0145141408 173 228 247 
-0.218528375 0.33817187 0.0526927188 170 223 245 
-0.221510082 0.347208083 0.089170523 163 217 243 
-0.0893796608 0.0252584815 -0.236435294 154 197 227 
-0.0915078744 0.0260408223 -0.235775828 154 197 227 
-0.0894999653 0.0255363882 -0.234000504 154 197 227 
-0.094836399 0.0422075987 -0.174257979 154 198 228 
-0.0974648148 0.0429529846 -0.173563674 154 198 228 
-0.0949688107 0.0425248146 -0.171704441 154 197 228 
-0.0965698957 0.0445271432 -0.12044815 147 189 220 
-0.139528185 0.0511258841 -0.112137966 141 183 214 
-0.097356312 0.04425928 -0.081367366 140 185 218 
-0.0977660269 0.0447351933 -0.0678459629 139 183 217 
-0.0973968208 0.0387926698 -0.0187616423 135 185 220 
-0.0954610556 0.026694715 0.0268020555 149 194 225 
-0.123913273 0.027579695 0.0304099843 150 194 225 
-0.0957394466 0.0261703432 0.0454105809 150 194 224 
-0.0962099135 0.0251453817 0.0783990547 155 199 232 
-0.0940502137 0.0121675432 0.123459511 154 201 236 
-0.0920369029 -0.000235050917 0.168848962 154 201 236 
-0.0904712677 -0.00999423862 0.205416381 154 201 236 
-0.0902975947 -0.0115610659 0.214854151 154 200 235 
-0.0894592106 -0.0193471014 0.26288408 154 200 234 
-0.0888701007 -0.0261536539 0.311474204 152 198 231 
-0.0890003443 -0.0273606479 0.330866098 152 198 231 
-0.0896089002 -0.0277425349 0.363048673 154 198 231 
-0.0917343199 -0.0238830745 0.417739242 162 203 231 
-0.0924697667 -0.0239467323 0.417785436 162 203 232 
-0.0917428583 -0.0238687694 0.417972594 162 203 231 
-0.0940474197 -0.0192861259 0.472851664 161 204 230 
-0.0952007473 -0.0168354809 0.498568922 159 203 228 
-0.181595832 0.390688419 -0.0635214597 152 206 238 
-0.1819731 0.389081538 -0.0283450671 154 208 239 
-0.184022158 0.392640948 0.0261739269 166 221 246 
-0.180527389 0.37075305 0.0662406906 174 229 246 
-0.183020979 0.387658775 0.0355733633 168 223 246 
-0.174515069 0.346301556 0.104636259 176 229 249 
-0.180265814 0.347976536 0.106179364 174 228 249 
-0.178813621 0.366830528 0.0738614127 174 229 247 
-0.174872115 0.347318292 0.109730221 175 228 249 
-0.0350793041 -0.00254037976 -0.257524431 145 189 221 
-0.036504548 -0.00183984637 -0.256986737 145 189 221 
-0.0352067351 -0.00216546655 -0.255839944 145 189 221 
-0.0404534973 0.0140843987 -0.195532635 148 192 225 
-0.0428717397 0.0149730146 -0.194783494 148 193 226 
-0.0406303033 0.0145987868 -0.193131849 148 192 226 
-0.0441793539 0.0242324173 -0.137245268 149 194 227 
-0.059660282 0.0292634964 -0.132807285 150 194 227 
-0.0450065136 0.026178211 -0.120892517 149 194 227 
-0.047827065 0.0340733826 -0.0791335031 146 189 221 
-0.0849344209 0.0415000618 -0.0710158572 141 185 219 
-0.0487791523 0.0347696841 -0.0431605652 138 184 218 
-0.0492909774 0.0353336334 -0.0259295031 135 181 216 
-0.0505259745 0.0356944203 0.0267600045 135 184 220 
-0.0507703274 0.0345421135 0.0507832244 140 187 220 
-0.0505173169 0.0311686099 0.0766546056 150 195 227 
-0.0486062244 0.0191676021 0.122273766 154 199 232 
-0.0470862165 0.00870332122 0.168771833 153 200 235 
-0.0457683913 -0.000304400921 0.208366126 153 200 235 
-0.0457461514 -0.00105395913 0.215674311 153 200 235 
-0.0456674173 -0.00585514307 0.265411407 152 198 234 
-0.044553306 -0.0147245824 0.312821656 154 199 234 
-0.0439416654 -0.0194322169 0.337053806 152 197 231 
-0.0438474081 -0.0219900608 0.361149341 150 194 228 
-0.0441576801 -0.0252627134 0.411760688 153 198 229 
-0.045069024 -0.0239360631 0.438858539 152 197 229 
-0.046226196 -0.0216268301 0.466323406 154 199 229 
-0.141076118 0.41394791 -0.0193121061 156 207 237 
-0.183722168 0.392819613 0.0262381583 166 221 246 
-0.141499788 0.413099289 0.00956898183 159 211 240 
-0.168788388 0.350754559 0.106429361 177 230 250 
0.0177727416 -0.0233637094 -0.289634943 145 190 223 
0.0174975246 -0.0235670209 -0.274740219 145 189 223 
0.0137139186 -0.0131921172 -0.216323018 144 188 221 
0.012830548 -0.0127384663 -0.215979189 144 188 221 
0.013617523 -0.0128782988 -0.215384543 144 188 220 
0.00831585377 0.00352647901 -0.154277593 148 193 226 
0.00672010332 0.00413656235 -0.153770357 149 193 226 
0.00819922239 0.00385987759 -0.152628452 149 194 226 
0.00436016917 0.014577508 -0.0954737142 152 197 230 
-0.00919299573 0.0186389089 -0.0917750373 151 196 229 
0.00369080901 0.0160937607 -0.0815922692 150 196 230 
0.000515833497 0.0251910686 -0.0369200632 145 189 223 
-0.0315846875 0.0315731764 -0.0299208537 138 184 219 
-0.000848934054 0.0284827054 -0.010841094 141 187 221 
-0.00251297653 0.0326001942 0.0198007897 134 181 216 
-0.00434964895 0.0357280374 0.0693654791 135 183 218 
-0.00467729568 0.0366125405 0.0745788291 136 184 218 
-0.00398857892 0.029414624 0.122945108 153 199 230 
-0.00179485232 0.0163030922 0.167929083 152 197 232 
-0.00137987733 0.0109416544 0.208455056 153 199 234 
-0.00156711787 0.0109164417 0.21733135 153 199 235 
-0.00137159228 0.00565633178 0.266806006 152 198 234 
0.00022751838 -0.00511875749 0.313126266 151 197 231 
0.00214208663 -0.0165784061 0.352569938 151 196 229 
0.00223577768 -0.0175015628 0.358527094 151 196 229 
0.00453656912 -0.0310337245 0.403270453 153 194 226 
0.00277450681 -0.0286019742 0.457144469 161 201 227 
-0.00857713819 -0.026480943 0.459545702 159 200 228 
0.00208996981 -0.0264051259 0.464159757 161 201 227 
-0.12330272 0.430283576 -0.0123787671 160 210 239 
-0.100935698 0.443277925 -0.0251453742 167 216 241 
0.0654628873 -0.0264741182 -0.281592369 135 183 220 
0.0336190909 -0.02606076 -0.277868301 143 188 222 
0.0660091639 -0.0311665237 -0.25452885 140 186 221 
0.0655382723 -0.0312621593 -0.231847733 146 190 223 
0.062406674 -0.0234173834 -0.175248444 146 190 224 
0.0623830855 -0.0233564079 -0.174842864 146 190 224 
0.0562584698 -0.00306585431 -0.119134761 153 196 227 
0.0556042641 -0.00121253729 -0.109694369 153 196 227 
0.0516101569 0.00998950005 -0.0508041307 149 194 227 
0.050537914 0.0102565289 -0.0505410507 149 194 227 
0.0515502393 0.0101571977 -0.0499169305 149 194 227 
0.0468346775 0.0242617726 0.00984212011 147 192 225 
0.0382190198 0.0256288648 0.0115325525 145 191 225 
0.0464721024 0.0252115428 0.0159345642 146 192 225 
0.0423306972 0.0374672115 0.0698781982 132 180 216 
0.00773285329 0.0366038978 0.0732104108 134 182 217 
0.0417008027 0.0387467742 0.0845785215 131 180 216 
0.0405268818 0.0400630534 0.123846076 139 185 219 
0.0408538952 0.03428635 0.173025221 147 193 224 
0.0410168841 0.0320477188 0.190418661 145 191 223 
0.0415392965 0.0271014273 0.22139895 143 191 226 
0.0428590998 0.0174237192 0.268346936 149 197 232 
0.0451333225 0.00399592519 0.313150018 152 197 230 
0.0479603112 -0.0116038024 0.356710881 160 201 231 
0.0136742145 -0.0166093409 0.357755512 153 197 229 
0.0517575443 -0.0310159028 0.398091197 161 199 228 
0.0456359759 -0.0317130387 0.39838466 160 198 228 
0.0561110973 -0.0526139438 0.438221306 146 188 216 
0.0544140637 -0.0524282157 0.438508779 147 188 216 
0.0560502112 -0.0524585545 0.439289898 147 188 216 
-0.0109309778 0.269204915 -0.0599942431 168 210 230 
-0.0137437582 0.269186318 -0.0596952736 168 210 230 
-0.0112581402 0.270662397 -0.061169982 169 211 231 
-0.0108729303 0.268755436 -0.0576644838 169 211 230 
0.0489954352 -0.0276190341 0.4871535 159 199 224 
-0.0111989602 0.27025789 -0.0593920052 168 211 230 
0.00229483098 0.185794681 0.259681106 208 243 254 
-0.0156273544 0.191239297 0.264612317 221 248 254 
-0.00125154853 0.200955898 0.254020631 211 243 251 
0.00158788264 0.186899483 0.279860228 213 245 255 
-0.00389888883 0.210131347 0.273600578 190 229 245 
-0.94127816 0.0369772315 -0.188805506 190 227 240 
-0.970139086 0.0421831906 -0.182802081 189 226 237 
-0.940770209 0.0314781964 -0.151017383 187 223 235 
-0.978578925 0.0813342333 -0.16057694 194 230 241 
-0.941534579 0.0334930718 -0.138315111 184 222 234 
-0.971231759 0.0602727532 -0.12048395 195 230 240 
-0.942738414 0.0337313712 -0.0856956244 187 225 237 
-0.959288299 0.0403237343 -0.0802908391 185 223 237 
-0.940615058 0.020896554 -0.0405534059 181 222 234 
-0.943815827 0.0212289095 -0.0400208756 182 222 234 
-0.940639377 0.0207459331 -0.0377630368 180 221 233 
-0.992347479 0.119195491 -0.138467893 183 221 235 
-0.988159299 0.0973694026 -0.0984437019 179 221 237 
-0.981115937 0.0762343407 -0.0583573207 183 224 239 
-0.973393083 0.0552637875 -0.0182561576 190 226 238 
-0.944175839 0.0303958654 0.0173629671 181 222 236 
-0.961081684 0.0354038477 0.0219449773 180 221 236 
-0.94438833 0.0292201936 0.0401843414 180 220 234 
-0.996273816 0.159439027 -0.116144449 168 204 219 
-0.989621282 0.138209403 -0.0760665834 178 221 238 
-0.995498419 0.113947034 -0.036261633 179 222 237 
-0.9917624 0.0920114815 0.00375269353 188 228 239 
-0.983231544 0.0712364912 0.0438714847 183 225 238 
-0.946418583 0.0347164273 0.0723173097 180 221 235 
-0.974125564 0.0506006777 0.0840027705 190 229 239 
-0.945525229 0.0267143846 0.120223679 191 226 236 
-0.961958706 0.03070575 0.124200754 190 227 238 
-0.944978654 0.0220574439 0.146876931 183 218 229 
-0.980050921 0.189325213 -0.101669393 152 190 207 
-0.979557514 0.181839108 -0.0534384139 151 193 209 
-0.979344308 0.182097882 -0.0537960604 151 193 209 
-0.99072969 0.156295121 -0.0137488022 154 197 213 
-0.987809002 0.134162217 0.0262477696 172 217 234 
-0.995890975 0.109366208 0.066004701 176 216 233 
-0.991964936 0.0874766111 0.10602317 181 221 236 
-0.98459965 0.066419512 0.146116555 189 225 237 
-0.946083009 0.0244143903 0.171391338 176 213 225 
-0.978599489 0.0450319946 0.186180174 191 225 236 
-0.94682914 0.0228540003 0.222982049 179 218 230 
-0.961000025 0.0264519751 0.226496488 176 214 226 
-0.946960449 0.0217835605 0.240905821 173 211 225 
-0.979341388 0.182045519 -0.0533498675 151 193 209 
-0.978882968 0.175752461 -0.00446603447 150 192 208 
-0.979114473 0.172170371 0.0459683314 146 186 202 
-0.97586745 0.154920131 0.0885851756 164 207 221 
-0.986870766 0.129903495 0.128543079 185 223 233 
-0.975891292 0.154919356 0.0896910802 165 208 221 
-0.995751023 0.104914248 0.168282598 176 217 230 
-0.996160924 0.0819751918 0.208206624 176 217 230 
-0.984302878 0.0620055497 0.248397887 186 224 236 
-0.948895574 0.0264817774 0.277540147 169 208 224 
-0.971262693 0.0423220098 0.288614899 181 218 229 
-0.947770655 0.0175698102 0.324926078 183 218 229 
-0.960815609 0.0220108032 0.328775376 185 219 229 
-0.946846485 0.0111348331 0.354006618 171 209 221 
-0.90666765 0.0575460196 -0.181419566 194 230 241 
-0.900635898 0.0628445148 -0.179200053 194 230 242 
-0.900184214 0.0565779805 -0.130301058 194 232 243 
-0.89912492 0.0479240716 -0.0827675238 188 228 241 
-0.934359491 0.0235177577 -0.0398148969 182 223 235 
-0.899473667 0.0479461849 -0.0670023113 190 230 242 
-0.900417745 0.0485121012 -0.0299480334 194 231 243 
-0.900174737 0.0430655181 0.0194199607 185 226 240 
-0.90051347 0.0430090725 0.0355989262 188 227 240 
-0.900851488 0.0412327051 0.070854865 190 228 241 
-0.901462555 0.0391420126 0.122142233 190 228 240 
-0.901647151 0.0385363996 0.137346447 191 229 241 
-0.937599182 0.208082646 -0.0961304754 145 182 198 
-0.938074529 0.208783016 -0.0820883289 139 178 196 
-0.902072608 0.0370473564 0.173427343 191 227 240 
-0.902455449 0.0340595543 0.22420162 184 220 235 
-0.902780294 0.0340611637 0.239098579 187 224 237 
-0.942963362 0.22466822 -0.0341610946 130 170 188 
-0.939940512 0.208298758 0.00895949453 129 170 187 
-0.973825216 0.17874074 0.048961319 139 177 195 
-0.940030932 0.208383366 0.0121718124 127 168 186 
-0.975501776 0.155495137 0.0888577774 164 207 221 
-0.903513372 0.0337246358 0.276493281 194 229 239 
-0.901306331 0.0205607116 0.321447283 184 221 233 
-0.900994241 0.0151346326 0.367416233 183 218 228 
-0.858171582 0.0815525651 -0.173689365 190 229 241 
-0.855931044 0.0682571828 -0.12881054 194 232 243 
-0.879376173 0.0596659184 -0.0785502195 195 234 244 
-0.857743263 0.0723510683 -0.0911028907 200 237 246 
-0.857795417 0.0710909963 -0.074706547 198 235 245 
-0.854591846 0.0540115237 -0.0319920778 188 228 241 
-0.857031524 0.0591056943 0.0234047547 196 233 243 
-0.856931865 0.0582495034 0.0283450708 195 232 243 
-0.856761277 0.0535521507 0.0727115646 188 226 241 
-0.881147683 0.0502655208 0.125960946 190 227 240 
-0.859696031 0.0618484318 0.115254752 188 224 239 
-0.926451921 0.217532784 -0.092214644 142 181 198 
-0.859768093 0.0608749688 0.129383057 189 225 238 
-0.858162284 0.0500734746 0.175688237 189 225 238 
-0.882157207 0.0455353558 0.228213817 186 223 237 
-0.860533535 0.055909723 0.219697177 189 225 239 
-0.902023971 0.253859699 -0.0751375407 126 164 184 
-0.899694145 0.240213454 -0.0304593891 124 164 184 
-0.936859071 0.210527971 0.00983355194 128 169 187 
-0.899805546 0.240238637 -0.0256247036 125 164 184 
-0.860865772 0.0562041104 0.23167786 187 224 238 
-0.857897401 0.0400488079 0.27492094 186 222 234 
-0.85881716 0.0391710699 0.326902092 181 215 228 
-0.858777702 0.037132889 0.347739607 177 211 226 
-0.814902306 0.0970976651 -0.169987738 177 216 233 
-0.833269238 0.0936656296 -0.117478892 182 222 238 
-0.817083776 0.102057427 -0.124949083 175 216 234 
-0.817496538 0.102799237 -0.114243537 170 212 231 
-0.815894604 0.092012912 -0.067929633 172 214 232 
-0.814146757 0.080653429 -0.0219435915 171 214 232 
-0.846838295 0.0630556643 0.0244333893 191 230 241 
-0.81352222 0.0743413866 0.019526124 175 219 234 
-0.813777506 0.0747109354 0.0271407664 175 219 234 
-0.817701519 0.08563748 0.0858734325 188 225 237 
-0.817925453 0.0860543251 0.091520004 187 224 236 
-0.817537427 0.0805008709 0.135418683 178 215 228 
-0.818991899 0.0817241967 0.188601553 178 213 228 
-0.819244087 0.0824976265 0.191583663 177 212 227 
-0.859176159 0.271060854 -0.0704887286 126 165 187 
-0.895720363 0.243325159 -0.0292033367 124 164 183 
-0.859322011 0.270816237 -0.0610724017 127 165 186 
-0.820146441 0.0817685425 0.241110057 162 200 219 
-0.81783253 0.0681848228 0.285824001 161 200 218 
-0.815552771 0.0547352731 0.330614626 164 202 218 
-0.815529823 0.0540257096 0.337448299 164 201 217 
-0.77220434 0.114887446 -0.165002286 167 210 230 
-0.770720422 0.104564995 -0.118423067 154 203 227 
-0.79015398 0.10410139 -0.116539769 161 207 230 
-0.766964674 0.0853158534 -0.0769495144 168 212 231 
-0.771830857 0.0856965482 -0.0762076974 169 212 232 
-0.766362906 0.0819555819 -0.0672340468 172 214 232 
-0.768033564 0.0850239992 -0.0246332884 171 214 231 
-0.770225644 0.0909929276 0.00967831165 171 214 231 
-0.77048099 0.0901488662 0.0307811052 179 218 232 
-0.771625519 0.0901542008 0.0832673386 175 213 229 
-0.772276044 0.0910585225 0.103083171 172 210 227 
-0.775323451 0.100192428 0.14149189 169 209 227 
-0.803360283 0.0874474347 0.189997196 176 212 227 
-0.776091635 0.0998625755 0.180424362 171 210 227 
-0.81039995 0.264967769 -0.0791631788 114 155 181 
-0.812279999 0.268926144 -0.0368356071 120 161 186 
-0.775452912 0.0962093174 0.191696882 171 209 226 
-0.775570095 0.0921778381 0.241874248 170 207 224 
-0.775219917 0.0863100588 0.29100135 168 206 223 
-0.803735673 0.0600309372 0.332196862 163 201 217 
-0.774451673 0.0816594064 0.307412297 164 202 220 
-0.783865154 0.252044916 -0.089108862 124 165 192 
-0.763562083 0.0970803201 0.190864056 175 214 229 
-0.804972172 0.265290141 -0.0272266865 123 163 188 
-0.781292737 0.24818176 0.0132220536 123 164 191 
0.0788372308 0.176656574 -0.989904523 166 203 216 
0.0692061782 0.214249671 -0.965485573 169 203 214 
0.0551852882 0.0656219423 -0.806296945 175 216 232 
0.100182518 0.0675828457 -0.757817268 159 196 216 
0.101796806 0.0629966557 -0.780966282 163 202 220 
0.0998972952 0.0642118156 -0.707262158 160 199 215 
0.0777601749 0.0666002333 -0.703530312 159 199 216 
0.100640595 0.0586356223 -0.679424047 148 190 210 
0.0593702942 0.2548953 -0.965582132 161 193 206 
0.0395639688 0.258427769 -0.961484075 149 182 198 
0.0570100844 0.26454097 -0.964409351 157 190 204 
0.100738958 0.0564127862 -0.65923965 146 190 211 
0.10131301 0.049665451 -0.610615671 159 203 221 
0.104676068 0.0319592953 -0.568259656 160 204 223 
0.0609652549 0.0352094769 -0.561688304 166 210 227 
0.106975704 0.0184316039 -0.523513675 156 199 223 
0.0908587426 0.0196051598 -0.521104217 155 199 224 
0.107615739 0.0140208602 -0.503884315 155 197 223 
0.0468476117 0.304764867 -0.944826484 158 191 206 
0.0587612391 0.248304754 -0.864385247 150 189 208 
0.0416235328 0.254440457 -0.859164298 147 184 204 
0.0520829111 0.278847873 -0.897183895 143 179 197 
0.0657793283 0.216237098 -0.830243349 145 187 209 
0.0693396479 0.197755963 -0.788330555 140 176 200 
0.071269691 0.185680538 -0.742753983 134 172 199 
0.0542072654 0.188966781 -0.739091396 132 171 199 
0.0708097816 0.1861417 -0.726764441 136 175 202 
0.108067408 0.00965026021 -0.476053059 151 194 222 
0.108952656 0.00168010592 -0.428128451 146 190 222 
0.1093795 -0.00448897481 -0.379173666 147 191 225 
0.099678427 -0.00558573008 -0.37870428 147 191 224 
0.109447807 -0.00513342023 -0.375148058 147 191 225 
0.0449530631 0.31154421 -0.933181524 158 192 207 
0.0517508686 0.280342072 -0.89854455 143 178 197 
0.00341261178 0.30922547 -0.87752068 152 188 206 
0.0697996914 0.186964631 -0.689536333 145 184 212 
0.0666004866 0.196894795 -0.653006077 155 193 219 
0.109634697 -0.00998350978 -0.32983312 146 191 224 
0.0632725954 0.208119467 -0.624953508 157 196 222 
0.0238732249 0.218332663 -0.615068197 148 190 219 
0.0634794086 0.202815026 -0.575504303 165 211 237 
0.0601108819 0.204263926 -0.574345946 166 212 237 
0.0631337166 0.203972012 -0.572490513 165 211 238 
0.0620706081 0.208350539 -0.572338223 162 209 236 
0.0517406464 0.25028801 -0.564106703 138 185 217 
0.0477468073 0.264632374 -0.540147603 143 189 220 
0.0451281294 0.272938013 -0.512218118 143 189 223 
0.041951634 0.282911241 -0.477209777 144 192 226 
0.0395521894 0.290456682 -0.450896829 147 195 227 
0.0370212495 0.297792137 -0.41621539 147 197 230 
0.034512192 0.305322051 -0.384698063 152 203 233 
0.0328976437 0.309503019 -0.357034117 154 206 234 
0.0307376236 0.31392312 -0.306983739 158 210 236 
-0.0101604834 0.365898788 -0.321623951 174 223 242 
0.0297479481 0.317387193 -0.300041556 160 212 237 
-0.012747623 0.342432737 -0.281747371 163 215 239 
0.024218902 0.336108863 -0.254241824 169 222 245 
0.0138557032 0.379831851 -0.264326066 173 221 244 
0.0108478516 0.392216653 -0.263857901 169 216 240 
0.00761400908 0.404357046 -0.250298768 166 212 236 
0.00365912169 0.417719245 -0.217213243 160 207 232 
-1.78664923e-05 0.429852784 -0.183233172 158 210 234 
-0.00276295841 0.439426601 -0.163591921 158 211 234 
-0.00484289229 0.444319725 -0.122475564 167 217 242 
-0.00744272768 0.452508748 -0.0941150486 170 221 245 
-0.0104589313 0.461894721 -0.0599402897 169 221 241 
0.124604955 0.181074888 -0.977264285 171 209 220 
0.114212736 0.222436219 -0.959772408 168 205 217 
0.146406621 0.0715175867 -0.760756254 159 200 219 
0.147056013 0.0699323714 -0.772953749 157 199 218 
0.146800131 0.065479666 -0.711726487 160 200 218 
0.148202851 0.0554762185 -0.664964795 154 197 218 
0.123022422 0.0547157824 -0.662611485 147 191 212 
0.148451403 0.0529398918 -0.648191452 151 196 216 
0.104816675 0.261885971 -0.966773272 166 198 211 
0.101457417 0.275495857 -0.963785052 161 194 209 
0.148639396 0.0492690802 -0.616031885 155 202 219 
0.151060045 0.0352658629 -0.571557879 154 200 219 
0.153168246 0.0224904418 -0.526381671 153 198 220 
0.155323267 0.00953099132 -0.481310755 148 190 218 
0.14218168 0.00918772817 -0.480053395 149 192 220 
0.155665562 0.00714185834 -0.470476508 148 190 219 
0.0909023583 0.317663163 -0.947774887 173 208 223 
0.100525916 0.274253607 -0.90721637 138 175 192 
0.0537925065 0.280225724 -0.898832202 142 178 196 
0.0947277546 0.298725843 -0.912962794 147 181 197 
0.10906063 0.236226737 -0.876482785 152 191 207 
0.111414075 0.222487599 -0.8318578 158 195 214 
0.118443549 0.190375239 -0.797741413 125 163 190 
0.118130624 0.187112957 -0.747124135 144 181 204 
0.117017806 0.188380331 -0.71011734 147 186 211 
0.156214684 0.00153657794 -0.433399975 147 190 220 
0.155932769 -0.00184753537 -0.382852346 146 191 224 
0.155768469 -0.00345233083 -0.357476085 147 192 225 
0.0884738714 0.326100975 -0.930045187 168 203 217 
0.116463065 0.18917343 -0.693462431 145 185 212 
0.115095794 0.190054029 -0.640475631 152 192 220 
0.0938464254 0.194075376 -0.635953069 156 194 220 
0.115036577 0.188103527 -0.616083086 151 194 223 
0.155691355 -0.00539076328 -0.332395732 148 193 226 
0.0739888996 0.207623005 -0.574043691 163 209 236 
0.106617078 0.219698936 -0.580638647 154 200 228 
0.0968082994 0.258171976 -0.557837307 140 186 219 
0.0952426046 0.263570338 -0.545944452 142 188 220 
0.0908221155 0.277721405 -0.500249028 140 187 222 
0.0884094685 0.285927743 -0.480673939 140 187 222 
0.0848990977 0.296958238 -0.44208619 145 192 225 
0.0827667713 0.303607404 -0.41807878 144 194 228 
0.0794982463 0.313609958 -0.379171222 150 201 232 
0.0781754553 0.317156047 -0.357846379 152 204 234 
0.0790410489 0.30926314 -0.309877604 157 207 237 
0.0384294242 0.313625962 -0.303041607 158 210 237 
0.0777813792 0.312024534 -0.282731324 159 210 238 
0.0707994998 0.337154448 -0.241441876 152 204 233 
0.0652380437 0.33846882 -0.240115732 153 205 234 
0.0715885162 0.332597196 -0.227024108 153 205 233 
0.015924938 0.390566587 -0.258713841 173 220 243 
0.0167084485 0.367916405 -0.218763828 172 224 244 
0.073366344 0.322576851 -0.197296411 157 209 234 
0.0237023085 0.346769392 -0.178678513 166 220 244 
0.0729239583 0.319823325 -0.146388128 158 211 235 
0.0333668292 0.326268792 -0.138535053 162 218 237 
0.0174502656 0.409289807 -0.196338713 166 214 238 
0.0279571116 0.388993084 -0.15617688 173 223 243 
0.06037727 0.369122446 -0.118191279 179 228 246 
0.058908388 0.375199854 -0.118288614 180 228 246 
0.0214070082 0.428601533 -0.133910596 169 221 243 
0.0473552942 0.422307968 -0.111360796 173 225 245 
0.0388760269 0.454199255 -0.0764603242 177 225 244 
0.0379483849 0.457251161 -0.0677856728 179 226 245 
0.169606611 0.189285636 -0.971595645 161 197 212 
0.15918687 0.230783075 -0.954353929 153 186 202 
0.16969341 0.0704979897 -0.763869762 153 194 214 
0.194152683 0.0649804175 -0.717201471 161 201 218 
0.194053471 0.0682629645 -0.74912262 152 193 212 
0.194791555 0.0579783618 -0.668723226 153 197 216 
0.196400344 0.0471650362 -0.622424722 155 202 219 
0.186714113 0.0472921133 -0.62129122 154 201 219 
0.196675658 0.0451971591 -0.613195896 154 201 219 
0.148814008 0.274570197 -0.964707911 158 189 206 
0.145877331 0.286586314 -0.963410139 158 190 209 
0.157865286 0.230021775 -0.885221243 161 197 215 
0.124298334 0.233257502 -0.879772425 156 194 211 
0.151531011 0.258598059 -0.911959946 146 180 200 
0.161553651 0.211037546 -0.84359622 152 192 213 
0.148297817 0.216226578 -0.839316726 154 193 213 
0.166347936 0.187707752 -0.804456592 147 184 206 
0.131354764 0.189285785 -0.799752831 129 167 193 
0.166650116 0.183751881 -0.774372101 148 182 204 
0.197682768 0.0376343131 -0.575392663 153 200 221 
0.19961071 0.0255672336 -0.529811323 155 199 220 
0.201959968 0.0118445456 -0.485176951 145 192 218 
0.20297423 0.00393164158 -0.443812966 147 190 217 
0.14497532 0.28965345 -0.956080973 157 189 207 
0.104011551 0.315220714 -0.937671304 174 207 221 
0.149878323 0.26589644 -0.917185783 143 176 196 
0.166864485 0.18118611 -0.755703449 150 182 203 
0.165073395 0.183732092 -0.701764107 144 182 207 
0.141991884 0.187374592 -0.697246313 145 184 210 
0.163666502 0.188437432 -0.689460039 146 186 210 
0.203045934 0.00308558345 -0.43770346 147 189 217 
0.202775449 -0.000343322754 -0.387181491 147 191 222 
0.202415526 -0.00338709354 -0.336833686 148 192 225 
0.161231846 0.194334716 -0.643216729 144 190 217 
0.160838559 0.192352176 -0.603130937 140 189 221 
0.202416211 -0.00342357159 -0.336460084 148 192 225 
0.151308671 0.229444623 -0.577791631 149 196 222 
0.146715119 0.246882737 -0.560678482 146 193 221 
0.128249452 0.261950225 -0.550452828 141 188 220 
0.142675996 0.262095273 -0.544287086 142 189 220 
0.135782808 0.286134899 -0.494953066 137 184 217 
0.134707883 0.289570421 -0.483779937 136 184 217 
0.12981756 0.305580646 -0.437174261 144 191 222 
0.128426224 0.309760869 -0.419748753 144 192 225 
0.127706975 0.308095127 -0.368218273 151 201 234 
0.108481646 0.312227607 -0.363857657 154 204 235 
0.126641393 0.311219394 -0.354014397 153 204 235 
0.122209266 0.325205177 -0.305948943 148 201 233 
0.121526256 0.326456785 -0.288499504 148 200 233 
0.120092273 0.329031646 -0.251277208 154 204 235 
0.118735582 0.330187112 -0.201831385 155 206 235 
0.11859867 0.330408514 -0.198006511 156 207 235 
0.120264679 0.319370538 -0.151836559 162 213 239 
0.0608472079 0.374114066 -0.115527526 180 229 247 
0.0681758672 0.417081773 -0.0929589272 175 226 246 
0.0448242277 0.452623546 -0.0710586011 180 226 245 
0.213949144 0.200759292 -0.97192502 148 183 199 
0.203052431 0.244618028 -0.959024072 147 182 198 
0.240935832 0.0667186677 -0.721396744 147 188 207 
0.241016001 0.0667665303 -0.725609422 147 188 207 
0.241897911 0.0584466755 -0.673644781 153 196 213 
0.243729711 0.0467572212 -0.627847493 158 203 220 
0.245342135 0.0359297395 -0.581557095 151 198 219 
0.234593511 0.0360411406 -0.580315411 151 198 219 
0.246484846 0.0296086073 -0.563777506 152 199 220 
0.152513608 0.285766453 -0.959023833 155 186 206 
0.199966729 0.254647374 -0.928809166 144 177 194 
0.159676492 0.264660388 -0.918934822 142 175 195 
0.205921471 0.226757944 -0.892277479 153 192 209 
0.208589196 0.211784095 -0.848358631 150 189 209 
0.214638472 0.183523089 -0.812039435 136 174 198 
0.21510759 0.17718789 -0.763179779 145 178 199 
0.184843272 0.179392487 -0.758654833 149 181 202 
0.214133501 0.179677218 -0.74611938 146 180 201 
0.247581542 0.0226386786 -0.536675811 153 199 221 
0.249404073 0.0109857023 -0.490857631 148 193 218 
0.250013083 0.00410082936 -0.4423123 146 189 217 
0.212334245 0.00332781672 -0.438592374 147 189 217 
0.250102639 0.00161418319 -0.418790489 145 189 219 
0.209470719 0.194844902 -0.700597525 145 183 205 
0.20813331 0.199295908 -0.688658595 144 184 207 
0.249997646 -0.000330269337 -0.392363489 146 190 221 
0.249223083 -0.0017786026 -0.340708703 146 190 223 
0.203155428 -0.00337967277 -0.336517453 147 192 225 
0.204622239 0.209403917 -0.639787257 132 179 206 
0.203415751 0.212565139 -0.619525611 133 181 209 
0.197650135 0.232307345 -0.574204445 151 199 224 
0.179371178 0.233130038 -0.571748257 152 199 224 
0.196972698 0.234376222 -0.566094935 154 201 226 
0.187788755 0.269756138 -0.53760761 139 183 214 
0.180406481 0.296216816 -0.49272415 146 193 220 
0.17932874 0.299804777 -0.483115822 145 192 220 
0.175341785 0.311204523 -0.426750183 141 189 221 
0.175084502 0.311989725 -0.423663408 141 189 221 
0.175351918 0.306447148 -0.374350309 146 196 230 
0.172198653 0.316679716 -0.343289614 148 198 231 
0.170061395 0.322743088 -0.312546611 147 199 232 
0.168673575 0.324045658 -0.26330483 149 201 233 
0.168430135 0.324661016 -0.258966476 149 202 234 
0.166494086 0.327776343 -0.204701468 152 204 234 
0.125095844 0.330117166 -0.198878974 155 207 235 
0.167530984 0.319617152 -0.161638618 163 214 238 
0.167712212 0.318498284 -0.157524914 164 214 238 
0.258092552 0.213218689 -0.974066615 156 189 202 
0.247579217 0.255179673 -0.957677007 177 210 223 
0.254677892 0.220742702 -0.900907338 152 190 209 
0.249641418 0.222402036 -0.899451256 153 192 210 
0.253344566 0.226638645 -0.905210733 157 194 212 
0.255031824 0.218285918 -0.8898561 151 189 208 
0.245913684 0.0661068261 -0.722276628 146 187 206 
0.289767683 0.0559152067 -0.680282116 152 192 210 
0.289723516 0.0566315353 -0.686216235 151 190 208 
0.289226055 0.0535514355 -0.629150927 151 196 214 
0.291230351 0.0411843061 -0.583741188 151 199 217 
0.294560313 0.0236082077 -0.541310728 152 198 219 
0.27096656 0.0220051408 -0.53959018 153 199 220 
0.296533853 0.0128328204 -0.512176692 149 195 217 
0.247253954 0.254405022 -0.934137225 177 211 224 
0.257010728 0.207084566 -0.856236041 145 185 205 
0.261094749 0.186545521 -0.815500259 123 162 187 
0.260663748 0.183747202 -0.764617562 139 174 197 
0.259121656 0.187954694 -0.740573406 145 181 202 
0.297087073 0.00918808579 -0.49707526 148 194 216 
0.297405154 0.00344648957 -0.447875977 143 189 215 
0.297013283 0.000494420528 -0.397081256 144 189 218 
0.294869572 0.000465124846 -0.396861643 144 189 219 
0.296993464 0.000472664833 -0.395929784 144 189 219 
0.25636366 0.196151495 -0.70503968 143 179 202 
0.253950417 0.203469664 -0.675568819 144 184 207 
0.296422094 -0.00167447329 -0.345838606 146 191 221 
0.251362711 0.211309865 -0.643886626 139 184 209 
0.248815089 0.218807146 -0.610237896 135 183 211 
0.243025541 0.239576846 -0.575236082 141 188 216 
0.241603374 0.244423583 -0.563802481 142 190 218 
0.233372808 0.275083661 -0.526638746 138 181 211 
0.227508515 0.296055287 -0.490449816 146 190 217 
0.207540751 0.299496174 -0.486383826 147 192 219 
0.226363868 0.299696267 -0.47835806 147 192 219 
0.224619299 0.302915931 -0.434042662 148 195 224 
0.179671109 0.311104536 -0.42464897 142 190 221 
0.222694516 0.307776451 -0.399686128 145 194 226 
0.221294522 0.311488092 -0.376656592 141 191 225 
0.220024556 0.311986297 -0.323888481 151 200 231 
0.212566197 0.314580739 -0.321657568 152 200 231 
0.219646752 0.312779397 -0.315357476 151 199 231 
0.215504706 0.325254023 -0.263816774 144 196 229 
0.182350069 0.325621128 -0.259973794 148 200 232 
0.214866668 0.326358199 -0.246793628 145 197 230 
0.214824587 0.323434561 -0.21237424 149 200 233 
0.214738667 0.319280446 -0.162267029 152 203 234 
0.17380175 0.319066256 -0.157885104 163 213 238 
0.303251922 0.219935596 -0.959041655 171 207 224 
0.261088967 0.248012662 -0.939134955 180 213 225 
0.303731859 0.218272626 -0.962594748 171 208 224 
0.304202914 0.211707175 -0.911264718 137 174 197 
0.308046013 0.192114919 -0.869987428 136 175 198 
0.267945468 0.203992575 -0.859119654 147 186 206 
0.309311628 0.182650119 -0.8229177 130 167 189 
0.283840537 0.185000032 -0.818840444 126 164 188 
0.308595389 0.184111148 -0.806271136 132 168 190 
0.314826518 0.0599468052 -0.680842638 154 193 210 
0.335305691 0.0580537319 -0.631765306 151 196 214 
0.334996253 0.0635001957 -0.67808038 155 194 211 
0.337189078 0.0461617112 -0.58608377 148 195 213 
0.340182185 0.0299091339 -0.54289639 148 193 214 
0.34308365 0.0140168369 -0.499502867 148 194 216 
0.3179093 0.0105275214 -0.498634726 148 194 216 
0.343874186 0.00946578383 -0.485224873 147 193 215 
0.306812912 0.18797639 -0.767388105 134 169 193 
0.304628849 0.193662614 -0.730303884 141 179 201 
0.344549686 0.00376453996 -0.452883571 145 190 213 
0.344348878 6.18100166e-05 -0.402518153 144 190 214 
0.343998194 -0.00123277307 -0.372032404 150 194 217 
0.303578407 0.196193814 -0.710204959 137 177 200 
0.298999608 0.211445123 -0.669467568 138 181 204 
0.343768209 -0.00214850903 -0.351299196 151 195 218 
0.294994086 0.225431904 -0.64099896 141 182 208 
0.29299286 0.231096357 -0.612066507 137 182 209 
0.288102031 0.248020768 -0.575595975 135 181 209 
0.286101699 0.255125731 -0.562713683 134 180 209 
0.278464139 0.282850325 -0.520153701 136 179 210 
0.27587083 0.291588366 -0.498194158 139 182 211 
0.272965968 0.299983919 -0.458124518 137 181 211 
0.271882087 0.302769333 -0.439315975 136 182 213 
0.269693315 0.306877792 -0.38448295 144 192 225 
0.263063312 0.308449209 -0.382899553 143 193 225 
0.269391716 0.307593375 -0.378587276 144 193 225 
0.268560469 0.306837201 -0.332022995 147 197 229 
0.266239673 0.313112497 -0.295207471 150 200 230 
0.263320923 0.322932899 -0.270333797 147 198 229 
0.260817856 0.329868168 -0.232483625 142 192 227 
0.260655373 0.328914702 -0.214429289 144 193 227 
0.263115734 0.314755499 -0.170044556 150 200 232 
0.306858152 0.217896998 -0.96054697 170 207 223 
0.335918933 0.202091098 -0.919980943 143 179 200 
0.355117738 0.192719191 -0.874831319 129 167 188 
0.354686558 0.197013199 -0.902751803 142 180 199 
0.35638994 0.183228523 -0.827776313 131 167 189 
0.354587525 0.187418491 -0.791588664 139 175 197 
0.382564902 0.0579214096 -0.637030423 145 189 207 
0.381771743 0.0629296601 -0.656269312 146 188 206 
0.382888794 0.0521569252 -0.587844253 147 192 211 
0.385310829 0.0381484032 -0.543373346 144 189 210 
0.388398945 0.0215224922 -0.500399411 143 187 210 
0.391252428 0.00591126084 -0.457928389 141 186 208 
0.353960246 0.188283533 -0.772401929 135 172 196 
0.349969596 0.200194627 -0.721549213 129 170 195 
0.391282976 0.00569859147 -0.456966817 141 186 208 
0.390767515 0.00323218107 -0.405894339 144 189 212 
0.390567154 -0.000472307205 -0.355529934 147 192 215 
0.382913947 -0.00106418133 -0.355010957 148 193 216 
0.348822355 0.20397985 -0.710941195 128 170 195 
0.343643963 0.221424565 -0.667050242 135 175 199 
0.340707213 0.231374457 -0.642789483 137 177 202 
0.337644249 0.24104099 -0.609585166 137 179 205 
0.333832562 0.253894955 -0.577425718 134 178 206 
0.331365079 0.262040794 -0.554663181 132 176 207 
0.324106038 0.287891567 -0.508658588 127 171 201 
0.32373926 0.289062202 -0.504828453 127 171 201 
0.321359396 0.293921471 -0.449566036 134 181 213 
0.301620007 0.299427569 -0.444401652 132 179 211 
0.321643651 0.289996713 -0.41900298 141 187 219 
0.322286159 0.285788178 -0.40173468 146 192 225 
0.320961356 0.286501974 -0.348843277 148 195 229 
0.299710751 0.294479638 -0.342168361 147 195 229 
0.32044071 0.285867125 -0.317886174 147 195 229 
0.318434209 0.291939855 -0.293249875 149 196 230 
0.288024306 0.310005069 -0.280080974 152 200 231 
0.315043628 0.302500188 -0.254936844 146 195 229 
0.310046077 0.320407152 -0.224484712 143 194 229 
0.290981591 0.32907483 -0.217674673 143 194 228 
0.309222072 0.321234673 -0.195850581 143 194 228 
0.310547143 0.313946486 -0.175696731 143 192 226 
0.373090804 0.188248485 -0.879238367 131 168 190 
0.403394461 0.184096783 -0.832469225 126 162 184 
0.404154569 0.183113366 -0.856437802 128 164 186 
0.402343303 0.183735281 -0.780192792 128 166 189 
0.385725945 0.186820894 -0.776688218 130 168 191 
0.401785731 0.184755355 -0.765930772 127 165 188 
0.403715014 0.0586218834 -0.638973534 142 186 205 
0.428156137 0.0598510504 -0.58863306 146 192 212 
0.42912674 0.0594901145 -0.629184186 139 184 204 
0.430202603 0.0473182201 -0.543318093 145 190 211 
0.432978451 0.0319195092 -0.499642313 144 186 208 
0.435349107 0.0186021924 -0.460495502 147 191 211 
0.398778766 0.193249345 -0.722267985 128 167 189 
0.370613158 0.201516986 -0.714675486 128 170 193 
0.396295369 0.201850414 -0.703830659 131 171 194 
0.435496271 0.0175344646 -0.455386698 148 191 212 
0.435828328 0.0117379427 -0.406218886 144 188 210 
0.43633157 0.00526869297 -0.357435852 147 190 213 
0.388693631 0.229397759 -0.660944879 139 178 200 
0.386943758 0.235260442 -0.645756364 140 180 202 
0.383146644 0.24677287 -0.599359691 141 182 206 
0.381427377 0.25244382 -0.583445132 138 180 205 
0.377367884 0.265295416 -0.539883733 133 177 207 
0.375219673 0.272343665 -0.519580185 131 174 204 
0.329464018 0.287813008 -0.506137073 126 170 200 
0.372131228 0.281134546 -0.475474983 136 180 211 
0.371789873 0.281328321 -0.4619582 141 184 215 
0.37299481 0.272102118 -0.414751977 147 193 224 
0.32946974 0.283328563 -0.403862089 146 192 225 
0.375703543 0.256966978 -0.370925426 149 196 228 
0.356811434 0.267106622 -0.363333583 150 197 228 
0.374746054 0.258105159 -0.339615166 150 198 230 
0.373625427 0.260640562 -0.316341102 149 196 230 
0.333944768 0.279925942 -0.301489711 147 194 229 
0.370631725 0.268388152 -0.264992654 149 195 230 
0.369806349 0.271154881 -0.257844239 149 195 230 
0.330727547 0.297501236 -0.239217877 144 193 228 
0.366114378 0.281169772 -0.199632972 148 196 230 
0.36446321 0.2828269 -0.198550105 147 196 230 
0.319520265 0.313142568 -0.177120075 143 192 226 
0.420737863 0.176941305 -0.838267565 125 162 184 
0.452889025 0.170689374 -0.792843938 132 164 183 
0.453807533 0.168298036 -0.808440804 132 163 182 
0.44921416 0.180952519 -0.738177776 124 162 183 
0.474113286 0.0648348331 -0.590972066 143 187 207 
0.474670351 0.0650179684 -0.61858356 138 179 200 
0.475175798 0.0561680794 -0.543445826 143 186 207 
0.477374792 0.0430360138 -0.498473644 147 190 212 
0.478133738 0.0377880335 -0.47500205 145 189 211 
0.448469341 0.183563769 -0.732997179 124 162 184 
0.442094862 0.20611164 -0.690901637 135 174 196 
0.478278399 0.0349937379 -0.450590253 144 188 209 
0.47913301 0.0271439552 -0.402596831 150 192 214 
0.480905533 0.015687108 -0.356666416 148 191 213 
0.43408668 0.235670775 -0.651714087 130 172 197 
0.433972716 0.236032471 -0.650504231 130 172 197 
0.430399358 0.245581478 -0.592559516 142 182 204 
0.412156075 0.248280197 -0.589086771 142 183 205 
0.429560363 0.247992977 -0.58084023 143 184 206 
0.42458874 0.263921142 -0.529586911 138 177 203 
0.411943793 0.266582847 -0.526749492 137 176 204 
0.423866272 0.266096771 -0.520594537 138 177 204 
0.422445655 0.267849892 -0.474856704 140 181 209 
0.384750634 0.278354913 -0.464999884 140 183 214 
0.421630502 0.267080098 -0.428876758 141 185 216 
0.421666086 0.266421229 -0.423190624 142 186 217 
0.422718883 0.257792801 -0.375642568 145 194 225 
0.424223423 0.247389212 -0.329109758 144 192 227 
0.39414072 0.253302097 -0.32258752 149 195 229 
0.426436305 0.234202653 -0.28416869 151 197 232 
0.417500824 0.236116409 -0.282145739 152 198 233 
0.426744282 0.231679797 -0.270275772 152 198 232 
0.374484181 0.266898364 -0.260673732 149 195 230 
0.422549605 0.244982302 -0.225520015 150 195 230 
0.413325161 0.253459722 -0.219894737 148 194 229 
0.473195732 0.166798502 -0.797191978 132 162 181 
0.5006845 0.163958251 -0.749400139 120 156 177 
0.455468416 0.180861712 -0.735236168 124 161 182 
0.502238572 0.159531713 -0.77156359 123 157 177 
0.496275663 0.178966016 -0.713763714 127 165 185 
0.518411875 0.0763354897 -0.589583635 142 186 206 
0.518379629 0.0796265304 -0.62467581 142 183 201 
0.519938707 0.065844357 -0.543100893 147 192 211 
0.521710694 0.0543899834 -0.497169167 144 187 208 
0.521446526 0.054359436 -0.484702557 145 188 209 
0.489754617 0.202412337 -0.674922943 130 170 192 
0.48344636 0.205987677 -0.672284842 132 172 194 
0.488972545 0.20503521 -0.668160558 132 172 194 
0.519977808 0.0567071736 -0.443360627 152 196 218 
0.522232115 0.0433575511 -0.39851284 150 192 215 
0.524000585 0.0319167972 -0.352573246 152 194 215 
0.436076164 0.235715851 -0.650907636 130 173 198 
0.48152101 0.231838733 -0.623907447 138 180 202 
0.4796229 0.237730592 -0.60223937 138 179 202 
0.476044178 0.248866603 -0.561683893 142 183 205 
0.474963129 0.25154826 -0.54185313 140 180 203 
0.471348763 0.26202625 -0.492349535 134 172 198 
0.470775604 0.263510406 -0.48252815 135 173 199 
0.471091628 0.257776767 -0.433324367 144 182 207 
0.427190304 0.265787303 -0.42414251 142 185 215 
0.471484542 0.25174129 -0.384293228 148 192 223 
0.468046546 0.252836466 -0.383319646 147 192 222 
0.471539617 0.250996798 -0.37854892 147 191 222 
0.472787499 0.242129698 -0.337307423 146 191 222 
0.475138724 0.228399485 -0.292677283 156 201 229 
0.47594136 0.22075361 -0.244567215 164 205 233 
0.451933563 0.221610785 -0.241462767 159 202 233 
0.532774806 0.158379376 -0.755961299 126 159 178 
0.546076655 0.166670054 -0.700555325 123 161 182 
0.534164011 0.177069634 -0.693589091 124 162 184 
0.549905121 0.154550523 -0.741644502 127 161 180 
0.543766618 0.17485407 -0.685442626 126 165 186 
0.563686669 0.0840004683 -0.590389073 145 185 204 
0.564585447 0.0818763077 -0.608049273 138 177 196 
0.565180421 0.0736393332 -0.543832004 148 189 208 
0.56644398 0.0641827881 -0.496757567 148 192 210 
0.566246033 0.0635710657 -0.480873793 148 192 210 
0.536966264 0.198433697 -0.635262907 129 170 193 
0.564468086 0.0674546659 -0.442403018 155 198 217 
0.565081 0.0605546832 -0.39386633 152 196 216 
0.528152764 0.0340898931 -0.35184741 152 195 215 
0.5653947 0.0577007234 -0.376556903 152 196 217 
0.53584218 0.202392012 -0.627640843 129 170 193 
0.496312082 0.227455735 -0.609662652 137 178 200 
0.530655265 0.219591275 -0.580630958 137 176 200 
0.563566983 0.0620115995 -0.340549886 163 211 228 
0.527061164 0.23240307 -0.557992756 142 182 206 
0.499940515 0.246688008 -0.547241747 146 187 209 
0.524011612 0.242395669 -0.52902627 144 186 207 
0.523187995 0.243129849 -0.49937436 138 178 201 
0.480369687 0.260305047 -0.485326141 135 173 199 
0.520015538 0.252093256 -0.453327686 137 176 202 
0.519429445 0.253406435 -0.441013426 138 177 204 
0.520738959 0.243769169 -0.394042373 149 191 217 
0.519073427 0.246672109 -0.349836648 151 193 219 
0.518779099 0.246978208 -0.339723766 151 194 220 
0.52178508 0.23067528 -0.296565115 155 199 224 
0.526067197 0.209357709 -0.256274611 162 204 228 
0.582260013 0.147517115 -0.714950442 117 152 172 
0.59819001 0.146507412 -0.706096768 116 151 171 
0.59124136 0.170821637 -0.65726757 124 162 183 
0.591577828 0.0812529325 -0.594948649 140 179 198 
0.610991299 0.079197526 -0.545842469 147 188 206 
0.612357318 0.0763731599 -0.57717061 141 181 199 
0.610572517 0.076351136 -0.494987309 150 187 206 
0.610023856 0.0778400302 -0.486341745 151 189 207 
0.590173542 0.17447117 -0.648799777 124 162 184 
0.543799222 0.197755843 -0.631037235 129 169 193 
0.585317194 0.190064162 -0.599115074 129 169 192 
0.606016755 0.0897601545 -0.434834778 160 201 218 
0.605106413 0.0755558312 -0.390104175 153 196 215 
0.607890368 0.0783169568 -0.39369294 154 196 215 
0.583521247 0.196117818 -0.583935738 131 171 195 
0.546686292 0.216808617 -0.568632483 138 177 201 
0.578924 0.211628288 -0.545230508 135 175 199 
0.607976139 0.0775694847 -0.389324099 154 196 215 
0.603927374 0.0889860988 -0.33031112 174 216 231 
0.576101243 0.220781118 -0.517346263 138 179 201 
0.545826197 0.234954476 -0.50630933 143 184 204 
0.573221564 0.229773194 -0.485060364 138 181 203 
0.571451247 0.234560311 -0.456982046 134 177 202 
0.531416893 0.249820799 -0.44428125 138 178 204 
0.569459975 0.238309965 -0.407227844 125 170 200 
0.569192171 0.238945127 -0.40199095 125 169 200 
0.569259763 0.234187707 -0.352228791 142 183 208 
0.529007435 0.244751781 -0.342058867 148 190 216 
0.568171263 0.234604672 -0.306891084 144 188 215 
0.568176746 0.2339513 -0.299880832 147 190 217 
0.570861042 0.218912184 -0.255999357 160 200 223 
0.644184649 0.14780882 -0.669238925 119 155 176 
0.598517954 0.169806242 -0.652254403 124 162 183 
0.645007372 0.145729572 -0.683904529 117 152 173 
0.639736533 0.161737829 -0.619806767 120 155 176 
0.653491676 0.0977637172 -0.540412903 142 183 202 
0.657336533 0.0846947432 -0.571705699 135 174 193 
0.642840445 0.0891748667 -0.491557181 145 184 204 
0.652887166 0.0966365039 -0.500132561 144 184 204 
0.637696147 0.168812037 -0.604742825 120 156 177 
0.599626184 0.188428581 -0.589888334 128 168 190 
0.632945955 0.185269415 -0.569538713 122 160 183 
0.653082669 0.0948791802 -0.489579588 144 183 203 
0.652320147 0.0933834612 -0.437951863 154 192 209 
0.651990831 0.0909889638 -0.396225303 154 194 212 
0.628402293 0.200838089 -0.533942223 123 162 184 
0.609168887 0.209092259 -0.527338564 128 168 191 
0.62679708 0.205624133 -0.513430893 122 162 186 
0.651974022 0.090251565 -0.38725999 154 194 212 
0.650590897 0.0911943018 -0.334237605 155 199 218 
0.619774103 0.230306253 -0.465278 129 173 199 
0.619718969 0.230465233 -0.464513689 129 173 199 
0.616495907 0.238637775 -0.407356203 122 166 196 
0.583229899 0.23952195 -0.40321973 123 167 198 
0.615759194 0.240097091 -0.389750779 125 168 197 
0.615423977 0.238357797 -0.355033189 132 175 201 
0.615599871 0.233175009 -0.305514336 133 176 204 
0.58292532 0.234962404 -0.300951481 142 186 213 
0.615051568 0.233515173 -0.284125954 135 179 207 
0.615864038 0.22764492 -0.256194085 141 185 213 
0.661729872 0.143912405 -0.673286498 116 151 172 
0.688317299 0.155469716 -0.617563546 125 161 181 
0.660760343 0.16203177 -0.610965669 121 156 177 
0.692387044 0.142167956 -0.656594992 118 155 175 
0.686691999 0.160276383 -0.596357822 126 162 183 
0.702373266 0.0912566185 -0.549324095 132 170 191 
0.703227997 0.0885007381 -0.557939887 131 169 190 
0.697397828 0.10727796 -0.498932183 141 178 200 
0.68135637 0.178329051 -0.552005827 112 149 172 
0.672531664 0.18323499 -0.548367381 110 148 171 
0.680242658 0.182118833 -0.542984784 110 148 171 
0.695914328 0.112143546 -0.484894603 141 178 200 
0.695983052 0.107381731 -0.435134947 141 178 199 
0.697607934 0.0965053439 -0.388872564 152 190 209 
0.680557311 0.0938181877 -0.388460726 153 191 210 
0.697471917 0.0968265235 -0.386194021 152 190 209 
0.673994064 0.202966899 -0.487783909 126 166 189 
0.693880141 0.106660783 -0.33058092 168 205 221 
0.673694372 0.203943193 -0.48487255 126 166 189 
0.620568275 0.230205417 -0.464748353 129 173 199 
0.667355597 0.225745723 -0.436132163 127 169 194 
0.665720999 0.230780989 -0.417039394 124 167 192 
0.664481997 0.231157556 -0.364340872 120 162 192 
0.653563142 0.233705804 -0.361754805 121 164 193 
0.663950205 0.232519299 -0.355058402 120 162 192 
0.664012313 0.228511125 -0.313371301 126 169 196 
0.662242055 0.230974823 -0.259478986 126 167 197 
0.661182106 0.231064111 -0.259313941 126 168 197 
0.737058342 0.149514735 -0.626158953 120 158 179 
0.73829031 0.145915478 -0.642721653 116 155 175 
0.733678818 0.158659488 -0.572623312 117 155 177 
0.710234642 0.0871331692 -0.552431107 131 168 189 
0.748950422 0.089312464 -0.503142416 130 167 188 
0.708507419 0.105069101 -0.490126848 138 174 196 
0.751131415 0.08234635 -0.525864065 133 169 189 
0.745544314 0.0999201834 -0.464644253 127 163 185 
0.732861221 0.161514521 -0.566812456 117 156 177 
0.727144182 0.180924207 -0.520026445 118 155 178 
0.743819952 0.104979604 -0.441698313 132 168 190 
0.715018332 0.102159262 -0.387710094 149 186 206 
0.741325319 0.110721618 -0.39097473 143 181 201 
0.72523737 0.186978757 -0.499764889 116 154 177 
0.677384913 0.202763677 -0.485919744 126 166 188 
0.721078694 0.200866044 -0.463159621 122 161 183 
0.741215348 0.110721946 -0.385930806 142 180 200 
0.740614474 0.10859102 -0.334666431 141 179 201 
0.717589378 0.212537795 -0.432663143 119 160 184 
0.690745056 0.224351436 -0.423286855 123 165 189 
0.715133429 0.220212966 -0.40519914 121 163 187 
0.713525295 0.224015012 -0.373615533 120 161 187 
0.710810065 0.23153086 -0.33247906 121 162 190 
0.709840477 0.234001607 -0.315420449 123 164 192 
0.70971787 0.229991436 -0.265230894 123 165 192 
0.777506828 0.149095625 -0.630831718 116 155 177 
0.74601078 0.159826219 -0.569175839 116 154 175 
0.767911851 0.0782537162 -0.511241853 131 168 189 
0.76295644 0.0954082906 -0.449007899 130 167 188 
0.766552925 0.183152348 -0.506386459 113 150 174 
0.74455601 0.10930866 -0.387066722 144 182 201 
-1.03762722 0.0205408037 -1.02488005 109 133 154 
-1.06421852 0.0352269709 -1.01396894 65 92 115 
-1.01717889 0.0314658582 -0.968826413 91 124 140 
-1.05984712 0.0135588944 -0.97387898 106 141 158 
-1.01241732 0.0149487257 -1.00388527 144 174 186 
-1.01861572 0.0355488062 -0.948228478 119 152 167 
-1.06245172 0.0215672255 -0.943288803 106 136 154 
-1.07464004 0.0761761963 -0.990547895 164 185 191 
-1.02629137 0.0672712028 -0.948347449 167 197 204 
-1.06886709 0.0490006506 -0.953607857 153 184 193 
-1.0206033 0.0359375477 -0.861302495 134 169 181 
-1.02593446 0.0372391939 -0.860008597 129 162 175 
-1.02231407 0.0437719524 -0.869819522 135 170 184 
-1.02053714 0.0349756181 -0.853649378 139 171 183 
-1.02181816 0.0407108068 -0.858572364 133 167 180 
-0.972884297 0.0429821312 -0.967429101 136 156 167 
-0.969499707 0.0334760845 -1.0171814 92 125 143 
-0.977632523 0.0636521578 -0.979127884 147 175 186 
-0.974121749 0.0462722778 -0.947178841 146 171 183 
-1.00538969 0.0878915489 -0.939427018 168 198 207 
-0.9787938 0.0617102385 -0.904234409 153 181 191 
-1.00195312 0.0658835173 -0.899419188 149 181 192 
-0.974498808 0.0403423905 -0.863972545 160 196 205 
-0.975816786 0.0445787907 -0.8505404 141 178 190 
-0.989396334 0.107862025 -0.93032074 130 161 177 
-0.988066852 0.0981464386 -0.88339448 149 176 186 
-0.982728779 0.0726800561 -0.845476866 159 198 208 
-0.975063205 0.0335764587 -0.762876034 179 212 221 
-0.99113822 0.0411755741 -0.75697577 177 213 222 
-0.981739879 0.0638161004 -0.792378247 153 184 193 
-0.971330583 0.0144182742 -0.721350431 149 189 200 
-0.984206498 0.0200134814 -0.716891885 146 184 196 
-0.971803904 0.0146285295 -0.701958001 146 187 200 
-0.984447777 0.0749427378 -0.791699648 153 184 193 
-1.00102329 0.102816671 -0.774715066 159 191 203 
-0.99255079 0.107249886 -0.778696179 163 195 207 
-1.00040972 0.0801253021 -0.734768748 169 205 213 
-0.998177826 0.0578256547 -0.694787204 140 174 188 
-0.97510767 0.0247676373 -0.662947893 134 173 189 
-0.997724414 0.0350955725 -0.654844344 123 160 179 
-0.975094318 0.020832628 -0.619837403 136 175 191 
-0.993734121 0.111430913 -0.770830035 165 198 210 
-1.02542305 0.115264863 -0.712904632 145 177 190 
-0.999217153 0.13016656 -0.727297902 158 193 204 
-1.02227986 0.0931858122 -0.67290318 146 175 187 
-1.00537658 0.0744372606 -0.632602096 148 185 199 
-0.976550579 0.0259450972 -0.609791279 143 182 197 
-0.996138096 0.0538335741 -0.592467844 163 200 212 
-0.976255119 0.0202924907 -0.560541153 162 200 213 
-0.992588937 0.0318528116 -0.552457631 151 190 206 
-0.9779194 0.0247334242 -0.53348273 155 193 208 
-1.00231242 0.140645593 -0.701637387 154 189 202 
-1.00004005 0.127224654 -0.656830311 152 186 199 
-0.998488367 0.116636217 -0.610403299 160 198 211 
-1.00249171 0.0934896171 -0.570197284 157 196 209 
-0.99826467 0.115366757 -0.606566191 161 199 211 
-0.999835849 0.071292609 -0.530206501 166 203 217 
-0.982679546 0.0410438776 -0.496189207 181 212 222 
-0.992433727 0.050244391 -0.490112334 185 214 224 
-0.979547739 0.0242463946 -0.45331338 186 221 232 
-0.989532769 0.0281067491 -0.450116187 189 224 233 
-0.980231225 0.0260931253 -0.442456752 186 223 233 
-0.99530524 0.0996368825 -0.567642987 159 198 212 
-0.99742198 0.103462338 -0.512971818 172 212 225 
-0.9996503 0.0896915197 -0.46786055 181 219 232 
-0.997039795 0.0992182195 -0.483355314 178 218 231 
-0.996028483 0.0677283406 -0.427848727 178 217 230 
-0.986481011 0.0469971895 -0.38781777 177 215 226 
-0.986747026 0.0471349955 -0.387713581 177 215 226 
-0.981779814 0.0240330994 -0.348469049 178 219 235 
-0.984012306 0.0249570906 -0.34772107 177 219 234 
-0.981665313 0.0231080949 -0.34344393 176 218 234 
-0.99672401 0.0962281227 -0.464626282 180 219 232 
-0.995493948 0.0869030654 -0.417476624 174 215 230 
-0.987221897 0.04990834 -0.386152714 178 215 227 
-0.998124421 0.0627351701 -0.325619519 173 213 228 
-0.995122552 0.0796420574 -0.35384354 176 216 232 
-0.98740989 0.0416633189 -0.285902172 173 213 227 
-0.988015473 0.0423421562 -0.285466343 173 213 227 
-0.982869446 0.0193310082 -0.246192068 166 205 221 
-0.985194385 0.0201851726 -0.245471925 165 204 220 
-0.982734025 0.0183134377 -0.241104662 165 204 221 
-0.995755136 0.0789458752 -0.317061424 176 214 229 
-0.988212228 0.044816047 -0.284098953 174 214 227 
-0.986293972 0.0327869654 -0.238495857 172 209 223 
-0.928891301 0.055683583 -0.965353966 150 178 188 
-0.932120025 0.0693341792 -0.968810678 159 187 195 
-0.925223887 0.0367814302 -0.923681974 142 173 185 
-0.932586789 0.0414793491 -0.920317292 136 166 179 
-0.920416892 0.0134018064 -0.884570837 204 236 242 
-0.939380229 0.0169951916 -0.880532265 226 252 253 
-0.920158565 0.0101194978 -0.859957814 196 232 237 
-0.922356904 0.0165328085 -0.830296874 175 214 223 
-0.946014166 0.0337435305 -0.818334818 167 199 209 
-0.922521353 0.0126872361 -0.780013204 174 214 224 
-0.928060114 0.0152493417 -0.778010786 176 215 225 
-0.923085332 0.0145236552 -0.774528384 176 216 226 
-0.943718672 0.113943964 -0.932031631 134 169 182 
-0.944613039 0.112966478 -0.880107522 135 168 182 
-0.975654185 0.0906030536 -0.8365044 167 204 213 
-0.944890261 0.112382889 -0.860895157 141 175 187 
-0.980694473 0.0665432513 -0.796681285 151 181 189 
-0.925135434 0.0184668005 -0.724224329 173 210 220 
-0.925320923 0.0155059993 -0.682808757 186 227 236 
-0.946024418 0.114020348 -0.827021599 146 181 193 
-0.949162662 0.123448193 -0.787710786 147 182 196 
-0.926145673 0.0179445744 -0.672039866 184 224 234 
-0.927980781 0.020663172 -0.618001759 172 208 220 
-0.958120465 0.021841675 -0.614048719 150 188 202 
-0.929263115 0.0249367654 -0.606619716 171 206 219 
-0.949526548 0.123289317 -0.769236982 151 185 198 
-0.955153048 0.143018574 -0.73016119 147 182 197 
-0.933477461 0.0377691686 -0.555734754 168 203 215 
-0.934499741 0.0407755673 -0.542210281 169 202 215 
-0.986952484 0.165770262 -0.689657688 142 181 198 
-0.963756979 0.175527245 -0.696395457 125 163 182 
-0.992688239 0.141542107 -0.649849713 146 181 196 
-0.998344779 0.117333174 -0.610039949 160 198 211 
-0.936214149 0.0440306067 -0.499670357 186 218 229 
-0.934899092 0.0343714952 -0.452711731 183 217 228 
-0.935274959 0.0345287919 -0.4372015 183 218 230 
-0.967130005 0.18796584 -0.679761767 127 166 185 
-0.982447565 0.185214669 -0.62721765 146 180 196 
-0.970293701 0.197801918 -0.643817127 137 172 191 
-0.982512832 0.162358999 -0.587286115 140 177 193 
-0.98480767 0.138963729 -0.547403157 150 185 202 
-0.99515152 0.113620251 -0.507695496 174 215 227 
-0.936246932 0.0351756215 -0.399768621 183 221 234 
-0.937420666 0.0352959335 -0.347216666 181 220 233 
-0.937480688 0.0353632271 -0.345210016 182 220 233 
-0.980073869 0.226982996 -0.604757011 156 193 208 
-0.978441298 0.228051186 -0.605898201 156 192 207 
-0.987828493 0.202266216 -0.564992964 143 177 192 
-0.976315618 0.182213038 -0.524809241 144 175 190 
-0.986582935 0.156888068 -0.485099941 142 177 194 
-0.986126363 0.134158731 -0.445157021 179 216 228 
-0.993390024 0.109560788 -0.405382305 173 214 230 
-0.991998315 0.0870577991 -0.365419 179 219 235 
-0.939811647 0.0401988029 -0.291929245 190 227 240 
-0.976290643 0.0223402381 -0.245278001 169 208 224 
-0.94095093 0.0424574614 -0.264725775 192 228 241 
-0.979068339 0.230382904 -0.603018045 157 193 209 
-0.993510485 0.242084801 -0.542707741 153 187 202 
-0.985329092 0.252064198 -0.556515217 159 194 210 
-0.984030247 0.221539602 -0.502568305 133 171 189 
-0.993687153 0.196362376 -0.462845713 146 181 198 
-0.988209367 0.174848437 -0.422793448 148 184 200 
-0.999830067 0.14919585 -0.383113623 163 200 217 
-0.995479882 0.127408952 -0.343085885 180 219 233 
-0.986834884 0.106661588 -0.302964628 188 225 237 
-0.987169743 0.0837406814 -0.263038963 189 226 239 
-0.942869306 0.0477214456 -0.235143483 190 226 239 
-0.982996643 0.0619109273 -0.2230151 186 220 230 
-1.00407243 0.280722201 -0.520528853 150 187 206 
-0.994508088 0.287419498 -0.527982533 157 192 209 
-0.992973924 0.260568678 -0.48035416 118 152 172 
-0.982516408 0.230455637 -0.445526898 129 164 185 
-0.988034189 0.255371004 -0.469068617 119 153 173 
-0.984740913 0.216881782 -0.400308937 136 170 191 
-0.981963575 0.225318745 -0.41382429 131 166 187 
-0.9871732 0.193453223 -0.360428959 149 187 205 
-0.989667177 0.170009732 -0.320550293 153 191 207 
-0.984908283 0.148321778 -0.280513704 178 215 228 
-0.991715908 0.123834163 -0.240729004 182 219 233 
-0.993316948 0.100606859 -0.200830922 191 228 239 
-0.996160865 0.293051839 -0.514691055 156 193 212 
-0.990936935 0.268033624 -0.476517141 119 152 172 
-0.982868075 0.227345496 -0.394822598 136 171 191 
-0.979161024 0.208287835 -0.353239536 147 186 205 
-0.978107452 0.199656248 -0.305693209 153 194 211 
-0.981906354 0.190242201 -0.258039355 154 194 209 
-0.978244126 0.196821123 -0.267912388 154 195 210 
-0.995680571 0.164068401 -0.218406409 170 205 218 
-0.988720834 0.142913133 -0.178321853 191 228 239 
-0.977974355 0.19464168 -0.256078154 153 194 209 
-0.978626907 0.192713767 -0.204697639 155 194 210 
-0.985132813 0.184975445 -0.155834734 157 195 210 
-0.979252696 0.191729069 -0.165026262 154 194 209 
-0.979534924 0.191789925 -0.152742863 156 196 211 
-0.882821083 0.0602229536 -0.967947125 153 183 191 
-0.875937819 0.0286851525 -0.933502138 151 183 193 
-0.870822608 0.00409430265 -0.895083785 156 196 213 
-0.875695765 0.0209978819 -0.859192967 160 195 207 
-0.897567272 0.11918664 -0.946165562 160 194 206 
-0.877523959 0.0259340107 -0.830109298 160 193 205 
-0.876646936 0.0179961026 -0.782166243 179 219 228 
-0.877598464 0.0203324258 -0.764444232 162 200 212 
-0.896831274 0.115272552 -0.93646121 165 199 210 
-0.898260295 0.116395831 -0.88333559 144 177 193 
-0.899947405 0.120884836 -0.855761766 144 177 190 
-0.878082454 0.0191446841 -0.729026079 156 189 202 
-0.879707396 0.0210376978 -0.675460219 175 213 224 
-0.887582719 0.020560801 -0.674854279 178 216 227 
-0.879864275 0.0214643478 -0.672999501 176 213 224 
-0.902600586 0.128958166 -0.823667288 150 181 194 
-0.904921532 0.135423899 -0.788963139 137 170 185 
-0.880656779 0.020276159 -0.623412609 171 208 219 
-0.882839024 0.0261059403 -0.588006616 171 204 216 
-0.905343354 0.135243386 -0.767589331 123 158 175 
-0.91038543 0.152387768 -0.726621985 122 157 176 
-0.884076297 0.0292205513 -0.565813661 169 202 215 
-0.885982573 0.0322189331 -0.511615574 180 216 226 
-0.891100049 0.0335776806 -0.510314047 180 215 225 
-0.886268318 0.0329975784 -0.507149935 181 216 226 
-0.91427815 0.165858597 -0.697595596 119 154 174 
-0.94559437 0.175780684 -0.688756824 120 157 177 
-0.916500807 0.172577053 -0.670209944 112 149 171 
-0.887957156 0.0354858637 -0.457263857 186 223 233 
-0.887353241 0.0286210179 -0.408707052 175 213 228 
-0.892764449 0.0286889672 -0.408075452 175 213 229 
-0.887466073 0.0288422406 -0.405985743 175 213 228 
-0.920675039 0.186501831 -0.63330543 115 150 172 
-0.945658505 0.194119185 -0.626416326 128 162 181 
-0.921067297 0.18509835 -0.59970206 120 156 177 
-0.892683029 0.0450714231 -0.34681502 181 220 234 
-0.892732799 0.0448303223 -0.341850787 181 220 234 
-0.975901365 0.227992937 -0.604666114 155 192 207 
-0.930521429 0.221815526 -0.57367295 133 169 188 
-0.897720098 0.0603715181 -0.285580873 194 228 240 
-0.898209989 0.0618597567 -0.279630184 194 228 241 
-0.940160453 0.25944823 -0.549326777 136 173 189 
-0.899194837 0.0616742969 -0.232352555 195 229 242 
-0.900352597 0.0623818934 -0.187064528 194 230 241 
-0.950110018 0.298618317 -0.527806759 136 171 188 
-0.972458303 0.242694527 -0.439974338 132 167 187 
-0.953178108 0.309722841 -0.510345459 136 173 191 
-0.981250763 0.30460006 -0.457689852 131 165 184 
-0.956538618 0.320358098 -0.474244982 141 176 194 
-0.959744394 0.286965698 -0.417288452 139 175 189 
-0.967157841 0.262331486 -0.377516985 142 178 194 
-0.943421841 0.245236784 -0.337067008 138 174 192 
-0.956040204 0.219342738 -0.297408879 147 185 203 
-0.963159859 0.344451666 -0.43799901 142 182 202 
-0.969693363 0.325751454 -0.395096213 131 163 179 
-0.962781549 0.341178238 -0.418992728 139 176 195 
-0.971735954 0.302417248 -0.355207741 128 160 177 
-0.94237411 0.249303848 -0.334969729 136 172 191 
-0.952991903 0.292715311 -0.329904467 126 160 178 
-0.954749346 0.260849029 -0.274971813 131 168 186 
-0.948893905 0.272428215 -0.292611212 128 164 182 
-0.938430786 0.224825948 -0.244003624 132 172 193 
-0.945193052 0.254107475 -0.25893259 132 170 187 
-0.936373949 0.212252244 -0.198712021 139 177 198 
-0.937181354 0.214446098 -0.18602407 139 176 198 
-0.980216563 0.364398241 -0.37291646 127 165 183 
-0.971049309 0.372022629 -0.382167757 125 162 180 
-0.966291189 0.34492895 -0.332680196 116 152 170 
-0.957647085 0.309315085 -0.300646007 120 154 174 
-0.966789007 0.321968615 -0.292758048 119 153 172 
-0.951444924 0.280453414 -0.264670372 121 157 175 
-0.959575891 0.315224171 -0.277756512 114 149 167 
-0.948290825 0.263568372 -0.221844703 127 166 185 
-0.960671365 0.277769685 -0.212758899 123 162 181 
-0.954517186 0.290181249 -0.231720746 115 153 172 
-0.949887693 0.267263412 -0.189591438 121 160 179 
-0.939675808 0.220734358 -0.141377434 142 181 199 
-0.97332114 0.379886031 -0.365248978 131 169 186 
-0.982778907 0.382132053 -0.310630351 129 162 177 
-0.976667345 0.389749646 -0.321229428 133 167 181 
-0.978086114 0.360428095 -0.270595163 103 137 155 
-0.959552407 0.312309861 -0.246449947 107 143 161 
-0.98499918 0.335914999 -0.230812788 119 153 169 
-0.969911039 0.316727132 -0.190551192 120 155 175 
-0.951862991 0.273112595 -0.16390264 117 155 175 
-0.965403557 0.294978321 -0.150520027 118 155 175 
-0.950819671 0.26452139 -0.116333261 121 158 178 
-0.95922631 0.273633629 -0.110452525 120 157 177 
-0.950075865 0.258110285 -0.0792399645 119 153 174 
-0.834752321 0.0569097698 -0.975031555 187 215 223 
-0.831831753 0.0409421921 -0.931681156 193 222 227 
-0.828428566 0.023078382 -0.889415145 168 204 217 
-0.830380678 0.027657032 -0.850672007 160 194 208 
-0.85538727 0.141365647 -0.966174364 164 195 206 
-0.832184553 0.033344835 -0.831060052 151 184 200 
-0.832205236 0.0289342105 -0.781099558 142 173 190 
-0.832302094 0.0270842016 -0.756093621 146 178 194 
-0.856326401 0.141679674 -0.926546991 166 202 213 
-0.857081771 0.140155971 -0.874935389 167 197 208 
-0.857355952 0.141027123 -0.872026563 166 196 207 
-0.831410587 0.0213202536 -0.732971251 156 190 203 
-0.83362478 0.0255285501 -0.678081155 159 196 211 
-0.834301531 0.0268974602 -0.66222477 168 205 219 
-0.858889997 0.142768979 -0.820957601 149 182 195 
-0.860786974 0.147926986 -0.791184962 148 180 193 
-0.838140428 0.0387797058 -0.618018866 149 186 202 
-0.838755548 0.0388617814 -0.590693057 152 188 203 
-0.862505555 0.152483672 -0.762918115 138 173 188 
-0.864479125 0.156120211 -0.71272099 120 155 175 
-0.839104116 0.0380743444 -0.565939128 164 198 211 
-0.842096329 0.0453397632 -0.50930047 166 202 214 
-0.842044115 0.0450569689 -0.508556128 166 202 214 
-0.864832163 0.157133669 -0.707775295 119 154 173 
-0.870009363 0.173412412 -0.650983274 111 149 169 
-0.840317845 0.0338599086 -0.463383287 170 207 221 
-0.880563974 0.0316420197 -0.407809705 173 211 227 
-0.844773889 0.0484859645 -0.421333998 167 205 221 
-0.87164706 0.179419488 -0.6425457 110 147 168 
-0.876666546 0.196283907 -0.599501908 111 147 169 
-0.845671535 0.0504040122 -0.40143764 166 204 221 
-0.885832429 0.0487208664 -0.345582545 179 219 234 
-0.849729478 0.062933743 -0.354367614 172 212 230 
-0.880112886 0.20819205 -0.573605895 122 157 177 
-0.905308902 0.222239554 -0.563195527 131 166 185 
-0.883587658 0.220461294 -0.550421238 127 162 180 
-0.851165593 0.0674999058 -0.339176387 178 216 233 
-0.861862719 0.0728765428 -0.282718509 188 223 236 
-0.854209721 0.0750277638 -0.283074349 186 222 235 
-0.922852218 0.259187162 -0.54116869 124 160 179 
-0.892835736 0.25615862 -0.522517323 118 153 176 
-0.854254603 0.0751455128 -0.282320261 186 222 235 
-0.854499459 0.0716159344 -0.231855839 193 230 241 
-0.85716033 0.079549849 -0.197861731 194 232 243 
-0.928371429 0.299045086 -0.51887995 126 162 181 
-0.901165247 0.287308693 -0.486254305 120 156 177 
-0.901858866 0.28914547 -0.474821061 117 153 175 
-0.935777485 0.315606534 -0.456699371 126 158 178 
-0.907679975 0.309474885 -0.433476418 110 144 166 
-0.910877347 0.320089579 -0.404639304 110 145 166 
-0.951194584 0.330228984 -0.394693285 127 161 178 
-0.908514202 0.306312293 -0.360036105 134 166 186 
-0.919237614 0.315124094 -0.354064226 136 168 187 
-0.904507458 0.286077082 -0.319126546 132 167 186 
-0.900576949 0.266141355 -0.278045684 121 157 180 
-0.918862402 0.269535244 -0.274190128 123 159 180 
-0.89689821 0.247194797 -0.236399084 131 172 194 
-0.919752479 0.223640159 -0.194343597 140 179 200 
-0.896745443 0.245259121 -0.221904665 136 176 197 
-0.95911485 0.369505763 -0.372456819 118 155 174 
-0.964541554 0.345352441 -0.332642078 116 152 170 
-0.934427142 0.329801589 -0.292053163 118 151 169 
-0.938572407 0.283118606 -0.212277532 120 159 178 
-0.897316575 0.244346872 -0.185544789 139 179 200 
-0.914466619 0.243273556 -0.131886542 124 163 184 
-0.900637627 0.254442453 -0.145260692 121 159 182 
-0.965465963 0.386322558 -0.310253233 122 154 169 
-0.959330022 0.364967883 -0.270186633 108 141 160 
-0.923559666 0.350786 -0.229474515 112 146 166 
-0.91521281 0.319157481 -0.195239723 107 140 160 
-0.921754301 0.348894477 -0.225364089 111 146 165 
-0.932864308 0.30285424 -0.149811268 110 145 167 
-0.915754795 0.319194555 -0.170767397 106 138 159 
-0.902640462 0.260774106 -0.123665996 118 156 178 
-0.941040218 0.278035462 -0.1100564 116 153 173 
-0.786990643 0.0548028648 -0.98142606 164 201 214 
-0.80700922 0.0535205305 -0.979923844 179 211 221 
-0.78850019 0.0614039302 -0.985471189 164 201 214 
-0.782852948 0.0340531468 -0.9408108 187 229 237 
-0.794502079 0.0337079763 -0.939718485 193 231 237 
-0.780115426 0.0198955536 -0.909167349 175 214 227 
-0.779565811 0.0166451335 -0.898284197 170 209 223 
-0.778430402 0.00769206882 -0.85092175 160 196 212 
-0.805628538 0.0265290439 -0.837685943 151 185 201 
-0.782370746 0.0209754109 -0.817627072 148 184 200 
-0.810777783 0.151518047 -0.964074969 180 214 220 
-0.784236491 0.0260139406 -0.787959337 135 169 186 
-0.785809159 0.0279122889 -0.73685348 148 182 195 
-0.813864768 0.160398155 -0.921030402 173 203 211 
-0.845527172 0.144939244 -0.873602986 162 193 205 
-0.814252913 0.15863657 -0.883635283 153 187 201 
-0.785787106 0.0276149213 -0.73456049 149 184 197 
-0.789836764 0.0390354395 -0.675545275 174 208 221 
-0.788519502 0.0312449634 -0.649454355 170 206 219 
-0.814096272 0.156815946 -0.870596051 148 183 199 
-0.815624118 0.158327341 -0.817248404 148 183 198 
-0.817071974 0.162507176 -0.797225058 144 179 194 
-0.789877176 0.034702152 -0.625540495 159 193 208 
-0.793575704 0.0461904407 -0.583402812 142 174 191 
-0.818901539 0.166713625 -0.759968698 134 170 188 
-0.818331838 0.159983248 -0.711334944 117 155 174 
-0.850053906 0.157711774 -0.709084749 118 154 173 
-0.818581045 0.159893185 -0.698894441 112 150 170 
-0.794056296 0.046631068 -0.566234529 140 173 190 
-0.841669321 0.0455420613 -0.509237409 166 202 214 
-0.798989356 0.0629056394 -0.520604551 154 188 201 
-0.820362449 0.163470119 -0.656857491 109 145 168 
-0.861881375 0.173203021 -0.647000492 112 149 170 
-0.823030233 0.171834052 -0.627319455 116 152 174 
-0.799811482 0.064752996 -0.503386438 161 195 208 
-0.801948309 0.0686572492 -0.448670238 169 204 219 
-0.802503526 0.0702176988 -0.440520614 169 204 219 
-0.82661289 0.18353799 -0.592896342 116 152 173 
-0.858300447 0.192423761 -0.584580541 115 151 172 
-0.829384983 0.193208098 -0.573085427 120 156 177 
-0.804275393 0.0733090341 -0.393526465 170 206 223 
-0.806304157 0.0789478719 -0.363043636 178 213 228 
-0.837327659 0.222442895 -0.533301592 120 159 179 
-0.808383942 0.0849609375 -0.334378928 184 217 231 
-0.811462343 0.0943980515 -0.297919899 184 217 231 
-0.839809418 0.230898455 -0.513325155 122 160 180 
-0.861334264 0.251237333 -0.499895781 121 158 179 
-0.84453243 0.248024777 -0.486802727 118 155 177 
-0.813391924 0.100146621 -0.273210227 182 217 231 
-0.825036824 0.100144029 -0.219574481 188 225 237 
-0.815514028 0.104371041 -0.222727567 185 221 235 
-0.893796742 0.284573853 -0.478193909 120 155 177 
-0.848675132 0.26124233 -0.44348672 114 151 174 
-0.867475212 0.26810497 -0.437687635 122 158 179 
-0.850260556 0.266296953 -0.426866591 116 154 176 
-0.815748572 0.104914904 -0.217999846 183 220 234 
-0.875561476 0.307341576 -0.415454835 113 147 168 
-0.856578588 0.28780514 -0.375810832 124 158 179 
-0.861293793 0.287955165 -0.37521109 125 158 179 
-0.854416609 0.276786536 -0.35262385 116 152 174 
-0.852861404 0.268707693 -0.33425054 110 147 171 
-0.856458008 0.27834776 -0.276253641 120 157 178 
-0.891991079 0.253199428 -0.233671874 131 171 192 
-0.856982529 0.279404044 -0.263910055 123 160 181 
-0.859695196 0.286575764 -0.219064444 128 167 189 
-0.856341898 0.268908083 -0.176686376 130 170 192 
-0.857130706 0.27005291 -0.153194636 134 174 195 
-0.902763784 0.332979679 -0.189088598 106 138 158 
-0.859139979 0.275410563 -0.120484076 139 177 197 
-0.738266885 0.0489158332 -0.989982605 134 171 192 
-0.746699035 0.0854585171 -1.00892782 156 187 203 
-0.736638546 0.0380260348 -0.94372797 163 199 214 
-0.73289746 0.0188344121 -0.902221441 170 208 219 
-0.773358703 0.0159857869 -0.899324954 170 208 222 
-0.73003763 0.00310578942 -0.858734369 180 210 222 
-0.734377444 0.00258108974 -0.858542919 179 209 221 
-0.730096936 0.00327077508 -0.857844114 180 210 221 
-0.736808479 0.0264107883 -0.806856453 164 200 216 
-0.76645714 0.163099796 -0.964603066 165 204 217 
-0.737591684 0.028295666 -0.791843712 154 190 207 
-0.737824261 0.0247176588 -0.741407037 144 182 200 
-0.784195781 0.0272308886 -0.734944224 149 183 197 
-0.737474799 0.0196246505 -0.700856209 153 191 210 
-0.771262705 0.178564876 -0.915829301 172 203 216 
-0.771957397 0.180243939 -0.902593255 168 200 213 
-0.738363326 0.0223441124 -0.690281391 155 192 211 
-0.743859351 0.0411463082 -0.646893442 146 179 197 
-0.772268414 0.17802465 -0.86365509 144 180 197 
-0.768374026 0.158230901 -0.822493017 143 181 197 
-0.770876944 0.164810359 -0.78069669 137 174 190 
-0.746271014 0.0489233434 -0.622596145 152 184 199 
-0.749048352 0.0567493141 -0.582050681 152 186 201 
-0.77141279 0.165679306 -0.765749693 129 165 183 
-0.77098316 0.159499317 -0.716801226 113 150 170 
-0.772277892 0.161660761 -0.681381345 118 156 177 
-0.749963045 0.0589385927 -0.564384699 149 184 201 
-0.753763437 0.0700061917 -0.512895048 161 195 211 
-0.773203194 0.163730472 -0.661898017 119 156 179 
-0.777289152 0.17638424 -0.614921689 122 158 182 
-0.754215837 0.0711570978 -0.504913092 162 196 212 
-0.755093038 0.0701121092 -0.453027606 162 195 212 
-0.756898344 0.0754407346 -0.429359764 165 199 216 
-0.77867496 0.180738628 -0.59968698 124 162 185 
-0.782322645 0.191217393 -0.548663676 127 163 185 
-0.759351671 0.0823534727 -0.393542916 174 207 223 
-0.760824502 0.0847922564 -0.3530249 171 205 223 
-0.783891618 0.196744174 -0.53804934 130 167 188 
-0.8253721 0.218747869 -0.521521389 126 164 184 
-0.789175689 0.215058193 -0.49896422 137 175 195 
-0.761812747 0.0875319541 -0.3380979 172 206 224 
-0.767067015 0.10561052 -0.297769219 177 211 228 
-0.797937095 0.24834618 -0.466631234 121 161 185 
-0.769203603 0.112080604 -0.27157402 180 215 231 
-0.770383 0.112223029 -0.21900937 179 215 232 
-0.784754217 0.109894156 -0.218697041 181 217 233 
-0.770352542 0.111790538 -0.215604335 178 215 232 
-0.79924345 0.252573788 -0.453634202 121 161 186 
-0.803663135 0.26660791 -0.406675905 118 159 183 
-0.804529727 0.268853158 -0.391839981 115 156 180 
-0.805051029 0.266409665 -0.34075436 111 151 176 
-0.85016948 0.267807871 -0.335035831 109 147 171 
-0.806302249 0.269587994 -0.318628669 114 155 181 
-0.807748914 0.272518456 -0.284777224 116 156 182 
-0.808238924 0.269952118 -0.233761877 129 171 193 
-0.814611256 0.271928698 -0.231986403 130 172 194 
-0.808621526 0.270984322 -0.227670044 129 170 193 
-0.808050573 0.264720201 -0.184271127 122 163 189 
-0.810662389 0.271003067 -0.134179011 121 163 190 
-0.811882794 0.275286227 -0.125744656 121 162 189 
-0.728934228 0.0038985312 -0.858424366 180 210 222 
-0.717650771 0.0249836147 -0.795836687 166 202 218 
-0.726002157 0.0184764266 -0.693743706 157 195 213 
-0.763800204 0.187560529 -0.9117558 172 204 217 
-0.721994758 0.0378004014 -0.631314516 143 176 195 
-0.748981178 0.2323412 -0.889024079 161 200 214 
-0.739348054 0.166153342 -0.769015312 130 168 187 
-0.72015208 0.0566004217 -0.568932414 152 187 204 
-0.736411214 0.162378341 -0.666676521 121 159 181 
-0.758011758 0.175504118 -0.604805052 124 161 184 
-0.768433869 0.191335529 -0.542690158 129 165 187 
-0.785768688 0.246687621 -0.458316892 122 163 187 
-0.789778173 0.264071167 -0.396062315 118 158 184 
-0.754535973 0.249761462 -0.35536173 116 156 184 
-0.779617846 0.262044549 -0.293566108 121 163 190 
-0.77890712 0.257730812 -0.191275746 123 165 193 
-0.804163039 0.269971788 -0.129483938 121 164 191 
0.110978723 0.0386372507 -0.93182236 179 223 237 
0.108765423 0.0486684442 -0.941677868 182 226 237 
0.110912606 0.0380389392 -0.922137856 181 224 236 
0.09669891 0.103729963 -0.999558687 175 214 226 
0.0876764655 0.142983198 -1.02152908 154 192 209 
0.10264349 0.0758803487 -0.963004172 183 224 235 
0.108954966 0.0420973003 -0.877360165 186 223 235 
0.106692165 0.0488471389 -0.848481059 175 217 233 
0.103490621 0.0590762198 -0.815165877 166 209 227 
0.14632678 0.0942903757 -1.01014721 158 198 214 
0.1391882 0.09492594 -1.00901699 159 199 214 
0.144643575 0.102044404 -1.01903534 153 193 209 
0.151931822 0.0677750111 -0.972829461 170 209 222 
0.135837287 0.0712750554 -0.969156981 171 213 225 
0.156383872 0.0457899868 -0.932920754 182 227 239 
0.156901792 0.0413608551 -0.907482207 181 222 232 
0.133060008 0.149303347 -1.01238501 158 193 206 
0.15549992 0.0447714627 -0.881020129 175 214 227 
0.151027381 0.0603570044 -0.848877072 166 209 226 
0.148953587 0.0660017431 -0.81639421 157 199 219 
0.191496491 0.102368116 -1.01071656 157 201 220 
0.187545389 0.120650172 -1.03247559 166 204 221 
0.199902117 0.0648484826 -0.979692817 156 200 216 
0.202759802 0.0491282046 -0.936200976 171 214 229 
0.201865435 0.0497597158 -0.902159333 169 213 227 
0.17672646 0.164123863 -1.0188669 153 188 201 
0.200218737 0.054620713 -0.880576253 165 208 224 
0.196667731 0.0654058754 -0.837395966 166 208 224 
0.195278406 0.0695407093 -0.819559574 162 203 220 
0.193897992 0.0704728961 -0.76654321 147 189 209 
0.253761053 0.0342924297 -0.949875832 176 217 229 
0.250279546 0.0349412858 -0.94914031 175 217 230 
0.252799213 0.0386888683 -0.954571307 174 215 228 
0.253795624 0.0337561071 -0.945503592 177 218 230 
0.237083435 0.108806551 -1.01222348 159 201 216 
0.233036131 0.12643975 -1.02235615 159 199 213 
0.245202363 0.0724135041 -0.980555415 164 202 216 
0.24612841 0.0616271794 -0.903212726 163 203 221 
0.222554147 0.168245405 -1.00568116 158 196 211 
0.244317532 0.066906482 -0.87873888 158 198 216 
0.244092286 0.0632996857 -0.828318596 155 194 211 
0.226130456 0.0658041537 -0.824982405 156 197 214 
0.243042767 0.0668177903 -0.819229126 153 191 209 
0.240174264 0.0742028952 -0.769599319 152 191 210 
0.293789655 0.067062676 -0.988805294 164 205 220 
0.291157573 0.0676753521 -0.988182783 163 205 220 
0.292790204 0.0717044771 -0.994500756 162 204 219 
0.29923594 0.0411710441 -0.951130986 168 209 224 
0.299136728 0.040286392 -0.936745763 164 205 223 
0.285476059 0.104220688 -1.02003586 157 198 214 
0.277645975 0.136590034 -1.02025282 152 190 206 
0.291620046 0.0674123466 -0.893085122 176 211 223 
0.268430263 0.172127157 -0.992054462 161 201 216 
0.290598869 0.0706163347 -0.881806433 173 206 218 
0.292925447 0.0569828451 -0.83712101 164 199 214 
0.288975477 0.0704192817 -0.805087447 148 185 204 
0.286237925 0.0787680745 -0.772177696 144 182 202 
0.287716895 0.0684650242 -0.725587368 143 184 205 
0.329302609 0.122067779 -1.06750071 150 189 205 
0.326894045 0.122004777 -1.0672704 150 190 206 
0.329101712 0.122934908 -1.06791413 150 190 206 
0.334000885 0.0991152525 -1.02814543 149 188 204 
0.317094445 0.0967930555 -1.02755094 151 192 207 
0.34165144 0.0645623803 -0.995424867 158 199 214 
0.345923007 0.0432865322 -0.95511049 163 199 213 
0.34517327 0.0433737338 -0.921658754 159 197 213 
0.328581631 0.124900669 -1.06588042 149 189 205 
0.322613508 0.144969732 -1.01489472 163 203 219 
0.342398047 0.0526451766 -0.897274613 164 199 214 
0.306102395 0.0668068826 -0.885582387 177 210 221 
0.340434581 0.0567476451 -0.852718234 177 214 225 
0.317128956 0.165409327 -0.990228176 161 200 215 
0.29908371 0.174821317 -0.98312521 160 198 213 
0.314206719 0.176502287 -0.979334891 157 195 211 
0.3394472 0.0597479641 -0.840728998 171 208 220 
0.334357649 0.0767463446 -0.795956016 148 182 200 
0.308630526 0.198801756 -0.971129239 165 202 218 
0.333574057 0.0783332586 -0.777615786 147 183 201 
0.333763808 0.0730958879 -0.728128195 145 184 204 
0.33502093 0.0636645854 -0.681039333 155 194 210 
0.393987596 0.0444814563 -1.01209962 163 197 211 
0.380240738 0.0480435491 -1.00865138 159 194 209 
0.391565442 0.0547854006 -1.01539958 168 202 216 
0.396807909 0.0289079845 -0.96852386 146 186 205 
0.396175146 0.0290605128 -0.968371332 146 186 204 
0.396846533 0.0286417902 -0.967340529 146 186 205 
0.332645774 0.123396963 -1.06714511 149 189 205 
0.37805146 0.111547291 -1.02622318 158 192 207 
0.37806192 0.111549079 -1.02622163 158 192 207 
0.395436466 0.0298049152 -0.915527582 164 200 214 
0.367791057 0.0405443013 -0.906647682 158 195 211 
0.392957658 0.0378086567 -0.890666366 163 198 212 
0.378058791 0.111561596 -1.02621615 158 192 207 
0.367876947 0.151884496 -1.00684369 163 199 213 
0.386708051 0.0596092641 -0.845997751 151 187 204 
0.369098037 0.059214741 -0.844277263 160 197 212 
0.386100531 0.0616697967 -0.841004133 150 187 204 
0.327329278 0.18165797 -0.982509971 158 198 215 
0.357922405 0.19107914 -0.985368848 160 204 223 
0.382746667 0.0706825852 -0.787181139 145 181 199 
0.356368512 0.0744875669 -0.782212615 146 181 200 
0.382160097 0.0710919201 -0.764799297 138 176 195 
0.356817663 0.195023358 -0.978479743 157 200 220 
0.355499744 0.195710003 -0.925603807 146 182 201 
0.380785465 0.0738969743 -0.732859492 138 177 197 
0.380714446 0.0696841776 -0.682785869 148 187 206 
0.436981916 0.0611069202 -1.00778008 169 205 218 
0.436736882 0.0621557236 -1.0081861 170 206 219 
0.444706857 0.0262618959 -0.97522676 188 224 233 
0.445897996 0.0170896947 -0.927989602 159 192 207 
0.440820694 0.0170268118 -0.927465916 159 192 207 
0.446291387 0.0148566365 -0.92123729 161 194 208 
0.42541343 0.111054063 -1.03169584 161 193 204 
0.378065467 0.111550689 -1.02622283 158 192 207 
0.421104819 0.12945655 -1.03837812 165 198 210 
0.43890965 0.0413147509 -0.876349211 157 192 205 
0.416079819 0.147728324 -1.0107199 162 197 209 
0.383265197 0.154003143 -1.00370061 162 198 212 
0.413608462 0.15648213 -0.994533062 163 199 212 
0.43796593 0.0437651575 -0.860249281 151 184 199 
0.432687938 0.0620304644 -0.820904851 123 159 181 
0.377927601 0.193904996 -0.981407881 158 200 221 
0.404267013 0.192641675 -0.967478931 152 190 211 
0.43035543 0.0691767931 -0.793231845 127 162 184 
0.430681586 0.0634033978 -0.744050741 130 166 185 
0.414508849 0.0657202303 -0.741013288 131 167 187 
0.430309236 0.0637211502 -0.730487525 131 166 186 
0.403254867 0.193629026 -0.931983531 140 176 195 
0.405938804 0.1785914 -0.88810122 132 166 187 
0.428010046 0.0694087446 -0.688132882 139 177 197 
0.429276764 0.0599396825 -0.641065538 142 185 205 
0.497663558 0.00374248624 -0.993296266 177 202 210 
0.469879627 0.00570628047 -0.989174902 204 231 235 
0.492150187 0.028909117 -1.01983285 135 167 183 
0.497126698 0.004273206 -0.97454524 162 192 203 
0.485737801 0.0550937653 -1.0164088 137 171 184 
0.478865862 0.0845874846 -1.02865946 154 190 201 
0.493031383 0.0174519122 -0.932971954 152 187 202 
0.492670715 0.0162473619 -0.903031528 165 199 214 
0.472719491 0.110737562 -1.03706634 164 201 214 
0.466165483 0.137375236 -1.03217256 178 214 225 
0.488676369 0.0300718844 -0.87327075 152 185 203 
0.458037496 0.0395480096 -0.864749074 151 183 199 
0.485960662 0.0393804014 -0.852030993 139 174 193 
0.464213312 0.144160628 -1.01794994 171 206 218 
0.458973348 0.162894636 -0.985558629 164 198 211 
0.483058751 0.0476531386 -0.810731888 117 155 177 
0.459737837 0.0583136082 -0.802370071 112 147 170 
0.480736136 0.0551592708 -0.787511349 104 140 163 
0.452968001 0.183854461 -0.942763567 153 183 201 
0.444474757 0.187172413 -0.94002533 150 181 199 
0.452272892 0.185980141 -0.934470892 150 180 198 
0.476433694 0.0691926777 -0.745929003 126 163 183 
0.475346088 0.071757704 -0.72449863 131 167 187 
0.453280151 0.178136081 -0.893551111 139 170 188 
0.456207395 0.162142605 -0.850215435 128 163 183 
0.474276483 0.0731772482 -0.691166878 130 168 188 
0.474691153 0.0670560598 -0.642184794 137 176 195 
0.522188187 0.0183672011 -0.98803556 153 180 187 
0.52408421 0.0944736004 -1.05155802 165 197 210 
0.490433514 0.0975548029 -1.04618418 162 198 211 
0.519709706 0.113381177 -1.06082797 177 210 221 
0.53038007 0.0652438998 -1.01579297 172 199 208 
0.535181522 0.0418860614 -0.976669371 160 190 197 
0.541320443 0.0132726729 -0.940551758 152 186 198 
0.538247824 0.0216093957 -0.892126083 153 184 197 
0.511461735 0.144127488 -1.02382278 196 232 242 
0.537747204 0.0228212774 -0.882607222 151 182 195 
0.532902539 0.0379860699 -0.828705549 144 179 195 
0.511401415 0.144307673 -1.02305532 196 232 242 
0.505027831 0.165893525 -0.970309198 165 201 214 
0.531885743 0.0413605571 -0.819520414 139 174 191 
0.528132677 0.0516153872 -0.761171937 127 162 180 
0.527612746 0.0519025028 -0.760958672 127 161 180 
0.528078675 0.0517816842 -0.760540128 127 162 180 
0.503691077 0.170111775 -0.955813229 158 192 205 
0.505548179 0.158322841 -0.910072803 119 151 173 
0.47580409 0.171915621 -0.899410009 130 161 181 
0.504303694 0.159393519 -0.864835083 127 160 181 
0.522137403 0.0711089671 -0.702543736 124 159 179 
0.504282653 0.158803612 -0.857314646 127 160 181 
0.503922403 0.155727535 -0.806590915 133 165 183 
0.521648288 0.0726023018 -0.696685195 125 161 181 
0.518498778 0.0804858208 -0.639693022 144 183 201 
0.589655161 0.00891461968 -0.948233783 143 174 184 
0.571587086 0.0074840486 -0.94702661 142 175 186 
0.587689221 0.0179261565 -0.958118558 145 175 184 
0.590389609 0.0045581162 -0.933544397 145 177 187 
0.53843224 0.109172523 -1.04513872 177 208 220 
0.577555716 0.0654398799 -1.02087033 174 198 207 
0.56868875 0.101902395 -1.01896441 160 188 200 
0.580127418 0.0508433878 -0.976735651 157 186 195 
0.588061154 0.0106859505 -0.894737482 149 181 195 
0.551218212 0.0209079087 -0.885128319 148 179 193 
0.584826708 0.0220122933 -0.872104406 145 177 192 
0.512728512 0.144144952 -1.02328968 196 231 241 
0.557970583 0.144877166 -1.00443864 166 204 216 
0.58105886 0.0337080956 -0.829086721 144 175 189 
0.546642423 0.0381544232 -0.822886109 141 176 192 
0.579843044 0.036598891 -0.805393219 140 172 187 
0.556304574 0.148940921 -0.97311151 156 189 201 
0.518843353 0.163979053 -0.960814476 159 193 206 
0.554103255 0.15393725 -0.927567959 136 167 184 
0.574600935 0.0545908511 -0.764659524 128 158 177 
0.573226452 0.0592691004 -0.753541827 125 156 175 
0.553463578 0.1556122 -0.916812658 133 164 182 
0.556493938 0.139213473 -0.873708785 134 165 184 
0.511270404 0.157660156 -0.858704567 126 159 180 
0.553717852 0.145760447 -0.81901145 115 149 170 
0.569186866 0.0713722408 -0.702578187 128 161 179 
0.531092823 0.0710987151 -0.698540926 124 159 179 
0.568040133 0.0748586953 -0.68867445 133 166 183 
0.553687751 0.14574793 -0.817488194 115 149 171 
0.551393569 0.150270462 -0.762418389 128 161 179 
0.565532684 0.0812388062 -0.644451797 137 175 193 
0.634396613 0.0186748207 -0.947840929 148 182 193 
0.631995022 0.0295813978 -0.958781838 139 170 181 
0.638582289 -0.00226357579 -0.907333493 174 206 216 
0.621888757 -0.00318059325 -0.905997992 168 199 211 
0.638427675 -0.00226294994 -0.900243104 174 205 215 
0.621029496 0.0801811814 -1.01762843 175 204 214 
0.613587916 0.110620022 -1.01422763 170 206 219 
0.625114799 0.0596373379 -0.976895392 127 153 164 
0.630279005 0.0279920101 -0.86233449 143 176 191 
0.610804439 0.120357931 -0.994649112 153 186 200 
0.582784951 0.138261795 -0.981830716 146 179 192 
0.607462287 0.130860031 -0.957908928 139 171 184 
0.628925979 0.0311868191 -0.835718274 134 168 185 
0.626455069 0.0368373096 -0.785069227 132 165 182 
0.605681956 0.135993689 -0.933223009 141 172 186 
0.564275563 0.15213576 -0.919891953 133 164 181 
0.606100321 0.129858285 -0.884248972 127 160 176 
0.584971964 0.134305388 -0.879508138 130 162 179 
0.605705976 0.129469484 -0.861827135 131 162 178 
0.625870347 0.0387010276 -0.77893728 132 164 182 
0.620861888 0.0544410646 -0.723904252 135 167 183 
0.605782747 0.126614124 -0.833621383 136 167 182 
0.554937363 0.145389587 -0.81782043 115 149 171 
0.6015082 0.140165627 -0.787964284 125 157 173 
0.619523048 0.0591494739 -0.714758515 133 166 182 
0.617991805 0.0606742501 -0.661403298 139 174 190 
0.603091836 0.0656858087 -0.657039702 140 177 193 
0.616945267 0.0637452006 -0.647482514 135 171 189 
0.599757314 0.145797729 -0.770166039 128 160 177 
0.599645257 0.141746134 -0.720000148 114 149 169 
0.611869276 0.0802394748 -0.597729683 137 176 195 
0.685437679 0.0081743896 -1.01151931 108 138 160 
0.650979817 0.00834652781 -1.00763917 143 165 179 
0.68087405 0.0286825001 -1.02989244 141 172 188 
0.685404539 0.006254673 -0.988663912 118 150 167 
0.674600184 0.050757736 -0.987163544 134 164 178 
0.68304044 0.0131020248 -0.956217766 143 178 190 
0.673905253 0.0530960858 -0.981245935 139 169 182 
0.683135509 0.00823655725 -0.906517386 170 199 211 
0.683109164 0.0075327158 -0.897487938 169 198 209 
0.661440551 0.106956959 -1.00750327 164 200 209 
0.658831894 0.117631197 -1.00635374 158 194 204 
0.67223388 0.0600553453 -0.981845737 137 166 180 
0.680141032 0.0155108571 -0.849873662 140 172 186 
0.655541718 0.0233188868 -0.842923045 134 169 186 
0.679175258 0.0169225633 -0.821223497 130 162 179 
0.658360958 0.119057536 -1.00058234 154 190 201 
0.653312862 0.134868085 -0.944514513 146 181 194 
0.677985191 0.0194896758 -0.795114756 131 161 178 
0.631694853 0.0359009802 -0.781100512 133 166 183 
0.675453901 0.0252602994 -0.743025184 134 167 183 
0.65267247 0.136917084 -0.937884331 146 179 193 
0.656381488 0.117851645 -0.89630568 144 173 186 
0.65579778 0.115653604 -0.84507978 125 158 173 
0.634855926 0.123539597 -0.838488638 133 165 179 
0.654528558 0.118764907 -0.821386874 129 161 176 
0.674785793 0.0275690258 -0.738010526 132 165 182 
0.629332542 0.0536831915 -0.718810081 135 167 183 
0.66858393 0.0491847098 -0.6934793 122 156 174 
0.651521385 0.127964735 -0.785555124 128 160 177 
0.630348027 0.140802443 -0.776244879 126 159 176 
0.648861408 0.136734933 -0.760895431 127 158 175 
0.665227532 0.0606341362 -0.666615665 128 162 179 
0.66187185 0.0723277628 -0.642497301 131 166 184 
0.648839235 0.134011418 -0.729613543 123 155 173 
0.658849299 0.0812042356 -0.602367342 131 167 186 
0.735689163 0.000776290894 -1.07342327 185 206 210 
0.707710207 0.00372368097 -1.06874549 174 198 207 
0.735705256 -0.00168281794 -1.0468359 167 194 202 
0.705195904 0.0443089604 -1.04639125 202 236 240 
0.733929336 0.00319924951 -1.01955438 132 159 171 
0.731695592 0.00808221102 -0.971261144 109 135 150 
0.714779377 0.0829360485 -1.02643168 167 207 213 
0.72290045 0.0516219437 -1.05129921 218 255 255 
0.718807995 0.062614888 -0.985571265 145 172 181 
0.730026484 0.0140429437 -0.960869014 126 155 169 
0.718646407 0.0625962913 -0.977947652 154 182 191 
0.730504215 0.007673949 -0.91202867 132 164 178 
0.729082227 0.0109346509 -0.882979274 130 161 178 
0.670179665 0.118221223 -1.00233603 153 188 198 
0.705772281 0.103996426 -0.961627781 122 154 169 
0.708402455 0.103223711 -0.959106505 123 156 170 
0.728348613 0.0116521716 -0.857270122 126 156 174 
0.726889074 0.0128950179 -0.804076076 148 179 191 
0.705988348 0.0126893818 -0.801891208 138 168 182 
0.726579368 0.0132400692 -0.793691754 146 177 189 
0.660299599 0.134183854 -0.940209329 144 178 192 
0.705973864 0.108551651 -0.906814337 122 154 168 
0.680379152 0.116204113 -0.899839044 128 158 172 
0.704689682 0.111519068 -0.880830228 118 151 168 
0.723574758 0.0214259923 -0.746713579 141 172 185 
0.679495335 0.024630934 -0.740126431 134 167 182 
0.72277534 0.021987021 -0.716245651 128 160 176 
0.703512549 0.113730997 -0.851368845 124 158 175 
0.701616406 0.116689563 -0.797193468 121 154 170 
0.701167345 0.116750002 -0.797111273 121 154 170 
0.70159626 0.116747826 -0.796916604 121 154 170 
0.718797922 0.0357035398 -0.686064303 128 160 178 
0.692880273 0.0462247133 -0.677492917 128 160 178 
0.716195941 0.044473052 -0.664055645 131 163 180 
0.696996689 0.130349666 -0.736897349 122 153 170 
0.690168738 0.132441789 -0.735008955 122 152 169 
0.696443081 0.132173449 -0.731747866 121 152 169 
0.708768845 0.0711555183 -0.61958009 126 160 178 
0.695311368 0.132479995 -0.68319577 115 151 172 
0.708381414 0.0721408725 -0.612740636 128 162 179 
0.780848503 0.00440308452 -1.02405524 132 147 158 
0.778226972 0.0102120936 -0.968249559 138 167 180 
0.75656724 0.0110633671 -0.965406358 127 155 169 
0.781241775 -0.00612577796 -0.925110936 108 135 153 
0.778777778 -0.00640055537 -0.924989641 108 136 153 
0.781227171 -0.00613203645 -0.924369216 108 135 153 
0.763649642 0.0719817579 -0.985403299 180 205 210 
0.764347792 0.0673431456 -0.965911388 189 219 222 
0.777606726 0.00366544724 -0.86702764 149 179 190 
0.747665346 0.00442290306 -0.863325357 133 163 180 
0.77747798 0.00234296918 -0.846423149 152 181 192 
0.757224619 0.0972274244 -0.970963955 159 185 193 
0.712155759 0.105541497 -0.961488724 122 154 168 
0.751750708 0.119619578 -0.968484282 135 163 173 
0.773676693 0.0146155655 -0.808281422 151 179 191 
0.772269309 0.0180435479 -0.78175962 143 171 184 
0.750432551 0.123914927 -0.955699921 128 155 167 
0.75396198 0.105555326 -0.913717568 116 147 161 
0.752303302 0.107580751 -0.860075951 151 184 196 
0.745139599 0.109039098 -0.858495474 148 182 195 
0.751847029 0.109058052 -0.855543971 150 184 196 
0.771059453 0.0204077065 -0.752485454 145 176 188 
0.771979332 0.012301445 -0.70463866 153 189 204 
0.74151969 0.0168036222 -0.698842466 133 168 184 
0.770783782 0.0153127611 -0.683214307 159 197 210 
0.702375412 0.117042422 -0.797084987 121 154 170 
0.745726705 0.129271299 -0.799175858 136 168 185 
0.762696922 0.0452613533 -0.644742489 121 153 170 
0.745511532 0.129775763 -0.794898272 136 169 185 
0.748063922 0.115254492 -0.750720561 129 162 179 
0.744317949 0.126160592 -0.699932277 118 153 172 
0.761515617 0.0489241481 -0.631209016 122 154 171 
0.713392973 0.0695436001 -0.614704251 127 161 178 
0.756960988 0.0635721087 -0.584877372 134 166 183 
0.743988693 0.126775473 -0.691647887 117 152 172 
0.755265534 0.0689904094 -0.567248821 134 167 185 
0.831517756 -0.00912818313 -1.03698397 179 206 217 
0.788454592 0.00042745471 -1.02705371 158 172 182 
0.831415534 -0.0132182539 -0.986840129 66 96 112 
0.82733649 -0.0130012929 -0.986273885 70 100 116 
0.831264853 -0.0127674043 -0.984934807 69 99 114 
0.826488197 0.00165060163 -0.925852656 123 147 159 
0.826293766 0.00175696611 -0.918109 124 149 161 
0.814046264 0.0550298393 -0.947805345 128 149 163 
0.795433044 0.0616644323 -0.942150831 152 178 186 
0.812627912 0.0593239665 -0.930407643 130 152 164 
0.8219347 0.0150507689 -0.865705192 133 159 171 
0.824445486 0.000821858644 -0.822864532 142 170 184 
0.797266304 0.125454396 -0.96000886 123 150 161 
0.796987593 0.126665801 -0.960674882 123 149 160 
0.806143761 0.0860809386 -0.930045485 123 148 161 
0.824072659 0.00215801597 -0.820596099 141 170 184 
0.81610322 0.0320351422 -0.786717713 132 161 174 
0.797021151 0.126417726 -0.959457874 123 149 160 
0.799853086 0.110798627 -0.915908098 108 137 151 
0.799942136 0.105956703 -0.866194308 126 155 169 
0.797744274 0.112835258 -0.841725111 133 162 176 
0.813860178 0.0377936661 -0.74773097 156 187 196 
0.820482135 0.00728261471 -0.712698698 164 196 206 
0.819431543 0.00691884756 -0.660423636 163 193 206 
0.807492137 0.00993198156 -0.657472491 166 198 210 
0.819067895 0.00727406144 -0.64767462 165 196 208 
0.797953665 0.109278142 -0.811811447 131 160 177 
0.750593543 0.12871325 -0.796034694 135 168 185 
0.794879973 0.116929919 -0.755726695 141 175 190 
0.772571146 0.0426734686 -0.635824203 124 156 173 
0.813707829 0.0249170065 -0.597646236 159 191 205 
0.806707501 0.0280960798 -0.595147669 154 187 202 
0.812987924 0.027287513 -0.590939283 157 190 204 
0.79482007 0.117098898 -0.754855156 141 175 190 
0.78921634 0.13488248 -0.695203185 124 159 178 
0.770680606 0.0605698228 -0.573523462 138 170 186 
0.806384146 0.0498944819 -0.538971841 141 174 194 
0.789024293 0.135380298 -0.69191587 124 160 178 
0.785022676 0.14661181 -0.633008778 116 154 176 
0.805537343 0.0525290072 -0.529370368 138 172 193 
0.110389993 -0.0174430311 -0.281616479 145 189 222 
0.112712041 -0.0310587585 -0.236920863 134 182 219 
0.103516817 -0.0319823325 -0.236412853 136 183 219 
0.112826958 -0.0319464207 -0.232332945 135 183 219 
0.111946881 -0.0325441062 -0.185287267 147 190 223 
0.0628495365 -0.0234715343 -0.174956739 146 190 224 
0.109561026 -0.0258634686 -0.149989575 147 192 225 
0.10833241 -0.0228337646 -0.127250195 149 193 225 
0.0646035075 -0.00469300151 -0.112576582 154 197 227 
0.10397616 -0.00830063224 -0.0887494758 149 191 222 
0.101214722 0.000641614199 -0.0613401607 146 189 221 
0.098097384 0.0107170343 -0.0301837549 147 191 224 
0.0950020701 0.0205608904 0.00253591686 148 192 225 
0.0924857855 0.0284122527 0.030813016 145 190 224 
0.0889575779 0.0398194492 0.066034086 137 183 216 
0.0871919543 0.0445342362 0.0947018638 136 181 215 
0.0862716585 0.0458813012 0.12198437 136 182 216 
0.0852137208 0.0455464125 0.174276024 142 186 216 
0.0849071294 0.0457603931 0.185973257 142 187 216 
0.0842792243 0.0447264314 0.226290196 151 201 230 
0.0860794783 0.0331609845 0.272158474 150 201 234 
0.0891688913 0.0165300369 0.315129489 151 196 229 
0.0925235152 -0.00114288926 0.357504576 160 202 231 
0.0627550632 -0.0275694728 0.398757547 157 197 225 
0.0944656283 -0.0116430819 0.385022163 152 194 223 
0.0593658984 -0.0512296855 0.438616663 146 187 216 
0.0292560384 0.301352799 -0.0992797762 165 214 232 
0.0263036415 0.301719368 -0.0987559333 166 214 233 
0.0279216692 0.307693779 -0.108481601 164 215 233 
0.0380550474 0.262287438 -0.0691402107 160 201 220 
0.0411943793 0.245460391 -0.0262813494 163 207 223 
0.00795039535 0.251597434 -0.0192897916 176 218 230 
0.0428268686 0.234554112 0.0199639499 177 224 233 
0.0359473974 0.235534072 0.0212530047 183 229 237 
0.0427726954 0.234174728 0.0266666859 182 229 237 
0.0951077342 -0.0157888234 0.401610941 148 191 219 
0.0968341231 -0.0270640552 0.447645158 151 192 220 
0.0287171677 0.303470135 -0.0980687439 166 214 233 
0.0281209424 0.301321059 -0.0468147546 181 225 242 
0.0321330205 0.281064779 -0.00591725856 175 218 234 
0.0400127769 0.245611385 0.0262882039 180 227 237 
0.0130197406 0.198173136 0.265236318 205 240 249 
0.0348709524 0.24335584 0.287414014 168 214 231 
0.0324402824 0.244067594 0.288068295 167 213 231 
0.0343364179 0.245683715 0.286086351 168 214 231 
0.0397589132 0.219658002 0.32634306 169 214 237 
0.0351762176 0.221889973 0.328060806 168 214 238 
0.0393964052 0.220634565 0.332133591 168 213 237 
0.038006641 0.222051278 0.380195111 180 225 243 
0.0424569547 0.200073063 0.420107752 177 217 244 
0.156268463 -0.012150228 -0.283778697 147 191 225 
0.157231346 -0.0204254091 -0.236028522 143 187 220 
0.157540396 -0.0223089159 -0.229286969 142 187 220 
0.157916784 -0.0276104808 -0.187654912 139 186 220 
0.157848358 -0.0318334401 -0.13758707 145 190 222 
0.136444345 -0.0284982622 -0.133420736 146 191 224 
0.156903893 -0.029242754 -0.123015232 146 190 223 
0.154315785 -0.022444874 -0.0797340497 146 189 222 
0.128982946 -0.0119502544 -0.0712413415 146 189 221 
0.151814178 -0.0141311586 -0.0572690889 145 188 220 
0.146887556 0.00225070119 -0.0131261423 147 190 222 
0.132396698 0.00723007321 -0.00882507116 148 191 224 
0.145696774 0.00606790185 -0.000875033438 147 191 223 
0.140354395 0.0234293044 0.0514702126 151 192 220 
0.132664621 0.0256489217 0.0535226837 150 191 221 
0.139747605 0.025434196 0.0570498183 151 192 221 
0.135788321 0.0368787348 0.11164587 139 185 217 
0.116025299 0.0399755538 0.115502171 137 183 216 
0.134849519 0.0395970643 0.124540009 140 185 217 
0.132269412 0.0462136567 0.169468194 138 185 216 
0.131359041 0.0467917621 0.204839617 143 187 213 
0.130507231 0.0486458838 0.223342478 151 195 219 
0.12912935 0.0495681465 0.276353151 164 212 234 
0.133969098 0.0260596573 0.315390527 162 206 232 
0.116327763 0.0082372427 0.359991491 161 203 231 
0.135200724 0.0176890194 0.35186395 162 205 232 
0.0349150375 0.303803682 -0.098568365 166 215 234 
0.0719818771 0.320565104 -0.111380294 169 222 242 
0.0805432945 0.280901372 -0.0636833534 175 221 235 
0.0757215917 0.302051902 -0.0773479566 177 226 241 
0.0838273317 0.263505667 -0.0211497322 170 221 235 
0.0887433887 0.239697486 0.0177162588 159 213 227 
0.0895787179 0.233453065 0.0487556234 169 226 236 
0.13509348 0.017149955 0.362777799 163 204 232 
0.138187468 0.000501036644 0.405738533 165 203 228 
0.139641404 -0.00970372558 0.452385038 161 199 222 
0.0728667229 0.311064541 -0.0464313775 179 228 244 
0.0655599833 0.306735277 0.0043740049 168 216 238 
0.0708620548 0.316023976 -0.0095070079 171 221 242 
0.0471392125 0.279436827 0.0439057425 172 219 238 
0.0793107003 0.274199486 0.0673779026 173 218 239 
0.0714232475 0.312244475 0.00672664493 168 218 240 
0.072566703 0.30325976 0.0540709868 165 213 238 
0.036616236 0.245078355 0.288159251 168 214 231 
0.0838626325 0.23192431 0.328169376 167 207 225 
0.0832808018 0.234376222 0.32763496 166 207 225 
0.0908349156 0.200036585 0.362414241 164 209 231 
0.0679862052 0.206991568 0.368708462 163 210 233 
0.0912321657 0.195013493 0.399994522 161 210 237 
0.0816425979 0.240647435 0.333158612 166 207 225 
0.0909517109 0.195085913 0.412065834 164 213 240 
0.0900587887 0.194102556 0.463986605 163 206 234 
0.202552348 -0.00845035911 -0.286852002 148 192 226 
0.203127503 -0.015202105 -0.238230497 147 192 225 
0.203288883 -0.0177955329 -0.216821551 146 190 223 
0.202802181 -0.0184155703 -0.187585324 145 189 221 
0.202104837 -0.0201674402 -0.136104107 145 191 225 
0.204621255 -0.0344759226 -0.092632927 145 187 220 
0.204642147 -0.0346289873 -0.0918922648 145 187 219 
0.200392038 -0.0224210024 -0.0324266925 145 188 221 
0.193417192 -0.0191941857 -0.0299048945 145 188 221 
0.199630827 -0.0198560059 -0.025982894 145 188 221 
0.193032801 0.00272247195 0.0260371193 144 188 220 
0.19181633 0.0067832768 0.03675998 144 187 218 
0.187740326 0.0188376009 0.0899384692 138 181 210 
0.182951689 0.0371228456 0.106596015 133 176 207 
0.179448724 0.0497999787 0.126546562 129 173 205 
0.179616153 0.0457372367 0.164006233 129 173 205 
0.177575231 0.0492647588 0.218506962 129 175 208 
0.171903491 0.0490146279 0.21899417 131 177 209 
0.177499622 0.0493641794 0.220873058 129 175 208 
0.17628774 0.0498318374 0.271314502 143 190 217 
0.177379787 0.0410490632 0.318774313 168 202 223 
0.178137422 0.0361219943 0.338741362 164 200 221 
0.125150695 0.295680285 -0.112903126 155 204 229 
0.0839503556 0.315672368 -0.0975002944 172 223 243 
0.126858279 0.284479022 -0.0668265671 161 212 232 
0.129957601 0.267809153 -0.023877807 161 208 226 
0.125530481 0.25721705 0.0232042745 156 207 225 
0.13068977 0.260923862 0.0190190375 155 206 224 
0.178731441 0.0312462151 0.365650743 161 200 222 
0.180756271 0.0187983215 0.411014259 150 193 220 
0.184299946 0.000382512808 0.452964455 161 203 227 
0.0676208436 0.352913737 -0.0754470229 172 225 243 
0.0771521777 0.332380921 -0.0353064463 174 227 247 
0.103432596 0.29306227 0.0451318994 167 213 235 
0.11988613 0.304321826 0.0327670202 166 214 236 
0.0994015187 0.396855325 -0.055035606 171 225 246 
0.0976438373 0.404346198 -0.0575798452 171 224 246 
0.0803952217 0.374359727 -0.012826845 169 226 248 
0.0993868858 0.395717382 -0.0417176932 169 225 247 
0.108005881 0.354063004 0.0254554674 168 225 248 
0.105882138 0.363563061 0.0173908174 167 226 249 
0.0939027071 0.418461591 -0.0426778197 171 224 245 
0.0812916607 0.438610375 -0.0303313211 173 224 245 
0.0720370561 0.413530529 0.00940006226 177 228 247 
0.0988159776 0.390172452 0.0461084172 176 225 249 
0.0956852138 0.396414578 0.049848102 177 224 249 
0.0978049487 0.39346388 0.0559503064 176 224 249 
0.0851248354 0.233979702 0.329148799 166 207 225 
0.133392572 0.218377769 0.367715091 164 203 224 
0.131812021 0.225114048 0.365423709 164 202 224 
0.140317455 0.186676323 0.402066469 174 216 236 
0.101482272 0.192259252 0.409370989 165 212 239 
0.139226988 0.188406736 0.432901889 176 215 237 
0.0979067534 0.389253199 0.0980658606 172 223 248 
0.138150394 0.190699399 0.456850737 176 215 238 
0.139300331 0.181689233 0.504180491 170 209 234 
0.248923004 -0.00263088942 -0.317461491 146 191 224 
0.249085158 -0.0057284534 -0.290484667 147 191 224 
0.249180079 -0.0105933249 -0.24078396 147 191 225 
0.248951942 -0.0128587782 -0.205134362 147 191 225 
0.248610497 -0.0128470361 -0.189589828 147 191 225 
0.248057544 -0.015166223 -0.138433099 145 189 222 
0.248304993 -0.0197409689 -0.0989575312 136 183 220 
0.248054564 -0.019646287 -0.0885123089 133 182 219 
0.249365836 -0.0292904675 -0.041545175 142 186 219 
0.246771485 -0.0222341716 -0.000848926604 144 188 219 
0.24551031 -0.0186329186 0.0170336291 144 187 218 
0.204043537 0.00173184276 0.0326684639 144 187 219 
0.240267873 -0.000123202801 0.0520305261 145 188 219 
0.236910015 0.0106680393 0.0862755999 142 185 215 
0.1956577 0.0180561543 0.0948277488 138 181 210 
0.234207481 0.0197936594 0.108943321 139 182 213 
0.229845583 0.0339342058 0.152065963 137 178 208 
0.201966792 0.0379372537 0.157307088 133 177 208 
0.228480726 0.0380588472 0.168892294 135 176 207 
0.205250174 0.0570859611 0.219720513 133 172 201 
0.221548229 0.0622929633 0.217868716 134 170 197 
0.172696143 0.294423342 -0.118811511 161 211 236 
0.163899913 0.293829739 -0.118167825 159 209 234 
0.169584841 0.309449673 -0.142947942 163 213 237 
0.172945499 0.292813033 -0.112365238 162 212 235 
0.221464694 0.0623728931 0.220814764 136 171 198 
0.22121954 0.0588444173 0.271279812 139 179 208 
0.222005635 0.051263839 0.319427222 139 179 205 
0.22193706 0.0502834022 0.33347103 140 179 204 
0.174292803 0.283657819 -0.0724857152 164 216 235 
0.175165683 0.275736213 -0.0245333463 158 210 229 
0.175341606 0.270866454 0.0215041041 159 209 226 
0.22135973 0.0493099391 0.370792925 155 192 213 
0.223751187 0.0354214609 0.415332496 159 200 221 
0.227540672 0.0160397589 0.456730217 168 209 231 
0.175251305 0.270907998 0.0251883119 159 209 226 
0.135754377 0.300885499 0.0458359197 166 214 235 
0.169499993 0.28970021 0.0804078951 167 216 234 
0.181734711 0.2319576 0.160359949 168 216 228 
0.136654511 0.232583895 0.165654391 178 219 239 
0.176285446 0.256109297 0.142157257 180 227 240 
0.180918097 0.233175695 0.184315562 184 231 239 
0.100680798 0.402109534 -0.0523179546 170 224 246 
0.110529855 0.358813792 0.0277624875 167 225 248 
0.124200359 0.339282811 0.0679932311 161 215 243 
0.166237339 0.301834226 0.0953598991 167 218 236 
0.138010979 0.319785714 0.108226992 163 219 240 
0.162044942 0.316521227 0.124628998 165 218 239 
0.17678532 0.25140506 0.17148301 183 231 240 
0.106239796 0.376129419 0.0900109783 170 223 249 
0.138185218 0.361021757 0.130639762 165 215 241 
0.15214695 0.355435789 0.146618754 162 211 238 
0.137083739 0.22371614 0.370213509 163 202 224 
0.170807689 0.209038988 0.410881013 155 197 220 
0.186548382 0.186092585 0.449026376 162 202 225 
0.179000109 0.188182056 0.450992435 162 201 225 
0.184279025 0.196368009 0.439029187 156 197 221 
0.186171204 0.187000841 0.456248611 162 202 224 
0.178764582 0.22116892 0.416605204 153 197 220 
0.187175542 0.179136485 0.497530907 177 213 230 
0.188091964 0.171043783 0.54538548 171 208 227 
0.29539749 -0.00171130896 -0.298389614 146 191 223 
0.295380622 -0.00207400322 -0.293583959 146 191 223 
0.295188785 -0.00581216812 -0.243238807 147 191 225 
0.294414163 -0.00692808628 -0.195274293 148 192 226 
0.294349134 -0.00700467825 -0.191437721 148 192 226 
0.293967009 -0.00999513268 -0.140664935 146 191 225 
0.294026315 -0.0147199631 -0.0908841565 138 184 219 
0.278435051 -0.0169702172 -0.0903949812 136 183 219 
0.294164598 -0.0157775581 -0.0854810551 138 184 219 
0.293973833 -0.0190056264 -0.0408521816 136 182 218 
0.294880331 -0.0270592272 0.00702468306 139 181 213 
0.266611576 -0.0243178308 0.0116223469 142 185 216 
0.293804288 -0.0240784287 0.0233036503 140 183 214 
0.290354759 -0.0137688518 0.0671093687 142 183 214 
0.271280289 -0.00483375788 0.0740659609 142 184 215 
0.288318157 -0.00700464845 0.0854428038 141 183 214 
0.281379521 0.017260015 0.134363145 141 183 215 
0.281158328 0.0178744495 0.137691051 141 183 214 
0.275530398 0.0361309052 0.193198711 132 173 204 
0.272391081 0.0478313267 0.207308173 132 171 201 
0.225612938 0.0620146394 0.220164031 135 171 197 
0.269422919 0.0562808812 0.249682903 131 169 197 
0.218123913 0.301487118 -0.119960815 157 206 234 
0.221097976 0.285425723 -0.0780229941 156 207 233 
0.269436717 0.0549478233 0.263861686 130 168 196 
0.268535852 0.0539958775 0.315800369 129 169 196 
0.268170834 0.0523944199 0.350352764 134 171 196 
0.221184015 0.284971356 -0.0769238994 156 207 233 
0.222258687 0.276256919 -0.0294250026 159 211 233 
0.224617511 0.26249665 0.0151879415 157 208 230 
0.179706305 0.270329952 0.0243843198 159 209 226 
0.226186335 0.251840591 0.0615763441 147 196 218 
0.198785037 0.252107978 0.0647328421 143 195 215 
0.226332366 0.249428481 0.0816753283 147 197 218 
0.267595828 0.0531976521 0.367827058 136 173 197 
0.26931107 0.0419662297 0.413886338 153 187 211 
0.272641629 0.0243876874 0.456315368 153 197 221 
0.194763124 0.292328328 0.0870542005 166 216 235 
0.21562317 0.292358905 0.0962828174 164 216 236 
0.207086444 0.249631464 0.167188525 179 224 238 
0.214518249 0.293195546 0.137712657 166 215 234 
0.182650715 0.307750642 0.149132282 165 216 236 
0.218004853 0.275003999 0.179791063 171 217 237 
0.208314031 0.291122437 0.18962422 168 216 238 
0.215230405 0.28421849 0.204772592 175 219 239 
0.241392851 0.156155795 0.426714391 160 196 214 
0.237311572 0.161102086 0.429853648 166 200 217 
0.239666402 0.163249761 0.427146465 164 199 216 
0.240376145 0.159736216 0.433605343 165 200 216 
0.187566668 0.350134373 0.171648324 162 211 234 
0.211990952 0.298634142 0.193306416 165 213 236 
0.200189054 0.348594964 0.179956317 162 211 234 
0.234676301 0.182546735 0.44180885 167 202 218 
0.214806885 0.19684884 0.451772422 165 203 221 
0.239836454 0.157779485 0.480126232 179 212 225 
0.211952567 0.173318148 0.491643161 185 218 231 
0.230400145 0.199036896 0.454885334 170 206 221 
0.237605304 0.163368255 0.520454168 186 222 232 
0.229539603 0.202730179 0.453352839 168 205 221 
0.237132698 0.163911313 0.53611654 188 226 236 
0.342434019 -0.00139790773 -0.298386723 147 191 221 
0.304986209 -0.0015720427 -0.294366419 147 191 223 
0.34199506 -0.00140103698 -0.278197676 147 191 222 
0.341786444 -0.00334534049 -0.247017354 148 191 223 
0.3410739 -0.00503730774 -0.195501953 148 192 225 
0.30284217 -0.00657680631 -0.192138255 148 192 226 
0.340564549 -0.004404217 -0.179151565 149 193 226 
0.340080082 -0.00562411547 -0.143354386 152 195 227 
0.34017235 -0.0104785264 -0.0936476961 145 191 224 
0.340343356 -0.0133940876 -0.0691002235 138 185 220 
0.339984626 -0.0142328143 -0.0433118269 132 181 217 
0.340206623 -0.0195967853 0.00610338897 138 184 216 
0.341546923 -0.0293549299 0.0530053601 137 178 209 
0.340751857 -0.0292125046 0.0531702116 137 178 209 
0.341552705 -0.0294655859 0.0539690182 138 178 209 
0.33774671 -0.0189147294 0.111459859 139 180 211 
0.330615222 -0.013312012 0.11529135 138 179 211 
0.336359501 -0.0138417184 0.118773513 137 179 210 
0.285446525 0.0169490874 0.136716455 141 183 215 
0.328619063 0.0143921077 0.16039744 144 187 219 
0.326547086 0.0205996335 0.186543435 141 183 214 
0.285720348 0.0353693962 0.199064344 133 174 205 
0.322536677 0.0344177783 0.217110246 139 182 212 
0.31836009 0.0482764542 0.254856497 137 175 201 
0.280437499 0.0524447262 0.261291176 132 170 196 
0.319823802 0.0380334258 0.301481098 132 168 196 
0.317755997 0.0386375785 0.302036971 132 168 196 
0.319736481 0.0381952226 0.303691655 132 168 196 
0.265271455 0.301793396 -0.124975093 149 200 232 
0.267569751 0.288270921 -0.0802261606 150 201 232 
0.221894234 0.285027027 -0.0769716501 156 207 233 
0.268972188 0.279415756 -0.0462127477 145 197 228 
0.317118764 0.0441703796 0.357474387 127 167 194 
0.285364121 0.0491513312 0.363673389 133 170 195 
0.317666709 0.038356632 0.396920353 130 169 197 
0.269487083 0.276245356 -0.0346210822 144 196 227 
0.270740747 0.266827703 0.012475647 158 210 232 
0.274349451 0.248156339 0.0542796627 154 205 228 
0.272605628 0.251343966 0.098916389 159 209 228 
0.317585528 0.0378444493 0.406339407 131 171 199 
0.31842348 0.0300601423 0.45437029 158 198 221 
0.262748361 0.290056944 0.121276744 159 214 234 
0.262450784 0.290417314 0.130934179 160 214 233 
0.263210118 0.282941937 0.17914176 169 215 232 
0.26140523 0.286621511 0.221117526 170 215 234 
0.287575394 0.160253733 0.423868805 151 193 210 
0.283275783 0.178352624 0.420145541 171 216 227 
0.289034486 0.150028855 0.470503777 174 204 216 
0.286932051 0.150272578 0.470867366 175 205 217 
0.289262742 0.148714602 0.474628419 174 204 217 
0.249064952 0.338521838 0.210930914 165 217 240 
0.2480371 0.342714608 0.211528331 165 218 241 
0.278405994 0.196282655 0.444475681 180 221 233 
0.275754809 0.205499902 0.463766843 185 223 237 
0.290905923 0.138183594 0.516211987 168 206 223 
0.250292808 0.1597583 0.532411277 187 224 234 
0.286085367 0.154359102 0.557777762 186 225 237 
0.246579319 0.348288596 0.216517061 165 217 241 
0.271942973 0.221677423 0.459000319 183 225 242 
0.390629053 -0.00108730793 -0.351537555 147 192 215 
0.389927745 -0.00245168805 -0.304178894 148 193 218 
0.388702452 -0.00163453817 -0.257006139 150 194 220 
0.388647228 -0.00191214681 -0.251387119 150 194 221 
0.38749218 -0.00186541677 -0.198877215 148 193 223 
0.386528939 -0.000959455967 -0.164721668 148 193 224 
0.386472106 -0.00234919786 -0.146670729 146 191 223 
0.386304349 -0.00618180633 -0.0963796452 148 192 224 
0.386209011 -0.00946053863 -0.0555688366 141 189 223 
0.38604027 -0.0096360743 -0.0458721593 140 189 223 
0.385474771 -0.0119058788 0.00531276315 140 187 220 
0.386177093 -0.0191572607 0.0536485091 139 186 218 
0.386336535 -0.0201765001 0.0576554462 139 186 218 
0.385775179 -0.0220697224 0.104465894 143 186 217 
0.383625209 -0.0168391466 0.145045966 141 182 213 
0.381452918 -0.00957837701 0.164093524 142 183 214 
0.357706189 0.0115992129 0.178223342 147 189 220 
0.376154214 0.0100608766 0.189121723 147 189 219 
0.370593309 0.0285999179 0.238412946 146 187 213 
0.365084827 0.0317391753 0.240725994 146 187 213 
0.369989485 0.0304942429 0.245085061 147 188 212 
0.367299348 0.0370509923 0.295729727 142 180 202 
0.366211623 0.0391116142 0.322769344 139 178 203 
0.31339246 0.298274785 -0.132177055 146 197 230 
0.312702477 0.296493888 -0.0807124525 147 198 230 
0.315557212 0.280785263 -0.037213929 144 193 228 
0.289001524 0.278430074 -0.0355769917 143 194 227 
0.315474749 0.280196339 -0.0268853754 143 193 227 
0.365756512 0.0386213362 0.34911111 136 175 202 
0.365567565 0.0348718464 0.399449736 136 177 205 
0.326697886 0.036316067 0.404506654 132 171 199 
0.368497759 0.0188666582 0.442778677 140 182 211 
0.356783152 0.0207581818 0.445094913 143 185 212 
0.368605316 0.0171768963 0.456616908 144 186 213 
0.315901279 0.274941444 0.0119268745 143 194 226 
0.320547402 0.252193838 0.051399447 156 208 231 
0.322717398 0.239175498 0.0964367166 153 203 225 
0.283116668 0.249680042 0.106502689 158 208 228 
0.320615262 0.244664013 0.131958336 159 209 227 
0.27747333 0.289507955 0.12878871 160 215 234 
0.311608821 0.27916494 0.162061542 169 217 232 
0.311570317 0.278483421 0.171402216 169 216 231 
0.308789641 0.284917653 0.227565497 164 211 232 
0.281092525 0.285898149 0.231142431 166 213 233 
0.308173567 0.286086261 0.242863744 164 211 232 
0.334804773 0.160238504 0.418670624 149 190 211 
0.325812876 0.198763967 0.403386205 174 220 234 
0.336582839 0.148760229 0.464588732 152 192 212 
0.343403965 0.11746645 0.499173254 147 191 210 
0.303353369 0.13140741 0.511158049 164 203 219 
0.340154439 0.127767056 0.533898056 169 213 226 
0.24978739 0.342354655 0.212936521 165 218 241 
0.274929374 0.325600266 0.253417134 163 214 238 
0.303483546 0.301274806 0.289404213 169 220 241 
0.293953389 0.30736506 0.293764472 169 220 241 
0.302294582 0.305105001 0.301427484 172 222 242 
0.321741104 0.211569011 0.44802931 190 235 247 
0.320698917 0.213995442 0.468911976 191 237 249 
0.301444888 0.304793388 0.343899846 178 224 243 
0.308910191 0.26647675 0.426950842 181 231 247 
0.31599161 0.234160274 0.460950464 190 236 248 
0.436754704 0.00155895948 -0.335639775 146 190 214 
0.436131418 0.00156316161 -0.307072043 146 192 215 
0.435334384 0.000203192234 -0.255366683 147 193 218 
0.399256587 -0.00159439445 -0.252380103 150 194 220 
0.435404658 -0.00184234977 -0.235861868 146 193 218 
0.434763849 -0.0020467639 -0.204170436 146 193 219 
0.433240652 -0.000553548336 -0.15083316 143 192 222 
0.422280312 -0.000507444143 -0.149603724 144 192 222 
0.433070123 -0.000370234251 -0.145042509 144 192 222 
0.432812393 -0.00336265564 -0.0999566838 145 190 221 
0.431855142 -0.00409325957 -0.0478913859 140 189 222 
0.419463098 -0.00567513704 -0.0473902002 140 189 222 
0.431832552 -0.00432828069 -0.0442410335 140 188 222 
0.431441247 -0.00695881248 0.00295282155 137 186 222 
0.431491613 -0.0116484463 0.0527537391 138 186 216 
0.431646049 -0.0134898126 0.0661257729 139 186 215 
0.42979157 -0.00946030021 0.106488444 140 187 215 
0.429686189 -0.0135381818 0.156639218 139 180 210 
0.417639732 -0.015088141 0.15711984 139 180 210 
0.429564357 -0.0132693648 0.159245998 139 180 210 
0.424451709 0.00253766775 0.218317062 168 204 226 
0.420419186 0.00393864512 0.219522327 167 203 226 
0.424055636 0.00391641259 0.221179307 169 205 226 
0.365734428 0.282547057 -0.197495192 147 196 230 
0.418237507 0.0226339102 0.280296832 160 196 217 
0.361892611 0.293266386 -0.140231103 142 192 227 
0.345575482 0.296609223 -0.136619598 143 193 227 
0.361475617 0.293545365 -0.124187678 140 191 226 
0.418110043 0.0229638815 0.282483071 158 195 216 
0.415949881 0.0269598663 0.337251842 147 186 211 
0.389358133 0.0331285298 0.343529612 139 180 208 
0.417449951 0.0165738165 0.383794636 140 184 214 
0.416591704 0.0168804228 0.384055734 140 184 214 
0.417448848 0.016453445 0.385183662 140 184 214 
0.362175643 0.287662357 -0.0909531564 138 188 225 
0.361740887 0.28487888 -0.0400620177 144 193 227 
0.362385154 0.278957963 -0.0038465634 142 191 226 
0.417341441 0.0125084221 0.4339526 147 190 219 
0.362956703 0.275609851 0.00711970776 140 190 226 
0.36400944 0.266981602 0.0546679124 141 192 224 
0.366975397 0.250835717 0.0979163721 158 210 234 
0.370047778 0.23427166 0.140925646 154 205 228 
0.344686836 0.241742849 0.147776723 158 210 228 
0.369647294 0.232922494 0.174304754 153 201 221 
0.37939468 0.188561767 0.21974805 147 193 212 
0.360998034 0.200011224 0.227997929 149 195 212 
0.372372329 0.219432384 0.199103326 149 195 215 
0.378175944 0.190701991 0.25191769 145 189 208 
0.330200106 0.27943027 0.169870138 169 216 233 
0.357818156 0.281397164 0.178720385 167 214 234 
0.369867742 0.225995511 0.241158426 151 197 216 
0.356359273 0.283565581 0.221602678 167 217 238 
0.355071723 0.284908503 0.265791088 165 212 241 
0.367717743 0.192666024 0.432694107 163 213 233 
0.384503961 0.146027058 0.457836002 139 186 207 
0.374299288 0.18972367 0.44076702 160 212 232 
0.383777618 0.144389182 0.509382367 169 218 231 
0.382745415 0.147911638 0.517629147 174 224 235 
0.354520202 0.286299944 0.275649816 165 212 241 
0.353196502 0.287009329 0.328538716 168 218 238 
0.333221316 0.294029772 0.334552735 172 220 240 
0.353427231 0.282964647 0.362889856 179 229 247 
0.365924895 0.228012487 0.399761558 172 223 241 
0.34047249 0.250105202 0.41457659 180 229 243 
0.355887026 0.270787597 0.385274619 182 232 249 
0.372312486 0.198422253 0.435320526 163 214 232 
0.32987082 0.224699289 0.454278678 191 236 247 
0.353767842 0.280272424 0.377168685 182 231 248 
0.481147468 0.0127841234 -0.335512429 149 191 213 
0.480411768 0.0131356418 -0.305642605 149 192 214 
0.480245888 0.00929543376 -0.255355805 152 194 217 
0.481369495 0.00160011649 -0.221427768 151 194 217 
0.481194496 0.00107651949 -0.207573503 150 194 217 
0.479941428 0.00150826573 -0.15484339 148 196 221 
0.479436815 0.00108286738 -0.126951396 146 193 221 
0.479022264 0.000627994537 -0.102863662 146 192 222 
0.477508545 0.00208413601 -0.0495476648 145 191 224 
0.477557302 0.000302761793 -0.0319919214 144 190 224 
0.477344394 -0.00176259875 0.000735320151 142 189 221 
0.476100624 -0.00136774778 0.0534443483 143 190 222 
0.475997508 -0.00206056237 0.0658779368 141 188 220 
0.474357307 0.00099042058 0.107276313 145 191 220 
0.474217415 -0.00295171142 0.157504737 144 187 214 
0.474184096 -0.00316777825 0.161438823 144 186 214 
0.42065078 0.251760542 -0.213664204 148 194 229 
0.472288251 0.00013667345 0.211754352 145 188 217 
0.47001344 0.00739395618 0.235548854 155 197 223 
0.415247709 0.269181728 -0.15919587 144 191 225 
0.412790358 0.271684289 -0.157564491 143 191 225 
0.414741606 0.270928711 -0.155375153 143 191 225 
0.466856301 0.0169884562 0.273875952 158 200 224 
0.420902371 0.0224096179 0.281874746 159 195 216 
0.46646142 0.0148931146 0.315288842 154 196 220 
0.410279453 0.284211338 -0.0981164426 139 188 223 
0.401412517 0.287284374 -0.0954703987 139 188 223 
0.409667969 0.285960764 -0.0894827992 138 187 222 
0.466432869 0.0141603351 0.324741632 153 195 220 
0.467354774 0.00604614615 0.372583836 150 194 219 
0.469583035 -0.00720095634 0.417490214 151 191 215 
0.445812404 0.00111323595 0.424625129 149 191 218 
0.410682827 0.278134555 -0.0491089299 136 185 222 
0.412111044 0.268030941 -0.00240454823 141 191 226 
0.369445175 0.275061071 0.00610817969 140 190 226 
0.412161559 0.263531566 0.0452737138 138 187 223 
0.412196338 0.263204068 0.0473178849 138 187 223 
0.414695174 0.248893559 0.0916160867 140 189 223 
0.419682592 0.224804968 0.130321652 154 208 234 
0.423083305 0.206950784 0.172593087 156 208 231 
0.377426803 0.226827502 0.188422829 151 199 218 
0.424953043 0.195112437 0.21830526 145 196 218 
0.428369701 0.177195668 0.260540813 143 187 205 
0.400324523 0.186690092 0.268787473 141 185 204 
0.429885685 0.166747123 0.307047933 126 163 184 
0.420413941 0.168712735 0.309158027 122 158 179 
0.429643989 0.16690138 0.316432089 121 157 179 
0.404994309 0.274693877 0.211432248 164 218 238 
0.393649668 0.249108151 0.251118124 156 206 226 
0.401767075 0.228233084 0.291227847 157 207 225 
0.411095262 0.207651079 0.331364006 165 208 226 
0.427891076 0.170092672 0.361444592 130 174 197 
0.40159452 0.182511657 0.371090025 156 203 221 
0.432589412 0.147139907 0.40079987 129 171 194 
0.403871208 0.160222858 0.411072612 130 175 200 
0.43200165 0.145144999 0.449951738 129 174 197 
0.360779345 0.282345951 0.272811115 164 212 241 
0.387234271 0.265909374 0.313320279 167 215 233 
0.388617218 0.243404254 0.353283376 174 223 239 
0.379330754 0.218316719 0.393014044 173 224 241 
0.382930845 0.19634825 0.43302545 161 213 233 
0.431956232 0.145136029 0.452136904 129 175 197 
0.431771755 0.141369015 0.502465546 154 205 224 
0.42907536 0.149546742 0.535385609 161 207 226 
0.359366566 0.277518213 0.375055194 183 233 250 
0.523978949 0.0317380726 -0.349592745 152 195 215 
0.523254991 0.0303545296 -0.300983638 153 195 218 
0.524505079 0.020950973 -0.253878832 151 192 214 
0.526025355 0.0115226805 -0.218905836 153 192 215 
0.525946796 0.0107942522 -0.207204878 154 193 215 
0.524514794 0.011929214 -0.154072523 154 196 219 
0.52477324 0.00763636827 -0.118236281 153 199 222 
0.524527788 0.00738629699 -0.10418769 154 201 224 
0.523152947 0.00829675794 -0.0511837974 148 193 222 
0.52306807 0.00599306822 -0.021689944 144 191 221 
0.522618413 0.00590518117 -6.84931874e-05 145 193 222 
0.520503879 0.00972172618 0.054597564 154 199 225 
0.519994378 0.0111243725 0.0624027178 156 201 226 
0.477076411 0.213502392 -0.216098398 158 201 232 
0.51807332 0.0147801936 0.109973975 160 204 227 
0.519247651 0.00567430258 0.157248974 147 194 220 
0.519486129 0.00355580449 0.16984126 147 193 219 
0.475251317 0.218973264 -0.1931023 155 200 232 
0.452584743 0.240122423 -0.179106653 153 198 230 
0.470606863 0.23544471 -0.162908942 153 197 230 
0.518494785 0.00414064527 0.208854973 153 195 218 
0.517839193 0.00222486258 0.260242373 144 187 214 
0.513871074 0.00371822715 0.261490792 145 187 215 
0.517864108 0.00150054693 0.267144948 144 187 214 
0.468557 0.240785003 -0.128143802 149 193 226 
0.44544518 0.256748348 -0.116920248 146 192 226 
0.464970529 0.253262222 -0.102136962 146 192 225 
0.517326772 -0.000253498554 0.311308116 147 192 218 
0.475855052 0.0128706992 0.323004693 153 195 220 
0.518880069 -0.0108486116 0.357731313 149 192 218 
0.500305057 -0.00405117869 0.363470197 150 194 220 
0.521777093 -0.0267234743 0.401134789 154 193 214 
0.51218164 -0.0240163803 0.403661817 156 194 215 
0.521941602 -0.0287694335 0.41631493 147 187 210 
0.461513102 0.263970554 -0.0623995662 137 184 219 
0.437994242 0.273298919 -0.0547406375 134 182 218 
0.460432291 0.265643656 -0.0313720554 134 182 218 
0.460667074 0.262802899 -0.0105842054 135 184 220 
0.461800814 0.25385651 0.0367820412 136 184 219 
0.413738668 0.262942165 0.0470059291 138 187 223 
0.463690221 0.241940767 0.0824499503 137 186 222 
0.436533153 0.245619595 0.0874353722 137 186 222 
0.465587199 0.230040222 0.127602339 143 193 226 
0.471536994 0.202124983 0.164643466 146 197 225 
0.449219167 0.203010499 0.167577595 151 204 229 
0.465688646 0.229537874 0.128525764 143 193 226 
0.473326147 0.191729039 0.198028892 159 208 230 
0.465601981 0.229937255 0.128067642 143 193 226 
0.473480523 0.189996511 0.21018973 162 210 231 
0.474494815 0.181519419 0.257824361 151 199 219 
0.479465306 0.157497197 0.296567947 158 201 218 
0.47645539 0.166152805 0.338570446 132 176 200 
0.472538829 0.180221409 0.362048298 150 197 216 
0.480113328 0.145967454 0.39493981 138 180 198 
0.482141852 0.133504957 0.440295011 143 186 207 
0.433115184 0.144461364 0.451642543 129 174 197 
0.479574084 0.140629292 0.479015201 151 199 218 
0.477938116 0.14553079 0.499656409 148 196 218 
0.474636436 0.15498817 0.546145141 137 182 209 
0.56559819 0.0495385528 -0.295200706 157 201 220 
0.568091333 0.0352506638 -0.25088951 153 198 218 
0.568123221 0.0341084301 -0.239662379 154 198 219 
0.567355394 0.0336504281 -0.199321657 155 201 221 
0.567957759 0.0267918706 -0.150761247 157 201 221 
0.568826079 0.0205443799 -0.121202461 159 203 223 
0.568651915 0.0195726454 -0.10240712 160 204 224 
0.567517042 0.0195400715 -0.0499425903 156 200 222 
0.566784561 0.0205661356 -0.0277169868 155 199 221 
0.56522578 0.0240511596 0.00512068719 156 199 223 
0.559290707 0.0236833394 0.0579303578 153 197 222 
0.563790977 0.025300771 0.0571049079 153 197 222 
0.522606492 0.219097123 -0.205620751 174 214 236 
0.563718319 0.0254823864 0.0584224835 153 197 222 
0.562058806 0.0275112689 0.112066112 160 204 226 
0.563805223 0.0161574185 0.158055365 151 196 220 
0.563874006 0.0148049295 0.169924587 152 196 221 
0.522172093 0.220170662 -0.197606921 174 214 236 
0.520484209 0.22231108 -0.1438995 163 204 230 
0.498322546 0.228353113 -0.13817744 156 197 228 
0.518879473 0.227463037 -0.127474114 161 201 229 
0.562651932 0.0161972046 0.210561305 155 200 223 
0.563857794 0.00696721673 0.257765323 152 199 222 
0.564721286 0.000526100397 0.289698541 154 201 223 
0.514788091 0.240200818 -0.0811842307 159 204 230 
0.499744058 0.247051209 -0.0758045837 154 200 229 
0.513895035 0.242053449 -0.0607698634 152 197 226 
0.564743459 -0.0010047555 0.305688947 156 203 224 
0.564041555 -0.002738446 0.357180506 156 199 219 
0.565609753 -0.0133921206 0.403570265 149 191 212 
0.565527618 -0.0135503113 0.409100294 149 192 212 
0.513355315 0.241338715 -0.0280502215 141 187 220 
0.473152757 0.258968949 -0.0140418559 136 184 220 
0.510917783 0.246707037 0.0242009908 132 179 215 
0.510858774 0.246656358 0.0274744108 132 178 214 
0.512023389 0.237588599 0.0747712329 131 179 215 
0.513040662 0.229099706 0.122399129 139 186 220 
0.465989709 0.229909509 0.128009945 143 193 226 
0.493030727 0.213614792 0.168531895 147 197 225 
0.512913227 0.226743996 0.154423982 144 193 223 
0.512821376 0.225469321 0.172805876 148 197 224 
0.516742647 0.205569804 0.21390745 160 208 231 
0.517920613 0.196449429 0.261174172 163 213 232 
0.52128613 0.178733677 0.303524792 171 218 234 
0.520646811 0.178374797 0.336865366 160 204 222 
0.520347416 0.177930444 0.355548501 153 196 215 
0.524912357 0.155501753 0.395203561 149 191 212 
0.526740551 0.143826723 0.441009074 135 176 201 
0.523999393 0.151693434 0.479438514 148 195 218 
0.522821665 0.154733241 0.499730319 143 189 214 
0.608905315 0.0649345815 -0.291584343 156 199 218 
0.580692649 0.0423209667 -0.248428106 154 199 219 
0.609247804 0.0615122318 -0.269275814 155 200 219 
0.606192172 0.0711034238 -0.235572845 168 213 230 
0.608861029 0.0561251044 -0.191656619 156 202 221 
0.611136913 0.0426909029 -0.146857172 159 204 223 
0.611086369 0.0423257053 -0.140480191 159 204 223 
0.609674096 0.043946892 -0.0936556384 166 208 225 
0.609708607 0.039319396 -0.0438191816 168 208 225 
0.609599531 0.039601624 -0.0419471487 168 209 225 
0.606843531 0.0460853279 0.0125337765 171 211 228 
0.605994165 0.0473647416 0.0373074934 167 208 226 
0.570365489 0.216367468 -0.204971611 152 195 222 
0.537656128 0.219519511 -0.199662626 169 209 232 
0.569976032 0.215585724 -0.178403541 153 196 223 
0.604136527 0.0522297025 0.0685312673 175 214 230 
0.605584443 0.0420486629 0.115191348 161 203 223 
0.576240122 0.0233000219 0.160574406 155 198 221 
0.605471849 0.0398658514 0.144618034 161 204 224 
0.570403337 0.211726934 -0.155142635 155 198 223 
0.569842815 0.209437639 -0.103968836 158 200 225 
0.552288473 0.218575358 -0.0970690325 156 199 224 
0.567950964 0.215525776 -0.0847678408 158 199 225 
0.604300857 0.0426004827 0.167990118 163 206 226 
0.605128884 0.0348551571 0.216043323 156 201 222 
0.606366336 0.0255011022 0.263176411 161 206 227 
0.606418431 0.025095135 0.265296131 161 205 226 
0.565616608 0.221551597 -0.0445570126 156 199 225 
0.533998907 0.232502505 -0.0351254717 143 188 220 
0.563527882 0.22733739 -0.012955375 151 194 223 
0.607179582 0.0178138018 0.311262816 155 198 220 
0.607724249 0.0111819506 0.359952867 155 196 216 
0.607873142 -0.000854879618 0.405746132 144 187 208 
0.609506667 -0.000277549028 0.405463606 144 187 208 
0.56173569 0.232309043 0.01407893 146 190 221 
0.513811767 0.245970353 0.0267767236 131 178 214 
0.559438944 0.237494424 0.0618985966 132 180 212 
0.609514892 -0.000345647335 0.405842751 144 187 208 
0.559297025 0.237399206 0.0694734529 132 180 212 
0.559605479 0.231695473 0.118694328 137 185 215 
0.56212312 0.217311084 0.162950307 139 188 218 
0.530542076 0.222694173 0.169348955 143 192 222 
0.56148392 0.217286393 0.192571968 143 190 220 
0.561099052 0.216843024 0.215165764 146 193 222 
0.56368959 0.202172488 0.259258032 146 192 219 
0.562799811 0.201176792 0.31117174 155 200 223 
0.567244887 0.179219127 0.351096123 163 202 223 
0.558315098 0.179250956 0.35209468 163 201 222 
0.567338884 0.178216964 0.357917845 161 200 222 
0.568679214 0.169091672 0.397786885 142 185 209 
0.570638418 0.156901568 0.443297833 129 173 201 
0.568371594 0.163019776 0.479379863 129 170 197 
0.567108691 0.166278988 0.501144528 128 167 194 
0.623824537 0.0756005943 -0.287421584 159 202 221 
0.649273872 0.0943542421 -0.30888617 160 204 223 
0.647715926 0.0979990363 -0.277862459 160 204 223 
0.625856519 0.0944464505 -0.225035399 179 223 238 
0.645143211 0.104718089 -0.234412342 173 218 234 
0.650819421 0.0768209696 -0.185009003 160 200 222 
0.65016973 0.0798346102 -0.188669652 162 202 223 
0.618250072 0.0469256639 -0.145335168 159 203 223 
0.650875807 0.0763392448 -0.182244182 160 200 222 
0.644278824 0.10701248 -0.220223993 173 217 235 
0.635466397 0.0922866166 -0.122551195 179 219 236 
0.644483149 0.0979011953 -0.128355533 175 215 234 
0.646464288 0.0721087456 -0.0823786929 166 210 229 
0.611771166 0.0408717096 -0.0432014093 168 208 225 
0.643757582 0.100077033 -0.119224392 176 215 235 
0.648978174 0.0750720501 -0.081042923 166 210 229 
0.645463049 0.0843922794 -0.0232290104 178 220 233 
0.634005904 0.0646074712 0.0196248218 174 213 228 
0.64555943 0.0824880004 -0.00649637729 179 220 233 
0.617356479 0.217288926 -0.209634066 153 194 217 
0.617613494 0.211787313 -0.160297558 157 195 219 
0.604976296 0.212974057 -0.158263311 157 196 220 
0.617215812 0.212716624 -0.152367026 155 194 219 
0.644756079 0.082678169 0.0282737538 182 220 233 
0.645567536 0.0749977231 0.0763640776 181 221 235 
0.642447591 0.0621649325 0.122083582 167 209 227 
0.646760046 0.0664596856 0.116493575 170 212 229 
0.617064297 0.209453434 -0.10914927 146 188 215 
0.615874588 0.20963642 -0.0565614179 149 192 218 
0.613377154 0.210521623 -0.0558054373 150 193 218 
0.615687847 0.210196167 -0.0542082712 149 192 218 
0.646674812 0.0661553442 0.123789825 169 211 228 
0.645531178 0.0661571026 0.176273972 168 209 228 
0.648602605 0.0495968163 0.219285429 159 201 222 
0.609430909 0.0268478096 0.263572246 162 206 227 
0.648859203 0.0459834337 0.247660011 163 205 224 
0.613993645 0.212535232 -0.00242025405 151 194 220 
0.585877597 0.222219557 0.00593747944 155 196 223 
0.612296104 0.216901958 0.0269901082 150 194 220 
0.648094535 0.0471013188 0.270341277 172 212 229 
0.650055647 0.0349039435 0.315848142 163 202 220 
0.651821494 0.02347368 0.361793727 163 202 219 
0.65378648 0.0115065575 0.404563487 164 199 215 
0.611254513 0.218806088 0.0536495522 144 190 219 
0.564617157 0.235427618 0.0678163096 134 181 213 
0.61097765 0.215402171 0.104185827 137 186 217 
0.598552406 0.220801592 0.108488418 137 185 216 
0.610033691 0.218016997 0.118465789 137 186 216 
0.653865159 0.0109517574 0.407114893 164 199 215 
0.608614922 0.220193997 0.159409732 138 186 217 
0.607922733 0.21842207 0.210879445 139 188 218 
0.6073668 0.218449235 0.210955292 139 188 218 
0.607911348 0.218438834 0.211215764 139 188 218 
0.608060241 0.213389963 0.260484487 141 185 213 
0.609065831 0.204946905 0.308138609 138 182 209 
0.613176644 0.184302658 0.348814189 125 169 199 
0.613415301 0.181107253 0.373366982 128 172 201 
0.614073157 0.176288277 0.396713555 132 177 203 
0.615692317 0.16543448 0.442988843 125 168 197 
0.617171884 0.155128986 0.48957774 112 150 179 
0.595822811 0.161003768 0.495119542 118 156 184 
0.616676986 0.154875636 0.515113413 114 151 177 
0.694786251 0.100036651 -0.298569709 162 204 222 
0.695080817 0.0974512696 -0.28336522 157 201 221 
0.693535864 0.0990299582 -0.229979098 158 200 219 
0.664591789 0.103822023 -0.224191695 171 214 231 
0.654103577 0.0784436166 -0.184487194 160 200 222 
0.692967057 0.0989576876 -0.203060851 158 202 221 
0.691848457 0.101168543 -0.17627278 158 202 221 
0.692773461 0.0930422544 -0.12843743 165 207 225 
0.658682048 0.0979058146 -0.122045524 175 215 233 
0.691176474 0.0977373123 -0.107291959 168 210 227 
0.662217021 0.231014282 -0.258766323 126 167 197 
0.689559817 0.101177573 -0.0713012144 158 202 223 
0.661165893 0.0940211713 -0.0197165385 173 217 232 
0.687671363 0.105004013 -0.0271247402 157 205 225 
0.662709594 0.224646136 -0.210615546 132 175 201 
0.664595008 0.212745935 -0.164938748 131 174 202 
0.663302302 0.215557009 -0.136826158 130 173 201 
0.68700701 0.106716424 -0.0156500861 157 205 225 
0.68851769 0.09628883 0.0308689699 162 204 223 
0.671017051 0.0919198096 0.0827729031 173 216 231 
0.686404407 0.101191372 0.0734094307 165 210 227 
0.662997425 0.2145316 -0.111434259 132 174 202 
0.66313237 0.209509611 -0.0618234202 132 176 206 
0.662300587 0.210431308 -0.0338781998 128 173 203 
0.685330391 0.104320377 0.0879458264 167 212 229 
0.688103795 0.0889314115 0.131627202 166 206 225 
0.686902046 0.0891614854 0.18424198 171 210 230 
0.691133618 0.0680427849 0.22464624 164 202 223 
0.691518068 0.0657917857 0.232009113 162 201 221 
0.661873221 0.209965318 -0.00907959789 130 174 204 
0.662064493 0.204721987 0.0404046252 134 179 209 
0.639975905 0.212473854 0.0470487848 135 181 211 
0.660600603 0.208762258 0.0627154186 132 178 208 
0.692091942 0.0597855747 0.272406608 156 200 218 
0.69439292 0.0462526679 0.317149639 152 195 213 
0.697706819 0.0287397206 0.35961619 160 199 217 
0.697956026 0.0238366127 0.402659744 172 207 223 
0.659239471 0.21133022 0.0966673866 132 178 207 
0.657147408 0.215771928 0.143355131 130 176 208 
0.697831392 0.023758322 0.4092502 172 207 223 
0.656518579 0.217529386 0.152696222 129 175 207 
0.656969488 0.211265817 0.201596916 127 172 202 
0.65678066 0.207516134 0.251935452 124 169 199 
0.656675279 0.207544178 0.251962274 124 170 199 
0.656778216 0.207515091 0.252058953 124 169 199 
0.656998158 0.202169567 0.301360637 124 168 195 
0.658680797 0.191066444 0.347493321 129 173 199 
0.659643531 0.183245689 0.390198231 129 173 199 
0.659826994 0.182070792 0.394831449 129 173 199 
0.661044836 0.172793746 0.442008525 120 161 189 
0.662917733 0.160942912 0.487713546 119 157 181 
0.661736608 0.162799388 0.521309614 118 156 180 
0.73985821 0.107899249 -0.292261034 147 187 207 
0.739492893 0.108506143 -0.282231808 148 188 208 
0.738963187 0.106095493 -0.231127411 154 192 212 
0.739232659 0.100911438 -0.185890049 155 195 214 
0.739111602 0.101020634 -0.181546837 154 194 213 
0.739153683 0.0963634253 -0.131727338 152 192 212 
0.738089263 0.0964870155 -0.0842312798 149 193 214 
0.708652318 0.232127935 -0.24005121 121 163 192 
0.737834334 0.0970558822 -0.0788481012 148 192 214 
0.736077249 0.099467963 -0.0249853358 153 197 219 
0.703022957 0.104152411 -0.0188048109 157 204 224 
0.735740542 0.0980292261 0.00645919889 157 200 222 
0.70766443 0.233568087 -0.210702062 119 162 192 
0.709076703 0.223527104 -0.163961858 129 168 196 
0.707798302 0.226270735 -0.135758638 126 168 195 
0.73533088 0.0979089439 0.0266061202 157 199 222 
0.733177602 0.101877719 0.0813592747 158 201 224 
0.71355319 0.102215379 0.0836994126 162 206 226 
0.733111382 0.100960106 0.0945968255 163 205 226 
0.707256019 0.226189315 -0.109956048 124 165 192 
0.706302702 0.225443214 -0.0578995869 128 167 195 
0.70612371 0.224476099 -0.0389340892 129 168 195 
0.732828021 0.0987595618 0.132059038 170 209 228 
0.733289003 0.0924563706 0.180937022 155 197 221 
0.73730588 0.0721812844 0.221823782 156 197 218 
0.737865329 0.0673413575 0.249922872 153 195 216 
0.706727743 0.219281465 -0.00894064456 130 167 194 
0.705354214 0.220186532 0.0440601781 125 166 197 
0.705402553 0.217961624 0.0665667728 124 164 195 
0.73674047 0.0699111819 0.273008555 152 195 216 
0.738225579 0.0595840514 0.319585115 154 193 212 
0.742000103 0.04026106 0.361016423 151 192 212 
0.742404044 0.0347878933 0.40329051 150 189 208 
0.705074906 0.21679239 0.0946020558 126 165 194 
0.701726913 0.226072446 0.145182222 124 166 197 
0.742230415 0.0348643064 0.410412878 150 188 208 
0.701520503 0.226266325 0.152503878 124 166 196 
0.703261673 0.214933038 0.198504955 121 165 193 
0.702024698 0.215301856 0.251199037 115 156 187 
0.702022314 0.214525521 0.259934098 116 157 188 
0.701468706 0.212994561 0.302362591 121 161 188 
0.705724299 0.191781491 0.34271282 119 160 187 
0.707344532 0.180923313 0.388985664 120 162 190 
0.665150523 0.182269901 0.394354761 129 172 198 
0.707279623 0.178414792 0.419841081 123 163 188 
0.707758665 0.174804389 0.437969059 123 162 186 
0.709913611 0.161845386 0.483040243 113 152 178 
0.746744275 0.105352491 -0.284744203 149 188 209 
0.741936207 0.0997028947 -0.182574034 155 195 214 
0.782905161 0.0867792964 -0.141748697 164 202 221 
0.742556393 0.0953671932 -0.0802856311 149 193 215 
0.751317024 0.0930018127 0.0221800581 159 202 223 
0.769956529 0.0930275917 0.12486095 161 205 226 
0.759060979 0.063064754 0.266831428 153 194 214 
0.748386741 0.0331554711 0.408806771 151 190 209 
0.716466308 0.226502031 0.150989741 121 161 191 
0.710910261 0.220671386 0.253143609 112 153 184 
0.743715465 0.224125847 0.356133044 119 157 182 
-0.762261868 0.247906536 0.0633386448 132 175 200 
-0.713086426 0.235753149 0.103681184 131 174 203 
-0.76089704 0.2380521 0.110185541 122 164 190 
-0.714297652 0.23602058 0.156317323 134 178 209 
-0.716381371 0.236567438 0.156843781 134 178 208 
-0.761939645 0.240623206 0.129480749 124 165 192 
-0.714327872 0.235912904 0.15890187 134 178 208 
-0.73058331 0.0919907093 0.341544092 158 197 216 
-0.68193841 0.0819219649 0.383078963 167 205 221 
-0.730099857 0.0855993927 0.39037177 149 186 206 
-0.682079077 0.0779828131 0.433309108 166 203 220 
-0.706086636 0.0791803896 0.436598688 156 193 211 
-0.73018831 0.0834402144 0.418426424 146 183 203 
-0.680788457 0.0698779523 0.464119881 155 193 213 
-0.762908161 0.241462588 0.164619356 132 173 198 
-0.714024127 0.230453908 0.205616593 131 174 203 
-0.762661755 0.236002564 0.213979632 122 162 189 
-0.715472937 0.231654942 0.258786708 133 176 206 
-0.716816306 0.231976375 0.259109169 133 176 206 
-0.763328433 0.23741357 0.228906423 119 159 188 
-0.715522945 0.231743857 0.260091215 133 176 206 
-0.729834139 0.0800635815 0.439688653 145 182 201 
-0.680528224 0.0673973858 0.479737967 149 188 208 
-0.726656377 0.0630855858 0.482461244 151 186 204 
-0.676834166 0.0483907461 0.521350205 161 196 213 
-0.723775208 0.04727301 0.525900364 152 185 202 
-0.675904512 0.04024598 0.569174945 154 188 205 
-0.721137047 0.0324152112 0.569885552 147 180 197 
-0.763569713 0.235078231 0.26593411 120 161 190 
-0.71572274 0.228144541 0.309262067 130 174 200 
-0.762182057 0.225133821 0.312729567 120 162 189 
-0.714116693 0.217342034 0.35556671 122 165 194 
-0.741959214 0.221404895 0.360836416 116 157 186 
-0.76262027 0.223823056 0.347414941 114 155 184 
-0.7119838 0.204469711 0.400687516 128 173 199 
-0.715241015 0.205032006 0.401351303 128 173 198 
-0.71053952 0.196989149 0.417505354 129 173 198 
-0.762466908 0.221761331 0.363283843 114 154 183 
-0.759744287 0.206571653 0.40707919 129 170 196 
-0.708261311 0.185351163 0.442235738 131 174 197 
-0.75399518 0.179490238 0.444073051 131 172 192 
-0.705202579 0.168840975 0.485275835 138 178 199 
-0.749262989 0.156404346 0.483352154 136 171 192 
-0.702136695 0.152302384 0.528299749 132 168 189 
-0.746810138 0.142274827 0.527753949 135 172 192 
-0.698494077 0.133498043 0.570027709 129 166 186 
-0.743908226 0.126380622 0.571146309 138 173 192 
-0.696754873 0.122172266 0.616033018 144 179 195 
-0.740838051 0.109825402 0.614160657 146 180 196 
-0.66627425 0.237377256 0.0994206294 136 180 210 
-0.666014373 0.231864363 0.148750663 139 184 211 
-0.668036878 0.237740591 0.1763044 133 178 208 
-0.634825587 0.0778728127 0.428056747 178 216 229 
-0.631314397 0.0595847666 0.470079988 175 211 224 
-0.66823858 0.0655014217 0.477356106 156 195 213 
-0.631408811 0.0564158559 0.50962925 166 205 220 
-0.669179022 0.239807129 0.205776751 131 176 208 
-0.666181207 0.223536223 0.24895367 137 181 210 
-0.667501748 0.22500661 0.293238431 130 175 205 
-0.631171167 0.0545301735 0.519672215 163 202 217 
-0.629817545 0.0447196364 0.566544175 159 194 210 
-0.668091357 0.226549625 0.303160399 130 175 205 
-0.667415679 0.219402865 0.351555973 128 172 201 
-0.704196274 0.207705319 0.401591867 128 173 199 
-0.668626189 0.220488518 0.395069361 128 173 201 
-0.668729782 0.220074609 0.404423326 130 174 202 
-0.664111435 0.197436213 0.443958372 132 177 201 
-0.660116494 0.177247196 0.484894305 125 167 190 
-0.657398641 0.162076265 0.528700531 126 167 191 
-0.654443502 0.145973146 0.571973443 132 170 191 
-0.651220858 0.128818661 0.614645004 129 168 187 
-0.61883086 0.232029259 0.143655539 149 192 219 
-0.619308412 0.229413986 0.194642872 142 186 216 
-0.634507477 0.233544618 0.198560089 135 179 212 
-0.619581521 0.228854015 0.213402689 140 184 215 
-0.585096836 0.0635452867 0.467155784 182 221 233 
-0.582473159 0.0487443507 0.511173487 170 208 223 
-0.622699499 0.053684026 0.518280983 166 205 220 
-0.581145644 0.0390364826 0.558104217 161 196 212 
-0.588466585 0.0391300023 0.558959544 161 196 212 
-0.581194222 0.0388200581 0.562737465 161 197 213 
-0.620398641 0.229205862 0.247006983 139 185 214 
-0.618779421 0.218351543 0.293282002 138 183 213 
-0.654498637 0.224220127 0.300399512 130 175 206 
-0.61961931 0.218956262 0.325122952 131 177 208 
-0.619986475 0.218602508 0.345908731 133 179 208 
-0.619753897 0.213196918 0.39530012 140 186 211 
-0.655727088 0.219436958 0.402647614 131 177 204 
-0.61951822 0.208371118 0.438106805 137 183 208 
-0.619277179 0.206831932 0.444142848 137 183 208 
-0.61542958 0.187222183 0.485410124 134 179 204 
-0.61302346 0.173275948 0.529916763 133 175 199 
-0.611227036 0.161725551 0.575793624 131 174 198 
-0.607013106 0.14067629 0.616237581 136 175 196 
-0.573342085 0.238853037 0.142368942 146 194 226 
-0.572685838 0.231782749 0.190808237 146 192 222 
-0.573391736 0.231182829 0.229883999 150 196 225 
-0.535446942 0.0495271385 0.506431758 174 214 230 
-0.534549236 0.0415079594 0.554328322 162 202 218 
-0.534241438 0.0373718441 0.586162031 162 199 214 
-0.574012637 0.23250401 0.243703932 151 197 226 
-0.573757648 0.227010652 0.293045163 151 196 222 
-0.5725559 0.217796654 0.34025836 155 200 224 
-0.58438319 0.218351245 0.341859728 149 194 219 
-0.5726192 0.217273548 0.348978549 154 199 222 
-0.572214186 0.211962074 0.389404386 151 195 218 
-0.57234329 0.207977787 0.439608783 156 200 217 
-0.610243857 0.207606018 0.443571299 140 186 209 
-0.572541356 0.206803188 0.461751312 152 197 215 
-0.571834683 0.201487452 0.488379747 148 194 214 
-0.569042861 0.186025798 0.532019615 142 187 209 
-0.566730201 0.172447115 0.576736391 138 181 202 
-0.563162446 0.153936654 0.618632436 145 186 206 
-0.52915597 0.250795722 0.144010156 142 192 227 
-0.528495073 0.243707061 0.19243893 143 192 225 
-0.528528273 0.240077585 0.234295279 142 193 225 
-0.485646278 0.0349169672 0.545369089 163 205 223 
-0.528535783 0.239375234 0.242444485 143 194 226 
-0.529019475 0.23678413 0.293445677 140 187 217 
-0.528863907 0.231680825 0.343010008 140 187 218 
-0.528858781 0.231629103 0.343351364 140 187 218 
-0.527086258 0.220204204 0.388929069 142 189 218 
-0.526594996 0.213782087 0.437739104 153 197 220 
-0.527261138 0.213635549 0.469953924 155 197 217 
-0.5271824 0.211598441 0.48897329 155 197 217 
-0.524565578 0.196824372 0.53300643 151 194 211 
-0.521430433 0.180013865 0.575874746 157 197 214 
-0.520489812 0.171826303 0.623674989 148 185 203 
-0.485350788 0.264235169 0.146507442 140 191 228 
-0.485318899 0.259617954 0.19634977 145 194 229 
-0.485574573 0.258426636 0.221326947 143 192 229 
-0.48503679 0.25401777 0.245629877 143 193 230 
-0.483001918 0.241530389 0.290970832 143 194 229 
-0.528327286 0.231919169 0.343080699 140 187 218 
-0.485449374 0.247722208 0.334530115 141 191 224 
-0.485794663 0.248012036 0.347161263 141 190 224 
-0.483098209 0.232925072 0.391015351 143 191 219 
-0.482222587 0.224992752 0.438961595 142 186 213 
-0.482794762 0.224495813 0.47075209 142 186 211 
-0.482751191 0.222577974 0.490063637 145 189 214 
-0.480484813 0.209181026 0.534884453 151 193 213 
-0.478847921 0.198257387 0.581119776 151 191 209 
-0.476090461 0.182930738 0.624836802 146 187 209 
-0.475220561 0.176915556 0.651743174 134 175 197 
-0.442014039 0.279515117 0.150057405 144 195 233 
-0.441515982 0.273066252 0.198852122 148 198 234 
-0.441908181 0.273247451 0.214844495 146 197 233 
-0.441568762 0.2687819 0.248884827 144 195 232 
-0.439836144 0.257482171 0.294905096 147 198 235 
-0.440954924 0.258443773 0.33558321 144 195 230 
-0.440892249 0.25714013 0.347192615 143 194 228 
-0.439228892 0.246112451 0.393368453 145 194 225 
-0.437319189 0.234116882 0.438990742 148 191 220 
-0.437360197 0.230563417 0.480360478 147 192 217 
-0.437495828 0.230319232 0.489301771 147 191 216 
-0.435899675 0.219555661 0.535628796 149 191 211 
-0.43453753 0.209711716 0.582481623 143 186 208 
-0.432801038 0.198396623 0.628493071 141 183 207 
-0.431947231 0.193682283 0.641683638 135 176 201 
-0.397575378 0.290465415 0.151131034 149 201 238 
-0.412095517 0.287377954 0.203404576 149 199 235 
-0.399243295 0.293026179 0.199248075 149 200 236 
-0.399379253 0.293061376 0.205098957 149 199 235 
-0.399287492 0.288209021 0.254806787 144 195 232 
-0.397915214 0.2783252 0.301636875 144 195 232 
-0.398068875 0.277127624 0.32199946 144 195 231 
-0.397315741 0.271477878 0.350203723 146 197 230 
-0.395635068 0.260382414 0.396340758 148 194 225 
-0.394917846 0.253072232 0.444642872 148 193 223 
-0.39445743 0.249164507 0.46692881 146 189 219 
-0.393322587 0.242312372 0.490971893 148 188 217 
-0.391210437 0.229521334 0.53613925 137 181 208 
-0.389314055 0.217578188 0.581791461 146 191 215 
-0.397590607 0.208911806 0.630344033 140 180 203 
-0.388890028 0.211518839 0.629657447 140 180 203 
-0.388863802 0.211317182 0.630693614 139 180 203 
-0.354846537 0.312625766 0.106133111 146 200 236 
-0.355121434 0.309214056 0.156664938 150 203 240 
-0.355987489 0.309879661 0.189029038 149 202 238 
-0.356185913 0.308904767 0.208971202 148 200 236 
-0.357054651 0.307826489 0.260837615 143 194 229 
-0.367420375 0.293705434 0.306652576 145 196 231 
-0.356304586 0.301364779 0.298207194 145 196 230 
-0.355868012 0.29867214 0.308084935 146 197 231 
-0.354104519 0.287251055 0.354035795 146 194 228 
-0.35419637 0.283120096 0.404156238 143 189 220 
-0.376126587 0.264272511 0.448670775 140 186 216 
-0.354071409 0.280224651 0.430593997 138 184 214 
-0.353041708 0.274091303 0.451475352 137 183 212 
-0.349416763 0.255356252 0.493242949 137 182 209 
-0.345233798 0.234428585 0.533756495 136 181 211 
-0.342436969 0.218947202 0.577385008 136 181 209 
-0.342029452 0.212854177 0.626383245 138 182 207 
-0.386938155 0.211490154 0.630576074 139 180 203 
-0.339994222 0.200451761 0.670764089 123 166 195 
-0.310850382 0.325314552 0.108201034 155 208 238 
-0.323075235 0.331764519 0.165410638 152 208 240 
-0.314517856 0.335575193 0.162555873 153 209 240 
-0.314797521 0.336332113 0.16698575 152 208 239 
-0.312760234 0.323835164 0.212321222 144 196 235 
-0.314074337 0.324506819 0.265188545 146 197 232 
-0.3135463 0.320680857 0.283461213 148 200 232 
-0.312001437 0.311870098 0.310444117 150 201 233 
-0.310377508 0.300997525 0.356708676 146 194 225 
-0.309010565 0.291134477 0.403550625 150 194 222 
-0.307326615 0.280026019 0.449680299 139 181 211 
-0.311921716 0.279812843 0.450069278 138 181 211 
-0.302154124 0.255210221 0.487969905 129 176 211 
-0.315638155 0.256073475 0.489921242 129 176 209 
-0.298670471 0.237030357 0.530055106 130 176 209 
-0.300075382 0.237000495 0.530193269 130 176 209 
-0.298464268 0.235933468 0.53277576 131 176 209 
-0.2953825 0.21961917 0.572579861 137 184 209 
-0.293538332 0.207881182 0.618349433 133 178 206 
-0.265176296 0.331410527 0.106498204 152 207 238 
-0.266812682 0.333348393 0.160089731 154 208 240 
-0.303373605 0.336533159 0.165839791 153 209 240 
-0.267840326 0.335489661 0.183475375 151 205 238 
-0.268792033 0.33663404 0.214452118 148 199 234 
-0.268393397 0.330575824 0.263470262 154 204 236 
-0.268516749 0.328753531 0.289383709 150 201 234 
-0.267760158 0.323595971 0.311961323 150 202 233 
-0.264078647 0.304638505 0.353601694 149 198 230 
-0.263113797 0.296355546 0.401347369 147 194 225 
-0.259005129 0.275719702 0.442027777 146 193 223 
-0.255164891 0.256138623 0.483311504 138 184 216 
-0.25055927 0.233550131 0.52287513 129 176 211 
-0.247278839 0.216168731 0.565416932 141 187 212 
-0.282578886 0.218395591 0.570507288 137 183 209 
-0.245693982 0.205686048 0.609141171 128 174 206 
-0.245629102 0.205194682 0.611623406 128 173 206 
-0.221405804 0.34498623 0.109073408 160 214 243 
-0.219723776 0.333885252 0.155207336 160 214 241 
-0.222542226 0.342232913 0.191841722 154 208 238 
-0.223582655 0.344556004 0.213793665 151 203 234 
-0.221182078 0.330631673 0.258312732 153 204 236 
-0.221036658 0.325568527 0.307900041 152 201 233 
-0.233208969 0.326190412 0.309575915 151 201 233 
-0.220331684 0.32120502 0.324022263 152 200 233 
-0.218471318 0.310996771 0.352048874 154 202 234 
-0.215478167 0.294744194 0.395236284 149 196 228 
-0.212662816 0.279190063 0.438823193 140 189 223 
-0.208483472 0.258276641 0.479344815 139 186 218 
-0.203996122 0.236152798 0.519174278 133 181 216 
-0.199994102 0.215936124 0.560094416 145 194 220 
-0.1976282 0.20214805 0.604691446 140 185 214 
-0.243782878 0.204946056 0.611285269 128 173 206 
-0.197150975 0.196365744 0.647036731 125 168 199 
-0.179695889 0.371150196 0.0663653538 174 229 246 
-0.173413277 0.337480545 0.152074218 163 214 241 
-0.173851058 0.334708869 0.202972114 165 215 239 
-0.192610666 0.340502739 0.208185345 159 210 238 
-0.175005361 0.337893158 0.22058171 163 212 238 
-0.175377443 0.336214632 0.256316483 164 210 237 
-0.170990467 0.314485252 0.29637146 168 215 241 
-0.170895755 0.309621364 0.346072704 155 200 230 
-0.199646443 0.311474144 0.350239933 152 199 231 
-0.170308024 0.304554582 0.375392646 150 197 229 
-0.169447973 0.299440831 0.392733067 150 198 229 
-0.16618377 0.282123119 0.435311347 145 193 224 
-0.162195861 0.261961758 0.476263136 138 186 221 
-0.158370107 0.242437601 0.517579436 136 183 219 
-0.154386804 0.222294375 0.558541536 140 189 219 
-0.151819885 0.207716465 0.602686822 135 182 214 
-0.14151898 0.411196232 0.0315972269 167 218 244 
-0.137669772 0.391579926 0.0728607699 170 224 245 
-0.132408112 0.366413713 0.11095003 179 232 248 
-0.130188048 0.353198737 0.155874848 181 230 249 
-0.12684983 0.335590184 0.198286712 166 218 243 
-0.128062338 0.336493313 0.243917316 164 213 238 
-0.128128573 0.336122841 0.251074523 163 211 236 
-0.125417903 0.320980132 0.294896781 172 217 240 
-0.12306463 0.307241738 0.339522213 161 208 235 
-0.119071588 0.287060231 0.380462468 166 210 239 
-0.160650641 0.298072994 0.391022265 152 200 231 
-0.116864555 0.273896426 0.425416559 147 198 230 
-0.141689509 0.279822528 0.431368262 147 197 228 
-0.116308443 0.268221647 0.462944895 137 185 220 
-0.115916803 0.265680671 0.473200709 134 182 217 
-0.11269898 0.2485452 0.515883207 135 183 218 
-0.107131571 0.222177625 0.55328536 144 190 219 
-0.104165249 0.206030369 0.596533 135 183 212 
-0.101835206 0.4453215 -0.00655731559 171 220 245 
-0.0985374749 0.427872032 0.035945572 165 216 240 
-0.095415771 0.411114246 0.0788440332 168 217 241 
-0.0927573889 0.396176964 0.122783788 168 221 244 
-0.0890130177 0.376972586 0.164282918 166 222 245 
-0.0858418494 0.360020459 0.207070231 181 230 247 
-0.0809135884 0.336164236 0.245908737 173 222 243 
-0.10065335 0.339920551 0.250121266 171 220 242 
-0.0748059899 0.30767411 0.282096863 166 216 240 
-0.0977768302 0.317776978 0.290116876 170 217 242 
-0.0725525171 0.294327855 0.326946586 169 215 242 
-0.0848959386 0.298054874 0.330330431 171 217 243 
-0.071566239 0.287801504 0.354188621 171 216 243 
-0.0708103329 0.282990545 0.372945338 169 214 241 
-0.0664023459 0.261178613 0.412953109 152 202 236 
-0.0653033257 0.25236851 0.460397273 150 199 231 
-0.110481411 0.26453644 0.471980959 136 184 218 
-0.0651134625 0.247130662 0.509884715 137 184 220 
-0.0796823055 0.249151304 0.512584805 136 183 218 
-0.061248444 0.227452219 0.551112711 146 192 222 
-0.0837303251 0.225331694 0.552429616 145 191 221 
-0.0565927699 0.204667062 0.590563774 133 179 213 
-0.0721741319 0.205288947 0.592614233 132 178 212 
-0.056214422 0.201718569 0.605958223 128 174 208 
-0.0655718595 0.416931272 0.131086558 165 216 242 
-0.0789880306 0.390844166 0.170727283 166 221 245 
-0.0822847337 0.367206395 0.210588425 179 229 247 
-0.0786649138 0.345242709 0.250600219 176 225 245 
-0.0610197335 0.326673776 0.290917516 167 218 241 
-0.0601936951 0.281194031 0.370801419 169 215 242 
-0.0576521493 0.258969367 0.410789758 156 205 238 
-0.0317597128 0.242396623 0.451286703 156 203 236 
0.901585519 0.0327778459 -0.3935965 171 206 219 
0.950380385 0.0266115665 -0.402312815 165 203 217 
0.854814291 0.0164894164 -1.0256083 226 241 244 
0.878070474 -0.0109762847 -0.990747333 168 191 208 
0.874138355 0.00597879291 -0.998633146 178 202 215 
0.877873242 -0.0125105679 -0.964644551 158 189 205 
0.873332143 0.00314989686 -0.930184603 150 180 192 
0.874166071 -0.00424304605 -0.886317015 234 248 248 
0.832558632 0.0706504285 -0.941342175 147 168 178 
0.873992443 -0.00393635035 -0.881754398 235 248 249 
0.868219435 0.0151103139 -0.828368425 124 151 164 
0.797537088 0.126207441 -0.959628999 123 149 160 
0.850105405 0.0989052951 -0.927900016 137 165 178 
0.825071514 0.110032111 -0.919096291 117 147 163 
0.852435112 0.0932496488 -0.972010076 137 159 169 
0.847688377 0.106663465 -0.90314281 131 160 176 
0.824651003 0.0414108932 -0.799306512 136 165 178 
0.855539858 0.0677951872 -0.831692159 136 163 177 
0.848636568 0.100185007 -0.87468493 147 175 188 
0.844146788 0.114111036 -0.82330811 132 164 179 
0.853030384 0.0739368498 -0.784731328 152 182 192 
0.862651765 0.0316401422 -0.756439924 183 217 222 
0.862668812 0.0270814896 -0.706564128 183 217 225 
0.865732729 0.0105506778 -0.663535833 180 210 221 
0.865400612 0.00889524817 -0.629892468 185 219 228 
0.843300939 0.11665827 -0.812779784 131 162 177 
0.839178503 0.128621489 -0.756456733 153 185 198 
0.86448276 0.0109704733 -0.610812545 185 219 229 
0.861020148 0.0204955637 -0.557691514 155 190 208 
0.838922739 0.129369408 -0.753026366 152 184 197 
0.837869287 0.129016846 -0.700744927 126 160 176 
0.797458053 0.135570616 -0.692739069 123 158 176 
0.835863531 0.13494727 -0.67456001 114 148 167 
0.860649109 0.0215420425 -0.552282929 154 188 207 
0.814476728 0.0483305454 -0.532636583 143 177 196 
0.855914056 0.0356882513 -0.492094606 157 191 207 
0.833519518 0.141616404 -0.641055346 112 147 167 
0.855888963 0.0357539952 -0.491671145 157 191 207 
0.92325455 -0.00295546651 -0.99134922 190 212 219 
0.921892107 0.000565499067 -0.967919707 191 216 224 
0.9150213 0.0293954313 -0.972845972 193 223 229 
0.877696276 0.0403818786 -0.962767959 154 189 202 
0.917660534 0.0145332515 -0.928863287 191 209 216 
0.912836194 0.0353114903 -0.938266814 193 215 221 
0.921925843 -0.00671827793 -0.888535023 110 138 149 
0.875720501 -0.00577604771 -0.882945061 237 251 251 
0.922590315 -0.0129756033 -0.849501848 139 166 177 
0.901148319 0.0839060247 -0.941668391 138 167 176 
0.864571452 0.0432544649 -0.973630548 159 189 201 
0.900063992 0.0884548128 -0.942433476 135 163 172 
0.905580223 0.062000066 -0.901714444 153 177 188 
0.900333583 0.0642150342 -0.899932981 147 172 183 
0.902913451 0.0743485987 -0.916502476 143 169 179 
0.906818449 0.0550171435 -0.880965829 139 167 178 
0.91019541 0.03829965 -0.850234509 131 162 173 
0.900012612 0.088368386 -0.93911612 132 161 170 
0.870854616 0.0982737839 -0.87816608 140 163 177 
0.907434464 0.050222218 -0.855967641 133 162 174 
0.867116213 0.0745290518 -0.838314533 139 165 179 
0.908127844 0.0385144055 -0.757697642 164 205 211 
0.907844722 0.0387074649 -0.757561505 164 205 211 
0.90806371 0.0387672484 -0.757568538 164 205 211 
0.908068359 0.038744539 -0.757526755 164 205 211 
0.874150157 0.117425442 -0.815752387 136 167 182 
0.89611578 0.0902045071 -0.780616403 165 195 202 
0.890488803 0.115686148 -0.80544126 145 175 188 
0.907736182 0.0355612636 -0.706903577 154 185 197 
0.911359727 0.0168318748 -0.665132701 178 211 219 
0.911287069 0.0127257109 -0.616171598 151 185 199 
0.889037848 0.118015617 -0.764709711 147 179 190 
0.846365511 0.129054397 -0.754015684 151 183 196 
0.886447608 0.125607103 -0.730153203 143 178 191 
0.911283851 0.0126381516 -0.61504817 151 185 200 
0.908120811 0.0205746591 -0.558025658 159 192 206 
0.867543697 0.0199812949 -0.553889632 154 189 206 
0.907657266 0.0206100345 -0.537139654 148 184 199 
0.885708869 0.12660405 -0.707314372 138 172 187 
0.881842077 0.138321757 -0.66000092 122 158 179 
0.906215906 0.0235676467 -0.503830671 146 183 199 
0.85623306 0.035597533 -0.49179408 157 191 207 
0.905508399 0.0218558908 -0.452326506 157 193 208 
0.891040504 0.0211826265 -0.451102942 156 192 208 
0.90541923 0.0216045976 -0.445442647 159 194 209 
0.87917304 0.147793055 -0.642712057 122 159 178 
0.969741762 -0.00454601645 -0.944965243 149 165 171 
0.962904394 -0.00302782655 -0.943387985 154 171 177 
0.96936816 -0.00347331166 -0.939732909 142 159 166 
0.946636021 0.0113885999 -0.881400466 129 157 166 
0.962139666 0.022226125 -0.893450022 114 138 144 
0.919562697 0.0917091668 -0.939447045 135 162 171 
0.953440368 0.0595063865 -0.908330202 93 109 117 
0.956880152 0.0482631028 -0.941313148 114 131 134 
0.911345959 0.0440406799 -0.859760165 132 161 173 
0.908084214 0.0387654603 -0.757556319 164 205 211 
0.957370102 0.0260984898 -0.717505276 123 157 177 
0.953947961 0.0270266533 -0.716624379 125 159 179 
0.956773102 0.0286234021 -0.71815908 127 161 181 
0.957501829 0.0250156224 -0.71152699 133 166 184 
0.940407693 0.101731628 -0.779212892 190 220 226 
0.936802566 0.117401093 -0.787831545 185 211 219 
0.945709527 0.0764072835 -0.741214156 188 222 229 
0.955059826 0.0306839943 -0.662399411 150 182 194 
0.961965024 -0.000940322876 -0.628003895 145 184 202 
0.913516164 0.0127545595 -0.615230203 150 184 199 
0.957143128 0.0167065561 -0.602727234 132 164 180 
0.935708821 0.120194346 -0.768653035 181 210 218 
0.932036817 0.130909175 -0.719137549 159 191 200 
0.95553726 0.0198242366 -0.56364435 140 173 189 
0.95608288 0.0131884515 -0.514956534 137 167 184 
0.937963426 0.0141860545 -0.5124228 133 167 184 
0.955567062 0.014424473 -0.505006552 139 170 186 
0.93129307 0.133053273 -0.708815217 159 192 202 
0.92614764 0.149978518 -0.660666943 152 191 206 
0.951694071 0.0259415507 -0.455179185 185 221 227 
0.951806128 0.02295807 -0.427168429 175 213 223 
0.923981965 0.15728873 -0.642470419 143 179 193 
0.959116757 0.0282776952 -0.716511786 124 159 179 
0.945860445 0.111942619 -0.774257481 187 216 224 
0.962929666 0.0932342112 -0.733952761 166 198 209 
0.992677152 0.0729289055 -0.695909858 130 164 180 
0.990838826 0.080886662 -0.699945629 131 166 181 
0.962311566 0.0474049449 -0.654100299 125 159 175 
0.99229902 0.0736581385 -0.686657667 128 163 179 
1.00262976 0.0248390436 -0.618448734 125 161 181 
0.999358833 0.0387090147 -0.622411549 121 157 176 
1.00108528 0.0301627219 -0.606701076 123 158 178 
0.940060437 0.128892809 -0.712041855 166 197 206 
0.980874479 0.120130211 -0.678560555 160 196 210 
0.988360822 0.0853966475 -0.636295736 139 176 193 
0.969173849 0.0445801616 -0.551675916 165 200 212 
0.990740001 0.0712913275 -0.588781238 146 179 195 
0.962841809 0.0202077031 -0.511880875 133 167 186 
0.977538884 0.132411182 -0.661888719 172 208 220 
0.952192843 0.15018329 -0.649435699 178 214 225 
0.975784719 0.135241866 -0.612814665 181 220 230 
0.985990584 0.0857263505 -0.531140804 152 187 202 
0.988562882 0.0676271021 -0.488911718 155 192 206 
0.988619387 0.0717048347 -0.496016115 154 191 205 
0.96719557 0.0396154225 -0.449444145 185 222 229 
0.97517556 0.137205362 -0.606663525 179 218 228 
0.977050841 0.125344753 -0.560964048 158 194 206 
0.983022749 0.0973879993 -0.524470866 149 184 199 
1.0405581 0.0703539848 -0.702572107 149 182 194 
1.03439403 0.0962578058 -0.707439721 160 187 197 
1.03743863 0.0811859369 -0.679733455 148 179 191 
1.00656009 0.0352752209 -0.613203526 117 152 172 
1.03094673 0.108119249 -0.680972099 155 190 204 
1.00086117 0.120769322 -0.670784593 153 192 208 
1.03410983 0.0911983848 -0.638166845 147 182 197 
1.0280931 0.117365807 -0.652716517 155 193 210 
1.00627279 0.0763995647 -0.590800762 140 171 186 
1.03451729 0.085563302 -0.594254732 135 164 175 
1.02624893 0.122086227 -0.620500445 152 192 207 
0.9790048 0.13383311 -0.608918786 177 217 228 
0.99155122 0.114030063 -0.568712533 165 200 211 
1.02987504 0.0988540947 -0.528821826 143 174 190 
1.02895546 0.103012115 -0.532805204 147 177 193 
1.02968502 0.0994000733 -0.526165247 144 175 191 
1.02731633 0.108908206 -0.523071289 147 179 195 
1.04377913 0.0899634361 -0.692258775 162 191 201 
1.03906775 0.107177198 -0.630019426 162 196 209 
1.0746882 0.108333558 -0.528589487 167 198 209 
1.07081413 0.126781851 -0.555738211 152 187 204 
1.07443237 0.108869642 -0.522810638 167 198 210 
1.07297373 0.115069598 -0.524736762 165 196 208 
1.07690144 0.111848652 -0.526920497 170 201 212 
-0.977688551 0.39255482 -0.305519849 132 166 182 
-0.97674495 0.384355545 -0.257726282 133 169 187 
-0.988993704 0.376141965 -0.208490819 126 166 185 
-0.979744196 0.394896746 -0.237165779 147 186 204 
-0.989099562 0.353276551 -0.168560177 128 164 183 
-0.975654721 0.333690941 -0.128334358 128 165 186 
-0.96119076 0.305271953 -0.0930258036 122 156 178 
-0.964071453 0.317309648 -0.0945392773 124 158 180 
-0.953895211 0.272113949 -0.059507478 124 159 180 
-0.960523963 0.291673571 -0.0481388643 130 168 189 
-0.961247504 0.303330064 -0.0688409507 126 162 183 
-0.982079625 0.400824875 -0.195823401 137 174 193 
-0.989850521 0.394288629 -0.146167576 135 178 201 
-0.984299362 0.407361835 -0.16655454 140 179 201 
-0.992115378 0.370900631 -0.10628394 129 168 191 
-0.96424073 0.317256182 -0.0861713663 123 157 179 
-0.990757108 0.348389506 -0.0663213953 124 160 181 
-0.986223578 0.326647013 -0.0262896866 126 160 180 
-0.983250976 0.400935799 -0.143276781 135 177 201 
-0.981041551 0.387762487 -0.0983281583 134 174 195 
-0.984509885 0.391095459 -0.0437763557 161 202 221 
-0.98337394 0.392695725 -0.0460687354 160 202 220 
-0.991966903 0.366450727 -0.00400582701 138 176 197 
-0.983382344 0.392468303 -0.0431534499 160 202 221 
-0.981017232 0.37868309 0.00144521892 135 174 195 
-0.922929466 0.353970021 -0.227811694 112 147 167 
-0.93297863 0.394375354 -0.215445012 119 153 172 
-0.915729463 0.316695869 -0.144164473 112 144 166 
-0.912592411 0.299877763 -0.101300478 113 150 170 
-0.960744679 0.31445995 -0.0880766362 122 157 178 
-0.907552421 0.275582314 -0.0627131909 116 152 173 
-0.934276044 0.39855364 -0.202311873 120 156 177 
-0.937850714 0.408409238 -0.147717685 120 159 183 
-0.937838078 0.408057988 -0.144392684 120 159 183 
-0.936510086 0.398348182 -0.0974630639 139 178 199 
-0.939596474 0.406966835 -0.0515407175 147 190 213 
-0.939746737 0.406573981 -0.0402751043 149 191 214 
-0.936926484 0.391000509 0.00330074877 150 192 215 
-0.922806859 0.392162055 -0.207049161 116 150 169 
-0.907473087 0.373033673 -0.166782215 132 164 182 
-0.882849813 0.356153727 -0.126312912 109 143 164 
-0.879223943 0.334191501 -0.0863009766 109 145 165 
-0.874382555 0.312523514 -0.0462625623 121 157 178 
-0.935415149 0.407464325 -0.144981876 120 158 182 
-0.912125409 0.39026165 -0.104541622 132 168 190 
-0.903354287 0.369544774 -0.0644176081 128 159 178 
-0.881360292 0.352028459 -0.0240055844 122 155 177 
-0.930193603 0.404242367 -0.0425932556 144 185 207 
-0.911031842 0.386040509 -0.00224292278 138 177 201 
-1.10905647 0.0811445415 0.53430593 187 219 230 
-1.11007404 0.0821397603 0.534959078 187 219 231 
-1.10955 0.0832829177 0.533193588 186 218 229 
-1.10920024 0.0815522373 0.536374986 188 220 231 
-1.10952139 0.0829711854 0.53535068 186 218 230 
-1.0460341 0.00992593169 0.595280766 122 157 175 
-1.06074953 0.0768952668 0.526686072 156 187 201 
-1.06535959 0.0955101252 0.531478882 172 202 216 
-1.05804408 0.0617729723 0.570519924 181 207 221 
-1.06753743 0.0695956051 0.575818539 194 220 232 
-1.04650784 0.0119522512 0.594507933 122 158 175 
-1.0685463 0.0465115607 0.615729511 157 194 205 
-1.05451858 0.0418421924 0.630135357 160 197 207 
-1.06539512 0.0951485932 0.537126124 174 204 218 
-1.06139433 0.0749367177 0.578049004 190 216 229 
-1.05926204 0.0620668232 0.62317121 154 191 204 
-1.06304955 0.0739894807 0.664565146 183 213 223 
-0.996150911 0.00414007902 0.53236711 108 146 165 
-0.99672246 0.00434818864 0.532543063 107 146 165 
-0.996433556 0.00545427203 0.530737758 109 147 166 
-0.996130943 0.00395622849 0.533491552 108 146 165 
-1.01357424 0.0815841854 0.471695155 166 195 207 
-1.02898347 0.0834131241 0.474383384 170 198 209 
-1.01516104 0.0880787075 0.472376674 168 196 208 
-1.0089978 0.0591103733 0.511324406 164 195 208 
-1.01868892 0.0630650222 0.514540613 161 191 205 
-0.996942878 0.00725194812 0.534146905 111 149 167 
-1.00950921 0.0600998104 0.523809612 164 195 208 
-0.999089301 0.00851663947 0.618633747 143 172 187 
-1.01527619 0.0882717073 0.475520104 166 195 207 
-1.01121998 0.0678422749 0.516318679 168 198 211 
-1.05606556 0.0952121019 0.536135495 174 205 218 
-1.00948215 0.0565218627 0.562327087 160 194 207 
-1.01747036 0.0894257724 0.563425899 174 210 222 
-1.00506067 0.0346570313 0.602304578 150 183 198 
-1.00946236 0.0497831404 0.636300027 161 195 209 
-1.01923084 0.0948267579 0.584235728 177 211 221 
-1.01374865 0.0687944889 0.621829629 152 189 205 
-1.01809406 0.0824286938 0.669813871 180 219 229 
-0.987714648 0.170893073 0.150933683 148 185 203 
-0.982152879 0.175832182 0.144772947 150 187 204 
-0.990823269 0.14730081 0.190798908 167 203 217 
-0.988753498 0.124961972 0.230776936 180 217 230 
-0.995791078 0.100418746 0.270556629 184 222 234 
-0.991311073 0.0786632597 0.310587168 175 213 226 
-0.988871455 0.0564139187 0.350573242 176 212 223 
-0.947306275 0.0112534463 0.373796612 166 205 218 
-0.987452686 0.0339174867 0.390537113 182 214 224 
-0.947677076 0.00821867585 0.424544007 169 205 218 
-0.984280348 0.0118454993 0.430539161 161 195 210 
-0.945851743 -0.00344547629 0.470355839 147 187 202 
-0.950410604 -0.00279641151 0.471209913 146 185 200 
-0.945796013 -0.0041501224 0.475630075 146 185 201 
-0.999974787 0.254135966 0.0928489044 145 184 200 
-1.00083899 0.254589975 0.0931908414 146 184 200 
-1.00027514 0.25546062 0.0919193998 145 184 200 
-0.999910414 0.253654778 0.0952390805 146 184 200 
-0.985800564 0.189458221 0.16082257 149 186 202 
-1.00133157 0.185951203 0.212978989 156 191 206 
-0.989755511 0.203383595 0.187651366 154 190 204 
-1.00665975 0.161821723 0.252795875 158 192 207 
-0.989344716 0.14317292 0.29310599 161 197 211 
-0.995451808 0.11885491 0.332905948 172 207 219 
-1.0052247 0.093649596 0.372626007 170 205 217 
-1.00066948 0.0719123185 0.412658215 189 226 235 
-0.99767983 0.0497961342 0.452656239 167 199 210 
-0.990657389 0.0286560059 0.492742211 152 188 201 
-0.94685781 -0.00398403406 0.522530973 153 187 201 
-0.94239974 -0.0259928107 0.56242615 169 201 213 
-0.962308228 -0.0101619363 0.573225617 149 182 197 
-1.00038648 0.255753398 0.0937739983 145 184 200 
-0.992623031 0.211773515 0.226069063 166 202 215 
-0.991056681 0.201127231 0.272463024 152 188 201 
-1.00124407 0.181486577 0.315255761 153 188 202 
-0.991510272 0.201985806 0.283746302 150 185 199 
-1.0206219 0.153956503 0.354766637 158 191 205 
-1.00507128 0.134880573 0.395038307 161 194 208 
-0.992112935 0.115177214 0.435253531 176 208 219 
-1.00045419 0.0446387827 0.554870784 156 188 202 
-0.995594859 0.022975117 0.594909549 154 186 199 
-0.991576791 0.198678732 0.323545784 148 186 202 
-0.986573339 0.174527287 0.36221543 158 194 207 
-0.98698616 0.171657622 0.413057297 171 208 224 
-0.98994267 0.156896383 0.457709759 163 196 208 
-0.986671507 0.167947143 0.439844221 168 203 217 
-0.985936761 0.135026127 0.497729987 151 186 200 
-0.997753024 0.109326273 0.53740561 166 202 214 
-0.985690415 0.162074298 0.460059255 159 193 206 
-0.983103335 0.147417307 0.504159331 151 185 198 
-0.98003763 0.1308797 0.547183752 166 201 212 
-0.976989925 0.114412636 0.590248466 167 205 216 
-0.992196679 0.106185287 0.639801502 180 214 224 
-0.97902149 0.119991332 0.621525705 180 216 225 
-0.978576362 0.116154402 0.643727899 183 216 225 
-0.948652804 0.24702327 -0.0213750266 128 167 184 
-0.96092236 0.268737316 -0.00821458548 131 168 187 
-0.941030324 0.212580994 0.0114087388 127 168 186 
-0.965709209 0.244738832 0.0316141173 134 175 193 
-0.959886014 0.223308474 0.0716739073 134 176 194 
-0.958601475 0.200779557 0.111634858 151 191 207 
-0.90111208 0.0153056085 0.370924771 184 218 228 
-0.901076913 0.0106756985 0.420759827 171 208 223 
-0.899376869 -0.000496029854 0.46685335 174 209 220 
-0.898446977 -0.00756016374 0.502661049 161 198 212 
-0.982270122 0.304764092 0.013729386 139 178 198 
-0.991549909 0.279678136 0.053460218 141 180 199 
-0.986896753 0.235124737 0.133427501 150 190 204 
-0.98432368 0.212907702 0.173416495 153 190 203 
-0.898477435 -0.00852182508 0.51474613 159 196 211 
-0.897993445 -0.0149152577 0.563572526 174 207 217 
-0.999606729 0.341761708 0.0357607305 143 182 200 
-0.990934432 0.321020961 0.0758825913 136 178 201 
-0.987117767 0.299104929 0.115898676 139 181 201 
-0.991155505 0.275287777 0.155743688 147 187 206 
-0.99185282 0.252279162 0.195661455 140 179 195 
-0.989622176 0.229979247 0.235642999 168 203 217 
-0.989026129 0.207283676 0.27558893 152 187 201 
-0.978971183 0.366151869 0.046761103 140 180 201 
-0.978474975 0.359710515 0.095560126 140 182 202 
-0.983134329 0.341262937 0.138394415 148 189 211 
-0.979202867 0.361962676 0.103952505 142 184 204 
-0.985367179 0.317882657 0.178278744 158 196 216 
-0.984600186 0.295228451 0.2182284 159 202 217 
-0.959611297 0.267623127 0.252823025 156 196 213 
-0.964047134 0.286934912 0.241874188 159 201 216 
-0.971183956 0.252796113 0.298386514 169 212 230 
-0.960245728 0.268116504 0.276467651 161 203 221 
-0.976359665 0.228703544 0.338206738 155 195 210 
-0.948029578 0.208639979 0.376536876 174 215 225 
-0.949572206 0.215277746 0.373599857 174 215 225 
-0.943849981 0.187725514 0.417057902 152 192 207 
-0.944019735 0.187790662 0.424128681 151 191 206 
-0.977285028 0.350543141 0.142799973 147 189 212 
-0.973308384 0.330426037 0.183777064 157 194 213 
-0.969611108 0.311406672 0.22538206 158 203 217 
-0.959792197 0.263842225 0.30314368 161 205 222 
-0.956690311 0.24716194 0.346086502 155 192 205 
-0.943247795 0.180867523 0.46561864 147 182 199 
-0.939013839 0.159739614 0.506017625 143 182 201 
-0.934678972 0.138214946 0.546189725 148 187 203 
-0.93211627 0.12365368 0.590344489 149 187 204 
-0.928770125 0.106013924 0.632738531 153 191 207 
-0.959724247 0.114045024 0.640508771 174 209 219 
-0.902901709 0.252816796 -0.0232508369 121 160 180 
-0.857963562 0.0313252211 0.374897808 174 208 224 
-0.853767514 0.0103462636 0.415381938 183 217 230 
-0.855650246 0.0132519901 0.469527096 178 209 221 
-0.852388144 -0.00405719876 0.512110233 183 217 226 
-0.877428532 -0.00797140598 0.512732565 169 205 217 
-0.852532268 -0.00386932492 0.516638458 183 217 225 
-0.853553057 -0.00397178531 0.564642251 181 208 220 
-0.935190022 0.37968576 0.0493124202 153 194 212 
-0.934756935 0.373492241 0.0982531831 153 195 216 
-0.934625208 0.372272313 0.105762877 153 196 218 
-0.918382943 0.295679271 0.211197227 162 203 219 
-0.942749858 0.305358052 0.219139963 161 206 220 
-0.924960434 0.324427515 0.193714797 162 204 218 
-0.912268996 0.26716435 0.247371167 147 186 203 
-0.907689631 0.244678974 0.286993712 137 173 191 
-0.943066597 0.259601712 0.298998982 155 197 215 
-0.904053807 0.225900754 0.328736603 138 173 191 
-0.927434206 0.24054563 0.339272439 139 176 192 
-0.89965409 0.204121411 0.368763 142 178 196 
-0.896726966 0.188128203 0.412098765 150 184 200 
-0.895244002 0.177809536 0.458680183 129 164 184 
-0.900358498 0.178579599 0.459661096 130 164 185 
-0.890282571 0.153823107 0.497444183 129 165 184 
-0.900556803 0.155691773 0.499589711 129 166 185 
-0.889444172 0.148606509 0.516922295 128 165 184 
-0.931854963 0.357597709 0.141645402 149 194 216 
-0.927446485 0.335783958 0.181652099 161 203 216 
-0.88830024 0.141542286 0.542903364 135 171 189 
-0.885106325 0.124500781 0.585639536 131 166 183 
-0.880187273 0.100680709 0.624498725 123 157 176 
-0.86140281 0.275318086 -0.0155706182 126 164 184 
-0.897257745 0.284146905 -0.00682786107 116 153 175 
-0.862303436 0.275490731 0.0238600299 120 157 177 
-0.817971408 0.0597470403 0.385964334 165 199 214 
-0.816495597 0.0494564772 0.432561725 159 195 211 
-0.841133952 0.0236532688 0.473590106 172 204 217 
-0.816597164 0.0492248833 0.439799041 159 194 210 
-0.848623157 -0.000999242067 0.513359964 181 215 224 
-0.871998787 0.316952407 0.00824230909 125 160 178 
-0.879284739 0.349470675 -0.018610023 122 155 178 
-0.867773771 0.295859307 0.0486612096 122 159 181 
-0.874092937 0.308107793 0.0560186282 124 161 185 
-0.87211585 0.313981593 0.0466286466 124 160 182 
-0.86625737 0.285409182 0.0951673761 122 159 179 
-0.86855334 0.286608815 0.0960722491 123 160 180 
-0.866283715 0.285109848 0.0997029319 122 159 179 
-0.815802455 0.0422409177 0.48091802 164 197 211 
-0.81400305 0.0306788981 0.526788235 151 181 199 
-0.81014508 0.0110283196 0.568032146 149 182 198 
-0.877713144 0.339405417 0.0210844204 126 160 179 
-0.904613316 0.3647542 0.0378298461 128 165 186 
-0.892496645 0.344847143 0.0780267343 120 156 180 
-0.883440495 0.324199289 0.118156947 140 175 194 
-0.868130505 0.288277447 0.149291068 133 168 191 
-0.883380175 0.301374078 0.158091217 147 183 203 
-0.867168963 0.280007511 0.197044224 128 166 187 
-0.870551467 0.281639308 0.19830361 129 167 188 
-0.865687788 0.272075057 0.217189848 130 167 187 
-0.923421085 0.355716109 0.139695048 147 192 215 
-0.919146657 0.333910882 0.179721147 160 200 214 
-0.863828063 0.262388498 0.239450127 134 170 188 
-0.861687958 0.249487728 0.284554631 137 174 193 
-0.857804418 0.229736343 0.325740904 138 175 194 
-0.85472548 0.213146672 0.368735582 127 165 186 
-0.851861596 0.197401911 0.412213445 120 160 183 
-0.847387195 0.17532897 0.452071935 129 169 189 
-0.843470335 0.155447036 0.493183523 123 159 181 
-0.839529634 0.135471106 0.534241438 128 165 185 
-0.873108268 0.139495641 0.540120602 127 164 183 
-0.835277915 0.11427331 0.574600399 137 172 190 
-0.85902518 0.120064557 0.580360293 131 167 185 
-0.836061418 0.115326911 0.598861694 128 164 183 
-0.835450053 0.110457838 0.624901295 121 156 175 
-0.81569165 0.281268358 -0.0173567832 119 159 184 
-0.81399107 0.270094573 0.0287354812 116 157 182 
-0.848676741 0.273065746 0.0341632813 117 155 177 
-0.810506761 0.251912057 0.0708190724 119 159 183 
-0.823711634 0.256268561 0.0746400133 116 157 180 
-0.811310947 0.254044324 0.0840467289 115 156 180 
-0.77632761 0.086170733 0.3434048 163 199 217 
-0.774994433 0.0764405429 0.390322775 154 188 207 
-0.8070876 0.054733783 0.434398741 153 189 207 
-0.775025427 0.0744151771 0.414254636 145 180 201 
-0.869740903 0.33200103 0.0161804631 126 159 178 
-0.812924922 0.256921887 0.126167655 121 163 187 
-0.849565029 0.268364966 0.136418819 123 161 183 
-0.813859999 0.256578058 0.172914475 123 163 187 
-0.774570525 0.0702832639 0.439284235 137 174 197 
-0.770716012 0.0506460369 0.480535835 150 184 204 
-0.769293725 0.0405656695 0.527253509 142 175 194 
-0.765648603 0.0217511952 0.568975687 140 172 190 
-0.814196587 0.257426739 0.178939581 123 163 187 
-0.813871801 0.251658708 0.228123695 122 162 186 
-0.861175478 0.261068881 0.238440782 132 168 187 
-0.812511504 0.24182193 0.274980664 116 156 180 
-0.835248828 0.244504422 0.278938442 121 159 182 
-0.812811792 0.241304576 0.294516802 114 152 178 
-0.812440097 0.237049416 0.324734181 118 155 181 
-0.810053289 0.22317937 0.369284362 125 167 188 
-0.805463016 0.200651109 0.40888235 125 166 189 
-0.800597668 0.177042216 0.447862357 123 163 185 
-0.797277629 0.159505188 0.490315109 126 164 186 
-0.792486727 0.136188716 0.529462397 129 165 185 
-0.787793994 0.113257945 0.568830192 140 176 195 
-0.785731852 0.100663513 0.614109933 138 173 191 
-0.811987817 0.108609766 0.621317804 130 165 184 
-0.776711822 0.24480471 0.115596719 118 159 186 
-0.809740245 0.255164415 0.177219212 123 163 187 
-0.773723245 0.241042271 0.217936665 119 159 187 
-0.790046871 0.232605442 0.319855988 116 155 183 
3 0 2 1 
3 1 2 3 
3 4 6 5 
3 5 6 7 
3 0 8 9 
3 2 0 9 
3 10 3 2 
3 9 10 2 
3 4 11 12 
3 6 4 12 
3 13 7 6 
3 12 13 6 
3 14 16 15 
3 8 18 9 
3 15 18 8 
3 15 17 18 
3 15 16 17 
3 17 19 18 
3 9 20 10 
3 9 18 20 
3 18 21 20 
3 19 22 21 
3 18 19 21 
3 23 20 21 
3 23 12 20 
3 23 24 12 
3 12 11 20 
3 21 22 23 
3 25 27 26 
3 26 27 28 
3 30 31 28 
3 30 28 29 
3 29 28 27 
3 32 13 12 
3 24 32 12 
3 14 33 34 
3 16 14 34 
3 37 35 36 
3 35 38 36 
3 34 17 16 
3 39 17 34 
3 37 36 40 
3 37 40 17 
3 37 17 39 
3 19 17 40 
3 38 41 40 
3 36 38 40 
3 42 19 40 
3 42 43 19 
3 43 22 19 
3 40 41 42 
3 46 44 45 
3 44 47 48 
3 45 44 48 
3 47 49 48 
3 24 50 51 
3 24 23 50 
3 53 50 52 
3 52 50 23 
3 54 22 43 
3 54 52 22 
3 54 55 52 
3 23 22 52 
3 54 56 55 
3 58 46 45 
3 57 58 45 
3 59 48 25 
3 59 57 48 
3 57 45 48 
3 49 25 48 
3 49 60 25 
3 60 27 25 
3 62 61 29 
3 62 29 60 
3 60 29 27 
3 53 52 63 
3 51 32 24 
3 52 55 64 
3 63 52 64 
3 55 56 64 
3 58 57 65 
3 57 59 67 
3 57 67 65 
3 65 67 66 
3 33 68 69 
3 34 33 69 
3 35 37 70 
3 35 70 38 
3 69 39 34 
3 71 39 69 
3 37 39 71 
3 37 71 72 
3 37 72 70 
3 72 71 73 
3 70 72 41 
3 38 70 41 
3 75 73 74 
3 75 43 73 
3 72 73 42 
3 42 73 43 
3 74 76 77 
3 74 77 75 
3 42 41 72 
3 46 77 76 
3 46 76 44 
3 44 76 78 
3 78 79 44 
3 44 79 47 
3 47 79 80 
3 49 47 80 
3 83 50 53 
3 83 82 50 
3 82 81 50 
3 82 83 84 
3 43 75 54 
3 54 85 56 
3 54 75 85 
3 75 77 85 
3 77 58 85 
3 46 58 77 
3 80 60 49 
3 86 60 80 
3 88 62 60 
3 88 60 87 
3 87 60 86 
3 87 89 88 
3 83 53 63 
3 84 83 63 
3 84 63 90 
3 90 63 64 
3 56 85 91 
3 56 91 64 
3 64 91 90 
3 85 58 65 
3 85 65 91 
3 91 65 92 
3 94 66 93 
3 94 92 66 
3 92 65 66 
3 96 66 98 
3 96 95 66 
3 93 66 97 
3 97 66 95 
3 94 93 99 
3 93 97 99 
3 98 100 96 
3 68 101 102 
3 69 68 102 
3 102 71 69 
3 103 71 102 
3 105 73 71 
3 105 71 104 
3 104 71 103 
3 104 106 105 
3 105 74 73 
3 106 74 105 
3 106 107 74 
3 107 76 74 
3 107 108 76 
3 76 108 78 
3 108 109 78 
3 78 109 79 
3 79 109 110 
3 80 79 110 
3 111 81 112 
3 81 82 112 
3 114 82 84 
3 114 113 82 
3 113 112 82 
3 113 114 115 
3 86 117 116 
3 86 80 117 
3 80 110 117 
3 116 119 118 
3 116 118 86 
3 86 118 87 
3 87 118 120 
3 89 87 120 
3 114 84 90 
3 115 114 90 
3 115 90 121 
3 121 90 91 
3 121 91 122 
3 91 92 122 
3 92 123 122 
3 94 123 92 
3 116 97 95 
3 116 117 97 
3 117 124 97 
3 123 94 99 
3 125 123 99 
3 125 99 97 
3 125 97 124 
3 128 102 101 
3 128 101 127 
3 127 101 126 
3 127 129 128 
3 128 103 102 
3 129 103 128 
3 129 130 103 
3 130 104 103 
3 132 106 104 
3 132 104 131 
3 131 104 130 
3 131 133 132 
3 134 135 136 
3 132 107 106 
3 133 107 132 
3 133 137 107 
3 137 108 107 
3 137 138 108 
3 108 138 109 
3 109 138 139 
3 110 109 139 
3 136 135 111 
3 136 111 140 
3 140 111 112 
3 140 112 141 
3 112 113 141 
3 143 113 115 
3 143 142 113 
3 142 141 113 
3 142 143 144 
3 139 145 110 
3 145 117 110 
3 119 147 146 
3 118 119 146 
3 149 120 118 
3 149 118 148 
3 148 118 146 
3 148 150 149 
3 143 115 121 
3 144 143 121 
3 144 121 151 
3 151 121 122 
3 153 122 123 
3 153 152 122 
3 152 151 122 
3 154 155 156 
3 152 153 145 
3 145 153 124 
3 145 124 117 
3 147 119 158 
3 147 158 157 
3 159 155 154 
3 153 123 125 
3 153 125 124 
3 155 160 156 
3 155 159 160 
3 161 162 126 
3 126 162 127 
3 164 129 127 
3 164 127 163 
3 163 127 162 
3 163 165 164 
3 164 130 129 
3 165 130 164 
3 165 166 130 
3 166 131 130 
3 168 133 131 
3 168 131 167 
3 167 131 166 
3 167 169 168 
3 134 171 170 
3 136 171 134 
3 168 137 133 
3 169 137 168 
3 169 172 137 
3 172 138 137 
3 138 172 173 
3 139 138 173 
3 171 136 140 
3 174 171 140 
3 174 140 175 
3 140 141 175 
3 175 141 176 
3 141 142 176 
3 142 177 176 
3 144 177 142 
3 179 173 178 
3 179 145 173 
3 145 139 173 
3 147 179 178 
3 147 178 146 
3 146 178 180 
3 180 181 146 
3 146 181 148 
3 148 181 182 
3 150 148 182 
3 177 144 151 
3 183 177 151 
3 183 151 184 
3 151 152 184 
3 152 179 184 
3 152 145 179 
3 184 179 185 
3 154 156 179 
3 185 179 156 
3 159 179 187 
3 159 154 179 
3 187 179 186 
3 147 157 179 
3 186 179 157 
3 185 156 160 
3 188 185 160 
3 159 187 188 
3 159 188 160 
3 190 191 189 
3 194 190 189 
3 194 189 192 
3 192 189 193 
3 192 193 196 
3 195 192 196 
3 197 199 198 
3 197 198 200 
3 201 189 191 
3 202 201 191 
3 189 201 193 
3 193 201 203 
3 193 203 204 
3 196 193 204 
3 201 202 205 
3 203 201 205 
3 206 203 205 
3 203 206 204 
3 208 209 207 
3 211 208 207 
3 210 211 207 
3 211 210 212 
3 207 209 213 
3 210 207 213 
3 214 210 213 
3 210 214 212 
3 215 216 161 
3 161 216 162 
3 216 217 162 
3 162 217 163 
3 163 217 218 
3 165 163 218 
3 218 166 165 
3 219 166 218 
3 219 220 166 
3 166 220 167 
3 167 220 221 
3 169 167 221 
3 170 223 222 
3 171 223 170 
3 221 172 169 
3 224 172 221 
3 226 173 172 
3 226 172 225 
3 225 172 224 
3 225 227 226 
3 223 171 174 
3 228 223 174 
3 228 174 229 
3 174 175 229 
3 229 175 230 
3 175 176 230 
3 176 231 230 
3 177 231 176 
3 226 178 173 
3 227 178 226 
3 227 232 178 
3 232 180 178 
3 234 233 181 
3 234 181 232 
3 232 181 180 
3 181 233 182 
3 231 177 183 
3 235 231 183 
3 235 183 236 
3 183 184 236 
3 184 237 236 
3 185 237 184 
3 186 238 187 
3 238 234 240 
3 238 239 234 
3 238 186 239 
3 239 233 234 
3 237 185 188 
3 241 237 188 
3 187 238 242 
3 187 242 188 
3 188 242 241 
3 238 240 242 
3 243 244 215 
3 215 244 216 
3 246 245 217 
3 246 217 244 
3 244 217 216 
3 217 245 218 
3 246 247 245 
3 245 219 218 
3 245 247 219 
3 247 248 219 
3 248 249 219 
3 219 249 220 
3 251 221 220 
3 251 220 250 
3 250 220 249 
3 250 252 251 
3 255 222 223 
3 255 254 222 
3 254 253 222 
3 254 255 256 
3 251 224 221 
3 252 224 251 
3 252 257 224 
3 257 225 224 
3 225 257 258 
3 227 225 258 
3 255 223 228 
3 256 255 228 
3 256 228 259 
3 259 228 229 
3 259 229 260 
3 229 230 260 
3 230 261 260 
3 231 261 230 
3 232 263 262 
3 232 227 263 
3 227 258 263 
3 232 262 234 
3 261 231 235 
3 264 261 235 
3 264 235 265 
3 235 236 265 
3 236 266 265 
3 237 266 236 
3 263 267 262 
3 262 267 268 
3 262 268 234 
3 234 268 240 
3 266 237 241 
3 269 266 241 
3 269 241 270 
3 241 242 270 
3 270 242 240 
3 268 270 240 
3 271 272 243 
3 243 272 244 
3 244 272 273 
3 246 244 273 
3 273 247 246 
3 274 247 273 
3 274 275 247 
3 247 275 248 
3 275 276 248 
3 248 276 249 
3 276 277 249 
3 249 277 250 
3 279 252 250 
3 279 250 278 
3 278 250 277 
3 278 280 279 
3 281 253 282 
3 253 254 282 
3 254 283 282 
3 256 283 254 
3 279 257 252 
3 257 279 280 
3 257 280 258 
3 258 280 284 
3 283 256 259 
3 285 283 259 
3 285 259 286 
3 259 260 286 
3 260 287 286 
3 261 287 260 
3 289 284 288 
3 289 263 284 
3 263 258 284 
3 288 290 289 
3 287 261 264 
3 291 287 264 
3 291 264 292 
3 264 265 292 
3 265 293 292 
3 266 293 265 
3 289 267 263 
3 267 289 290 
3 267 290 268 
3 268 290 294 
3 293 266 269 
3 295 293 269 
3 295 269 296 
3 269 270 296 
3 296 270 268 
3 294 296 268 
3 297 298 271 
3 271 298 272 
3 272 298 299 
3 273 272 299 
3 299 274 273 
3 300 274 299 
3 300 301 274 
3 274 301 275 
3 301 302 275 
3 275 302 276 
3 302 303 276 
3 276 303 277 
3 303 304 277 
3 277 304 278 
3 278 304 305 
3 280 278 305 
3 308 282 307 
3 308 306 282 
3 306 281 282 
3 282 283 307 
3 310 305 309 
3 310 284 305 
3 284 280 305 
3 309 311 310 
3 308 307 312 
3 307 283 285 
3 307 285 312 
3 312 285 313 
3 313 285 314 
3 285 286 314 
3 286 315 314 
3 287 315 286 
3 310 288 284 
3 288 310 311 
3 288 311 290 
3 290 311 316 
3 315 287 291 
3 317 315 291 
3 317 291 318 
3 291 292 318 
3 292 319 318 
3 293 319 292 
3 316 320 290 
3 320 294 290 
3 319 293 295 
3 321 319 295 
3 321 295 322 
3 295 296 322 
3 322 296 294 
3 320 322 294 
3 323 325 324 
3 325 297 324 
3 325 326 297 
3 326 298 297 
3 298 326 327 
3 299 298 327 
3 330 328 329 
3 328 331 332 
3 329 328 332 
3 331 333 332 
3 327 300 299 
3 334 300 327 
3 334 335 300 
3 300 335 301 
3 329 335 330 
3 329 302 335 
3 302 301 335 
3 332 302 329 
3 303 302 332 
3 333 303 332 
3 333 336 303 
3 336 304 303 
3 304 336 337 
3 305 304 337 
3 306 339 338 
3 308 339 306 
3 337 309 305 
3 340 309 337 
3 309 340 341 
3 311 309 341 
3 339 308 312 
3 342 339 312 
3 342 312 343 
3 312 313 343 
3 343 313 344 
3 313 314 344 
3 314 345 344 
3 315 345 314 
3 341 346 311 
3 346 316 311 
3 345 315 317 
3 347 345 317 
3 349 318 348 
3 349 347 318 
3 347 317 318 
3 318 319 348 
3 351 346 350 
3 351 320 346 
3 320 316 346 
3 350 352 351 
3 349 348 353 
3 348 319 321 
3 348 321 353 
3 353 321 354 
3 354 321 355 
3 321 322 355 
3 320 351 356 
3 320 356 322 
3 322 356 355 
3 351 352 356 
3 323 357 358 
3 325 323 358 
3 358 326 325 
3 359 326 358 
3 361 327 326 
3 361 326 360 
3 360 326 359 
3 360 362 361 
3 328 330 363 
3 363 365 364 
3 363 364 328 
3 328 364 331 
3 331 364 366 
3 333 331 366 
3 361 334 327 
3 362 334 361 
3 362 367 334 
3 367 335 334 
3 330 368 363 
3 330 335 368 
3 335 367 368 
3 363 368 365 
3 366 336 333 
3 369 336 366 
3 371 337 336 
3 371 336 370 
3 370 336 369 
3 370 372 371 
3 338 339 373 
3 371 340 337 
3 340 371 372 
3 340 372 341 
3 341 372 374 
3 373 339 342 
3 373 342 375 
3 375 342 376 
3 376 342 377 
3 342 343 377 
3 377 343 378 
3 343 344 378 
3 344 379 378 
3 345 379 344 
3 374 380 341 
3 380 346 341 
3 379 345 347 
3 381 379 347 
3 347 382 381 
3 349 382 347 
3 385 384 383 
3 383 384 386 
3 383 386 346 
3 383 346 380 
3 346 386 350 
3 350 386 352 
3 382 349 353 
3 387 382 353 
3 387 353 388 
3 353 354 388 
3 384 385 388 
3 384 388 355 
3 355 388 354 
3 386 384 355 
3 356 386 355 
3 386 356 352 
3 357 391 358 
3 389 391 357 
3 389 390 391 
3 389 392 390 
3 390 393 391 
3 391 359 358 
3 393 359 391 
3 393 394 359 
3 394 360 359 
3 360 394 395 
3 362 360 395 
3 364 365 396 
3 364 396 366 
3 395 367 362 
3 397 367 395 
3 397 398 367 
3 367 398 368 
3 365 399 396 
3 365 368 399 
3 368 398 399 
3 396 369 366 
3 396 399 369 
3 399 400 369 
3 400 401 369 
3 369 401 370 
3 370 401 402 
3 372 370 402 
3 402 403 372 
3 403 374 372 
3 404 375 405 
3 375 376 405 
3 405 376 406 
3 376 377 406 
3 406 377 407 
3 377 378 407 
3 378 408 407 
3 379 408 378 
3 403 409 374 
3 409 380 374 
3 408 379 381 
3 410 408 381 
3 412 381 382 
3 412 411 381 
3 411 410 381 
3 411 412 413 
3 385 414 415 
3 383 414 385 
3 414 383 380 
3 409 414 380 
3 412 382 387 
3 413 412 387 
3 413 387 416 
3 416 387 388 
3 416 388 385 
3 415 416 385 
3 418 390 392 
3 417 390 418 
3 390 417 419 
3 393 390 419 
3 419 394 393 
3 420 394 419 
3 394 420 421 
3 395 394 421 
3 421 397 395 
3 422 397 421 
3 422 423 397 
3 397 423 398 
3 423 424 398 
3 398 424 399 
3 424 425 399 
3 399 425 400 
3 425 426 400 
3 400 426 401 
3 401 426 427 
3 402 401 427 
3 427 428 402 
3 428 403 402 
3 429 404 430 
3 404 405 430 
3 430 405 431 
3 405 406 431 
3 431 406 432 
3 406 407 432 
3 407 433 432 
3 408 433 407 
3 428 434 403 
3 434 409 403 
3 433 408 410 
3 435 433 410 
3 435 410 436 
3 410 411 436 
3 411 437 436 
3 413 437 411 
3 415 438 439 
3 414 438 415 
3 438 414 409 
3 434 438 409 
3 437 413 416 
3 440 437 416 
3 440 416 415 
3 439 440 415 
3 441 417 418 
3 417 443 419 
3 441 443 417 
3 441 442 443 
3 441 444 442 
3 442 445 443 
3 443 420 419 
3 420 447 421 
3 443 447 420 
3 443 446 447 
3 443 445 446 
3 446 448 449 
3 447 446 449 
3 448 450 449 
3 447 422 421 
3 449 422 447 
3 423 422 449 
3 450 423 449 
3 450 451 423 
3 451 424 423 
3 451 452 424 
3 424 452 425 
3 452 453 425 
3 425 453 426 
3 426 453 454 
3 427 426 454 
3 454 455 427 
3 455 428 427 
3 456 429 457 
3 429 430 457 
3 457 430 458 
3 430 431 458 
3 460 432 459 
3 460 458 432 
3 458 431 432 
3 432 433 459 
3 455 461 428 
3 461 434 428 
3 460 459 462 
3 459 433 435 
3 459 435 462 
3 462 435 463 
3 463 435 464 
3 435 436 464 
3 436 465 464 
3 437 465 436 
3 439 466 467 
3 438 466 439 
3 466 438 434 
3 461 466 434 
3 465 437 440 
3 468 465 440 
3 468 440 439 
3 467 468 439 
3 470 442 444 
3 469 442 470 
3 442 469 471 
3 445 442 471 
3 471 446 445 
3 472 446 471 
3 472 473 446 
3 446 473 448 
3 448 473 474 
3 450 448 474 
3 477 475 476 
3 475 478 479 
3 476 475 479 
3 478 480 479 
3 474 451 450 
3 481 451 474 
3 476 481 477 
3 476 452 481 
3 452 451 481 
3 479 452 476 
3 453 452 479 
3 453 479 480 
3 453 480 454 
3 454 480 482 
3 483 484 485 
3 482 486 454 
3 486 455 454 
3 485 484 456 
3 485 456 487 
3 487 456 457 
3 487 457 488 
3 457 458 488 
3 458 489 488 
3 460 489 458 
3 486 490 455 
3 490 461 455 
3 489 460 462 
3 491 489 462 
3 493 463 492 
3 493 491 463 
3 491 462 463 
3 464 492 463 
3 494 492 464 
3 464 465 494 
3 467 495 496 
3 466 495 467 
3 495 466 461 
3 490 495 461 
3 493 492 497 
3 492 494 498 
3 497 492 498 
3 494 465 468 
3 494 468 498 
3 498 468 499 
3 499 468 467 
3 496 499 467 
3 501 469 470 
3 500 469 501 
3 469 500 502 
3 471 469 502 
3 502 472 471 
3 503 472 502 
3 503 504 472 
3 472 504 473 
3 506 474 473 
3 506 473 505 
3 505 473 504 
3 477 506 505 
3 477 505 475 
3 475 505 507 
3 509 508 478 
3 509 478 507 
3 507 478 475 
3 478 508 480 
3 506 481 474 
3 506 477 481 
3 509 510 508 
3 508 510 511 
3 508 511 480 
3 480 511 482 
3 514 483 485 
3 514 513 483 
3 513 512 483 
3 513 514 515 
3 517 511 516 
3 517 486 511 
3 486 482 511 
3 516 518 517 
3 514 485 487 
3 515 514 487 
3 515 487 519 
3 519 487 488 
3 488 520 519 
3 489 520 488 
3 523 522 521 
3 522 524 521 
3 522 486 524 
3 522 490 486 
3 517 524 486 
3 517 518 524 
3 520 489 491 
3 525 520 491 
3 527 491 493 
3 527 526 491 
3 526 525 491 
3 526 527 528 
3 522 496 495 
3 522 523 496 
3 523 529 496 
3 522 495 490 
3 527 493 497 
3 527 497 498 
3 527 498 531 
3 527 531 528 
3 530 531 498 
3 530 532 533 
3 530 498 532 
3 498 499 532 
3 532 499 496 
3 529 532 496 
3 531 530 534 
3 530 533 534 
3 536 500 501 
3 535 500 536 
3 500 535 537 
3 502 500 537 
3 537 503 502 
3 538 503 537 
3 538 539 503 
3 503 539 504 
3 539 540 504 
3 504 540 505 
3 540 541 505 
3 505 541 507 
3 543 509 507 
3 543 507 542 
3 542 507 541 
3 542 544 543 
3 543 510 509 
3 510 543 544 
3 510 544 511 
3 511 544 545 
3 546 512 547 
3 512 513 547 
3 513 548 547 
3 515 548 513 
3 545 516 511 
3 549 516 545 
3 516 549 550 
3 518 516 550 
3 548 515 519 
3 551 548 519 
3 519 552 551 
3 520 552 519 
3 523 553 554 
3 521 553 523 
3 553 521 555 
3 521 524 555 
3 555 524 518 
3 550 555 518 
3 552 520 525 
3 556 552 525 
3 556 525 557 
3 525 526 557 
3 526 558 557 
3 528 558 526 
3 561 560 559 
3 559 560 529 
3 559 529 554 
3 554 529 523 
3 563 562 558 
3 563 558 531 
3 531 558 528 
3 560 533 532 
3 561 533 560 
3 561 563 533 
3 561 562 563 
3 560 532 529 
3 563 531 534 
3 563 534 533 
3 564 535 536 
3 535 564 565 
3 535 565 537 
3 537 565 566 
3 566 538 537 
3 567 538 566 
3 567 568 538 
3 538 568 539 
3 568 569 539 
3 539 569 540 
3 569 570 540 
3 540 570 541 
3 570 571 541 
3 541 571 542 
3 542 571 572 
3 544 542 572 
3 573 574 575 
3 572 576 544 
3 576 545 544 
3 575 574 546 
3 575 546 577 
3 577 546 547 
3 579 547 548 
3 579 578 547 
3 578 577 547 
3 578 579 580 
3 549 582 581 
3 549 545 582 
3 545 576 582 
3 549 581 550 
3 579 548 551 
3 551 580 579 
3 551 552 580 
3 552 583 580 
3 586 585 584 
3 554 584 585 
3 554 553 584 
3 553 587 584 
3 581 582 587 
3 581 587 555 
3 555 587 553 
3 581 555 550 
3 583 552 556 
3 588 583 556 
3 588 556 589 
3 556 557 589 
3 557 590 589 
3 558 590 557 
3 585 561 559 
3 585 586 561 
3 586 591 561 
3 585 559 554 
3 590 558 562 
3 592 590 562 
3 592 562 561 
3 591 592 561 
3 594 595 593 
3 594 566 595 
3 566 565 595 
3 593 596 594 
3 594 567 566 
3 596 567 594 
3 596 597 567 
3 597 568 567 
3 597 598 568 
3 568 598 569 
3 598 599 569 
3 569 599 570 
3 599 600 570 
3 570 600 571 
3 571 600 601 
3 572 571 601 
3 573 603 602 
3 575 603 573 
3 605 601 604 
3 605 576 601 
3 576 572 601 
3 604 606 605 
3 603 575 577 
3 607 603 577 
3 607 577 608 
3 577 578 608 
3 578 609 608 
3 580 609 578 
3 610 576 605 
3 610 611 576 
3 611 582 576 
3 605 606 610 
3 613 612 609 
3 613 609 583 
3 583 609 580 
3 612 613 614 
3 586 615 616 
3 584 615 586 
3 615 584 617 
3 584 587 617 
3 617 587 582 
3 611 617 582 
3 613 583 588 
3 614 613 588 
3 614 588 618 
3 618 588 589 
3 589 619 618 
3 590 619 589 
3 621 616 620 
3 621 591 616 
3 591 586 616 
3 620 622 621 
3 619 590 592 
3 623 619 592 
3 591 621 624 
3 591 624 592 
3 592 624 623 
3 621 622 624 
3 626 593 595 
3 625 593 626 
3 593 625 627 
3 596 593 627 
3 630 628 629 
3 628 631 632 
3 629 628 632 
3 631 633 634 
3 632 631 634 
3 633 635 634 
3 627 597 596 
3 636 597 627 
3 629 636 630 
3 629 598 636 
3 598 597 636 
3 632 598 629 
3 599 598 632 
3 634 599 632 
3 600 599 634 
3 600 638 601 
3 634 638 600 
3 634 637 638 
3 634 635 637 
3 637 639 638 
3 642 602 603 
3 642 641 602 
3 641 640 602 
3 641 642 643 
3 638 604 601 
3 604 638 639 
3 604 639 606 
3 606 639 644 
3 642 603 607 
3 643 642 607 
3 643 607 645 
3 645 607 608 
3 608 646 645 
3 609 646 608 
3 611 647 648 
3 610 647 611 
3 647 610 606 
3 644 647 606 
3 646 609 612 
3 649 646 612 
3 612 650 649 
3 614 650 612 
3 616 651 652 
3 615 651 616 
3 651 615 653 
3 615 617 653 
3 653 617 611 
3 648 653 611 
3 618 654 655 
3 618 655 614 
3 614 655 650 
3 618 619 654 
3 652 620 616 
3 656 620 652 
3 620 656 657 
3 622 620 657 
3 655 654 658 
3 654 619 623 
3 654 623 658 
3 658 623 659 
3 659 623 660 
3 623 624 660 
3 660 624 622 
3 657 660 622 
3 662 625 626 
3 661 625 662 
3 664 627 625 
3 664 625 663 
3 663 625 661 
3 630 664 663 
3 630 663 628 
3 628 663 665 
3 665 666 628 
3 628 666 631 
3 666 667 631 
3 631 667 633 
3 633 667 668 
3 635 633 668 
3 664 636 627 
3 664 630 636 
3 668 637 635 
3 669 637 668 
3 637 669 670 
3 639 637 670 
3 671 640 672 
3 640 641 672 
3 641 673 672 
3 643 673 641 
3 676 675 674 
3 674 675 644 
3 674 644 670 
3 670 644 639 
3 673 643 645 
3 677 673 645 
3 645 678 677 
3 646 678 645 
3 681 680 679 
3 675 648 647 
3 676 648 675 
3 676 680 648 
3 676 679 680 
3 675 647 644 
3 678 646 649 
3 682 678 649 
3 649 683 682 
3 650 683 649 
3 652 684 685 
3 651 684 652 
3 680 681 684 
3 680 684 653 
3 653 684 651 
3 680 653 648 
3 683 650 686 
3 686 650 655 
3 656 688 687 
3 656 652 688 
3 652 685 688 
3 656 687 657 
3 686 655 658 
3 689 686 658 
3 689 658 690 
3 658 659 690 
3 687 688 690 
3 687 690 660 
3 660 690 659 
3 687 660 657 
3 694 693 692 
3 691 694 692 
3 691 692 695 
3 692 696 695 
3 695 696 697 
3 696 698 697 
3 698 699 697 
3 700 699 698 
3 703 705 702 
3 703 706 705 
3 701 705 704 
3 704 705 706 
3 704 708 707 
3 704 707 701 
3 702 709 703 
3 710 707 708 
3 711 710 708 
3 712 710 711 
3 713 712 711 
3 713 717 715 
3 712 713 715 
3 712 715 714 
3 712 714 716 
3 714 715 718 
3 699 700 720 
3 719 699 720 
3 719 720 721 
3 720 722 721 
3 721 722 723 
3 722 724 723 
3 723 724 725 
3 724 726 725 
3 725 726 727 
3 726 728 727 
3 706 703 729 
3 706 729 728 
3 728 729 727 
3 703 709 729 
3 715 717 730 
3 718 715 730 
3 718 730 731 
3 731 730 732 
3 731 732 733 
3 732 734 733 
3 736 734 737 
3 736 735 734 
3 735 733 734 
3 736 737 671 
3 739 694 691 
3 738 739 691 
3 738 691 740 
3 691 695 740 
3 740 695 741 
3 695 697 741 
3 743 697 699 
3 743 742 697 
3 742 741 697 
3 742 745 744 
3 743 745 742 
3 744 747 746 
3 745 747 744 
3 746 747 748 
3 749 702 705 
3 702 751 709 
3 702 749 751 
3 749 750 751 
3 752 753 751 
3 750 752 751 
3 754 716 714 
3 714 718 756 
3 754 714 756 
3 754 756 755 
3 754 755 757 
3 755 759 758 
3 756 759 755 
3 758 759 760 
3 743 699 719 
3 745 743 719 
3 721 745 719 
3 747 745 721 
3 723 747 721 
3 748 747 723 
3 748 723 761 
3 761 723 725 
3 761 725 762 
3 725 727 762 
3 762 727 763 
3 727 729 763 
3 709 751 764 
3 709 764 729 
3 729 764 763 
3 751 753 764 
3 756 718 731 
3 759 756 731 
3 733 759 731 
3 760 759 733 
3 760 733 765 
3 765 733 735 
3 766 739 738 
3 767 766 738 
3 740 767 738 
3 768 767 740 
3 741 768 740 
3 769 768 741 
3 742 769 741 
3 771 769 742 
3 771 742 770 
3 770 742 744 
3 770 744 772 
3 744 746 772 
3 774 746 748 
3 774 773 746 
3 773 772 746 
3 773 774 775 
3 777 778 776 
3 777 753 778 
3 753 752 778 
3 776 779 777 
3 780 757 755 
3 782 780 755 
3 782 755 781 
3 781 755 758 
3 758 783 781 
3 760 783 758 
3 774 748 761 
3 775 774 761 
3 775 761 784 
3 784 761 762 
3 784 762 785 
3 762 763 785 
3 785 763 786 
3 763 764 786 
3 753 777 787 
3 753 787 764 
3 764 787 786 
3 777 779 787 
3 783 760 765 
3 788 783 765 
3 789 771 770 
3 791 789 770 
3 791 770 790 
3 790 770 772 
3 790 772 792 
3 772 773 792 
3 794 773 775 
3 794 793 773 
3 793 792 773 
3 793 796 795 
3 794 796 793 
3 795 798 797 
3 796 798 795 
3 801 778 798 
3 801 776 778 
3 798 778 797 
3 799 800 778 
3 797 778 800 
3 800 799 802 
3 801 779 776 
3 803 782 781 
3 781 783 805 
3 803 781 805 
3 803 805 804 
3 803 804 806 
3 794 775 784 
3 796 794 784 
3 785 796 784 
3 798 796 785 
3 786 798 785 
3 801 798 786 
3 787 801 786 
3 801 787 779 
3 805 783 788 
3 807 791 790 
3 809 807 790 
3 809 790 808 
3 808 790 792 
3 808 792 810 
3 792 793 810 
3 810 793 811 
3 793 795 811 
3 811 795 812 
3 795 797 812 
3 812 797 813 
3 797 800 813 
3 802 814 815 
3 802 815 800 
3 800 815 813 
3 814 816 815 
3 817 806 804 
3 818 809 808 
3 820 818 808 
3 820 808 819 
3 819 808 810 
3 819 810 821 
3 810 811 821 
3 821 811 822 
3 811 812 822 
3 822 812 823 
3 812 813 823 
3 823 813 824 
3 813 815 824 
3 824 815 816 
3 825 824 816 
3 826 820 819 
3 827 826 819 
3 821 827 819 
3 828 827 821 
3 822 828 821 
3 830 828 822 
3 830 822 829 
3 829 822 823 
3 831 832 829 
3 831 829 824 
3 824 829 823 
3 831 824 825 
3 833 830 829 
3 833 829 832 
3 834 836 835 
3 837 839 840 
3 835 839 837 
3 835 838 839 
3 835 836 838 
3 838 841 839 
3 839 842 840 
3 842 839 841 
3 842 841 844 
3 844 841 843 
3 843 846 844 
3 845 846 843 
3 846 845 847 
3 848 846 847 
3 847 849 848 
3 849 662 848 
3 834 850 851 
3 836 834 851 
3 851 838 836 
3 852 838 851 
3 838 852 853 
3 841 838 853 
3 855 853 854 
3 855 843 853 
3 843 841 853 
3 854 856 855 
3 855 845 843 
3 845 855 856 
3 845 856 847 
3 847 856 857 
3 859 857 858 
3 859 849 857 
3 849 847 857 
3 858 860 859 
3 850 861 862 
3 851 850 862 
3 862 852 851 
3 863 852 862 
3 852 863 864 
3 853 852 864 
3 864 854 853 
3 865 854 864 
3 854 865 866 
3 856 854 866 
3 866 867 856 
3 867 857 856 
3 867 858 857 
3 868 858 867 
3 870 860 858 
3 870 858 869 
3 869 858 868 
3 869 871 872 
3 870 869 872 
3 871 873 872 
3 876 874 875 
3 874 877 878 
3 875 874 878 
3 877 879 878 
3 861 880 881 
3 862 861 881 
3 881 863 862 
3 882 863 881 
3 863 882 883 
3 864 863 883 
3 883 865 864 
3 884 865 883 
3 865 884 885 
3 866 865 885 
3 887 885 886 
3 887 867 885 
3 867 866 885 
3 886 888 887 
3 887 868 867 
3 888 868 887 
3 888 889 868 
3 889 869 868 
3 889 890 869 
3 869 890 871 
3 892 873 871 
3 892 871 891 
3 891 871 890 
3 876 892 891 
3 876 891 874 
3 874 891 893 
3 893 894 874 
3 874 894 877 
3 877 894 895 
3 879 877 895 
3 880 896 897 
3 881 880 897 
3 897 882 881 
3 898 882 897 
3 900 883 882 
3 900 882 899 
3 899 882 898 
3 899 901 900 
3 900 884 883 
3 884 900 901 
3 884 901 885 
3 885 901 902 
3 902 886 885 
3 903 886 902 
3 905 888 886 
3 905 886 904 
3 904 886 903 
3 904 906 907 
3 905 904 907 
3 906 908 909 
3 907 906 909 
3 908 910 911 
3 909 908 911 
3 910 912 911 
3 913 817 914 
3 905 889 888 
3 907 889 905 
3 890 889 907 
3 909 890 907 
3 891 890 909 
3 911 891 909 
3 893 891 911 
3 912 893 911 
3 912 915 893 
3 915 894 893 
3 894 915 916 
3 895 894 916 
3 919 897 896 
3 919 896 918 
3 918 896 917 
3 918 920 919 
3 919 898 897 
3 920 898 919 
3 920 921 898 
3 921 899 898 
3 899 921 922 
3 901 899 922 
3 924 922 923 
3 924 902 922 
3 902 901 922 
3 923 925 924 
3 924 903 902 
3 925 903 924 
3 925 926 903 
3 926 904 903 
3 926 927 904 
3 904 927 906 
3 927 928 906 
3 906 928 908 
3 928 929 908 
3 908 929 910 
3 910 929 930 
3 912 910 930 
3 913 932 931 
3 914 932 913 
3 930 915 912 
3 933 915 930 
3 915 933 934 
3 916 915 934 
3 935 936 917 
3 917 936 918 
3 938 920 918 
3 938 918 937 
3 937 918 936 
3 937 939 938 
3 938 921 920 
3 921 938 939 
3 921 939 922 
3 922 939 940 
3 940 923 922 
3 941 923 940 
3 943 925 923 
3 943 923 942 
3 942 923 941 
3 942 944 945 
3 943 942 945 
3 944 946 947 
3 945 944 947 
3 946 948 947 
3 949 950 951 
3 943 926 925 
3 945 926 943 
3 927 926 945 
3 947 927 945 
3 928 927 947 
3 948 928 947 
3 948 952 928 
3 952 929 928 
3 954 930 929 
3 954 929 953 
3 953 929 952 
3 953 955 954 
3 931 951 950 
3 931 932 951 
3 932 956 951 
3 954 933 930 
3 933 954 955 
3 933 955 934 
3 934 955 957 
3 958 960 961 
3 959 958 961 
3 960 962 961 
3 961 935 959 
3 936 935 961 
3 962 936 961 
3 962 963 936 
3 963 937 936 
3 937 963 964 
3 939 937 964 
3 966 964 965 
3 966 940 964 
3 940 939 964 
3 965 967 966 
3 966 941 940 
3 967 941 966 
3 967 968 941 
3 968 942 941 
3 968 969 942 
3 942 969 944 
3 969 970 944 
3 944 970 946 
3 946 970 971 
3 948 946 971 
3 949 973 972 
3 951 973 949 
3 971 952 948 
3 974 952 971 
3 974 975 952 
3 952 975 953 
3 953 975 976 
3 955 953 976 
3 978 977 973 
3 978 973 956 
3 956 973 951 
3 977 978 979 
3 976 980 955 
3 980 957 955 
3 981 983 982 
3 983 958 982 
3 983 984 958 
3 984 960 958 
3 986 962 960 
3 986 960 985 
3 985 960 984 
3 985 987 986 
3 986 963 962 
3 963 986 987 
3 963 987 964 
3 964 987 988 
3 988 965 964 
3 989 965 988 
3 991 967 965 
3 991 965 990 
3 990 965 989 
3 990 992 991 
3 991 968 967 
3 992 968 991 
3 992 993 968 
3 993 969 968 
3 993 994 969 
3 969 994 970 
3 996 971 970 
3 996 970 995 
3 995 970 994 
3 995 997 996 
3 972 999 998 
3 973 999 972 
3 996 974 971 
3 997 974 996 
3 997 1000 974 
3 1000 975 974 
3 975 1000 1001 
3 976 975 1001 
3 999 973 977 
3 1002 999 977 
3 977 1003 1002 
3 979 1003 977 
3 1001 1004 976 
3 1004 980 976 
3 1007 983 981 
3 1007 981 1006 
3 1006 981 1005 
3 1006 1008 1007 
3 1007 984 983 
3 1008 984 1007 
3 1008 1009 984 
3 1009 985 984 
3 985 1009 1010 
3 987 985 1010 
3 1012 1010 1011 
3 1012 988 1010 
3 988 987 1010 
3 1011 1013 1012 
3 1012 989 988 
3 1013 989 1012 
3 1013 1014 989 
3 1014 990 989 
3 990 1014 1015 
3 992 990 1015 
3 1015 993 992 
3 1016 993 1015 
3 1016 1017 993 
3 993 1017 994 
3 1017 1018 994 
3 994 1018 995 
3 995 1018 1019 
3 997 995 1019 
3 1022 998 999 
3 1022 1021 998 
3 1021 1020 998 
3 1021 1022 1023 
3 1019 1000 997 
3 1024 1000 1019 
3 1000 1024 1025 
3 1001 1000 1025 
3 1022 999 1002 
3 1002 1003 1027 
3 1022 1002 1027 
3 1022 1027 1026 
3 1022 1026 1023 
3 1026 1027 1028 
3 1030 1025 1029 
3 1030 1004 1025 
3 1004 1001 1025 
3 1029 1031 1030 
3 1032 1033 1005 
3 1005 1033 1006 
3 1006 1033 1034 
3 1008 1006 1034 
3 1034 1009 1008 
3 1035 1009 1034 
3 1037 1010 1009 
3 1037 1009 1036 
3 1036 1009 1035 
3 1036 1038 1037 
3 1037 1011 1010 
3 1011 1037 1038 
3 1011 1038 1013 
3 1013 1038 1039 
3 1039 1014 1013 
3 1040 1014 1039 
3 1042 1015 1014 
3 1042 1014 1041 
3 1041 1014 1040 
3 1041 1043 1044 
3 1042 1041 1044 
3 1043 1045 1044 
3 1046 1047 1048 
3 1042 1016 1015 
3 1044 1016 1042 
3 1017 1016 1044 
3 1045 1017 1044 
3 1045 1049 1017 
3 1049 1018 1017 
3 1018 1049 1050 
3 1019 1018 1050 
3 1048 1047 1020 
3 1048 1020 1051 
3 1051 1020 1021 
3 1021 1052 1051 
3 1023 1052 1021 
3 1050 1024 1019 
3 1053 1024 1050 
3 1024 1053 1054 
3 1025 1024 1054 
3 1052 1023 1026 
3 1055 1052 1026 
3 1026 1056 1055 
3 1028 1056 1026 
3 1029 1058 1057 
3 1029 1025 1058 
3 1025 1054 1058 
3 1029 1057 1031 
3 1059 1060 1032 
3 1032 1060 1033 
3 1033 1060 1061 
3 1034 1033 1061 
3 1061 1035 1034 
3 1062 1035 1061 
3 1064 1063 1036 
3 1064 1036 1062 
3 1062 1036 1035 
3 1036 1063 1038 
3 1064 1065 1063 
3 1063 1065 1066 
3 1063 1066 1038 
3 1038 1066 1039 
3 1066 1040 1039 
3 1067 1040 1066 
3 1067 1068 1040 
3 1040 1068 1041 
3 1068 1069 1041 
3 1041 1069 1043 
3 1043 1069 1070 
3 1045 1043 1070 
3 1046 1072 1071 
3 1048 1072 1046 
3 1070 1049 1045 
3 1073 1049 1070 
3 1075 1050 1049 
3 1075 1049 1074 
3 1074 1049 1073 
3 1074 1076 1075 
3 1072 1048 1051 
3 1077 1072 1051 
3 1079 1051 1052 
3 1079 1078 1051 
3 1078 1077 1051 
3 1078 1079 1080 
3 1075 1053 1050 
3 1053 1082 1054 
3 1075 1082 1053 
3 1075 1081 1082 
3 1075 1076 1081 
3 1081 1083 1082 
3 1079 1052 1055 
3 1055 1056 1085 
3 1079 1055 1085 
3 1079 1085 1084 
3 1079 1084 1080 
3 1084 1085 1086 
3 1087 1054 1082 
3 1087 1088 1054 
3 1088 1058 1054 
3 1082 1083 1087 
3 1089 1090 1059 
3 1059 1090 1060 
3 1060 1090 1091 
3 1061 1060 1091 
3 1091 1062 1061 
3 1092 1062 1091 
3 1062 1092 1093 
3 1064 1062 1093 
3 1093 1065 1064 
3 1094 1065 1093 
3 1096 1066 1065 
3 1096 1065 1095 
3 1095 1065 1094 
3 1095 1097 1096 
3 1096 1067 1066 
3 1097 1067 1096 
3 1097 1098 1067 
3 1098 1068 1067 
3 1098 1099 1068 
3 1068 1099 1069 
3 1069 1099 1100 
3 1070 1069 1100 
3 1103 1071 1072 
3 1103 1102 1071 
3 1102 1101 1071 
3 1102 1103 1104 
3 1100 1073 1070 
3 1105 1073 1100 
3 1105 1106 1073 
3 1073 1106 1074 
3 1108 1076 1074 
3 1108 1074 1107 
3 1107 1074 1106 
3 1107 1109 1108 
3 1103 1072 1077 
3 1104 1103 1077 
3 1104 1077 1110 
3 1110 1077 1078 
3 1078 1111 1110 
3 1080 1111 1078 
3 1108 1081 1076 
3 1081 1108 1109 
3 1081 1109 1083 
3 1083 1109 1112 
3 1111 1080 1084 
3 1113 1111 1084 
3 1084 1114 1113 
3 1086 1114 1084 
3 1088 1115 1116 
3 1087 1115 1088 
3 1115 1087 1083 
3 1112 1115 1083 
3 1117 1118 1089 
3 1089 1118 1090 
3 1090 1118 1119 
3 1091 1090 1119 
3 1119 1092 1091 
3 1120 1092 1119 
3 1092 1120 1121 
3 1093 1092 1121 
3 1121 1094 1093 
3 1122 1094 1121 
3 1122 1123 1094 
3 1094 1123 1095 
3 1095 1123 1124 
3 1097 1095 1124 
3 1124 1098 1097 
3 1125 1098 1124 
3 1125 1126 1098 
3 1098 1126 1099 
3 1128 1100 1099 
3 1128 1099 1127 
3 1127 1099 1126 
3 1127 1129 1128 
3 1130 1101 1131 
3 1101 1102 1131 
3 1102 1132 1131 
3 1104 1132 1102 
3 1128 1105 1100 
3 1129 1105 1128 
3 1129 1133 1105 
3 1133 1106 1105 
3 1133 1134 1106 
3 1106 1134 1107 
3 1107 1134 1135 
3 1109 1107 1135 
3 1132 1104 1110 
3 1136 1132 1110 
3 1138 1110 1111 
3 1138 1137 1110 
3 1137 1136 1110 
3 1137 1138 1139 
3 1135 1140 1109 
3 1140 1112 1109 
3 1138 1111 1113 
3 1113 1114 1142 
3 1138 1113 1142 
3 1138 1142 1141 
3 1138 1141 1139 
3 1141 1142 1143 
3 1146 1145 1144 
3 1116 1144 1145 
3 1116 1115 1144 
3 1115 1147 1144 
3 1147 1115 1112 
3 1140 1147 1112 
3 1148 1149 1117 
3 1117 1149 1118 
3 1118 1149 1150 
3 1119 1118 1150 
3 1150 1120 1119 
3 1151 1120 1150 
3 1153 1121 1120 
3 1153 1120 1152 
3 1152 1120 1151 
3 1152 1154 1153 
3 1153 1122 1121 
3 1154 1122 1153 
3 1154 1155 1122 
3 1155 1123 1122 
3 1157 1124 1123 
3 1157 1123 1156 
3 1156 1123 1155 
3 1156 1158 1159 
3 1157 1156 1159 
3 1158 1160 1159 
3 1161 1162 1163 
3 1157 1125 1124 
3 1159 1125 1157 
3 1126 1125 1159 
3 1160 1126 1159 
3 1160 1164 1126 
3 1164 1127 1126 
3 1166 1129 1127 
3 1166 1127 1165 
3 1165 1127 1164 
3 1165 1167 1166 
3 1163 1162 1130 
3 1163 1130 1168 
3 1168 1130 1131 
3 1170 1131 1132 
3 1170 1169 1131 
3 1169 1168 1131 
3 1169 1170 1171 
3 1166 1133 1129 
3 1167 1133 1166 
3 1167 1172 1133 
3 1172 1134 1133 
3 1134 1172 1173 
3 1135 1134 1173 
3 1170 1132 1136 
3 1171 1170 1136 
3 1171 1136 1174 
3 1174 1136 1137 
3 1137 1175 1174 
3 1139 1175 1137 
3 1177 1173 1176 
3 1177 1140 1173 
3 1140 1135 1173 
3 1176 1178 1177 
3 1175 1139 1141 
3 1179 1175 1141 
3 1141 1180 1179 
3 1143 1180 1141 
3 1144 1181 1146 
3 1181 1182 1183 
3 1181 1144 1182 
3 1144 1147 1182 
3 1140 1177 1184 
3 1140 1184 1147 
3 1147 1184 1182 
3 1177 1178 1184 
3 1185 1187 1186 
3 1187 1148 1186 
3 1187 1188 1148 
3 1188 1149 1148 
3 1149 1188 1189 
3 1150 1149 1189 
3 1192 1190 1191 
3 1190 1193 1191 
3 1189 1151 1150 
3 1194 1151 1189 
3 1191 1194 1192 
3 1191 1152 1194 
3 1152 1151 1194 
3 1152 1196 1154 
3 1191 1196 1152 
3 1191 1195 1196 
3 1191 1193 1195 
3 1195 1197 1198 
3 1196 1195 1198 
3 1197 1199 1198 
3 1196 1155 1154 
3 1198 1155 1196 
3 1156 1155 1198 
3 1199 1156 1198 
3 1199 1200 1156 
3 1200 1158 1156 
3 1202 1160 1158 
3 1202 1158 1201 
3 1201 1158 1200 
3 1201 1203 1202 
3 1161 1205 1204 
3 1163 1205 1161 
3 1202 1164 1160 
3 1203 1164 1202 
3 1203 1206 1164 
3 1206 1165 1164 
3 1208 1167 1165 
3 1208 1165 1207 
3 1207 1165 1206 
3 1207 1209 1208 
3 1205 1163 1168 
3 1210 1205 1168 
3 1210 1168 1211 
3 1168 1169 1211 
3 1213 1169 1171 
3 1213 1212 1169 
3 1212 1211 1169 
3 1212 1213 1214 
3 1208 1172 1167 
3 1172 1216 1173 
3 1208 1216 1172 
3 1208 1215 1216 
3 1208 1209 1215 
3 1215 1217 1216 
3 1213 1171 1174 
3 1174 1175 1219 
3 1213 1174 1219 
3 1213 1219 1218 
3 1213 1218 1214 
3 1218 1221 1220 
3 1219 1221 1218 
3 1220 1221 1222 
3 1216 1176 1173 
3 1176 1216 1217 
3 1176 1217 1178 
3 1178 1217 1223 
3 1219 1175 1179 
3 1179 1180 1224 
3 1179 1224 1219 
3 1219 1224 1221 
3 1222 1226 1225 
3 1222 1221 1226 
3 1221 1224 1226 
3 1225 1226 194 
3 195 1228 1227 
3 1183 1227 1228 
3 1183 1182 1227 
3 1182 1229 1227 
3 199 1184 1230 
3 199 1229 1184 
3 1229 1182 1184 
3 1230 1184 1178 
3 1230 1178 200 
3 200 1178 1223 
3 1235 1232 1231 
3 1235 1231 1234 
3 1234 1231 1233 
3 1233 1236 1234 
3 1234 1236 1237 
3 1236 1238 1237 
3 1237 1238 1239 
3 1239 1238 1240 
3 1241 1239 1240 
3 1232 1243 1242 
3 1232 1235 1243 
3 1235 1244 1243 
3 1240 1246 1241 
3 1245 1246 1240 
3 1245 1247 1246 
3 1246 1247 1248 
3 1248 1247 1249 
3 1250 1248 1249 
3 1243 1244 1251 
3 1251 1244 1252 
3 1249 1254 1250 
3 1253 1254 1249 
3 1253 1255 1254 
3 1254 1255 1256 
3 1256 1255 1257 
3 1258 1256 1257 
3 1259 1252 1260 
3 1251 1252 1259 
3 1257 1262 1258 
3 1261 1262 1257 
3 1262 1261 1263 
3 1264 1262 1263 
3 1268 1265 1267 
3 1266 1265 1268 
3 1265 1266 1269 
3 1266 1270 1269 
3 1269 1270 1271 
3 1270 1272 1271 
3 1272 1273 1271 
3 1274 1273 1272 
3 1263 1276 1264 
3 1275 1276 1263 
3 1276 1275 1277 
3 1278 1276 1277 
3 1279 1281 1283 
3 1279 1280 1281 
3 1280 1282 1281 
3 1281 1282 1268 
3 1267 1281 1268 
3 1273 1274 1285 
3 1284 1273 1285 
3 1288 1287 1286 
3 1288 1284 1287 
3 1284 1285 1287 
3 1287 1289 1286 
3 1291 1277 1290 
3 1291 1292 1277 
3 1292 1278 1277 
3 1290 1293 1291 
3 1279 1283 1294 
3 1288 1286 1295 
3 1286 1289 1297 
3 1286 1297 1295 
3 1295 1297 1296 
3 1297 1298 1296 
3 1299 1298 1297 
3 1291 1300 1292 
3 1293 1300 1291 
3 1293 1301 1300 
3 1301 1302 1300 
3 1302 1301 1303 
3 1304 1302 1303 
3 1298 1299 1306 
3 1305 1298 1306 
3 1306 1307 1305 
3 1308 1307 1306 
3 1303 1310 1304 
3 1309 1310 1303 
3 1312 1313 1310 
3 1312 1310 1311 
3 1311 1310 1309 
3 1311 1314 1312 
3 1316 1315 1307 
3 1316 1307 1317 
3 1317 1307 1308 
3 1315 1316 1318 
3 1312 1319 1313 
3 1319 1321 1322 
3 1312 1321 1319 
3 1312 1320 1321 
3 1312 1314 1320 
3 1320 1323 1324 
3 1321 1320 1324 
3 1323 1325 1324 
3 1316 1317 1326 
3 1326 1329 1328 
3 1316 1326 1328 
3 1316 1328 1327 
3 1316 1327 1318 
3 1327 1328 1330 
3 1321 1331 1322 
3 1324 1331 1321 
3 1332 1331 1324 
3 1332 1334 1335 
3 1324 1334 1332 
3 1324 1333 1334 
3 1324 1325 1333 
3 1328 1329 1336 
3 1330 1328 1336 
3 1330 1336 1337 
3 1337 1336 1338 
3 1338 1339 1337 
3 1340 1339 1338 
3 1334 1341 1335 
3 1339 1340 1343 
3 1342 1339 1343 
3 1345 1343 1346 
3 1345 1344 1343 
3 1344 1342 1343 
3 1344 1345 1347 
3 1345 1346 1348 
3 1347 1345 1348 
3 1347 1348 1349 
3 1349 1348 1350 
3 1352 1350 1353 
3 1352 1351 1350 
3 1351 1349 1350 
3 1351 1352 1354 
3 1352 1353 1355 
3 1354 1352 1355 
3 1354 1355 1356 
3 1356 1355 1357 
3 1358 1360 1359 
3 1358 1359 1231 
3 1231 1359 1233 
3 1359 1361 1233 
3 1233 1361 1236 
3 1361 1362 1236 
3 1236 1362 1238 
3 1238 1362 1363 
3 1240 1238 1363 
3 1242 1360 1358 
3 1242 1243 1360 
3 1243 1364 1360 
3 1363 1245 1240 
3 1365 1245 1363 
3 1365 1366 1245 
3 1245 1366 1247 
3 1368 1249 1247 
3 1368 1247 1367 
3 1367 1247 1366 
3 1367 1369 1368 
3 1364 1243 1370 
3 1370 1243 1251 
3 1368 1253 1249 
3 1369 1253 1368 
3 1369 1371 1253 
3 1371 1255 1253 
3 1373 1257 1255 
3 1373 1255 1372 
3 1372 1255 1371 
3 1372 1374 1373 
3 1375 1251 1259 
3 1375 1376 1251 
3 1376 1370 1251 
3 1373 1261 1257 
3 1261 1373 1374 
3 1261 1374 1263 
3 1263 1374 1377 
3 1381 1375 1378 
3 1381 1380 1375 
3 1376 1375 1379 
3 1379 1375 1380 
3 1267 1379 1380 
3 1267 1265 1379 
3 1265 1382 1379 
3 1382 1265 1383 
3 1265 1269 1383 
3 1383 1269 1384 
3 1269 1271 1384 
3 1271 1385 1384 
3 1273 1385 1271 
3 1377 1275 1263 
3 1386 1275 1377 
3 1275 1386 1387 
3 1277 1275 1387 
3 1380 1283 1281 
3 1380 1381 1283 
3 1381 1388 1283 
3 1380 1281 1267 
3 1385 1273 1284 
3 1389 1385 1284 
3 1391 1284 1288 
3 1391 1390 1284 
3 1390 1389 1284 
3 1390 1391 1392 
3 1387 1290 1277 
3 1393 1290 1387 
3 1290 1393 1394 
3 1293 1290 1394 
3 1396 1283 1388 
3 1396 1395 1283 
3 1396 1397 1395 
3 1294 1283 1395 
3 1396 1398 1397 
3 1391 1288 1295 
3 1392 1391 1295 
3 1392 1295 1399 
3 1399 1295 1296 
3 1296 1400 1399 
3 1298 1400 1296 
3 1394 1301 1293 
3 1401 1301 1394 
3 1403 1303 1301 
3 1403 1301 1402 
3 1402 1301 1401 
3 1402 1404 1403 
3 1406 1407 1405 
3 1406 1405 1397 
3 1397 1405 1395 
3 1397 1398 1406 
3 1400 1298 1305 
3 1408 1400 1305 
3 1305 1409 1408 
3 1307 1409 1305 
3 1403 1309 1303 
3 1404 1309 1403 
3 1404 1410 1309 
3 1410 1311 1309 
3 1412 1314 1311 
3 1412 1311 1411 
3 1411 1311 1410 
3 1411 1413 1412 
3 1407 1415 1414 
3 1405 1407 1414 
3 1409 1307 1315 
3 1416 1409 1315 
3 1315 1417 1416 
3 1318 1417 1315 
3 1412 1320 1314 
3 1413 1320 1412 
3 1413 1418 1320 
3 1418 1323 1320 
3 1420 1325 1323 
3 1420 1323 1419 
3 1419 1323 1418 
3 1414 1415 1421 
3 1417 1318 1327 
3 1422 1417 1327 
3 1327 1423 1422 
3 1330 1423 1327 
3 1420 1333 1325 
3 1423 1330 1337 
3 1424 1423 1337 
3 1426 1337 1339 
3 1426 1425 1337 
3 1425 1424 1337 
3 1425 1426 1427 
3 1426 1339 1342 
3 1427 1426 1342 
3 1427 1342 1428 
3 1428 1342 1344 
3 1430 1344 1347 
3 1430 1429 1344 
3 1429 1428 1344 
3 1429 1430 1431 
3 1430 1347 1349 
3 1431 1430 1349 
3 1431 1349 1432 
3 1432 1349 1351 
3 1351 1433 1432 
3 1354 1433 1351 
3 1433 1354 1356 
3 1434 1433 1356 
3 1437 1435 1436 
3 1435 1438 1436 
3 1360 1440 1439 
3 1360 1439 1359 
3 1359 1439 1441 
3 1436 1441 1437 
3 1436 1361 1441 
3 1361 1359 1441 
3 1438 1361 1436 
3 1438 1442 1361 
3 1442 1362 1361 
3 1444 1363 1362 
3 1444 1362 1443 
3 1443 1362 1442 
3 1443 1445 1444 
3 1440 1447 1446 
3 1440 1360 1447 
3 1360 1364 1447 
3 1444 1365 1363 
3 1445 1365 1444 
3 1445 1448 1365 
3 1448 1366 1365 
3 1448 1449 1366 
3 1366 1449 1367 
3 1367 1449 1450 
3 1369 1367 1450 
3 1447 1364 1451 
3 1451 1364 1370 
3 1450 1371 1369 
3 1452 1371 1450 
3 1452 1453 1371 
3 1371 1453 1372 
3 1372 1453 1454 
3 1374 1372 1454 
3 1451 1370 1455 
3 1455 1370 1376 
3 1454 1456 1374 
3 1456 1377 1374 
3 1457 1381 1378 
3 1459 1376 1458 
3 1459 1455 1376 
3 1376 1379 1458 
3 1458 1460 1461 
3 1458 1379 1460 
3 1379 1382 1460 
3 1460 1382 1462 
3 1382 1383 1462 
3 1462 1383 1463 
3 1383 1384 1463 
3 1465 1384 1385 
3 1465 1464 1384 
3 1464 1463 1384 
3 1464 1465 1466 
3 1456 1386 1377 
3 1467 1386 1456 
3 1469 1387 1386 
3 1469 1386 1468 
3 1468 1386 1467 
3 1468 1470 1469 
3 1458 1472 1459 
3 1457 1471 1381 
3 1381 1471 1473 
3 1381 1473 1388 
3 1458 1461 1472 
3 1465 1385 1389 
3 1466 1465 1389 
3 1466 1389 1474 
3 1474 1389 1390 
3 1390 1475 1474 
3 1392 1475 1390 
3 1469 1393 1387 
3 1393 1477 1394 
3 1469 1477 1393 
3 1469 1476 1477 
3 1469 1470 1476 
3 1476 1478 1477 
3 1473 1396 1388 
3 1479 1396 1473 
3 1396 1479 1480 
3 1398 1396 1480 
3 1475 1392 1399 
3 1481 1475 1399 
3 1483 1399 1400 
3 1483 1482 1399 
3 1482 1481 1399 
3 1482 1483 1484 
3 1477 1401 1394 
3 1478 1401 1477 
3 1478 1485 1401 
3 1485 1402 1401 
3 1487 1404 1402 
3 1487 1402 1486 
3 1486 1402 1485 
3 1486 1488 1487 
3 1406 1489 1407 
3 1489 1406 1398 
3 1489 1398 1490 
3 1490 1398 1480 
3 1483 1400 1408 
3 1408 1409 1492 
3 1483 1408 1492 
3 1483 1492 1491 
3 1483 1491 1484 
3 1491 1492 1493 
3 1487 1410 1404 
3 1488 1410 1487 
3 1488 1494 1410 
3 1494 1411 1410 
3 1496 1413 1411 
3 1496 1411 1495 
3 1495 1411 1494 
3 1495 1497 1498 
3 1496 1495 1498 
3 1499 1407 1489 
3 1499 1500 1407 
3 1500 1415 1407 
3 1489 1490 1499 
3 1492 1409 1416 
3 1416 1417 1502 
3 1492 1416 1502 
3 1492 1502 1501 
3 1492 1501 1493 
3 1501 1502 1503 
3 1496 1418 1413 
3 1498 1418 1496 
3 1419 1418 1498 
3 1504 1421 1415 
3 1500 1504 1415 
3 1502 1417 1422 
3 1422 1423 1506 
3 1502 1422 1506 
3 1502 1506 1505 
3 1502 1505 1503 
3 1505 1506 1507 
3 1506 1423 1424 
3 1507 1506 1424 
3 1507 1424 1508 
3 1508 1424 1425 
3 1425 1509 1508 
3 1427 1509 1425 
3 1509 1427 1428 
3 1510 1509 1428 
3 1512 1429 1511 
3 1512 1510 1429 
3 1510 1428 1429 
3 1429 1431 1511 
3 1512 1511 1513 
3 1511 1431 1432 
3 1511 1432 1513 
3 1513 1432 1514 
3 1516 1432 1433 
3 1516 1515 1432 
3 1515 1514 1432 
3 1516 1433 1434 
3 1437 1518 1517 
3 1435 1437 1517 
3 1520 1438 1435 
3 1520 1435 1519 
3 1519 1435 1517 
3 1519 1521 1520 
3 1522 1524 1523 
3 1522 1523 1439 
3 1439 1523 1441 
3 1523 1437 1441 
3 1518 1437 1523 
3 1520 1442 1438 
3 1521 1442 1520 
3 1521 1525 1442 
3 1525 1443 1442 
3 1527 1445 1443 
3 1527 1443 1526 
3 1526 1443 1525 
3 1526 1528 1527 
3 1446 1524 1522 
3 1446 1447 1524 
3 1447 1529 1524 
3 1527 1448 1445 
3 1528 1448 1527 
3 1528 1530 1448 
3 1530 1449 1448 
3 1449 1530 1531 
3 1450 1449 1531 
3 1529 1447 1532 
3 1532 1447 1451 
3 1531 1452 1450 
3 1533 1452 1531 
3 1533 1534 1452 
3 1452 1534 1453 
3 1453 1534 1535 
3 1454 1453 1535 
3 1537 1536 1532 
3 1537 1532 1455 
3 1455 1532 1451 
3 1536 1537 1538 
3 1541 1540 1539 
3 1539 1540 1542 
3 1544 1535 1543 
3 1544 1456 1535 
3 1456 1454 1535 
3 1543 1545 1544 
3 1546 1537 1455 
3 1546 1455 1547 
3 1547 1455 1459 
3 1548 1537 1460 
3 1548 1538 1537 
3 1460 1537 1461 
3 1546 1549 1537 
3 1461 1537 1549 
3 1540 1541 1548 
3 1540 1548 1462 
3 1462 1548 1460 
3 1542 1540 1462 
3 1542 1462 1550 
3 1550 1462 1463 
3 1550 1463 1551 
3 1463 1464 1551 
3 1464 1552 1551 
3 1466 1552 1464 
3 1544 1467 1456 
3 1545 1467 1544 
3 1545 1553 1467 
3 1553 1468 1467 
3 1555 1470 1468 
3 1555 1468 1554 
3 1554 1468 1553 
3 1554 1556 1555 
3 1459 1558 1547 
3 1459 1472 1558 
3 1547 1558 1557 
3 1473 1471 1558 
3 1557 1558 1471 
3 1558 1472 1461 
3 1558 1461 1559 
3 1559 1461 1549 
3 1552 1466 1474 
3 1560 1552 1474 
3 1562 1474 1475 
3 1562 1561 1474 
3 1561 1560 1474 
3 1561 1562 1563 
3 1555 1476 1470 
3 1476 1565 1478 
3 1555 1565 1476 
3 1555 1564 1565 
3 1555 1556 1564 
3 1564 1566 1567 
3 1565 1564 1567 
3 1566 1568 1567 
3 1479 1571 1570 
3 1479 1473 1571 
3 1569 1571 1558 
3 1558 1571 1473 
3 1569 1558 1559 
3 1570 1480 1479 
3 1562 1475 1481 
3 1563 1562 1481 
3 1563 1481 1572 
3 1572 1481 1482 
3 1482 1573 1572 
3 1484 1573 1482 
3 1565 1485 1478 
3 1567 1485 1565 
3 1486 1485 1567 
3 1486 1575 1488 
3 1567 1575 1486 
3 1567 1574 1575 
3 1567 1568 1574 
3 1574 1576 1577 
3 1575 1574 1577 
3 1576 1578 1577 
3 1580 1570 1571 
3 1579 1570 1580 
3 1570 1579 1490 
3 1480 1570 1490 
3 1573 1484 1491 
3 1581 1573 1491 
3 1491 1582 1581 
3 1493 1582 1491 
3 1575 1494 1488 
3 1577 1494 1575 
3 1495 1494 1577 
3 1578 1495 1577 
3 1578 1583 1495 
3 1583 1497 1495 
3 1579 1500 1499 
3 1580 1500 1579 
3 1580 1585 1500 
3 1580 1584 1585 
3 1579 1499 1490 
3 1582 1493 1501 
3 1586 1582 1501 
3 1501 1587 1586 
3 1503 1587 1501 
3 1585 1504 1500 
3 1587 1503 1505 
3 1588 1587 1505 
3 1505 1589 1588 
3 1507 1589 1505 
3 1589 1507 1508 
3 1590 1589 1508 
3 1592 1508 1509 
3 1592 1591 1508 
3 1591 1590 1508 
3 1591 1592 1593 
3 1592 1509 1510 
3 1510 1512 1595 
3 1592 1510 1595 
3 1592 1595 1594 
3 1592 1594 1593 
3 1594 1595 1596 
3 1595 1512 1513 
3 1596 1595 1513 
3 1596 1513 1597 
3 1597 1513 1514 
3 1597 1514 1598 
3 1514 1515 1598 
3 1601 1599 1600 
3 1518 1600 1599 
3 1518 1599 1517 
3 1517 1599 1602 
3 1602 1603 1517 
3 1517 1603 1519 
3 1519 1603 1604 
3 1521 1519 1604 
3 1600 1523 1524 
3 1600 1524 1601 
3 1601 1524 1605 
3 1600 1518 1523 
3 1604 1525 1521 
3 1606 1525 1604 
3 1606 1607 1525 
3 1525 1607 1526 
3 1526 1607 1608 
3 1528 1526 1608 
3 1605 1524 1609 
3 1609 1524 1529 
3 1608 1530 1528 
3 1610 1530 1608 
3 1530 1610 1611 
3 1531 1530 1611 
3 1609 1529 1612 
3 1612 1529 1532 
3 1611 1533 1531 
3 1613 1533 1611 
3 1613 1614 1533 
3 1533 1614 1534 
3 1534 1614 1615 
3 1535 1534 1615 
3 1612 1532 1536 
3 1616 1612 1536 
3 1618 1536 1538 
3 1618 1617 1536 
3 1617 1616 1536 
3 1541 1617 1618 
3 1541 1539 1617 
3 1539 1619 1617 
3 1539 1620 1619 
3 1542 1620 1539 
3 1615 1543 1535 
3 1621 1543 1615 
3 1623 1545 1543 
3 1623 1543 1622 
3 1622 1543 1621 
3 1622 1624 1623 
3 1546 1547 1625 
3 1538 1548 1618 
3 1546 1625 1549 
3 1618 1548 1541 
3 1620 1542 1550 
3 1626 1620 1550 
3 1626 1550 1627 
3 1550 1551 1627 
3 1551 1628 1627 
3 1552 1628 1551 
3 1623 1553 1545 
3 1624 1553 1623 
3 1624 1629 1553 
3 1629 1554 1553 
3 1554 1629 1630 
3 1556 1554 1630 
3 1547 1557 1631 
3 1547 1631 1632 
3 1547 1632 1625 
3 1632 1631 1633 
3 1625 1632 1559 
3 1549 1625 1559 
3 1628 1552 1560 
3 1634 1628 1560 
3 1636 1561 1635 
3 1636 1634 1561 
3 1634 1560 1561 
3 1561 1563 1635 
3 1630 1564 1556 
3 1637 1564 1630 
3 1637 1638 1564 
3 1564 1638 1566 
3 1566 1638 1639 
3 1568 1566 1639 
3 1632 1571 1569 
3 1632 1633 1571 
3 1633 1640 1571 
3 1632 1569 1559 
3 1636 1635 1641 
3 1635 1563 1572 
3 1635 1572 1641 
3 1641 1572 1642 
3 1572 1643 1642 
3 1573 1643 1572 
3 1639 1574 1568 
3 1644 1574 1639 
3 1644 1645 1574 
3 1574 1645 1576 
3 1576 1645 1646 
3 1578 1576 1646 
3 1640 1647 1571 
3 1647 1580 1571 
3 1643 1573 1581 
3 1648 1643 1581 
3 1650 1581 1582 
3 1650 1649 1581 
3 1649 1648 1581 
3 1649 1650 1651 
3 1646 1583 1578 
3 1652 1583 1646 
3 1653 1584 1580 
3 1647 1653 1580 
3 1650 1582 1586 
3 1586 1587 1655 
3 1650 1586 1655 
3 1650 1655 1654 
3 1650 1654 1651 
3 1654 1655 1656 
3 1655 1587 1588 
3 1588 1589 1658 
3 1655 1588 1658 
3 1655 1658 1657 
3 1655 1657 1656 
3 1657 1658 1659 
3 1658 1589 1590 
3 1659 1658 1590 
3 1659 1590 1660 
3 1660 1590 1591 
3 1591 1661 1660 
3 1593 1661 1591 
3 1661 1593 1594 
3 1662 1661 1594 
3 1664 1594 1596 
3 1664 1663 1594 
3 1663 1662 1594 
3 1663 1664 1665 
3 1664 1596 1597 
3 1665 1664 1597 
3 1665 1597 1666 
3 1666 1597 1598 
3 1601 1668 1667 
3 1599 1601 1667 
3 1667 1669 1599 
3 1599 1669 1602 
3 1669 1670 1602 
3 1602 1670 1603 
3 1672 1604 1603 
3 1672 1603 1671 
3 1671 1603 1670 
3 1671 1673 1672 
3 1668 1601 1674 
3 1674 1601 1605 
3 1672 1606 1604 
3 1673 1606 1672 
3 1673 1675 1606 
3 1675 1607 1606 
3 1607 1675 1676 
3 1608 1607 1676 
3 1674 1605 1677 
3 1677 1605 1609 
3 1676 1610 1608 
3 1678 1610 1676 
3 1680 1611 1610 
3 1680 1610 1679 
3 1679 1610 1678 
3 1679 1681 1680 
3 1677 1609 1682 
3 1682 1609 1612 
3 1680 1613 1611 
3 1681 1613 1680 
3 1681 1683 1613 
3 1683 1614 1613 
3 1685 1615 1614 
3 1685 1614 1684 
3 1684 1614 1683 
3 1684 1686 1685 
3 1682 1612 1616 
3 1687 1682 1616 
3 1689 1617 1688 
3 1689 1687 1617 
3 1687 1616 1617 
3 1619 1688 1617 
3 1690 1688 1619 
3 1619 1620 1690 
3 1685 1621 1615 
3 1686 1621 1685 
3 1686 1691 1621 
3 1691 1622 1621 
3 1622 1691 1692 
3 1624 1622 1692 
3 1689 1688 1693 
3 1688 1690 1694 
3 1693 1688 1694 
3 1690 1620 1626 
3 1690 1626 1694 
3 1694 1626 1695 
3 1695 1626 1696 
3 1626 1627 1696 
3 1698 1627 1628 
3 1698 1697 1627 
3 1697 1696 1627 
3 1697 1698 1699 
3 1692 1629 1624 
3 1700 1629 1692 
3 1629 1700 1701 
3 1630 1629 1701 
3 1631 1702 1633 
3 1698 1628 1634 
3 1634 1636 1704 
3 1698 1634 1704 
3 1698 1704 1703 
3 1698 1703 1699 
3 1703 1704 1705 
3 1701 1637 1630 
3 1706 1637 1701 
3 1706 1707 1637 
3 1637 1707 1638 
3 1638 1707 1708 
3 1639 1638 1708 
3 1702 1709 1640 
3 1633 1702 1640 
3 1704 1636 1641 
3 1705 1704 1641 
3 1705 1641 1710 
3 1710 1641 1642 
3 1642 1711 1710 
3 1643 1711 1642 
3 1708 1644 1639 
3 1712 1644 1708 
3 1712 1713 1644 
3 1644 1713 1645 
3 1645 1713 1714 
3 1646 1645 1714 
3 1709 1715 1647 
3 1640 1709 1647 
3 1711 1643 1648 
3 1716 1711 1648 
3 1718 1649 1717 
3 1718 1716 1649 
3 1716 1648 1649 
3 1649 1651 1717 
3 1714 1652 1646 
3 1719 1652 1714 
3 1715 1653 1647 
3 1718 1717 1720 
3 1717 1651 1654 
3 1717 1654 1720 
3 1720 1654 1721 
3 1723 1654 1656 
3 1723 1722 1654 
3 1722 1721 1654 
3 1722 1723 1724 
3 1725 1726 1727 
3 1723 1656 1657 
3 1723 1657 1659 
3 1723 1659 1729 
3 1723 1729 1724 
3 1728 1724 1729 
3 1725 1730 1726 
3 1728 1732 1731 
3 1729 1732 1728 
3 1731 1732 1733 
3 1735 1727 1726 
3 1734 1735 1726 
3 1730 1736 1734 
3 1730 1734 1726 
3 1659 1660 1729 
3 1660 1661 1737 
3 1660 1737 1729 
3 1729 1737 1732 
3 1733 1737 1738 
3 1732 1737 1733 
3 1735 1734 1739 
3 1734 1736 1739 
3 1737 1661 1662 
3 1737 1662 1663 
3 1737 1663 1741 
3 1737 1741 1738 
3 1740 1741 1663 
3 1663 1665 1740 
3 1741 1740 1742 
3 1740 1665 1666 
3 1740 1666 1742 
3 1742 1666 1743 
3 1668 1745 1744 
3 1667 1668 1744 
3 1744 1746 1667 
3 1667 1746 1669 
3 1746 1747 1669 
3 1669 1747 1670 
3 1747 1748 1670 
3 1670 1748 1671 
3 1671 1748 1749 
3 1673 1671 1749 
3 1745 1668 1750 
3 1750 1668 1674 
3 1749 1675 1673 
3 1751 1675 1749 
3 1675 1751 1752 
3 1676 1675 1752 
3 1754 1753 1750 
3 1754 1750 1677 
3 1677 1750 1674 
3 1753 1754 1755 
3 1752 1678 1676 
3 1756 1678 1752 
3 1758 1757 1679 
3 1758 1679 1756 
3 1756 1679 1678 
3 1679 1757 1681 
3 1759 1754 1677 
3 1759 1677 1760 
3 1760 1677 1682 
3 1754 1759 1755 
3 1758 1761 1757 
3 1757 1683 1681 
3 1757 1761 1683 
3 1761 1762 1683 
3 1762 1763 1683 
3 1683 1763 1684 
3 1684 1763 1764 
3 1686 1684 1764 
3 1760 1682 1687 
3 1765 1760 1687 
3 1687 1766 1765 
3 1689 1766 1687 
3 1769 1768 1767 
3 1767 1768 1770 
3 1773 1772 1771 
3 1771 1772 1774 
3 1764 1691 1686 
3 1775 1691 1764 
3 1777 1692 1691 
3 1777 1691 1776 
3 1776 1691 1775 
3 1776 1778 1777 
3 1766 1689 1693 
3 1766 1693 1779 
3 1768 1769 1779 
3 1768 1779 1694 
3 1694 1779 1693 
3 1770 1768 1694 
3 1770 1694 1780 
3 1780 1694 1695 
3 1772 1773 1780 
3 1772 1780 1696 
3 1696 1780 1695 
3 1774 1772 1696 
3 1774 1696 1781 
3 1781 1696 1697 
3 1697 1782 1781 
3 1699 1782 1697 
3 1777 1700 1692 
3 1700 1784 1701 
3 1777 1784 1700 
3 1777 1783 1784 
3 1777 1778 1783 
3 1783 1785 1784 
3 1782 1699 1703 
3 1786 1782 1703 
3 1788 1703 1705 
3 1788 1787 1703 
3 1787 1786 1703 
3 1787 1788 1789 
3 1784 1706 1701 
3 1785 1706 1784 
3 1785 1790 1706 
3 1790 1707 1706 
3 1707 1790 1791 
3 1708 1707 1791 
3 1788 1705 1710 
3 1710 1711 1793 
3 1788 1710 1793 
3 1788 1793 1792 
3 1788 1792 1789 
3 1792 1793 1794 
3 1791 1712 1708 
3 1795 1712 1791 
3 1795 1796 1712 
3 1712 1796 1713 
3 1713 1796 1797 
3 1714 1713 1797 
3 1793 1711 1716 
3 1716 1794 1793 
3 1716 1718 1794 
3 1718 1798 1794 
3 1797 1719 1714 
3 1799 1719 1797 
3 1798 1718 1720 
3 1800 1798 1720 
3 1800 1720 1801 
3 1720 1721 1801 
3 1803 1722 1802 
3 1803 1801 1722 
3 1801 1721 1722 
3 1805 1722 1724 
3 1805 1804 1722 
3 1802 1722 1806 
3 1806 1722 1804 
3 1804 1805 1807 
3 1802 1725 1727 
3 1802 1727 1803 
3 1803 1727 1808 
3 1802 1806 1809 
3 1802 1809 1810 
3 1802 1810 1725 
3 1730 1725 1810 
3 1724 1728 1805 
3 1810 1807 1811 
3 1810 1809 1807 
3 1811 1807 1731 
3 1805 1728 1807 
3 1731 1807 1728 
3 1731 1733 1811 
3 1808 1727 1812 
3 1812 1727 1735 
3 1813 1730 1810 
3 1736 1730 1813 
3 1810 1811 1813 
3 1811 1814 1813 
3 1811 1738 1814 
3 1733 1738 1811 
3 1812 1735 1739 
3 1815 1812 1739 
3 1736 1815 1739 
3 1736 1816 1815 
3 1736 1813 1816 
3 1816 1817 1815 
3 1818 1819 1816 
3 1818 1816 1814 
3 1814 1816 1813 
3 1814 1738 1741 
3 1814 1741 1820 
3 1814 1820 1818 
3 1820 1741 1821 
3 1820 1821 1822 
3 1817 1816 1823 
3 1816 1819 1823 
3 1821 1741 1742 
3 1822 1821 1742 
3 1822 1742 1824 
3 1824 1742 1743 
3 1745 1826 1825 
3 1744 1745 1825 
3 1825 1827 1744 
3 1744 1827 1746 
3 1827 1828 1746 
3 1746 1828 1747 
3 1828 1829 1747 
3 1747 1829 1748 
3 1831 1749 1748 
3 1831 1748 1830 
3 1830 1748 1829 
3 1830 1832 1831 
3 1834 1833 1826 
3 1834 1826 1750 
3 1750 1826 1745 
3 1833 1834 1835 
3 1831 1751 1749 
3 1751 1831 1832 
3 1751 1832 1752 
3 1752 1832 1836 
3 1834 1750 1753 
3 1753 1835 1834 
3 1753 1755 1835 
3 1755 1837 1835 
3 1836 1756 1752 
3 1838 1756 1836 
3 1756 1838 1839 
3 1758 1756 1839 
3 1760 1841 1840 
3 1759 1760 1840 
3 1840 1755 1759 
3 1837 1755 1840 
3 1839 1761 1758 
3 1842 1761 1839 
3 1842 1843 1761 
3 1761 1843 1762 
3 1843 1844 1762 
3 1762 1844 1763 
3 1846 1764 1763 
3 1846 1763 1845 
3 1845 1763 1844 
3 1845 1847 1846 
3 1841 1760 1765 
3 1848 1841 1765 
3 1850 1765 1766 
3 1850 1849 1765 
3 1849 1848 1765 
3 1769 1849 1850 
3 1769 1767 1849 
3 1767 1851 1849 
3 1853 1767 1770 
3 1853 1852 1767 
3 1852 1851 1767 
3 1773 1852 1853 
3 1773 1771 1852 
3 1855 1852 1854 
3 1854 1852 1771 
3 1771 1774 1854 
3 1846 1775 1764 
3 1847 1775 1846 
3 1847 1856 1775 
3 1856 1776 1775 
3 1776 1856 1857 
3 1778 1776 1857 
3 1779 1850 1766 
3 1850 1779 1769 
3 1853 1770 1780 
3 1855 1854 1858 
3 1853 1780 1773 
3 1854 1774 1781 
3 1854 1781 1858 
3 1858 1781 1859 
3 1781 1860 1859 
3 1782 1860 1781 
3 1857 1783 1778 
3 1861 1783 1857 
3 1783 1861 1862 
3 1785 1783 1862 
3 1860 1782 1786 
3 1863 1860 1786 
3 1863 1786 1864 
3 1786 1787 1864 
3 1866 1787 1789 
3 1866 1865 1787 
3 1865 1864 1787 
3 1865 1866 1867 
3 1862 1790 1785 
3 1868 1790 1862 
3 1790 1868 1869 
3 1791 1790 1869 
3 1872 1870 1871 
3 1874 1871 1870 
3 1874 1870 1873 
3 1866 1789 1792 
3 1792 1867 1866 
3 1792 1794 1867 
3 1873 1867 1874 
3 1874 1867 1794 
3 1869 1795 1791 
3 1875 1795 1869 
3 1875 1876 1795 
3 1795 1876 1796 
3 1796 1876 1877 
3 1797 1796 1877 
3 1872 1871 1878 
3 1880 1878 1871 
3 1880 1871 1879 
3 1879 1871 1874 
3 1874 1798 1879 
3 1794 1798 1874 
3 1877 1799 1797 
3 1881 1799 1877 
3 1880 1879 1882 
3 1879 1798 1800 
3 1879 1800 1882 
3 1882 1800 1883 
3 1885 1801 1884 
3 1885 1883 1801 
3 1883 1800 1801 
3 1801 1803 1884 
3 1804 1886 1806 
3 1804 1807 1886 
3 1888 1885 1884 
3 1887 1888 1884 
3 1884 1808 1887 
3 1803 1808 1884 
3 1886 1809 1806 
3 1886 1807 1809 
3 1888 1887 1889 
3 1887 1890 1889 
3 1887 1808 1890 
3 1808 1812 1890 
3 1890 1812 1815 
3 1891 1890 1815 
3 1815 1892 1891 
3 1817 1892 1815 
3 1818 1893 1819 
3 1893 1894 1895 
3 1893 1818 1894 
3 1818 1820 1894 
3 1820 1896 1894 
3 1822 1896 1820 
3 1892 1817 1823 
3 1897 1892 1823 
3 1819 1893 1898 
3 1819 1898 1823 
3 1823 1898 1897 
3 1893 1895 1898 
3 1896 1822 1824 
3 1899 1896 1824 
3 1826 1901 1900 
3 1825 1826 1900 
3 1902 1900 1903 
3 1902 1827 1900 
3 1827 1825 1900 
3 1904 1827 1902 
3 1828 1827 1904 
3 1906 1828 1904 
3 1906 1905 1828 
3 1905 1829 1828 
3 1905 1907 1829 
3 1829 1907 1830 
3 1830 1907 1908 
3 1832 1830 1908 
3 1833 1909 1910 
3 1833 1910 1826 
3 1826 1910 1901 
3 1833 1835 1909 
3 1908 1911 1832 
3 1911 1836 1832 
3 1913 1910 1909 
3 1912 1913 1909 
3 1909 1837 1912 
3 1835 1837 1909 
3 1911 1838 1836 
3 1914 1838 1911 
3 1916 1839 1838 
3 1916 1838 1915 
3 1915 1838 1914 
3 1915 1917 1918 
3 1916 1915 1918 
3 1917 1919 1918 
3 1912 1840 1841 
3 1912 1841 1913 
3 1913 1841 1920 
3 1912 1837 1840 
3 1916 1842 1839 
3 1918 1842 1916 
3 1843 1842 1918 
3 1919 1843 1918 
3 1919 1921 1843 
3 1921 1844 1843 
3 1921 1922 1844 
3 1844 1922 1845 
3 1845 1922 1923 
3 1847 1845 1923 
3 1920 1841 1848 
3 1924 1920 1848 
3 1924 1848 1925 
3 1848 1849 1925 
3 1925 1849 1926 
3 1849 1851 1926 
3 1926 1851 1927 
3 1851 1852 1927 
3 1852 1928 1927 
3 1855 1928 1852 
3 1923 1856 1847 
3 1929 1856 1923 
3 1856 1929 1930 
3 1857 1856 1930 
3 1928 1855 1858 
3 1931 1928 1858 
3 1931 1858 1932 
3 1858 1859 1932 
3 1934 1859 1860 
3 1934 1933 1859 
3 1933 1932 1859 
3 1933 1934 1935 
3 1930 1861 1857 
3 1936 1861 1930 
3 1938 1862 1861 
3 1938 1861 1937 
3 1937 1861 1936 
3 1937 1939 1938 
3 1934 1860 1863 
3 1935 1934 1863 
3 1935 1863 1940 
3 1940 1863 1864 
3 1942 1865 1941 
3 1942 1940 1865 
3 1940 1864 1865 
3 1865 1867 1941 
3 1938 1868 1862 
3 1868 1944 1869 
3 1938 1944 1868 
3 1938 1943 1944 
3 1938 1939 1943 
3 1943 1945 1944 
3 1870 1872 1946 
3 1946 1947 1942 
3 1946 1942 1873 
3 1946 1873 1870 
3 1873 1942 1941 
3 1941 1867 1873 
3 1948 1950 1949 
3 1948 1952 1951 
3 1949 1952 1948 
3 1951 1952 1953 
3 1944 1875 1869 
3 1945 1875 1944 
3 1945 1954 1875 
3 1954 1876 1875 
3 1956 1877 1876 
3 1956 1876 1955 
3 1955 1876 1954 
3 1946 1872 1878 
3 1878 1947 1946 
3 1878 1880 1947 
3 1880 1957 1947 
3 1950 1958 1949 
3 1949 1959 1952 
3 1958 1959 1949 
3 1952 1959 1953 
3 1956 1881 1877 
3 1957 1880 1882 
3 1960 1957 1882 
3 1962 1883 1961 
3 1962 1960 1883 
3 1960 1882 1883 
3 1883 1885 1961 
3 1962 1961 1963 
3 1961 1964 1963 
3 1961 1885 1964 
3 1885 1888 1964 
3 1964 1888 1889 
3 1965 1964 1889 
3 1889 1966 1965 
3 1890 1966 1889 
3 1966 1890 1891 
3 1967 1966 1891 
3 1891 1968 1967 
3 1892 1968 1891 
3 1894 1969 1895 
3 1894 1896 1969 
3 1968 1892 1897 
3 1970 1968 1897 
3 1970 1897 1971 
3 1897 1898 1971 
3 1895 1969 1972 
3 1895 1972 1898 
3 1898 1972 1971 
3 1969 1896 1899 
3 1969 1899 1972 
3 1972 1899 1973 
3 1901 1975 1974 
3 1900 1901 1974 
3 1974 1903 1900 
3 1976 1903 1974 
3 1977 1905 1906 
3 1979 1905 1977 
3 1979 1978 1905 
3 1978 1907 1905 
3 1907 1978 1980 
3 1908 1907 1980 
3 1975 1901 1981 
3 1981 1901 1910 
3 1980 1982 1908 
3 1982 1911 1908 
3 1981 1910 1983 
3 1983 1910 1913 
3 1982 1914 1911 
3 1984 1914 1982 
3 1984 1985 1914 
3 1914 1985 1915 
3 1985 1986 1915 
3 1915 1986 1917 
3 1917 1986 1987 
3 1919 1917 1987 
3 1983 1913 1988 
3 1988 1913 1920 
3 1987 1921 1919 
3 1989 1921 1987 
3 1989 1990 1921 
3 1921 1990 1922 
3 1992 1923 1922 
3 1992 1922 1991 
3 1991 1922 1990 
3 1991 1993 1992 
3 1988 1920 1924 
3 1994 1988 1924 
3 1994 1924 1995 
3 1924 1925 1995 
3 1995 1925 1996 
3 1925 1926 1996 
3 1996 1926 1997 
3 1926 1927 1997 
3 1999 1927 1928 
3 1999 1998 1927 
3 1998 1997 1927 
3 1998 2001 2000 
3 1999 2001 1998 
3 2000 2001 2002 
3 1992 1929 1923 
3 1929 2004 1930 
3 1992 2004 1929 
3 1992 2003 2004 
3 1992 1993 2003 
3 2003 2005 2004 
3 1999 1928 1931 
3 2001 1999 1931 
3 1932 2001 1931 
3 2002 2001 1932 
3 2002 1932 2006 
3 2006 1932 1933 
3 1933 2007 2006 
3 1935 2007 1933 
3 2004 1936 1930 
3 2005 1936 2004 
3 2005 2008 1936 
3 2008 1937 1936 
3 1937 2008 2009 
3 1939 1937 2009 
3 2007 1935 1940 
3 2010 2007 1940 
3 1940 2011 2010 
3 1942 2011 1940 
3 2009 1943 1939 
3 2012 1943 2009 
3 2014 1945 1943 
3 2014 1943 2013 
3 2013 1943 2012 
3 2013 2015 2014 
3 2011 1942 2016 
3 2016 1942 1947 
3 1950 2017 2018 
3 1948 2017 1950 
3 2020 1951 2019 
3 2020 2017 1951 
3 2017 1948 1951 
3 1951 1953 2019 
3 2014 1954 1945 
3 2015 1954 2014 
3 2015 2021 1954 
3 2021 1955 1954 
3 2023 2022 2016 
3 2023 2016 1957 
3 1957 2016 1947 
3 2018 2023 1950 
3 2018 2022 2023 
3 1950 2023 1958 
3 2025 2024 2023 
3 1958 2023 2024 
3 2019 2024 2020 
3 2019 1959 2024 
3 1959 1958 2024 
3 2019 1953 1959 
3 2023 1957 1960 
3 1960 2025 2023 
3 1960 1962 2025 
3 1962 2026 2025 
3 2026 1962 1963 
3 2027 2026 1963 
3 1963 2028 2027 
3 1964 2028 1963 
3 2028 1964 1965 
3 2029 2028 1965 
3 1965 2030 2029 
3 1966 2030 1965 
3 2030 1966 1967 
3 2031 2030 1967 
3 1967 2032 2031 
3 1968 2032 1967 
3 2032 1968 1970 
3 2033 2032 1970 
3 2033 1970 2034 
3 1970 1971 2034 
3 2034 1971 2035 
3 1971 1972 2035 
3 2037 1973 2036 
3 2037 2035 1973 
3 2035 1972 1973 
3 2037 2036 2038 
3 1974 1975 2039 
3 2039 1976 1974 
3 2039 2041 1976 
3 2041 2040 1976 
3 2043 1978 1979 
3 2042 1978 2043 
3 1978 2042 2044 
3 1980 1978 2044 
3 2045 2039 1975 
3 1981 2045 1975 
3 2041 2045 2046 
3 2039 2045 2041 
3 2048 2044 2047 
3 2048 1982 2044 
3 1982 1980 2044 
3 2047 2049 2048 
3 2050 2045 1981 
3 2050 1981 2051 
3 2051 1981 1983 
3 2045 2050 2046 
3 2048 1984 1982 
3 2049 1984 2048 
3 2049 2052 1984 
3 2052 1985 1984 
3 2052 2053 1985 
3 1985 2053 1986 
3 2055 1987 1986 
3 2055 1986 2054 
3 2054 1986 2053 
3 2054 2056 2057 
3 2055 2054 2057 
3 2056 2058 2057 
3 2060 2059 2051 
3 2060 2051 1988 
3 1988 2051 1983 
3 2059 2060 2061 
3 2055 1989 1987 
3 2057 1989 2055 
3 1990 1989 2057 
3 2058 1990 2057 
3 2058 2062 1990 
3 2062 1991 1990 
3 2064 1993 1991 
3 2064 1991 2063 
3 2063 1991 2062 
3 2063 2065 2064 
3 2060 1988 1994 
3 2061 2060 1994 
3 2061 1994 2066 
3 2066 1994 1995 
3 2066 1995 2067 
3 1995 1996 2067 
3 2067 1996 2068 
3 1996 1997 2068 
3 2068 1997 2069 
3 1997 1998 2069 
3 2071 2000 2070 
3 2071 2069 2000 
3 2069 1998 2000 
3 2000 2002 2070 
3 2064 2003 1993 
3 2003 2073 2005 
3 2064 2073 2003 
3 2064 2072 2073 
3 2064 2065 2072 
3 2072 2074 2073 
3 2071 2070 2075 
3 2070 2002 2006 
3 2070 2006 2075 
3 2075 2006 2076 
3 2006 2077 2076 
3 2007 2077 2006 
3 2073 2008 2005 
3 2008 2079 2009 
3 2073 2079 2008 
3 2073 2078 2079 
3 2073 2074 2078 
3 2078 2080 2079 
3 2077 2007 2010 
3 2081 2077 2010 
3 2083 2010 2011 
3 2083 2082 2010 
3 2082 2081 2010 
3 2082 2083 2084 
3 2079 2012 2009 
3 2080 2012 2079 
3 2080 2085 2012 
3 2085 2013 2012 
3 2087 2015 2013 
3 2087 2013 2086 
3 2086 2013 2085 
3 2088 2083 2011 
3 2016 2088 2011 
3 2088 2017 2083 
3 2088 2018 2017 
3 2083 2017 2084 
3 2089 2090 2017 
3 2084 2017 2090 
3 2017 2020 2089 
3 2087 2021 2015 
3 2088 2016 2022 
3 2088 2022 2018 
3 2089 2024 2090 
3 2090 2024 2025 
3 2090 2025 2091 
3 2089 2020 2024 
3 2091 2025 2092 
3 2092 2025 2026 
3 2092 2026 2027 
3 2093 2092 2027 
3 2027 2094 2093 
3 2028 2094 2027 
3 2094 2028 2029 
3 2095 2094 2029 
3 2029 2096 2095 
3 2030 2096 2029 
3 2031 2097 2098 
3 2031 2098 2030 
3 2030 2098 2096 
3 2031 2032 2097 
3 2098 2097 2099 
3 2097 2032 2033 
3 2097 2033 2099 
3 2099 2033 2100 
3 2100 2033 2101 
3 2033 2034 2101 
3 2101 2034 2102 
3 2034 2035 2102 
3 2035 2103 2102 
3 2037 2103 2035 
3 2103 2037 2038 
3 2104 2103 2038 
3 2107 2105 2106 
3 2105 2041 2106 
3 2105 2108 2041 
3 2108 2040 2041 
3 2110 2042 2043 
3 2109 2042 2110 
3 2042 2109 2111 
3 2044 2042 2111 
3 2107 2106 2112 
3 2106 2113 2112 
3 2106 2041 2113 
3 2041 2046 2113 
3 2111 2047 2044 
3 2114 2047 2111 
3 2047 2114 2115 
3 2049 2047 2115 
3 2051 2117 2116 
3 2050 2051 2116 
3 2116 2046 2050 
3 2113 2046 2116 
3 2115 2052 2049 
3 2118 2052 2115 
3 2118 2119 2052 
3 2052 2119 2053 
3 2119 2120 2053 
3 2053 2120 2054 
3 2120 2121 2054 
3 2054 2121 2056 
3 2123 2058 2056 
3 2123 2056 2122 
3 2122 2056 2121 
3 2122 2124 2123 
3 2117 2051 2059 
3 2125 2117 2059 
3 2059 2126 2125 
3 2061 2126 2059 
3 2123 2062 2058 
3 2124 2062 2123 
3 2124 2127 2062 
3 2127 2063 2062 
3 2129 2065 2063 
3 2129 2063 2128 
3 2128 2063 2127 
3 2128 2130 2129 
3 2126 2061 2066 
3 2131 2126 2066 
3 2131 2066 2132 
3 2066 2067 2132 
3 2132 2067 2133 
3 2067 2068 2133 
3 2133 2068 2134 
3 2068 2069 2134 
3 2136 2069 2071 
3 2136 2135 2069 
3 2135 2134 2069 
3 2135 2136 2137 
3 2129 2072 2065 
3 2072 2139 2074 
3 2129 2139 2072 
3 2129 2138 2139 
3 2129 2130 2138 
3 2138 2140 2139 
3 2136 2071 2075 
3 2137 2136 2075 
3 2137 2075 2141 
3 2141 2075 2076 
3 2143 2076 2077 
3 2143 2142 2076 
3 2142 2141 2076 
3 2142 2143 2144 
3 2139 2078 2074 
3 2078 2146 2080 
3 2139 2146 2078 
3 2139 2145 2146 
3 2139 2140 2145 
3 2145 2147 2146 
3 2143 2077 2081 
3 2144 2143 2081 
3 2144 2081 2148 
3 2148 2081 2082 
3 2082 2149 2148 
3 2084 2149 2082 
3 2146 2085 2080 
3 2147 2085 2146 
3 2147 2150 2085 
3 2150 2086 2085 
3 2152 2151 2149 
3 2152 2149 2090 
3 2090 2149 2084 
3 2151 2154 2153 
3 2152 2154 2151 
3 2153 2154 2155 
3 2156 2152 2090 
3 2091 2156 2090 
3 2157 2156 2158 
3 2157 2154 2156 
3 2154 2152 2156 
3 2154 2157 2155 
3 2159 2156 2091 
3 2159 2091 2160 
3 2160 2091 2092 
3 2156 2159 2158 
3 2160 2092 2093 
3 2161 2160 2093 
3 2093 2162 2161 
3 2094 2162 2093 
3 2162 2094 2095 
3 2163 2162 2095 
3 2095 2164 2163 
3 2096 2164 2095 
3 2164 2096 2165 
3 2165 2096 2098 
3 2165 2098 2099 
3 2166 2165 2099 
3 2166 2099 2167 
3 2099 2100 2167 
3 2167 2100 2168 
3 2100 2101 2168 
3 2170 2102 2169 
3 2170 2168 2102 
3 2168 2101 2102 
3 2102 2103 2169 
3 2170 2169 2171 
3 2169 2103 2104 
3 2169 2104 2171 
3 2171 2104 2172 
3 2107 2174 2173 
3 2105 2107 2173 
3 2173 2108 2105 
3 2175 2108 2173 
3 2176 2109 2110 
3 2109 2176 2177 
3 2109 2177 2111 
3 2111 2177 2178 
3 2174 2107 2112 
3 2179 2174 2112 
3 2112 2180 2179 
3 2113 2180 2112 
3 2178 2114 2111 
3 2181 2114 2178 
3 2183 2115 2114 
3 2183 2114 2182 
3 2182 2114 2181 
3 2182 2184 2183 
3 2117 2186 2185 
3 2116 2117 2185 
3 2185 2113 2116 
3 2180 2113 2185 
3 2183 2118 2115 
3 2184 2118 2183 
3 2184 2187 2118 
3 2187 2119 2118 
3 2187 2188 2119 
3 2119 2188 2120 
3 2188 2189 2120 
3 2120 2189 2121 
3 2189 2190 2121 
3 2121 2190 2122 
3 2192 2124 2122 
3 2192 2122 2191 
3 2191 2122 2190 
3 2191 2193 2192 
3 2186 2117 2125 
3 2194 2186 2125 
3 2125 2195 2194 
3 2126 2195 2125 
3 2198 2197 2196 
3 2196 2197 2199 
3 2192 2127 2124 
3 2193 2127 2192 
3 2193 2200 2127 
3 2200 2128 2127 
3 2202 2130 2128 
3 2202 2128 2201 
3 2201 2128 2200 
3 2201 2203 2202 
3 2195 2126 2131 
3 2204 2195 2131 
3 2204 2131 2205 
3 2131 2132 2205 
3 2205 2132 2206 
3 2132 2133 2206 
3 2197 2198 2206 
3 2197 2206 2134 
3 2134 2206 2133 
3 2199 2197 2134 
3 2199 2134 2207 
3 2207 2134 2135 
3 2209 2135 2137 
3 2209 2208 2135 
3 2208 2207 2135 
3 2208 2209 2210 
3 2202 2138 2130 
3 2138 2212 2140 
3 2202 2212 2138 
3 2202 2211 2212 
3 2202 2203 2211 
3 2211 2213 2212 
3 2209 2137 2141 
3 2210 2209 2141 
3 2210 2141 2214 
3 2214 2141 2142 
3 2142 2215 2214 
3 2144 2215 2142 
3 2212 2145 2140 
3 2145 2217 2147 
3 2212 2217 2145 
3 2212 2216 2217 
3 2212 2213 2216 
3 2215 2144 2148 
3 2218 2215 2148 
3 2148 2219 2218 
3 2149 2219 2148 
3 2217 2150 2147 
3 2219 2149 2151 
3 2220 2219 2151 
3 2222 2153 2221 
3 2222 2220 2153 
3 2220 2151 2153 
3 2153 2155 2221 
3 2221 2157 2158 
3 2221 2158 2222 
3 2222 2158 2223 
3 2221 2155 2157 
3 2160 2225 2224 
3 2159 2160 2224 
3 2224 2158 2159 
3 2223 2158 2224 
3 2225 2160 2161 
3 2226 2225 2161 
3 2161 2227 2226 
3 2162 2227 2161 
3 2227 2162 2163 
3 2228 2227 2163 
3 2163 2229 2228 
3 2164 2229 2163 
3 2231 2230 2229 
3 2231 2229 2165 
3 2165 2229 2164 
3 2230 2231 2232 
3 2231 2165 2166 
3 2232 2231 2166 
3 2232 2166 2233 
3 2233 2166 2167 
3 2233 2167 2234 
3 2167 2168 2234 
3 2168 2235 2234 
3 2170 2235 2168 
3 2235 2170 2171 
3 2236 2235 2171 
3 2236 2171 2237 
3 2171 2172 2237 
3 2173 2174 2238 
3 2238 2175 2173 
3 2238 2240 2175 
3 2240 2239 2175 
3 2241 2242 2177 
3 2242 2178 2177 
3 2238 2174 2179 
3 2179 2240 2238 
3 2179 2180 2240 
3 2180 2243 2240 
3 2242 2181 2178 
3 2244 2181 2242 
3 2244 2245 2181 
3 2181 2245 2182 
3 2247 2184 2182 
3 2247 2182 2246 
3 2246 2182 2245 
3 2246 2248 2247 
3 2186 2250 2249 
3 2185 2186 2249 
3 2249 2180 2185 
3 2243 2180 2249 
3 2247 2187 2184 
3 2248 2187 2247 
3 2248 2251 2187 
3 2251 2188 2187 
3 2251 2252 2188 
3 2188 2252 2189 
3 2252 2253 2189 
3 2189 2253 2190 
3 2253 2254 2190 
3 2190 2254 2191 
3 2256 2193 2191 
3 2256 2191 2255 
3 2255 2191 2254 
3 2255 2257 2256 
3 2194 2258 2259 
3 2194 2259 2186 
3 2186 2259 2250 
3 2194 2195 2258 
3 2262 2261 2260 
3 2198 2260 2261 
3 2198 2196 2260 
3 2196 2263 2260 
3 2265 2196 2199 
3 2265 2264 2196 
3 2264 2263 2196 
3 2264 2265 2266 
3 2256 2200 2193 
3 2257 2200 2256 
3 2257 2267 2200 
3 2267 2201 2200 
3 2269 2203 2201 
3 2269 2201 2268 
3 2268 2201 2267 
3 2268 2270 2269 
3 2259 2258 2271 
3 2258 2195 2204 
3 2258 2204 2271 
3 2271 2204 2272 
3 2272 2204 2273 
3 2204 2205 2273 
3 2261 2262 2273 
3 2261 2273 2206 
3 2206 2273 2205 
3 2261 2206 2198 
3 2265 2199 2207 
3 2266 2265 2207 
3 2266 2207 2274 
3 2274 2207 2208 
3 2208 2275 2274 
3 2210 2275 2208 
3 2269 2211 2203 
3 2211 2277 2213 
3 2269 2277 2211 
3 2269 2276 2277 
3 2269 2270 2276 
3 2275 2210 2214 
3 2278 2275 2214 
3 2214 2279 2278 
3 2215 2279 2214 
3 2277 2216 2213 
3 2218 2280 2281 
3 2218 2281 2215 
3 2215 2281 2279 
3 2218 2219 2280 
3 2281 2280 2282 
3 2280 2219 2220 
3 2280 2220 2282 
3 2282 2220 2283 
3 2220 2284 2283 
3 2222 2284 2220 
3 2286 2285 2284 
3 2286 2284 2223 
3 2223 2284 2222 
3 2285 2286 2287 
3 2224 2225 2288 
3 2288 2290 2289 
3 2224 2288 2289 
3 2224 2289 2286 
3 2224 2286 2223 
3 2286 2289 2287 
3 2288 2225 2226 
3 2226 2227 2292 
3 2288 2226 2292 
3 2288 2292 2291 
3 2288 2291 2290 
3 2291 2292 2293 
3 2292 2227 2228 
3 2228 2229 2295 
3 2292 2228 2295 
3 2292 2295 2294 
3 2292 2294 2293 
3 2294 2295 2296 
3 2295 2229 2230 
3 2230 2296 2295 
3 2230 2232 2296 
3 2232 2297 2296 
3 2297 2232 2233 
3 2298 2297 2233 
3 2300 2234 2299 
3 2300 2298 2234 
3 2298 2233 2234 
3 2234 2235 2299 
3 2300 2299 2301 
3 2299 2235 2236 
3 2299 2236 2301 
3 2301 2236 2302 
3 2304 2237 2303 
3 2304 2302 2237 
3 2302 2236 2237 
3 2304 2303 2305 
3 2306 2239 2307 
3 2307 2239 2240 
3 2309 2310 2308 
3 2309 2242 2310 
3 2242 2241 2310 
3 2308 2311 2309 
3 2307 2240 2312 
3 2312 2240 2243 
3 2309 2244 2242 
3 2311 2244 2309 
3 2311 2313 2244 
3 2313 2245 2244 
3 2313 2314 2245 
3 2245 2314 2246 
3 2316 2248 2246 
3 2316 2246 2315 
3 2315 2246 2314 
3 2315 2317 2318 
3 2316 2315 2318 
3 2317 2319 2318 
3 2250 2321 2320 
3 2249 2250 2320 
3 2320 2243 2249 
3 2312 2243 2320 
3 2316 2251 2248 
3 2318 2251 2316 
3 2252 2251 2318 
3 2319 2252 2318 
3 2319 2322 2252 
3 2322 2253 2252 
3 2322 2323 2253 
3 2253 2323 2254 
3 2323 2324 2254 
3 2254 2324 2255 
3 2255 2324 2325 
3 2257 2255 2325 
3 2321 2259 2326 
3 2321 2250 2259 
3 2259 2327 2326 
3 2326 2327 2328 
3 2331 2330 2329 
3 2262 2329 2330 
3 2262 2260 2329 
3 2260 2332 2329 
3 2332 2260 2333 
3 2260 2263 2333 
3 2333 2263 2334 
3 2263 2264 2334 
3 2264 2335 2334 
3 2266 2335 2264 
3 2325 2267 2257 
3 2336 2267 2325 
3 2336 2337 2267 
3 2267 2337 2268 
3 2339 2270 2268 
3 2339 2268 2338 
3 2338 2268 2337 
3 2259 2271 2327 
3 2328 2327 2271 
3 2328 2271 2340 
3 2340 2271 2272 
3 2330 2331 2340 
3 2330 2340 2273 
3 2273 2340 2272 
3 2330 2273 2262 
3 2335 2266 2274 
3 2341 2335 2274 
3 2274 2342 2341 
3 2275 2342 2274 
3 2339 2276 2270 
3 2342 2275 2278 
3 2343 2342 2278 
3 2278 2344 2343 
3 2279 2344 2278 
3 2344 2279 2345 
3 2345 2279 2281 
3 2345 2281 2282 
3 2346 2345 2282 
3 2346 2282 2347 
3 2282 2283 2347 
3 2283 2348 2347 
3 2284 2348 2283 
3 2348 2284 2285 
3 2349 2348 2285 
3 2285 2350 2349 
3 2287 2350 2285 
3 2289 2290 2351 
3 2352 2350 2287 
3 2352 2287 2351 
3 2352 2351 2353 
3 2289 2351 2287 
3 2352 2353 2354 
3 2351 2290 2291 
3 2355 2353 2351 
3 2355 2351 2293 
3 2355 2293 2356 
3 2293 2351 2291 
3 2353 2355 2354 
3 2356 2293 2294 
3 2357 2356 2294 
3 2294 2358 2357 
3 2296 2358 2294 
3 2360 2359 2358 
3 2360 2358 2297 
3 2297 2358 2296 
3 2359 2360 2361 
3 2360 2297 2298 
3 2298 2361 2360 
3 2298 2300 2361 
3 2300 2362 2361 
3 2362 2300 2301 
3 2363 2362 2301 
3 2363 2301 2364 
3 2301 2302 2364 
3 2302 2365 2364 
3 2304 2365 2302 
3 2365 2304 2305 
3 2366 2365 2305 
3 2367 2306 2368 
3 2368 2306 2307 
3 2370 2308 2310 
3 2369 2308 2370 
3 2372 2311 2308 
3 2372 2308 2371 
3 2371 2308 2369 
3 2371 2373 2372 
3 2368 2307 2374 
3 2374 2307 2312 
3 2372 2313 2311 
3 2373 2313 2372 
3 2373 2375 2313 
3 2375 2314 2313 
3 2375 2376 2314 
3 2314 2376 2315 
3 2376 2377 2315 
3 2315 2377 2317 
3 2317 2377 2378 
3 2319 2317 2378 
3 2321 2380 2379 
3 2320 2321 2379 
3 2379 2312 2320 
3 2374 2312 2379 
3 2383 2382 2381 
3 2381 2385 2384 
3 2382 2385 2381 
3 2384 2385 2386 
3 2378 2322 2319 
3 2387 2322 2378 
3 2387 2388 2322 
3 2322 2388 2323 
3 2388 2389 2323 
3 2323 2389 2324 
3 2391 2325 2324 
3 2391 2324 2390 
3 2390 2324 2389 
3 2390 2392 2391 
3 2326 2393 2380 
3 2326 2380 2321 
3 2326 2394 2393 
3 2328 2394 2326 
3 2331 2395 2396 
3 2329 2395 2331 
3 2382 2383 2395 
3 2382 2395 2332 
3 2332 2395 2329 
3 2385 2382 2332 
3 2333 2385 2332 
3 2386 2385 2333 
3 2386 2333 2397 
3 2397 2333 2334 
3 2399 2334 2335 
3 2399 2398 2334 
3 2398 2397 2334 
3 2398 2399 2400 
3 2391 2336 2325 
3 2392 2336 2391 
3 2392 2401 2336 
3 2401 2337 2336 
3 2401 2402 2337 
3 2337 2402 2338 
3 2394 2328 2340 
3 2403 2394 2340 
3 2403 2340 2331 
3 2396 2403 2331 
3 2399 2335 2341 
3 2341 2400 2399 
3 2341 2342 2400 
3 2342 2404 2400 
3 2404 2342 2343 
3 2405 2404 2343 
3 2343 2406 2405 
3 2344 2406 2343 
3 2408 2407 2406 
3 2408 2406 2345 
3 2345 2406 2344 
3 2407 2408 2409 
3 2408 2345 2346 
3 2409 2408 2346 
3 2409 2346 2410 
3 2410 2346 2347 
3 2347 2411 2410 
3 2348 2411 2347 
3 2411 2348 2349 
3 2412 2411 2349 
3 2349 2413 2412 
3 2350 2413 2349 
3 2413 2350 2352 
3 2414 2413 2352 
3 2352 2415 2414 
3 2354 2415 2352 
3 2356 2417 2416 
3 2355 2356 2416 
3 2416 2354 2355 
3 2415 2354 2416 
3 2417 2356 2357 
3 2418 2417 2357 
3 2357 2419 2418 
3 2358 2419 2357 
3 2419 2358 2359 
3 2420 2419 2359 
3 2359 2421 2420 
3 2361 2421 2359 
3 2423 2422 2421 
3 2423 2421 2362 
3 2362 2421 2361 
3 2422 2423 2424 
3 2423 2362 2363 
3 2424 2423 2363 
3 2424 2363 2425 
3 2425 2363 2364 
3 2364 2426 2425 
3 2365 2426 2364 
3 2426 2365 2366 
3 2427 2426 2366 
3 2428 1231 1232 
3 2428 1232 1242 
3 2430 2429 1259 
3 1260 2430 1259 
3 2433 2431 2432 
3 2431 2434 2432 
3 2431 2429 2434 
3 2429 2430 2434 
3 2436 2433 2432 
3 2435 2436 2432 
3 1280 2432 2434 
3 1280 1279 2432 
3 1279 2435 2432 
3 2436 2435 2437 
3 2435 1279 1294 
3 2437 2435 1294 
3 1231 2428 1358 
3 1358 2428 1242 
3 1259 2429 1375 
3 2431 2433 2438 
3 2438 2439 1378 
3 2431 2438 1378 
3 2431 1378 1375 
3 2431 1375 2429 
3 2440 2438 2433 
3 2436 2440 2433 
3 2439 2440 2441 
3 2438 2440 2439 
3 2442 2443 2444 
3 2440 2436 2437 
3 2443 2441 1395 
3 2443 2442 2441 
3 1395 2441 1294 
3 2440 2437 2441 
3 1294 2441 2437 
3 2446 2444 2443 
3 2445 2446 2443 
3 2443 1395 2445 
3 1395 1405 2445 
3 2448 2446 2445 
3 2447 2448 2445 
3 2445 1405 2447 
3 1405 1414 2447 
3 2448 2447 2449 
3 2447 1414 1421 
3 2449 2447 1421 
3 2450 1439 1440 
3 2450 1440 1446 
3 1378 2439 1457 
3 2453 2451 2452 
3 2452 2451 1471 
3 2452 1471 2439 
3 2452 2439 2441 
3 1457 2439 1471 
3 2456 2454 2455 
3 2452 2442 2444 
3 2453 2452 2444 
3 2453 2444 2455 
3 2453 2455 2454 
3 2452 2441 2442 
3 2458 2456 2455 
3 2457 2458 2455 
3 2455 2446 2457 
3 2444 2446 2455 
3 2458 2457 2459 
3 2457 2460 2459 
3 2457 2446 2460 
3 2446 2448 2460 
3 2460 2448 2449 
3 2461 2460 2449 
3 2461 2449 1504 
3 2449 1421 1504 
3 1439 2450 1522 
3 1522 2450 1446 
3 2453 2463 2462 
3 2451 2453 2462 
3 2462 1557 2451 
3 2451 1557 1471 
3 2456 2465 2464 
3 2454 2456 2464 
3 2464 2453 2454 
3 2463 2453 2464 
3 2467 2466 2465 
3 2467 2465 2458 
3 2458 2465 2456 
3 2466 2467 2468 
3 2467 2458 2459 
3 2459 2460 2470 
3 2467 2459 2470 
3 2467 2470 2469 
3 2467 2469 2468 
3 2469 1585 1584 
3 2470 1585 2469 
3 2470 2460 2461 
3 1585 2470 2461 
3 1504 1585 2461 
3 2462 2463 2471 
3 2471 2472 1631 
3 2471 1631 2462 
3 2462 1631 1557 
3 2465 2474 2473 
3 2464 2465 2473 
3 2463 2475 2471 
3 2463 2464 2475 
3 2464 2473 2475 
3 2471 2475 2472 
3 2474 2465 2466 
3 2476 2474 2466 
3 2466 2477 2476 
3 2468 2477 2466 
3 2477 2468 2469 
3 2478 2477 2469 
3 2478 2469 1653 
3 2469 1584 1653 
3 1702 1631 2472 
3 2473 2474 2479 
3 2475 2473 2479 
3 2475 2479 2480 
3 2480 1702 2475 
3 2480 1709 1702 
3 1702 2472 2475 
3 2479 2474 2476 
3 2481 2480 2479 
3 2481 2479 2477 
3 2481 2477 2482 
3 2477 2479 2476 
3 2483 2480 2481 
3 2483 1715 2480 
3 1715 1709 2480 
3 2482 2477 2478 
3 2484 2482 2478 
3 1715 2483 2484 
3 1715 2484 1653 
3 1653 2484 2478 
3 2481 2482 2485 
3 2481 2485 2483 
3 2485 2482 2484 
3 2485 2484 2483 
3 1903 2486 1902 
3 2486 2487 1904 
3 1902 2486 1904 
3 2487 1906 1904 
3 1903 1976 2488 
3 2486 1903 2488 
3 2488 2489 2486 
3 2486 2489 2487 
3 1977 1906 2487 
3 1977 2487 2490 
3 2490 2487 2489 
3 2490 1979 1977 
3 1976 2040 2491 
3 2488 1976 2491 
3 2491 2492 2488 
3 2488 2492 2489 
3 2492 2493 2489 
3 2489 2493 2490 
3 2490 2493 2043 
3 1979 2490 2043 
3 2496 2494 2495 
3 2494 2497 2495 
3 2040 2108 2498 
3 2491 2040 2498 
3 2495 2498 2496 
3 2495 2492 2498 
3 2492 2491 2498 
3 2497 2492 2495 
3 2497 2499 2492 
3 2499 2493 2492 
3 2493 2499 2110 
3 2043 2493 2110 
3 2496 2501 2500 
3 2494 2496 2500 
3 2503 2497 2494 
3 2503 2494 2502 
3 2502 2494 2500 
3 2502 2504 2503 
3 2108 2175 2505 
3 2498 2108 2505 
3 2505 2496 2498 
3 2501 2496 2505 
3 2503 2499 2497 
3 2499 2176 2110 
3 2503 2176 2499 
3 2503 2506 2176 
3 2503 2504 2506 
3 2506 2177 2176 
3 2509 2507 2508 
3 2501 2508 2507 
3 2501 2507 2500 
3 2500 2507 2510 
3 2510 2511 2500 
3 2500 2511 2502 
3 2502 2511 2512 
3 2504 2502 2512 
3 2508 2505 2175 
3 2508 2175 2509 
3 2509 2175 2239 
3 2508 2501 2505 
3 2512 2506 2504 
3 2513 2506 2512 
3 2506 2513 2241 
3 2177 2506 2241 
3 2509 2515 2514 
3 2507 2509 2514 
3 2514 2516 2507 
3 2507 2516 2510 
3 2516 2517 2510 
3 2510 2517 2511 
3 2511 2517 2518 
3 2512 2511 2518 
3 2515 2509 2306 
3 2306 2509 2239 
3 2518 2513 2512 
3 2519 2513 2518 
3 2513 2519 2310 
3 2241 2513 2310 
3 2522 2520 2521 
3 2520 2523 2521 
3 2515 2525 2524 
3 2514 2515 2524 
3 2524 2526 2514 
3 2514 2526 2516 
3 2521 2526 2522 
3 2521 2517 2526 
3 2517 2516 2526 
3 2517 2528 2518 
3 2521 2528 2517 
3 2521 2527 2528 
3 2521 2523 2527 
3 2527 2529 2528 
3 2525 2515 2367 
3 2367 2515 2306 
3 2528 2519 2518 
3 2519 2528 2529 
3 2519 2529 2310 
3 2310 2529 2370 
3 849 661 662 
3 2530 661 849 
3 2530 2531 661 
3 661 2531 663 
3 2531 2532 663 
3 663 2532 665 
3 2532 2533 665 
3 665 2533 666 
3 2533 2534 666 
3 666 2534 667 
3 2536 668 667 
3 2536 667 2535 
3 2535 667 2534 
3 2535 2537 2536 
3 735 736 2538 
3 2536 669 668 
3 669 2536 2537 
3 669 2537 670 
3 670 2537 2539 
3 2538 736 671 
3 2538 671 2540 
3 2540 671 672 
3 672 2541 2540 
3 673 2541 672 
3 676 2542 2543 
3 674 2542 676 
3 2542 674 670 
3 2539 2542 670 
3 2541 673 677 
3 2544 2541 677 
3 677 2545 2544 
3 678 2545 677 
3 2548 2547 2546 
3 681 2546 2547 
3 681 679 2546 
3 679 2549 2546 
3 2549 679 676 
3 2543 2549 676 
3 2545 678 682 
3 2550 2545 682 
3 682 2551 2550 
3 683 2551 682 
3 2547 685 684 
3 2547 2548 685 
3 2548 2552 685 
3 2547 684 681 
3 2551 683 2553 
3 2553 683 686 
3 2555 2552 2554 
3 2555 688 2552 
3 688 685 2552 
3 2554 2556 2555 
3 2553 686 689 
3 2557 2553 689 
3 2557 689 2558 
3 689 690 2558 
3 688 2555 2559 
3 688 2559 690 
3 690 2559 2558 
3 2555 2556 2559 
3 859 2530 849 
3 860 2530 859 
3 860 2560 2530 
3 2560 2531 2530 
3 2560 2561 2531 
3 2531 2561 2532 
3 2561 2562 2532 
3 2532 2562 2533 
3 2562 2563 2533 
3 2533 2563 2534 
3 2563 2564 2534 
3 2534 2564 2535 
3 2535 2564 2565 
3 2537 2535 2565 
3 735 2566 765 
3 2538 2566 735 
3 2565 2567 2537 
3 2567 2539 2537 
3 2566 2538 2540 
3 2568 2566 2540 
3 2540 2569 2568 
3 2541 2569 2540 
3 2543 2570 2571 
3 2542 2570 2543 
3 2570 2542 2539 
3 2567 2570 2539 
3 2569 2541 2544 
3 2572 2569 2544 
3 2544 2573 2572 
3 2545 2573 2544 
3 2548 2574 2575 
3 2546 2574 2548 
3 2574 2546 2576 
3 2546 2549 2576 
3 2576 2549 2543 
3 2571 2576 2543 
3 2573 2545 2550 
3 2577 2573 2550 
3 2579 2550 2551 
3 2579 2578 2550 
3 2578 2577 2550 
3 2578 2579 2580 
3 2582 2575 2581 
3 2582 2552 2575 
3 2552 2548 2575 
3 2581 2583 2582 
3 2584 2579 2551 
3 2553 2584 2551 
3 2580 2586 2585 
3 2580 2579 2586 
3 2579 2584 2586 
3 2588 2552 2586 
3 2588 2554 2552 
3 2586 2552 2585 
3 2582 2587 2552 
3 2585 2552 2587 
3 2587 2582 2583 
3 2588 2556 2554 
3 2584 2553 2557 
3 2586 2584 2557 
3 2558 2586 2557 
3 2588 2586 2558 
3 2559 2588 2558 
3 2588 2559 2556 
3 870 2560 860 
3 872 2560 870 
3 2561 2560 872 
3 873 2561 872 
3 873 2589 2561 
3 2589 2562 2561 
3 875 2589 876 
3 875 2563 2589 
3 2563 2562 2589 
3 878 2563 875 
3 2564 2563 878 
3 2564 878 879 
3 2564 879 2565 
3 2565 879 2590 
3 2592 765 2566 
3 2592 2591 765 
3 2591 788 765 
3 2591 2592 2593 
3 2590 2594 2565 
3 2594 2567 2565 
3 2592 2566 2568 
3 2568 2593 2592 
3 2568 2569 2593 
3 2569 2595 2593 
3 2571 2596 2597 
3 2570 2596 2571 
3 2596 2570 2567 
3 2594 2596 2567 
3 2595 2569 2572 
3 2598 2595 2572 
3 2600 2572 2573 
3 2600 2599 2572 
3 2599 2598 2572 
3 2599 2600 2601 
3 2575 2602 2603 
3 2574 2602 2575 
3 2602 2574 2604 
3 2574 2576 2604 
3 2604 2576 2571 
3 2597 2604 2571 
3 2600 2573 2577 
3 2601 2600 2577 
3 2601 2577 2605 
3 2605 2577 2578 
3 2578 2606 2605 
3 2580 2606 2578 
3 2581 2608 2607 
3 2581 2575 2608 
3 2575 2603 2608 
3 2581 2607 2583 
3 2606 2580 2585 
3 2609 2606 2585 
3 2607 2608 2609 
3 2607 2609 2587 
3 2587 2609 2585 
3 2607 2587 2583 
3 804 2611 2610 
3 805 2611 804 
3 2610 2611 2612 
3 892 2589 873 
3 892 876 2589 
3 895 2613 879 
3 2613 2590 879 
3 2611 805 788 
3 2591 2611 788 
3 2591 2593 2615 
3 2611 2591 2615 
3 2611 2615 2614 
3 2611 2614 2612 
3 2614 2615 2616 
3 2613 2617 2590 
3 2617 2594 2590 
3 2618 2615 2593 
3 2595 2618 2593 
3 2616 2618 2619 
3 2615 2618 2616 
3 2597 2620 2621 
3 2596 2620 2597 
3 2620 2596 2594 
3 2617 2620 2594 
3 2618 2595 2598 
3 2619 2618 2598 
3 2619 2598 2622 
3 2622 2598 2599 
3 2624 2599 2601 
3 2624 2623 2599 
3 2623 2622 2599 
3 2623 2624 2625 
3 2603 2626 2627 
3 2602 2626 2603 
3 2626 2602 2628 
3 2602 2604 2628 
3 2628 2604 2597 
3 2621 2628 2597 
3 2624 2601 2605 
3 2605 2606 2630 
3 2624 2605 2630 
3 2624 2630 2629 
3 2624 2629 2625 
3 2629 2630 2608 
3 2629 2608 2627 
3 2627 2608 2603 
3 2630 2606 2609 
3 2630 2609 2608 
3 914 817 804 
3 914 804 2631 
3 2631 804 2610 
3 2610 2632 2631 
3 2612 2632 2610 
3 916 2633 895 
3 2633 2613 895 
3 2632 2612 2614 
3 2634 2632 2614 
3 2614 2635 2634 
3 2616 2635 2614 
3 2633 2636 2613 
3 2636 2617 2613 
3 2638 2637 2635 
3 2638 2635 2619 
3 2619 2635 2616 
3 2637 2638 2639 
3 2642 2641 2640 
3 2621 2640 2641 
3 2621 2620 2640 
3 2620 2643 2640 
3 2643 2620 2617 
3 2636 2643 2617 
3 2638 2619 2622 
3 2639 2638 2622 
3 2639 2622 2644 
3 2644 2622 2623 
3 2623 2645 2644 
3 2625 2645 2623 
3 2627 2646 2647 
3 2626 2646 2627 
3 2641 2642 2646 
3 2641 2646 2628 
3 2628 2646 2626 
3 2641 2628 2621 
3 2645 2625 2629 
3 2648 2645 2629 
3 2648 2629 2627 
3 2647 2648 2627 
3 932 914 2631 
3 2649 932 2631 
3 2651 2631 2632 
3 2651 2650 2631 
3 2650 2649 2631 
3 2650 2651 2652 
3 934 2653 916 
3 2653 2633 916 
3 2651 2632 2634 
3 2634 2652 2651 
3 2634 2635 2652 
3 2635 2654 2652 
3 2657 2656 2655 
3 2655 2656 2636 
3 2655 2636 2653 
3 2653 2636 2633 
3 2654 2635 2637 
3 2658 2654 2637 
3 2637 2659 2658 
3 2639 2659 2637 
3 2662 2661 2660 
3 2642 2660 2661 
3 2642 2640 2660 
3 2640 2663 2660 
3 2656 2657 2663 
3 2656 2663 2643 
3 2643 2663 2640 
3 2656 2643 2636 
3 2659 2639 2644 
3 2664 2659 2644 
3 2666 2644 2645 
3 2666 2665 2644 
3 2665 2664 2644 
3 2661 2647 2646 
3 2662 2647 2661 
3 2662 2666 2647 
3 2662 2665 2666 
3 2661 2646 2642 
3 2666 2645 2648 
3 2666 2648 2647 
3 956 932 2649 
3 2667 956 2649 
3 2667 2649 2668 
3 2649 2650 2668 
3 2650 2669 2668 
3 2652 2669 2650 
3 957 2670 934 
3 2670 2653 934 
3 2672 2671 2669 
3 2672 2669 2654 
3 2654 2669 2652 
3 2671 2672 2673 
3 2657 2674 2675 
3 2655 2674 2657 
3 2674 2655 2653 
3 2670 2674 2653 
3 2672 2654 2658 
3 2658 2673 2672 
3 2658 2659 2673 
3 2659 2676 2673 
3 2662 2677 2678 
3 2660 2677 2662 
3 2677 2660 2679 
3 2660 2663 2679 
3 2679 2663 2657 
3 2675 2679 2657 
3 2676 2659 2664 
3 2680 2676 2664 
3 2680 2664 2681 
3 2664 2665 2681 
3 2681 2665 2662 
3 2678 2681 2662 
3 978 956 2667 
3 979 978 2667 
3 979 2667 2682 
3 2682 2667 2668 
3 2668 2683 2682 
3 2669 2683 2668 
3 980 2684 957 
3 2684 2670 957 
3 2683 2669 2671 
3 2685 2683 2671 
3 2671 2686 2685 
3 2673 2686 2671 
3 2689 2688 2687 
3 2675 2687 2688 
3 2675 2674 2687 
3 2674 2690 2687 
3 2690 2674 2670 
3 2684 2690 2670 
3 2692 2691 2686 
3 2692 2686 2676 
3 2676 2686 2673 
3 2691 2692 2693 
3 2677 2694 2678 
3 2694 2689 2695 
3 2694 2679 2689 
3 2694 2677 2679 
3 2679 2688 2689 
3 2688 2679 2675 
3 2692 2676 2680 
3 2692 2680 2681 
3 2692 2681 2697 
3 2692 2697 2693 
3 2696 2697 2681 
3 2696 2698 2699 
3 2681 2698 2696 
3 2681 2694 2698 
3 2681 2678 2694 
3 2694 2695 2698 
3 2701 2697 2696 
3 2700 2701 2696 
3 2699 2702 2700 
3 2696 2699 2700 
3 2700 2703 2701 
3 2703 2700 2702 
3 1003 979 2682 
3 2704 1003 2682 
3 2682 2705 2704 
3 2683 2705 2682 
3 1004 2706 980 
3 2706 2684 980 
3 2705 2683 2685 
3 2707 2705 2685 
3 2685 2708 2707 
3 2686 2708 2685 
3 2689 2709 2710 
3 2687 2709 2689 
3 2709 2687 2711 
3 2687 2690 2711 
3 2711 2690 2684 
3 2706 2711 2684 
3 2708 2686 2691 
3 2712 2708 2691 
3 2691 2713 2712 
3 2693 2713 2691 
3 2716 2715 2714 
3 2714 2715 2695 
3 2714 2695 2710 
3 2710 2695 2689 
3 2718 2717 2713 
3 2718 2713 2697 
3 2697 2713 2693 
3 2715 2699 2698 
3 2716 2699 2715 
3 2716 2718 2699 
3 2716 2717 2718 
3 2715 2698 2695 
3 2719 2718 2697 
3 2719 2697 2720 
3 2720 2697 2701 
3 2718 2719 2721 
3 2718 2721 2699 
3 2699 2721 2702 
3 2720 2701 2703 
3 2722 2720 2703 
3 2722 2703 2702 
3 2721 2722 2702 
3 1027 1003 2704 
3 2704 2705 2724 
3 1027 2704 2724 
3 1027 2724 2723 
3 1027 2723 1028 
3 2723 2724 2725 
3 2726 1004 1030 
3 2726 2727 1004 
3 2727 2706 1004 
3 1030 1031 2726 
3 2724 2705 2707 
3 2707 2708 2729 
3 2724 2707 2729 
3 2724 2729 2728 
3 2724 2728 2725 
3 2728 2729 2730 
3 2710 2731 2732 
3 2709 2731 2710 
3 2731 2709 2733 
3 2709 2711 2733 
3 2733 2711 2706 
3 2727 2733 2706 
3 2729 2708 2712 
3 2712 2713 2735 
3 2729 2712 2735 
3 2729 2735 2734 
3 2729 2734 2730 
3 2716 2734 2735 
3 2716 2714 2734 
3 2714 2736 2734 
3 2736 2714 2710 
3 2732 2736 2710 
3 2735 2713 2717 
3 2735 2717 2716 
3 2719 2720 2737 
3 2719 2737 2721 
3 2737 2720 2722 
3 2737 2722 2721 
3 1056 1028 2723 
3 2738 1056 2723 
3 2740 2723 2725 
3 2740 2739 2723 
3 2739 2738 2723 
3 2739 2740 2741 
3 2744 2743 2742 
3 2742 2746 2745 
3 2743 2746 2742 
3 1057 2727 2726 
3 1058 2727 1057 
3 1058 2746 2727 
3 1058 2745 2746 
3 1057 2726 1031 
3 2740 2725 2728 
3 2728 2741 2740 
3 2728 2730 2741 
3 2730 2747 2741 
3 2750 2749 2748 
3 2743 2732 2731 
3 2744 2732 2743 
3 2744 2749 2732 
3 2744 2748 2749 
3 2746 2743 2731 
3 2733 2746 2731 
3 2746 2733 2727 
3 2747 2730 2734 
3 2751 2747 2734 
3 2749 2750 2751 
3 2749 2751 2736 
3 2736 2751 2734 
3 2749 2736 2732 
3 2754 2752 2753 
3 2752 2755 2756 
3 2753 2752 2756 
3 2755 2757 2756 
3 2754 2753 2758 
3 2760 2758 2753 
3 2760 2753 2759 
3 2759 2753 2756 
3 2757 2761 2759 
3 2756 2757 2759 
3 2760 2759 2762 
3 2759 2761 2762 
3 1085 1056 2738 
3 1086 1085 2738 
3 1086 2738 2763 
3 2763 2738 2739 
3 2739 2764 2763 
3 2741 2764 2739 
3 2744 2765 2766 
3 2742 2765 2744 
3 2765 2742 2767 
3 2742 2745 2767 
3 2767 2745 1058 
3 1088 2767 1058 
3 2769 2768 2764 
3 2769 2764 2747 
3 2747 2764 2741 
3 2750 2768 2769 
3 2750 2748 2768 
3 2771 2768 2770 
3 2770 2768 2748 
3 2770 2748 2744 
3 2770 2744 2772 
3 2772 2744 2766 
3 2773 2774 2775 
3 2769 2747 2751 
3 2751 2750 2769 
3 2773 2777 2774 
3 2770 2776 2771 
3 2770 2772 2776 
3 2754 2779 2778 
3 2752 2754 2778 
3 2774 2778 2775 
3 2774 2755 2778 
3 2755 2752 2778 
3 2755 2774 2777 
3 2755 2777 2757 
3 2757 2777 2780 
3 2758 2781 2782 
3 2758 2782 2754 
3 2754 2782 2779 
3 2758 2760 2781 
3 2780 2783 2757 
3 2783 2761 2757 
3 2785 2782 2781 
3 2784 2785 2781 
3 2760 2784 2781 
3 2760 2786 2784 
3 2760 2762 2786 
3 2787 2784 2786 
3 2786 2762 2761 
3 2783 2786 2761 
3 2785 2784 2788 
3 2784 2787 2788 
3 1114 1086 2763 
3 2789 1114 2763 
3 2763 2790 2789 
3 2764 2790 2763 
3 2766 2791 2792 
3 2765 2791 2766 
3 2791 2765 2793 
3 2765 2767 2793 
3 2793 2767 1088 
3 1116 2793 1088 
3 2768 2794 2795 
3 2768 2795 2764 
3 2764 2795 2790 
3 2768 2771 2794 
3 2792 2796 2766 
3 2796 2772 2766 
3 2799 2797 2798 
3 2797 2800 2801 
3 2798 2797 2801 
3 2794 2773 2775 
3 2795 2794 2775 
3 2795 2775 2801 
3 2795 2801 2800 
3 2776 2794 2771 
3 2776 2802 2794 
3 2773 2794 2777 
3 2777 2794 2802 
3 2802 2776 2772 
3 2802 2772 2803 
3 2803 2772 2796 
3 2799 2798 2804 
3 2804 2779 2805 
3 2804 2801 2779 
3 2804 2798 2801 
3 2778 2779 2801 
3 2801 2775 2778 
3 2806 2777 2802 
3 2780 2777 2806 
3 2803 2807 2806 
3 2802 2803 2806 
3 2805 2779 2808 
3 2808 2779 2782 
3 2809 2780 2806 
3 2809 2810 2780 
3 2810 2783 2780 
3 2806 2807 2809 
3 2808 2782 2811 
3 2811 2782 2785 
3 2786 2812 2787 
3 2812 2786 2783 
3 2812 2783 2813 
3 2813 2783 2810 
3 2811 2785 2788 
3 2814 2811 2788 
3 2787 2812 2815 
3 2787 2815 2788 
3 2788 2815 2814 
3 2812 2813 2815 
3 1142 1114 2789 
3 2789 2790 2817 
3 1142 2789 2817 
3 1142 2817 2816 
3 1142 2816 1143 
3 2816 2817 2818 
3 2791 2819 2792 
3 2819 1146 2820 
3 2819 2793 1146 
3 2819 2791 2793 
3 2793 1145 1146 
3 1145 2793 1116 
3 2821 2817 2790 
3 2821 2790 2822 
3 2822 2790 2795 
3 2817 2821 2818 
3 2823 2792 2819 
3 2823 2824 2792 
3 2824 2796 2792 
3 2819 2820 2823 
3 2799 2826 2825 
3 2797 2799 2825 
3 2825 2827 2797 
3 2797 2827 2800 
3 2827 2795 2800 
3 2822 2795 2827 
3 2824 2828 2796 
3 2828 2803 2796 
3 2826 2799 2804 
3 2829 2826 2804 
3 2804 2830 2829 
3 2805 2830 2804 
3 2828 2831 2803 
3 2831 2807 2803 
3 2830 2805 2832 
3 2832 2805 2808 
3 2809 2833 2810 
3 2833 2809 2807 
3 2833 2807 2834 
3 2834 2807 2831 
3 2836 2835 2832 
3 2836 2832 2811 
3 2811 2832 2808 
3 2835 2836 2837 
3 2838 2810 2833 
3 2838 2839 2810 
3 2839 2813 2810 
3 2833 2834 2838 
3 2836 2811 2814 
3 2837 2836 2814 
3 2837 2814 2840 
3 2840 2814 2815 
3 2840 2815 2813 
3 2839 2840 2813 
3 1180 1143 2816 
3 2841 1180 2816 
3 2816 2842 2841 
3 2818 2842 2816 
3 2843 1146 1181 
3 2843 2844 1146 
3 2844 2820 1146 
3 1181 1183 2843 
3 2821 2822 2845 
3 2845 2818 2821 
3 2845 2846 2818 
3 2846 2842 2818 
3 2823 2847 2824 
3 2847 2823 2820 
3 2847 2820 2848 
3 2848 2820 2844 
3 2825 2826 2849 
3 2849 2851 2850 
3 2849 2850 2825 
3 2825 2850 2827 
3 2822 2852 2845 
3 2822 2827 2852 
3 2827 2850 2852 
3 2845 2852 2846 
3 2853 2824 2847 
3 2853 2854 2824 
3 2854 2828 2824 
3 2847 2848 2853 
3 2855 2856 2857 
3 2849 2826 2829 
3 2829 2851 2849 
3 2829 2830 2851 
3 2855 2851 2856 
3 2856 2851 2830 
3 2854 2858 2828 
3 2858 2831 2828 
3 2860 2857 2856 
3 2859 2860 2856 
3 2856 2832 2859 
3 2830 2832 2856 
3 2863 2862 2861 
3 2861 2862 2834 
3 2861 2834 2858 
3 2858 2834 2831 
3 2860 2859 2864 
3 2859 2832 2835 
3 2859 2835 2864 
3 2864 2835 2865 
3 2867 2835 2837 
3 2867 2866 2835 
3 2866 2865 2835 
3 2862 2839 2838 
3 2863 2839 2862 
3 2863 2867 2839 
3 2863 2866 2867 
3 2862 2838 2834 
3 2867 2837 2840 
3 2867 2840 2839 
3 1224 1180 2841 
3 190 1226 1224 
3 190 1224 2842 
3 190 2842 191 
3 2842 1224 2841 
3 1226 190 194 
3 1228 2844 2843 
3 1228 195 2844 
3 195 196 2844 
3 1228 2843 1183 
3 199 1230 198 
3 1230 200 198 
3 191 2842 202 
3 202 2842 2846 
3 196 204 2844 
3 204 2848 2844 
3 2850 2851 2868 
3 2852 2850 2868 
3 2869 2852 2868 
3 205 202 2846 
3 205 2846 2869 
3 205 2869 2870 
3 2852 2869 2846 
3 2854 205 2870 
3 2854 2853 205 
3 2853 206 205 
3 206 2853 2848 
3 204 206 2848 
3 2857 209 208 
3 2855 2857 208 
3 2851 211 2868 
3 2851 2855 211 
3 2855 208 211 
3 212 2868 211 
3 212 2871 2868 
3 2871 2869 2868 
3 2869 2871 2870 
3 2870 2871 2872 
3 2870 2872 2858 
3 2854 2870 2858 
3 2873 213 209 
3 2873 209 2860 
3 2860 209 2857 
3 213 2874 214 
3 2873 2874 213 
3 214 2871 212 
3 214 2874 2871 
3 2874 2875 2871 
3 2863 2861 2872 
3 2863 2872 2875 
3 2875 2872 2871 
3 2872 2861 2858 
3 2873 2860 2864 
3 2874 2873 2864 
3 2865 2874 2864 
3 2875 2874 2865 
3 2866 2875 2865 
3 2875 2866 2863 
3 2877 2878 2881 
3 2876 2880 2879 
3 2881 2878 2882 
3 2884 2885 2883 
3 2883 2885 2886 
3 2881 2888 2887 
3 2877 2881 2887 
3 2888 2881 2882 
3 2889 2888 2882 
3 2892 2890 2891 
3 2891 2893 2892 
3 2887 2888 2894 
3 2894 2888 2889 
3 2892 2896 2895 
3 2890 2892 2895 
3 2896 2892 2893 
3 2897 2896 2893 
3 2900 2898 2899 
3 2896 2899 2898 
3 2896 2898 2895 
3 2895 2898 2901 
3 2900 2899 2902 
3 2899 2896 2897 
3 2899 2897 2902 
3 2902 2897 2903 
3 2898 2900 2904 
3 2904 2906 2905 
3 2904 2905 2898 
3 2898 2905 2901 
3 2904 2900 2902 
3 2906 2904 2902 
3 2906 2902 2907 
3 2907 2902 2903 
3 2905 2906 2908 
3 2908 2906 2907 
3 2430 1260 2909 
3 2434 2430 2909 
3 2910 2434 2909 
3 2434 2910 1280 
3 2911 392 389 
3 2911 2912 418 
3 392 2911 418 
3 2913 2915 2914 
3 2912 441 418 
3 2914 441 2912 
3 2914 2916 441 
3 2914 2915 2916 
3 2916 444 441 
3 2913 2917 2918 
3 2915 2913 2918 
3 2918 2916 2915 
3 2919 2916 2918 
3 2916 2919 470 
3 444 2916 470 
3 2920 2922 2921 
3 2917 2921 2922 
3 2917 2922 2918 
3 2918 2922 2923 
3 2923 2919 2918 
3 2924 2919 2923 
3 2919 2924 501 
3 470 2919 501 
3 2920 2925 2926 
3 2922 2920 2926 
3 2928 2926 2927 
3 2928 2923 2926 
3 2923 2922 2926 
3 2927 2929 2928 
3 2928 2924 2923 
3 2924 2928 2929 
3 2924 2929 501 
3 501 2929 536 
3 2925 2930 2931 
3 2926 2925 2931 
3 2931 2927 2926 
3 2932 2927 2931 
3 2927 2932 2933 
3 2929 2927 2933 
3 564 2933 2934 
3 564 536 2933 
3 536 2929 2933 
3 2934 565 564 
3 2935 2937 2936 
3 2930 2936 2937 
3 2930 2937 2931 
3 2931 2937 2938 
3 2938 2932 2931 
3 2939 2932 2938 
3 2932 2939 2940 
3 2933 2932 2940 
3 2940 2934 2933 
3 2941 2934 2940 
3 2934 2941 595 
3 565 2934 595 
3 2935 2942 2943 
3 2937 2935 2943 
3 2945 2943 2944 
3 2945 2938 2943 
3 2938 2937 2943 
3 2944 2946 2945 
3 2945 2939 2938 
3 2939 2948 2940 
3 2945 2948 2939 
3 2945 2947 2948 
3 2945 2946 2947 
3 2947 2949 2948 
3 2948 2941 2940 
3 2941 2948 2949 
3 2941 2949 595 
3 595 2949 626 
3 2942 837 840 
3 2943 2942 840 
3 840 2944 2943 
3 842 2944 840 
3 2944 842 844 
3 2946 2944 844 
3 844 2947 2946 
3 846 2947 844 
3 2947 846 848 
3 2949 2947 848 
3 848 662 2949 
3 662 626 2949 
3 2952 1187 1185 
3 2952 1185 2951 
3 2951 1185 2950 
3 2951 2953 2952 
3 2952 1188 1187 
3 1188 2955 1189 
3 2952 2955 1188 
3 2952 2954 2955 
3 2952 2953 2954 
3 1192 2955 2954 
3 1192 2954 1190 
3 1190 2954 2956 
3 2958 1193 1190 
3 2958 1190 2957 
3 2957 1190 2956 
3 2957 2959 2958 
3 2955 1194 1189 
3 2955 1192 1194 
3 2958 1195 1193 
3 2959 1195 2958 
3 2959 2960 1195 
3 2960 1197 1195 
3 2962 1199 1197 
3 2962 1197 2961 
3 2961 1197 2960 
3 2961 2963 2962 
3 2962 1200 1199 
3 2963 1200 2962 
3 2963 2964 1200 
3 2964 1201 1200 
3 2966 1203 1201 
3 2966 1201 2965 
3 2965 1201 2964 
3 2965 2967 2968 
3 2966 2965 2968 
3 2967 2969 2968 
3 1204 2971 2970 
3 1205 2971 1204 
3 2966 1206 1203 
3 2968 1206 2966 
3 1207 1206 2968 
3 1207 2968 2969 
3 1207 2969 1209 
3 1209 2969 2972 
3 2971 1205 1210 
3 2973 2971 1210 
3 2973 1210 2974 
3 1210 1211 2974 
3 2974 1211 2975 
3 1211 1212 2975 
3 2977 1212 1214 
3 2977 2976 1212 
3 2976 2975 1212 
3 2976 2979 2978 
3 2977 2979 2976 
3 2978 2979 2980 
3 1215 2982 2981 
3 1215 1209 2982 
3 1209 2972 2982 
3 1215 2981 1217 
3 2977 1214 1218 
3 2979 2977 1218 
3 1220 2979 1218 
3 1220 1222 2984 
3 2979 1220 2984 
3 2979 2984 2983 
3 2979 2983 2980 
3 2983 2986 2985 
3 2984 2986 2983 
3 2985 2986 2987 
3 2982 2988 2981 
3 2981 2988 2989 
3 2981 2989 1217 
3 1217 2989 1223 
3 2984 1222 1225 
3 1225 194 192 
3 1225 192 2984 
3 2984 192 2986 
3 2987 1227 2990 
3 2987 192 1227 
3 2987 2986 192 
3 192 195 1227 
3 2990 1227 2991 
3 1227 1229 2991 
3 197 1229 199 
3 197 2992 1229 
3 2992 2991 1229 
3 2992 197 200 
3 2992 200 2989 
3 2989 200 1223 
3 2993 2995 2994 
3 2995 2950 2994 
3 2995 2996 2950 
3 2996 2951 2950 
3 2998 2953 2951 
3 2998 2951 2997 
3 2997 2951 2996 
3 2997 2999 2998 
3 2998 2954 2953 
3 2999 2954 2998 
3 2999 3000 2954 
3 3000 2956 2954 
3 3000 3001 2956 
3 2956 3001 2957 
3 3003 2959 2957 
3 3003 2957 3002 
3 3002 2957 3001 
3 3002 3004 3003 
3 3003 2960 2959 
3 3004 2960 3003 
3 3004 3005 2960 
3 3005 2961 2960 
3 3007 2963 2961 
3 3007 2961 3006 
3 3006 2961 3005 
3 3006 3008 3007 
3 3007 2964 2963 
3 3008 2964 3007 
3 3008 3009 2964 
3 3009 2965 2964 
3 3009 3010 2965 
3 2965 3010 2967 
3 2967 3010 3011 
3 2969 2967 3011 
3 2970 2971 3012 
3 3011 3013 2969 
3 3013 2972 2969 
3 3012 2971 2973 
3 3012 2973 3014 
3 3014 2973 3015 
3 3015 2973 3016 
3 2973 2974 3016 
3 3016 2974 3017 
3 2974 2975 3017 
3 3017 2975 3018 
3 2975 2976 3018 
3 3018 2976 3019 
3 2976 2978 3019 
3 3021 2978 2980 
3 3021 3020 2978 
3 3020 3019 2978 
3 3020 3023 3022 
3 3021 3023 3020 
3 3022 3023 3024 
3 3013 3025 2972 
3 3025 2982 2972 
3 3021 2980 2983 
3 3023 3021 2983 
3 2985 3023 2983 
3 2985 2987 3027 
3 3023 2985 3027 
3 3023 3027 3026 
3 3023 3026 3024 
3 3026 3029 3028 
3 3027 3029 3026 
3 3028 3029 3030 
3 3028 3030 2982 
3 3028 2982 3025 
3 2982 3030 2988 
3 2988 3030 2989 
3 3027 2987 2990 
3 3029 3027 2990 
3 2991 3029 2990 
3 3030 3029 2991 
3 2992 3030 2991 
3 3030 2992 2989 
3 3033 2995 2993 
3 3033 2993 3032 
3 3032 2993 3031 
3 3032 3034 3033 
3 3033 2996 2995 
3 3034 2996 3033 
3 3034 3035 2996 
3 3035 2997 2996 
3 3037 2999 2997 
3 3037 2997 3036 
3 3036 2997 3035 
3 3036 3038 3037 
3 3037 3000 2999 
3 3038 3000 3037 
3 3038 3039 3000 
3 3039 3001 3000 
3 3039 3040 3001 
3 3001 3040 3002 
3 3002 3040 3041 
3 3004 3002 3041 
3 3041 3005 3004 
3 3042 3005 3041 
3 3044 3043 3006 
3 3044 3006 3042 
3 3042 3006 3005 
3 3006 3043 3008 
3 3044 3045 3043 
3 3043 3009 3008 
3 3043 3045 3009 
3 3045 3046 3009 
3 3048 3047 3010 
3 3048 3010 3046 
3 3046 3010 3009 
3 3010 3047 3011 
3 3051 3050 3049 
3 3049 3053 3052 
3 3050 3053 3049 
3 3052 3053 3054 
3 3048 3055 3047 
3 3047 3055 3056 
3 3047 3056 3011 
3 3011 3056 3013 
3 3057 3014 3058 
3 3014 3015 3058 
3 3058 3015 3059 
3 3015 3016 3059 
3 3059 3016 3060 
3 3016 3017 3060 
3 3050 3051 3060 
3 3050 3060 3018 
3 3018 3060 3017 
3 3053 3050 3018 
3 3019 3053 3018 
3 3054 3053 3019 
3 3054 3019 3061 
3 3061 3019 3020 
3 3061 3020 3062 
3 3020 3022 3062 
3 3064 3022 3024 
3 3064 3063 3022 
3 3063 3062 3022 
3 3063 3066 3065 
3 3064 3066 3063 
3 3065 3066 3025 
3 3065 3025 3056 
3 3056 3025 3013 
3 3064 3024 3026 
3 3066 3064 3026 
3 3028 3066 3026 
3 3066 3028 3025 
3 3032 3031 3067 
3 3068 3032 3067 
3 3032 3068 3034 
3 3067 3070 3068 
3 3069 3070 3067 
3 3072 3071 3035 
3 3070 3072 3035 
3 3070 3035 3034 
3 3070 3034 3068 
3 3036 3035 3071 
3 3073 3036 3071 
3 3036 3073 3038 
3 3072 3074 3071 
3 3071 3075 3073 
3 3074 3075 3071 
3 3073 3039 3038 
3 3073 3075 3039 
3 3075 3076 3039 
3 3078 3077 3040 
3 3078 3040 3076 
3 3076 3040 3039 
3 3040 3077 3041 
3 3081 3080 3079 
3 3079 3080 3082 
3 3078 3083 3077 
3 3085 3084 3042 
3 3083 3085 3042 
3 3083 3042 3041 
3 3083 3041 3077 
3 3042 3084 3044 
3 3081 3086 3080 
3 3080 3086 3082 
3 3085 3087 3084 
3 3084 3045 3044 
3 3084 3087 3045 
3 3087 3088 3045 
3 3090 3089 3046 
3 3090 3046 3088 
3 3088 3046 3045 
3 3089 3048 3046 
3 3093 3091 3092 
3 3091 3094 3092 
3 3097 3096 3095 
3 3095 3099 3098 
3 3096 3099 3095 
3 3051 3098 3099 
3 3051 3049 3098 
3 3049 3100 3098 
3 3100 3049 3101 
3 3049 3052 3101 
3 3103 3052 3054 
3 3103 3102 3052 
3 3102 3101 3052 
3 3102 3105 3104 
3 3103 3105 3102 
3 3106 3105 3107 
3 3106 3089 3105 
3 3104 3105 3090 
3 3090 3105 3089 
3 3092 3106 3093 
3 3092 3055 3106 
3 3089 3106 3048 
3 3048 3106 3055 
3 3055 3109 3056 
3 3092 3109 3055 
3 3092 3108 3109 
3 3092 3094 3108 
3 3108 3110 3111 
3 3109 3108 3111 
3 3112 3057 3113 
3 3057 3058 3113 
3 3096 3097 3113 
3 3096 3113 3059 
3 3059 3113 3058 
3 3099 3096 3059 
3 3060 3099 3059 
3 3099 3060 3051 
3 3103 3054 3061 
3 3105 3103 3061 
3 3062 3105 3061 
3 3107 3105 3062 
3 3107 3062 3114 
3 3114 3062 3063 
3 3116 3065 3115 
3 3116 3114 3065 
3 3114 3063 3065 
3 3115 3117 3118 
3 3065 3117 3115 
3 3065 3109 3117 
3 3065 3056 3109 
3 3109 3111 3119 
3 3117 3109 3119 
3 3111 3120 3119 
3 3116 3115 3121 
3 3115 3118 3121 
3 3070 3069 3122 
3 3123 3070 3122 
3 3070 3123 3072 
3 3122 3124 3123 
3 3123 3124 3125 
3 3074 3072 3123 
3 3074 3123 3126 
3 3126 3123 3125 
3 3075 3074 3126 
3 3127 3075 3126 
3 3076 3075 3127 
3 3128 3076 3127 
3 3076 3128 3078 
3 3081 3079 3125 
3 3081 3125 3129 
3 3129 3125 3124 
3 3079 3082 3130 
3 3079 3130 3125 
3 3125 3130 3126 
3 3126 3130 3127 
3 3127 3130 3131 
3 3132 3131 3133 
3 3132 3128 3131 
3 3128 3127 3131 
3 3135 3134 3083 
3 3132 3135 3083 
3 3132 3083 3078 
3 3132 3078 3128 
3 3083 3134 3085 
3 3129 3086 3081 
3 3129 3136 3086 
3 3136 3137 3086 
3 3082 3086 3137 
3 3082 3137 3138 
3 3082 3138 3130 
3 3138 3137 3139 
3 3130 3138 3131 
3 3131 3138 3140 
3 3133 3142 3141 
3 3133 3131 3142 
3 3131 3140 3142 
3 3141 3134 3135 
3 3141 3142 3134 
3 3142 3143 3134 
3 3087 3085 3134 
3 3087 3134 3144 
3 3144 3134 3143 
3 3088 3087 3144 
3 3145 3088 3144 
3 3088 3145 3090 
3 3091 3093 3146 
3 3091 3146 3094 
3 3147 3150 3149 
3 3148 3150 3147 
3 3138 3097 3095 
3 3139 3097 3138 
3 3139 3150 3097 
3 3139 3149 3150 
3 3140 3138 3095 
3 3098 3140 3095 
3 3142 3140 3098 
3 3100 3142 3098 
3 3143 3142 3100 
3 3101 3143 3100 
3 3144 3143 3101 
3 3102 3144 3101 
3 3145 3144 3102 
3 3104 3145 3102 
3 3104 3090 3145 
3 3107 3151 3106 
3 3093 3106 3151 
3 3093 3151 3146 
3 3146 3151 3152 
3 3108 3094 3146 
3 3108 3146 3153 
3 3153 3146 3152 
3 3153 3155 3154 
3 3153 3154 3108 
3 3108 3154 3110 
3 3150 3148 3112 
3 3113 3150 3112 
3 3150 3113 3097 
3 3151 3107 3114 
3 3114 3116 3156 
3 3114 3156 3151 
3 3151 3156 3152 
3 3118 3117 3153 
3 3118 3153 3156 
3 3156 3153 3152 
3 3155 3153 3117 
3 3155 3117 3157 
3 3157 3117 3119 
3 3156 3116 3121 
3 3156 3121 3118 
3 3132 3133 3158 
3 3132 3158 3135 
3 3137 3136 3159 
3 3160 3137 3159 
3 3137 3160 3139 
3 3158 3133 3141 
3 3158 3141 3135 
3 3160 3159 3147 
3 3149 3160 3147 
3 3160 3149 3139 
3 3164 3163 3162 
3 3161 3164 3162 
3 3162 3165 3161 
3 3166 3165 3162 
3 3167 3168 3169 
3 3168 3171 3173 
3 3167 3171 3168 
3 3167 3170 3171 
3 3167 3172 3170 
3 3170 3174 3175 
3 3171 3170 3175 
3 3165 3166 3177 
3 3176 3165 3177 
3 3177 3178 3176 
3 3179 3178 3177 
3 3171 3180 3173 
3 3180 3181 3182 
3 3180 3171 3181 
3 3171 3175 3181 
3 3184 3183 3178 
3 3184 3178 3185 
3 3185 3178 3179 
3 3183 3184 3186 
3 3181 3187 3182 
3 3184 3185 3188 
3 3188 3186 3184 
3 3188 3190 3186 
3 3190 3189 3186 
3 3189 3190 3192 
3 3191 3189 3192 
3 3192 3193 3191 
3 3194 3193 3192 
3 3193 3194 3196 
3 3195 3193 3196 
3 3199 3198 3197 
3 3199 3195 3198 
3 3195 3196 3198 
3 3199 3197 3200 
3 3202 3164 3161 
3 3201 3202 3161 
3 3161 3203 3201 
3 3165 3203 3161 
3 3204 3170 3172 
3 3205 3170 3204 
3 3174 3170 3205 
3 3203 3165 3176 
3 3206 3203 3176 
3 3176 3207 3206 
3 3178 3207 3176 
3 3207 3178 3183 
3 3208 3207 3183 
3 3183 3209 3208 
3 3186 3209 3183 
3 3211 3210 3209 
3 3211 3209 3189 
3 3189 3209 3186 
3 3210 3211 3212 
3 3211 3189 3191 
3 3191 3212 3211 
3 3191 3193 3212 
3 3193 3213 3212 
3 3213 3193 3195 
3 3214 3213 3195 
3 3195 3215 3214 
3 3199 3215 3195 
3 3215 3199 3200 
3 3216 3215 3200 
3 3218 3202 3201 
3 3217 3218 3201 
3 3201 3219 3217 
3 3203 3219 3201 
3 3219 3203 3206 
3 3220 3219 3206 
3 3206 3221 3220 
3 3207 3221 3206 
3 3221 3207 3208 
3 3222 3221 3208 
3 3208 3223 3222 
3 3209 3223 3208 
3 3223 3209 3210 
3 3224 3223 3210 
3 3210 3225 3224 
3 3212 3225 3210 
3 3225 3212 3226 
3 3226 3212 3213 
3 3226 3213 3214 
3 3227 3226 3214 
3 3214 3228 3227 
3 3215 3228 3214 
3 3228 3215 3216 
3 3229 3228 3216 
3 3230 3218 3217 
3 3232 3231 3230 
3 3232 3230 3219 
3 3232 3219 3233 
3 3219 3230 3217 
3 3236 3231 3232 
3 3236 3235 3231 
3 3235 3234 3231 
3 3234 3235 3237 
3 3237 3235 3238 
3 3237 3238 3239 
3 3239 3238 3240 
3 3239 3240 3241 
3 3241 3240 3242 
3 3233 3219 3220 
3 3243 3233 3220 
3 3245 3235 3221 
3 3245 3244 3235 
3 3221 3235 3220 
3 3236 3243 3235 
3 3220 3235 3243 
3 3235 3246 3238 
3 3244 3246 3235 
3 3238 3247 3240 
3 3246 3247 3238 
3 3249 3240 3247 
3 3249 3248 3240 
3 3248 3242 3240 
3 3245 3221 3222 
3 3250 3245 3222 
3 3222 3251 3250 
3 3223 3251 3222 
3 3249 3252 3248 
3 3251 3223 3224 
3 3253 3251 3224 
3 3224 3254 3253 
3 3225 3254 3224 
3 3256 3255 3254 
3 3256 3254 3226 
3 3226 3254 3225 
3 3255 3256 3257 
3 3256 3226 3227 
3 3227 3228 3259 
3 3256 3227 3259 
3 3256 3259 3258 
3 3256 3258 3257 
3 3259 3228 3229 
3 3232 3233 3260 
3 3232 3260 3236 
3 3260 3233 3243 
3 3243 3236 3260 
3 3245 3261 3244 
3 3246 3244 3261 
3 3262 3246 3261 
3 3247 3246 3262 
3 3263 3247 3262 
3 3247 3263 3249 
3 3261 3245 3250 
3 3250 3251 3264 
3 3250 3264 3261 
3 3261 3264 3262 
3 3262 3264 3263 
3 3263 3264 3265 
3 3252 3249 3263 
3 3252 3263 3266 
3 3266 3263 3265 
3 3264 3251 3253 
3 3253 3254 3267 
3 3253 3267 3264 
3 3264 3267 3265 
3 3265 3267 3266 
3 3266 3267 3268 
3 3267 3254 3255 
3 3255 3257 3269 
3 3255 3269 3267 
3 3267 3269 3268 
3 3269 3257 3258 
3 3174 3270 3175 
3 3270 3271 3272 
3 3270 3272 3175 
3 3175 3272 3181 
3 3271 3273 3274 
3 3272 3271 3274 
3 3273 3275 3274 
3 3272 3187 3181 
3 3276 3187 3272 
3 3276 3277 3278 
3 3276 3272 3277 
3 3272 3274 3277 
3 3275 3279 3280 
3 3275 3280 3274 
3 3274 3280 3277 
3 3279 3281 3282 
3 3280 3279 3282 
3 3281 3283 3282 
3 3277 3284 3278 
3 3280 3284 3277 
3 3285 3284 3280 
3 3282 3285 3280 
3 3286 3285 3282 
3 3286 3288 3289 
3 3282 3288 3286 
3 3282 3287 3288 
3 3282 3283 3287 
3 3287 3290 3291 
3 3288 3287 3291 
3 3290 3292 3291 
3 3288 3293 3289 
3 3293 3294 3295 
3 3293 3288 3294 
3 3288 3291 3294 
3 3292 3296 3297 
3 3292 3297 3291 
3 3291 3297 3294 
3 3296 3298 3297 
3 3198 3299 3197 
3 3294 3300 3295 
3 3297 3300 3294 
3 3301 3300 3297 
3 3301 3303 3304 
3 3297 3303 3301 
3 3297 3302 3303 
3 3297 3298 3302 
3 3302 3305 3306 
3 3303 3302 3306 
3 3305 3307 3306 
3 3197 3299 3309 
3 3197 3309 3200 
3 3200 3309 3308 
3 3312 3311 3310 
3 3312 3308 3311 
3 3308 3309 3311 
3 3311 3313 3310 
3 3303 3314 3304 
3 3306 3314 3303 
3 3315 3314 3306 
3 3315 3317 3318 
3 3306 3317 3315 
3 3306 3316 3317 
3 3306 3307 3316 
3 3316 3319 3320 
3 3317 3316 3320 
3 3319 3321 3322 
3 3320 3319 3322 
3 3321 3323 3322 
3 3312 3310 3324 
3 3327 3326 3325 
3 3324 3326 3327 
3 3324 3313 3326 
3 3324 3310 3313 
3 3329 3325 3326 
3 3328 3325 3329 
3 3329 3330 3328 
3 3317 3331 3318 
3 3320 3331 3317 
3 3332 3331 3320 
3 3322 3332 3320 
3 3333 3332 3322 
3 3333 3335 3336 
3 3322 3335 3333 
3 3322 3334 3335 
3 3322 3323 3334 
3 3334 3337 3338 
3 3335 3334 3338 
3 3337 3339 3338 
3 3327 3325 3340 
3 3325 3328 3341 
3 3340 3325 3341 
3 3328 3330 3343 
3 3328 3343 3341 
3 3341 3343 3342 
3 3346 3345 3344 
3 3346 3342 3345 
3 3342 3343 3345 
3 3345 3347 3344 
3 3335 3348 3336 
3 3338 3348 3335 
3 3349 3348 3338 
3 3339 3349 3338 
3 3339 3350 3349 
3 3350 3351 3349 
3 3350 2950 3351 
3 3351 2950 1185 
3 3346 3344 3352 
3 3344 3347 3354 
3 3344 3354 3352 
3 3352 3354 3353 
3 3357 3356 3355 
3 3357 3353 3356 
3 3353 3354 3356 
3 3356 3358 3355 
3 3357 3355 3359 
3 3355 3358 3361 
3 3355 3361 3359 
3 3359 3361 3360 
3 3361 3362 3360 
3 3363 3362 3361 
3 3362 3363 3365 
3 3364 3362 3365 
3 3368 3367 3366 
3 3368 3364 3367 
3 3364 3365 3367 
3 3367 3369 3366 
3 3371 3370 3372 
3 3371 3373 3370 
3 3368 3366 3374 
3 3366 3369 3376 
3 3366 3376 3374 
3 3374 3376 3375 
3 3372 3370 3377 
3 3372 3377 3376 
3 3376 3377 3375 
3 3370 3373 3379 
3 3370 3379 3377 
3 3377 3379 3378 
3 3378 3379 3380 
3 3379 3381 3380 
3 3380 3381 2970 
3 3381 1204 2970 
3 3174 3383 3270 
3 3205 3383 3174 
3 3205 3382 3383 
3 3205 3384 3382 
3 3382 3385 3386 
3 3383 3382 3386 
3 3385 3387 3386 
3 3383 3271 3270 
3 3386 3271 3383 
3 3273 3271 3386 
3 3273 3389 3275 
3 3386 3389 3273 
3 3386 3388 3389 
3 3386 3387 3388 
3 3388 3390 3391 
3 3389 3388 3391 
3 3390 3392 3391 
3 3389 3279 3275 
3 3391 3279 3389 
3 3281 3279 3391 
3 3281 3394 3283 
3 3391 3394 3281 
3 3391 3393 3394 
3 3391 3392 3393 
3 3393 3395 3396 
3 3394 3393 3396 
3 3395 3397 3396 
3 3394 3287 3283 
3 3396 3287 3394 
3 3290 3287 3396 
3 3290 3399 3292 
3 3396 3399 3290 
3 3396 3398 3399 
3 3396 3397 3398 
3 3398 3400 3401 
3 3399 3398 3401 
3 3400 3402 3401 
3 3399 3296 3292 
3 3296 3403 3298 
3 3296 3399 3403 
3 3399 3401 3403 
3 3402 3404 3405 
3 3402 3405 3401 
3 3401 3405 3403 
3 3404 3406 3405 
3 3403 3302 3298 
3 3405 3302 3403 
3 3305 3302 3405 
3 3305 3408 3307 
3 3405 3408 3305 
3 3405 3407 3408 
3 3405 3406 3407 
3 3407 3409 3410 
3 3408 3407 3410 
3 3409 3411 3410 
3 3216 3200 3412 
3 3200 3308 3412 
3 3308 3413 3412 
3 3312 3413 3308 
3 3408 3316 3307 
3 3410 3316 3408 
3 3319 3316 3410 
3 3411 3319 3410 
3 3411 3414 3319 
3 3414 3321 3319 
3 3416 3323 3321 
3 3416 3321 3415 
3 3415 3321 3414 
3 3415 3417 3416 
3 3413 3312 3324 
3 3418 3413 3324 
3 3324 3419 3418 
3 3327 3419 3324 
3 3416 3334 3323 
3 3417 3334 3416 
3 3417 3420 3334 
3 3420 3337 3334 
3 3422 3339 3337 
3 3422 3337 3421 
3 3421 3337 3420 
3 3421 2993 2994 
3 3422 3421 2994 
3 3419 3327 3340 
3 3423 3419 3340 
3 3425 3341 3424 
3 3425 3423 3341 
3 3423 3340 3341 
3 3342 3424 3341 
3 3426 3424 3342 
3 3342 3346 3426 
3 3422 3350 3339 
3 2994 3350 3422 
3 2950 3350 2994 
3 3425 3424 3427 
3 3424 3426 3428 
3 3427 3424 3428 
3 3430 3352 3429 
3 3428 3352 3430 
3 3428 3346 3352 
3 3428 3426 3346 
3 3353 3429 3352 
3 3431 3429 3353 
3 3353 3357 3431 
3 3430 3429 3432 
3 3429 3431 3433 
3 3432 3429 3433 
3 3431 3357 3359 
3 3431 3359 3433 
3 3433 3359 3434 
3 3436 3360 3435 
3 3436 3434 3360 
3 3434 3359 3360 
3 3360 3362 3435 
3 3436 3435 3437 
3 3435 3362 3364 
3 3435 3364 3437 
3 3437 3364 3438 
3 3364 3439 3438 
3 3368 3439 3364 
3 3439 3368 3374 
3 3440 3439 3374 
3 3440 3374 3441 
3 3374 3375 3441 
3 3441 3375 3442 
3 3375 3377 3442 
3 3442 3377 3443 
3 3377 3378 3443 
3 3443 3378 3444 
3 3378 3380 3444 
3 3445 2970 3012 
3 3445 3444 2970 
3 3444 3380 2970 
3 3445 3012 3014 
3 3447 3382 3384 
3 3446 3382 3447 
3 3446 3448 3382 
3 3382 3448 3385 
3 3450 3387 3385 
3 3450 3385 3449 
3 3449 3385 3448 
3 3449 3451 3450 
3 3450 3388 3387 
3 3451 3388 3450 
3 3451 3452 3388 
3 3452 3390 3388 
3 3390 3452 3453 
3 3392 3390 3453 
3 3453 3393 3392 
3 3454 3393 3453 
3 3454 3455 3393 
3 3393 3455 3395 
3 3395 3455 3456 
3 3397 3395 3456 
3 3456 3398 3397 
3 3457 3398 3456 
3 3457 3458 3398 
3 3398 3458 3400 
3 3400 3458 3459 
3 3402 3400 3459 
3 3459 3404 3402 
3 3460 3404 3459 
3 3462 3406 3404 
3 3462 3404 3461 
3 3461 3404 3460 
3 3461 3463 3464 
3 3462 3461 3464 
3 3463 3465 3464 
3 3462 3407 3406 
3 3464 3407 3462 
3 3409 3407 3464 
3 3409 3467 3411 
3 3464 3467 3409 
3 3464 3466 3467 
3 3464 3465 3466 
3 3466 3468 3467 
3 3470 3412 3469 
3 3470 3229 3412 
3 3229 3216 3412 
3 3412 3413 3469 
3 3467 3414 3411 
3 3468 3414 3467 
3 3468 3471 3414 
3 3471 3415 3414 
3 3473 3417 3415 
3 3473 3415 3472 
3 3472 3415 3471 
3 3472 3474 3473 
3 3470 3469 3475 
3 3477 3418 3476 
3 3475 3418 3477 
3 3475 3413 3418 
3 3475 3469 3413 
3 3418 3419 3476 
3 3473 3420 3417 
3 3474 3420 3473 
3 3474 3478 3420 
3 3478 3421 3420 
3 3478 3031 3421 
3 3421 3031 2993 
3 3477 3476 3479 
3 3481 3423 3480 
3 3479 3423 3481 
3 3479 3419 3423 
3 3479 3476 3419 
3 3423 3425 3480 
3 3481 3480 3482 
3 3480 3425 3427 
3 3480 3427 3482 
3 3482 3427 3483 
3 3485 3428 3484 
3 3485 3483 3428 
3 3483 3427 3428 
3 3428 3430 3484 
3 3485 3484 3486 
3 3484 3430 3432 
3 3484 3432 3486 
3 3486 3432 3487 
3 3489 3433 3488 
3 3489 3487 3433 
3 3487 3432 3433 
3 3434 3488 3433 
3 3490 3488 3434 
3 3434 3436 3490 
3 3489 3488 3491 
3 3488 3490 3492 
3 3491 3488 3492 
3 3490 3436 3437 
3 3490 3437 3492 
3 3492 3437 3493 
3 3493 3437 3494 
3 3437 3438 3494 
3 3438 3495 3494 
3 3439 3495 3438 
3 3495 3439 3440 
3 3496 3495 3440 
3 3496 3440 3497 
3 3440 3441 3497 
3 3499 3442 3498 
3 3499 3497 3442 
3 3497 3441 3442 
3 3498 3500 3501 
3 3498 3442 3500 
3 3442 3443 3500 
3 3500 3443 3502 
3 3443 3444 3502 
3 3444 3503 3502 
3 3445 3503 3444 
3 3499 3498 3504 
3 3498 3501 3504 
3 3503 3445 3014 
3 3057 3503 3014 
3 3446 3447 3241 
3 3446 3241 3505 
3 3505 3241 3242 
3 3448 3446 3505 
3 3506 3448 3505 
3 3449 3448 3506 
3 3507 3449 3506 
3 3449 3507 3451 
3 3242 3248 3505 
3 3505 3248 3508 
3 3505 3508 3506 
3 3506 3508 3509 
3 3506 3509 3507 
3 3507 3509 3510 
3 3452 3451 3507 
3 3452 3507 3511 
3 3511 3507 3510 
3 3452 3511 3453 
3 3248 3512 3508 
3 3252 3512 3248 
3 3514 3508 3512 
3 3514 3513 3508 
3 3513 3509 3508 
3 3509 3513 3510 
3 3510 3513 3515 
3 3510 3515 3511 
3 3511 3515 3516 
3 3454 3453 3511 
3 3454 3511 3517 
3 3517 3511 3516 
3 3455 3454 3517 
3 3518 3455 3517 
3 3455 3518 3456 
3 3514 3519 3513 
3 3513 3520 3515 
3 3519 3520 3513 
3 3522 3515 3520 
3 3522 3521 3515 
3 3521 3516 3515 
3 3516 3521 3517 
3 3517 3521 3523 
3 3524 3523 3525 
3 3524 3518 3523 
3 3518 3517 3523 
3 3527 3526 3457 
3 3524 3527 3457 
3 3524 3457 3456 
3 3524 3456 3518 
3 3458 3457 3526 
3 3528 3458 3526 
3 3458 3528 3459 
3 3531 3530 3529 
3 3532 3530 3533 
3 3532 3521 3530 
3 3529 3530 3522 
3 3522 3530 3521 
3 3521 3534 3523 
3 3532 3534 3521 
3 3523 3534 3525 
3 3527 3535 3526 
3 3526 3536 3528 
3 3535 3536 3526 
3 3538 3537 3460 
3 3536 3538 3460 
3 3536 3460 3459 
3 3536 3459 3528 
3 3461 3460 3537 
3 3539 3461 3537 
3 3463 3461 3539 
3 3540 3463 3539 
3 3463 3540 3465 
3 3258 3259 3541 
3 3531 3542 3530 
3 3530 3542 3533 
3 3545 3544 3543 
3 3543 3544 3546 
3 3538 3547 3537 
3 3537 3548 3539 
3 3547 3548 3537 
3 3550 3539 3548 
3 3550 3549 3539 
3 3549 3540 3539 
3 3466 3465 3540 
3 3466 3540 3551 
3 3551 3540 3549 
3 3466 3551 3468 
3 3229 3541 3259 
3 3229 3470 3541 
3 3470 3552 3541 
3 3545 3553 3544 
3 3556 3544 3553 
3 3556 3555 3544 
3 3546 3544 3554 
3 3554 3544 3555 
3 3554 3558 3557 
3 3555 3558 3554 
3 3557 3558 3559 
3 3550 3560 3549 
3 3549 3561 3551 
3 3560 3561 3549 
3 3551 3471 3468 
3 3551 3561 3471 
3 3561 3562 3471 
3 3564 3563 3472 
3 3564 3472 3562 
3 3562 3472 3471 
3 3472 3563 3474 
3 3475 3565 3566 
3 3475 3566 3470 
3 3470 3566 3552 
3 3475 3477 3565 
3 3556 3567 3555 
3 3569 3555 3567 
3 3569 3568 3555 
3 3568 3558 3555 
3 3559 3568 3570 
3 3558 3568 3559 
3 3573 3572 3571 
3 3571 3572 3574 
3 3564 3575 3563 
3 3563 3478 3474 
3 3563 3575 3478 
3 3575 3576 3478 
3 3577 3067 3031 
3 3577 3031 3576 
3 3576 3031 3478 
3 3566 3565 3578 
3 3580 3479 3579 
3 3578 3479 3580 
3 3578 3477 3479 
3 3578 3565 3477 
3 3479 3481 3579 
3 3569 3581 3568 
3 3584 3568 3581 
3 3584 3583 3568 
3 3570 3568 3582 
3 3582 3568 3583 
3 3582 3572 3573 
3 3582 3583 3572 
3 3583 3585 3572 
3 3574 3587 3586 
3 3574 3572 3587 
3 3572 3585 3587 
3 3586 3589 3588 
3 3587 3589 3586 
3 3588 3589 3590 
3 3577 3069 3067 
3 3580 3579 3591 
3 3593 3482 3592 
3 3591 3482 3593 
3 3591 3481 3482 
3 3591 3579 3481 
3 3483 3592 3482 
3 3594 3592 3483 
3 3483 3485 3594 
3 3584 3595 3583 
3 3583 3596 3585 
3 3595 3596 3583 
3 3585 3597 3587 
3 3596 3597 3585 
3 3587 3598 3589 
3 3597 3598 3587 
3 3589 3598 3590 
3 3593 3592 3599 
3 3592 3594 3600 
3 3599 3592 3600 
3 3602 3486 3601 
3 3600 3486 3602 
3 3600 3485 3486 
3 3600 3594 3485 
3 3487 3601 3486 
3 3603 3601 3487 
3 3487 3489 3603 
3 3602 3601 3604 
3 3601 3603 3605 
3 3604 3601 3605 
3 3603 3489 3491 
3 3603 3491 3605 
3 3605 3491 3606 
3 3608 3492 3607 
3 3608 3606 3492 
3 3606 3491 3492 
3 3493 3607 3492 
3 3609 3607 3493 
3 3494 3609 3493 
3 3610 3609 3494 
3 3494 3495 3610 
3 3608 3607 3611 
3 3607 3609 3612 
3 3611 3607 3612 
3 3609 3610 3613 
3 3612 3609 3613 
3 3610 3495 3496 
3 3610 3496 3613 
3 3613 3496 3614 
3 3616 3497 3615 
3 3616 3614 3497 
3 3614 3496 3497 
3 3497 3499 3615 
3 3500 3617 3501 
3 3502 3617 3500 
3 3618 3617 3502 
3 3502 3503 3618 
3 3616 3615 3619 
3 3615 3499 3504 
3 3615 3504 3619 
3 3619 3504 3620 
3 3501 3617 3621 
3 3501 3621 3504 
3 3504 3621 3620 
3 3617 3618 3622 
3 3621 3617 3622 
3 3618 3503 3057 
3 3618 3057 3622 
3 3622 3057 3112 
3 3512 3252 3266 
3 3623 3512 3266 
3 3512 3623 3514 
3 3266 3268 3623 
3 3623 3268 3624 
3 3519 3514 3623 
3 3519 3623 3625 
3 3625 3623 3624 
3 3520 3519 3625 
3 3626 3520 3625 
3 3520 3626 3522 
3 3524 3525 3627 
3 3524 3627 3527 
3 3268 3269 3624 
3 3624 3269 3628 
3 3624 3628 3625 
3 3625 3628 3629 
3 3531 3529 3626 
3 3531 3626 3629 
3 3629 3626 3625 
3 3529 3522 3626 
3 3533 3630 3532 
3 3534 3532 3630 
3 3631 3534 3630 
3 3525 3534 3631 
3 3525 3631 3627 
3 3627 3631 3632 
3 3535 3527 3627 
3 3535 3627 3633 
3 3633 3627 3632 
3 3536 3535 3633 
3 3634 3536 3633 
3 3536 3634 3538 
3 3258 3541 3635 
3 3258 3635 3269 
3 3269 3635 3628 
3 3628 3635 3629 
3 3629 3635 3636 
3 3542 3531 3629 
3 3542 3629 3637 
3 3637 3629 3636 
3 3533 3542 3637 
3 3533 3637 3630 
3 3630 3637 3638 
3 3545 3543 3631 
3 3545 3631 3638 
3 3638 3631 3630 
3 3543 3546 3639 
3 3543 3639 3631 
3 3631 3639 3632 
3 3632 3639 3633 
3 3633 3639 3640 
3 3633 3640 3634 
3 3634 3640 3641 
3 3547 3538 3634 
3 3547 3634 3642 
3 3642 3634 3641 
3 3548 3547 3642 
3 3643 3548 3642 
3 3548 3643 3550 
3 3644 3635 3541 
3 3644 3541 3645 
3 3645 3541 3552 
3 3635 3646 3636 
3 3644 3646 3635 
3 3636 3647 3637 
3 3646 3647 3636 
3 3649 3637 3647 
3 3649 3648 3637 
3 3648 3638 3637 
3 3553 3545 3638 
3 3553 3638 3650 
3 3650 3638 3648 
3 3546 3554 3639 
3 3553 3650 3556 
3 3640 3639 3554 
3 3557 3640 3554 
3 3557 3559 3651 
3 3557 3651 3640 
3 3640 3651 3641 
3 3641 3651 3642 
3 3642 3651 3652 
3 3642 3652 3643 
3 3643 3652 3653 
3 3560 3550 3643 
3 3560 3643 3654 
3 3654 3643 3653 
3 3561 3560 3654 
3 3655 3561 3654 
3 3562 3561 3655 
3 3656 3562 3655 
3 3562 3656 3564 
3 3658 3657 3645 
3 3658 3645 3566 
3 3566 3645 3552 
3 3657 3658 3659 
3 3649 3660 3648 
3 3662 3648 3660 
3 3662 3661 3648 
3 3661 3650 3648 
3 3567 3556 3650 
3 3567 3650 3663 
3 3663 3650 3661 
3 3567 3663 3569 
3 3664 3651 3559 
3 3570 3664 3559 
3 3573 3571 3652 
3 3573 3652 3664 
3 3664 3652 3651 
3 3571 3574 3665 
3 3571 3665 3652 
3 3652 3665 3653 
3 3653 3665 3654 
3 3654 3665 3666 
3 3654 3666 3655 
3 3655 3666 3667 
3 3655 3667 3656 
3 3656 3667 3668 
3 3575 3564 3656 
3 3575 3656 3669 
3 3669 3656 3668 
3 3576 3575 3669 
3 3670 3576 3669 
3 3576 3670 3577 
3 3658 3566 3578 
3 3578 3580 3672 
3 3658 3578 3672 
3 3658 3672 3671 
3 3658 3671 3659 
3 3671 3672 3673 
3 3662 3674 3661 
3 3676 3661 3674 
3 3676 3675 3661 
3 3675 3663 3661 
3 3581 3569 3663 
3 3581 3663 3677 
3 3677 3663 3675 
3 3570 3582 3664 
3 3581 3677 3584 
3 3664 3582 3573 
3 3665 3574 3586 
3 3666 3665 3586 
3 3588 3666 3586 
3 3588 3590 3678 
3 3588 3678 3666 
3 3666 3678 3667 
3 3667 3678 3668 
3 3668 3678 3679 
3 3668 3679 3669 
3 3669 3679 3680 
3 3669 3680 3670 
3 3670 3680 3681 
3 3069 3577 3670 
3 3069 3670 3122 
3 3122 3670 3681 
3 3672 3580 3591 
3 3591 3593 3683 
3 3672 3591 3683 
3 3672 3683 3682 
3 3672 3682 3673 
3 3682 3683 3684 
3 3676 3685 3675 
3 3675 3686 3677 
3 3685 3686 3675 
3 3688 3687 3595 
3 3686 3688 3595 
3 3686 3595 3584 
3 3686 3584 3677 
3 3596 3595 3687 
3 3689 3596 3687 
3 3597 3596 3689 
3 3690 3597 3689 
3 3598 3597 3690 
3 3691 3598 3690 
3 3590 3598 3691 
3 3590 3691 3678 
3 3678 3691 3692 
3 3678 3692 3679 
3 3679 3692 3693 
3 3679 3693 3680 
3 3680 3693 3694 
3 3680 3694 3681 
3 3681 3694 3695 
3 3681 3695 3122 
3 3122 3695 3124 
3 3683 3593 3599 
3 3684 3683 3599 
3 3684 3599 3696 
3 3696 3599 3600 
3 3600 3697 3696 
3 3602 3697 3600 
3 3688 3698 3687 
3 3687 3699 3689 
3 3698 3699 3687 
3 3689 3700 3690 
3 3699 3700 3689 
3 3702 3690 3700 
3 3702 3701 3690 
3 3701 3691 3690 
3 3691 3701 3692 
3 3692 3701 3703 
3 3692 3703 3693 
3 3693 3703 3704 
3 3693 3704 3694 
3 3694 3704 3705 
3 3694 3705 3695 
3 3695 3705 3706 
3 3695 3706 3124 
3 3124 3706 3129 
3 3697 3602 3604 
3 3707 3697 3604 
3 3707 3604 3708 
3 3604 3605 3708 
3 3710 3606 3709 
3 3710 3708 3606 
3 3708 3605 3606 
3 3606 3608 3709 
3 3702 3711 3701 
3 3701 3712 3703 
3 3711 3712 3701 
3 3703 3713 3704 
3 3712 3713 3703 
3 3704 3714 3705 
3 3713 3714 3704 
3 3705 3715 3706 
3 3714 3715 3705 
3 3706 3136 3129 
3 3715 3136 3706 
3 3710 3709 3716 
3 3709 3608 3611 
3 3709 3611 3716 
3 3716 3611 3717 
3 3717 3611 3718 
3 3611 3612 3718 
3 3720 3613 3719 
3 3720 3718 3613 
3 3718 3612 3613 
3 3614 3719 3613 
3 3721 3719 3614 
3 3614 3616 3721 
3 3722 3148 3147 
3 3720 3719 3723 
3 3719 3721 3724 
3 3723 3719 3724 
3 3721 3616 3619 
3 3721 3619 3724 
3 3724 3619 3725 
3 3725 3619 3726 
3 3619 3620 3726 
3 3726 3620 3727 
3 3620 3621 3727 
3 3727 3621 3728 
3 3621 3622 3728 
3 3148 3722 3728 
3 3148 3728 3112 
3 3112 3728 3622 
3 3644 3645 3729 
3 3646 3644 3729 
3 3730 3646 3729 
3 3647 3646 3730 
3 3731 3647 3730 
3 3647 3731 3649 
3 3729 3645 3657 
3 3657 3659 3732 
3 3657 3732 3729 
3 3729 3732 3730 
3 3730 3732 3731 
3 3731 3732 3733 
3 3660 3649 3731 
3 3660 3731 3734 
3 3734 3731 3733 
3 3660 3734 3662 
3 3732 3659 3671 
3 3671 3673 3735 
3 3671 3735 3732 
3 3732 3735 3733 
3 3733 3735 3734 
3 3734 3735 3736 
3 3674 3662 3734 
3 3674 3734 3737 
3 3737 3734 3736 
3 3674 3737 3676 
3 3735 3673 3682 
3 3682 3684 3738 
3 3682 3738 3735 
3 3735 3738 3736 
3 3736 3738 3737 
3 3737 3738 3739 
3 3685 3676 3737 
3 3685 3737 3740 
3 3740 3737 3739 
3 3686 3685 3740 
3 3741 3686 3740 
3 3686 3741 3688 
3 3738 3684 3696 
3 3696 3697 3742 
3 3696 3742 3738 
3 3738 3742 3739 
3 3739 3742 3740 
3 3740 3742 3743 
3 3740 3743 3741 
3 3741 3743 3744 
3 3698 3688 3741 
3 3698 3741 3745 
3 3745 3741 3744 
3 3699 3698 3745 
3 3746 3699 3745 
3 3700 3699 3746 
3 3747 3700 3746 
3 3700 3747 3702 
3 3742 3697 3707 
3 3743 3742 3707 
3 3708 3743 3707 
3 3708 3710 3748 
3 3708 3748 3743 
3 3743 3748 3744 
3 3744 3748 3745 
3 3745 3748 3749 
3 3745 3749 3746 
3 3746 3749 3750 
3 3746 3750 3747 
3 3747 3750 3751 
3 3711 3702 3747 
3 3711 3747 3752 
3 3752 3747 3751 
3 3712 3711 3752 
3 3753 3712 3752 
3 3713 3712 3753 
3 3754 3713 3753 
3 3714 3713 3754 
3 3755 3714 3754 
3 3715 3714 3755 
3 3756 3715 3755 
3 3136 3715 3756 
3 3159 3136 3756 
3 3748 3710 3716 
3 3749 3748 3716 
3 3717 3749 3716 
3 3750 3749 3717 
3 3718 3750 3717 
3 3718 3720 3757 
3 3718 3757 3750 
3 3750 3757 3751 
3 3751 3757 3752 
3 3752 3757 3758 
3 3752 3758 3753 
3 3753 3758 3759 
3 3753 3759 3754 
3 3754 3759 3760 
3 3754 3760 3755 
3 3755 3760 3761 
3 3755 3761 3756 
3 3756 3761 3762 
3 3722 3147 3159 
3 3722 3159 3762 
3 3762 3159 3756 
3 3757 3720 3723 
3 3758 3757 3723 
3 3724 3758 3723 
3 3759 3758 3724 
3 3725 3759 3724 
3 3760 3759 3725 
3 3726 3760 3725 
3 3761 3760 3726 
3 3727 3761 3726 
3 3762 3761 3727 
3 3728 3762 3727 
3 3762 3728 3722 
3 1333 3763 3764 
3 1334 1333 3764 
3 3763 3765 3766 
3 3764 3763 3766 
3 3765 3767 3766 
3 3764 1341 1334 
3 3768 1341 3764 
3 3766 3768 3764 
3 3769 3768 3766 
3 3769 3771 3772 
3 3766 3771 3769 
3 3766 3770 3771 
3 3766 3767 3770 
3 3770 3773 3774 
3 3771 3770 3774 
3 3773 3775 3774 
3 3771 3776 3772 
3 3776 3777 3778 
3 3776 3771 3777 
3 3771 3774 3777 
3 3775 3779 3777 
3 3774 3775 3777 
3 3777 3780 3778 
3 3779 3780 3777 
3 3779 3781 3780 
3 3781 3782 3780 
3 3784 3785 3782 
3 3784 3782 3783 
3 3783 3782 3781 
3 3783 3786 3784 
3 3788 1357 3789 
3 3788 3787 1357 
3 3787 1356 1357 
3 3787 3788 3790 
3 3784 3791 3785 
3 3786 3791 3784 
3 3786 3792 3791 
3 3792 3793 3791 
3 3795 3796 3793 
3 3795 3793 3794 
3 3794 3793 3792 
3 3794 3797 3795 
3 3788 3789 3798 
3 3790 3788 3798 
3 3790 3798 3799 
3 3799 3798 3800 
3 3802 3800 3803 
3 3802 3801 3800 
3 3801 3799 3800 
3 3801 3802 3804 
3 3795 3805 3796 
3 3797 3805 3795 
3 3797 3806 3805 
3 3806 3807 3805 
3 3809 3810 3807 
3 3809 3807 3808 
3 3808 3807 3806 
3 3808 3811 3809 
3 1419 3812 3813 
3 1420 1419 3813 
3 3812 3814 3815 
3 3813 3812 3815 
3 3814 3816 3815 
3 3813 1333 1420 
3 3763 1333 3813 
3 3815 3763 3813 
3 3765 3763 3815 
3 3765 3818 3767 
3 3815 3818 3765 
3 3815 3817 3818 
3 3815 3816 3817 
3 3817 3819 3820 
3 3818 3817 3820 
3 3819 3821 3820 
3 3818 3770 3767 
3 3820 3770 3818 
3 3773 3770 3820 
3 3773 3823 3775 
3 3820 3823 3773 
3 3820 3822 3823 
3 3820 3821 3822 
3 3822 3824 3823 
3 3825 3775 3823 
3 3779 3775 3825 
3 3824 3826 3827 
3 3824 3827 3823 
3 3823 3827 3825 
3 3826 3828 3829 
3 3827 3826 3829 
3 3828 3830 3829 
3 3825 3781 3779 
3 3827 3781 3825 
3 3783 3781 3827 
3 3783 3831 3786 
3 3783 3827 3831 
3 3827 3829 3831 
3 3830 3832 3833 
3 3830 3833 3829 
3 3829 3833 3831 
3 3832 3834 3833 
3 1434 1356 3835 
3 1356 3787 3835 
3 3787 3836 3835 
3 3790 3836 3787 
3 3831 3792 3786 
3 3833 3792 3831 
3 3794 3792 3833 
3 3794 3838 3797 
3 3833 3838 3794 
3 3833 3837 3838 
3 3833 3834 3837 
3 3837 3839 3838 
3 3836 3790 3799 
3 3840 3836 3799 
3 3840 3799 3841 
3 3799 3801 3841 
3 3801 3842 3841 
3 3804 3842 3801 
3 3838 3806 3797 
3 3839 3806 3838 
3 3839 3843 3806 
3 3843 3808 3806 
3 3845 3811 3808 
3 3845 3808 3844 
3 3844 3808 3843 
3 3844 3846 3845 
3 1497 3847 1498 
3 3847 1419 1498 
3 3847 3848 1419 
3 3848 3812 1419 
3 3848 3849 3812 
3 3812 3849 3814 
3 3851 3816 3814 
3 3851 3814 3850 
3 3850 3814 3849 
3 3850 3852 3851 
3 3851 3817 3816 
3 3852 3817 3851 
3 3852 3853 3817 
3 3853 3819 3817 
3 3855 3821 3819 
3 3855 3819 3854 
3 3854 3819 3853 
3 3854 3856 3855 
3 3855 3822 3821 
3 3822 3858 3824 
3 3855 3858 3822 
3 3855 3857 3858 
3 3855 3856 3857 
3 3857 3859 3860 
3 3858 3857 3860 
3 3859 3861 3860 
3 3858 3826 3824 
3 3860 3826 3858 
3 3828 3826 3860 
3 3828 3863 3830 
3 3860 3863 3828 
3 3860 3862 3863 
3 3860 3861 3862 
3 3862 3864 3863 
3 1515 1516 3865 
3 3863 3832 3830 
3 3832 3867 3834 
3 3863 3867 3832 
3 3863 3866 3867 
3 3863 3864 3866 
3 3866 3868 3867 
3 3865 1516 1434 
3 3865 1434 3869 
3 3869 1434 3835 
3 3871 3835 3836 
3 3871 3870 3835 
3 3870 3869 3835 
3 3870 3871 3872 
3 3867 3837 3834 
3 3837 3874 3839 
3 3867 3874 3837 
3 3867 3873 3874 
3 3867 3868 3873 
3 3873 3875 3874 
3 3871 3836 3840 
3 3872 3871 3840 
3 3872 3840 3876 
3 3876 3840 3841 
3 3878 3841 3842 
3 3878 3877 3841 
3 3877 3876 3841 
3 3877 3878 3879 
3 3874 3843 3839 
3 3875 3843 3874 
3 3875 3880 3843 
3 3880 3844 3843 
3 3882 3846 3844 
3 3882 3844 3881 
3 3881 3844 3880 
3 3881 3883 3882 
3 3885 3847 1497 
3 3885 1497 3884 
3 3884 1497 1583 
3 3884 3886 3885 
3 3885 3848 3847 
3 3886 3848 3885 
3 3886 3887 3848 
3 3887 3849 3848 
3 3887 3888 3849 
3 3849 3888 3850 
3 3890 3852 3850 
3 3890 3850 3889 
3 3889 3850 3888 
3 3889 3891 3890 
3 3890 3853 3852 
3 3891 3853 3890 
3 3891 3892 3853 
3 3892 3854 3853 
3 3894 3856 3854 
3 3894 3854 3893 
3 3893 3854 3892 
3 3893 3895 3894 
3 3894 3857 3856 
3 3895 3857 3894 
3 3895 3896 3857 
3 3896 3859 3857 
3 3898 3861 3859 
3 3898 3859 3897 
3 3897 3859 3896 
3 3897 3899 3898 
3 3898 3862 3861 
3 3862 3901 3864 
3 3898 3901 3862 
3 3898 3900 3901 
3 3898 3899 3900 
3 3900 3902 3901 
3 1515 3903 1598 
3 3865 3903 1515 
3 3901 3866 3864 
3 3866 3905 3868 
3 3901 3905 3866 
3 3901 3904 3905 
3 3901 3902 3904 
3 3904 3906 3905 
3 3903 3865 3869 
3 3907 3903 3869 
3 3907 3869 3908 
3 3869 3870 3908 
3 3870 3909 3908 
3 3872 3909 3870 
3 3905 3873 3868 
3 3873 3911 3875 
3 3905 3911 3873 
3 3905 3910 3911 
3 3905 3906 3910 
3 3910 3912 3913 
3 3911 3910 3913 
3 3912 3914 3913 
3 3909 3872 3876 
3 3915 3909 3876 
3 3915 3876 3916 
3 3876 3877 3916 
3 3877 3917 3916 
3 3879 3917 3877 
3 3911 3880 3875 
3 3913 3880 3911 
3 3881 3880 3913 
3 3881 3919 3883 
3 3913 3919 3881 
3 3913 3918 3919 
3 3913 3914 3918 
3 3918 3920 3919 
3 1652 3921 1583 
3 1583 3921 3884 
3 3923 3886 3884 
3 3923 3884 3922 
3 3922 3884 3921 
3 3922 3924 3923 
3 3923 3887 3886 
3 3924 3887 3923 
3 3924 3925 3887 
3 3925 3888 3887 
3 3925 3926 3888 
3 3888 3926 3889 
3 3928 3891 3889 
3 3928 3889 3927 
3 3927 3889 3926 
3 3927 3929 3928 
3 3928 3892 3891 
3 3929 3892 3928 
3 3929 3930 3892 
3 3930 3893 3892 
3 3932 3895 3893 
3 3932 3893 3931 
3 3931 3893 3930 
3 3931 3933 3932 
3 3932 3896 3895 
3 3933 3896 3932 
3 3933 3934 3896 
3 3934 3897 3896 
3 3936 3899 3897 
3 3936 3897 3935 
3 3935 3897 3934 
3 3935 3937 3936 
3 3936 3900 3899 
3 3900 3939 3902 
3 3936 3939 3900 
3 3936 3938 3939 
3 3936 3937 3938 
3 3938 3940 3941 
3 3939 3938 3941 
3 3940 3942 3941 
3 1598 3943 1666 
3 3903 3943 1598 
3 3939 3904 3902 
3 3904 3944 3906 
3 3904 3939 3944 
3 3939 3941 3944 
3 3942 3945 3946 
3 3942 3946 3941 
3 3941 3946 3944 
3 3945 3947 3946 
3 3943 3903 3907 
3 3948 3943 3907 
3 3948 3907 3949 
3 3907 3908 3949 
3 3908 3950 3949 
3 3909 3950 3908 
3 3944 3910 3906 
3 3946 3910 3944 
3 3912 3910 3946 
3 3912 3952 3914 
3 3946 3952 3912 
3 3946 3951 3952 
3 3946 3947 3951 
3 3951 3953 3952 
3 3950 3909 3915 
3 3954 3950 3915 
3 3954 3915 3955 
3 3915 3916 3955 
3 3916 3956 3955 
3 3917 3956 3916 
3 3952 3918 3914 
3 3918 3958 3920 
3 3952 3958 3918 
3 3952 3957 3958 
3 3952 3953 3957 
3 3957 3959 3958 
3 1719 3960 1652 
3 1652 3960 3921 
3 3960 3961 3921 
3 3921 3961 3922 
3 3963 3924 3922 
3 3963 3922 3962 
3 3962 3922 3961 
3 3962 3964 3963 
3 3963 3925 3924 
3 3964 3925 3963 
3 3964 3965 3925 
3 3965 3926 3925 
3 3965 3966 3926 
3 3926 3966 3927 
3 3968 3929 3927 
3 3968 3927 3967 
3 3967 3927 3966 
3 3967 3969 3968 
3 3968 3930 3929 
3 3969 3930 3968 
3 3969 3970 3930 
3 3970 3931 3930 
3 3972 3933 3931 
3 3972 3931 3971 
3 3971 3931 3970 
3 3971 3973 3972 
3 3972 3934 3933 
3 3973 3934 3972 
3 3973 3974 3934 
3 3974 3935 3934 
3 3976 3937 3935 
3 3976 3935 3975 
3 3975 3935 3974 
3 3975 3977 3976 
3 3976 3938 3937 
3 3977 3938 3976 
3 3977 3978 3938 
3 3978 3940 3938 
3 3980 3942 3940 
3 3980 3940 3979 
3 3979 3940 3978 
3 3979 3981 3980 
3 1666 3982 1743 
3 3943 3982 1666 
3 3980 3945 3942 
3 3945 3984 3947 
3 3980 3984 3945 
3 3980 3983 3984 
3 3980 3981 3983 
3 3983 3985 3984 
3 3982 3943 3948 
3 3986 3982 3948 
3 3986 3948 3987 
3 3948 3949 3987 
3 3949 3988 3987 
3 3950 3988 3949 
3 3984 3951 3947 
3 3951 3990 3953 
3 3984 3990 3951 
3 3984 3989 3990 
3 3984 3985 3989 
3 3989 3991 3990 
3 3988 3950 3954 
3 3992 3988 3954 
3 3992 3954 3993 
3 3954 3955 3993 
3 3955 3994 3993 
3 3956 3994 3955 
3 3990 3957 3953 
3 3957 3996 3959 
3 3990 3996 3957 
3 3990 3995 3996 
3 3990 3991 3995 
3 3995 3997 3996 
3 1799 3998 1719 
3 1719 3998 3960 
3 3998 3999 3960 
3 3960 3999 3961 
3 3999 4000 3961 
3 3961 4000 3962 
3 3962 4000 4001 
3 3964 3962 4001 
3 4001 3965 3964 
3 4002 3965 4001 
3 4002 4003 3965 
3 3965 4003 3966 
3 4003 4004 3966 
3 3966 4004 3967 
3 3967 4004 4005 
3 3969 3967 4005 
3 4005 3970 3969 
3 4006 3970 4005 
3 4006 4007 3970 
3 3970 4007 3971 
3 4009 3973 3971 
3 4009 3971 4008 
3 4008 3971 4007 
3 4008 4010 4009 
3 4009 3974 3973 
3 4010 3974 4009 
3 4010 4011 3974 
3 4011 3975 3974 
3 4013 3977 3975 
3 4013 3975 4012 
3 4012 3975 4011 
3 4012 4014 4013 
3 4013 3978 3977 
3 4014 3978 4013 
3 4014 4015 3978 
3 4015 3979 3978 
3 4017 3981 3979 
3 4017 3979 4016 
3 4016 3979 4015 
3 4016 4018 4017 
3 1743 4019 1824 
3 3982 4019 1743 
3 4017 3983 3981 
3 3983 4021 3985 
3 4017 4021 3983 
3 4017 4020 4021 
3 4017 4018 4020 
3 4020 4022 4021 
3 4019 3982 3986 
3 4023 4019 3986 
3 4023 3986 4024 
3 3986 3987 4024 
3 3987 4025 4024 
3 3988 4025 3987 
3 4021 3989 3985 
3 3989 4027 3991 
3 4021 4027 3989 
3 4021 4026 4027 
3 4021 4022 4026 
3 4026 4028 4027 
3 4025 3988 3992 
3 4029 4025 3992 
3 4029 3992 4030 
3 3992 3993 4030 
3 3993 4031 4030 
3 3994 4031 3993 
3 4027 3995 3991 
3 3995 389 3997 
3 4027 389 3995 
3 4027 2911 389 
3 4027 4028 2911 
3 1881 4032 1799 
3 1799 4032 3998 
3 4032 4033 3998 
3 3998 4033 3999 
3 4033 4034 3999 
3 3999 4034 4000 
3 4036 4001 4000 
3 4036 4000 4035 
3 4035 4000 4034 
3 4035 4037 4036 
3 4036 4002 4001 
3 4037 4002 4036 
3 4037 4038 4002 
3 4038 4003 4002 
3 4038 4039 4003 
3 4003 4039 4004 
3 4041 4005 4004 
3 4041 4004 4040 
3 4040 4004 4039 
3 4040 4042 4041 
3 4041 4006 4005 
3 4042 4006 4041 
3 4042 4043 4006 
3 4043 4007 4006 
3 4043 4044 4007 
3 4007 4044 4008 
3 4008 4044 4045 
3 4010 4008 4045 
3 4045 4011 4010 
3 4046 4011 4045 
3 4046 4047 4011 
3 4011 4047 4012 
3 4049 4014 4012 
3 4049 4012 4048 
3 4048 4012 4047 
3 4048 4050 4049 
3 4049 4015 4014 
3 4050 4015 4049 
3 4050 4051 4015 
3 4051 4016 4015 
3 4016 4051 4052 
3 4018 4016 4052 
3 1824 4053 1899 
3 4019 4053 1824 
3 4052 4020 4018 
3 4054 4020 4052 
3 4020 4054 4055 
3 4022 4020 4055 
3 4053 4019 4023 
3 4056 4053 4023 
3 4056 4023 4057 
3 4023 4024 4057 
3 4024 4058 4057 
3 4025 4058 4024 
3 4055 4026 4022 
3 4059 4026 4055 
3 4026 4059 4060 
3 4028 4026 4060 
3 4058 4025 4029 
3 4061 4058 4029 
3 4061 4029 4062 
3 4029 4030 4062 
3 4030 4063 4062 
3 4031 4063 4030 
3 4060 2911 4028 
3 2912 2911 4060 
3 1955 4064 1956 
3 4064 1881 1956 
3 4064 4065 1881 
3 4065 4032 1881 
3 4065 4066 4032 
3 4032 4066 4033 
3 4066 4067 4033 
3 4033 4067 4034 
3 4067 4068 4034 
3 4034 4068 4035 
3 4035 4068 4069 
3 4037 4035 4069 
3 4069 4038 4037 
3 4070 4038 4069 
3 4070 4071 4038 
3 4038 4071 4039 
3 4071 4072 4039 
3 4039 4072 4040 
3 4074 4042 4040 
3 4074 4040 4073 
3 4073 4040 4072 
3 4073 4075 4074 
3 4074 4043 4042 
3 4075 4043 4074 
3 4075 4076 4043 
3 4076 4044 4043 
3 4078 4045 4044 
3 4078 4044 4077 
3 4077 4044 4076 
3 4077 4079 4078 
3 4078 4046 4045 
3 4079 4046 4078 
3 4079 4080 4046 
3 4080 4047 4046 
3 4080 4081 4047 
3 4047 4081 4048 
3 4048 4081 4082 
3 4050 4048 4082 
3 4082 4051 4050 
3 4083 4051 4082 
3 4051 4083 4084 
3 4052 4051 4084 
3 1899 4085 1973 
3 4053 4085 1899 
3 4084 4054 4052 
3 4086 4054 4084 
3 4088 4055 4054 
3 4088 4054 4087 
3 4087 4054 4086 
3 4087 4089 4088 
3 4085 4053 4056 
3 4090 4085 4056 
3 4090 4056 4091 
3 4056 4057 4091 
3 4057 4092 4091 
3 4058 4092 4057 
3 4088 4059 4055 
3 4059 2914 4060 
3 4088 2914 4059 
3 4088 2913 2914 
3 4088 4089 2913 
3 4092 4058 4061 
3 4093 4092 4061 
3 4095 4062 4094 
3 4095 4093 4062 
3 4093 4061 4062 
3 4062 4063 4094 
3 2914 2912 4060 
3 4097 4064 1955 
3 4097 1955 4096 
3 4096 1955 2021 
3 4096 4098 4097 
3 4097 4065 4064 
3 4098 4065 4097 
3 4098 4099 4065 
3 4099 4066 4065 
3 4099 4100 4066 
3 4066 4100 4067 
3 4100 4101 4067 
3 4067 4101 4068 
3 4068 4101 4102 
3 4069 4068 4102 
3 4102 4070 4069 
3 4103 4070 4102 
3 4103 4104 4070 
3 4070 4104 4071 
3 4104 4105 4071 
3 4071 4105 4072 
3 4105 4106 4072 
3 4072 4106 4073 
3 4073 4106 4107 
3 4075 4073 4107 
3 4107 4076 4075 
3 4108 4076 4107 
3 4108 4109 4076 
3 4076 4109 4077 
3 4111 4079 4077 
3 4111 4077 4110 
3 4110 4077 4109 
3 4110 4112 4111 
3 4111 4080 4079 
3 4112 4080 4111 
3 4112 4113 4080 
3 4113 4081 4080 
3 4115 4082 4081 
3 4115 4081 4114 
3 4114 4081 4113 
3 4114 4116 4115 
3 4115 4083 4082 
3 4083 4118 4084 
3 4115 4118 4083 
3 4115 4117 4118 
3 4115 4116 4117 
3 4117 4119 4118 
3 1973 4085 2036 
3 4118 4086 4084 
3 4119 4086 4118 
3 4119 4120 4086 
3 4120 4087 4086 
3 4087 4120 4121 
3 4089 4087 4121 
3 2036 4085 4090 
3 2036 4090 2038 
3 2038 4090 4122 
3 4122 4090 4123 
3 4090 4091 4123 
3 4091 4124 4123 
3 4092 4124 4091 
3 4121 2913 4089 
3 2917 2913 4121 
3 4124 4092 4093 
3 4125 4124 4093 
3 4093 4126 4125 
3 4095 4126 4093 
3 2086 4127 2087 
3 4127 2021 2087 
3 4127 4128 2021 
3 4128 4096 2021 
3 4130 4098 4096 
3 4130 4096 4129 
3 4129 4096 4128 
3 4129 4131 4130 
3 4130 4099 4098 
3 4131 4099 4130 
3 4131 4132 4099 
3 4132 4100 4099 
3 4132 4133 4100 
3 4100 4133 4101 
3 4135 4102 4101 
3 4135 4101 4134 
3 4134 4101 4133 
3 4134 4136 4135 
3 4135 4103 4102 
3 4136 4103 4135 
3 4136 4137 4103 
3 4137 4104 4103 
3 4137 4138 4104 
3 4104 4138 4105 
3 4138 4139 4105 
3 4105 4139 4106 
3 4141 4107 4106 
3 4141 4106 4140 
3 4140 4106 4139 
3 4140 4142 4141 
3 4141 4108 4107 
3 4142 4108 4141 
3 4142 4143 4108 
3 4143 4109 4108 
3 4143 4144 4109 
3 4109 4144 4110 
3 4146 4112 4110 
3 4146 4110 4145 
3 4145 4110 4144 
3 4145 4147 4146 
3 4146 4113 4112 
3 4147 4113 4146 
3 4147 4148 4113 
3 4148 4114 4113 
3 4114 4148 4149 
3 4116 4114 4149 
3 4149 4117 4116 
3 4150 4117 4149 
3 4117 4150 4151 
3 4119 4117 4151 
3 4151 4120 4119 
3 4152 4120 4151 
3 2921 4121 4120 
3 2921 4120 2920 
3 2920 4120 4152 
3 4154 4122 4153 
3 4154 2104 4122 
3 2104 2038 4122 
3 4153 4155 4156 
3 4153 4122 4155 
3 4122 4123 4155 
3 4123 4157 4155 
3 4124 4157 4123 
3 2921 2917 4121 
3 4154 4153 4158 
3 4153 4156 4158 
3 4157 4124 4125 
3 4159 4157 4125 
3 4125 4160 4159 
3 4126 4160 4125 
3 4162 4127 2086 
3 4162 2086 4161 
3 4161 2086 2150 
3 4161 4163 4162 
3 4162 4128 4127 
3 4163 4128 4162 
3 4163 4164 4128 
3 4164 4129 4128 
3 4129 4164 4165 
3 4131 4129 4165 
3 4165 4132 4131 
3 4166 4132 4165 
3 4166 4167 4132 
3 4132 4167 4133 
3 4167 4168 4133 
3 4133 4168 4134 
3 4134 4168 4169 
3 4136 4134 4169 
3 4169 4137 4136 
3 4170 4137 4169 
3 4170 4171 4137 
3 4137 4171 4138 
3 4171 4172 4138 
3 4138 4172 4139 
3 4172 4173 4139 
3 4139 4173 4140 
3 4140 4173 4174 
3 4142 4140 4174 
3 4174 4143 4142 
3 4175 4143 4174 
3 4175 4176 4143 
3 4143 4176 4144 
3 4176 4177 4144 
3 4144 4177 4145 
3 4145 4177 4178 
3 4147 4145 4178 
3 4178 4148 4147 
3 4179 4148 4178 
3 4148 4179 4180 
3 4149 4148 4180 
3 4180 4150 4149 
3 4181 4150 4180 
3 4183 4151 4150 
3 4183 4150 4182 
3 4182 4150 4181 
3 4182 4184 4183 
3 4183 4152 4151 
3 4184 4152 4183 
3 4184 2925 4152 
3 2925 2920 4152 
3 2104 4185 2172 
3 4154 4185 2104 
3 4155 4186 4156 
3 4155 4157 4186 
3 4185 4154 4158 
3 4187 4185 4158 
3 4156 4186 4188 
3 4156 4188 4158 
3 4158 4188 4187 
3 4186 4157 4159 
3 4186 4159 4188 
3 4188 4159 4189 
3 4159 4190 4189 
3 4160 4190 4159 
3 2216 4191 4192 
3 2217 2216 4192 
3 4191 4193 4192 
3 4192 2150 2217 
3 4161 2150 4192 
3 4161 4195 4163 
3 4192 4195 4161 
3 4192 4194 4195 
3 4192 4193 4194 
3 4194 4196 4195 
3 4195 4164 4163 
3 4164 4198 4165 
3 4195 4198 4164 
3 4195 4197 4198 
3 4195 4196 4197 
3 4197 4199 4198 
3 4198 4166 4165 
3 4199 4166 4198 
3 4199 4200 4166 
3 4200 4167 4166 
3 4200 4201 4167 
3 4167 4201 4168 
3 4203 4169 4168 
3 4203 4168 4202 
3 4202 4168 4201 
3 4202 4204 4203 
3 4203 4170 4169 
3 4204 4170 4203 
3 4204 4205 4170 
3 4205 4171 4170 
3 4205 4206 4171 
3 4171 4206 4172 
3 4206 4207 4172 
3 4172 4207 4173 
3 4173 4207 4208 
3 4174 4173 4208 
3 4208 4175 4174 
3 4209 4175 4208 
3 4209 4210 4175 
3 4175 4210 4176 
3 4210 4211 4176 
3 4176 4211 4177 
3 4177 4211 4212 
3 4178 4177 4212 
3 4212 4179 4178 
3 4213 4179 4212 
3 4215 4180 4179 
3 4215 4179 4214 
3 4214 4179 4213 
3 4214 4216 4215 
3 4215 4181 4180 
3 4216 4181 4215 
3 4216 4217 4181 
3 4217 4182 4181 
3 4182 4217 4218 
3 4184 4182 4218 
3 4218 2925 4184 
3 2930 2925 4218 
3 2172 4219 2237 
3 4185 4219 2172 
3 4219 4185 4187 
3 4220 4219 4187 
3 4220 4187 4221 
3 4187 4188 4221 
3 4223 4189 4222 
3 4223 4221 4189 
3 4221 4188 4189 
3 4225 4189 4190 
3 4225 4224 4189 
3 4222 4189 4226 
3 4226 4189 4224 
3 4224 4225 4227 
3 2276 4228 4229 
3 2277 2276 4229 
3 4228 4230 4229 
3 4229 2216 2277 
3 4191 2216 4229 
3 4191 4232 4193 
3 4229 4232 4191 
3 4229 4231 4232 
3 4229 4230 4231 
3 4231 4233 4232 
3 4232 4194 4193 
3 4194 4235 4196 
3 4232 4235 4194 
3 4232 4234 4235 
3 4232 4233 4234 
3 4234 4236 4235 
3 4235 4197 4196 
3 4197 4238 4199 
3 4235 4238 4197 
3 4235 4237 4238 
3 4235 4236 4237 
3 4237 4239 4238 
3 4238 4200 4199 
3 4239 4200 4238 
3 4239 4240 4200 
3 4240 4201 4200 
3 4240 4241 4201 
3 4201 4241 4202 
3 4202 4241 4242 
3 4204 4202 4242 
3 4242 4205 4204 
3 4243 4205 4242 
3 4243 4244 4205 
3 4205 4244 4206 
3 4244 4245 4206 
3 4206 4245 4207 
3 4207 4245 4246 
3 4208 4207 4246 
3 4246 4209 4208 
3 4247 4209 4246 
3 4247 4248 4209 
3 4209 4248 4210 
3 4248 4249 4210 
3 4210 4249 4211 
3 4211 4249 4250 
3 4212 4211 4250 
3 4250 4213 4212 
3 4251 4213 4250 
3 4251 4252 4213 
3 4213 4252 4214 
3 4214 4252 4253 
3 4216 4214 4253 
3 4253 4217 4216 
3 4254 4217 4253 
3 2936 4218 4217 
3 2936 4217 2935 
3 2935 4217 4254 
3 2936 2930 4218 
3 2237 4219 2303 
3 2303 4219 4220 
3 2303 4220 2305 
3 2305 4220 4255 
3 4257 4221 4256 
3 4257 4255 4221 
3 4255 4220 4221 
3 4221 4223 4256 
3 4224 4258 4226 
3 4224 4227 4258 
3 2338 4259 2339 
3 4259 2276 2339 
3 4259 4260 2276 
3 4260 4228 2276 
3 4262 4230 4228 
3 4262 4228 4261 
3 4261 4228 4260 
3 4261 4263 4262 
3 4262 4231 4230 
3 4231 4265 4233 
3 4262 4265 4231 
3 4262 4264 4265 
3 4262 4263 4264 
3 4264 4266 4265 
3 4265 4234 4233 
3 4234 4268 4236 
3 4265 4268 4234 
3 4265 4267 4268 
3 4265 4266 4267 
3 4267 4269 4268 
3 4268 4237 4236 
3 4237 4271 4239 
3 4268 4271 4237 
3 4268 4270 4271 
3 4268 4269 4270 
3 4270 4272 4271 
3 4271 4240 4239 
3 4272 4240 4271 
3 4272 4273 4240 
3 4273 4241 4240 
3 4241 4273 4274 
3 4242 4241 4274 
3 4274 4243 4242 
3 4275 4243 4274 
3 4275 4276 4243 
3 4243 4276 4244 
3 4276 4277 4244 
3 4244 4277 4245 
3 4245 4277 4278 
3 4246 4245 4278 
3 4278 4247 4246 
3 4279 4247 4278 
3 4279 4280 4247 
3 4247 4280 4248 
3 4280 4281 4248 
3 4248 4281 4249 
3 4249 4281 4282 
3 4250 4249 4282 
3 4282 4251 4250 
3 4283 4251 4282 
3 4283 4284 4251 
3 4251 4284 4252 
3 4286 4253 4252 
3 4286 4252 4285 
3 4285 4252 4284 
3 4285 4287 4286 
3 4286 4254 4253 
3 4287 4254 4286 
3 4287 2942 4254 
3 2942 2935 4254 
3 4289 4255 4288 
3 4289 2366 4255 
3 2366 2305 4255 
3 4255 4257 4288 
3 4291 4259 2338 
3 4291 2338 4290 
3 4290 2338 2402 
3 4290 4292 4291 
3 4291 4260 4259 
3 4292 4260 4291 
3 4292 4293 4260 
3 4293 4261 4260 
3 4261 4293 4294 
3 4263 4261 4294 
3 4294 4264 4263 
3 4295 4264 4294 
3 4264 4295 4296 
3 4266 4264 4296 
3 4296 4267 4266 
3 4297 4267 4296 
3 4299 4269 4267 
3 4299 4267 4298 
3 4298 4267 4297 
3 4298 4300 4299 
3 4299 4270 4269 
3 4270 4302 4272 
3 4299 4302 4270 
3 4299 4301 4302 
3 4299 4300 4301 
3 4301 4303 4302 
3 4302 4273 4272 
3 4273 4305 4274 
3 4302 4305 4273 
3 4302 4304 4305 
3 4302 4303 4304 
3 4304 4306 4305 
3 4305 4275 4274 
3 4306 4275 4305 
3 4306 4307 4275 
3 4307 4276 4275 
3 4307 4308 4276 
3 4276 4308 4277 
3 4277 4308 4309 
3 4278 4277 4309 
3 4309 4279 4278 
3 4310 4279 4309 
3 4310 4311 4279 
3 4279 4311 4280 
3 4311 4312 4280 
3 4280 4312 4281 
3 4314 4282 4281 
3 4314 4281 4313 
3 4313 4281 4312 
3 4313 4315 4316 
3 4314 4313 4316 
3 4315 4317 4318 
3 4316 4315 4318 
3 4317 4319 4318 
3 4322 4321 4320 
3 4320 4321 4323 
3 4314 4283 4282 
3 4316 4283 4314 
3 4284 4283 4316 
3 4318 4284 4316 
3 4285 4284 4318 
3 4285 4318 4319 
3 4285 4319 4287 
3 4287 4319 4324 
3 4322 4325 4321 
3 4321 4325 4323 
3 4324 2942 4287 
3 837 2942 4324 
3 4328 4327 4326 
3 4326 4327 4329 
3 4328 4330 4327 
3 4327 4330 4329 
3 2366 693 2427 
3 4289 693 2366 
3 4333 4332 4331 
3 4333 4335 4332 
3 4332 4335 4336 
3 4332 4336 4334 
3 4335 4337 4338 
3 4335 4338 4336 
3 4337 4339 4340 
3 4338 4337 4340 
3 4339 4341 4340 
3 4334 4336 4342 
3 4336 4343 4342 
3 4336 4338 4343 
3 4338 4344 4343 
3 4338 4340 4344 
3 4340 4345 4344 
3 4341 4346 4347 
3 4341 4347 4340 
3 4340 4347 4345 
3 4346 4348 4347 
3 4342 4343 4349 
3 4343 4350 4349 
3 4343 4344 4350 
3 4344 4351 4350 
3 4344 4345 4351 
3 4345 4352 4351 
3 4345 4347 4352 
3 4347 4353 4352 
3 4348 4354 4355 
3 4348 4355 4347 
3 4347 4355 4353 
3 4354 4356 4357 
3 4355 4354 4357 
3 4356 4358 4357 
3 4361 4359 4349 
3 4361 4349 4360 
3 4360 4349 4350 
3 4350 4351 4360 
3 4351 4362 4360 
3 4351 4352 4362 
3 4352 4363 4362 
3 4352 4353 4363 
3 4353 4364 4363 
3 4353 4355 4364 
3 4355 4365 4364 
3 4355 4357 4365 
3 4357 4366 4365 
3 4358 4367 4368 
3 4358 4368 4357 
3 4357 4368 4366 
3 4367 4369 4370 
3 4368 4367 4370 
3 4369 4371 4370 
3 4361 4360 4372 
3 4360 4362 4373 
3 4372 4360 4373 
3 4362 4363 4374 
3 4373 4362 4374 
3 4363 4364 4375 
3 4374 4363 4375 
3 4377 4375 4364 
3 4377 4364 4376 
3 4376 4364 4365 
3 4365 4366 4376 
3 4366 4378 4376 
3 4366 4368 4378 
3 4368 4379 4378 
3 4368 4370 4379 
3 4370 4380 4379 
3 4371 4381 4382 
3 4371 4382 4370 
3 4370 4382 4380 
3 4381 4383 4384 
3 4382 4381 4384 
3 4383 4385 4384 
3 4331 4386 4333 
3 4386 4335 4333 
3 4386 4387 4335 
3 4387 4388 4335 
3 4388 4389 4335 
3 4335 4389 4337 
3 4391 4390 4339 
3 4391 4339 4389 
3 4389 4339 4337 
3 4339 4390 4341 
3 4391 4392 4390 
3 4390 4346 4341 
3 4390 4392 4346 
3 4392 4393 4346 
3 4346 4393 4394 
3 4348 4346 4394 
3 4394 4354 4348 
3 4395 4354 4394 
3 4395 4396 4354 
3 4354 4396 4356 
3 4356 4396 4397 
3 4358 4356 4397 
3 4359 4399 4398 
3 4361 4399 4359 
3 4397 4367 4358 
3 4400 4367 4397 
3 4400 4401 4367 
3 4367 4401 4369 
3 4369 4401 4402 
3 4371 4369 4402 
3 4399 4361 4372 
3 4403 4399 4372 
3 4403 4372 4404 
3 4372 4373 4404 
3 4406 4374 4405 
3 4406 4404 4374 
3 4404 4373 4374 
3 4375 4405 4374 
3 4407 4405 4375 
3 4375 4377 4407 
3 4402 4381 4371 
3 4408 4381 4402 
3 4408 4409 4381 
3 4381 4409 4383 
3 4383 4409 4410 
3 4385 4383 4410 
3 4411 4412 4387 
3 4387 4412 4388 
3 4414 4413 4389 
3 4414 4389 4412 
3 4412 4389 4388 
3 4389 4413 4391 
3 4414 4415 4413 
3 4413 4392 4391 
3 4413 4415 4392 
3 4415 4416 4392 
3 4416 4417 4392 
3 4392 4417 4393 
3 4393 4417 4418 
3 4394 4393 4418 
3 4418 4395 4394 
3 4419 4395 4418 
3 4421 4420 4396 
3 4421 4396 4419 
3 4419 4396 4395 
3 4396 4420 4397 
3 4398 4399 4422 
3 4421 4423 4420 
3 4420 4400 4397 
3 4420 4423 4400 
3 4423 4424 4400 
3 4426 4425 4401 
3 4426 4401 4424 
3 4424 4401 4400 
3 4401 4425 4402 
3 4422 4399 4403 
3 4422 4403 4427 
3 4427 4403 4428 
3 4430 4404 4429 
3 4430 4428 4404 
3 4428 4403 4404 
3 4404 4406 4429 
3 4426 4431 4425 
3 4425 4408 4402 
3 4425 4431 4408 
3 4431 4432 4408 
3 4432 4433 4408 
3 4408 4433 4409 
3 4409 4433 4434 
3 4410 4409 4434 
3 4437 4436 4412 
3 4437 4412 4435 
3 4435 4412 4411 
3 4412 4436 4414 
3 4437 4438 4436 
3 4436 4415 4414 
3 4436 4438 4415 
3 4438 4439 4415 
3 4439 4440 4415 
3 4415 4440 4416 
3 4442 4441 4417 
3 4442 4417 4440 
3 4440 4417 4416 
3 4417 4441 4418 
3 4442 4443 4441 
3 4441 4419 4418 
3 4441 4443 4419 
3 4443 4444 4419 
3 4419 4444 4445 
3 4421 4419 4445 
3 4445 4423 4421 
3 4446 4423 4445 
3 4446 4447 4423 
3 4423 4447 4424 
3 4424 4447 4448 
3 4426 4424 4448 
3 4451 4428 4450 
3 4451 4449 4428 
3 4449 4427 4428 
3 4428 4430 4450 
3 4448 4431 4426 
3 4452 4431 4448 
3 4452 4453 4431 
3 4431 4453 4432 
3 4453 4454 4432 
3 4432 4454 4433 
3 4433 4454 4455 
3 4434 4433 4455 
3 4458 4437 4435 
3 4458 4435 4457 
3 4457 4435 4456 
3 4457 4459 4460 
3 4458 4457 4460 
3 4459 4461 4460 
3 4458 4438 4437 
3 4460 4438 4458 
3 4439 4438 4460 
3 4461 4439 4460 
3 4461 4462 4439 
3 4462 4440 4439 
3 4440 4462 4463 
3 4442 4440 4463 
3 4463 4443 4442 
3 4464 4443 4463 
3 4464 4465 4443 
3 4443 4465 4444 
3 4444 4465 4466 
3 4445 4444 4466 
3 4466 4446 4445 
3 4467 4446 4466 
3 4469 4468 4447 
3 4469 4447 4467 
3 4467 4447 4446 
3 4447 4468 4448 
3 4449 4471 4470 
3 4451 4471 4449 
3 4469 4472 4468 
3 4468 4452 4448 
3 4468 4472 4452 
3 4472 4473 4452 
3 4473 4474 4452 
3 4452 4474 4453 
3 4476 4475 4454 
3 4476 4454 4474 
3 4474 4454 4453 
3 4454 4475 4455 
3 1341 3768 4456 
3 4456 3768 4457 
3 3768 3769 4457 
3 4457 3769 4459 
3 4459 3769 3772 
3 4461 4459 3772 
3 3772 4462 4461 
3 3776 4462 3772 
3 4462 3776 3778 
3 4463 4462 3778 
3 3778 4464 4463 
3 3780 4464 3778 
3 3780 3782 4464 
3 4464 3782 4465 
3 4465 3782 3785 
3 4466 4465 3785 
3 1357 4477 3789 
3 3785 4467 4466 
3 3791 4467 3785 
3 4478 4469 4467 
3 4478 4467 3793 
3 3793 4467 3791 
3 3793 3796 4478 
3 4470 4471 4479 
3 4477 4470 4479 
3 4477 4479 3798 
3 4477 3798 3789 
3 3798 4480 3800 
3 4479 4480 3798 
3 3800 4480 3803 
3 4478 4472 4469 
3 3796 4472 4478 
3 3796 3805 4472 
3 3805 4473 4472 
3 3805 3807 4473 
3 4473 3807 4474 
3 4474 3807 3810 
3 4476 4474 3810 
3 4481 2367 4482 
3 4482 2367 2368 
3 4483 2369 2370 
3 4485 2369 4483 
3 4485 4484 2369 
3 4484 2371 2369 
3 4487 2373 2371 
3 4487 2371 4486 
3 4486 2371 4484 
3 4486 4488 4487 
3 4491 4489 4490 
3 4489 2374 4490 
3 4489 4482 2374 
3 4482 2368 2374 
3 4487 2375 2373 
3 4488 2375 4487 
3 4488 4492 2375 
3 4492 2376 2375 
3 4492 4493 2376 
3 2376 4493 2377 
3 4495 2378 2377 
3 4495 2377 4494 
3 4494 2377 4493 
3 4494 4496 4497 
3 4495 4494 4497 
3 4496 4498 4497 
3 4490 2379 2380 
3 4490 2380 4491 
3 4491 2380 4499 
3 4490 2374 2379 
3 4502 4501 4500 
3 2383 4500 4501 
3 2383 2381 4500 
3 2381 4503 4500 
3 4503 2381 4504 
3 2381 2384 4504 
3 4506 2384 2386 
3 4506 4505 2384 
3 4505 4504 2384 
3 4505 4506 4507 
3 4495 2387 2378 
3 4497 2387 4495 
3 2388 2387 4497 
3 4498 2388 4497 
3 4498 4508 2388 
3 4508 2389 2388 
3 4508 4509 2389 
3 2389 4509 2390 
3 4511 2392 2390 
3 4511 2390 4510 
3 4510 2390 4509 
3 4510 4512 4511 
3 4499 2380 2393 
3 4513 4499 2393 
3 4515 2393 2394 
3 4515 4514 2393 
3 4514 4513 2393 
3 4501 2396 2395 
3 4502 2396 4501 
3 4502 4515 2396 
3 4502 4514 4515 
3 4501 2395 2383 
3 4506 2386 2397 
3 4507 4506 2397 
3 4507 2397 4516 
3 4516 2397 2398 
3 2398 4517 4516 
3 2400 4517 2398 
3 4511 2401 2392 
3 4512 2401 4511 
3 4512 4518 2401 
3 4518 2402 2401 
3 4515 2394 2403 
3 4515 2403 2396 
3 4520 4519 4517 
3 4520 4517 2404 
3 2404 4517 2400 
3 4519 4522 4521 
3 4520 4522 4519 
3 4521 4522 4523 
3 4520 2404 2405 
3 4524 4522 4520 
3 4524 4520 2406 
3 4524 2406 4525 
3 2406 4520 2405 
3 4522 4524 4523 
3 4525 2406 2407 
3 4526 4525 2407 
3 2407 4527 4526 
3 2409 4527 2407 
3 4527 2409 2410 
3 4528 4527 2410 
3 2410 4529 4528 
3 2411 4529 2410 
3 4529 2411 2412 
3 4530 4529 2412 
3 2412 4531 4530 
3 2413 4531 2412 
3 4531 2413 2414 
3 4532 4531 2414 
3 2414 4533 4532 
3 2415 4533 2414 
3 2416 2417 4534 
3 4535 4533 2415 
3 4535 2415 4534 
3 4535 4534 4536 
3 2416 4534 2415 
3 4535 4536 4537 
3 4534 2417 2418 
3 4538 4536 4534 
3 4538 4534 2419 
3 4538 2419 4539 
3 2419 4534 2418 
3 4536 4538 4537 
3 4539 2419 2420 
3 4540 4539 2420 
3 2420 4541 4540 
3 2421 4541 2420 
3 4541 2421 2422 
3 4542 4541 2422 
3 2422 4543 4542 
3 2424 4543 2422 
3 4543 2424 2425 
3 4544 4543 2425 
3 2425 4545 4544 
3 2426 4545 2425 
3 4545 2426 2427 
3 4546 4545 2427 
3 4547 4481 4548 
3 4548 4481 4482 
3 4550 4484 4485 
3 4549 4484 4550 
3 4549 4551 4484 
3 4484 4551 4486 
3 4553 4488 4486 
3 4553 4486 4552 
3 4552 4486 4551 
3 4552 4554 4553 
3 4491 4556 4555 
3 4489 4491 4555 
3 4555 4482 4489 
3 4548 4482 4555 
3 4553 4492 4488 
3 4554 4492 4553 
3 4554 4557 4492 
3 4557 4493 4492 
3 4557 4558 4493 
3 4493 4558 4494 
3 4558 4559 4494 
3 4494 4559 4496 
3 4561 4498 4496 
3 4561 4496 4560 
3 4560 4496 4559 
3 4560 4562 4561 
3 4556 4491 4563 
3 4563 4491 4499 
3 4566 4565 4564 
3 4502 4564 4565 
3 4502 4500 4564 
3 4500 4567 4564 
3 4567 4500 4568 
3 4500 4503 4568 
3 4568 4503 4569 
3 4503 4504 4569 
3 4569 4504 4570 
3 4504 4505 4570 
3 4505 4571 4570 
3 4507 4571 4505 
3 4561 4508 4498 
3 4562 4508 4561 
3 4562 4572 4508 
3 4572 4509 4508 
3 4572 4573 4509 
3 4509 4573 4510 
3 4510 4573 4574 
3 4512 4510 4574 
3 4563 4499 4513 
3 4575 4563 4513 
3 4565 4566 4575 
3 4565 4575 4514 
3 4514 4575 4513 
3 4565 4514 4502 
3 4571 4507 4516 
3 4576 4571 4516 
3 4578 4516 4517 
3 4578 4577 4516 
3 4577 4576 4516 
3 4577 4578 4579 
3 4574 4518 4512 
3 4580 4518 4574 
3 4578 4517 4519 
3 4578 4519 4521 
3 4578 4521 4582 
3 4578 4582 4579 
3 4581 4582 4521 
3 4521 4523 4581 
3 4581 4524 4525 
3 4581 4525 4582 
3 4582 4525 4583 
3 4581 4523 4524 
3 4583 4525 4526 
3 4584 4583 4526 
3 4526 4585 4584 
3 4527 4585 4526 
3 4585 4527 4528 
3 4586 4585 4528 
3 4528 4587 4586 
3 4529 4587 4528 
3 4587 4529 4530 
3 4588 4587 4530 
3 4530 4589 4588 
3 4531 4589 4530 
3 4589 4531 4532 
3 4590 4589 4532 
3 4592 4532 4533 
3 4592 4591 4532 
3 4591 4590 4532 
3 4591 4592 4593 
3 4592 4533 4535 
3 4535 4537 4595 
3 4592 4535 4595 
3 4592 4595 4594 
3 4592 4594 4593 
3 4594 4595 4596 
3 4538 4539 4597 
3 4537 4538 4597 
3 4537 4597 4595 
3 4595 4597 4598 
3 4596 4600 4599 
3 4596 4595 4600 
3 4595 4598 4600 
3 4599 4602 4601 
3 4600 4602 4599 
3 4597 4539 4540 
3 4540 4541 4603 
3 4540 4603 4597 
3 4597 4603 4598 
3 4598 4603 4600 
3 4600 4603 4604 
3 4605 4604 4606 
3 4605 4602 4604 
3 4602 4600 4604 
3 4603 4541 4542 
3 4542 4543 4607 
3 4542 4607 4603 
3 4603 4607 4604 
3 4606 4607 4608 
3 4604 4607 4606 
3 4607 4543 4544 
3 4544 4608 4607 
3 4544 4545 4608 
3 4545 4609 4608 
3 4609 4545 4546 
3 4610 4609 4546 
3 4611 4547 4612 
3 4612 4547 4548 
3 4613 4549 4550 
3 4615 4549 4613 
3 4615 4614 4549 
3 4614 4551 4549 
3 4614 4616 4551 
3 4551 4616 4552 
3 4618 4554 4552 
3 4618 4552 4617 
3 4617 4552 4616 
3 4617 4619 4618 
3 4556 4621 4620 
3 4555 4556 4620 
3 4620 4548 4555 
3 4612 4548 4620 
3 4624 4623 4622 
3 4622 4626 4625 
3 4623 4626 4622 
3 4625 4628 4627 
3 4626 4628 4625 
3 4627 4628 4629 
3 4618 4557 4554 
3 4619 4557 4618 
3 4619 4630 4557 
3 4630 4558 4557 
3 4630 4631 4558 
3 4558 4631 4559 
3 4631 4632 4559 
3 4559 4632 4560 
3 4560 4632 4633 
3 4562 4560 4633 
3 4635 4634 4621 
3 4635 4621 4563 
3 4563 4621 4556 
3 4566 4634 4635 
3 4566 4564 4634 
3 4564 4636 4634 
3 4623 4624 4636 
3 4623 4636 4567 
3 4567 4636 4564 
3 4626 4623 4567 
3 4568 4626 4567 
3 4628 4626 4568 
3 4569 4628 4568 
3 4629 4628 4569 
3 4629 4569 4637 
3 4637 4569 4570 
3 4639 4570 4571 
3 4639 4638 4570 
3 4638 4637 4570 
3 4638 4639 4640 
3 4633 4572 4562 
3 4641 4572 4633 
3 4641 4642 4572 
3 4572 4642 4573 
3 4573 4642 4643 
3 4574 4573 4643 
3 4635 4563 4575 
3 4635 4575 4566 
3 4639 4571 4576 
3 4640 4639 4576 
3 4640 4576 4644 
3 4644 4576 4577 
3 4577 4645 4644 
3 4579 4645 4577 
3 4643 4580 4574 
3 4646 4580 4643 
3 4645 4579 4647 
3 4647 4579 4582 
3 4649 4648 4647 
3 4649 4647 4583 
3 4583 4647 4582 
3 4648 4649 4650 
3 4649 4583 4584 
3 4584 4650 4649 
3 4584 4585 4650 
3 4585 4651 4650 
3 4651 4585 4586 
3 4652 4651 4586 
3 4586 4653 4652 
3 4587 4653 4586 
3 4653 4587 4588 
3 4654 4653 4588 
3 4656 4588 4589 
3 4656 4655 4588 
3 4655 4654 4588 
3 4655 4656 4657 
3 4656 4589 4590 
3 4657 4656 4590 
3 4657 4590 4658 
3 4658 4590 4591 
3 4591 4659 4658 
3 4593 4659 4591 
3 4659 4593 4594 
3 4660 4659 4594 
3 4594 4661 4660 
3 4596 4661 4594 
3 4661 4596 4599 
3 4662 4661 4599 
3 4662 4599 4663 
3 4599 4601 4663 
3 4605 4606 4664 
3 4665 4664 4606 
3 4608 4665 4606 
3 4666 4665 4608 
3 4609 4666 4608 
3 4666 4609 4610 
3 4667 4611 4668 
3 4668 4611 4612 
3 4670 4614 4615 
3 4669 4614 4670 
3 4669 4671 4614 
3 4614 4671 4616 
3 4671 4672 4616 
3 4616 4672 4617 
3 4674 4619 4617 
3 4674 4617 4673 
3 4673 4617 4672 
3 4673 4675 4674 
3 4620 4621 4676 
3 4677 4668 4612 
3 4677 4612 4676 
3 4677 4676 4678 
3 4620 4676 4612 
3 4624 4677 4678 
3 4624 4622 4677 
3 4622 4679 4677 
3 4679 4622 4680 
3 4622 4625 4680 
3 4680 4625 4681 
3 4625 4627 4681 
3 4683 4627 4629 
3 4683 4682 4627 
3 4682 4681 4627 
3 4682 4683 4684 
3 4674 4630 4619 
3 4675 4630 4674 
3 4675 4685 4630 
3 4685 4631 4630 
3 4685 4686 4631 
3 4631 4686 4632 
3 4688 4633 4632 
3 4688 4632 4687 
3 4687 4632 4686 
3 4687 4689 4688 
3 4676 4621 4634 
3 4678 4676 4634 
3 4636 4678 4634 
3 4678 4636 4624 
3 4683 4629 4637 
3 4684 4683 4637 
3 4684 4637 4690 
3 4690 4637 4638 
3 4638 4691 4690 
3 4640 4691 4638 
3 4688 4641 4633 
3 4689 4641 4688 
3 4689 4692 4641 
3 4692 4642 4641 
3 4694 4643 4642 
3 4694 4642 4693 
3 4693 4642 4692 
3 4691 4640 4644 
3 4695 4691 4644 
3 4644 4696 4695 
3 4645 4696 4644 
3 4694 4646 4643 
3 4698 4697 4696 
3 4698 4696 4647 
3 4647 4696 4645 
3 4697 4698 4699 
3 4698 4647 4648 
3 4648 4699 4698 
3 4648 4650 4699 
3 4650 4700 4699 
3 4700 4650 4701 
3 4701 4650 4651 
3 4701 4651 4652 
3 4702 4701 4652 
3 4652 4703 4702 
3 4653 4703 4652 
3 4703 4653 4654 
3 4704 4703 4654 
3 4704 4654 4705 
3 4654 4655 4705 
3 4655 4706 4705 
3 4657 4706 4655 
3 4706 4657 4658 
3 4707 4706 4658 
3 4658 4708 4707 
3 4659 4708 4658 
3 4708 4659 4660 
3 4709 4708 4660 
3 4711 4660 4661 
3 4711 4710 4660 
3 4710 4709 4660 
3 4710 4711 4712 
3 4711 4661 4662 
3 4712 4711 4662 
3 4712 4662 4713 
3 4713 4662 4663 
3 4714 4667 4715 
3 4715 4667 4668 
3 4718 4717 4716 
3 4716 4717 4719 
3 4720 4669 4670 
3 4722 4669 4720 
3 4722 4721 4669 
3 4721 4671 4669 
3 4721 4723 4671 
3 4671 4723 4672 
3 4723 4724 4672 
3 4672 4724 4673 
3 4726 4675 4673 
3 4726 4673 4725 
3 4725 4673 4724 
3 4725 4727 4726 
3 4715 4668 4677 
3 4728 4715 4677 
3 4717 4718 4728 
3 4717 4728 4679 
3 4679 4728 4677 
3 4719 4717 4679 
3 4719 4679 4729 
3 4729 4679 4680 
3 4729 4680 4730 
3 4680 4681 4730 
3 4730 4681 4731 
3 4681 4682 4731 
3 4682 4732 4731 
3 4684 4732 4682 
3 4726 4685 4675 
3 4727 4685 4726 
3 4727 4733 4685 
3 4733 4686 4685 
3 4733 4734 4686 
3 4686 4734 4687 
3 4736 4689 4687 
3 4736 4687 4735 
3 4735 4687 4734 
3 4735 4737 4736 
3 4732 4684 4690 
3 4738 4732 4690 
3 4690 4739 4738 
3 4691 4739 4690 
3 4736 4692 4689 
3 4737 4692 4736 
3 4737 4740 4692 
3 4740 4693 4692 
3 4739 4691 4695 
3 4741 4739 4695 
3 4695 4742 4741 
3 4696 4742 4695 
3 4742 4696 4697 
3 4743 4742 4697 
3 4697 4744 4743 
3 4699 4744 4697 
3 4744 4699 4745 
3 4745 4699 4700 
3 4747 4746 4745 
3 4747 4745 4701 
3 4701 4745 4700 
3 4746 4747 4748 
3 4747 4701 4702 
3 4702 4703 4750 
3 4747 4702 4750 
3 4747 4750 4749 
3 4747 4749 4748 
3 4749 4750 4751 
3 4750 4703 4704 
3 4751 4750 4704 
3 4751 4704 4752 
3 4752 4704 4705 
3 4754 4705 4706 
3 4754 4753 4705 
3 4753 4752 4705 
3 4753 4754 4755 
3 4754 4706 4707 
3 4707 4708 4757 
3 4754 4707 4757 
3 4754 4757 4756 
3 4754 4756 4755 
3 4756 4757 4758 
3 4757 4708 4709 
3 4758 4757 4709 
3 4758 4709 4759 
3 4759 4709 4710 
3 4761 4710 4712 
3 4761 4760 4710 
3 4760 4759 4710 
3 4761 4712 4713 
3 4763 4762 4764 
3 4763 4764 4715 
3 4715 4764 4714 
3 4718 4762 4763 
3 4718 4716 4762 
3 4716 4765 4762 
3 4767 4716 4719 
3 4767 4766 4716 
3 4766 4765 4716 
3 4766 4769 4768 
3 4767 4769 4766 
3 4768 4769 4770 
3 4771 4721 4722 
3 4773 4721 4771 
3 4773 4772 4721 
3 4772 4723 4721 
3 4772 4774 4723 
3 4723 4774 4724 
3 4774 4775 4724 
3 4724 4775 4725 
3 4777 4727 4725 
3 4777 4725 4776 
3 4776 4725 4775 
3 4776 4778 4777 
3 4763 4715 4728 
3 4763 4728 4718 
3 4767 4719 4729 
3 4769 4767 4729 
3 4730 4769 4729 
3 4770 4769 4730 
3 4770 4730 4779 
3 4779 4730 4731 
3 4731 4780 4779 
3 4732 4780 4731 
3 4777 4733 4727 
3 4778 4733 4777 
3 4778 4781 4733 
3 4781 4734 4733 
3 4781 4782 4734 
3 4734 4782 4735 
3 4735 4782 4783 
3 4737 4735 4783 
3 4780 4732 4738 
3 4784 4780 4738 
3 4738 4785 4784 
3 4739 4785 4738 
3 4783 4740 4737 
3 4786 4740 4783 
3 4785 4739 4741 
3 4787 4785 4741 
3 4741 4788 4787 
3 4742 4788 4741 
3 4788 4742 4743 
3 4789 4788 4743 
3 4743 4790 4789 
3 4744 4790 4743 
3 4790 4744 4791 
3 4791 4744 4745 
3 4791 4745 4746 
3 4792 4791 4746 
3 4746 4793 4792 
3 4748 4793 4746 
3 4793 4748 4749 
3 4794 4793 4749 
3 4796 4749 4751 
3 4796 4795 4749 
3 4795 4794 4749 
3 4795 4796 4797 
3 4796 4751 4752 
3 4797 4796 4752 
3 4797 4752 4798 
3 4798 4752 4753 
3 4753 4799 4798 
3 4755 4799 4753 
3 4799 4755 4756 
3 4800 4799 4756 
3 4756 4801 4800 
3 4758 4801 4756 
3 4801 4758 4759 
3 4802 4801 4759 
3 4802 4759 4803 
3 4759 4760 4803 
3 4804 4764 4762 
3 4805 4804 4762 
3 4765 4805 4762 
3 4807 4805 4765 
3 4807 4765 4806 
3 4806 4765 4766 
3 4806 4766 4808 
3 4766 4768 4808 
3 4768 4809 4808 
3 4770 4809 4768 
3 4811 4772 4773 
3 4810 4772 4811 
3 4810 4812 4772 
3 4772 4812 4774 
3 4812 4813 4774 
3 4774 4813 4775 
3 4813 4814 4775 
3 4775 4814 4776 
3 4776 4814 4815 
3 4778 4776 4815 
3 4809 4770 4779 
3 4816 4809 4779 
3 4779 4817 4816 
3 4780 4817 4779 
3 4815 4781 4778 
3 4818 4781 4815 
3 4818 4819 4781 
3 4781 4819 4782 
3 4821 4783 4782 
3 4821 4782 4820 
3 4820 4782 4819 
3 4817 4780 4784 
3 4822 4817 4784 
3 4784 4823 4822 
3 4785 4823 4784 
3 4821 4786 4783 
3 4823 4785 4787 
3 4824 4823 4787 
3 4787 4825 4824 
3 4788 4825 4787 
3 4825 4788 4789 
3 4826 4825 4789 
3 4789 4827 4826 
3 4790 4827 4789 
3 4827 4790 4828 
3 4828 4790 4791 
3 4828 4791 4792 
3 4829 4828 4792 
3 4831 4792 4793 
3 4831 4830 4792 
3 4830 4829 4792 
3 4830 4831 4832 
3 4831 4793 4794 
3 4832 4831 4794 
3 4832 4794 4833 
3 4833 4794 4795 
3 4835 4795 4797 
3 4835 4834 4795 
3 4834 4833 4795 
3 4834 4835 4836 
3 4835 4797 4798 
3 4798 4799 4838 
3 4835 4798 4838 
3 4835 4838 4837 
3 4835 4837 4836 
3 4837 4838 4839 
3 4838 4799 4800 
3 4800 4801 4841 
3 4838 4800 4841 
3 4838 4841 4840 
3 4838 4840 4839 
3 4840 4841 4842 
3 4841 4801 4802 
3 4842 4841 4802 
3 4842 4802 4843 
3 4843 4802 4803 
3 4844 4807 4806 
3 4846 4844 4806 
3 4846 4806 4845 
3 4845 4806 4808 
3 4848 4808 4809 
3 4848 4847 4808 
3 4847 4845 4808 
3 4847 4848 4849 
3 4850 4810 4811 
3 4852 4810 4850 
3 4852 4851 4810 
3 4851 4812 4810 
3 4851 4853 4812 
3 4812 4853 4813 
3 4853 4854 4813 
3 4813 4854 4814 
3 4814 4854 4855 
3 4815 4814 4855 
3 4848 4809 4816 
3 4816 4817 4857 
3 4848 4816 4857 
3 4848 4857 4856 
3 4848 4856 4849 
3 4856 4857 4858 
3 4855 4818 4815 
3 4859 4818 4855 
3 4859 4860 4818 
3 4818 4860 4819 
3 4860 4861 4819 
3 4819 4861 4820 
3 4857 4817 4822 
3 4822 4858 4857 
3 4822 4823 4858 
3 4823 4862 4858 
3 4862 4823 4824 
3 4863 4862 4824 
3 4824 4864 4863 
3 4825 4864 4824 
3 4864 4825 4826 
3 4865 4864 4826 
3 4826 4866 4865 
3 4827 4866 4826 
3 4868 4867 4866 
3 4868 4866 4828 
3 4828 4866 4827 
3 4867 4868 4869 
3 4868 4828 4829 
3 4869 4868 4829 
3 4869 4829 4870 
3 4870 4829 4830 
3 4872 4830 4832 
3 4872 4871 4830 
3 4871 4870 4830 
3 4871 4874 4873 
3 4872 4874 4871 
3 4873 4874 4875 
3 4872 4832 4833 
3 4874 4872 4833 
3 4834 4874 4833 
3 4834 4836 4877 
3 4874 4834 4877 
3 4874 4877 4876 
3 4874 4876 4875 
3 4876 4877 4878 
3 4877 4836 4837 
3 4837 4839 4880 
3 4877 4837 4880 
3 4877 4880 4879 
3 4877 4879 4878 
3 4879 4882 4881 
3 4880 4882 4879 
3 4880 4839 4840 
3 4840 4842 4883 
3 4840 4883 4880 
3 4880 4883 4882 
3 4883 4842 4843 
3 4884 4846 4845 
3 4886 4884 4845 
3 4886 4845 4885 
3 4885 4845 4847 
3 4847 4887 4885 
3 4849 4887 4847 
3 4889 4851 4852 
3 4888 4851 4889 
3 4888 4890 4851 
3 4851 4890 4853 
3 4890 4891 4853 
3 4853 4891 4854 
3 4854 4891 4892 
3 4855 4854 4892 
3 4887 4849 4856 
3 4893 4887 4856 
3 4856 4894 4893 
3 4858 4894 4856 
3 4892 4859 4855 
3 4895 4859 4892 
3 4895 4896 4859 
3 4859 4896 4860 
3 4896 4897 4860 
3 4860 4897 4861 
3 4894 4858 4898 
3 4898 4858 4862 
3 4898 4862 4863 
3 4899 4898 4863 
3 4901 4863 4864 
3 4901 4900 4863 
3 4900 4899 4863 
3 4900 4901 4902 
3 4901 4864 4865 
3 4865 4866 4904 
3 4901 4865 4904 
3 4901 4904 4903 
3 4901 4903 4902 
3 4903 4904 4905 
3 4904 4866 4867 
3 4867 4869 4907 
3 4904 4867 4907 
3 4904 4907 4906 
3 4904 4906 4905 
3 4906 4907 4908 
3 4907 4869 4870 
3 4908 4907 4870 
3 4908 4870 4909 
3 4909 4870 4871 
3 4909 4871 4910 
3 4871 4873 4910 
3 4912 4873 4875 
3 4912 4911 4873 
3 4911 4910 4873 
3 4911 4914 4913 
3 4912 4914 4911 
3 4913 4914 4915 
3 4912 4875 4876 
3 4876 4878 4916 
3 4876 4916 4912 
3 4912 4916 4914 
3 4915 4918 4917 
3 4915 4914 4918 
3 4914 4916 4918 
3 4916 4878 4879 
3 4918 4916 4879 
3 4881 4918 4879 
3 4919 4886 4885 
3 4885 4887 4921 
3 4919 4885 4921 
3 4919 4921 4920 
3 4919 4920 4922 
3 4920 4921 4923 
3 4925 4888 4889 
3 4924 4888 4925 
3 4924 4926 4888 
3 4888 4926 4890 
3 4926 4927 4890 
3 4890 4927 4891 
3 4891 4927 4928 
3 4892 4891 4928 
3 4921 4887 4893 
3 4893 4894 4930 
3 4921 4893 4930 
3 4921 4930 4929 
3 4921 4929 4923 
3 4929 4930 4931 
3 4928 4895 4892 
3 4932 4895 4928 
3 4932 4933 4895 
3 4895 4933 4896 
3 4933 4934 4896 
3 4896 4934 4897 
3 4935 4930 4894 
3 4898 4935 4894 
3 4931 4935 4936 
3 4930 4935 4931 
3 4935 4898 4899 
3 4936 4935 4899 
3 4936 4899 4937 
3 4937 4899 4900 
3 4900 4938 4937 
3 4902 4938 4900 
3 4938 4902 4903 
3 4939 4938 4903 
3 4903 4940 4939 
3 4905 4940 4903 
3 4940 4905 4906 
3 4941 4940 4906 
3 4943 4906 4908 
3 4943 4942 4906 
3 4942 4941 4906 
3 4942 4945 4944 
3 4943 4945 4942 
3 4944 4945 4946 
3 4943 4908 4909 
3 4945 4943 4909 
3 4910 4945 4909 
3 4946 4945 4910 
3 4946 4910 4947 
3 4947 4910 4911 
3 4947 4911 4948 
3 4911 4913 4948 
3 4950 4913 4915 
3 4950 4949 4913 
3 4949 4948 4913 
3 4950 4915 4917 
3 4951 4922 4920 
3 4920 4923 4953 
3 4951 4920 4953 
3 4951 4953 4952 
3 4951 4952 4954 
3 4952 4953 4955 
3 4957 4924 4925 
3 4956 4924 4957 
3 4956 4958 4924 
3 4924 4958 4926 
3 4958 4959 4926 
3 4926 4959 4927 
3 4927 4959 4960 
3 4928 4927 4960 
3 4953 4923 4929 
3 4929 4955 4953 
3 4929 4931 4955 
3 4931 4961 4955 
3 4960 4932 4928 
3 4962 4932 4960 
3 4962 4963 4932 
3 4932 4963 4933 
3 4965 4964 4934 
3 4965 4934 4963 
3 4963 4934 4933 
3 4967 4966 4961 
3 4967 4961 4936 
3 4936 4961 4931 
3 4966 4967 4968 
3 4965 4969 4964 
3 4967 4936 4937 
3 4937 4938 4971 
3 4967 4937 4971 
3 4967 4971 4970 
3 4967 4970 4968 
3 4970 4971 4972 
3 4971 4938 4939 
3 4939 4940 4974 
3 4971 4939 4974 
3 4971 4974 4973 
3 4971 4973 4972 
3 4973 4974 4975 
3 4974 4940 4941 
3 4975 4974 4941 
3 4975 4941 4976 
3 4976 4941 4942 
3 4976 4942 4977 
3 4942 4944 4977 
3 4944 4978 4977 
3 4946 4978 4944 
3 4978 4946 4947 
3 4979 4978 4947 
3 4979 4947 4980 
3 4947 4948 4980 
3 4980 4948 4981 
3 4948 4949 4981 
3 4982 4954 4952 
3 4952 4983 4982 
3 4952 4955 4983 
3 4955 4984 4983 
3 4985 4956 4957 
3 4987 4956 4985 
3 4987 4986 4956 
3 4986 4958 4956 
3 4986 4988 4958 
3 4958 4988 4959 
3 4959 4988 4989 
3 4960 4959 4989 
3 4991 4990 4984 
3 4991 4984 4961 
3 4961 4984 4955 
3 4990 4991 4992 
3 4989 4962 4960 
3 4993 4962 4989 
3 4995 4994 4963 
3 4995 4963 4993 
3 4993 4963 4962 
3 4963 4994 4965 
3 4991 4961 4966 
3 4966 4968 4997 
3 4991 4966 4997 
3 4991 4997 4996 
3 4991 4996 4992 
3 4996 4997 4998 
3 4995 4999 4994 
3 4994 4969 4965 
3 4994 4999 4969 
3 4999 5000 4969 
3 4997 4968 4970 
3 4970 4972 5002 
3 4997 4970 5002 
3 4997 5002 5001 
3 4997 5001 4998 
3 5001 5002 5003 
3 5002 4972 4973 
3 4973 4975 5005 
3 5002 4973 5005 
3 5002 5005 5004 
3 5002 5004 5003 
3 5004 5005 5006 
3 5005 4975 4976 
3 5006 5005 4976 
3 5006 4976 5007 
3 5007 4976 4977 
3 5009 4977 4978 
3 5009 5008 4977 
3 5008 5007 4977 
3 5008 5009 5010 
3 5009 4978 4979 
3 5010 5009 4979 
3 5010 4979 5011 
3 5011 4979 4980 
3 5011 4980 5012 
3 4980 4981 5012 
3 5014 5013 5015 
3 5014 5015 4984 
3 4984 5015 4983 
3 5013 5014 5016 
3 5018 4986 4987 
3 5017 4986 5018 
3 5020 5019 4988 
3 5020 4988 5017 
3 5017 4988 4986 
3 4988 5019 4989 
3 5014 4984 4990 
3 4990 4992 5022 
3 5014 4990 5022 
3 5014 5022 5021 
3 5014 5021 5016 
3 5021 5022 5023 
3 5020 5024 5019 
3 5019 4993 4989 
3 5019 5024 4993 
3 5024 5025 4993 
3 4993 5025 5026 
3 4995 4993 5026 
3 5022 4992 4996 
3 4996 4998 5028 
3 5022 4996 5028 
3 5022 5028 5027 
3 5022 5027 5023 
3 5027 5028 5029 
3 5026 4999 4995 
3 5030 4999 5026 
3 5030 5031 4999 
3 4999 5031 5000 
3 5028 4998 5001 
3 5001 5029 5028 
3 5001 5003 5029 
3 5003 5032 5029 
3 5032 5003 5004 
3 5033 5032 5004 
3 5035 5004 5006 
3 5035 5034 5004 
3 5034 5033 5004 
3 5034 5035 5036 
3 5035 5006 5007 
3 5036 5035 5007 
3 5036 5007 5037 
3 5037 5007 5008 
3 5039 5008 5010 
3 5039 5038 5008 
3 5038 5037 5008 
3 5038 5039 5040 
3 5039 5010 5011 
3 5040 5039 5011 
3 5040 5011 5041 
3 5041 5011 5012 
3 5042 5015 5013 
3 5013 5016 5044 
3 5042 5013 5044 
3 5042 5044 5043 
3 5042 5043 5045 
3 5043 5044 5046 
3 5048 5017 5018 
3 5047 5017 5048 
3 5017 5047 5049 
3 5020 5017 5049 
3 5044 5016 5021 
3 5021 5023 5051 
3 5044 5021 5051 
3 5044 5051 5050 
3 5044 5050 5046 
3 5050 5051 5052 
3 5049 5024 5020 
3 5053 5024 5049 
3 5053 5054 5024 
3 5024 5054 5025 
3 5056 5026 5025 
3 5056 5025 5055 
3 5055 5025 5054 
3 5055 5057 5056 
3 5051 5023 5027 
3 5027 5052 5051 
3 5027 5029 5052 
3 5029 5058 5052 
3 5056 5030 5026 
3 5057 5030 5056 
3 5057 5059 5030 
3 5059 5031 5030 
3 5061 5060 5058 
3 5061 5058 5032 
3 5032 5058 5029 
3 5060 5061 5062 
3 5061 5032 5033 
3 5062 5061 5033 
3 5062 5033 5063 
3 5063 5033 5034 
3 5065 5034 5036 
3 5065 5064 5034 
3 5064 5063 5034 
3 5064 5065 5066 
3 5065 5036 5037 
3 5066 5065 5037 
3 5066 5037 5067 
3 5067 5037 5038 
3 5069 5038 5040 
3 5069 5068 5038 
3 5068 5067 5038 
3 5069 5040 5041 
3 5071 5045 5043 
3 5070 5071 5043 
3 5043 5072 5070 
3 5046 5072 5043 
3 5073 5047 5048 
3 5047 5075 5049 
3 5073 5075 5047 
3 5073 5074 5075 
3 5073 5076 5074 
3 5074 5077 5075 
3 5072 5046 5050 
3 5078 5072 5050 
3 5050 5079 5078 
3 5052 5079 5050 
3 5075 5053 5049 
3 5077 5053 5075 
3 5077 5080 5053 
3 5080 5054 5053 
3 5082 5081 5055 
3 5082 5055 5080 
3 5080 5055 5054 
3 5055 5081 5057 
3 5084 5083 5079 
3 5084 5079 5058 
3 5058 5079 5052 
3 5083 5084 5085 
3 5082 5086 5081 
3 5081 5059 5057 
3 5081 5086 5059 
3 5086 5087 5059 
3 5084 5058 5060 
3 5060 5062 5089 
3 5084 5060 5089 
3 5084 5089 5088 
3 5084 5088 5085 
3 5088 5089 5090 
3 5089 5062 5063 
3 5090 5089 5063 
3 5090 5063 5091 
3 5091 5063 5064 
3 5064 5092 5091 
3 5066 5092 5064 
3 5092 5066 5067 
3 5093 5092 5067 
3 5093 5067 5094 
3 5067 5068 5094 
3 5095 5071 5070 
3 5070 5072 5096 
3 5095 5070 5096 
3 5095 5096 3162 
3 5095 3162 3163 
3 3162 5096 3166 
3 5097 5074 5076 
3 5074 5098 5077 
3 5097 5098 5074 
3 5097 3168 5098 
3 5097 3169 3168 
3 3168 3173 5098 
3 5096 5072 5078 
3 5078 5079 5099 
3 5096 5078 5099 
3 5096 5099 3177 
3 5096 3177 3166 
3 3177 5099 3179 
3 5098 5080 5077 
3 5080 5100 5082 
3 5098 5100 5080 
3 5098 3180 5100 
3 5098 3173 3180 
3 3180 3182 5100 
3 5099 5079 5083 
3 5083 3179 5099 
3 5083 5085 3179 
3 5085 3185 3179 
3 5100 5086 5082 
3 3182 5086 5100 
3 3182 3187 5086 
3 3187 5087 5086 
3 3185 5085 5088 
3 3188 3185 5088 
3 5088 3190 3188 
3 5090 3190 5088 
3 3190 5090 5091 
3 3192 3190 5091 
3 5091 3194 3192 
3 5092 3194 5091 
3 3194 5092 5093 
3 3196 3194 5093 
3 3196 5093 3198 
3 5093 5094 3198 
3 5105 5102 5101 
3 5105 5103 5102 
3 5103 5104 5102 
3 5104 5103 5106 
3 5107 5104 5106 
3 2879 5108 5109 
3 5108 5110 5109 
3 5107 5106 5109 
3 5107 5109 5110 
3 5113 5111 5112 
3 5111 5114 5112 
3 5113 5112 5115 
3 5112 5114 5115 
3 5117 2876 5105 
3 5117 2886 2876 
3 5105 2876 5103 
3 5118 5116 2876 
3 5103 2876 5116 
3 5103 5116 5119 
3 5106 5103 5119 
3 2878 5118 5120 
3 2878 2877 5118 
3 5120 5118 5109 
3 2876 2879 5118 
3 5109 5118 2879 
3 5121 5106 5119 
3 5121 5120 5106 
3 5121 5122 5120 
3 5109 5106 5120 
3 5113 5122 5121 
3 5113 5121 5111 
3 5111 5121 5123 
3 5111 5123 5124 
3 5114 5111 5124 
3 2878 5120 5125 
3 2882 2878 5125 
3 5120 5122 5126 
3 5125 5120 5126 
3 5122 5113 5115 
3 5122 5115 5126 
3 5126 5115 5127 
3 5127 5115 5114 
3 5124 5127 5114 
3 5130 5128 5129 
3 5128 5131 5132 
3 5129 5128 5132 
3 5131 5133 5132 
3 5136 5134 5135 
3 5134 5130 5129 
3 5134 5129 5135 
3 5135 5129 5137 
3 5129 5132 5137 
3 5132 5138 5137 
3 5133 5139 5140 
3 5133 5140 5132 
3 5132 5140 5138 
3 5139 5141 5140 
3 5136 5135 5142 
3 5144 5142 5135 
3 5144 5135 5143 
3 5143 5135 5137 
3 5137 5138 5143 
3 5138 5145 5143 
3 5138 5140 5145 
3 5140 5146 5145 
3 5141 5147 5148 
3 5141 5148 5140 
3 5140 5148 5146 
3 5147 5149 5150 
3 5148 5147 5150 
3 5149 5151 5150 
3 5144 5143 5152 
3 5143 5145 5153 
3 5152 5143 5153 
3 5145 5146 5154 
3 5153 5145 5154 
3 5156 5154 5146 
3 5156 5146 5155 
3 5155 5146 5148 
3 5148 5150 5155 
3 5150 5157 5155 
3 5151 5158 5159 
3 5151 5159 5150 
3 5150 5159 5157 
3 5158 5160 5161 
3 5159 5158 5161 
3 5160 5162 5161 
3 5156 5155 5163 
3 5155 5157 5164 
3 5163 5155 5164 
3 5166 5164 5157 
3 5166 5157 5165 
3 5165 5157 5159 
3 5159 5161 5165 
3 5161 5167 5165 
3 5162 5168 5169 
3 5162 5169 5161 
3 5161 5169 5167 
3 5168 5170 5171 
3 5169 5168 5171 
3 5170 5172 5171 
3 5166 5165 5173 
3 5165 5167 5174 
3 5173 5165 5174 
3 5167 5169 5175 
3 5174 5167 5175 
3 5177 5175 5169 
3 5177 5169 5176 
3 5176 5169 5171 
3 5172 5178 5179 
3 5172 5179 5171 
3 5171 5179 5176 
3 5178 5180 5181 
3 5179 5178 5181 
3 5180 5182 5181 
3 5177 5176 5183 
3 5176 5179 5184 
3 5183 5176 5184 
3 5179 5181 5185 
3 5184 5179 5185 
3 5181 5182 5185 
3 2884 2883 5117 
3 5118 5187 5186 
3 5118 5186 5116 
3 5117 2883 2886 
3 5189 5119 5116 
3 5189 5116 5188 
3 5188 5116 5186 
3 5188 5190 5191 
3 5189 5188 5191 
3 5190 5192 5191 
3 2887 5118 2877 
3 5187 5118 2887 
3 5189 5121 5119 
3 5191 5121 5189 
3 5123 5121 5191 
3 5123 5194 5124 
3 5191 5194 5123 
3 5191 5193 5194 
3 5191 5192 5193 
3 5193 5195 5196 
3 5194 5193 5196 
3 5195 5197 5196 
3 2889 2882 5198 
3 2882 5125 5198 
3 5198 5125 5199 
3 5125 5126 5199 
3 5201 5127 5200 
3 5201 5199 5127 
3 5199 5126 5127 
3 5124 5200 5127 
3 5124 5194 5200 
3 5194 5202 5200 
3 5130 5196 5128 
3 5130 5202 5196 
3 5202 5194 5196 
3 5197 5128 5196 
3 5197 5203 5128 
3 5203 5131 5128 
3 5131 5203 5204 
3 5133 5131 5204 
3 5201 5200 5205 
3 5205 5136 5206 
3 5205 5202 5136 
3 5205 5200 5202 
3 5134 5136 5202 
3 5202 5130 5134 
3 5204 5139 5133 
3 5207 5139 5204 
3 5209 5141 5139 
3 5209 5139 5208 
3 5208 5139 5207 
3 5208 5210 5209 
3 5206 5136 5142 
3 5211 5206 5142 
3 5142 5212 5211 
3 5144 5212 5142 
3 5209 5147 5141 
3 5210 5147 5209 
3 5210 5213 5147 
3 5213 5149 5147 
3 5149 5213 5214 
3 5151 5149 5214 
3 5152 5215 5216 
3 5152 5216 5144 
3 5144 5216 5212 
3 5153 5215 5152 
3 5217 5215 5153 
3 5154 5217 5153 
3 5218 5217 5154 
3 5154 5156 5218 
3 5214 5158 5151 
3 5219 5158 5214 
3 5219 5220 5158 
3 5158 5220 5160 
3 5160 5220 5221 
3 5162 5160 5221 
3 5216 5215 5222 
3 5224 5222 5215 
3 5224 5215 5223 
3 5223 5215 5217 
3 5217 5218 5223 
3 5218 5225 5223 
3 5163 5218 5156 
3 5163 5226 5218 
3 5226 5225 5218 
3 5164 5226 5163 
3 5227 5226 5164 
3 5164 5166 5227 
3 5221 5168 5162 
3 5228 5168 5221 
3 5228 5229 5168 
3 5168 5229 5170 
3 5170 5229 5230 
3 5172 5170 5230 
3 5232 5224 5223 
3 5231 5232 5223 
3 5223 5225 5231 
3 5225 5233 5231 
3 5225 5226 5233 
3 5226 5234 5233 
3 5226 5227 5234 
3 5227 5235 5234 
3 5173 5227 5166 
3 5173 5236 5227 
3 5236 5235 5227 
3 5174 5236 5173 
3 5237 5236 5174 
3 5175 5237 5174 
3 5238 5237 5175 
3 5175 5177 5238 
3 5230 5178 5172 
3 5239 5178 5230 
3 5241 5240 5180 
3 5241 5180 5239 
3 5239 5180 5178 
3 5180 5240 5182 
3 5232 5231 5242 
3 5244 5242 5231 
3 5244 5231 5243 
3 5243 5231 5233 
3 5233 5234 5243 
3 5234 5245 5243 
3 5234 5235 5245 
3 5235 5246 5245 
3 5235 5236 5246 
3 5236 5247 5246 
3 5236 5237 5247 
3 5237 5248 5247 
3 5237 5238 5248 
3 5238 5249 5248 
3 5183 5238 5177 
3 5183 5250 5238 
3 5250 5249 5238 
3 5184 5250 5183 
3 5251 5250 5184 
3 5185 5241 5184 
3 5185 5240 5241 
3 5184 5241 5251 
3 5252 5253 5241 
3 5251 5241 5253 
3 5252 4331 4332 
3 5252 4332 5253 
3 5185 5182 5240 
3 5255 5244 5243 
3 5254 5255 5243 
3 5243 5245 5254 
3 5245 5256 5254 
3 5257 5258 5256 
3 5257 5256 5246 
3 5246 5256 5245 
3 5260 5257 5246 
3 5260 5246 5259 
3 5259 5246 5247 
3 5247 5248 5259 
3 5248 5261 5259 
3 5248 5249 5261 
3 5249 5262 5261 
3 5249 5250 5262 
3 5250 5263 5262 
3 5250 5251 5263 
3 5251 5264 5263 
3 5251 5253 5264 
3 5253 5265 5264 
3 5253 4332 5265 
3 4332 4334 5265 
3 5255 5254 5266 
3 5254 5256 5267 
3 5266 5254 5267 
3 5256 5258 5267 
3 5260 5259 5268 
3 5259 5261 5269 
3 5268 5259 5269 
3 5261 5262 5270 
3 5269 5261 5270 
3 5272 5270 5262 
3 5272 5262 5271 
3 5271 5262 5263 
3 5263 5264 5271 
3 5264 5273 5271 
3 5264 5265 5273 
3 5265 5274 5273 
3 5265 4334 5274 
3 4334 4342 5274 
3 5272 5271 5275 
3 5271 5273 5276 
3 5275 5271 5276 
3 5278 5276 5273 
3 5278 5273 5277 
3 5277 5273 5274 
3 5274 4342 5277 
3 4342 4349 5277 
3 5278 5277 5279 
3 5277 4349 4359 
3 5279 5277 4359 
3 5187 2891 2890 
3 5187 2890 5186 
3 5186 2890 5280 
3 5280 5281 5186 
3 5186 5281 5188 
3 5281 5282 5188 
3 5188 5282 5190 
3 5190 5282 5283 
3 5192 5190 5283 
3 2894 5187 2887 
3 2894 5284 5187 
3 2891 5187 2893 
3 2893 5187 5284 
3 5283 5193 5192 
3 5285 5193 5283 
3 5285 5286 5193 
3 5193 5286 5195 
3 5195 5286 5287 
3 5197 5195 5287 
3 5284 2894 2889 
3 5284 2889 5288 
3 5288 2889 5198 
3 5288 5198 5289 
3 5198 5199 5289 
3 5199 5290 5289 
3 5201 5290 5199 
3 5287 5203 5197 
3 5291 5203 5287 
3 5293 5204 5203 
3 5293 5203 5292 
3 5292 5203 5291 
3 5292 5294 5293 
3 5290 5201 5205 
3 5295 5290 5205 
3 5205 5296 5295 
3 5206 5296 5205 
3 5293 5207 5204 
3 5294 5207 5293 
3 5294 5297 5207 
3 5297 5208 5207 
3 5208 5297 5298 
3 5210 5208 5298 
3 5296 5206 5211 
3 5299 5296 5211 
3 5211 5300 5299 
3 5212 5300 5211 
3 5298 5213 5210 
3 5301 5213 5298 
3 5303 5214 5213 
3 5303 5213 5302 
3 5302 5213 5301 
3 5302 5304 5303 
3 5306 5305 5300 
3 5306 5300 5216 
3 5216 5300 5212 
3 5305 5306 5307 
3 5303 5219 5214 
3 5304 5219 5303 
3 5304 5308 5219 
3 5308 5220 5219 
3 5310 5221 5220 
3 5310 5220 5309 
3 5309 5220 5308 
3 5309 5311 5310 
3 5306 5216 5222 
3 5222 5224 5313 
3 5306 5222 5313 
3 5306 5313 5312 
3 5306 5312 5307 
3 5312 5313 5314 
3 5310 5228 5221 
3 5311 5228 5310 
3 5311 5315 5228 
3 5315 5229 5228 
3 5229 5315 5316 
3 5230 5229 5316 
3 5317 5313 5224 
3 5232 5317 5224 
3 5314 5317 5318 
3 5313 5317 5314 
3 5316 5239 5230 
3 5319 5239 5316 
3 5239 5319 5320 
3 5241 5239 5320 
3 5317 5232 5242 
3 5242 5318 5317 
3 5242 5244 5318 
3 5244 5321 5318 
3 5320 5252 5241 
3 5322 5252 5320 
3 5323 4386 4331 
3 5323 4331 5322 
3 5322 4331 5252 
3 5321 5244 5324 
3 5324 5244 5255 
3 5257 5325 5258 
3 5257 5260 5325 
3 5323 4387 4386 
3 5324 5255 5266 
3 5326 5324 5266 
3 5328 5267 5327 
3 5328 5326 5267 
3 5326 5266 5267 
3 5258 5327 5267 
3 5258 5325 5327 
3 5325 5329 5327 
3 5268 5325 5260 
3 5268 5330 5325 
3 5330 5329 5325 
3 5269 5330 5268 
3 5331 5330 5269 
3 5270 5331 5269 
3 5332 5331 5270 
3 5270 5272 5332 
3 5328 5327 5333 
3 5335 5333 5327 
3 5335 5327 5334 
3 5334 5327 5329 
3 5329 5330 5334 
3 5330 5336 5334 
3 5337 5338 5336 
3 5337 5336 5331 
3 5331 5336 5330 
3 5340 5337 5331 
3 5340 5331 5339 
3 5339 5331 5332 
3 5272 5339 5332 
3 5272 5341 5339 
3 5272 5275 5341 
3 5342 5339 5341 
3 5341 5275 5343 
3 5275 5276 5343 
3 5276 5344 5343 
3 5278 5344 5276 
3 5346 5335 5334 
3 5345 5346 5334 
3 5334 5336 5345 
3 5336 5347 5345 
3 5338 5348 5349 
3 5338 5349 5336 
3 5336 5349 5347 
3 5348 5351 5349 
3 5340 5339 5350 
3 5342 5350 5339 
3 5352 5353 5354 
3 5352 5355 5353 
3 5344 5278 5279 
3 5356 5344 5279 
3 5356 5279 4398 
3 5279 4359 4398 
3 5346 5345 5357 
3 5359 5357 5345 
3 5359 5345 5358 
3 5358 5345 5347 
3 5347 5349 5358 
3 5349 5360 5358 
3 5351 5361 5362 
3 5351 5362 5349 
3 5349 5362 5360 
3 5361 5354 5353 
3 5361 5353 5362 
3 5362 5353 5363 
3 5355 5364 5365 
3 5355 5365 5353 
3 5353 5365 5363 
3 5364 5366 5367 
3 5365 5364 5367 
3 5366 5368 5367 
3 2895 5369 2890 
3 2890 5369 5280 
3 5369 5370 5280 
3 5280 5370 5281 
3 5370 5371 5281 
3 5281 5371 5282 
3 5282 5371 5372 
3 5283 5282 5372 
3 2893 5373 2897 
3 5284 5373 2893 
3 5372 5285 5283 
3 5374 5285 5372 
3 5374 5375 5285 
3 5285 5375 5286 
3 5286 5375 5376 
3 5287 5286 5376 
3 5373 5284 5288 
3 5377 5373 5288 
3 5377 5288 5378 
3 5288 5289 5378 
3 5289 5379 5378 
3 5290 5379 5289 
3 5376 5291 5287 
3 5380 5291 5376 
3 5380 5381 5291 
3 5291 5381 5292 
3 5292 5381 5382 
3 5294 5292 5382 
3 5379 5290 5295 
3 5383 5379 5295 
3 5295 5384 5383 
3 5296 5384 5295 
3 5382 5297 5294 
3 5385 5297 5382 
3 5297 5385 5386 
3 5298 5297 5386 
3 5384 5296 5299 
3 5387 5384 5299 
3 5299 5388 5387 
3 5300 5388 5299 
3 5386 5301 5298 
3 5389 5301 5386 
3 5389 5390 5301 
3 5301 5390 5302 
3 5302 5390 5391 
3 5304 5302 5391 
3 5388 5300 5305 
3 5392 5388 5305 
3 5305 5393 5392 
3 5307 5393 5305 
3 5391 5308 5304 
3 5394 5308 5391 
3 5396 5395 5309 
3 5396 5309 5394 
3 5394 5309 5308 
3 5309 5395 5311 
3 5393 5307 5312 
3 5397 5393 5312 
3 5312 5398 5397 
3 5314 5398 5312 
3 5396 5399 5395 
3 5401 5400 5315 
3 5399 5401 5315 
3 5399 5315 5311 
3 5399 5311 5395 
3 5315 5400 5316 
3 5403 5402 5398 
3 5403 5398 5318 
3 5318 5398 5314 
3 5402 5403 5404 
3 5401 5405 5400 
3 5407 5406 5319 
3 5405 5407 5319 
3 5405 5319 5316 
3 5405 5316 5400 
3 5319 5406 5320 
3 5408 5403 5318 
3 5321 5408 5318 
3 5404 5408 5409 
3 5403 5408 5404 
3 5407 5410 5406 
3 5406 5322 5320 
3 5406 5410 5322 
3 5410 5411 5322 
3 5322 5411 5412 
3 5323 5322 5412 
3 5413 5408 5321 
3 5324 5413 5321 
3 5409 5413 5414 
3 5408 5413 5409 
3 5412 4387 5323 
3 4411 4387 5412 
3 5413 5324 5326 
3 5326 5328 5416 
3 5413 5326 5416 
3 5413 5416 5415 
3 5413 5415 5414 
3 5415 5416 5417 
3 5416 5328 5333 
3 5333 5335 5419 
3 5416 5333 5419 
3 5416 5419 5418 
3 5416 5418 5417 
3 5418 5421 5420 
3 5419 5421 5418 
3 5338 5420 5421 
3 5338 5337 5420 
3 5337 5422 5420 
3 5424 5337 5340 
3 5424 5423 5337 
3 5423 5422 5337 
3 5342 5423 5424 
3 5342 5341 5423 
3 5341 5425 5423 
3 5427 5343 5426 
3 5427 5425 5343 
3 5425 5341 5343 
3 5343 5344 5426 
3 5428 5419 5335 
3 5346 5428 5335 
3 5419 5428 5421 
3 5421 5428 5429 
3 5348 5338 5421 
3 5348 5421 5430 
3 5430 5421 5429 
3 5340 5350 5424 
3 5348 5430 5351 
3 5350 5342 5424 
3 5354 5431 5352 
3 5427 5426 5432 
3 5431 5355 5352 
3 5434 5356 5433 
3 5432 5356 5434 
3 5432 5344 5356 
3 5432 5426 5344 
3 4398 5433 5356 
3 4422 5433 4398 
3 5428 5346 5357 
3 5357 5359 5435 
3 5357 5435 5428 
3 5428 5435 5429 
3 5429 5435 5430 
3 5430 5435 5436 
3 5361 5351 5430 
3 5361 5430 5437 
3 5437 5430 5436 
3 5437 5439 5438 
3 5361 5437 5438 
3 5361 5438 5431 
3 5361 5431 5354 
3 5441 5440 5364 
3 5438 5441 5364 
3 5438 5364 5355 
3 5438 5355 5431 
3 5366 5364 5440 
3 5366 5440 5443 
3 5442 5434 5433 
3 5433 4422 4427 
3 5433 4427 5442 
3 5443 5368 5366 
3 5446 5444 5445 
3 5444 5447 5448 
3 5445 5444 5448 
3 5447 5449 5448 
3 5445 2901 5446 
3 5445 5369 2901 
3 5369 2895 2901 
3 5448 5369 5445 
3 5370 5369 5448 
3 5449 5370 5448 
3 5449 5450 5370 
3 5450 5371 5370 
3 5452 5372 5371 
3 5452 5371 5451 
3 5451 5371 5450 
3 5451 5453 5452 
3 2897 5454 2903 
3 5373 5454 2897 
3 5452 5374 5372 
3 5453 5374 5452 
3 5453 5455 5374 
3 5455 5375 5374 
3 5375 5455 5456 
3 5376 5375 5456 
3 5454 5373 5377 
3 5457 5454 5377 
3 5459 5378 5458 
3 5459 5457 5378 
3 5457 5377 5378 
3 5378 5379 5458 
3 5456 5380 5376 
3 5460 5380 5456 
3 5460 5461 5380 
3 5380 5461 5381 
3 5381 5461 5462 
3 5382 5381 5462 
3 5459 5458 5463 
3 5458 5379 5383 
3 5458 5383 5463 
3 5463 5383 5464 
3 5383 5465 5464 
3 5384 5465 5383 
3 5462 5385 5382 
3 5466 5385 5462 
3 5385 5466 5467 
3 5386 5385 5467 
3 5465 5384 5387 
3 5468 5465 5387 
3 5470 5387 5388 
3 5470 5469 5387 
3 5469 5468 5387 
3 5469 5470 5471 
3 5467 5389 5386 
3 5472 5389 5467 
3 5474 5473 5390 
3 5474 5390 5472 
3 5472 5390 5389 
3 5390 5473 5391 
3 5470 5388 5392 
3 5392 5393 5476 
3 5470 5392 5476 
3 5470 5476 5475 
3 5470 5475 5471 
3 5475 5476 5477 
3 5474 5478 5473 
3 5473 5394 5391 
3 5473 5478 5394 
3 5478 5479 5394 
3 5394 5479 5480 
3 5396 5394 5480 
3 5476 5393 5397 
3 5397 5398 5482 
3 5476 5397 5482 
3 5476 5482 5481 
3 5476 5481 5477 
3 5481 5482 5483 
3 5480 5399 5396 
3 5484 5399 5480 
3 5399 5484 5485 
3 5401 5399 5485 
3 5482 5398 5402 
3 5402 5483 5482 
3 5402 5404 5483 
3 5404 5486 5483 
3 5485 5405 5401 
3 5487 5405 5485 
3 5405 5487 5488 
3 5407 5405 5488 
3 5490 5489 5486 
3 5490 5486 5409 
3 5409 5486 5404 
3 5489 5490 5491 
3 5488 5410 5407 
3 5492 5410 5488 
3 5494 5493 5411 
3 5494 5411 5492 
3 5492 5411 5410 
3 5411 5493 5412 
3 5495 5490 5409 
3 5414 5495 5409 
3 5491 5497 5496 
3 5491 5490 5497 
3 5490 5495 5497 
3 5496 5497 5498 
3 5494 5499 5493 
3 5493 4411 5412 
3 5493 5499 4411 
3 5499 4435 4411 
3 5495 5414 5415 
3 5415 5417 5500 
3 5415 5500 5495 
3 5495 5500 5497 
3 5498 5502 5501 
3 5498 5497 5502 
3 5497 5500 5502 
3 5501 5502 5503 
3 5500 5417 5418 
3 5502 5500 5418 
3 5420 5502 5418 
3 5503 5502 5420 
3 5503 5420 5504 
3 5504 5420 5422 
3 5504 5422 5505 
3 5422 5423 5505 
3 5507 5425 5506 
3 5507 5505 5425 
3 5505 5423 5425 
3 5425 5427 5506 
3 5507 5506 5508 
3 5506 5427 5432 
3 5506 5432 5508 
3 5508 5432 5509 
3 5432 5510 5509 
3 5434 5510 5432 
3 5438 5439 5511 
3 5511 5441 5438 
3 5510 5434 5442 
3 5510 5442 5512 
3 5512 5442 4449 
3 5442 4427 4449 
3 5446 5514 5513 
3 5444 5446 5513 
3 5513 5515 5444 
3 5444 5515 5447 
3 5517 5449 5447 
3 5517 5447 5516 
3 5516 5447 5515 
3 5516 5518 5519 
3 5517 5516 5519 
3 5518 5520 5519 
3 2905 5446 2901 
3 5514 5446 2905 
3 5517 5450 5449 
3 5519 5450 5517 
3 5451 5450 5519 
3 5451 5519 5520 
3 5451 5520 5453 
3 5453 5520 5521 
3 2903 5522 2907 
3 5454 5522 2903 
3 5521 5455 5453 
3 5523 5455 5521 
3 5525 5456 5455 
3 5525 5455 5524 
3 5524 5455 5523 
3 5524 5526 5525 
3 5522 5454 5457 
3 5527 5522 5457 
3 5457 5528 5527 
3 5459 5528 5457 
3 5525 5460 5456 
3 5526 5460 5525 
3 5526 5529 5460 
3 5529 5461 5460 
3 5461 5529 5530 
3 5462 5461 5530 
3 5528 5459 5463 
3 5531 5528 5463 
3 5531 5463 5532 
3 5463 5464 5532 
3 5464 5533 5532 
3 5465 5533 5464 
3 5530 5466 5462 
3 5534 5466 5530 
3 5466 5534 5535 
3 5467 5466 5535 
3 5533 5465 5468 
3 5536 5533 5468 
3 5536 5468 5537 
3 5468 5469 5537 
3 5469 5538 5537 
3 5471 5538 5469 
3 5535 5472 5467 
3 5539 5472 5535 
3 5472 5539 5540 
3 5474 5472 5540 
3 5538 5471 5475 
3 5541 5538 5475 
3 5475 5542 5541 
3 5477 5542 5475 
3 5540 5478 5474 
3 5543 5478 5540 
3 5543 5544 5478 
3 5478 5544 5479 
3 5479 5544 5545 
3 5480 5479 5545 
3 5542 5477 5481 
3 5546 5542 5481 
3 5481 5547 5546 
3 5483 5547 5481 
3 5545 5484 5480 
3 5548 5484 5545 
3 5484 5548 5549 
3 5485 5484 5549 
3 5551 5550 5547 
3 5551 5547 5486 
3 5486 5547 5483 
3 5550 5551 5552 
3 5549 5487 5485 
3 5553 5487 5549 
3 5487 5553 5554 
3 5488 5487 5554 
3 5551 5486 5489 
3 5489 5552 5551 
3 5489 5491 5552 
3 5491 5555 5552 
3 5554 5492 5488 
3 5556 5492 5554 
3 5558 5494 5492 
3 5558 5492 5557 
3 5557 5492 5556 
3 5557 5559 5558 
3 5555 5491 5496 
3 5560 5555 5496 
3 5496 5561 5560 
3 5498 5561 5496 
3 5558 5499 5494 
3 5559 5499 5558 
3 5559 4456 5499 
3 4456 4435 5499 
3 5561 5498 5501 
3 5562 5561 5501 
3 5564 5501 5503 
3 5564 5563 5501 
3 5563 5562 5501 
3 5563 5564 5565 
3 5564 5503 5504 
3 5565 5564 5504 
3 5565 5504 5566 
3 5566 5504 5505 
3 5568 5505 5507 
3 5568 5567 5505 
3 5567 5566 5505 
3 5567 5568 5569 
3 5568 5507 5508 
3 5569 5568 5508 
3 5569 5508 5570 
3 5570 5508 5509 
3 5509 5571 5570 
3 5510 5571 5509 
3 5512 5572 5571 
3 5512 5571 5510 
3 5572 5512 4470 
3 5512 4449 4470 
3 5514 1235 1234 
3 5513 5514 1234 
3 1234 1237 5513 
3 5513 1237 5515 
3 1237 1239 5515 
3 5515 1239 5516 
3 1241 5573 5518 
3 1241 5518 1239 
3 1239 5518 5516 
3 5518 5573 5520 
3 2908 5514 2905 
3 2908 1244 5514 
3 1244 1235 5514 
3 1241 1246 5573 
3 5573 5521 5520 
3 5573 1248 5521 
3 5573 1246 1248 
3 1248 5574 5521 
3 1248 1250 5574 
3 2907 1244 2908 
3 2907 5522 1244 
3 5522 1252 1244 
3 5574 5523 5521 
3 1250 5523 5574 
3 1250 1254 5523 
3 1254 5524 5523 
3 5575 5526 5524 
3 5575 5524 1256 
3 1256 5524 1254 
3 1256 1258 5575 
3 1260 5576 2909 
3 1260 5522 5576 
3 1260 1252 5522 
3 5522 5527 5576 
3 5527 5528 5576 
3 5575 5529 5526 
3 5529 5577 5530 
3 5575 5577 5529 
3 5575 1262 5577 
3 5575 1258 1262 
3 1262 1264 5577 
3 2909 5576 2910 
3 5576 5578 2910 
3 5528 5578 5576 
3 5528 1266 5578 
3 5528 5531 1266 
3 1268 5578 1266 
3 1266 5531 1270 
3 5531 5532 1270 
3 5579 5532 5533 
3 5579 1272 5532 
3 1272 1270 5532 
3 1272 5579 1274 
3 5577 5534 5530 
3 5534 5580 5535 
3 5577 5580 5534 
3 5577 1276 5580 
3 5577 1264 1276 
3 1276 1278 5580 
3 2910 5578 1282 
3 1280 2910 1282 
3 5578 1268 1282 
3 5579 5533 5536 
3 1274 5579 5536 
3 1274 5536 1285 
3 1285 5536 5537 
3 5581 5537 5538 
3 5581 1287 5537 
3 1287 1285 5537 
3 1287 5581 1289 
3 5580 5539 5535 
3 5539 5580 1278 
3 5539 1278 5540 
3 5540 1278 1292 
3 5581 5538 5541 
3 5541 5542 5582 
3 5581 5541 5582 
3 5581 5582 1297 
3 5581 1297 1289 
3 1297 5582 1299 
3 1292 5543 5540 
3 1300 5543 1292 
3 1300 1302 5543 
3 5543 1302 5544 
3 5544 1302 1304 
3 5545 5544 1304 
3 5582 5542 5546 
3 5546 5547 5583 
3 5582 5546 5583 
3 5582 5583 1306 
3 5582 1306 1299 
3 1306 5583 1308 
3 1304 5548 5545 
3 1310 5548 1304 
3 5548 1310 1313 
3 5549 5548 1313 
3 5583 5547 5550 
3 5550 1308 5583 
3 5550 5552 1308 
3 5552 1317 1308 
3 1313 5553 5549 
3 1319 5553 1313 
3 5553 1319 1322 
3 5554 5553 1322 
3 5584 1326 1317 
3 5584 1317 5555 
3 5555 1317 5552 
3 1326 5584 1329 
3 1322 5556 5554 
3 1331 5556 1322 
3 1331 1332 5556 
3 5556 1332 5557 
3 5557 1332 1335 
3 5559 5557 1335 
3 5584 5555 5560 
3 5560 5561 5585 
3 5584 5560 5585 
3 5584 5585 1336 
3 5584 1336 1329 
3 1336 5586 1338 
3 5585 5586 1336 
3 1338 5586 1340 
3 1335 4456 5559 
3 1341 4456 1335 
3 5585 5561 5562 
3 5586 5585 5562 
3 5563 5586 5562 
3 5563 5565 5587 
3 5586 5563 5587 
3 5586 5587 1343 
3 5586 1343 1340 
3 1343 5587 1346 
3 5587 5565 5566 
3 1346 5587 5566 
3 1346 5566 1348 
3 1348 5566 5567 
3 5588 5567 5569 
3 5588 1350 5567 
3 1350 1348 5567 
3 1350 5588 1353 
3 5588 5569 5570 
3 5570 5571 5589 
3 5588 5570 5589 
3 5588 5589 1355 
3 5588 1355 1353 
3 1355 4477 1357 
3 5589 4477 1355 
3 5589 5571 5572 
3 4477 5589 5572 
3 4470 4477 5572 
3 2522 5591 5590 
3 2520 2522 5590 
3 2520 5590 5592 
3 2523 2520 5592 
3 2525 5594 5593 
3 2524 2525 5593 
3 5593 5595 2524 
3 2524 5595 2526 
3 5595 2522 2526 
3 5591 2522 5595 
3 5592 2527 2523 
3 5596 2527 5592 
3 2527 5596 5597 
3 2529 2527 5597 
3 5594 2525 4481 
3 4481 2525 2367 
3 4483 5597 5598 
3 4483 2370 5597 
3 2370 2529 5597 
3 5598 4485 4483 
3 5601 5599 5600 
3 5599 5602 5603 
3 5600 5599 5603 
3 5591 5603 5602 
3 5591 5602 5590 
3 5590 5602 5604 
3 5590 5604 5605 
3 5592 5590 5605 
3 5600 5593 5594 
3 5600 5594 5601 
3 5601 5594 5606 
3 5603 5593 5600 
3 5595 5593 5603 
3 5603 5591 5595 
3 5605 5596 5592 
3 5607 5596 5605 
3 5596 5607 5608 
3 5597 5596 5608 
3 5606 5594 4547 
3 4547 5594 4481 
3 5608 5598 5597 
3 5609 5598 5608 
3 5598 5609 4550 
3 4485 5598 4550 
3 5601 5611 5610 
3 5599 5601 5610 
3 5610 5612 5599 
3 5599 5612 5602 
3 5612 5613 5602 
3 5602 5613 5604 
3 5604 5613 5614 
3 5605 5604 5614 
3 5611 5601 5615 
3 5615 5601 5606 
3 5614 5607 5605 
3 5616 5607 5614 
3 5607 5616 5617 
3 5608 5607 5617 
3 5615 5606 4611 
3 4611 5606 4547 
3 5617 5609 5608 
3 5618 5609 5617 
3 4613 4550 5609 
3 4613 5609 5619 
3 5619 5609 5618 
3 5619 4615 4613 
3 5622 5620 5621 
3 5620 5623 5621 
3 5611 5625 5624 
3 5610 5611 5624 
3 5624 5626 5610 
3 5610 5626 5612 
3 5621 5626 5622 
3 5621 5613 5626 
3 5613 5612 5626 
3 5613 5621 5623 
3 5613 5623 5614 
3 5614 5623 5627 
3 5625 5611 5628 
3 5628 5611 5615 
3 5627 5616 5614 
3 5629 5616 5627 
3 5631 5617 5616 
3 5631 5616 5630 
3 5630 5616 5629 
3 5630 5632 5631 
3 5628 5615 4667 
3 4667 5615 4611 
3 5631 5618 5617 
3 5632 5618 5631 
3 5632 5633 5618 
3 5633 5619 5618 
3 5619 5633 4670 
3 4615 5619 4670 
3 5636 5634 5635 
3 5622 5635 5634 
3 5622 5634 5620 
3 5620 5634 5637 
3 5620 5637 5638 
3 5623 5620 5638 
3 5625 5640 5639 
3 5624 5625 5639 
3 5635 5639 5636 
3 5635 5626 5639 
3 5626 5624 5639 
3 5635 5622 5626 
3 5638 5641 5623 
3 5641 5627 5623 
3 5640 5625 5642 
3 5642 5625 5628 
3 5641 5629 5627 
3 5643 5629 5641 
3 5643 5644 5629 
3 5629 5644 5630 
3 5630 5644 5645 
3 5632 5630 5645 
3 5642 5628 4714 
3 4714 5628 4667 
3 5645 5633 5632 
3 5646 5633 5645 
3 4720 4670 5633 
3 4720 5633 5647 
3 5647 5633 5646 
3 5647 4722 4720 
3 5650 5648 5649 
3 5648 5651 5652 
3 5649 5648 5652 
3 5636 5652 5651 
3 5636 5651 5634 
3 5634 5651 5653 
3 5653 5654 5634 
3 5634 5654 5637 
3 5637 5654 5655 
3 5638 5637 5655 
3 5650 5649 5656 
3 5656 5640 5657 
3 5656 5652 5640 
3 5656 5649 5652 
3 5639 5640 5652 
3 5652 5636 5639 
3 5659 5655 5658 
3 5659 5641 5655 
3 5641 5638 5655 
3 5658 5660 5659 
3 5662 5661 5657 
3 5662 5657 5642 
3 5642 5657 5640 
3 5661 5662 5663 
3 5659 5643 5641 
3 5660 5643 5659 
3 5660 5664 5643 
3 5664 5644 5643 
3 5644 5664 5665 
3 5645 5644 5665 
3 5666 5662 5642 
3 5666 5642 4764 
3 4764 5642 4714 
3 5662 5666 5663 
3 5665 5646 5645 
3 5667 5646 5665 
3 5667 5668 5646 
3 5646 5668 5647 
3 4771 4722 5647 
3 4771 5647 5669 
3 5669 5647 5668 
3 5669 4773 4771 
3 5672 5670 5671 
3 5670 5673 5674 
3 5671 5670 5674 
3 5673 5675 5674 
3 5648 5650 5676 
3 5651 5648 5676 
3 5677 5651 5676 
3 5677 5678 5672 
3 5677 5672 5653 
3 5677 5653 5651 
3 5653 5672 5671 
3 5674 5653 5671 
3 5654 5653 5674 
3 5654 5680 5655 
3 5674 5680 5654 
3 5674 5679 5680 
3 5674 5675 5679 
3 5679 5681 5680 
3 5676 5650 5656 
3 5682 5677 5676 
3 5682 5676 5657 
3 5682 5657 5683 
3 5657 5676 5656 
3 5677 5682 5678 
3 5680 5658 5655 
3 5658 5685 5660 
3 5680 5685 5658 
3 5680 5684 5685 
3 5680 5681 5684 
3 5684 5686 5685 
3 5661 5687 5688 
3 5661 5688 5657 
3 5657 5688 5683 
3 5661 5663 5687 
3 5685 5664 5660 
3 5664 5690 5665 
3 5685 5690 5664 
3 5685 5689 5690 
3 5685 5686 5689 
3 5689 5691 5690 
3 5687 5692 5688 
3 5666 4764 4804 
3 5692 5663 5693 
3 5692 5687 5663 
3 5693 5663 4805 
3 5666 4804 5663 
3 4805 5663 4804 
3 5693 4805 4807 
3 5690 5667 5665 
3 5691 5667 5690 
3 5691 5694 5667 
3 5694 5668 5667 
3 5694 5695 5668 
3 5668 5695 5669 
3 5669 5695 4811 
3 4773 5669 4811 
3 5672 5697 5696 
3 5670 5672 5696 
3 5696 5698 5670 
3 5670 5698 5673 
3 5700 5675 5673 
3 5700 5673 5699 
3 5699 5673 5698 
3 5699 5701 5700 
3 5704 5702 5703 
3 5702 5678 5703 
3 5702 5697 5678 
3 5697 5672 5678 
3 5700 5679 5675 
3 5679 5700 5701 
3 5679 5701 5681 
3 5681 5701 5705 
3 5703 5706 5704 
3 5682 5683 5707 
3 5707 5678 5682 
3 5707 5708 5678 
3 5703 5678 5706 
3 5706 5678 5708 
3 5705 5684 5681 
3 5709 5684 5705 
3 5684 5709 5710 
3 5686 5684 5710 
3 5711 5707 5683 
3 5688 5711 5683 
3 5708 5711 5712 
3 5707 5711 5708 
3 5710 5689 5686 
3 5713 5689 5710 
3 5715 5691 5689 
3 5715 5689 5714 
3 5714 5689 5713 
3 5714 5716 5715 
3 5711 5688 5692 
3 5712 5711 5692 
3 5712 5692 5717 
3 5717 5692 5693 
3 4844 5693 4807 
3 4844 5718 5693 
3 5718 5717 5693 
3 5718 4844 4846 
3 5715 5694 5691 
3 5716 5694 5715 
3 5716 5719 5694 
3 5719 5695 5694 
3 4850 4811 5695 
3 4850 5695 5720 
3 5720 5695 5719 
3 5720 4852 4850 
3 5723 5721 5722 
3 5721 5724 5722 
3 5697 5726 5725 
3 5696 5697 5725 
3 5722 5725 5723 
3 5722 5698 5725 
3 5698 5696 5725 
3 5724 5698 5722 
3 5724 5727 5698 
3 5727 5699 5698 
3 5699 5727 5728 
3 5701 5699 5728 
3 5704 5730 5729 
3 5702 5704 5729 
3 5729 5697 5702 
3 5726 5697 5729 
3 5732 5728 5731 
3 5732 5705 5728 
3 5705 5701 5728 
3 5731 5733 5732 
3 5730 5704 5706 
3 5734 5730 5706 
3 5706 5735 5734 
3 5708 5735 5706 
3 5732 5709 5705 
3 5709 5737 5710 
3 5732 5737 5709 
3 5732 5736 5737 
3 5732 5733 5736 
3 5736 5738 5737 
3 5740 5739 5735 
3 5740 5735 5712 
3 5712 5735 5708 
3 5739 5740 5741 
3 5737 5713 5710 
3 5738 5713 5737 
3 5738 5742 5713 
3 5742 5714 5713 
3 5714 5742 5743 
3 5716 5714 5743 
3 5740 5712 5717 
3 5741 5740 5717 
3 5741 5717 5744 
3 5744 5717 5718 
3 4884 5718 4846 
3 4884 5745 5718 
3 5745 5744 5718 
3 5745 4884 4886 
3 5743 5719 5716 
3 5746 5719 5743 
3 5746 5747 5719 
3 5719 5747 5720 
3 5720 5747 4889 
3 4852 5720 4889 
3 5721 5723 5748 
3 5721 5748 5724 
3 5751 5749 5750 
3 5726 5750 5749 
3 5726 5749 5725 
3 5725 5749 5752 
3 5723 5753 5748 
3 5723 5725 5753 
3 5725 5752 5753 
3 5748 5727 5724 
3 5748 5753 5727 
3 5753 5754 5727 
3 5727 5754 5755 
3 5728 5727 5755 
3 5750 5729 5730 
3 5750 5730 5751 
3 5751 5730 5756 
3 5750 5726 5729 
3 5755 5731 5728 
3 5757 5731 5755 
3 5731 5757 5758 
3 5733 5731 5758 
3 5756 5730 5734 
3 5759 5756 5734 
3 5734 5760 5759 
3 5735 5760 5734 
3 5758 5736 5733 
3 5761 5736 5758 
3 5763 5738 5736 
3 5763 5736 5762 
3 5762 5736 5761 
3 5762 5764 5763 
3 5760 5735 5739 
3 5765 5760 5739 
3 5767 5739 5741 
3 5767 5766 5739 
3 5766 5765 5739 
3 5766 5767 5768 
3 5763 5742 5738 
3 5742 5763 5764 
3 5742 5764 5743 
3 5743 5764 5769 
3 5767 5741 5744 
3 5768 5767 5744 
3 5768 5744 5770 
3 5770 5744 5745 
3 4919 5745 4886 
3 4919 5771 5745 
3 5771 5770 5745 
3 5771 4919 4922 
3 5769 5746 5743 
3 5772 5746 5769 
3 5772 5773 5746 
3 5746 5773 5747 
3 5747 5773 4925 
3 4889 5747 4925 
3 5776 5774 5775 
3 5774 5777 5775 
3 5749 5751 5778 
3 5778 5780 5779 
3 5778 5779 5749 
3 5749 5779 5752 
3 5779 5781 5752 
3 5752 5781 5753 
3 5775 5781 5776 
3 5775 5754 5781 
3 5754 5753 5781 
3 5754 5783 5755 
3 5775 5783 5754 
3 5775 5782 5783 
3 5775 5777 5782 
3 5782 5784 5783 
3 5785 5778 5751 
3 5756 5785 5751 
3 5780 5785 5786 
3 5778 5785 5780 
3 5783 5757 5755 
3 5757 5788 5758 
3 5783 5788 5757 
3 5783 5787 5788 
3 5783 5784 5787 
3 5787 5789 5788 
3 5785 5756 5759 
3 5759 5760 5791 
3 5785 5759 5791 
3 5785 5791 5790 
3 5785 5790 5786 
3 5790 5791 5792 
3 5788 5761 5758 
3 5789 5761 5788 
3 5789 5793 5761 
3 5793 5762 5761 
3 5762 5793 5794 
3 5764 5762 5794 
3 5791 5760 5765 
3 5792 5791 5765 
3 5792 5765 5795 
3 5795 5765 5766 
3 5797 5766 5768 
3 5797 5796 5766 
3 5796 5795 5766 
3 5796 5797 5798 
3 5800 5794 5799 
3 5800 5769 5794 
3 5769 5764 5794 
3 5799 5801 5800 
3 5797 5768 5770 
3 5798 5797 5770 
3 5798 5770 5802 
3 5802 5770 5771 
3 4951 5771 4922 
3 4951 5803 5771 
3 5803 5802 5771 
3 5803 4951 4954 
3 5800 5772 5769 
3 5801 5772 5800 
3 5801 5804 5772 
3 5804 5773 5772 
3 5773 5804 4957 
3 4925 5773 4957 
3 5776 5806 5805 
3 5774 5776 5805 
3 5808 5777 5774 
3 5808 5774 5807 
3 5807 5774 5805 
3 5807 5809 5808 
3 5780 5811 5810 
3 5779 5780 5810 
3 5810 5812 5779 
3 5779 5812 5781 
3 5812 5776 5781 
3 5806 5776 5812 
3 5808 5782 5777 
3 5782 5808 5809 
3 5782 5809 5784 
3 5784 5809 5813 
3 5815 5814 5811 
3 5815 5811 5786 
3 5786 5811 5780 
3 5814 5815 5816 
3 5813 5787 5784 
3 5817 5787 5813 
3 5787 5817 5818 
3 5789 5787 5818 
3 5815 5786 5790 
3 5790 5792 5820 
3 5815 5790 5820 
3 5815 5820 5819 
3 5815 5819 5816 
3 5819 5822 5821 
3 5820 5822 5819 
3 5821 5822 5823 
3 5818 5793 5789 
3 5824 5793 5818 
3 5793 5824 5825 
3 5794 5793 5825 
3 5820 5792 5795 
3 5822 5820 5795 
3 5796 5822 5795 
3 5796 5798 5827 
3 5822 5796 5827 
3 5822 5827 5826 
3 5822 5826 5823 
3 5826 5827 5828 
3 5825 5799 5794 
3 5829 5799 5825 
3 5831 5801 5799 
3 5831 5799 5830 
3 5830 5799 5829 
3 5830 5832 5831 
3 5827 5798 5802 
3 5828 5827 5802 
3 5828 5802 5833 
3 5833 5802 5803 
3 4982 5803 4954 
3 4982 5834 5803 
3 5834 5833 5803 
3 5834 4982 4983 
3 5831 5804 5801 
3 5804 4985 4957 
3 5831 4985 5804 
3 5831 5835 4985 
3 5831 5832 5835 
3 5835 4987 4985 
3 5838 5836 5837 
3 5836 5839 5837 
3 5838 5837 5840 
3 5841 5805 5806 
3 5841 5806 5842 
3 5840 5837 5839 
3 5841 5843 5805 
3 5805 5843 5807 
3 5807 5843 5844 
3 5809 5807 5844 
3 5811 5846 5845 
3 5810 5811 5845 
3 5845 5847 5810 
3 5810 5847 5812 
3 5847 5806 5812 
3 5842 5806 5847 
3 5849 5844 5848 
3 5849 5813 5844 
3 5813 5809 5844 
3 5848 5850 5849 
3 5846 5811 5814 
3 5851 5846 5814 
3 5814 5852 5851 
3 5816 5852 5814 
3 5849 5817 5813 
3 5817 5854 5818 
3 5849 5854 5817 
3 5849 5853 5854 
3 5849 5850 5853 
3 5853 5855 5854 
3 5852 5816 5819 
3 5856 5852 5819 
3 5856 5819 5857 
3 5819 5821 5857 
3 5859 5821 5823 
3 5859 5858 5821 
3 5858 5857 5821 
3 5858 5859 5860 
3 5854 5824 5818 
3 5824 5862 5825 
3 5854 5862 5824 
3 5854 5861 5862 
3 5854 5855 5861 
3 5861 5863 5862 
3 5859 5823 5826 
3 5826 5828 5865 
3 5859 5826 5865 
3 5859 5865 5864 
3 5859 5864 5860 
3 5864 5865 5866 
3 5862 5829 5825 
3 5863 5829 5862 
3 5863 5867 5829 
3 5867 5830 5829 
3 5830 5867 5868 
3 5832 5830 5868 
3 5865 5828 5833 
3 5866 5865 5833 
3 5866 5833 5869 
3 5869 5833 5834 
3 5834 5015 5869 
3 4983 5015 5834 
3 5868 5835 5832 
3 5870 5835 5868 
3 5835 5870 5018 
3 4987 5835 5018 
3 5871 5873 5872 
3 5873 5875 5836 
3 5873 5836 5874 
3 5873 5874 5872 
3 5874 5836 5838 
3 5836 5875 5876 
3 5839 5836 5876 
3 5878 5874 5877 
3 5874 5838 5840 
3 5874 5840 5877 
3 5877 5840 5879 
3 5881 5880 5841 
3 5881 5841 5842 
3 5876 5879 5839 
3 5839 5879 5840 
3 5880 5882 5841 
3 5841 5882 5843 
3 5843 5882 5883 
3 5844 5843 5883 
3 5845 5846 5884 
3 5847 5845 5884 
3 5885 5847 5884 
3 5885 5842 5847 
3 5885 5886 5842 
3 5886 5881 5842 
3 5883 5848 5844 
3 5887 5848 5883 
3 5889 5850 5848 
3 5889 5848 5888 
3 5888 5848 5887 
3 5888 5890 5889 
3 5884 5846 5851 
3 5851 5852 5891 
3 5851 5891 5884 
3 5884 5891 5885 
3 5886 5893 5892 
3 5886 5885 5893 
3 5885 5891 5893 
3 5892 5893 5894 
3 5889 5853 5850 
3 5853 5896 5855 
3 5889 5896 5853 
3 5889 5895 5896 
3 5889 5890 5895 
3 5895 5897 5896 
3 5891 5852 5856 
3 5893 5891 5856 
3 5857 5893 5856 
3 5894 5893 5857 
3 5894 5857 5898 
3 5898 5857 5858 
3 5900 5858 5860 
3 5900 5899 5858 
3 5899 5898 5858 
3 5899 5900 5901 
3 5896 5861 5855 
3 5861 5903 5863 
3 5896 5903 5861 
3 5896 5902 5903 
3 5896 5897 5902 
3 5902 5904 5903 
3 5900 5860 5864 
3 5864 5866 5906 
3 5900 5864 5906 
3 5900 5906 5905 
3 5900 5905 5901 
3 5905 5906 5907 
3 5903 5867 5863 
3 5867 5903 5904 
3 5867 5904 5868 
3 5868 5904 5908 
3 5906 5866 5869 
3 5869 5015 5042 
3 5906 5869 5042 
3 5906 5042 5909 
3 5906 5909 5907 
3 5909 5042 5045 
3 5908 5870 5868 
3 5910 5870 5908 
3 5870 5910 5048 
3 5018 5870 5048 
3 5913 5876 5875 
3 5913 5875 5912 
3 5912 5875 5911 
3 5912 5914 5915 
3 5913 5912 5915 
3 5914 5916 5915 
3 5879 5913 5917 
3 5879 5876 5913 
3 5917 5913 5918 
3 5880 5881 5913 
3 5918 5913 5881 
3 5915 5880 5913 
3 5882 5880 5915 
3 5882 5920 5883 
3 5915 5920 5882 
3 5915 5919 5920 
3 5915 5916 5919 
3 5919 5921 5920 
3 5924 5922 5923 
3 5922 5886 5923 
3 5922 5918 5886 
3 5918 5881 5886 
3 5920 5887 5883 
3 5921 5887 5920 
3 5921 5925 5887 
3 5925 5888 5887 
3 5888 5925 5926 
3 5890 5888 5926 
3 5924 5923 5927 
3 5923 5886 5892 
3 5923 5892 5927 
3 5927 5892 5928 
3 5930 5892 5894 
3 5930 5929 5892 
3 5929 5928 5892 
3 5929 5930 5931 
3 5926 5895 5890 
3 5932 5895 5926 
3 5934 5897 5895 
3 5934 5895 5933 
3 5933 5895 5932 
3 5933 5935 5934 
3 5930 5894 5898 
3 5930 5898 5899 
3 5930 5899 5937 
3 5930 5937 5931 
3 5936 5937 5899 
3 5899 5901 5936 
3 5934 5902 5897 
3 5902 5934 5935 
3 5902 5935 5904 
3 5904 5935 5938 
3 5937 5936 5939 
3 5936 5901 5905 
3 5936 5905 5939 
3 5939 5905 5940 
3 5905 5941 5940 
3 5907 5941 5905 
3 5943 5938 5942 
3 5943 5908 5938 
3 5908 5904 5938 
3 5942 5944 5943 
3 5941 5907 5909 
3 5945 5941 5909 
3 5909 5071 5945 
3 5045 5071 5909 
3 5943 5910 5908 
3 5910 5073 5048 
3 5943 5073 5910 
3 5943 5946 5073 
3 5943 5944 5946 
3 5946 5076 5073 
3 5947 5949 5950 
3 5948 5947 5950 
3 5949 5951 5950 
3 5951 5912 5950 
3 5951 5952 5912 
3 5952 5914 5912 
3 5914 5952 5953 
3 5916 5914 5953 
3 5954 5955 5956 
3 5953 5919 5916 
3 5957 5919 5953 
3 5919 5957 5958 
3 5921 5919 5958 
3 5924 5960 5959 
3 5922 5924 5959 
3 5918 5961 5955 
3 5918 5922 5961 
3 5922 5959 5961 
3 5955 5961 5956 
3 5958 5925 5921 
3 5962 5925 5958 
3 5925 5962 5963 
3 5926 5925 5963 
3 5960 5924 5927 
3 5964 5960 5927 
3 5964 5927 5965 
3 5927 5928 5965 
3 5965 5928 5966 
3 5928 5929 5966 
3 5929 5967 5966 
3 5931 5967 5929 
3 5963 5932 5926 
3 5968 5932 5963 
3 5968 5969 5932 
3 5932 5969 5933 
3 5971 5935 5933 
3 5971 5933 5970 
3 5970 5933 5969 
3 5970 5972 5971 
3 5974 5973 5967 
3 5974 5967 5937 
3 5937 5967 5931 
3 5973 5974 5975 
3 5976 5935 5971 
3 5938 5935 5976 
3 5972 5977 5978 
3 5972 5978 5971 
3 5971 5978 5976 
3 5977 5979 5978 
3 5974 5937 5939 
3 5975 5974 5939 
3 5975 5939 5980 
3 5980 5939 5940 
3 5940 5981 5980 
3 5941 5981 5940 
3 5976 5942 5938 
3 5942 5982 5944 
3 5942 5976 5982 
3 5976 5978 5982 
3 5979 5983 5982 
3 5978 5979 5982 
3 5981 5941 5945 
3 5984 5981 5945 
3 5095 5945 5071 
3 5095 5985 5945 
3 5985 5984 5945 
3 5985 5095 3163 
3 5982 5946 5944 
3 5946 5097 5076 
3 5982 5097 5946 
3 5982 5986 5097 
3 5982 5983 5986 
3 5986 3169 5097 
3 4518 5987 2402 
3 2402 5987 4290 
3 5989 4292 4290 
3 5989 4290 5988 
3 5988 4290 5987 
3 5988 5990 5989 
3 5989 4293 4292 
3 4293 5992 4294 
3 5989 5992 4293 
3 5989 5991 5992 
3 5989 5990 5991 
3 5991 5993 5992 
3 5992 4295 4294 
3 4295 5995 4296 
3 5992 5995 4295 
3 5992 5994 5995 
3 5992 5993 5994 
3 5994 5996 5995 
3 5995 4297 4296 
3 5996 4297 5995 
3 5996 5997 4297 
3 5997 4298 4297 
3 4298 5997 5998 
3 4300 4298 5998 
3 5998 4301 4300 
3 5999 4301 5998 
3 4301 5999 6000 
3 4303 4301 6000 
3 6000 4304 4303 
3 6001 4304 6000 
3 4304 6001 6002 
3 4306 4304 6002 
3 6002 4307 4306 
3 6003 4307 6002 
3 6003 6004 4307 
3 4307 6004 4308 
3 4308 6004 6005 
3 4309 4308 6005 
3 6005 4310 4309 
3 6006 4310 6005 
3 6006 6007 4310 
3 4310 6007 4311 
3 6007 6008 4311 
3 4311 6008 4312 
3 6008 6009 4312 
3 4312 6009 4313 
3 6011 6010 4315 
3 6011 4315 6009 
3 6009 4315 4313 
3 4317 4315 6010 
3 6012 4317 6010 
3 4317 6012 4319 
3 6015 6014 6013 
3 4322 6013 6014 
3 4322 4320 6013 
3 4320 6016 6013 
3 6018 4320 4323 
3 6018 6017 4320 
3 6017 6016 4320 
3 6017 6020 6019 
3 6018 6020 6017 
3 6019 6020 6021 
3 6011 6022 6010 
3 6010 6023 6012 
3 6022 6023 6010 
3 6012 4324 4319 
3 6012 834 4324 
3 6012 6023 834 
3 834 835 4324 
3 6015 6024 6014 
3 6014 4325 4322 
3 6014 6024 4325 
3 6024 6025 4325 
3 4323 6026 6018 
3 4323 4325 6026 
3 4325 6025 6026 
3 6018 6027 6020 
3 6026 6027 6018 
3 6020 6027 6021 
3 835 837 4324 
3 4326 6028 4328 
3 4326 4329 6028 
3 4330 6031 6030 
3 4330 4328 6031 
3 6029 6031 6028 
3 6028 6031 4328 
3 6029 4329 6032 
3 6029 6028 4329 
3 6032 4329 6033 
3 4330 6030 4329 
3 6033 4329 6030 
3 6032 6033 6034 
3 2427 694 4546 
3 693 694 2427 
3 705 6030 6031 
3 701 6030 705 
3 6030 701 6033 
3 6033 701 707 
3 6034 710 6035 
3 6034 6033 710 
3 6033 707 710 
3 6035 712 6036 
3 710 712 6035 
3 6036 712 716 
3 4580 6037 4518 
3 4518 6037 5987 
3 6037 6038 5987 
3 5987 6038 5988 
3 5988 6038 6039 
3 5990 5988 6039 
3 6039 5991 5990 
3 6040 5991 6039 
3 6042 5993 5991 
3 6042 5991 6041 
3 6041 5991 6040 
3 6041 6043 6042 
3 6042 5994 5993 
3 5994 6045 5996 
3 6042 6045 5994 
3 6042 6044 6045 
3 6042 6043 6044 
3 6044 6046 6045 
3 6045 5997 5996 
3 5997 6048 5998 
3 6045 6048 5997 
3 6045 6047 6048 
3 6045 6046 6047 
3 6047 6049 6048 
3 6048 5999 5998 
3 5999 6051 6000 
3 6048 6051 5999 
3 6048 6050 6051 
3 6048 6049 6050 
3 6050 6052 6051 
3 6051 6001 6000 
3 6001 6054 6002 
3 6051 6054 6001 
3 6051 6053 6054 
3 6051 6052 6053 
3 6053 6055 6054 
3 6054 6003 6002 
3 6055 6003 6054 
3 6055 6056 6003 
3 6056 6004 6003 
3 6004 6056 6057 
3 6005 6004 6057 
3 6057 6006 6005 
3 6058 6006 6057 
3 6058 6059 6006 
3 6006 6059 6007 
3 6059 6060 6007 
3 6007 6060 6008 
3 6062 6061 6009 
3 6062 6009 6060 
3 6060 6009 6008 
3 6009 6061 6011 
3 6015 4601 4602 
3 6015 6013 4601 
3 6064 4601 6063 
3 6063 4601 6013 
3 6063 6065 6066 
3 6063 6013 6065 
3 6013 6016 6065 
3 6065 6016 6067 
3 6016 6017 6067 
3 6067 6017 6068 
3 6017 6019 6068 
3 6019 6069 6068 
3 6021 6069 6019 
3 6062 6070 6061 
3 6061 6022 6011 
3 6061 6070 6022 
3 6070 6071 6022 
3 6071 6072 6022 
3 6022 6072 6023 
3 6072 850 6023 
3 6023 850 834 
3 6063 4605 6064 
3 6063 6024 4605 
3 4602 4605 6015 
3 6015 4605 6024 
3 6066 6024 6063 
3 6066 6073 6024 
3 6073 6025 6024 
3 6075 6074 6026 
3 6075 6026 6073 
3 6073 6026 6025 
3 6027 6026 6074 
3 6076 6027 6074 
3 6076 6021 6027 
3 6076 6077 6021 
3 6077 6069 6021 
3 6075 6078 6074 
3 6074 6079 6076 
3 6078 6079 6074 
3 6076 6079 6077 
3 6029 6080 6031 
3 6080 6081 6082 
3 6080 6029 6081 
3 6029 6032 6081 
3 6084 6032 6034 
3 6084 6083 6032 
3 6083 6081 6032 
3 6083 6084 6085 
3 4546 739 4610 
3 694 739 4546 
3 749 6031 6080 
3 705 6031 749 
3 6082 6086 750 
3 6082 750 6080 
3 6080 750 749 
3 6086 752 750 
3 6034 6035 6084 
3 6085 6084 6035 
3 6085 6035 6087 
3 6087 6035 6036 
3 754 6036 716 
3 754 6088 6036 
3 6088 6087 6036 
3 6088 754 757 
3 4646 6089 4580 
3 4580 6089 6037 
3 6089 6090 6037 
3 6037 6090 6038 
3 6038 6090 6091 
3 6039 6038 6091 
3 6091 6040 6039 
3 6092 6040 6091 
3 6092 6093 6040 
3 6040 6093 6041 
3 6041 6093 6094 
3 6043 6041 6094 
3 6094 6044 6043 
3 6095 6044 6094 
3 6097 6046 6044 
3 6097 6044 6096 
3 6096 6044 6095 
3 6096 6098 6097 
3 6097 6047 6046 
3 6047 6097 6098 
3 6047 6098 6049 
3 6049 6098 6099 
3 6099 6050 6049 
3 6100 6050 6099 
3 6050 6100 6101 
3 6052 6050 6101 
3 6101 6053 6052 
3 6102 6053 6101 
3 6053 6102 6103 
3 6055 6053 6103 
3 6103 6056 6055 
3 6104 6056 6103 
3 6106 6057 6056 
3 6106 6056 6105 
3 6105 6056 6104 
3 6105 6107 6106 
3 6106 6058 6057 
3 6107 6058 6106 
3 6107 6108 6058 
3 6108 6059 6058 
3 6108 6109 6059 
3 6059 6109 6060 
3 6060 6109 6110 
3 6062 6060 6110 
3 6112 4601 6064 
3 6112 6111 4601 
3 6111 4663 4601 
3 6066 6111 6112 
3 6066 6065 6111 
3 6065 6113 6111 
3 6113 6065 6114 
3 6065 6067 6114 
3 6116 6068 6115 
3 6116 6114 6068 
3 6114 6067 6068 
3 6068 6069 6115 
3 6110 6070 6062 
3 6117 6070 6110 
3 6117 6118 6070 
3 6070 6118 6071 
3 6118 6119 6071 
3 6071 6119 6072 
3 6119 861 6072 
3 6072 861 850 
3 6064 4605 4664 
3 6064 4664 6112 
3 6112 4664 6120 
3 6073 6066 6112 
3 6073 6112 6121 
3 6121 6112 6120 
3 6073 6121 6075 
3 6123 6116 6115 
3 6122 6123 6115 
3 6115 6077 6122 
3 6069 6077 6115 
3 6124 4665 6125 
3 6124 6120 4665 
3 6120 4664 4665 
3 6127 6120 6124 
3 6127 6126 6120 
3 6126 6121 6120 
3 6075 6121 6126 
3 6075 6126 6128 
3 6075 6128 6078 
3 6129 6128 6126 
3 6122 6128 6123 
3 6122 6079 6128 
3 6079 6078 6128 
3 6122 6077 6079 
3 6125 6131 6130 
3 6125 4665 6131 
3 4665 4666 6131 
3 6130 6126 6127 
3 6130 6131 6126 
3 6131 6132 6126 
3 6129 6134 6133 
3 6129 6126 6134 
3 6126 6132 6134 
3 6133 6134 6135 
3 6081 6136 6082 
3 6136 6137 6138 
3 6136 6081 6137 
3 6081 6083 6137 
3 6140 6083 6085 
3 6140 6139 6083 
3 6139 6137 6083 
3 6139 6140 6141 
3 4610 739 766 
3 4610 766 4666 
3 4666 766 6131 
3 6131 766 6132 
3 6132 766 767 
3 6132 767 6134 
3 6134 767 768 
3 6135 769 6142 
3 6135 6134 769 
3 6134 768 769 
3 6142 769 771 
3 6136 6086 6082 
3 6086 6136 6138 
3 6086 6138 752 
3 752 6138 778 
3 6140 6085 6087 
3 6141 6140 6087 
3 6141 6087 6143 
3 6143 6087 6088 
3 780 6088 757 
3 780 6144 6088 
3 6144 6143 6088 
3 6144 780 782 
3 4693 6145 4694 
3 6145 4646 4694 
3 6145 6146 4646 
3 6146 6089 4646 
3 6146 6147 6089 
3 6089 6147 6090 
3 6090 6147 6148 
3 6091 6090 6148 
3 6148 6092 6091 
3 6149 6092 6148 
3 6149 6150 6092 
3 6092 6150 6093 
3 6093 6150 6151 
3 6094 6093 6151 
3 6151 6095 6094 
3 6152 6095 6151 
3 6152 6153 6095 
3 6095 6153 6096 
3 6096 6153 6154 
3 6098 6096 6154 
3 6156 6154 6155 
3 6156 6099 6154 
3 6099 6098 6154 
3 6155 6157 6156 
3 6156 6100 6099 
3 6100 6159 6101 
3 6156 6159 6100 
3 6156 6158 6159 
3 6156 6157 6158 
3 6158 6160 6159 
3 6159 6102 6101 
3 6102 6162 6103 
3 6159 6162 6102 
3 6159 6161 6162 
3 6159 6160 6161 
3 6161 6163 6162 
3 6162 6104 6103 
3 6162 6105 6104 
3 6162 6165 6105 
3 6162 6163 6165 
3 6164 6105 6165 
3 6105 6164 6107 
3 6168 6167 6166 
3 6166 6167 6169 
3 6165 6170 6164 
3 6164 6108 6107 
3 6164 6170 6108 
3 6170 6171 6108 
3 6171 6172 6108 
3 6108 6172 6109 
3 6109 6172 6173 
3 6110 6109 6173 
3 6167 6168 4713 
3 6167 4713 6111 
3 6111 4713 4663 
3 6169 6167 6111 
3 6169 6111 6174 
3 6174 6111 6113 
3 6174 6113 6175 
3 6113 6114 6175 
3 6114 6176 6175 
3 6116 6176 6114 
3 6173 6117 6110 
3 6177 6117 6173 
3 6177 6178 6117 
3 6117 6178 6118 
3 6178 6179 6118 
3 6118 6179 6119 
3 6179 880 6119 
3 6119 880 861 
3 6181 6180 6176 
3 6181 6176 6123 
3 6123 6176 6116 
3 6180 6181 6182 
3 6185 6184 6183 
3 6183 6184 6186 
3 6124 6125 6187 
3 6124 6187 6127 
3 6128 6129 6188 
3 6123 6128 6188 
3 6123 6188 6181 
3 6181 6188 6189 
3 6182 6191 6190 
3 6182 6181 6191 
3 6181 6189 6191 
3 6190 6191 6192 
3 6185 6193 6184 
3 6184 6193 6186 
3 6187 6125 6130 
3 6187 6130 6127 
3 6188 6129 6133 
3 6133 6135 6194 
3 6133 6194 6188 
3 6188 6194 6189 
3 6189 6194 6191 
3 6191 6194 6195 
3 6192 6195 6196 
3 6191 6195 6192 
3 6137 6197 6138 
3 6139 6197 6137 
3 6198 6197 6139 
3 6200 6139 6141 
3 6200 6199 6139 
3 6198 6139 6201 
3 6201 6139 6199 
3 6199 6200 6202 
3 6194 6135 6142 
3 6142 771 789 
3 6142 789 6194 
3 6194 789 6195 
3 6196 789 791 
3 6195 789 6196 
3 799 6138 6197 
3 778 6138 799 
3 6203 802 799 
3 6203 799 6198 
3 6198 799 6197 
3 6198 6201 6203 
3 6141 6143 6200 
3 6202 6200 6143 
3 6202 6143 6204 
3 6204 6143 6144 
3 803 6144 782 
3 803 6205 6144 
3 6205 6204 6144 
3 6205 803 806 
3 4693 4740 6206 
3 6145 4693 6206 
3 6206 6146 6145 
3 6207 6146 6206 
3 6207 6208 6146 
3 6146 6208 6147 
3 6147 6208 6209 
3 6148 6147 6209 
3 6209 6149 6148 
3 6210 6149 6209 
3 6210 6211 6149 
3 6149 6211 6150 
3 6213 6151 6150 
3 6213 6150 6212 
3 6212 6150 6211 
3 6212 6214 6213 
3 6213 6152 6151 
3 6214 6152 6213 
3 6214 6215 6152 
3 6215 6153 6152 
3 6217 6154 6153 
3 6217 6153 6216 
3 6216 6153 6215 
3 6216 6218 6217 
3 6217 6155 6154 
3 6155 6220 6157 
3 6217 6220 6155 
3 6217 6219 6220 
3 6217 6218 6219 
3 6219 6221 6220 
3 6220 6158 6157 
3 6158 6220 6221 
3 6158 6221 6160 
3 6160 6221 6222 
3 6222 6161 6160 
3 6223 6161 6222 
3 6161 6223 6224 
3 6163 6161 6224 
3 6226 6224 6225 
3 6226 6165 6224 
3 6165 6163 6224 
3 6225 6227 6226 
3 6168 4760 4761 
3 6168 6166 4760 
3 6166 6228 4760 
3 6166 6229 6228 
3 6169 6229 6166 
3 6226 6170 6165 
3 6227 6170 6226 
3 6227 6230 6170 
3 6230 6171 6170 
3 6230 6231 6171 
3 6171 6231 6172 
3 6172 6231 6232 
3 6173 6172 6232 
3 4761 4713 6168 
3 6229 6169 6174 
3 6233 6229 6174 
3 6233 6174 6234 
3 6174 6175 6234 
3 6236 6175 6176 
3 6236 6235 6175 
3 6235 6234 6175 
3 6235 6238 6237 
3 6236 6238 6235 
3 6237 6238 6239 
3 6232 6177 6173 
3 6240 6177 6232 
3 6240 6241 6177 
3 6177 6241 6178 
3 6241 6242 6178 
3 6178 6242 6179 
3 6242 896 6179 
3 6179 896 880 
3 6236 6176 6180 
3 6180 6182 6243 
3 6180 6243 6236 
3 6236 6243 6238 
3 6239 6243 6244 
3 6238 6243 6239 
3 6183 6245 6185 
3 6183 6186 6245 
3 6243 6182 6190 
3 6190 6192 6247 
3 6243 6190 6247 
3 6243 6247 6246 
3 6243 6246 6244 
3 6249 6185 6247 
3 6249 6193 6185 
3 6247 6185 6246 
3 6245 6248 6185 
3 6246 6185 6248 
3 6249 6186 6193 
3 6249 6250 6186 
3 6245 6186 6248 
3 6248 6186 6250 
3 6253 6252 6251 
3 6251 6252 6254 
3 6255 6247 6192 
3 6196 6255 6192 
3 6256 6255 6257 
3 6256 6249 6255 
3 6249 6247 6255 
3 6249 6256 6250 
3 6259 6253 6258 
3 6259 6201 6253 
3 6252 6253 6199 
3 6199 6253 6201 
3 6252 6199 6202 
3 6252 6202 6261 
3 6252 6261 6254 
3 6260 6254 6261 
3 6258 6262 6259 
3 6260 6261 6263 
3 807 6255 6196 
3 791 807 6196 
3 6257 807 809 
3 6255 807 6257 
3 6203 814 802 
3 814 6264 816 
3 6203 6264 814 
3 6203 6259 6264 
3 6203 6201 6259 
3 6259 6262 6264 
3 6202 6204 6261 
3 6263 6261 6204 
3 6263 6204 6265 
3 6265 6204 6205 
3 817 6205 806 
3 817 913 6205 
3 913 6265 6205 
3 6267 6206 4740 
3 6267 4740 6266 
3 6266 4740 4786 
3 6266 6268 6267 
3 6267 6207 6206 
3 6268 6207 6267 
3 6268 6269 6207 
3 6269 6208 6207 
3 6271 6209 6208 
3 6271 6208 6270 
3 6270 6208 6269 
3 6270 6272 6271 
3 6271 6210 6209 
3 6272 6210 6271 
3 6272 6273 6210 
3 6273 6211 6210 
3 6273 6274 6211 
3 6211 6274 6212 
3 6212 6274 6275 
3 6214 6212 6275 
3 6275 6215 6214 
3 6276 6215 6275 
3 6276 6277 6215 
3 6215 6277 6216 
3 6279 6218 6216 
3 6279 6216 6278 
3 6278 6216 6277 
3 6278 6280 6279 
3 6279 6219 6218 
3 6219 6282 6221 
3 6279 6282 6219 
3 6279 6281 6282 
3 6279 6280 6281 
3 6281 6283 6282 
3 6284 6221 6282 
3 6222 6221 6284 
3 6283 6285 6284 
3 6282 6283 6284 
3 6284 6223 6222 
3 6223 6287 6224 
3 6284 6287 6223 
3 6284 6286 6287 
3 6284 6285 6286 
3 6286 6288 6287 
3 6287 6225 6224 
3 6225 6290 6227 
3 6287 6290 6225 
3 6287 6289 6290 
3 6287 6288 6289 
3 6289 6291 6292 
3 6290 6289 6292 
3 6291 6293 6292 
3 4803 4760 6294 
3 4760 6228 6294 
3 6296 6228 6229 
3 6296 6295 6228 
3 6295 6294 6228 
3 6295 6296 6297 
3 6290 6230 6227 
3 6292 6230 6290 
3 6231 6230 6292 
3 6231 6299 6232 
3 6292 6299 6231 
3 6292 6298 6299 
3 6292 6293 6298 
3 6298 6300 6299 
3 6296 6229 6233 
3 6297 6296 6233 
3 6297 6233 6301 
3 6301 6233 6234 
3 6301 6234 6302 
3 6234 6235 6302 
3 6302 6235 6303 
3 6235 6237 6303 
3 6237 6304 6303 
3 6239 6304 6237 
3 6299 6240 6232 
3 6300 6240 6299 
3 6300 6305 6240 
3 6305 6241 6240 
3 6305 6306 6241 
3 6241 6306 6242 
3 6306 917 6242 
3 6242 917 896 
3 6304 6239 6307 
3 6307 6239 6244 
3 6307 6244 6246 
3 6308 6307 6246 
3 6308 6246 6309 
3 6246 6248 6309 
3 6248 6310 6309 
3 6250 6310 6248 
3 6253 6311 6312 
3 6251 6311 6253 
3 6314 6251 6254 
3 6314 6313 6251 
3 6313 6311 6251 
3 6313 6314 6315 
3 6257 6317 6316 
3 6256 6257 6316 
3 6316 6250 6256 
3 6310 6250 6316 
3 6312 6258 6253 
3 6318 6258 6312 
3 6258 6318 6319 
3 6258 6319 6262 
3 6260 6314 6254 
3 6260 6263 6321 
3 6314 6260 6321 
3 6314 6321 6320 
3 6314 6320 6315 
3 6320 6321 6322 
3 818 6323 6317 
3 818 6317 809 
3 809 6317 6257 
3 6323 818 820 
3 816 6324 825 
3 6264 6324 816 
3 6324 6264 6262 
3 6319 6324 6262 
3 6321 6263 6265 
3 6322 6321 6265 
3 6322 6265 931 
3 931 6265 913 
3 4820 6325 4821 
3 6325 4786 4821 
3 6325 6326 4786 
3 6326 6266 4786 
3 6266 6326 6327 
3 6268 6266 6327 
3 6327 6269 6268 
3 6328 6269 6327 
3 6328 6329 6269 
3 6269 6329 6270 
3 6270 6329 6330 
3 6272 6270 6330 
3 6330 6273 6272 
3 6331 6273 6330 
3 6331 6332 6273 
3 6273 6332 6274 
3 6274 6332 6333 
3 6275 6274 6333 
3 6333 6276 6275 
3 6334 6276 6333 
3 6334 6335 6276 
3 6276 6335 6277 
3 6335 6336 6277 
3 6277 6336 6278 
3 6278 6336 6337 
3 6280 6278 6337 
3 6337 6281 6280 
3 6338 6281 6337 
3 6281 6338 6339 
3 6283 6281 6339 
3 6341 6339 6340 
3 6341 6285 6339 
3 6285 6283 6339 
3 6340 6342 6341 
3 6341 6286 6285 
3 6286 6344 6288 
3 6341 6344 6286 
3 6341 6343 6344 
3 6341 6342 6343 
3 6343 6345 6344 
3 6344 6289 6288 
3 6345 6289 6344 
3 6345 6346 6289 
3 6346 6291 6289 
3 6291 6346 6347 
3 6293 6291 6347 
3 4843 4803 6348 
3 4803 6294 6348 
3 6348 6294 6349 
3 6294 6295 6349 
3 6351 6295 6297 
3 6351 6350 6295 
3 6350 6349 6295 
3 6350 6351 6352 
3 6347 6298 6293 
3 6353 6298 6347 
3 6355 6300 6298 
3 6355 6298 6354 
3 6354 6298 6353 
3 6354 6356 6357 
3 6355 6354 6357 
3 6356 6358 6357 
3 6351 6297 6301 
3 6352 6351 6301 
3 6352 6301 6359 
3 6359 6301 6302 
3 6359 6302 6360 
3 6302 6303 6360 
3 6362 6303 6304 
3 6362 6361 6303 
3 6361 6360 6303 
3 6361 6362 6363 
3 6355 6305 6300 
3 6357 6305 6355 
3 6306 6305 6357 
3 6358 6306 6357 
3 6358 935 6306 
3 935 917 6306 
3 6364 6362 6304 
3 6307 6364 6304 
3 6363 6364 6365 
3 6362 6364 6363 
3 6364 6307 6308 
3 6365 6364 6308 
3 6365 6308 6366 
3 6366 6308 6309 
3 6368 6309 6310 
3 6368 6367 6309 
3 6367 6366 6309 
3 6367 6368 6369 
3 6312 6370 6371 
3 6311 6370 6312 
3 6370 6311 6372 
3 6311 6313 6372 
3 6374 6313 6315 
3 6374 6373 6313 
3 6373 6372 6313 
3 6373 6374 6375 
3 6316 6317 6376 
3 6310 6316 6376 
3 6310 6376 6368 
3 6368 6376 6377 
3 6369 6379 6378 
3 6369 6368 6379 
3 6368 6377 6379 
3 6378 6379 6380 
3 6371 6318 6312 
3 6381 6318 6371 
3 6318 6381 6382 
3 6319 6318 6382 
3 6374 6315 6320 
3 6320 6322 950 
3 6374 6320 950 
3 6374 950 949 
3 6374 949 6375 
3 6376 6317 6323 
3 6323 820 826 
3 6323 826 6376 
3 6376 826 6377 
3 6377 826 6379 
3 6379 826 827 
3 6380 828 6383 
3 6380 6379 828 
3 6379 827 828 
3 6383 828 830 
3 832 831 6384 
3 825 6384 831 
3 825 6324 6384 
3 6324 6385 6384 
3 6385 6324 6319 
3 6382 6385 6319 
3 950 6322 931 
3 4820 4861 6386 
3 6325 4820 6386 
3 6386 6326 6325 
3 6387 6326 6386 
3 6389 6327 6326 
3 6389 6326 6388 
3 6388 6326 6387 
3 6388 6390 6389 
3 6389 6328 6327 
3 6390 6328 6389 
3 6390 6391 6328 
3 6391 6329 6328 
3 6393 6330 6329 
3 6393 6329 6392 
3 6392 6329 6391 
3 6392 6394 6393 
3 6393 6331 6330 
3 6394 6331 6393 
3 6394 6395 6331 
3 6395 6332 6331 
3 6397 6333 6332 
3 6397 6332 6396 
3 6396 6332 6395 
3 6396 6398 6397 
3 6397 6334 6333 
3 6398 6334 6397 
3 6398 6399 6334 
3 6399 6335 6334 
3 6399 6400 6335 
3 6335 6400 6336 
3 6336 6400 6401 
3 6337 6336 6401 
3 6401 6338 6337 
3 6402 6338 6401 
3 6404 6339 6338 
3 6404 6338 6403 
3 6403 6338 6402 
3 6403 6405 6404 
3 6404 6340 6339 
3 6340 6407 6342 
3 6404 6407 6340 
3 6404 6406 6407 
3 6404 6405 6406 
3 6406 6408 6407 
3 4881 4882 6409 
3 6407 6343 6342 
3 6343 6407 6408 
3 6343 6408 6345 
3 6345 6408 6410 
3 6409 6412 6411 
3 6409 4882 6412 
3 4882 4883 6412 
3 6411 6412 6413 
3 6410 6346 6345 
3 6414 6346 6410 
3 6416 6347 6346 
3 6416 6346 6415 
3 6415 6346 6414 
3 6415 6417 6418 
3 6416 6415 6418 
3 6417 6419 6418 
3 6412 4883 4843 
3 6348 6412 4843 
3 6413 6412 6348 
3 6413 6348 6420 
3 6420 6348 6349 
3 6420 6349 6421 
3 6349 6350 6421 
3 6350 6422 6421 
3 6352 6422 6350 
3 6416 6353 6347 
3 6418 6353 6416 
3 6354 6353 6418 
3 6419 6354 6418 
3 6419 6423 6354 
3 6423 6356 6354 
3 959 6358 6356 
3 959 6356 958 
3 958 6356 6423 
3 6422 6352 6359 
3 6424 6422 6359 
3 6424 6359 6425 
3 6359 6360 6425 
3 6425 6360 6426 
3 6360 6361 6426 
3 6428 6361 6363 
3 6428 6427 6361 
3 6427 6426 6361 
3 6427 6428 6429 
3 6432 6431 6430 
3 6430 6431 6433 
3 959 935 6358 
3 6434 6428 6363 
3 6365 6434 6363 
3 6429 6434 6435 
3 6428 6434 6429 
3 6432 6436 6431 
3 6431 6436 6433 
3 6434 6365 6366 
3 6435 6434 6366 
3 6435 6366 6437 
3 6437 6366 6367 
3 6367 6438 6437 
3 6369 6438 6367 
3 6370 6439 6371 
3 6439 6440 6441 
3 6439 6370 6440 
3 6370 6372 6440 
3 6440 6372 6442 
3 6372 6373 6442 
3 6373 6443 6442 
3 6375 6443 6373 
3 6438 6369 6378 
3 6444 6438 6378 
3 6446 6378 6380 
3 6446 6445 6378 
3 6445 6444 6378 
3 6445 6446 6447 
3 6450 6449 6448 
3 6452 6371 6449 
3 6452 6381 6371 
3 6449 6371 6448 
3 6439 6451 6371 
3 6448 6371 6451 
3 6451 6439 6441 
3 6452 6382 6381 
3 6443 6375 949 
3 972 6443 949 
3 6446 6380 6383 
3 6383 830 833 
3 6446 6383 833 
3 6446 833 6453 
3 6446 6453 6447 
3 6449 832 6384 
3 6450 832 6449 
3 6450 833 832 
3 6450 6453 833 
3 6452 6449 6384 
3 6385 6452 6384 
3 6452 6385 6382 
3 4861 4897 6454 
3 6386 4861 6454 
3 6454 6387 6386 
3 6455 6387 6454 
3 6455 6456 6387 
3 6387 6456 6388 
3 6388 6456 6457 
3 6390 6388 6457 
3 6457 6391 6390 
3 6458 6391 6457 
3 6458 6459 6391 
3 6391 6459 6392 
3 6392 6459 6460 
3 6394 6392 6460 
3 6460 6395 6394 
3 6461 6395 6460 
3 6461 6462 6395 
3 6395 6462 6396 
3 6396 6462 6463 
3 6398 6396 6463 
3 6463 6399 6398 
3 6464 6399 6463 
3 6464 6465 6399 
3 6399 6465 6400 
3 6400 6465 6466 
3 6401 6400 6466 
3 6466 6402 6401 
3 6467 6402 6466 
3 6467 6468 6402 
3 6402 6468 6403 
3 6403 6468 6469 
3 6405 6403 6469 
3 4917 4918 6470 
3 6469 6406 6405 
3 6471 6406 6469 
3 6406 6471 6472 
3 6408 6406 6472 
3 4881 6409 6474 
3 4918 4881 6474 
3 4918 6474 6473 
3 4918 6473 6470 
3 6473 6474 6475 
3 6477 6472 6476 
3 6477 6410 6472 
3 6410 6408 6472 
3 6476 6478 6477 
3 6474 6409 6411 
3 6411 6413 6480 
3 6474 6411 6480 
3 6474 6480 6479 
3 6474 6479 6475 
3 6479 6480 6481 
3 6477 6414 6410 
3 6478 6414 6477 
3 6478 6482 6414 
3 6482 6415 6414 
3 6482 6483 6415 
3 6415 6483 6417 
3 6485 6419 6417 
3 6485 6417 6484 
3 6484 6417 6483 
3 6484 981 982 
3 6485 6484 982 
3 6480 6413 6420 
3 6481 6480 6420 
3 6481 6420 6486 
3 6486 6420 6421 
3 6488 6421 6422 
3 6488 6487 6421 
3 6487 6486 6421 
3 6487 6488 6489 
3 6485 6423 6419 
3 982 6423 6485 
3 958 6423 982 
3 6488 6422 6424 
3 6489 6488 6424 
3 6489 6424 6490 
3 6490 6424 6425 
3 6490 6425 6491 
3 6425 6426 6491 
3 6491 6426 6492 
3 6426 6427 6492 
3 6494 6427 6429 
3 6494 6493 6427 
3 6493 6492 6427 
3 6432 6493 6494 
3 6432 6430 6493 
3 6430 6495 6493 
3 6497 6430 6433 
3 6497 6496 6430 
3 6496 6495 6430 
3 6496 6499 6498 
3 6497 6499 6496 
3 6498 6499 6500 
3 6501 6494 6429 
3 6435 6501 6429 
3 6436 6432 6494 
3 6436 6494 6502 
3 6502 6494 6501 
3 6433 6436 6502 
3 6433 6502 6497 
3 6497 6502 6503 
3 6497 6503 6499 
3 6499 6503 6504 
3 6500 6506 6505 
3 6500 6499 6506 
3 6499 6504 6506 
3 6505 6508 6507 
3 6506 6508 6505 
3 6507 6508 6509 
3 6501 6435 6437 
3 6437 6438 6510 
3 6437 6510 6501 
3 6501 6510 6502 
3 6502 6510 6503 
3 6503 6510 6511 
3 6503 6511 6504 
3 6504 6511 6512 
3 6504 6512 6506 
3 6506 6512 6513 
3 6506 6513 6508 
3 6508 6513 6514 
3 6509 6440 6515 
3 6509 6514 6440 
3 6509 6508 6514 
3 6514 6441 6440 
3 6515 6440 6516 
3 6440 6442 6516 
3 6442 6517 6516 
3 6443 6517 6442 
3 6510 6438 6444 
3 6511 6510 6444 
3 6445 6511 6444 
3 6445 6447 6518 
3 6445 6518 6511 
3 6511 6518 6512 
3 6450 6448 6513 
3 6450 6513 6518 
3 6518 6513 6512 
3 6514 6513 6448 
3 6451 6514 6448 
3 6514 6451 6441 
3 6517 6443 972 
3 998 6517 972 
3 6518 6447 6453 
3 6518 6453 6450 
3 4897 4934 6519 
3 6454 4897 6519 
3 6519 6455 6454 
3 6520 6455 6519 
3 6520 6521 6455 
3 6455 6521 6456 
3 6456 6521 6522 
3 6457 6456 6522 
3 6522 6458 6457 
3 6523 6458 6522 
3 6523 6524 6458 
3 6458 6524 6459 
3 6459 6524 6525 
3 6460 6459 6525 
3 6525 6461 6460 
3 6526 6461 6525 
3 6526 6527 6461 
3 6461 6527 6462 
3 6462 6527 6528 
3 6463 6462 6528 
3 6528 6464 6463 
3 6529 6464 6528 
3 6529 6530 6464 
3 6464 6530 6465 
3 6465 6530 6531 
3 6466 6465 6531 
3 4949 4950 6532 
3 6531 6467 6466 
3 6533 6467 6531 
3 6533 6534 6467 
3 6467 6534 6468 
3 6468 6534 6535 
3 6469 6468 6535 
3 4917 6470 6537 
3 4950 4917 6537 
3 4950 6537 6536 
3 4950 6536 6532 
3 6536 6537 6538 
3 6535 6471 6469 
3 6539 6471 6535 
3 6541 6472 6471 
3 6541 6471 6540 
3 6540 6471 6539 
3 6540 6542 6541 
3 6537 6470 6473 
3 6473 6475 6544 
3 6537 6473 6544 
3 6537 6544 6543 
3 6537 6543 6538 
3 6543 6544 6545 
3 6541 6476 6472 
3 6476 6547 6478 
3 6541 6547 6476 
3 6541 6546 6547 
3 6541 6542 6546 
3 6546 6548 6549 
3 6547 6546 6549 
3 6548 6550 6551 
3 6549 6548 6551 
3 6550 6552 6551 
3 6544 6475 6479 
3 6479 6481 6554 
3 6544 6479 6554 
3 6544 6554 6553 
3 6544 6553 6545 
3 6553 6554 6555 
3 6547 6482 6478 
3 6549 6482 6547 
3 6483 6482 6549 
3 6551 6483 6549 
3 6484 6483 6551 
3 6552 6484 6551 
3 6552 1005 6484 
3 1005 981 6484 
3 6554 6481 6486 
3 6555 6554 6486 
3 6555 6486 6556 
3 6556 6486 6487 
3 6558 6487 6489 
3 6558 6557 6487 
3 6557 6556 6487 
3 6557 6560 6559 
3 6558 6560 6557 
3 6559 6560 6561 
3 6564 6563 6562 
3 6562 6563 6565 
3 6558 6489 6490 
3 6560 6558 6490 
3 6491 6560 6490 
3 6561 6560 6491 
3 6561 6491 6566 
3 6566 6491 6492 
3 6563 6564 6566 
3 6563 6566 6493 
3 6493 6566 6492 
3 6565 6563 6493 
3 6565 6493 6567 
3 6567 6493 6495 
3 6567 6495 6568 
3 6495 6496 6568 
3 6568 6496 6569 
3 6496 6498 6569 
3 6498 6570 6569 
3 6500 6570 6498 
3 6570 6500 6505 
3 6571 6570 6505 
3 6571 6505 6572 
3 6505 6507 6572 
3 6574 6507 6509 
3 6574 6573 6507 
3 6573 6572 6507 
3 6573 6574 6575 
3 6574 6509 6515 
3 6575 6574 6515 
3 6575 6515 6576 
3 6576 6515 6516 
3 6516 6577 6576 
3 6517 6577 6516 
3 6577 6517 998 
3 1020 6577 998 
3 4934 4964 6519 
3 4964 6520 6519 
3 4964 4969 6520 
3 4969 6578 6520 
3 6578 6579 6520 
3 6520 6579 6521 
3 6521 6579 6580 
3 6522 6521 6580 
3 6580 6523 6522 
3 6581 6523 6580 
3 6581 6582 6523 
3 6523 6582 6524 
3 6524 6582 6583 
3 6525 6524 6583 
3 6583 6526 6525 
3 6584 6526 6583 
3 6584 6585 6526 
3 6526 6585 6527 
3 6527 6585 6586 
3 6528 6527 6586 
3 6586 6529 6528 
3 6587 6529 6586 
3 6589 6588 6530 
3 6589 6530 6587 
3 6587 6530 6529 
3 6530 6588 6531 
3 4949 6590 4981 
3 6532 6590 4949 
3 6589 6591 6588 
3 6588 6533 6531 
3 6588 6591 6533 
3 6591 6592 6533 
3 6592 6593 6533 
3 6533 6593 6534 
3 6534 6593 6594 
3 6535 6534 6594 
3 6590 6532 6536 
3 6595 6590 6536 
3 6597 6536 6538 
3 6597 6596 6536 
3 6596 6595 6536 
3 6596 6597 6598 
3 6594 6539 6535 
3 6599 6539 6594 
3 6599 6600 6539 
3 6539 6600 6540 
3 6540 6600 6601 
3 6542 6540 6601 
3 6597 6538 6543 
3 6543 6545 6603 
3 6597 6543 6603 
3 6597 6603 6602 
3 6597 6602 6598 
3 6602 6603 6604 
3 6601 6546 6542 
3 6605 6546 6601 
3 6605 6606 6546 
3 6546 6606 6548 
3 6606 6607 6548 
3 6548 6607 6550 
3 6550 6607 6608 
3 6552 6550 6608 
3 6603 6545 6553 
3 6553 6555 6610 
3 6603 6553 6610 
3 6603 6610 6609 
3 6603 6609 6604 
3 6609 6610 6611 
3 6608 1005 6552 
3 1032 1005 6608 
3 6610 6555 6556 
3 6611 6610 6556 
3 6611 6556 6612 
3 6612 6556 6557 
3 6612 6557 6613 
3 6557 6559 6613 
3 6615 6559 6561 
3 6615 6614 6559 
3 6614 6613 6559 
3 6564 6614 6615 
3 6564 6562 6614 
3 6617 6614 6616 
3 6616 6614 6562 
3 6562 6565 6616 
3 6615 6561 6566 
3 6617 6616 6618 
3 6615 6566 6564 
3 6616 6565 6567 
3 6616 6567 6618 
3 6618 6567 6619 
3 6619 6567 6620 
3 6567 6568 6620 
3 6620 6568 6621 
3 6568 6569 6621 
3 6569 6622 6621 
3 6570 6622 6569 
3 6622 6570 6571 
3 6623 6622 6571 
3 6623 6571 6624 
3 6571 6572 6624 
3 6624 6572 6625 
3 6572 6573 6625 
3 6573 6626 6625 
3 6575 6626 6573 
3 6626 6575 6576 
3 6627 6626 6576 
3 1047 6576 6577 
3 1047 1046 6576 
3 1046 6627 6576 
3 1047 6577 1020 
3 5000 6628 4969 
3 4969 6628 6578 
3 6630 6629 6579 
3 6630 6579 6628 
3 6628 6579 6578 
3 6579 6629 6580 
3 6630 6631 6629 
3 6629 6581 6580 
3 6629 6631 6581 
3 6631 6632 6581 
3 6632 6633 6581 
3 6581 6633 6582 
3 6582 6633 6634 
3 6583 6582 6634 
3 6634 6584 6583 
3 6635 6584 6634 
3 6635 6636 6584 
3 6584 6636 6585 
3 6585 6636 6637 
3 6586 6585 6637 
3 6637 6587 6586 
3 6638 6587 6637 
3 6587 6638 6639 
3 6589 6587 6639 
3 6641 4981 6590 
3 6641 6640 4981 
3 6640 5012 4981 
3 6640 6641 6642 
3 6639 6591 6589 
3 6643 6591 6639 
3 6643 6644 6591 
3 6591 6644 6592 
3 6646 6645 6593 
3 6646 6593 6644 
3 6644 6593 6592 
3 6593 6645 6594 
3 6641 6590 6595 
3 6642 6641 6595 
3 6642 6595 6647 
3 6647 6595 6596 
3 6649 6596 6598 
3 6649 6648 6596 
3 6648 6647 6596 
3 6648 6649 6650 
3 6646 6651 6645 
3 6645 6599 6594 
3 6645 6651 6599 
3 6651 6652 6599 
3 6652 6653 6599 
3 6599 6653 6600 
3 6600 6653 6654 
3 6601 6600 6654 
3 6649 6598 6602 
3 6602 6604 6656 
3 6649 6602 6656 
3 6649 6656 6655 
3 6649 6655 6650 
3 6655 6656 6657 
3 6654 6605 6601 
3 6658 6605 6654 
3 6658 6659 6605 
3 6605 6659 6606 
3 6661 6660 6607 
3 6661 6607 6659 
3 6659 6607 6606 
3 6607 6660 6608 
3 6656 6604 6609 
3 6609 6611 6663 
3 6656 6609 6663 
3 6656 6663 6662 
3 6656 6662 6657 
3 6662 6663 6664 
3 6661 6665 6660 
3 6660 1032 6608 
3 6660 6665 1032 
3 6665 1059 1032 
3 6663 6611 6612 
3 6664 6663 6612 
3 6664 6612 6666 
3 6666 6612 6613 
3 6666 6613 6667 
3 6613 6614 6667 
3 6669 6614 6617 
3 6669 6668 6614 
3 6668 6667 6614 
3 6668 6669 6670 
3 6669 6617 6618 
3 6670 6669 6618 
3 6670 6618 6671 
3 6671 6618 6619 
3 6671 6619 6672 
3 6619 6620 6672 
3 6672 6620 6673 
3 6620 6621 6673 
3 6675 6621 6622 
3 6675 6674 6621 
3 6674 6673 6621 
3 6674 6675 6676 
3 6675 6622 6623 
3 6676 6675 6623 
3 6676 6623 6677 
3 6677 6623 6624 
3 6677 6624 6678 
3 6624 6625 6678 
3 6625 6679 6678 
3 6626 6679 6625 
3 6679 6626 6627 
3 6680 6679 6627 
3 6680 6627 1071 
3 6627 1046 1071 
3 6682 6681 6628 
3 6682 6628 5031 
3 5031 6628 5000 
3 6628 6681 6630 
3 6682 6683 6681 
3 6685 6684 6631 
3 6683 6685 6631 
3 6683 6631 6630 
3 6683 6630 6681 
3 6684 6687 6686 
3 6684 6686 6631 
3 6631 6686 6632 
3 6689 6688 6633 
3 6689 6633 6686 
3 6686 6633 6632 
3 6633 6688 6634 
3 6685 6690 6684 
3 6684 6690 6687 
3 6692 6688 6689 
3 6691 6688 6692 
3 6635 6634 6688 
3 6635 6688 6693 
3 6693 6688 6691 
3 6636 6635 6693 
3 6694 6636 6693 
3 6636 6694 6637 
3 6692 6695 6691 
3 6691 6696 6693 
3 6695 6696 6691 
3 6693 6697 6694 
3 6696 6697 6693 
3 6699 6698 6638 
3 6697 6699 6638 
3 6697 6638 6637 
3 6697 6637 6694 
3 6638 6698 6639 
3 5041 5012 6700 
3 5012 6640 6700 
3 6702 6640 6642 
3 6702 6701 6640 
3 6701 6700 6640 
3 6701 6702 6703 
3 6699 6704 6698 
3 6698 6643 6639 
3 6698 6704 6643 
3 6704 6705 6643 
3 6707 6706 6644 
3 6707 6644 6705 
3 6705 6644 6643 
3 6644 6706 6646 
3 6702 6642 6647 
3 6703 6702 6647 
3 6703 6647 6708 
3 6708 6647 6648 
3 6710 6648 6650 
3 6710 6709 6648 
3 6709 6708 6648 
3 6709 6710 6711 
3 6707 6712 6706 
3 6706 6651 6646 
3 6706 6712 6651 
3 6712 6713 6651 
3 6713 6714 6651 
3 6651 6714 6652 
3 6716 6715 6653 
3 6716 6653 6714 
3 6714 6653 6652 
3 6653 6715 6654 
3 6710 6650 6655 
3 6655 6657 6718 
3 6710 6655 6718 
3 6710 6718 6717 
3 6710 6717 6711 
3 6717 6718 6719 
3 6716 6720 6715 
3 6715 6658 6654 
3 6715 6720 6658 
3 6720 6721 6658 
3 6721 6722 6658 
3 6658 6722 6659 
3 6659 6722 6723 
3 6661 6659 6723 
3 6718 6657 6662 
3 6662 6664 6725 
3 6718 6662 6725 
3 6718 6725 6724 
3 6718 6724 6719 
3 6724 6727 6726 
3 6725 6727 6724 
3 6726 6727 6728 
3 6723 6665 6661 
3 6729 6665 6723 
3 6729 1089 6665 
3 6665 1089 1059 
3 6725 6664 6666 
3 6727 6725 6666 
3 6667 6727 6666 
3 6728 6727 6667 
3 6728 6667 6730 
3 6730 6667 6668 
3 6732 6668 6670 
3 6732 6731 6668 
3 6731 6730 6668 
3 6731 6732 6733 
3 6732 6670 6671 
3 6733 6732 6671 
3 6733 6671 6734 
3 6734 6671 6672 
3 6734 6672 6735 
3 6672 6673 6735 
3 6735 6673 6736 
3 6673 6674 6736 
3 6674 6737 6736 
3 6676 6737 6674 
3 6737 6676 6677 
3 6738 6737 6677 
3 6738 6677 6739 
3 6677 6678 6739 
3 6741 6678 6679 
3 6741 6740 6678 
3 6740 6739 6678 
3 6740 6741 6742 
3 6741 6679 6680 
3 6742 6741 6680 
3 6742 6680 1101 
3 1101 6680 1071 
3 5031 5059 6743 
3 6682 5031 6743 
3 6743 6683 6682 
3 6744 6683 6743 
3 6746 6685 6683 
3 6746 6683 6745 
3 6745 6683 6744 
3 6748 6746 6745 
3 6747 6686 6687 
3 6686 6747 6689 
3 6746 6690 6685 
3 6687 6749 6747 
3 6687 6690 6749 
3 6748 6749 6746 
3 6746 6749 6690 
3 6747 6692 6689 
3 6747 6750 6692 
3 6747 6749 6750 
3 6750 6751 6692 
3 6750 6752 6751 
3 5068 5069 6753 
3 6751 6695 6692 
3 6752 6695 6751 
3 6752 6754 6695 
3 6754 6696 6695 
3 6756 6755 6697 
3 6756 6697 6754 
3 6754 6697 6696 
3 6697 6755 6699 
3 6753 5069 5041 
3 6753 5041 6757 
3 6757 5041 6700 
3 6757 6700 6758 
3 6700 6701 6758 
3 6701 6759 6758 
3 6703 6759 6701 
3 6756 6760 6755 
3 6755 6704 6699 
3 6755 6760 6704 
3 6760 6761 6704 
3 6763 6762 6705 
3 6763 6705 6761 
3 6761 6705 6704 
3 6705 6762 6707 
3 6759 6703 6708 
3 6764 6759 6708 
3 6764 6708 6765 
3 6708 6709 6765 
3 6709 6766 6765 
3 6711 6766 6709 
3 6763 6767 6762 
3 6762 6712 6707 
3 6762 6767 6712 
3 6767 6768 6712 
3 6768 6769 6712 
3 6712 6769 6713 
3 6769 6770 6713 
3 6713 6770 6714 
3 6714 6770 6771 
3 6716 6714 6771 
3 6766 6711 6717 
3 6772 6766 6717 
3 6774 6717 6719 
3 6774 6773 6717 
3 6773 6772 6717 
3 6773 6774 6775 
3 6771 6720 6716 
3 6776 6720 6771 
3 6776 6777 6720 
3 6720 6777 6721 
3 6777 6778 6721 
3 6721 6778 6722 
3 6722 6778 6779 
3 6723 6722 6779 
3 6774 6719 6724 
3 6775 6774 6724 
3 6775 6724 6780 
3 6780 6724 6726 
3 6726 6781 6780 
3 6728 6781 6726 
3 6779 6729 6723 
3 6782 6729 6779 
3 6782 1117 6729 
3 6729 1117 1089 
3 6781 6728 6730 
3 6783 6781 6730 
3 6783 6730 6784 
3 6730 6731 6784 
3 6786 6731 6733 
3 6786 6785 6731 
3 6785 6784 6731 
3 6785 6786 6787 
3 6786 6733 6734 
3 6787 6786 6734 
3 6787 6734 6788 
3 6788 6734 6735 
3 6788 6735 6789 
3 6735 6736 6789 
3 6736 6790 6789 
3 6737 6790 6736 
3 6790 6737 6738 
3 6791 6790 6738 
3 6791 6738 6792 
3 6738 6739 6792 
3 6792 6739 6793 
3 6739 6740 6793 
3 6740 6794 6793 
3 6742 6794 6740 
3 6794 6742 1101 
3 1130 6794 1101 
3 5059 5087 6795 
3 6743 5059 6795 
3 6795 6744 6743 
3 6796 6744 6795 
3 6796 6797 6744 
3 6744 6797 6745 
3 6745 6797 6798 
3 6748 6745 6798 
3 6798 6749 6748 
3 6799 6749 6798 
3 6799 6800 6749 
3 6749 6800 6750 
3 6750 6800 6801 
3 6752 6750 6801 
3 5068 6802 5094 
3 6753 6802 5068 
3 6801 6754 6752 
3 6803 6754 6801 
3 6805 6756 6754 
3 6805 6754 6804 
3 6804 6754 6803 
3 6804 6806 6805 
3 6802 6753 6757 
3 6807 6802 6757 
3 6807 6757 6808 
3 6757 6758 6808 
3 6758 6809 6808 
3 6759 6809 6758 
3 6805 6760 6756 
3 6806 6760 6805 
3 6806 6810 6760 
3 6810 6761 6760 
3 6812 6763 6761 
3 6812 6761 6811 
3 6811 6761 6810 
3 6811 6813 6812 
3 6809 6759 6764 
3 6814 6809 6764 
3 6814 6764 6815 
3 6764 6765 6815 
3 6765 6816 6815 
3 6766 6816 6765 
3 6812 6767 6763 
3 6813 6767 6812 
3 6813 6817 6767 
3 6817 6768 6767 
3 6817 6818 6768 
3 6768 6818 6769 
3 6818 6819 6769 
3 6769 6819 6770 
3 6770 6819 6820 
3 6771 6770 6820 
3 6816 6766 6772 
3 6821 6816 6772 
3 6821 6772 6822 
3 6772 6773 6822 
3 6773 6823 6822 
3 6775 6823 6773 
3 6820 6776 6771 
3 6824 6776 6820 
3 6824 6825 6776 
3 6776 6825 6777 
3 6825 6826 6777 
3 6777 6826 6778 
3 6778 6826 6827 
3 6779 6778 6827 
3 6823 6775 6780 
3 6828 6823 6780 
3 6780 6829 6828 
3 6781 6829 6780 
3 6827 6782 6779 
3 6830 6782 6827 
3 6830 1148 6782 
3 6782 1148 1117 
3 6829 6781 6783 
3 6831 6829 6783 
3 6831 6783 6832 
3 6783 6784 6832 
3 6832 6784 6833 
3 6784 6785 6833 
3 6785 6834 6833 
3 6787 6834 6785 
3 6834 6787 6788 
3 6835 6834 6788 
3 6835 6788 6836 
3 6788 6789 6836 
3 6838 6789 6790 
3 6838 6837 6789 
3 6837 6836 6789 
3 6837 6838 6839 
3 6838 6790 6791 
3 6839 6838 6791 
3 6839 6791 6840 
3 6840 6791 6792 
3 6840 6792 6841 
3 6792 6793 6841 
3 1162 6793 6794 
3 1162 1161 6793 
3 1161 6841 6793 
3 1162 6794 1130 
3 6842 6795 5087 
3 6842 5087 3276 
3 3276 5087 3187 
3 3276 3278 6842 
3 6842 6796 6795 
3 3278 6796 6842 
3 3278 3284 6796 
3 3284 6797 6796 
3 6843 6798 6797 
3 6843 6797 3285 
3 3285 6797 3284 
3 3285 3286 6844 
3 6843 3285 6844 
3 3286 3289 6844 
3 6843 6799 6798 
3 6844 6799 6843 
3 6800 6799 6844 
3 6800 6845 6801 
3 6844 6845 6800 
3 6844 3293 6845 
3 6844 3289 3293 
3 3293 3295 6845 
3 5094 3299 3198 
3 6802 3299 5094 
3 6845 6803 6801 
3 3295 6803 6845 
3 3295 3300 6803 
3 3300 6804 6803 
3 6846 6806 6804 
3 6846 6804 3301 
3 3301 6804 3300 
3 3301 3304 6846 
3 3299 6802 6807 
3 3309 3299 6807 
3 3309 6807 3311 
3 6807 6808 3311 
3 6808 3313 3311 
3 6809 3313 6808 
3 6846 6810 6806 
3 3304 6810 6846 
3 3304 3314 6810 
3 3314 6811 6810 
3 6847 6813 6811 
3 6847 6811 3315 
3 3315 6811 3314 
3 3315 3318 6847 
3 3313 6809 6814 
3 3326 3313 6814 
3 3326 6814 3329 
3 6814 6815 3329 
3 6815 3330 3329 
3 6816 3330 6815 
3 6847 6817 6813 
3 3318 6817 6847 
3 3318 3331 6817 
3 3331 6818 6817 
3 3331 3332 6818 
3 6818 3332 6819 
3 6848 6820 6819 
3 6848 6819 3333 
3 3333 6819 3332 
3 3333 3336 6848 
3 3330 6816 6821 
3 3343 3330 6821 
3 3343 6821 3345 
3 6821 6822 3345 
3 6822 3347 3345 
3 6823 3347 6822 
3 6848 6824 6820 
3 3336 6824 6848 
3 3336 3348 6824 
3 3348 6825 6824 
3 3348 3349 6825 
3 6825 3349 6826 
3 6849 6827 6826 
3 6849 6826 3351 
3 3351 6826 3349 
3 3351 1185 1186 
3 6849 3351 1186 
3 3347 6823 6828 
3 3354 3347 6828 
3 6850 6828 6829 
3 6850 3356 6828 
3 3356 3354 6828 
3 3356 6850 3358 
3 6849 6830 6827 
3 1186 6830 6849 
3 1148 6830 1186 
3 6850 6829 6831 
3 3358 6850 6831 
3 3358 6831 3361 
3 3361 6831 6832 
3 3363 6833 6851 
3 3363 3361 6833 
3 3361 6832 6833 
3 6833 6834 6851 
3 3363 6851 3365 
3 6851 6834 6835 
3 6851 6835 3365 
3 3365 6835 3367 
3 3369 6836 6852 
3 3369 3367 6836 
3 3367 6835 6836 
3 6852 3371 3372 
3 6852 6836 3371 
3 6836 6837 3371 
3 6837 3373 3371 
3 6839 3373 6837 
3 3369 6852 3376 
3 6852 3372 3376 
3 3373 6839 6840 
3 3379 3373 6840 
3 3379 6840 3381 
3 6840 6841 3381 
3 3381 6841 1204 
3 6841 1161 1204 
3 3802 3803 6853 
3 3804 3802 6853 
3 3804 6853 6854 
3 6854 6853 6855 
3 6857 6855 6858 
3 6857 6856 6855 
3 6856 6854 6855 
3 6856 6857 6859 
3 3809 6860 3810 
3 3811 6860 3809 
3 3811 6861 6860 
3 6861 6862 6860 
3 6864 6865 6862 
3 6864 6862 6863 
3 6863 6862 6861 
3 6863 6866 6864 
3 6857 6858 6867 
3 6859 6857 6867 
3 6859 6867 6868 
3 6868 6867 6869 
3 6871 6869 6872 
3 6871 6870 6869 
3 6870 6868 6869 
3 6870 6871 6873 
3 6864 6874 6865 
3 6866 6874 6864 
3 6866 6875 6874 
3 6875 6876 6874 
3 6875 6877 6876 
3 6876 6877 6878 
3 6877 6879 6878 
3 6878 6879 6880 
3 6879 215 6880 
3 6880 215 161 
3 6871 6872 6881 
3 6873 6871 6881 
3 6873 6881 6882 
3 6882 6881 6883 
3 6885 6883 6886 
3 6885 6884 6883 
3 6884 6882 6883 
3 6884 6888 6887 
3 6885 6888 6884 
3 6887 6888 6889 
3 6885 6886 6890 
3 6888 6885 6890 
3 6891 6888 6890 
3 6889 6888 6891 
3 6889 6891 6892 
3 6892 6891 6893 
3 6892 6893 6894 
3 6893 6895 6894 
3 6894 6895 6896 
3 6895 6897 6896 
3 6896 6897 6898 
3 6897 6899 6898 
3 6898 6899 6900 
3 6899 6901 6900 
3 6900 6901 222 
3 6901 170 222 
3 3842 3804 6854 
3 6902 3842 6854 
3 6902 6854 6903 
3 6854 6856 6903 
3 6856 6904 6903 
3 6859 6904 6856 
3 3845 6861 3811 
3 3846 6861 3845 
3 3846 6905 6861 
3 6905 6863 6861 
3 6907 6866 6863 
3 6907 6863 6906 
3 6906 6863 6905 
3 6906 6908 6907 
3 6904 6859 6868 
3 6909 6904 6868 
3 6909 6868 6910 
3 6868 6870 6910 
3 6870 6911 6910 
3 6873 6911 6870 
3 6907 6875 6866 
3 6908 6875 6907 
3 6908 6912 6875 
3 6912 6877 6875 
3 6912 6913 6877 
3 6877 6913 6879 
3 6913 243 6879 
3 6879 243 215 
3 6911 6873 6882 
3 6914 6911 6882 
3 6914 6882 6915 
3 6882 6884 6915 
3 6917 6887 6916 
3 6917 6915 6887 
3 6915 6884 6887 
3 6887 6889 6916 
3 6917 6916 6918 
3 6916 6889 6892 
3 6916 6892 6918 
3 6918 6892 6919 
3 6919 6892 6920 
3 6892 6894 6920 
3 6920 6894 6921 
3 6894 6896 6921 
3 6921 6896 6922 
3 6896 6898 6922 
3 6922 6898 6923 
3 6898 6900 6923 
3 6923 6900 253 
3 6900 222 253 
3 3878 3842 6902 
3 3879 3878 6902 
3 3879 6902 6924 
3 6924 6902 6903 
3 6926 6903 6904 
3 6926 6925 6903 
3 6925 6924 6903 
3 6925 6926 6927 
3 3882 6905 3846 
3 3883 6905 3882 
3 3883 6928 6905 
3 6928 6906 6905 
3 6930 6908 6906 
3 6930 6906 6929 
3 6929 6906 6928 
3 6929 6931 6932 
3 6930 6929 6932 
3 6931 6933 6932 
3 6926 6904 6909 
3 6927 6926 6909 
3 6927 6909 6934 
3 6934 6909 6910 
3 6936 6910 6911 
3 6936 6935 6910 
3 6935 6934 6910 
3 6935 6936 6937 
3 6930 6912 6908 
3 6932 6912 6930 
3 6913 6912 6932 
3 6933 6913 6932 
3 6933 271 6913 
3 271 243 6913 
3 6936 6911 6914 
3 6937 6936 6914 
3 6937 6914 6938 
3 6938 6914 6915 
3 6940 6915 6917 
3 6940 6939 6915 
3 6939 6938 6915 
3 6939 6940 6941 
3 6940 6917 6918 
3 6941 6940 6918 
3 6941 6918 6942 
3 6942 6918 6919 
3 6942 6919 6943 
3 6919 6920 6943 
3 6943 6920 6944 
3 6920 6921 6944 
3 6944 6921 6945 
3 6921 6922 6945 
3 6945 6922 6946 
3 6922 6923 6946 
3 6946 6923 281 
3 6923 253 281 
3 3917 3879 6924 
3 6947 3917 6924 
3 6947 6924 6948 
3 6924 6925 6948 
3 6925 6949 6948 
3 6927 6949 6925 
3 3919 6928 3883 
3 3920 6928 3919 
3 3920 6950 6928 
3 6950 6929 6928 
3 6950 6951 6929 
3 6929 6951 6931 
3 6931 6951 6952 
3 6933 6931 6952 
3 6949 6927 6934 
3 6953 6949 6934 
3 6953 6934 6954 
3 6934 6935 6954 
3 6956 6935 6937 
3 6956 6955 6935 
3 6955 6954 6935 
3 6955 6956 6957 
3 6952 271 6933 
3 297 271 6952 
3 6956 6937 6938 
3 6957 6956 6938 
3 6957 6938 6958 
3 6958 6938 6939 
3 6960 6939 6941 
3 6960 6959 6939 
3 6959 6958 6939 
3 6959 6960 6961 
3 6960 6941 6942 
3 6961 6960 6942 
3 6961 6942 6962 
3 6962 6942 6943 
3 6962 6943 6963 
3 6943 6944 6963 
3 6963 6944 6964 
3 6944 6945 6964 
3 6964 6945 6965 
3 6945 6946 6965 
3 6965 6946 306 
3 6946 281 306 
3 3956 3917 6947 
3 6966 3956 6947 
3 6966 6947 6967 
3 6947 6948 6967 
3 6948 6968 6967 
3 6949 6968 6948 
3 3958 6950 3920 
3 3959 6950 3958 
3 3959 6969 6950 
3 6969 6951 6950 
3 324 6952 6951 
3 324 6951 323 
3 323 6951 6969 
3 6968 6949 6953 
3 6970 6968 6953 
3 6970 6953 6971 
3 6953 6954 6971 
3 6971 6954 6972 
3 6954 6955 6972 
3 6955 6973 6972 
3 6957 6973 6955 
3 324 297 6952 
3 6973 6957 6958 
3 6974 6973 6958 
3 6974 6958 6975 
3 6958 6959 6975 
3 6959 6976 6975 
3 6961 6976 6959 
3 6976 6961 6962 
3 6977 6976 6962 
3 6977 6962 6978 
3 6962 6963 6978 
3 6978 6963 6979 
3 6963 6964 6979 
3 6979 6964 6980 
3 6964 6965 6980 
3 6980 6965 338 
3 6965 306 338 
3 3994 3956 6966 
3 6981 3994 6966 
3 6981 6966 6982 
3 6966 6967 6982 
3 6967 6983 6982 
3 6968 6983 6967 
3 3996 6969 3959 
3 3997 6969 3996 
3 3997 357 6969 
3 357 323 6969 
3 6983 6968 6970 
3 6984 6983 6970 
3 6984 6970 6985 
3 6970 6971 6985 
3 6987 6972 6986 
3 6987 6985 6972 
3 6985 6971 6972 
3 6972 6973 6986 
3 6987 6986 6988 
3 6986 6973 6974 
3 6986 6974 6988 
3 6988 6974 6989 
3 6989 6974 6990 
3 6974 6975 6990 
3 6975 6991 6990 
3 6976 6991 6975 
3 6991 6976 6977 
3 6992 6991 6977 
3 6992 6977 6993 
3 6977 6978 6993 
3 6993 6978 6994 
3 6978 6979 6994 
3 6994 6979 6995 
3 6979 6980 6995 
3 6996 338 373 
3 6996 6995 338 
3 6995 6980 338 
3 6996 373 375 
3 4031 3994 6981 
3 6997 4031 6981 
3 6997 6981 6998 
3 6981 6982 6998 
3 6982 6999 6998 
3 6983 6999 6982 
3 389 357 3997 
3 6999 6983 6984 
3 7000 6999 6984 
3 7000 6984 7001 
3 6984 6985 7001 
3 6985 7002 7001 
3 6987 7002 6985 
3 7002 6987 6988 
3 7003 7002 6988 
3 7003 6988 7004 
3 6988 6989 7004 
3 7004 6989 7005 
3 6989 6990 7005 
3 6990 7006 7005 
3 6991 7006 6990 
3 7006 6991 6992 
3 7007 7006 6992 
3 7007 6992 7008 
3 6992 6993 7008 
3 7008 6993 7009 
3 6993 6994 7009 
3 7009 6994 7010 
3 6994 6995 7010 
3 6995 7011 7010 
3 6996 7011 6995 
3 7011 6996 375 
3 404 7011 375 
3 4063 4031 6997 
3 7012 4063 6997 
3 7014 6998 7013 
3 7014 7012 6998 
3 7012 6997 6998 
3 6998 6999 7013 
3 7014 7013 7015 
3 7013 6999 7000 
3 7013 7000 7015 
3 7015 7000 7016 
3 7016 7000 7017 
3 7000 7001 7017 
3 7001 7018 7017 
3 7002 7018 7001 
3 7018 7002 7003 
3 7019 7018 7003 
3 7019 7003 7020 
3 7003 7004 7020 
3 7020 7004 7021 
3 7004 7005 7021 
3 7005 7022 7021 
3 7006 7022 7005 
3 7022 7006 7007 
3 7023 7022 7007 
3 7023 7007 7024 
3 7007 7008 7024 
3 7024 7008 7025 
3 7008 7009 7025 
3 7027 7010 7026 
3 7027 7025 7010 
3 7025 7009 7010 
3 7010 7011 7026 
3 7027 7026 7028 
3 7026 7011 404 
3 7026 404 7028 
3 7028 404 429 
3 4095 4094 7029 
3 4094 4063 7012 
3 4094 7012 7029 
3 7029 7012 7030 
3 7012 7031 7030 
3 7014 7031 7012 
3 7031 7014 7015 
3 7032 7031 7015 
3 7032 7015 7033 
3 7015 7016 7033 
3 7035 7017 7034 
3 7035 7033 7017 
3 7033 7016 7017 
3 7017 7018 7034 
3 7035 7034 7036 
3 7034 7018 7019 
3 7034 7019 7036 
3 7036 7019 7037 
3 7037 7019 7038 
3 7019 7020 7038 
3 7040 7021 7039 
3 7040 7038 7021 
3 7038 7020 7021 
3 7021 7022 7039 
3 7040 7039 7041 
3 7039 7022 7023 
3 7039 7023 7041 
3 7041 7023 7042 
3 7042 7023 7043 
3 7023 7024 7043 
3 7043 7024 7044 
3 7024 7025 7044 
3 7046 7025 7027 
3 7046 7045 7025 
3 7045 7044 7025 
3 7045 7046 7047 
3 7046 7027 7028 
3 7047 7046 7028 
3 7047 7028 456 
3 456 7028 429 
3 4126 4095 7029 
3 7048 4126 7029 
3 7050 7030 7049 
3 7050 7048 7030 
3 7048 7029 7030 
3 7030 7031 7049 
3 7050 7049 7051 
3 7049 7031 7032 
3 7049 7032 7051 
3 7051 7032 7052 
3 7052 7032 7053 
3 7032 7033 7053 
3 7033 7054 7053 
3 7035 7054 7033 
3 7054 7035 7036 
3 7055 7054 7036 
3 7055 7036 7056 
3 7036 7037 7056 
3 7056 7037 7057 
3 7037 7038 7057 
3 7059 7038 7040 
3 7059 7058 7038 
3 7058 7057 7038 
3 7058 7061 7060 
3 7059 7061 7058 
3 7060 7063 7062 
3 7061 7063 7060 
3 7062 7063 7064 
3 7059 7040 7041 
3 7061 7059 7041 
3 7042 7061 7041 
3 7063 7061 7042 
3 7043 7063 7042 
3 7064 7063 7043 
3 7064 7043 7065 
3 7065 7043 7044 
3 7065 7044 7066 
3 7044 7045 7066 
3 484 7045 7047 
3 484 483 7045 
3 483 7066 7045 
3 484 7047 456 
3 4160 4126 7048 
3 7067 4160 7048 
3 7069 7048 7050 
3 7069 7068 7048 
3 7068 7067 7048 
3 7068 7069 7070 
3 7069 7050 7051 
3 7070 7069 7051 
3 7070 7051 7071 
3 7071 7051 7052 
3 7071 7052 7072 
3 7052 7053 7072 
3 7053 7073 7072 
3 7054 7073 7053 
3 7073 7054 7055 
3 7074 7073 7055 
3 7074 7055 7075 
3 7055 7056 7075 
3 7075 7056 7076 
3 7056 7057 7076 
3 7076 7057 7077 
3 7057 7058 7077 
3 7077 7058 7078 
3 7058 7060 7078 
3 7078 7060 7079 
3 7060 7062 7079 
3 7081 7062 7064 
3 7081 7080 7062 
3 7080 7079 7062 
3 7080 7081 7082 
3 7081 7064 7065 
3 7082 7081 7065 
3 7082 7065 7083 
3 7083 7065 7066 
3 7083 7066 512 
3 7066 483 512 
3 4190 4160 7067 
3 7084 4190 7067 
3 7084 7067 7085 
3 7067 7068 7085 
3 7068 7086 7085 
3 7070 7086 7068 
3 7086 7070 7071 
3 7087 7086 7071 
3 7087 7071 7088 
3 7071 7072 7088 
3 7090 7072 7073 
3 7090 7089 7072 
3 7089 7088 7072 
3 7089 7090 7091 
3 7090 7073 7074 
3 7091 7090 7074 
3 7091 7074 7092 
3 7092 7074 7075 
3 7092 7075 7093 
3 7075 7076 7093 
3 7093 7076 7094 
3 7076 7077 7094 
3 7094 7077 7095 
3 7077 7078 7095 
3 7095 7078 7096 
3 7078 7079 7096 
3 7096 7079 7097 
3 7079 7080 7097 
3 7099 7080 7082 
3 7099 7098 7080 
3 7098 7097 7080 
3 7098 7099 7100 
3 7099 7082 7083 
3 7100 7099 7083 
3 7100 7083 546 
3 546 7083 512 
3 4223 4222 7101 
3 4222 4226 7101 
3 4190 7084 4225 
3 4227 4225 7084 
3 4227 7084 7102 
3 7102 7084 7085 
3 7104 7085 7086 
3 7104 7103 7085 
3 7103 7102 7085 
3 7103 7104 7105 
3 7104 7086 7087 
3 7105 7104 7087 
3 7105 7087 7106 
3 7106 7087 7088 
3 7106 7088 7107 
3 7088 7089 7107 
3 7109 7089 7091 
3 7109 7108 7089 
3 7108 7107 7089 
3 7108 7109 7110 
3 7109 7091 7092 
3 7110 7109 7092 
3 7110 7092 7111 
3 7111 7092 7093 
3 7111 7093 7112 
3 7093 7094 7112 
3 7112 7094 7113 
3 7094 7095 7113 
3 7113 7095 7114 
3 7095 7096 7114 
3 7114 7096 7115 
3 7096 7097 7115 
3 7115 7097 7116 
3 7097 7098 7116 
3 574 7098 7100 
3 574 573 7098 
3 573 7116 7098 
3 574 7100 546 
3 4257 4256 7117 
3 4256 4223 7101 
3 4256 7101 7117 
3 7117 7101 7118 
3 4226 4258 7119 
3 4226 7119 7101 
3 7101 7119 7118 
3 4258 4227 7102 
3 4258 7102 7119 
3 7119 7102 7120 
3 7120 7102 7121 
3 7102 7103 7121 
3 7103 7122 7121 
3 7105 7122 7103 
3 7122 7105 7106 
3 7123 7122 7106 
3 7123 7106 7124 
3 7106 7107 7124 
3 7124 7107 7125 
3 7107 7108 7125 
3 7127 7108 7110 
3 7127 7126 7108 
3 7126 7125 7108 
3 7126 7129 7128 
3 7127 7129 7126 
3 7128 7129 7130 
3 7127 7110 7111 
3 7129 7127 7111 
3 7112 7129 7111 
3 7130 7129 7112 
3 7130 7112 7131 
3 7131 7112 7113 
3 7131 7113 7132 
3 7113 7114 7132 
3 7132 7114 7133 
3 7114 7115 7133 
3 7133 7115 7134 
3 7115 7116 7134 
3 7134 7116 602 
3 7116 573 602 
3 4289 4288 7135 
3 4288 4257 7117 
3 4288 7117 7135 
3 7135 7117 7136 
3 7136 7117 7137 
3 7117 7118 7137 
3 7137 7118 7138 
3 7118 7119 7138 
3 7138 7119 7139 
3 7119 7120 7139 
3 7139 7120 7140 
3 7120 7121 7140 
3 7142 7121 7122 
3 7142 7141 7121 
3 7141 7140 7121 
3 7141 7144 7143 
3 7142 7144 7141 
3 7143 7146 7145 
3 7144 7146 7143 
3 7145 7146 7147 
3 7142 7122 7123 
3 7144 7142 7123 
3 7124 7144 7123 
3 7146 7144 7124 
3 7125 7146 7124 
3 7147 7146 7125 
3 7147 7125 7148 
3 7148 7125 7126 
3 7148 7126 7149 
3 7126 7128 7149 
3 7151 7128 7130 
3 7151 7150 7128 
3 7150 7149 7128 
3 7150 7153 7152 
3 7151 7153 7150 
3 7152 7155 7154 
3 7153 7155 7152 
3 7154 7157 7156 
3 7155 7157 7154 
3 7156 7157 7158 
3 7151 7130 7131 
3 7153 7151 7131 
3 7132 7153 7131 
3 7155 7153 7132 
3 7133 7155 7132 
3 7157 7155 7133 
3 7134 7157 7133 
3 7158 7157 7134 
3 7158 7134 640 
3 640 7134 602 
3 693 4289 7135 
3 692 693 7135 
3 692 7135 696 
3 7135 7136 696 
3 696 7136 698 
3 7136 7137 698 
3 700 7138 7159 
3 700 698 7138 
3 698 7137 7138 
3 7139 7159 7138 
3 7160 7159 7139 
3 7140 7160 7139 
3 7161 7160 7140 
3 7141 7161 7140 
3 7162 7161 7141 
3 7143 7162 7141 
3 7163 7162 7143 
3 7163 704 706 
3 7163 7143 704 
3 7143 7145 704 
3 7164 7145 7147 
3 7164 708 7145 
3 708 704 7145 
3 708 7165 711 
3 7164 7165 708 
3 711 7166 713 
3 7165 7166 711 
3 713 7166 717 
3 700 7159 720 
3 7159 7160 722 
3 720 7159 722 
3 7160 7161 724 
3 722 7160 724 
3 7161 7162 726 
3 724 7161 726 
3 7162 7163 728 
3 726 7162 728 
3 7163 706 728 
3 7164 7147 7148 
3 7165 7164 7148 
3 7149 7165 7148 
3 7166 7165 7149 
3 7150 7166 7149 
3 717 7166 7150 
3 717 7150 730 
3 730 7150 7152 
3 730 7152 732 
3 7152 7154 732 
3 732 7154 734 
3 7154 7156 734 
3 7156 737 734 
3 7158 737 7156 
3 737 7158 640 
3 671 737 640 
3 7167 3384 3205 
3 7167 7168 3447 
3 3384 7167 3447 
3 7168 3241 3447 
3 7169 7171 7170 
3 7169 7170 5947 
3 5947 7170 5949 
3 5949 7170 7172 
3 5951 5949 7172 
3 7172 5952 5951 
3 7173 5952 7172 
3 5952 7173 7174 
3 5953 5952 7174 
3 5954 5956 7175 
3 7174 5957 5953 
3 7176 5957 7174 
3 5957 7176 7177 
3 5958 5957 7177 
3 5959 5960 7178 
3 5961 5959 7178 
3 5961 7178 7180 
3 7179 7181 7175 
3 7180 5956 5961 
3 7180 7182 5956 
3 7175 5956 7179 
3 7179 5956 7182 
3 5962 7184 7183 
3 5962 5958 7184 
3 5958 7177 7184 
3 5962 7183 5963 
3 7178 5960 5964 
3 7180 7178 5964 
3 5965 7180 5964 
3 7182 7180 5965 
3 7182 5965 7185 
3 7185 5965 5966 
3 5966 7186 7185 
3 5967 7186 5966 
3 7184 7187 7183 
3 7183 5968 5963 
3 7183 7187 5968 
3 7187 7188 5968 
3 7188 7189 5968 
3 5968 7189 5969 
3 7189 7190 5969 
3 5969 7190 5970 
3 5970 7190 7191 
3 5972 5970 7191 
3 7186 5967 5973 
3 7192 7186 5973 
3 5973 7193 7192 
3 5975 7193 5973 
3 7191 5977 5972 
3 7194 5977 7191 
3 5977 7194 7195 
3 5979 5977 7195 
3 7193 5975 5980 
3 7196 7193 5980 
3 7198 5980 5981 
3 7198 7197 5980 
3 7197 7196 5980 
3 7197 7198 7199 
3 7201 7195 7200 
3 7201 5983 7195 
3 5983 5979 7195 
3 7200 7202 7201 
3 7198 5981 5984 
3 7199 7198 5984 
3 7199 5984 7203 
3 7203 5984 5985 
3 5985 3164 7203 
3 3163 3164 5985 
3 7201 5986 5983 
3 5986 3167 3169 
3 7201 3167 5986 
3 7201 7204 3167 
3 7201 7202 7204 
3 7204 3172 3167 
3 7170 7205 7206 
3 7172 7170 7206 
3 7206 7208 7172 
3 7206 7207 7208 
3 7172 7208 7173 
3 7210 7209 7208 
3 7173 7208 7209 
3 7212 7174 7173 
3 7212 7173 7211 
3 7211 7173 7209 
3 7211 7213 7212 
3 7214 7208 7215 
3 7214 7215 7216 
3 7216 7215 7181 
3 7219 7208 7214 
3 7219 7218 7208 
3 7210 7208 7217 
3 7217 7208 7218 
3 7217 7218 7220 
3 7174 7212 7176 
3 7176 7212 7213 
3 7176 7213 7177 
3 7177 7213 7221 
3 7216 7181 7179 
3 7222 7216 7179 
3 7219 7223 7218 
3 7219 7179 7223 
3 7219 7222 7179 
3 7182 7223 7179 
3 7220 7225 7224 
3 7220 7218 7225 
3 7218 7223 7225 
3 7224 7225 7184 
3 7224 7184 7221 
3 7221 7184 7177 
3 7228 7226 7227 
3 7226 7229 7227 
3 7223 7182 7185 
3 7185 7186 7230 
3 7185 7230 7223 
3 7223 7230 7225 
3 7184 7225 7230 
3 7184 7230 7231 
3 7184 7231 7187 
3 7232 7231 7230 
3 7227 7231 7228 
3 7227 7188 7231 
3 7188 7187 7231 
3 7229 7188 7227 
3 7229 7233 7188 
3 7233 7189 7188 
3 7233 7234 7189 
3 7189 7234 7190 
3 7190 7234 7235 
3 7191 7190 7235 
3 7230 7186 7192 
3 7192 7193 7237 
3 7230 7192 7237 
3 7230 7237 7236 
3 7230 7236 7232 
3 7236 7237 7238 
3 7235 7194 7191 
3 7239 7194 7235 
3 7241 7195 7194 
3 7241 7194 7240 
3 7240 7194 7239 
3 7240 7242 7241 
3 7237 7193 7196 
3 7238 7237 7196 
3 7238 7196 7243 
3 7243 7196 7197 
3 7197 7244 7243 
3 7199 7244 7197 
3 7241 7200 7195 
3 7200 7246 7202 
3 7241 7246 7200 
3 7241 7245 7246 
3 7241 7242 7245 
3 7245 7247 7248 
3 7246 7245 7248 
3 7247 7249 7248 
3 7244 7199 7203 
3 7250 7244 7203 
3 7203 3202 7250 
3 3164 3202 7203 
3 7246 7204 7202 
3 7204 3204 3172 
3 7204 7246 3204 
3 7246 7248 3204 
3 7249 7167 3205 
3 7249 3205 7248 
3 7248 3205 3204 
3 7251 7253 7252 
3 7252 7211 7209 
3 7252 7255 7211 
3 7252 7253 7255 
3 7254 7211 7255 
3 7211 7254 7213 
3 7214 7216 7256 
3 7217 7257 7258 
3 7217 7258 7210 
3 7214 7256 7219 
3 7255 7259 7254 
3 7255 7217 7259 
3 7255 7257 7217 
3 7220 7259 7217 
3 7254 7259 7221 
3 7213 7254 7221 
3 7256 7216 7222 
3 7256 7222 7219 
3 7259 7220 7224 
3 7259 7224 7221 
3 7226 7228 7260 
3 7260 7229 7226 
3 7263 7261 7262 
3 7261 7264 7262 
3 7232 7266 7265 
3 7231 7232 7265 
3 7228 7267 7260 
3 7228 7231 7267 
3 7231 7265 7267 
3 7262 7267 7263 
3 7262 7233 7267 
3 7260 7267 7229 
3 7229 7267 7233 
3 7264 7233 7262 
3 7264 7268 7233 
3 7268 7234 7233 
3 7270 7235 7234 
3 7270 7234 7269 
3 7269 7234 7268 
3 7269 7271 7270 
3 7266 7232 7236 
3 7272 7266 7236 
3 7236 7273 7272 
3 7238 7273 7236 
3 7270 7239 7235 
3 7271 7239 7270 
3 7271 7274 7239 
3 7274 7240 7239 
3 7276 7242 7240 
3 7276 7240 7275 
3 7275 7240 7274 
3 7275 7277 7276 
3 7273 7238 7243 
3 7278 7273 7243 
3 7243 7279 7278 
3 7244 7279 7243 
3 7276 7245 7242 
3 7277 7245 7276 
3 7277 7280 7245 
3 7280 7247 7245 
3 7247 7280 7281 
3 7249 7247 7281 
3 7279 7244 7250 
3 7282 7279 7250 
3 7250 3218 7282 
3 3202 3218 7250 
3 7281 7167 7249 
3 7168 7167 7281 
3 7263 7283 7261 
3 7261 7283 7264 
3 7265 7266 7284 
3 7267 7265 7284 
3 7285 7267 7284 
3 7285 7287 7286 
3 7267 7285 7286 
3 7267 7286 7283 
3 7267 7283 7263 
3 7289 7288 7268 
3 7286 7289 7268 
3 7286 7268 7264 
3 7286 7264 7283 
3 7288 7291 7290 
3 7288 7290 7268 
3 7268 7290 7269 
3 7269 7290 7292 
3 7271 7269 7292 
3 7284 7266 7272 
3 7272 7273 7293 
3 7272 7293 7284 
3 7284 7293 7285 
3 7287 7293 7294 
3 7285 7293 7287 
3 7289 7295 7288 
3 7288 7295 7291 
3 7274 7297 7296 
3 7274 7271 7297 
3 7271 7292 7297 
3 7275 7274 7296 
3 7298 7275 7296 
3 7275 7298 7277 
3 7293 7273 7278 
3 7278 7279 7300 
3 7293 7278 7300 
3 7293 7300 7299 
3 7293 7299 7294 
3 7299 7300 7301 
3 7297 7302 7296 
3 7304 7296 7302 
3 7304 7303 7296 
3 7303 7298 7296 
3 7280 7277 7298 
3 7280 7298 7305 
3 7305 7298 7303 
3 7280 7305 7281 
3 7300 7279 7282 
3 7282 3218 3230 
3 7300 7282 3230 
3 7300 3230 7306 
3 7300 7306 7301 
3 7306 3231 7307 
3 3230 3231 7306 
3 7307 3234 7308 
3 3231 3234 7307 
3 7308 7303 7304 
3 7308 3234 7303 
3 3234 3237 7303 
3 7303 3237 7305 
3 7305 3237 3239 
3 7168 7281 7305 
3 7168 7305 3241 
3 3241 7305 3239 
3 7287 7310 7309 
3 7286 7287 7309 
3 7286 7309 7311 
3 7289 7286 7311 
3 7290 7291 7312 
3 7290 7312 7292 
3 7314 7313 7310 
3 7314 7310 7294 
3 7294 7310 7287 
3 7311 7314 7289 
3 7311 7313 7314 
3 7289 7314 7295 
3 7316 7315 7314 
3 7295 7314 7315 
3 7291 7295 7315 
3 7291 7315 7317 
3 7291 7317 7312 
3 7317 7315 7318 
3 7312 7317 7297 
3 7292 7312 7297 
3 7314 7294 7299 
3 7299 7301 7320 
3 7314 7299 7320 
3 7314 7320 7319 
3 7314 7319 7316 
3 7319 7317 7318 
3 7319 7320 7317 
3 7320 7321 7317 
3 7297 7317 7321 
3 7297 7321 7322 
3 7297 7322 7302 
3 7323 7322 7321 
3 7302 7322 7324 
3 7304 7302 7324 
3 7320 7301 7306 
3 7321 7320 7306 
3 7307 7321 7306 
3 7323 7321 7307 
3 7323 7307 7325 
3 7325 7307 7308 
3 7325 7308 7304 
3 7324 7325 7304 
3 7309 7310 7326 
3 7309 7326 7311 
3 7326 7310 7313 
3 7313 7311 7326 
3 7316 7327 7315 
3 7315 7327 7318 
3 7327 7316 7319 
3 7327 7319 7318 
3 7323 7329 7328 
3 7322 7323 7328 
3 7322 7328 7330 
3 7324 7322 7330 
3 7329 7323 7325 
3 7331 7329 7325 
3 7331 7325 7324 
3 7330 7331 7324 
3 7328 7329 7332 
3 7328 7332 7330 
3 7332 7329 7331 
3 7332 7331 7330 
3 5359 5358 7333 
3 5358 5360 7334 
3 7333 5358 7334 
3 7336 7334 5360 
3 7336 5360 7335 
3 7335 5360 5362 
3 5362 5363 7335 
3 5363 7337 7335 
3 5363 5365 7337 
3 5365 7338 7337 
3 7339 7340 7338 
3 7339 7338 5367 
3 5367 7338 5365 
3 5368 7339 5367 
3 7341 7342 7343 
3 7336 7335 7344 
3 7346 7344 7335 
3 7346 7335 7345 
3 7345 7335 7337 
3 7337 7338 7345 
3 7338 7347 7345 
3 7340 7348 7349 
3 7340 7349 7338 
3 7338 7349 7347 
3 7348 7343 7342 
3 7348 7342 7349 
3 7349 7342 7350 
3 7346 7345 7351 
3 7345 7347 7352 
3 7351 7345 7352 
3 7354 7352 7347 
3 7354 7347 7353 
3 7353 7347 7349 
3 7349 7350 7353 
3 7350 7355 7353 
3 7354 7353 7356 
3 7353 7355 7357 
3 7356 7353 7357 
3 5435 5359 7333 
3 5436 5435 7333 
3 7334 5436 7333 
3 7358 5437 5436 
3 7358 5436 7336 
3 7358 7336 7359 
3 7336 5436 7334 
3 5437 7358 5439 
3 5441 7360 5440 
3 7361 7340 7360 
3 7361 7362 7340 
3 7360 7340 5440 
3 7339 5443 7340 
3 5440 7340 5443 
3 5443 7339 5368 
3 7361 7341 7362 
3 7361 7363 7341 
3 7341 7343 7362 
3 7359 7336 7344 
3 7364 7359 7344 
3 7344 7365 7364 
3 7346 7365 7344 
3 7362 7348 7340 
3 7362 7343 7348 
3 7365 7346 7351 
3 7366 7365 7351 
3 7366 7351 7367 
3 7351 7352 7367 
3 7352 7368 7367 
3 7354 7368 7352 
3 7368 7354 7356 
3 7369 7368 7356 
3 7369 7356 7370 
3 7356 7357 7370 
3 7358 7359 7371 
3 5439 7358 7371 
3 5439 7371 5511 
3 5511 7371 7372 
3 5511 7373 5441 
3 5511 7372 7373 
3 7373 7360 5441 
3 7373 7374 7361 
3 7373 7361 7360 
3 7363 7361 7374 
3 7375 7363 7374 
3 7371 7359 7364 
3 7364 7365 7376 
3 7364 7376 7371 
3 7371 7376 7372 
3 7372 7376 7373 
3 7373 7376 7377 
3 7373 7377 7374 
3 7374 7377 7378 
3 7374 7378 7375 
3 7375 7378 7379 
3 7376 7365 7366 
3 7377 7376 7366 
3 7367 7377 7366 
3 7367 7368 7380 
3 7367 7380 7377 
3 7377 7380 7378 
3 7378 7380 7379 
3 7379 7380 7381 
3 7380 7368 7369 
3 7381 7380 7369 
3 7370 7381 7369 
3 7384 7382 7383 
3 7382 7385 7383 
3 7384 7383 7386 
3 7383 7385 7386 
3 7387 0 1 
3 7384 7389 7388 
3 7382 7384 7388 
3 7391 7385 7382 
3 7391 7382 7390 
3 7390 7382 7388 
3 7390 7392 7393 
3 7391 7390 7393 
3 7392 7394 7393 
3 7387 1 3 
3 7389 7384 7386 
3 7395 7389 7386 
3 7385 7391 7396 
3 7385 7396 7386 
3 7386 7396 7395 
3 7391 7393 7397 
3 7396 7391 7397 
3 7394 7397 7393 
3 4 5 7398 
3 7398 5 7 
3 7401 7399 7400 
3 7399 7402 7400 
3 7405 7403 7404 
3 7403 7406 7407 
3 7404 7403 7407 
3 7406 7409 7407 
3 7401 7400 7408 
3 7400 7402 7408 
3 7387 7410 8 
3 0 7387 8 
3 7405 7404 7411 
3 7412 7411 7404 
3 7412 7404 7407 
3 7388 7389 7413 
3 7409 7412 7407 
3 7414 7388 7415 
3 7414 7390 7388 
3 7388 7413 7415 
3 7414 7416 7390 
3 7390 7416 7392 
3 7410 7387 10 
3 7387 3 10 
3 7417 7392 7416 
3 7417 7394 7392 
3 7413 7389 7395 
3 7415 7413 7395 
3 7415 7395 7418 
3 7418 7395 7396 
3 7418 7396 7419 
3 7396 7397 7419 
3 7420 11 4 
3 7420 4 7398 
3 7417 7419 7394 
3 7394 7419 7397 
3 7420 7398 7 
3 13 7420 7 
3 7422 4377 4376 
3 7421 7422 4376 
3 4376 4378 7421 
3 4378 7423 7421 
3 4378 4379 7423 
3 4379 7424 7423 
3 4379 4380 7424 
3 4380 7425 7424 
3 4380 4382 7425 
3 4382 7426 7425 
3 4382 4384 7426 
3 4384 7427 7426 
3 4385 7428 7429 
3 4385 7429 4384 
3 4384 7429 7427 
3 7428 7430 7431 
3 7429 7428 7431 
3 7430 7432 7433 
3 7431 7430 7433 
3 7432 7434 7433 
3 7437 7435 7436 
3 7435 7438 7436 
3 7422 7421 7439 
3 7441 7439 7421 
3 7441 7421 7440 
3 7440 7421 7423 
3 7423 7424 7440 
3 7424 7442 7440 
3 7424 7425 7442 
3 7425 7443 7442 
3 7425 7426 7443 
3 7426 7444 7443 
3 7426 7427 7444 
3 7427 7445 7444 
3 7427 7429 7445 
3 7429 7446 7445 
3 7429 7431 7446 
3 7431 7447 7446 
3 7431 7433 7447 
3 7433 7448 7447 
3 7434 7449 7399 
3 7434 7399 7448 
3 7434 7448 7433 
3 7448 7399 7401 
3 7451 7402 7399 
3 7451 7399 7450 
3 7450 7399 7449 
3 7450 14 15 
3 7451 7450 15 
3 7437 7436 7452 
3 7436 7438 7452 
3 7441 7440 7453 
3 7440 7442 7454 
3 7453 7440 7454 
3 7456 7454 7442 
3 7456 7442 7455 
3 7455 7442 7443 
3 7443 7444 7455 
3 7444 7457 7455 
3 7444 7445 7457 
3 7445 7458 7457 
3 7445 7446 7458 
3 7446 7459 7458 
3 7405 7447 7403 
3 7405 7459 7447 
3 7459 7446 7447 
3 7448 7403 7447 
3 7406 7403 7448 
3 7408 7448 7401 
3 7408 7460 7448 
3 7406 7448 7409 
3 7409 7448 7460 
3 7402 7460 7408 
3 7402 7451 7460 
3 7451 7461 7460 
3 7410 15 8 
3 7410 7461 15 
3 7461 7451 15 
3 7456 7455 7462 
3 7455 7457 7463 
3 7462 7455 7463 
3 7457 7458 7464 
3 7463 7457 7464 
3 7466 7464 7458 
3 7466 7458 7465 
3 7465 7458 7459 
3 7411 7459 7405 
3 7411 7467 7459 
3 7467 7465 7459 
3 7412 7467 7411 
3 7468 7467 7412 
3 7415 7460 7414 
3 7415 7468 7460 
3 7409 7460 7412 
3 7412 7460 7468 
3 7461 7414 7460 
3 7416 7414 7461 
3 10 7461 7410 
3 10 20 7461 
3 7416 7461 7417 
3 7417 7461 20 
3 7466 7465 7469 
3 7465 7467 7470 
3 7469 7465 7470 
3 7467 7468 7471 
3 7470 7467 7471 
3 7468 7415 7418 
3 7468 7418 7471 
3 7471 7418 7472 
3 7474 7419 7473 
3 7474 7472 7419 
3 7472 7418 7419 
3 7420 20 11 
3 7420 7473 20 
3 7417 20 7419 
3 7419 20 7473 
3 7474 7473 7475 
3 7473 7420 13 
3 7473 13 7475 
3 7475 13 32 
3 7341 7476 7477 
3 7342 7341 7477 
3 7476 7478 7479 
3 7477 7476 7479 
3 7478 4406 4405 
3 7478 4405 7479 
3 7479 4405 7480 
3 4405 4407 7480 
3 4407 7481 7480 
3 4407 7422 7481 
3 4377 7422 4407 
3 4410 7428 4385 
3 7482 7428 4410 
3 7482 7483 7428 
3 7428 7483 7430 
3 7483 7484 7430 
3 7430 7484 7432 
3 7432 7484 7485 
3 7434 7432 7485 
3 7342 7477 7350 
3 7477 7486 7350 
3 7477 7479 7486 
3 7479 7487 7486 
3 7437 7480 7435 
3 7437 7487 7480 
3 7487 7479 7480 
3 7435 7488 7438 
3 7435 7480 7488 
3 7480 7481 7488 
3 7439 7481 7422 
3 7439 7489 7481 
3 7489 7488 7481 
3 7439 7441 7489 
3 7485 7449 7434 
3 7490 7449 7485 
3 7490 7491 7449 
3 7449 7491 7450 
3 7491 33 7450 
3 7450 33 14 
3 7350 7486 7355 
3 7486 7492 7355 
3 7486 7487 7492 
3 7487 7493 7492 
3 7452 7487 7437 
3 7452 7494 7487 
3 7494 7493 7487 
3 7438 7494 7452 
3 7438 7488 7494 
3 7488 7495 7494 
3 7488 7489 7495 
3 7489 7496 7495 
3 7453 7489 7441 
3 7453 7497 7489 
3 7497 7496 7489 
3 7454 7497 7453 
3 7498 7497 7454 
3 7454 7456 7498 
3 7355 7492 7499 
3 7357 7355 7499 
3 7492 7493 7500 
3 7499 7492 7500 
3 7502 7500 7493 
3 7502 7493 7501 
3 7501 7493 7494 
3 7494 7495 7501 
3 7495 7503 7501 
3 7495 7496 7503 
3 7496 7504 7503 
3 7505 7506 7504 
3 7505 7504 7497 
3 7497 7504 7496 
3 7508 7505 7497 
3 7508 7497 7507 
3 7507 7497 7498 
3 7462 7498 7456 
3 7462 7509 7498 
3 7509 7507 7498 
3 7509 7510 7511 
3 7509 7462 7510 
3 7462 7463 7510 
3 7510 7463 7512 
3 7463 7464 7512 
3 7464 7513 7512 
3 7466 7513 7464 
3 7502 7501 7514 
3 7501 7503 7515 
3 7514 7501 7515 
3 7503 7504 7516 
3 7515 7503 7516 
3 7504 7506 7516 
3 7508 7507 7517 
3 7507 7509 7518 
3 7517 7507 7518 
3 7509 7511 7518 
3 7513 7466 7469 
3 7519 7513 7469 
3 7519 7469 7520 
3 7469 7470 7520 
3 7520 7470 7521 
3 7470 7471 7521 
3 7521 7471 7522 
3 7471 7472 7522 
3 7524 7472 7474 
3 7524 7523 7472 
3 7523 7522 7472 
3 7523 51 50 
3 7524 51 7523 
3 7524 7474 7475 
3 51 7524 7475 
3 32 51 7475 
3 7363 7525 7341 
3 7341 7525 7476 
3 4429 7525 4430 
3 4429 7478 7525 
3 7478 7476 7525 
3 4429 4406 7478 
3 4434 7482 4410 
3 7526 7482 4434 
3 7526 7527 7482 
3 7482 7527 7483 
3 7527 7528 7483 
3 7483 7528 7484 
3 7530 7485 7484 
3 7530 7484 7529 
3 7529 7484 7528 
3 7529 7531 7530 
3 7530 7490 7485 
3 7531 7490 7530 
3 7531 7532 7490 
3 7532 7491 7490 
3 7532 68 7491 
3 7491 68 33 
3 7370 7357 7533 
3 7357 7499 7533 
3 7533 7499 7534 
3 7499 7500 7534 
3 7500 7535 7534 
3 7502 7535 7500 
3 7538 7537 7536 
3 7506 7536 7537 
3 7506 7505 7536 
3 7505 7539 7536 
3 7541 7505 7508 
3 7541 7540 7505 
3 7540 7539 7505 
3 7540 7543 7542 
3 7541 7543 7540 
3 7511 7542 7543 
3 7511 7510 7542 
3 7510 7544 7542 
3 7544 7510 7545 
3 7510 7512 7545 
3 7547 7512 7513 
3 7547 7546 7512 
3 7546 7545 7512 
3 7546 7549 7548 
3 7547 7549 7546 
3 7548 7549 7550 
3 7535 7502 7514 
3 7551 7535 7514 
3 7551 7514 7552 
3 7514 7515 7552 
3 7537 7538 7552 
3 7537 7552 7516 
3 7516 7552 7515 
3 7537 7516 7506 
3 7541 7508 7517 
3 7543 7541 7517 
3 7518 7543 7517 
3 7543 7518 7511 
3 7547 7513 7519 
3 7549 7547 7519 
3 7520 7549 7519 
3 7550 7549 7520 
3 7550 7520 7553 
3 7553 7520 7521 
3 7553 7521 7554 
3 7521 7522 7554 
3 7554 7522 7555 
3 7522 7523 7555 
3 7555 7523 81 
3 7523 50 81 
3 7525 7363 7375 
3 7525 7375 7557 
3 7556 4451 4450 
3 7557 4430 7525 
3 7557 7558 4430 
3 4450 4430 7556 
3 7556 4430 7558 
3 4455 7526 4434 
3 7559 7526 4455 
3 7559 7560 7526 
3 7526 7560 7527 
3 7562 7561 7528 
3 7562 7528 7560 
3 7560 7528 7527 
3 7529 7528 7561 
3 7563 7529 7561 
3 7529 7563 7531 
3 7564 7379 7565 
3 7564 7557 7379 
3 7557 7375 7379 
3 7568 7557 7564 
3 7568 7567 7557 
3 7558 7557 7566 
3 7566 7557 7567 
3 7566 7570 7569 
3 7567 7570 7566 
3 7569 7570 7571 
3 7562 7572 7561 
3 7561 7573 7563 
3 7572 7573 7561 
3 7563 7532 7531 
3 7563 7573 7532 
3 7573 7574 7532 
3 7574 101 7532 
3 7532 101 68 
3 7565 7576 7575 
3 7565 7379 7576 
3 7379 7381 7576 
3 7575 7567 7568 
3 7575 7576 7567 
3 7576 7577 7567 
3 7567 7577 7570 
3 7570 7577 7578 
3 7571 7580 7579 
3 7571 7570 7580 
3 7570 7578 7580 
3 7579 7582 7581 
3 7580 7582 7579 
3 7581 7582 7583 
3 7576 7381 7370 
3 7533 7576 7370 
3 7577 7576 7533 
3 7534 7577 7533 
3 7534 7535 7584 
3 7534 7584 7577 
3 7577 7584 7578 
3 7578 7584 7580 
3 7580 7584 7585 
3 7538 7536 7582 
3 7538 7582 7585 
3 7585 7582 7580 
3 7583 7582 7536 
3 7583 7536 7586 
3 7586 7536 7539 
3 7586 7539 7587 
3 7539 7540 7587 
3 7587 7540 7588 
3 7540 7542 7588 
3 7588 7542 7589 
3 7542 7544 7589 
3 7589 7544 7590 
3 7544 7545 7590 
3 7590 7545 7591 
3 7545 7546 7591 
3 7591 7546 7592 
3 7546 7548 7592 
3 7594 7548 7550 
3 7594 7593 7548 
3 7593 7592 7548 
3 7593 7596 7595 
3 7594 7596 7593 
3 7595 7596 7597 
3 7584 7535 7551 
3 7585 7584 7551 
3 7552 7585 7551 
3 7585 7552 7538 
3 7594 7550 7553 
3 7596 7594 7553 
3 7554 7596 7553 
3 7597 7596 7554 
3 7597 7554 7598 
3 7598 7554 7555 
3 7598 7555 111 
3 7555 81 111 
3 4471 4451 7556 
3 7599 4471 7556 
3 7601 7556 7558 
3 7601 7600 7556 
3 7600 7599 7556 
3 7600 7603 7602 
3 7601 7603 7600 
3 7602 7603 7604 
3 4476 7605 4475 
3 4475 7559 4455 
3 4475 7605 7559 
3 7605 7606 7559 
3 7608 7607 7560 
3 7608 7560 7606 
3 7606 7560 7559 
3 7560 7607 7562 
3 7564 7565 7609 
3 7558 7566 7601 
3 7564 7609 7568 
3 7603 7601 7566 
3 7569 7603 7566 
3 7569 7571 7611 
3 7603 7569 7611 
3 7603 7611 7610 
3 7603 7610 7604 
3 7610 7611 7612 
3 7608 7613 7607 
3 7607 7572 7562 
3 7607 7613 7572 
3 7613 7614 7572 
3 7614 7615 7572 
3 7572 7615 7573 
3 7615 7616 7573 
3 7573 7616 7574 
3 7616 126 7574 
3 7574 126 101 
3 7609 7565 7575 
3 7609 7575 7568 
3 7611 7571 7579 
3 7612 7611 7579 
3 7612 7579 7617 
3 7617 7579 7581 
3 7619 7581 7583 
3 7619 7618 7581 
3 7618 7617 7581 
3 7618 7621 7620 
3 7619 7621 7618 
3 7620 7621 7622 
3 7619 7583 7586 
3 7621 7619 7586 
3 7587 7621 7586 
3 7622 7621 7587 
3 7622 7587 7623 
3 7623 7587 7588 
3 7623 7588 7624 
3 7588 7589 7624 
3 7624 7589 7625 
3 7589 7590 7625 
3 7625 7590 7626 
3 7590 7591 7626 
3 7626 7591 7627 
3 7591 7592 7627 
3 7627 7592 7628 
3 7592 7593 7628 
3 7628 7593 7629 
3 7593 7595 7629 
3 7631 7595 7597 
3 7631 7630 7595 
3 7630 7629 7595 
3 7630 135 134 
3 7631 135 7630 
3 7631 7597 7598 
3 135 7631 7598 
3 111 135 7598 
3 4479 4471 7599 
3 4480 4479 7599 
3 7600 4480 7599 
3 3803 4480 7600 
3 3803 7600 6853 
3 6853 7600 7602 
3 7632 7602 7604 
3 7632 6855 7602 
3 6855 6853 7602 
3 6855 7632 6858 
3 3810 7605 4476 
3 6860 7605 3810 
3 6860 6862 7605 
3 7605 6862 7606 
3 7606 6862 6865 
3 7608 7606 6865 
3 7632 7604 7610 
3 7610 7612 7633 
3 7632 7610 7633 
3 7632 7633 6867 
3 7632 6867 6858 
3 6867 7634 6869 
3 7633 7634 6867 
3 6869 7634 6872 
3 6865 7613 7608 
3 6874 7613 6865 
3 6874 6876 7613 
3 7613 6876 7614 
3 6876 6878 7614 
3 7614 6878 7615 
3 6878 6880 7615 
3 7615 6880 7616 
3 6880 161 7616 
3 7616 161 126 
3 7633 7612 7617 
3 7634 7633 7617 
3 7618 7634 7617 
3 6872 7634 7618 
3 6872 7618 6881 
3 6881 7618 7620 
3 7635 7620 7622 
3 7635 6883 7620 
3 6883 6881 7620 
3 6883 7635 6886 
3 7635 7622 7623 
3 6886 7635 7623 
3 6886 7623 6890 
3 6890 7623 7624 
3 6890 7624 6891 
3 7624 7625 6891 
3 6891 7625 6893 
3 7625 7626 6893 
3 6893 7626 6895 
3 7626 7627 6895 
3 6895 7627 6897 
3 7627 7628 6897 
3 6897 7628 6899 
3 7628 7629 6899 
3 6899 7629 6901 
3 7629 7630 6901 
3 6901 7630 170 
3 7630 134 170 
