ply
format ascii 1.0
comment created by gply, a Houdini tool.
comment converted from .[b]geo
comment for more information about Houdini, try:
comment www.sidefx.com
element vertex 5886
property float x
property float y
property float z
property uchar red
property uchar green
property uchar blue
element face 11772
property list uchar int vertex_indices
end_header
-0.75029701 -0.0475527346 0.634303272 153 190 201 
-0.756214023 -0.0471517146 0.635171652 150 187 197 
-0.753026426 -0.0344896019 0.614451587 148 185 196 
-0.750524938 -0.0468731225 0.637215972 153 191 201 
-0.755371153 -0.0276151597 0.645706654 135 170 182 
-0.705072641 -0.0396897197 0.633611083 193 228 232 
-0.709662974 -0.0181691945 0.60521251 151 182 192 
-0.705157161 -0.0404748321 0.646216452 192 228 232 
-0.727133334 0.00108090043 0.658214033 134 166 177 
-0.716570616 0.00594177842 0.654415429 144 176 186 
-0.715943515 0.0028373301 0.660122216 143 175 185 
-0.717645645 0.00971269608 0.661867023 140 171 181 
0.0161220208 0.121432871 0.589652598 187 224 232 
0.0103705525 0.122620374 0.590930581 188 225 233 
0.0585974604 0.114193887 0.633404613 158 201 214 
0.0125778466 0.109455615 0.635883987 158 199 215 
0.0588887632 0.114054173 0.621583283 158 201 214 
0.059510529 0.106114358 0.681266725 145 182 201 
0.0112235323 0.110285163 0.688841701 137 177 195 
0.0610268116 0.0956647098 0.72777319 152 189 208 
0.0488317311 0.102024406 0.732572854 156 192 210 
0.010542281 0.112317055 0.697539687 137 176 195 
0.0597076118 0.0999157727 0.74109894 161 199 217 
0.0836129189 -0.0110491216 0.87667042 161 198 214 
0.0370542333 -0.0136692524 0.880361259 174 213 226 
0.0376361385 -0.0117246509 0.832037091 178 216 229 
0.0841941237 -0.0112183988 0.851868808 166 205 221 
0.0833739042 -0.0146017969 0.927121639 167 206 217 
0.0381377861 -0.0224186182 0.927840233 165 203 216 
0.0830233693 -0.0155073702 0.953278542 164 205 216 
0.0374832898 -0.0210526884 0.942710042 164 202 216 
0.00648036599 0.124430448 0.749415338 170 204 219 
0.0537261814 0.119858921 0.794094384 189 227 240 
0.00989294797 0.106529772 0.79166019 145 184 204 
0.0535666943 0.120231271 0.797279 188 226 239 
0.00947387516 0.107521355 0.799880981 147 185 205 
0.0730068684 0.0239939094 0.974189758 179 218 228 
0.0288741291 0.0114816427 0.976428509 172 213 223 
0.0499333441 0.130270064 0.852532208 156 197 214 
0.00895501673 0.105723292 0.843682051 156 193 209 
0.0506484509 0.124593049 0.882786274 159 198 214 
0.0076231882 0.106598347 0.895103157 171 208 220 
0.0257768705 0.0646326542 0.97655344 176 219 231 
0.0177523941 0.0576807559 0.973653436 173 215 227 
0.0159729496 0.0652634203 0.97108829 176 217 229 
0.0621926486 0.0674442351 0.987841487 180 223 234 
0.0499127358 0.125859261 0.902492642 164 201 217 
0.00750680268 0.106921911 0.896850824 171 208 220 
0.0508664995 0.117619872 0.950263143 180 218 230 
0.00975439698 0.0935987234 0.941713691 189 227 237 
0.0584515333 0.0833245516 0.983131051 185 227 238 
0.076965183 0.113319755 0.630910754 151 194 209 
0.105959758 0.109164566 0.677821875 148 188 206 
0.105955198 0.112043291 0.646042049 143 184 203 
0.105370432 0.106988341 0.729060292 169 208 221 
0.104306996 0.110117912 0.743106902 170 208 222 
0.114885673 -0.0145408511 0.871334434 167 206 220 
0.132406056 -0.0217004716 0.917872071 160 200 214 
0.132910013 -0.0213947594 0.89133811 168 209 221 
0.130221844 -0.0176099837 0.972694755 178 214 224 
0.122320801 -0.0172270238 0.973771334 177 213 223 
0.129876405 -0.016461879 0.975795388 177 212 222 
0.0990767777 0.127225906 0.793118477 160 197 215 
0.0985137373 0.128712326 0.802450776 158 196 213 
0.127855361 -0.00831142068 0.978013158 177 213 223 
0.117808267 0.0331959724 0.978036284 170 209 220 
0.0884548724 0.14832294 0.858119726 161 202 217 
0.0922489762 0.149640828 0.857503831 162 202 218 
0.106824517 0.0774855316 0.990145206 178 220 230 
0.0920452476 0.150362819 0.858834863 162 203 218 
0.0638664961 0.160725504 0.919926167 168 207 223 
0.0851942301 0.17448017 0.905367672 162 200 216 
0.0939181745 0.134019881 0.954453826 160 198 212 
0.0898362994 0.151499897 0.947611809 154 192 208 
0.103124529 0.0933540761 0.983677983 183 225 234 
0.0823251158 0.184063822 0.93059361 162 203 219 
0.150673509 0.119033843 0.678277135 162 198 213 
0.150619388 0.12192452 0.648639917 151 188 206 
0.152550489 0.107166976 0.723972976 157 194 211 
0.150058687 0.11461544 0.755601525 153 186 204 
0.149321496 -0.0290457606 0.912017524 160 199 212 
0.137203366 -0.0136248171 0.974095464 180 215 224 
0.181119829 -0.0290659666 0.926202178 153 195 209 
0.172057867 0.00570997596 0.955799818 179 214 225 
0.128278717 0.139607996 0.796645284 143 186 208 
0.142091632 0.143971145 0.795163155 136 181 205 
0.16290924 0.0409148932 0.984608889 176 216 228 
0.14156884 0.14582479 0.798566759 137 181 205 
0.136106342 0.163516253 0.852759361 161 198 213 
0.151556879 0.0870293081 0.99336338 184 229 240 
0.131932914 0.179194987 0.870136142 147 184 201 
0.127894536 0.194083482 0.890093803 138 173 192 
0.123121172 0.152227908 0.961149693 163 201 216 
0.145605236 0.111997455 0.989151716 173 214 228 
0.136407763 0.151939303 0.967566371 168 206 221 
0.124571204 0.203629166 0.936594605 183 219 230 
0.134569317 0.159852207 0.964039207 168 206 221 
0.195991635 0.126528561 0.677374303 164 204 220 
0.196264803 0.126948506 0.6601668 165 204 218 
0.198209316 0.113322943 0.722304463 151 190 208 
0.195239097 0.121941328 0.762896895 149 183 203 
0.225886583 -0.0196922123 0.929732919 145 186 202 
0.217917919 0.00967130065 0.969280124 157 199 216 
0.190466374 0.139255077 0.789619684 140 176 198 
0.149190277 0.144669503 0.797100782 135 179 203 
0.188667566 0.144388527 0.815158129 141 178 200 
0.207464725 0.0513344407 0.986217141 166 205 217 
0.181274235 0.170903951 0.859940886 142 182 201 
0.197095901 0.0952387452 0.974377036 177 213 222 
0.180164337 0.102001101 0.979916215 176 214 224 
0.193388879 0.110931307 0.970187306 177 212 222 
0.15543586 0.205729097 0.881987691 143 176 195 
0.17107147 0.211327478 0.879156828 148 180 198 
0.181579173 0.159309715 0.974779844 154 196 214 
0.170401365 0.21360372 0.884626865 150 181 199 
0.171199143 0.205977216 0.932748079 162 203 221 
0.178846389 0.171437413 0.965476036 148 189 208 
0.227421701 0.126896858 0.674120903 166 206 222 
0.243473023 0.121031284 0.721523821 144 178 202 
0.243117243 0.125997037 0.682678163 161 200 219 
0.24213925 0.121780217 0.774435401 145 179 201 
0.232790262 0.123710483 0.776512742 145 178 201 
0.241553009 0.123655796 0.780507445 144 179 202 
0.266201168 0.00477585196 0.969930053 151 193 207 
0.245918065 0.0126888454 0.976463437 159 200 214 
0.271843106 -0.0162085593 0.94409132 140 183 201 
0.263394058 0.0155331194 0.979266763 160 201 213 
0.234098911 0.150472194 0.824737072 145 183 204 
0.248878151 0.0773341656 0.958946943 189 226 235 
0.248666227 0.0773876607 0.958999395 189 226 235 
0.24884209 0.0774869919 0.958903909 189 226 235 
0.257871479 0.0375052392 0.988649726 171 213 223 
0.22525996 0.18414399 0.856364429 164 201 216 
0.237038374 0.125835687 0.963551164 172 207 219 
0.217258513 0.215051129 0.880265236 144 181 202 
0.204958111 0.217715621 0.883066356 142 178 199 
0.216331691 0.218258187 0.887178659 142 179 201 
0.225918412 0.170799762 0.974420309 171 212 228 
0.217717499 0.208755881 0.92914784 151 191 210 
0.223630846 0.181028962 0.96577239 165 206 224 
0.289383799 0.126197129 0.719289005 122 163 190 
0.290515661 0.122342557 0.710158527 121 163 190 
0.288630456 0.124665409 0.770896137 136 172 193 
0.287064672 0.129341692 0.790817559 136 172 195 
0.286754161 -0.0186209083 0.954944015 142 184 202 
0.318691015 -0.0171376169 0.966561437 160 204 220 
0.308287203 0.0242808163 0.98394835 168 204 216 
0.279566526 0.156376034 0.834646463 162 197 214 
0.249760836 0.0776526034 0.959023237 189 226 235 
0.305060834 0.0376473069 0.983541608 165 203 216 
0.293825209 0.0857893825 0.964404225 187 228 235 
0.278161466 0.161308914 0.844337702 166 202 218 
0.236043483 0.184045762 0.861334503 167 204 219 
0.272486359 0.181341141 0.882279098 169 209 225 
0.291720629 0.0945560336 0.963607669 184 224 232 
0.279097348 0.1486139 0.942440867 173 208 221 
0.267306417 0.199469298 0.918646932 163 201 218 
0.24563849 0.204722181 0.923885465 158 196 214 
0.278992563 0.149059653 0.942297935 173 208 221 
0.23399812 0.1790649 0.963564754 170 208 224 
0.328863621 0.128610343 0.716263413 121 161 188 
0.33598578 0.124155313 0.765414953 123 160 186 
0.335773408 0.129285604 0.71815747 121 161 188 
0.333231449 0.131784528 0.80708921 149 182 203 
0.364290625 -0.0118871033 0.977671981 159 203 222 
0.352404922 0.0368674695 0.981572986 166 206 221 
0.329842508 0.143802077 0.82913512 165 198 215 
0.290666103 0.156072944 0.840115309 169 203 219 
0.326528102 0.154884309 0.858150959 181 215 228 
0.338483393 0.0963743627 0.959458232 190 224 235 
0.322722226 0.0953124166 0.960612416 190 226 236 
0.337327987 0.101420224 0.956432581 190 224 235 
0.349631667 0.0480781496 0.984318018 169 209 223 
0.322925091 0.166490525 0.894595087 173 210 226 
0.301292717 0.176999062 0.902688742 169 207 224 
0.326352388 0.148531944 0.936806679 171 212 231 
0.28011921 0.149034351 0.942160368 173 208 222 
0.381474227 0.1309807 0.764129281 128 163 186 
0.383058071 0.126194268 0.744602501 129 165 188 
0.381689489 0.125643164 0.813559592 157 190 205 
0.359014273 0.131422311 0.819195092 157 191 208 
0.38087669 0.126908273 0.836815417 158 192 209 
0.396917701 0.0478403866 0.978992581 175 221 234 
0.393135697 0.0483218729 0.979670167 175 220 234 
0.396477759 0.0496762097 0.97878921 177 222 235 
0.407673866 0.00433549285 0.968612671 168 202 212 
0.378136963 0.13511005 0.871457458 159 196 213 
0.356004447 0.149047822 0.881471515 170 208 223 
0.375578731 0.143050909 0.900666296 156 197 215 
0.385659099 0.0965700746 0.954380631 193 228 236 
0.380956739 0.116427422 0.949607611 178 215 227 
0.3749865 0.142997175 0.928451657 150 192 215 
0.408603162 0.12507093 0.757933319 127 163 185 
0.432900012 0.108112007 0.798395455 136 170 190 
0.432640731 0.10651198 0.849911153 150 182 198 
0.41405189 0.121903926 0.860326886 158 191 208 
0.433527172 0.107338756 0.800026417 136 170 190 
0.429511487 0.117133498 0.875546455 171 202 216 
0.445251286 0.0434865355 0.971313 175 212 220 
0.439213812 0.0691026151 0.963840604 181 220 228 
0.451473296 0.0184975564 0.963341117 177 210 217 
0.426230848 0.127206147 0.914230406 144 175 189 
0.40786922 0.138761491 0.922534108 126 161 179 
0.434561551 0.0899809897 0.94542253 189 225 233 
0.449887097 0.0893837512 0.838698506 145 178 194 
0.480215788 0.0738847852 0.879291952 162 193 207 
0.447286487 0.107108325 0.900983691 184 214 225 
0.482023239 0.0514824092 0.919264317 173 212 224 
0.443941414 0.0834588408 0.940843821 184 220 228 
0.492977679 0.0415183604 0.964997768 182 217 228 
0.493692636 0.0404821336 0.943689585 179 214 225 
0.495661676 0.0307346284 0.961608291 186 217 227 
0.500458896 0.0331048667 0.959598899 184 216 226 
-0.66412276 -0.0105395615 0.592611134 146 180 189 
-0.697107136 -0.0100055039 0.596526206 139 170 180 
-0.683203816 -0.0294800997 0.636761904 170 206 215 
-0.664337456 -0.0115614533 0.613827944 143 178 189 
-0.694418728 0.0318390429 0.6189937 145 179 190 
-0.664580464 -0.0132329166 0.643553734 141 176 189 
-0.668653131 -0.000282019377 0.686618686 115 141 155 
-0.683174789 0.0643209517 0.635427952 144 181 192 
-0.680414796 0.0489843488 0.679139137 150 180 191 
-0.61678344 -0.0109867454 0.587165892 158 191 200 
-0.616501272 -0.0165871978 0.636445761 147 181 192 
-0.633817852 -0.0175265968 0.637837648 148 183 195 
-0.612676501 -0.0361074507 0.677764297 142 172 184 
-0.61707288 -0.0363134444 0.678135335 142 173 184 
-0.60823828 -0.0580382049 0.717704058 161 204 213 
-0.610406935 -0.0575397909 0.718213499 160 202 212 
-0.608277261 -0.0580954254 0.720132649 161 203 212 
-0.616895676 -0.0195292234 0.687246323 141 173 184 
-0.623417199 0.00676873326 0.694419801 145 179 189 
-0.611738205 -0.0442858934 0.725569785 145 184 194 
-0.640587389 0.0825452507 0.640661955 163 201 211 
-0.634463549 0.0539913177 0.676813483 160 193 203 
-0.57068181 -0.00657048821 0.584502339 149 184 196 
-0.570894003 -0.0102284253 0.634893239 161 191 202 
-0.609459102 -0.034470588 0.678301215 140 170 182 
-0.571567833 -0.00883457065 0.650339782 152 181 193 
-0.605643749 -0.0563869178 0.71831727 159 201 211 
-0.573813736 -0.00324815512 0.691368878 149 181 192 
-0.617025495 0.00489190221 0.700545371 146 179 190 
-0.571914852 -0.0152010322 0.737015486 153 190 199 
-0.602379858 -0.0144030452 0.740797281 129 163 173 
-0.572763562 -0.0130003393 0.751523137 168 207 213 
-0.630627811 0.088473022 0.642792165 161 198 210 
-0.589698911 0.0636607111 0.677154422 156 190 201 
-0.595598817 0.0899595916 0.655779839 153 189 203 
-0.584145546 0.037348181 0.714588106 153 189 199 
-0.581928372 0.0241445601 0.759519398 162 198 207 
-0.597428501 0.0985241234 0.644611657 152 189 204 
-0.525167108 0.000151574612 0.583157599 147 183 199 
-0.525233507 -0.00407934189 0.633220732 150 182 194 
-0.522808075 -0.0181015432 0.677683949 151 184 195 
-0.532614172 -0.0158707798 0.679975033 145 177 190 
-0.522957861 -0.0184868872 0.688845754 157 191 202 
-0.523669302 -0.0192092657 0.729533494 172 206 215 
-0.525776386 -0.0146189034 0.775260806 134 166 176 
-0.544172525 0.0703369677 0.675783515 156 191 203 
-0.550958514 0.099958688 0.658161044 157 194 206 
-0.542254269 0.0583075583 0.721386492 133 167 183 
-0.570754886 0.0344453752 0.763895094 158 193 203 
-0.541895628 0.0550935566 0.740635574 138 172 186 
-0.537961304 0.0356169641 0.776438892 149 180 189 
-0.553208828 0.110334337 0.646177113 155 193 206 
-0.540453613 0.0467404425 0.767253757 146 180 191 
-0.49329412 -0.00186783075 0.578556657 151 186 201 
-0.480282038 0.00485602021 0.633141935 150 184 196 
-0.477597713 -0.00196602941 0.585712731 155 189 204 
-0.478039205 -0.00844845176 0.67801559 144 177 189 
-0.478137791 -0.00937736034 0.692862213 147 180 192 
-0.479408652 -0.00755950809 0.731007218 151 185 196 
-0.482155085 0.000425308943 0.768367648 137 168 177 
-0.506429315 0.112086862 0.641990006 163 204 217 
-0.531606436 0.112440497 0.644949019 158 197 210 
-0.502915263 0.0937875211 0.684006691 144 183 198 
-0.496028185 0.0622347593 0.718443155 149 184 196 
-0.490758628 0.0370375216 0.756514668 151 187 197 
-0.525446773 0.0454119146 0.764881968 149 183 193 
-0.431507409 -0.00123086572 0.624471009 158 194 206 
-0.430397391 -0.00463965535 0.611389875 163 199 211 
-0.433276892 0.00123000145 0.678361773 149 182 195 
-0.430936068 -0.0120578408 0.718551993 149 185 196 
-0.430866182 -0.0127341449 0.722858071 149 185 196 
-0.431464493 -0.014874965 0.774116814 171 211 218 
-0.464427888 -0.00385257602 0.783735156 147 179 187 
-0.434124291 -0.00635951757 0.801602364 194 230 234 
-0.457831442 0.106694728 0.633716464 173 216 227 
-0.455546528 0.0932249129 0.678495407 171 206 217 
-0.478756011 0.0795529187 0.725966036 154 188 200 
-0.456130505 0.0924960673 0.713404 159 194 205 
-0.449317038 0.0597639382 0.764323652 135 173 188 
-0.451232791 0.0682503283 0.757974327 137 174 189 
-0.441706032 0.0253666341 0.797133207 166 208 217 
-0.455965221 0.0903781652 0.729350448 153 188 201 
-0.386479557 0.00740429759 0.62422049 153 190 206 
-0.385536134 0.00426605344 0.615781069 155 193 208 
-0.385845184 0.000419825315 0.672708929 151 188 201 
-0.382900625 -0.0156419277 0.716005504 144 180 194 
-0.427290499 -0.0132177174 0.722202063 148 184 195 
-0.383508623 -0.0158559382 0.746296227 154 191 202 
-0.38408348 -0.0154859722 0.768577874 160 198 207 
-0.389390528 0.00317743421 0.804833174 171 207 213 
-0.411718428 0.111065954 0.631027162 170 215 228 
-0.408859104 0.0953392088 0.674515247 164 202 213 
-0.405132174 0.0762032568 0.716053605 148 183 197 
-0.444312572 0.0878897011 0.72671628 153 187 199 
-0.434910655 0.0673255622 0.766854048 131 169 185 
-0.406403095 0.0773122609 0.762078404 131 168 185 
-0.400152534 0.0476534069 0.804690778 168 208 219 
-0.403178811 0.061350733 0.791420102 153 192 206 
-0.406955689 0.0788765252 0.770065725 132 169 186 
-0.354648709 0.00885054469 0.621509433 155 194 211 
-0.337913632 -0.00235447288 0.665932715 155 194 207 
-0.338619947 0.0029990077 0.638872504 155 195 211 
-0.336428136 -0.0126831234 0.712508321 152 188 199 
-0.334595412 -0.0243761241 0.758303702 147 181 192 
-0.364019185 -0.0207431912 0.763513267 154 191 201 
-0.333972871 -0.0300908387 0.793226242 138 176 189 
-0.336761624 -0.0203562975 0.813085973 145 183 194 
-0.351838768 0.000559031963 0.826120436 164 199 207 
-0.340095997 -0.00986334682 0.849568009 163 198 208 
-0.367702127 0.123675734 0.633049905 164 209 225 
-0.365234673 0.109488815 0.677418709 170 207 222 
-0.361612916 0.0907660425 0.719193399 159 195 209 
-0.356334925 0.0655356944 0.757245898 158 198 211 
-0.398539364 0.0761289895 0.767646253 135 172 189 
-0.386855543 0.0561171472 0.807833731 170 211 221 
-0.357860416 0.0679933727 0.799971342 169 211 222 
-0.37500459 0.0361457467 0.848024845 145 180 190 
-0.351641059 0.0372047722 0.856569231 149 184 195 
-0.357963264 0.0674420893 0.810819507 171 213 224 
-0.357585341 0.0614653826 0.859884262 130 165 180 
-0.315527678 -0.00452032685 0.662294567 158 197 212 
-0.287219167 -0.0204765797 0.702861369 155 194 206 
-0.287234366 -0.02039361 0.702636838 155 194 206 
-0.288795203 -0.0187757313 0.756317377 152 187 197 
-0.287214994 -0.0294766128 0.802680135 140 175 187 
-0.311996639 -0.030991286 0.804579318 135 172 185 
-0.287756026 -0.027895838 0.809953511 141 176 188 
-0.294228673 -0.00593805313 0.863114476 141 175 189 
-0.325931489 0.145109385 0.640119553 169 212 225 
-0.325186998 0.137692302 0.688360333 150 190 209 
-0.317573547 0.103285342 0.721164405 161 199 214 
-0.315921098 0.0923005939 0.76736474 166 204 216 
-0.314966261 0.0866371095 0.786461353 173 212 223 
-0.295397043 -0.00181904435 0.87098223 144 180 194 
-0.31707871 0.0273264647 0.889219522 171 211 222 
-0.301829398 0.0216039717 0.906010151 172 207 218 
-0.313198954 0.0771127939 0.81116128 182 224 232 
-0.315711468 0.0824932754 0.866721809 145 182 195 
-0.345656663 0.0616032183 0.911006033 134 163 174 
-0.316745967 0.0853628218 0.882329285 136 172 185 
-0.310855508 0.0562024415 0.935934067 130 163 176 
-0.3165721 0.0813830793 0.918570042 125 156 170 
-0.287148029 -0.0204910338 0.702845633 155 194 206 
-0.243679911 -0.0104842484 0.755870283 144 183 196 
-0.240949839 -0.0185337663 0.71998024 152 193 204 
-0.24373281 -0.0147681832 0.805903196 122 155 170 
-0.243727833 -0.0148662031 0.806763768 122 156 171 
-0.249394774 0.0031028986 0.867257059 135 168 183 
-0.244043022 -0.0225330591 0.906428337 157 189 200 
-0.248207539 -0.0200373828 0.908243597 156 188 199 
-0.24902904 0.00129231811 0.870585382 136 169 183 
-0.243926883 -0.0239655375 0.917016268 164 197 207 
-0.277068555 0.138675392 0.631250083 164 212 232 
-0.320968479 0.140584171 0.689469934 151 190 209 
-0.282224894 0.155541569 0.680558264 165 202 217 
-0.273508132 0.115701944 0.723076642 146 186 202 
-0.279271781 0.140922338 0.707432389 154 192 207 
-0.269254059 0.0944948494 0.763430297 157 199 214 
-0.267493129 0.0830838382 0.809386969 165 203 211 
-0.279081732 0.0822030604 0.81018126 170 209 217 
-0.267069936 0.0805178583 0.818472445 161 198 207 
-0.249483019 0.00333407521 0.868740082 134 168 182 
-0.260264575 0.0182381272 0.93039 142 175 184 
-0.254499704 0.0182897747 0.932864904 140 175 183 
-0.282647461 0.156104654 0.693701923 164 200 215 
-0.265184641 0.069521457 0.854113042 144 181 194 
-0.263696462 0.0591822863 0.900682747 129 163 177 
-0.292482644 0.0744736493 0.912164271 123 154 169 
-0.256763428 0.027448684 0.935015678 134 168 177 
-0.197703034 -0.00557810068 0.753486872 152 187 199 
-0.195306718 -0.0134986043 0.731486559 154 191 204 
-0.234084457 -0.0121331811 0.806276381 128 161 176 
-0.199490547 -0.00287154317 0.805476546 152 185 196 
-0.228685006 0.134125173 0.623458147 173 222 238 
-0.262531787 0.136374325 0.628400922 164 214 233 
-0.229002923 0.133142829 0.648970127 179 220 234 
-0.199732244 -0.00209653378 0.807961345 152 185 196 
-0.197420269 -0.0156727135 0.85267961 157 193 206 
-0.248650551 0.00269520283 0.868301094 134 168 182 
-0.198687524 -0.0151852369 0.905441523 180 219 228 
-0.199145675 -0.0146635771 0.920678973 178 215 224 
-0.229070127 0.13114664 0.674237609 184 219 230 
-0.272417665 0.152335554 0.690527439 163 200 215 
-0.224549487 0.108892083 0.713992238 168 206 219 
-0.221050918 0.0906535387 0.756043792 168 207 220 
-0.222664446 0.0925016701 0.809584081 177 218 229 
-0.222610861 0.0914146006 0.819203556 171 211 223 
-0.204975545 0.00952205062 0.919572949 171 209 218 
-0.246602625 0.0215449035 0.930687547 140 175 184 
-0.21233432 0.0405412018 0.912722886 157 192 202 
-0.220683008 0.0802243054 0.85504508 142 178 192 
-0.217725903 0.0641132593 0.898313582 155 188 199 
-0.150700629 -0.00470137596 0.748798907 166 202 213 
-0.150067747 -0.00646266341 0.739314914 170 206 217 
-0.152326316 -0.00280544162 0.802366436 160 190 201 
-0.193403393 -0.00228661299 0.807162464 153 186 197 
-0.152323365 -0.00538107753 0.830852091 153 183 194 
-0.179009363 0.124498099 0.612762392 170 214 234 
-0.18017745 0.12459603 0.665301502 192 229 238 
-0.200770915 0.128483325 0.669679105 189 224 234 
-0.174646705 0.0983724892 0.702786028 168 208 222 
-0.197495282 0.106436312 0.709683418 165 204 218 
-0.176477849 0.104109436 0.723103821 172 210 224 
-0.151881963 -0.00904324651 0.851281881 148 179 190 
-0.152449787 -0.0113039315 0.902472019 161 199 208 
-0.154118434 -0.00657945871 0.926580548 166 202 210 
-0.176831752 0.102466196 0.757610619 173 212 223 
-0.214350939 0.0978706777 0.811591208 174 215 226 
-0.179744691 0.110197037 0.805438578 155 193 207 
-0.194381803 0.0341846049 0.931824923 156 192 203 
-0.162076712 0.0227328241 0.966221929 171 200 204 
-0.180515379 0.112448305 0.81580317 158 195 209 
-0.17636168 0.0916355848 0.85638237 159 197 210 
-0.171702355 0.0688360929 0.895825326 132 164 179 
-0.174270064 0.0744334161 0.951509833 165 202 211 
-0.130461052 0.119300395 0.604600072 176 217 236 
-0.151755974 0.121993005 0.608404875 177 219 236 
-0.130983144 0.119964004 0.621195555 186 224 239 
-0.135569602 -0.00664237142 0.746080279 169 206 217 
-0.102583595 -0.0126962364 0.79151988 154 188 201 
-0.102246128 -0.012212038 0.770646095 156 192 205 
-0.103633083 -0.0130643249 0.843792558 158 195 207 
-0.134803712 -0.0109428167 0.848371863 148 182 193 
-0.104477137 -0.0112523139 0.862407327 158 193 204 
-0.13069281 0.115719318 0.655034959 192 230 239 
-0.130890593 0.112004578 0.705393553 186 221 233 
-0.13086006 0.109269887 0.734379828 178 214 226 
-0.112035953 0.0129220188 0.911209643 158 191 202 
-0.111466631 0.0132640004 0.910865128 158 191 202 
-0.129944861 0.10379675 0.753182173 172 208 221 
-0.12990284 0.0991397798 0.803001821 150 191 206 
-0.167730659 0.109154791 0.812606692 157 196 210 
-0.128873259 0.0906025767 0.85060209 164 203 218 
-0.142364055 0.0924548209 0.853092134 164 204 218 
-0.129096091 0.0904527605 0.862496316 162 200 214 
-0.111517094 0.0134221613 0.911424696 158 191 202 
-0.119236834 0.0416451395 0.952218175 182 222 231 
-0.127809793 0.0819320977 0.898126185 154 186 197 
-0.127270162 0.0753198564 0.946827412 170 206 215 
-0.0825475454 0.116597116 0.597864449 176 214 235 
-0.0809362307 0.105774075 0.644157231 182 221 234 
-0.101291105 0.111367881 0.649436951 187 224 236 
-0.0812079087 0.104543418 0.670305192 175 213 226 
-0.0877343789 -0.0179040134 0.787055194 157 191 205 
-0.0548143834 -0.0193243623 0.835022628 165 203 217 
-0.0531579107 -0.0242315531 0.813503623 167 205 219 
-0.0568021312 -0.0160058141 0.88940376 157 192 200 
-0.0594923571 -0.0155540407 0.889945149 157 192 200 
-0.0569490418 -0.015548557 0.891067326 157 192 200 
-0.0810399875 0.101689905 0.694304526 175 214 224 
-0.0845711976 0.111108422 0.751762331 156 195 211 
-0.110519178 0.0132891238 0.911242664 158 191 202 
-0.0646279678 0.0123807788 0.933251023 158 193 202 
-0.0845971555 0.11117512 0.752212822 156 194 211 
-0.0822394788 0.0974194109 0.796828389 172 207 220 
-0.0812176242 0.0889124572 0.844445944 157 194 209 
-0.0834442601 0.0954448283 0.87408179 161 199 213 
-0.0730158761 0.0438198149 0.968982935 155 193 203 
-0.0842390284 0.0962925255 0.901150227 168 204 218 
-0.0829967782 0.0869195759 0.948272347 159 199 214 
-0.0370616503 0.123432517 0.596584558 185 223 237 
-0.0347747877 0.109955102 0.64135915 182 222 234 
-0.0346100628 0.104852319 0.690499604 164 198 209 
-0.00873363763 -0.014826268 0.832405865 173 212 226 
-0.00792574883 -0.0171619356 0.821269989 170 209 223 
-0.00827251375 -0.0211299658 0.881283522 178 215 226 
-0.00960543007 -0.0189315379 0.918048501 144 174 186 
-0.0346186906 0.104849905 0.690922439 164 198 209 
-0.0372171029 0.110567898 0.746676028 154 193 210 
-0.0832377523 0.111251742 0.752105117 156 195 211 
-0.0383034125 0.113051265 0.768953204 160 198 214 
-0.0188160688 0.0165804029 0.946293235 155 191 202 
-0.0385338813 0.111250043 0.799549401 154 189 205 
-0.0371293053 0.101239294 0.84630686 155 190 206 
-0.0375083089 0.0990304053 0.888252914 163 202 216 
-0.0301856175 0.0649721622 0.930530071 166 202 214 
-0.0451628938 0.0703020394 0.935075164 162 199 212 
-0.0346936211 0.0850964487 0.913867295 165 203 216 
-0.0377490893 0.0991827846 0.897613883 167 206 220 
-0.0328311548 0.105098277 0.690861106 163 197 208 
0.0262988508 -0.0131428838 0.829472005 178 216 229 
0.00933295488 -0.0217351615 0.931377292 144 176 188 
0.00068770349 0.108725488 0.793866158 148 186 206 
-0.00571332872 0.0158168375 0.953458548 156 193 205 
-0.016352132 0.0772754848 0.935702801 174 210 221 
-0.477035016 -0.00341066718 0.575930655 153 188 204 
-0.429917574 -0.00298604369 0.570984066 171 206 220 
-0.383620828 0.000663369894 0.567881882 171 212 226 
-0.333839804 -0.00937789679 0.556949317 178 221 235 
-0.346182317 -0.00745424628 0.559351981 176 218 233 
-0.333440304 -0.012557894 0.573944986 172 215 229 
-0.339148849 0.00699093938 0.61879462 157 197 215 
-0.285397559 -0.0141587555 0.549025416 167 211 229 
-0.285791904 -0.0171009302 0.59982568 154 199 218 
-0.291722476 -0.0171124041 0.600471139 155 200 218 
-0.285842359 -0.0171999633 0.603240669 154 199 218 
-0.290538251 -0.00294333696 0.660406411 162 200 217 
-0.237159818 -0.0181361139 0.541561067 166 210 230 
-0.239218324 -0.0145394504 0.596101284 160 200 218 
-0.239798635 -0.0141480863 0.618392706 163 201 217 
-0.241233498 -0.0111132264 0.650544167 167 203 218 
-0.240099251 -0.0200617611 0.697909176 162 202 213 
-0.190517977 -0.0158427358 0.537683308 156 203 225 
-0.221192673 -0.0183952153 0.53966552 162 207 228 
-0.189778596 -0.0206956863 0.557665884 156 202 222 
-0.190172613 -0.0216915607 0.586821139 158 199 218 
-0.190012783 -0.0268113911 0.636376083 161 199 215 
-0.216663584 -0.0217848122 0.642039001 167 202 217 
-0.190929919 -0.0250809491 0.659252644 155 191 208 
-0.193396688 -0.0180069506 0.693894923 151 188 203 
-0.144218549 -0.0122038424 0.534575105 163 211 231 
-0.145139366 -0.0106906891 0.560036242 158 204 223 
-0.147379488 -0.00427544117 0.591592848 152 195 213 
-0.146575406 -0.0119267404 0.639699936 156 189 207 
-0.146781087 -0.0126482546 0.657160282 157 191 208 
-0.14837268 -0.00935664773 0.693653047 165 203 216 
-0.0979964137 -0.00826135278 0.531640589 172 214 231 
-0.0990941003 -0.00764641166 0.575202346 152 197 215 
-0.099713333 -0.0060069263 0.585413098 151 196 213 
-0.102109678 -0.00108292699 0.640712619 147 185 205 
-0.103140682 0.00230118632 0.650441349 147 185 204 
-0.104825594 0.00509676337 0.696730256 148 186 204 
-0.102491714 -0.00856542587 0.741399348 160 200 212 
-0.0519552603 -0.00360772014 0.529112816 166 205 224 
-0.0518865585 -0.0083694458 0.578872383 152 188 208 
-0.0845563263 -0.00816312432 0.582574606 149 191 210 
-0.0506827459 -0.016315192 0.61190027 146 181 201 
-0.0859746262 0.00984755158 0.644885659 146 183 203 
-0.0600674376 0.0200583637 0.63856107 152 189 208 
-0.0608239695 0.0222560465 0.648872018 148 183 203 
-0.0593767241 0.0120776594 0.695533574 140 180 199 
-0.0566761047 -0.00302556157 0.739378452 148 185 202 
-0.0541577861 -0.0174124837 0.783632934 173 210 223 
-0.00575649738 0.00042667985 0.526230812 154 193 214 
-0.00821095705 0.00557908416 0.581660807 157 191 210 
-0.00820425898 0.00438627601 0.594607532 153 186 206 
-0.0148538053 0.0272197127 0.646158874 150 185 203 
-0.0148662329 0.0272374749 0.646531701 150 185 203 
-0.0148997977 0.022877574 0.696521163 133 172 195 
-0.0105925798 0.0014616251 0.736755431 137 178 199 
-0.00856985152 -0.0109780431 0.782123685 151 188 205 
0.0376117602 0.0155827701 0.529709935 138 176 201 
0.0225638896 0.0177645981 0.58490783 140 175 197 
0.0345276073 0.0238334835 0.57962054 135 171 194 
0.0341303498 0.0247703493 0.587447882 135 170 193 
0.030998528 0.0325841904 0.644400299 129 168 191 
-0.0127284527 0.0275762975 0.646481097 149 184 203 
0.0309658647 0.0313809216 0.659271777 131 169 193 
0.031843096 0.0247738957 0.69241631 140 178 198 
0.0366004929 0.00158905983 0.731638849 135 173 194 
0.0402566716 -0.0172688067 0.773336172 148 188 208 
0.0376790464 -0.0116324723 0.82904315 179 216 228 
0.85670954 -0.0483230054 0.404937804 156 195 205 
0.848152101 -0.0479245484 0.406094909 158 197 207 
0.856618047 -0.0484747589 0.410823911 159 199 208 
0.805090368 -0.0310594141 0.420001239 138 175 189 
0.852980733 -0.0381633341 0.463231772 165 197 205 
0.806888819 -0.0426175296 0.465873629 168 203 212 
0.853506148 -0.0431540012 0.494568437 159 195 204 
0.806747019 -0.0426645875 0.47290644 170 204 213 
0.817713976 -0.018583864 0.530115724 152 187 194 
0.802048743 -0.0280914903 0.526665092 149 186 193 
0.84327215 -0.00257596374 0.513500214 164 195 202 
0.80207324 -0.0296120942 0.542437851 149 184 191 
0.829818785 0.0573373735 0.465370744 133 164 179 
0.795742333 0.0629715621 0.472180218 130 161 177 
0.834091425 0.0360574424 0.505682707 163 196 205 
0.819465578 0.0458738208 0.512629867 166 201 210 
0.810066223 0.0207588971 0.55235815 140 175 184 
0.792879045 0.00581812859 0.570832729 170 209 215 
0.781299412 0.0624215305 0.473468095 131 162 177 
0.780210972 0.0622063577 0.525828123 150 185 198 
0.785876155 0.035454601 0.563010573 143 180 190 
0.904071152 -0.0488580167 0.399442345 174 206 214 
0.902423024 -0.0442408025 0.423803121 184 212 219 
0.888112783 -0.0198982954 0.469307154 152 178 186 
0.892117023 -0.00330629945 0.442079633 174 202 207 
0.892855406 -0.00928023458 0.474562138 154 182 189 
0.886278272 0.0155135691 0.501009107 164 199 206 
0.878831565 0.0503149927 0.456164807 167 208 217 
0.881541848 0.0351738036 0.499987751 160 194 200 
0.937563479 -0.0262831748 0.408042461 167 197 206 
0.896879852 0.00506350398 0.429565281 183 212 217 
0.893643796 0.0454740822 0.451903731 163 202 212 
0.891003072 0.021995157 0.491779059 173 208 212 
0.812878609 0.0102077723 -0.396126628 150 184 195 
0.778146386 0.012211442 -0.391220063 136 168 180 
0.812600017 0.00903847814 -0.370341748 149 184 194 
-0.670916021 0.0134555995 -0.754885793 159 193 203 
-0.685789943 0.00582280755 -0.757403493 165 199 209 
-0.68825841 0.0170553625 -0.768896282 144 177 190 
-0.685227156 0.0020494163 -0.741311252 166 201 212 
-0.646446168 0.0367921293 -0.744879901 160 196 206 
-0.653428614 0.0655365884 -0.743730426 169 210 218 
-0.697269619 0.051579982 -0.738836646 122 153 167 
-0.644701958 0.0254467726 -0.698885739 154 191 205 
-0.690461457 0.0196864605 -0.696990907 135 168 184 
-0.645409644 0.0258390605 -0.670755446 164 199 210 
-0.691733718 0.0241748989 -0.688458562 134 167 182 
-0.65872401 0.0850348771 -0.717287183 166 205 214 
-0.677708209 0.0941993296 -0.710215807 161 197 207 
-0.708444953 0.0968181491 -0.728471339 153 186 197 
-0.661203682 0.093941927 -0.702421784 164 201 211 
-0.647513032 0.0320002735 -0.6426543 158 192 205 
-0.692207932 0.0220567882 -0.643151999 174 213 221 
-0.645589292 0.019949764 -0.597063422 155 192 205 
-0.691525459 0.0148834884 -0.594771624 149 185 198 
-0.647531569 0.0262589753 -0.578001797 142 178 193 
-0.692116499 0.0159852207 -0.579878151 148 182 197 
-0.712729633 0.111675709 -0.696860433 152 189 201 
-0.692506373 0.108971536 -0.648196161 148 188 203 
-0.71012646 0.0969554186 -0.652796626 148 189 202 
-0.668129086 0.118140697 -0.653380334 151 187 203 
-0.711099327 0.0998734534 -0.640562415 144 185 199 
-0.648409009 0.0265372396 -0.540812552 148 183 197 
-0.694147587 0.0206946731 -0.538964748 151 184 198 
-0.649285614 0.0254899859 -0.488928378 158 196 211 
-0.663880467 0.0245409012 -0.487840861 157 194 208 
-0.695393503 0.0221229494 -0.497635633 151 187 200 
-0.649413884 0.0254923105 -0.483067095 158 196 211 
-0.668418109 0.118633628 -0.645587087 149 185 202 
-0.669803798 0.119586259 -0.59255904 150 192 209 
-0.71351254 0.105767936 -0.595273018 142 183 200 
-0.671769857 0.126079291 -0.574448168 146 191 208 
-0.715151846 0.109850705 -0.565377891 140 180 197 
-0.696407318 0.0250819325 -0.483972281 153 189 202 
-0.65314126 0.0361478925 -0.43034932 157 196 213 
-0.699165463 0.031427592 -0.427859664 150 185 202 
-0.654383302 0.0400084257 -0.416226238 157 196 214 
-0.699416399 0.0319533348 -0.42218104 150 185 202 
-0.672876418 0.127167702 -0.53573966 143 187 207 
-0.715310633 0.108341515 -0.54131794 131 170 189 
-0.675382853 0.133880585 -0.495263666 150 193 212 
-0.719427526 0.12093237 -0.492223591 142 182 200 
-0.655321777 0.0402238965 -0.375534892 154 195 215 
-0.703157306 0.0426208973 -0.368974447 149 187 205 
-0.658317089 0.049397707 -0.339960873 157 199 218 
-0.704124868 0.0451776385 -0.352965504 151 189 207 
-0.677218854 0.139738381 -0.476066679 153 196 216 
-0.720310748 0.123496473 -0.480166823 143 184 201 
-0.681158841 0.152389497 -0.435762674 157 204 224 
-0.724136472 0.134158999 -0.423012316 139 182 203 
-0.660950541 0.0578489304 -0.312970966 159 201 220 
-0.70648396 0.0512003601 -0.311584175 156 194 212 
-0.663698435 0.0659530759 -0.276868701 154 198 219 
-0.707738042 0.0529797971 -0.273782551 156 195 213 
-0.683462203 0.159778237 -0.412121624 160 207 228 
-0.724225163 0.134385347 -0.421455711 138 181 203 
-0.684589088 0.159714341 -0.35967496 159 207 227 
-0.72710675 0.141216099 -0.365065664 148 193 212 
-0.684772253 0.16019249 -0.3565813 159 208 227 
-0.728156805 0.14397651 -0.347534209 150 195 214 
-0.665260017 0.0702901483 -0.253372014 155 199 220 
-0.70870167 0.0554223061 -0.25668627 155 195 213 
-0.665262401 0.0658075809 -0.203452632 158 203 222 
-0.701244056 0.0660735369 -0.199354053 153 195 214 
-0.712324619 0.0656002462 -0.203456968 152 192 211 
-0.687279165 0.165792614 -0.303715318 158 209 232 
-0.729286671 0.14528963 -0.310252607 153 197 216 
-0.688501656 0.168570131 -0.278456271 156 209 232 
-0.732093632 0.153380722 -0.271296233 151 196 216 
-0.71254611 0.0660361648 -0.198132426 152 192 211 
-0.690184772 0.17271772 -0.247271299 159 211 235 
-0.73337245 0.156851977 -0.251156271 151 197 218 
-0.690894723 0.171015501 -0.19576171 156 209 233 
-0.733105004 0.151309431 -0.201843202 152 198 219 
-0.691179216 0.171740562 -0.190759003 156 209 232 
-0.73445487 0.154985398 -0.180720642 148 195 219 
-0.692625225 0.173322976 -0.141958743 153 205 230 
-0.735583961 0.156557739 -0.146358222 146 194 218 
-0.596303761 0.0343144834 -0.856452823 174 218 222 
-0.597214639 0.0357804 -0.855555296 174 219 222 
-0.596785843 0.0362882912 -0.856252551 174 219 222 
-0.596549153 0.0351163447 -0.854098201 176 220 223 
-0.598380864 0.0424760282 -0.851784825 170 214 219 
-0.599246383 0.0413849056 -0.799925685 184 222 226 
-0.617869794 0.0491349399 -0.793663263 178 221 228 
-0.605252683 0.0681179464 -0.821238816 157 196 205 
-0.596094728 0.0245094597 -0.757094502 169 213 222 
-0.617309451 0.0264306962 -0.753718138 164 203 212 
-0.596667707 0.025618583 -0.743113279 166 210 220 
-0.606531441 0.0700096786 -0.7835536 162 200 210 
-0.610579014 0.0844009221 -0.757645965 153 190 203 
-0.598574042 0.0297597051 -0.701608419 152 192 204 
-0.598828018 0.0262655914 -0.651123703 156 192 204 
-0.599417508 0.0262755454 -0.651053548 156 192 204 
-0.598837912 0.0262772739 -0.650798678 156 192 204 
-0.615068614 0.0990628302 -0.71445334 157 195 209 
-0.616670072 0.104469508 -0.701012075 156 197 211 
-0.600431919 0.0280759037 -0.597605109 150 188 204 
-0.600007951 0.0219846964 -0.54938221 155 194 210 
-0.623295307 0.127182394 -0.649239182 150 192 211 
-0.600000381 0.0218886137 -0.548660815 156 194 210 
-0.602130473 0.0257663131 -0.493959755 151 192 208 
-0.603186369 0.0276343524 -0.466242462 156 196 212 
-0.623596549 0.128079295 -0.64537406 150 192 211 
-0.648206174 0.138048142 -0.584889293 141 186 206 
-0.628996551 0.145321518 -0.589058399 136 182 203 
-0.604608715 0.0310122073 -0.438476175 161 201 219 
-0.606298625 0.0331604183 -0.384764344 163 205 223 
-0.609356165 0.0332523286 -0.384378344 162 204 223 
-0.606303871 0.0329827368 -0.382548809 163 205 224 
-0.62951386 0.146838039 -0.582161784 137 183 204 
-0.631331325 0.149487436 -0.528163254 155 200 219 
-0.632646322 0.153304636 -0.51020813 157 202 221 
-0.612251699 0.0523425043 -0.324611872 166 209 227 
-0.634094834 0.155854315 -0.472038537 165 210 229 
-0.636897922 0.164267331 -0.43683511 172 218 234 
-0.612560928 0.0532749593 -0.320776552 166 209 227 
-0.616875947 0.0657380223 -0.261165082 168 211 231 
-0.622210681 0.0668490529 -0.259974509 166 209 230 
-0.616881013 0.0651748478 -0.254675806 167 210 231 
-0.639344931 0.171991408 -0.410325706 179 226 239 
-0.663919389 0.166467071 -0.35827288 167 216 234 
-0.640753925 0.173271358 -0.359861583 176 226 242 
-0.616659582 0.0603957474 -0.211737424 164 209 230 
-0.640871346 0.1734972 -0.356981248 175 226 242 
-0.644030869 0.181419998 -0.299966604 172 224 242 
-0.644908428 0.183753133 -0.285604537 173 226 243 
-0.647553384 0.190769136 -0.242136151 176 229 244 
-0.680234611 0.176386297 -0.19401145 159 214 236 
-0.648455977 0.191230476 -0.205824479 172 227 244 
-0.648737669 0.190930635 -0.189560622 172 228 245 
-0.650074899 0.191692948 -0.136641413 174 230 247 
-0.545588791 0.0250954032 -0.919398308 179 220 231 
-0.553025723 0.0281219482 -0.916934729 179 222 232 
-0.547247589 0.0321255624 -0.921363592 176 219 229 
-0.544966817 0.0208346844 -0.900607824 163 205 215 
-0.553144693 0.0547842979 -0.90241766 160 198 208 
-0.547801673 0.0292984545 -0.864511251 155 195 204 
-0.555245399 0.0616333783 -0.882081509 155 193 201 
-0.545537531 0.015910238 -0.819685459 169 216 224 
-0.558172405 0.022390455 -0.814771891 176 221 226 
-0.546311975 0.0174092352 -0.800785303 167 213 222 
-0.59847492 0.0766691864 -0.833173752 151 190 201 
-0.56555295 0.102575272 -0.863818526 148 186 199 
-0.55248034 0.0386984646 -0.75416851 144 184 199 
-0.552543879 0.0381748378 -0.745432794 142 182 197 
-0.567084193 0.105064422 -0.821176529 157 192 204 
-0.572757781 0.101247877 -0.770271659 150 188 203 
-0.567930579 0.10426119 -0.773392379 151 189 203 
-0.550459385 0.0262659192 -0.708796144 145 185 200 
-0.551320434 0.0251574218 -0.656947017 165 205 217 
-0.551597595 0.0234054327 -0.624757171 147 190 208 
-0.567817569 0.103454083 -0.769614398 149 188 202 
-0.59459132 0.114317209 -0.708405375 144 184 202 
-0.5735147 0.121820003 -0.712144732 134 173 194 
-0.552675545 0.0259901583 -0.603987575 144 186 207 
-0.553079963 0.0230872631 -0.553164721 143 187 207 
-0.599281013 0.0218228102 -0.548775673 155 194 210 
-0.553505719 0.0227668583 -0.530057728 146 189 209 
-0.574611843 0.12565878 -0.704431176 134 173 194 
-0.578871369 0.138253301 -0.648828268 158 197 212 
-0.554561079 0.024415195 -0.499922007 148 191 211 
-0.556239843 0.026519537 -0.446235269 148 194 216 
-0.561146617 0.0265671015 -0.445670158 149 195 216 
-0.556358337 0.0268038809 -0.443953544 148 194 216 
-0.578991711 0.138376772 -0.644673824 159 198 213 
-0.584761143 0.157325268 -0.59036231 145 189 212 
-0.559080482 0.0331894457 -0.389937192 168 212 231 
-0.560524285 0.0373423398 -0.369800657 169 214 233 
-0.585787117 0.160585493 -0.579488277 146 189 213 
-0.586501122 0.158899367 -0.527969539 167 212 232 
-0.588013351 0.16334042 -0.507894397 171 218 236 
-0.563135266 0.0446299314 -0.330910593 167 213 234 
-0.60854876 0.0518017709 -0.322018832 166 209 227 
-0.564763784 0.0482448637 -0.296316981 167 214 235 
-0.59153533 0.174188167 -0.46674189 175 224 242 
-0.593249083 0.17917487 -0.443476975 176 227 243 
-0.565791965 0.0505769253 -0.275025994 165 215 236 
-0.567598045 0.0531816781 -0.221053004 170 219 240 
-0.586241901 0.0527151823 -0.21925807 169 215 235 
-0.596539557 0.189359337 -0.405581504 186 237 248 
-0.598136246 0.193283588 -0.375887305 187 239 249 
-0.601154566 0.203001022 -0.345295876 184 235 247 
-0.599572718 0.192293644 -0.298936844 190 240 251 
-0.600407362 0.194441855 -0.284491032 190 240 251 
-0.605606198 0.211509094 -0.235463321 190 243 252 
-0.605905652 0.211576253 -0.22246334 189 243 252 
-0.606807351 0.211736858 -0.182849854 191 246 254 
-0.628865778 0.207173765 -0.130550638 182 236 250 
-0.609768987 0.220616654 -0.145556599 193 246 254 
-0.610750198 0.222737342 -0.124074914 191 245 254 
-0.495482057 0.0137740374 -0.931063056 169 215 230 
-0.50371933 0.0476299524 -0.92910254 179 217 226 
-0.496308386 0.0125291646 -0.879292011 160 203 218 
-0.515326321 0.0144070089 -0.876180649 151 192 206 
-0.494813353 0.00354138017 -0.848055661 161 207 219 
-0.51402092 0.0911096334 -0.939313889 169 208 219 
-0.527900338 0.0982370973 -0.933911443 168 209 221 
-0.516945839 0.103021979 -0.937402844 175 216 226 
-0.5507164 0.0698748231 -0.89447546 154 191 201 
-0.495605528 0.00527563691 -0.830957472 161 207 218 
-0.501536369 0.0267387033 -0.797173142 148 187 200 
-0.518229604 0.107646644 -0.929855466 169 210 222 
-0.519305289 0.107381642 -0.877523839 159 199 213 
-0.520031154 0.108210981 -0.853416264 148 185 201 
-0.50407207 0.0340509713 -0.762016118 134 173 189 
-0.505165219 0.0346181095 -0.718132257 146 184 199 
-0.523198247 0.118186086 -0.818861008 151 188 203 
-0.52579248 0.126647323 -0.793781877 153 191 206 
-0.505499005 0.0351657867 -0.708895326 149 187 202 
-0.507173538 0.0372537076 -0.655218005 142 185 202 
-0.507754445 0.0373509824 -0.629630685 149 191 207 
-0.526249111 0.125681907 -0.762090564 141 179 196 
-0.529424548 0.134543031 -0.714770794 138 178 196 
-0.508724093 0.0388543904 -0.601819277 155 196 212 
-0.506892204 0.0271645784 -0.556022167 144 187 208 
-0.505936563 0.0189179778 -0.508255661 137 184 207 
-0.515937328 0.0191557407 -0.507027328 139 185 207 
-0.506212115 0.0196312368 -0.503531337 138 184 208 
-0.529782891 0.135075182 -0.704234838 139 178 196 
-0.534105301 0.147629917 -0.645302713 142 184 203 
-0.508017957 0.0226044655 -0.453663975 150 199 221 
-0.50909847 0.0238351822 -0.417733908 159 206 228 
-0.534182072 0.147868872 -0.644434273 142 184 204 
-0.538656473 0.160958081 -0.584464669 148 196 221 
-0.549173713 0.162018269 -0.582732201 146 194 219 
-0.539142013 0.162479192 -0.579074323 148 198 223 
-0.510210276 0.0267269313 -0.398822933 162 209 230 
-0.513377607 0.0349339247 -0.344610989 167 214 236 
-0.547698855 0.18072927 -0.520358205 178 226 243 
-0.545075536 0.181767881 -0.521006823 178 227 243 
-0.513606727 0.0355804563 -0.34127596 167 215 236 
-0.516008854 0.0405270457 -0.285963535 168 216 239 
-0.541933537 0.0450857282 -0.28063488 166 215 237 
-0.517090619 0.0432303548 -0.26633665 169 217 240 
-0.545658231 0.183977932 -0.518815219 179 228 244 
-0.572038174 0.193192154 -0.45854646 179 227 245 
-0.552782178 0.209834412 -0.479075372 184 233 246 
-0.518484712 0.0457638204 -0.230485141 170 217 241 
-0.564856648 0.236124218 -0.435981065 179 236 248 
-0.560768843 0.239287183 -0.439692259 177 233 246 
-0.577751756 0.210163176 -0.396329015 185 233 247 
-0.561212063 0.240601182 -0.433946162 179 235 248 
-0.561754286 0.238239825 -0.382813543 184 233 248 
-0.560355306 0.22825104 -0.336043507 174 229 248 
-0.588853896 0.202990174 -0.294295937 186 237 250 
-0.560889721 0.229800701 -0.32872802 175 229 248 
-0.565254807 0.243010789 -0.27511844 175 232 250 
-0.592280209 0.220514879 -0.232028633 188 242 252 
-0.565412104 0.242103785 -0.257819057 179 234 251 
-0.56599772 0.241437927 -0.223534852 185 239 252 
-0.586677551 0.240224957 -0.169564664 185 241 252 
-0.56994164 0.254442155 -0.186974913 179 235 251 
-0.571269155 0.25765875 -0.161774099 178 236 251 
-0.573158026 0.260588944 -0.107614987 182 240 251 
-0.463982105 0.0845475495 -1.00073969 173 217 228 
-0.474448919 0.092820555 -0.995089114 172 215 226 
-0.467887253 0.101234078 -1.00687945 171 215 227 
-0.467579126 0.030449748 -0.977415502 168 211 222 
-0.485675335 0.067263484 -0.955400705 170 207 215 
-0.453830123 0.0417298973 -0.991019785 165 210 223 
-0.449357569 0.0181003809 -0.933778107 159 205 225 
-0.449275911 0.0191846788 -0.949575424 159 205 224 
-0.448483765 0.0101750791 -0.885827839 173 212 225 
-0.450745702 0.0163759291 -0.850886822 155 196 212 
-0.469082355 0.104587585 -0.98927772 176 220 231 
-0.474550217 0.124133915 -0.955450177 185 228 237 
-0.451419711 0.0172195137 -0.829315543 154 195 211 
-0.454784781 0.026286453 -0.775579512 132 174 193 
-0.478624701 0.137590051 -0.917918682 171 212 225 
-0.504912794 0.12215507 -0.871068776 145 185 203 
-0.480176806 0.141903341 -0.894589782 150 192 209 
-0.455204457 0.0275988281 -0.770895898 130 172 192 
-0.461021334 0.047075361 -0.720269799 134 175 191 
-0.480438471 0.140225112 -0.863928318 139 179 199 
-0.478336871 0.12747553 -0.818737388 136 174 193 
-0.480987042 0.135829598 -0.78989917 136 175 194 
-0.46233952 0.0511425138 -0.704946816 137 179 196 
-0.460740298 0.0403669178 -0.658626795 144 186 203 
-0.461491615 0.0393185914 -0.612485409 146 189 209 
-0.484445453 0.146985978 -0.755095124 136 176 197 
-0.486538976 0.153229326 -0.728359103 139 180 201 
-0.461559117 0.0390924513 -0.606872559 147 190 210 
-0.45962733 0.0270100832 -0.56129998 147 192 213 
-0.458308399 0.0173359513 -0.514349997 139 186 212 
-0.45930022 0.0183854997 -0.480478972 144 191 215 
-0.487322181 0.153797418 -0.698716044 143 184 203 
-0.489731491 0.158948928 -0.645347893 136 177 201 
-0.460489511 0.0214142799 -0.459534168 152 200 222 
-0.460343987 0.0163506567 -0.409947157 163 208 230 
-0.488964736 0.0211984217 -0.40416497 164 210 231 
-0.461420059 0.018794924 -0.38770622 164 210 233 
-0.489890933 0.159398943 -0.643029034 136 177 201 
-0.493713737 0.169927865 -0.584523797 164 211 232 
-0.494095355 0.170467108 -0.57299602 165 213 233 
-0.464443296 0.0279660523 -0.350820512 162 209 234 
-0.508705139 0.0347743928 -0.342253059 167 214 236 
-0.465371817 0.0282730758 -0.311604261 164 211 238 
-0.501558363 0.197327584 -0.528847456 177 225 240 
-0.465910196 0.0292379856 -0.297609836 164 211 239 
-0.467383146 0.0305338204 -0.244385481 166 215 242 
-0.483383358 0.0364175439 -0.239426583 167 216 243 
-0.53120172 0.225916117 -0.497589916 181 231 244 
-0.511449814 0.236209795 -0.506798267 177 226 240 
-0.530019522 0.267396122 -0.475155205 181 230 243 
-0.521328926 0.27503109 -0.484637141 182 231 242 
-0.525016904 0.288434356 -0.46426037 179 231 243 
-0.52333796 0.27734527 -0.418119669 187 236 247 
-0.548192084 0.258511752 -0.373276174 185 235 248 
-0.5246225 0.281250775 -0.402545124 187 236 247 
-0.55625236 0.233720958 -0.333518773 173 228 248 
-0.529166937 0.295756906 -0.355105877 183 235 248 
-0.527819276 0.281796873 -0.310490459 179 230 246 
-0.527426481 0.285046995 -0.315998197 180 231 246 
-0.557742655 0.251714289 -0.2712093 174 231 249 
-0.527149558 0.283338308 -0.309725553 179 230 246 
-0.536339402 0.29808864 -0.24833414 172 226 245 
-0.532917321 0.302144229 -0.253902137 172 226 245 
-0.553342223 0.271133423 -0.208771527 177 232 249 
-0.533446074 0.303587347 -0.245660841 172 225 245 
-0.53685838 0.312503219 -0.188078195 174 230 248 
-0.549417377 0.2904374 -0.146344125 177 233 250 
-0.537198186 0.313251853 -0.180795535 174 231 249 
-0.572030306 0.26212424 -0.106903709 181 239 251 
-0.538449347 0.314262748 -0.134588659 176 231 249 
-0.5423944 0.310491264 -0.0838492215 181 233 252 
-0.539665461 0.315380931 -0.091183953 180 233 252 
-0.539830685 0.315198451 -0.0815702975 181 233 252 
-0.419747651 0.0962999761 -0.999207318 171 215 225 
-0.423510492 0.112538218 -1.00689733 162 204 218 
-0.427597791 0.0401269197 -0.976544619 144 186 202 
-0.410011083 0.0535508394 -0.971174717 140 179 196 
-0.420660555 0.018966198 -0.936460495 158 198 217 
-0.404578686 0.0289023221 -0.94667685 151 187 205 
-0.399560601 0.00350472331 -0.894832492 173 211 223 
-0.400465667 0.00854110718 -0.909247279 169 206 219 
-0.404742569 0.0196288228 -0.836104155 153 192 209 
-0.437129438 0.143047422 -0.971867263 175 221 232 
-0.432237953 0.145658314 -0.974255562 176 222 233 
-0.404855788 0.019819051 -0.833018184 152 192 208 
-0.411202997 0.0415261686 -0.782832026 139 180 199 
-0.443086684 0.182799309 -0.94958806 147 191 212 
-0.441929489 0.183550984 -0.950387359 147 191 213 
-0.464199185 0.15484935 -0.910115004 164 207 222 
-0.413996994 0.0512452424 -0.762560725 136 176 195 
-0.415860593 0.0544985235 -0.713153362 135 177 194 
-0.442056715 0.183958083 -0.94907093 146 191 212 
-0.440546095 0.173530638 -0.90255177 167 211 227 
-0.438866228 0.162438214 -0.856412888 144 185 204 
-0.457464129 0.151993722 -0.807693362 136 178 197 
-0.440231234 0.165059 -0.822868586 141 183 202 
-0.415916204 0.0542945266 -0.708333492 135 177 195 
-0.413520515 0.040389508 -0.663803339 144 186 203 
-0.412705094 0.0326935947 -0.615721881 147 190 210 
-0.456875652 0.0379370153 -0.608015776 146 190 210 
-0.412821949 0.0293710828 -0.573436797 153 197 218 
-0.440546572 0.164548904 -0.802722514 141 184 202 
-0.438756645 0.153024048 -0.75683105 134 174 194 
-0.440865874 0.158115953 -0.716579795 127 165 189 
-0.413094133 0.0297303796 -0.564933538 153 198 219 
-0.410676956 0.015740931 -0.520451725 147 193 218 
-0.411289811 0.013657093 -0.469160348 146 193 219 
-0.428819001 0.0174022913 -0.465196818 149 196 221 
-0.4120121 0.0152772069 -0.454002827 149 196 222 
-0.441499621 0.159310013 -0.700752556 128 167 192 
-0.442033082 0.156914264 -0.649639666 147 191 212 
-0.485468745 0.159083575 -0.643686533 136 177 201 
-0.443442047 0.160784543 -0.627959967 141 185 210 
-0.413440287 0.0176151097 -0.414413422 155 201 227 
-0.414908946 0.019533217 -0.368301123 159 206 233 
-0.446728259 0.170871168 -0.589173794 149 195 219 
-0.448181212 0.17416057 -0.559023321 165 208 229 
-0.415324569 0.0205270946 -0.360264689 158 205 234 
-0.416910559 0.022267133 -0.306786299 162 209 238 
-0.447893173 0.026653707 -0.300995499 163 210 239 
-0.416809469 0.0188568532 -0.273532301 163 211 240 
-0.459351122 0.2193719 -0.54860872 173 220 238 
-0.416993737 0.0181021094 -0.256685317 164 213 241 
-0.46886158 0.256368011 -0.52309233 183 231 244 
-0.479866952 0.30076474 -0.511180341 179 228 241 
-0.483567357 0.315621197 -0.5063833 179 231 244 
-0.493081689 0.340370297 -0.491874635 180 235 249 
-0.490445316 0.34304738 -0.495382011 179 234 248 
-0.512142897 0.312916845 -0.452356875 174 230 242 
-0.517604232 0.288755178 -0.41254288 187 237 247 
-0.508129835 0.377921879 -0.469793439 167 222 243 
-0.501132429 0.38586849 -0.480573624 166 221 240 
-0.508872271 0.354902357 -0.429876655 176 236 249 
-0.510222673 0.331735671 -0.389973134 182 235 247 
-0.52508539 0.305298418 -0.35036388 182 235 248 
-0.50693357 0.407432914 -0.45387125 170 226 246 
-0.520081699 0.393383026 -0.407711864 173 227 246 
-0.508387208 0.411698163 -0.434530228 172 226 246 
-0.507894635 0.373493016 -0.367513448 183 239 250 
-0.507969141 0.350635141 -0.327582121 179 233 249 
-0.509515345 0.327421039 -0.287682831 179 233 247 
-0.513353825 0.428168148 -0.389528483 174 228 248 
-0.518736839 0.412062585 -0.345340639 173 229 248 
-0.513876081 0.428785682 -0.372416288 174 229 249 
-0.518955052 0.389169931 -0.305412441 180 233 249 
-0.507038355 0.369214445 -0.265219897 171 231 249 
-0.510454774 0.345547676 -0.225361377 176 234 250 
-0.533792913 0.31705904 -0.185936749 174 231 248 
-0.513446867 0.424041659 -0.339405477 173 229 247 
-0.515990257 0.429543525 -0.283775479 167 224 247 
-0.524305701 0.40622884 -0.24318704 169 226 249 
-0.516165972 0.430036962 -0.281191051 166 223 247 
-0.524139225 0.383429319 -0.203250468 166 225 247 
-0.516748846 0.362378299 -0.163156539 174 233 250 
-0.526200056 0.337250829 -0.12342944 177 231 249 
-0.515537739 0.423273712 -0.234878331 166 221 246 
-0.52155304 0.42524913 -0.180785179 163 220 244 
-0.518059552 0.429326296 -0.186359137 163 219 243 
-0.524729848 0.401640356 -0.140921414 167 224 247 
-0.52325654 0.379157126 -0.100956365 172 231 250 
-0.517800033 0.357638031 -0.0609045513 177 233 250 
-0.37112844 0.0908239782 -1.00752878 176 216 228 
-0.379631996 0.126309186 -1.01144981 175 217 230 
-0.385772079 0.0502505898 -0.975633621 149 190 205 
-0.365386873 0.065874368 -0.993879318 174 215 226 
-0.354706258 0.0128215849 -0.894693136 166 202 214 
-0.354751855 0.0132263601 -0.897097766 166 202 214 
-0.358622819 0.0237189233 -0.835977137 153 193 208 
-0.393155277 0.0211378038 -0.833586574 152 191 208 
-0.359610736 0.0271951854 -0.829250932 148 189 205 
-0.387831211 0.156814218 -0.974000931 183 227 235 
-0.366925806 0.0533232987 -0.783756018 138 182 201 
-0.398174554 0.197933584 -0.956064224 141 185 209 
-0.368942827 0.0597769916 -0.762870431 137 179 198 
-0.366854638 0.0470800996 -0.717649221 134 178 199 
-0.411985189 0.0532882214 -0.709312856 134 176 194 
-0.364510357 0.0333771408 -0.673003554 141 182 201 
-0.391108841 0.0355013907 -0.668925166 140 181 198 
-0.364572346 0.0315879285 -0.650275111 139 181 201 
-0.399266839 0.20138678 -0.944291949 138 181 206 
-0.397355437 0.18938458 -0.898673475 159 204 223 
-0.394880116 0.175166667 -0.854322314 156 201 220 
-0.396230936 0.178226888 -0.826312482 138 179 201 
-0.364847809 0.0302112401 -0.622331142 144 189 209 
-0.364460379 0.0241971016 -0.573287785 152 194 215 
-0.404559016 0.0277600884 -0.566943288 153 197 218 
-0.364408642 0.0206926763 -0.53672123 145 187 211 
-0.396414071 0.176702172 -0.800960898 129 166 189 
-0.393512189 0.160808176 -0.7575683 124 161 184 
-0.393431008 0.155997187 -0.707836807 134 172 195 
-0.414481163 0.157911628 -0.704482257 130 167 192 
-0.394302398 0.158595026 -0.696698189 133 171 194 
-0.36532253 0.0230928659 -0.521436214 144 187 212 
-0.366249382 0.0222430229 -0.469439119 151 197 223 
-0.366261333 0.0197795928 -0.441517144 150 195 222 
-0.398372382 0.170921445 -0.646817625 133 175 199 
-0.397924334 0.166440517 -0.617594898 141 183 207 
-0.367098898 0.0210891664 -0.417615891 151 196 224 
-0.368432224 0.0218361616 -0.364705414 154 202 232 
-0.397763044 0.0204333067 -0.36224547 157 205 233 
-0.368384272 0.0202042758 -0.348772436 156 204 233 
-0.399808496 0.17207244 -0.59367615 156 199 220 
-0.403515786 0.184035808 -0.556414425 171 214 231 
-0.369039595 0.0197309554 -0.313426346 159 206 236 
-0.36957106 0.0173273981 -0.262317866 162 210 239 
-0.391730696 0.0174075961 -0.259839207 163 211 240 
-0.414977223 0.230690256 -0.548652709 180 228 243 
-0.424808115 0.269272625 -0.526052296 190 240 250 
-0.435465664 0.311947465 -0.510974944 188 244 250 
-0.436837256 0.317567766 -0.510459423 188 244 250 
-0.446751624 0.35773316 -0.50161624 182 242 250 
-0.458071679 0.403687656 -0.492567867 173 227 244 
-0.50029099 0.421013057 -0.447213739 170 224 245 
-0.467079997 0.438197911 -0.462481707 166 217 235 
-0.470894575 0.451387703 -0.433920592 157 209 233 
-0.510262966 0.436953425 -0.38508904 172 227 248 
-0.473373443 0.45926851 -0.40768984 154 206 233 
-0.474468678 0.460939437 -0.375974268 162 216 243 
-0.493814349 0.459288746 -0.322388828 166 222 243 
-0.477281839 0.468532026 -0.331193298 163 219 246 
-0.515356481 0.431234777 -0.282925099 166 223 247 
-0.477792919 0.469509304 -0.318589509 164 220 245 
-0.47799167 0.465798497 -0.26822874 156 210 238 
-0.495669603 0.454353869 -0.220154345 164 219 244 
-0.479559183 0.469721109 -0.23985365 159 214 241 
-0.326969206 0.102872044 -1.00582731 160 202 217 
-0.334352076 0.133142352 -1.00324869 184 222 234 
-0.322131604 0.0827304125 -1.00410306 153 195 212 
-0.31148386 0.0285507739 -0.890886188 154 192 208 
-0.311732411 0.031249851 -0.909467638 157 197 213 
-0.31631285 0.039737016 -0.831912756 156 198 215 
-0.315531492 0.0399723351 -0.831976533 156 198 215 
-0.34304443 0.166088581 -0.970287442 176 220 233 
-0.315538794 0.0399918854 -0.831859231 156 198 215 
-0.320002675 0.0530397594 -0.77191329 144 186 207 
-0.328796685 0.0550694168 -0.769842744 143 185 206 
-0.32001704 0.0520929396 -0.760732055 144 186 207 
-0.353222191 0.206388235 -0.950843871 167 208 223 
-0.319158077 0.0452293158 -0.723897278 141 183 205 
-0.317828774 0.0355143249 -0.676970601 143 187 210 
-0.316994071 0.0277428925 -0.628932416 141 189 211 
-0.328993529 0.0276961625 -0.627639234 141 188 210 
-0.317056298 0.0273511708 -0.621724367 140 187 209 
-0.353977919 0.208996147 -0.945129156 161 201 218 
-0.35493356 0.208259344 -0.893067479 162 205 222 
-0.350331515 0.185684919 -0.853495777 156 197 216 
-0.347281635 0.169209391 -0.810435891 133 173 195 
-0.372599781 0.172534555 -0.805844903 126 164 187 
-0.348044217 0.170670122 -0.791658759 122 161 185 
-0.31889236 0.0307099819 -0.574752212 149 189 212 
-0.320164919 0.0326554477 -0.537949741 149 189 211 
-0.348917007 0.171143383 -0.756846488 119 158 183 
-0.375331014 0.167387694 -0.703629494 124 161 186 
-0.351499081 0.17768845 -0.711034775 119 157 182 
-0.321606278 0.0368816853 -0.518739104 147 188 210 
-0.321872562 0.033436209 -0.468226552 162 202 223 
-0.321483165 0.0290966034 -0.437882096 156 196 219 
-0.354422361 0.188283414 -0.694560051 129 167 192 
-0.353494793 0.180147022 -0.646730483 148 186 206 
-0.352164298 0.170896888 -0.605024636 153 189 209 
-0.322368503 0.0308929086 -0.417198032 155 197 222 
-0.323590636 0.03120327 -0.364537328 153 202 232 
-0.322357595 0.0233406126 -0.33377555 147 196 230 
-0.354802161 0.180792123 -0.593878329 160 196 215 
-0.360833764 0.203729749 -0.571855009 174 213 227 
-0.32237336 0.0219284892 -0.317358941 145 194 230 
-0.32270664 0.0187461972 -0.266695857 155 203 236 
-0.371301413 0.245464563 -0.555049658 169 217 232 
-0.378804415 0.275103152 -0.539936781 177 229 241 
-0.38317582 0.284584641 -0.534298599 180 234 244 
-0.381391108 0.28532809 -0.534804285 180 234 244 
-0.432058841 0.313946664 -0.512954414 188 243 250 
-0.393245399 0.333927333 -0.530617714 186 243 254 
-0.404560268 0.37985605 -0.521521866 174 233 249 
-0.41409272 0.416961223 -0.496205986 171 228 245 
-0.42278102 0.449887156 -0.463207453 168 223 242 
-0.425683945 0.459304631 -0.434581906 160 214 238 
-0.428255618 0.466904134 -0.400963902 162 215 239 
-0.430280149 0.472872496 -0.374338567 162 216 240 
-0.429963022 0.467134476 -0.325137258 163 219 245 
-0.450052768 0.469880939 -0.32143563 163 219 246 
-0.430674434 0.468793571 -0.310911775 162 218 245 
-0.43251273 0.472661138 -0.269493103 161 216 243 
-0.433886737 0.474611223 -0.22808075 166 223 247 
-0.279767901 0.102967232 -1.01096237 171 213 227 
-0.289465278 0.141921639 -0.998625159 180 225 236 
-0.278423011 0.0973423421 -1.01020157 170 212 226 
-0.266926974 0.0390366018 -0.890078247 169 209 225 
-0.266549736 0.0385644734 -0.902151644 170 211 226 
-0.267937243 0.0385142267 -0.837893844 154 196 213 
-0.315322399 0.0399767458 -0.831891179 156 198 215 
-0.269758046 0.0443622172 -0.819284081 156 200 218 
-0.299421549 0.181124806 -0.977165937 182 225 234 
-0.272013605 0.0500395596 -0.778818727 146 191 211 
-0.270717055 0.0404533148 -0.731818438 141 185 207 
-0.292239666 0.0410779715 -0.729113579 141 184 206 
-0.270375401 0.0373336971 -0.712838173 138 182 204 
-0.310084373 0.223825693 -0.962136507 159 200 217 
-0.270754099 0.0361070931 -0.681821108 136 179 201 
-0.269735157 0.0276116431 -0.634196937 142 181 205 
-0.271666527 0.0336405933 -0.612523794 150 187 210 
-0.311683893 0.2283732 -0.939235866 159 202 221 
-0.311304986 0.222392559 -0.890173316 180 223 235 
-0.306013882 0.197110653 -0.852150202 135 175 199 
-0.304152399 0.185304672 -0.806419611 117 155 178 
-0.304444224 0.185819775 -0.798745692 115 153 176 
-0.276371241 0.0491945744 -0.569369256 149 188 210 
-0.277192593 0.0509121716 -0.550748348 143 182 206 
-0.305113673 0.184589833 -0.754345238 130 168 192 
-0.306513727 0.185979933 -0.70551455 132 174 198 
-0.279338717 0.0563626587 -0.512786329 140 182 209 
-0.277616084 0.0451022387 -0.466743559 141 186 210 
-0.278780282 0.0486872494 -0.453132778 143 188 213 
-0.306742758 0.186499208 -0.70077002 132 174 197 
-0.319085866 0.199355423 -0.640062451 151 191 211 
-0.311873525 0.20242855 -0.642226219 150 191 211 
-0.281237841 0.0548413098 -0.408690125 151 200 227 
-0.27927649 0.0426427722 -0.363183945 156 200 229 
-0.278082013 0.035145849 -0.334714532 150 195 225 
-0.312313616 0.203896731 -0.638336182 152 193 213 
-0.322029173 0.216997042 -0.577784657 167 210 226 
-0.317146838 0.218448997 -0.578150749 166 210 226 
-0.278076887 0.0334373713 -0.315965831 149 194 225 
-0.277683914 0.0274014473 -0.266934901 154 201 234 
-0.317460924 0.219629988 -0.576854348 166 210 226 
-0.325572252 0.250073791 -0.542760432 180 230 240 
-0.332605302 0.279136121 -0.5428195 184 237 247 
-0.337600112 0.299532056 -0.540152788 187 243 253 
-0.348948538 0.34562701 -0.531362653 187 245 254 
-0.360616684 0.393304765 -0.525481999 172 230 249 
-0.370147288 0.43040061 -0.500148952 164 222 242 
-0.378359914 0.460971922 -0.46282202 172 227 243 
-0.380774885 0.468406558 -0.434565485 163 214 237 
-0.383189201 0.474794298 -0.394705892 167 217 240 
-0.384682447 0.479268581 -0.375869751 168 220 243 
-0.384415776 0.473728895 -0.326555043 161 214 242 
-0.385285258 0.475085825 -0.301716357 165 220 245 
-0.386301875 0.476648033 -0.272402227 170 224 246 
-0.389109731 0.483934075 -0.2244564 165 221 248 
-0.26037389 0.103442162 -1.01283514 170 210 225 
-0.242717385 0.142947227 -0.99328506 188 229 236 
-0.245334074 0.14827624 -0.990098596 191 232 238 
-0.2344625 0.110707104 -1.01400733 170 208 223 
-0.244115561 0.148409158 -0.989788651 191 232 238 
-0.256424427 0.0358786285 -0.892950237 172 212 227 
-0.219293013 0.0329397023 -0.846271634 153 197 215 
-0.217974126 0.0290824473 -0.863958776 160 204 219 
-0.221112818 0.0355984271 -0.792267799 147 190 209 
-0.230817705 0.0375907123 -0.790117621 149 193 211 
-0.221415147 0.0360322297 -0.783208966 146 189 209 
-0.246183425 0.156566173 -0.985495687 187 227 236 
-0.254247844 0.188483715 -0.969931245 168 209 225 
-0.224118963 0.0429184437 -0.735597968 145 184 206 
-0.22326237 0.0350920558 -0.687955141 150 186 207 
-0.265975028 0.236453623 -0.964587748 165 210 230 
-0.223281354 0.0351355374 -0.687566221 150 185 207 
-0.226945147 0.045039624 -0.629418373 131 169 197 
-0.227832779 0.0476328135 -0.617483079 127 166 194 
-0.284208119 0.262448639 -0.923718452 147 188 211 
-0.274409086 0.268121064 -0.929275811 143 185 209 
-0.266955495 0.233693123 -0.888899446 162 200 217 
-0.271622956 0.254328638 -0.903921604 148 189 210 
-0.261113226 0.206245542 -0.852114916 135 172 196 
-0.257559657 0.1877909 -0.810186982 132 169 190 
-0.25772804 0.185542673 -0.777473986 125 164 186 
-0.234155282 0.0688782334 -0.56330061 118 159 187 
-0.234161228 0.0688766539 -0.563009679 118 159 187 
-0.275170028 0.270461887 -0.920352519 144 186 208 
-0.258005917 0.185052514 -0.759270072 125 164 187 
-0.261048168 0.192514449 -0.702519 148 184 201 
-0.278140247 0.190912038 -0.701512516 143 181 200 
-0.260871112 0.191017359 -0.694012403 149 184 201 
-0.235967815 0.071508348 -0.509313107 126 166 193 
-0.251229882 0.0603865087 -0.461328626 130 175 201 
-0.236474007 0.0702411234 -0.471992433 124 167 195 
-0.264304757 0.200818658 -0.645286202 157 193 210 
-0.290870219 0.206184804 -0.639447868 155 195 213 
-0.265960455 0.206127137 -0.628262937 160 198 213 
-0.237071231 0.071352154 -0.456919283 127 172 200 
-0.236470371 0.064499408 -0.408355594 133 181 211 
-0.235083446 0.0545579791 -0.361558467 136 184 214 
-0.235081404 0.0532624722 -0.347255558 138 186 215 
-0.272818148 0.229990944 -0.578605711 178 223 235 
-0.235611469 0.0521408916 -0.310457736 146 195 225 
-0.234404922 0.0429082513 -0.263255179 155 204 235 
-0.298611164 0.263859034 -0.554865599 183 238 248 
-0.283046663 0.270542026 -0.559624255 184 241 251 
-0.293458283 0.311999083 -0.54230839 186 241 250 
-0.304096878 0.354580224 -0.52705884 187 244 254 
-0.316370547 0.405255497 -0.526688516 173 227 244 
-0.324739218 0.436599195 -0.490781367 167 222 241 
-0.333200812 0.468403101 -0.455720305 168 223 242 
-0.334755868 0.473147035 -0.437043607 169 222 243 
-0.33745715 0.479389101 -0.382390141 177 224 247 
-0.337534666 0.479573816 -0.380884647 177 224 248 
-0.338220656 0.477777451 -0.329428911 171 223 246 
-0.339626014 0.480041057 -0.290063143 168 223 247 
-0.340189189 0.48102054 -0.275090843 167 222 247 
-0.343161196 0.488206446 -0.218497634 157 212 244 
-0.354720145 0.48846972 -0.217084229 158 215 245 
-0.343481332 0.489041984 -0.213083833 156 212 244 
-0.212509066 0.115027517 -1.01179254 172 211 225 
-0.189434111 0.118785411 -1.00809526 174 214 227 
-0.199194685 0.157019794 -0.984855115 181 222 231 
-0.196242973 0.0276052654 -0.851706386 161 205 222 
-0.177126825 0.0483272374 -0.790176988 129 174 199 
-0.171447217 0.0297424495 -0.844409704 163 206 225 
-0.17738463 0.0490505397 -0.786377907 130 174 199 
-0.205198169 0.181085736 -0.976661086 173 212 226 
-0.210898444 0.2048738 -0.979298472 167 207 223 
-0.180358723 0.0565344095 -0.732999682 144 183 203 
-0.180500776 0.0543920696 -0.702671528 144 182 204 
-0.222993702 0.254665881 -0.977304578 164 206 224 
-0.183155358 0.0630313456 -0.676800549 134 171 193 
-0.18643181 0.062202245 -0.624534011 116 152 178 
-0.184409454 0.0636569858 -0.626177609 115 152 177 
-0.230255365 0.280529529 -0.931323647 157 199 220 
-0.240089417 0.250287473 -0.88282454 155 196 214 
-0.215602651 0.212983966 -0.853450358 143 180 200 
-0.22421509 0.250627518 -0.876355529 153 195 213 
-0.211570233 0.192647725 -0.812598586 137 174 195 
-0.21060212 0.184351981 -0.764860213 133 168 189 
-0.227016419 0.184932172 -0.76274085 130 167 188 
-0.210309237 0.181787461 -0.74980849 139 172 191 
-0.184534818 0.0639596879 -0.623786449 115 152 177 
-0.233169332 0.0692437887 -0.56321013 118 158 187 
-0.190794438 0.0851806104 -0.572218537 115 151 176 
-0.231177688 0.283165902 -0.918275833 154 195 217 
-0.225640714 0.256917894 -0.880805373 153 194 213 
-0.209892273 0.177071065 -0.716541409 156 186 200 
-0.212706476 0.183636904 -0.660302818 138 174 191 
-0.213636175 0.183684975 -0.660174549 138 174 191 
-0.212712616 0.183600515 -0.659615874 138 174 191 
-0.192493379 0.090739131 -0.555986643 118 154 179 
-0.193125635 0.0887315571 -0.504651666 128 165 188 
-0.194350004 0.092697531 -0.492511183 129 167 190 
-0.220987409 0.214479551 -0.62285471 168 209 221 
-0.19952029 0.109366 -0.440366566 138 179 204 
-0.194073707 0.0834731162 -0.402692974 132 177 205 
-0.221258566 0.0631550252 -0.358400911 134 181 212 
-0.194200397 0.0818721056 -0.37908569 131 176 207 
-0.230080694 0.249410495 -0.59354192 176 227 243 
-0.197242975 0.0914342105 -0.345656395 142 185 216 
-0.193620443 0.0727085173 -0.303883463 133 181 215 
-0.191062123 0.0581644177 -0.259718835 134 182 217 
-0.239526048 0.286084414 -0.567433238 184 239 251 
-0.249477237 0.325262398 -0.545927644 184 239 249 
-0.2596322 0.36544916 -0.526276588 183 242 252 
-0.271203756 0.412648678 -0.519516885 173 229 243 
-0.279909164 0.445659459 -0.486674309 172 225 242 
-0.288079977 0.476023793 -0.448966891 177 227 247 
-0.289035738 0.4790622 -0.438849896 175 224 244 
-0.289107263 0.47485131 -0.38877514 176 225 246 
-0.334672451 0.479453921 -0.381264359 177 224 248 
-0.29081744 0.479490697 -0.361814588 177 227 247 
-0.2918109 0.48098278 -0.33278507 173 224 244 
-0.29422915 0.486295313 -0.280797899 168 221 248 
-0.29440856 0.486697733 -0.27703321 168 221 248 
-0.296034515 0.48859489 -0.223464936 162 214 241 
-0.297738731 0.493584543 -0.20067206 160 214 243 
-0.148369223 0.143351525 -1.00343275 173 219 232 
-0.187296763 0.162323803 -0.988834441 178 219 229 
-0.156458631 0.176446319 -0.999804139 171 213 227 
-0.144581065 0.127731949 -1.00377905 175 222 234 
-0.13062489 0.0511704981 -0.793740273 132 172 195 
-0.126180589 0.0366415679 -0.836329937 159 203 221 
-0.131024837 0.0505379438 -0.768349886 126 164 188 
-0.166264012 0.21490252 -0.976971686 158 198 215 
-0.13692306 0.071425736 -0.729671955 126 164 186 
-0.137862965 0.0743049681 -0.718514621 125 162 184 
-0.177544266 0.260659873 -0.967560947 146 187 208 
-0.142072409 0.0871670544 -0.668185472 108 146 169 
-0.142974645 0.089525193 -0.652968168 107 144 168 
-0.179402247 0.265288144 -0.933690608 158 198 217 
-0.212697029 0.27975741 -0.922160864 159 200 221 
-0.175417826 0.245140553 -0.892730951 139 177 196 
-0.217833549 0.255674332 -0.882339776 152 192 211 
-0.169794962 0.218555033 -0.855453432 141 180 202 
-0.165460199 0.197030813 -0.815281153 136 177 198 
-0.162519872 0.180985719 -0.77197504 150 184 203 
-0.161153063 0.171123356 -0.725132704 150 189 203 
-0.179227099 0.173659414 -0.721766949 151 186 200 
-0.160130054 0.164367169 -0.697022915 138 175 190 
-0.14328368 0.0874345601 -0.615549326 112 148 170 
-0.145528674 0.0920839608 -0.564146459 114 150 174 
-0.159144714 0.158740282 -0.679732084 132 169 185 
-0.162198797 0.166248709 -0.622954369 132 172 190 
-0.176747113 0.169773906 -0.619438052 136 174 191 
-0.162827417 0.16763556 -0.609505653 132 172 191 
-0.145868987 0.0931011438 -0.559825122 114 149 174 
-0.148328945 0.0982750952 -0.50438267 124 162 185 
-0.149019495 0.0992803276 -0.483849913 124 163 186 
-0.191682905 0.207352594 -0.597354412 161 207 222 
-0.168135837 0.185085028 -0.559697688 158 209 223 
-0.173246101 0.188975275 -0.557019889 163 214 228 
-0.168966055 0.187939733 -0.553304851 162 213 228 
-0.150114387 0.100798726 -0.450456113 120 160 188 
-0.164922595 0.0996305943 -0.397106797 132 173 201 
-0.152556926 0.106707364 -0.403977394 129 168 197 
-0.182730958 0.246924743 -0.576811373 180 228 241 
-0.183802962 0.251304209 -0.576260805 182 230 243 
-0.171597824 0.19868803 -0.551917434 169 220 233 
-0.15294382 0.107424468 -0.394183338 133 172 201 
-0.151324242 0.0965688825 -0.347909063 143 183 212 
-0.150520653 0.0889196396 -0.299800903 140 182 213 
-0.14732933 0.0718882978 -0.257058859 133 180 216 
-0.194863886 0.295975864 -0.564854145 187 242 252 
-0.204875782 0.335454345 -0.543901026 183 240 250 
-0.215940043 0.38014251 -0.532524765 176 233 246 
-0.226292238 0.421305656 -0.514668524 169 225 243 
-0.235150337 0.455072373 -0.48321557 172 227 242 
-0.241645157 0.478413582 -0.444410324 176 225 242 
-0.253943861 0.480639696 -0.441847861 177 225 242 
-0.24244763 0.481112421 -0.437558889 176 225 242 
-0.244157255 0.483792394 -0.388850719 169 219 242 
-0.245459154 0.485936016 -0.352900535 168 217 241 
-0.245837778 0.4859038 -0.335159928 167 217 241 
-0.249621212 0.496455282 -0.278712362 171 222 247 
-0.249744534 0.496762574 -0.276466012 171 222 247 
-0.250291526 0.494420141 -0.225322604 166 217 241 
-0.25199914 0.498142153 -0.188287884 159 212 241 
-0.130764037 0.134813339 -1.01001203 178 224 235 
-0.101419874 0.145053715 -1.01485896 184 225 234 
-0.112230651 0.188486993 -1.001176 161 203 221 
-0.088038899 0.0694002211 -0.78850317 126 164 184 
-0.0802855492 0.0404295623 -0.822530985 155 199 217 
-0.0885393769 0.0712048113 -0.785578966 124 162 182 
-0.121323936 0.223418027 -0.97186327 152 190 210 
-0.0936986357 0.0871469975 -0.725869656 133 169 187 
-0.093885228 0.0875844061 -0.722163618 132 168 186 
-0.131570399 0.264057726 -0.953044772 165 204 220 
-0.125279203 0.233694077 -0.904467225 157 198 217 
-0.129696414 0.235813498 -0.902828932 155 196 215 
-0.126659095 0.239744574 -0.908350468 157 197 216 
-0.11760813 0.199060678 -0.871792793 151 188 207 
-0.141013607 0.210234404 -0.86314249 142 182 204 
-0.11515028 0.18491134 -0.827402353 158 195 210 
-0.132621527 0.189425796 -0.823026717 150 188 206 
-0.111063719 0.164362401 -0.786672235 148 188 207 
-0.123985693 0.168676227 -0.782905638 142 181 201 
-0.111673281 0.165558249 -0.771975636 143 182 202 
-0.0963750482 0.0931714475 -0.66994071 116 154 176 
-0.0974450707 0.0951224267 -0.642495155 114 151 175 
-0.13282907 0.267851204 -0.93741405 163 200 216 
-0.112631582 0.166031152 -0.733234644 148 185 202 
-0.110556796 0.15338698 -0.687983394 121 159 177 
-0.148785815 0.158187687 -0.68117094 128 164 181 
-0.111998707 0.157084495 -0.662873089 125 164 182 
-0.097983703 0.0950004756 -0.616411448 112 150 174 
-0.0973773673 0.0881262124 -0.567860067 113 149 175 
-0.140723899 0.0916195512 -0.561196506 114 149 174 
-0.0982696116 0.0891194642 -0.537934601 112 150 175 
-0.116823927 0.173520297 -0.623984814 137 181 197 
-0.117139943 0.172451138 -0.597595692 141 185 201 
-0.101086736 0.0982094407 -0.509609699 116 155 180 
-0.103772677 0.106277317 -0.475949973 117 158 182 
-0.117448568 0.171482831 -0.572667003 145 191 208 
-0.121518314 0.184041172 -0.525375962 148 199 217 
-0.103707314 0.104014546 -0.453806281 120 161 187 
-0.103223801 0.0976228714 -0.404978871 120 159 189 
-0.141737521 0.105242401 -0.396601766 129 168 197 
-0.104647323 0.100522459 -0.371845543 129 169 198 
-0.181531504 0.251003563 -0.574724376 183 230 243 
-0.13206026 0.228895903 -0.539829373 164 221 242 
-0.135848254 0.244895965 -0.543718338 172 228 249 
-0.105226398 0.100999773 -0.350564271 136 177 206 
-0.104738981 0.0945928097 -0.301745564 149 188 216 
-0.102743849 0.0822615623 -0.256315291 145 187 218 
-0.147039652 0.292245567 -0.556079388 186 239 251 
-0.149624795 0.303011119 -0.557024539 186 241 251 
-0.160171151 0.345135391 -0.540935159 183 242 252 
-0.171653718 0.3918944 -0.533365667 171 228 245 
-0.181808859 0.432081968 -0.513716042 172 228 246 
-0.190106109 0.463072211 -0.477159172 177 229 246 
-0.194559351 0.478962481 -0.449285835 167 214 238 
-0.196914911 0.486694068 -0.427057207 168 212 237 
-0.198218986 0.488850266 -0.391147316 167 213 239 
-0.20037888 0.493757457 -0.346516192 162 210 237 
-0.200920105 0.494971812 -0.335162908 163 211 239 
-0.205936581 0.511185706 -0.285028696 161 209 238 
-0.206743047 0.513359845 -0.272162616 158 207 237 
-0.206523731 0.508006215 -0.222741455 161 210 239 
-0.207326442 0.50798142 -0.185612828 158 211 243 
-0.080690369 0.146933347 -1.00892138 180 223 232 
-0.0846856609 0.187160105 -0.986599445 163 202 220 
-0.0548624322 0.145562589 -0.995032072 176 220 229 
-0.0643560439 0.182475358 -0.969362617 165 202 218 
-0.0402117744 0.0670363605 -0.795044661 134 172 190 
-0.0378663354 0.061424464 -0.840363145 141 180 197 
-0.0425466858 0.0745095015 -0.770891547 127 164 184 
-0.112128392 0.221711665 -0.964788198 150 188 207 
-0.0666266754 0.188794494 -0.935337245 170 210 224 
-0.0838717669 0.205711186 -0.924239755 172 216 229 
-0.0672837347 0.186884403 -0.883946538 168 207 222 
-0.0672868118 0.186885595 -0.883945465 168 207 222 
-0.0672839358 0.186884969 -0.883943081 168 207 222 
-0.0472144596 0.090059936 -0.729393005 129 168 188 
-0.0478197411 0.0905286968 -0.706813753 123 163 183 
-0.114908606 0.262232572 -0.942439795 158 195 209 
-0.0666804388 0.180022091 -0.835388303 146 185 205 
-0.063756153 0.164039999 -0.79204613 142 179 198 
-0.0618937835 0.152230412 -0.746317506 129 162 179 
-0.0745187923 0.157809466 -0.741895199 128 161 179 
-0.0632629842 0.156894743 -0.735287428 124 157 175 
-0.0484656282 0.0904842913 -0.676667094 120 159 180 
-0.049280975 0.0891961157 -0.624920726 115 157 181 
-0.0634844154 0.0919608176 -0.621855974 113 154 179 
-0.0477140099 0.0799205005 -0.593787551 124 167 191 
-0.0652205944 0.16081056 -0.688926876 129 169 187 
-0.0654450357 0.157612056 -0.643080533 126 170 186 
-0.0469548553 0.0755643845 -0.580234289 128 171 195 
-0.0523098633 0.0925872326 -0.523546994 128 171 197 
-0.0659278929 0.15909788 -0.637423277 127 171 188 
-0.0707612336 0.173844844 -0.579395354 121 164 187 
-0.0528378412 0.0941883326 -0.517099082 128 171 197 
-0.0542565025 0.0952707827 -0.463996798 120 163 190 
-0.0735255778 0.103398621 -0.45745793 115 156 183 
-0.0557305217 0.0994362235 -0.442611873 114 155 184 
-0.0711749941 0.175223291 -0.575717092 121 164 188 
-0.0751597211 0.186388463 -0.516847968 145 193 217 
-0.0869225189 0.187029481 -0.515206695 148 197 220 
-0.0758295134 0.188850254 -0.51345408 147 195 220 
-0.0549628474 0.0935543776 -0.412495345 122 164 194 
-0.0544989221 0.0872396529 -0.363623887 127 168 198 
-0.0804552659 0.0972355008 -0.355333984 129 170 200 
-0.0559505485 0.0904406905 -0.332550198 133 175 206 
-0.086122334 0.233955145 -0.542125165 161 219 236 
-0.0921761394 0.259688437 -0.550148666 177 236 252 
-0.07633809 0.191018552 -0.514199793 149 198 222 
-0.0563231967 0.0899159014 -0.309610009 137 179 211 
-0.0554934628 0.0821638405 -0.261560649 143 184 214 
-0.12528342 0.305811882 -0.551090181 189 244 253 
-0.103949293 0.307885975 -0.545223594 190 247 254 
-0.107633352 0.322969198 -0.543696344 188 245 254 
-0.115309015 0.354036778 -0.536536038 182 243 252 
-0.127107009 0.40235728 -0.531837046 171 228 245 
-0.136386245 0.438208818 -0.504216611 162 216 238 
-0.144769594 0.469625235 -0.468443125 166 219 242 
-0.14688912 0.477215022 -0.455474764 163 214 240 
-0.151401252 0.492370069 -0.416728944 160 207 235 
-0.152885661 0.49628517 -0.39208436 162 208 238 
-0.155771315 0.503919125 -0.344433844 161 210 241 
-0.156390846 0.50556612 -0.334292918 159 209 241 
-0.160598233 0.5177297 -0.27629599 156 203 237 
-0.160694018 0.517982483 -0.274708122 156 204 237 
-0.161524922 0.516755521 -0.222926736 149 197 228 
-0.163018078 0.519624174 -0.186253175 152 204 237 
-0.00956053287 0.150128186 -0.962642074 173 210 222 
-0.0492261872 0.172903001 -0.945894122 171 207 220 
-0.00832782686 0.146184504 -0.975413084 175 213 225 
-0.0149645805 0.168954581 -0.923745394 174 209 222 
0.00911124796 0.0587947071 -0.804947972 135 175 194 
0.00970648229 0.0569068491 -0.811296105 135 175 193 
0.00506608188 0.0701973438 -0.74594295 126 165 185 
0.00245706737 0.0712134242 -0.745103538 126 165 185 
0.00489532948 0.0706394017 -0.743014932 126 165 185 
-0.0160853416 0.171273947 -0.898064435 166 205 218 
-0.0143236592 0.159860104 -0.852109551 143 181 200 
-0.0401834697 0.170605987 -0.843422174 145 184 204 
-0.0151224136 0.15965125 -0.813117743 129 162 181 
0.00267530978 0.0750995576 -0.690655947 126 164 184 
-0.0248258747 0.0829638541 -0.683355808 120 158 180 
0.00269253552 0.0714594424 -0.650996923 133 173 193 
-0.0151038468 0.158433765 -0.8004421 130 160 179 
-0.0153159723 0.15477547 -0.75005132 134 170 189 
-0.016202569 0.154913664 -0.710883379 137 179 196 
0.00250691175 0.0712693632 -0.640363455 138 179 199 
0.00622785836 0.0521570444 -0.598811686 148 192 209 
-0.0434747338 0.0739641786 -0.581487179 130 173 197 
0.00406131148 0.0561781228 -0.54402864 149 200 222 
-0.00899445266 0.0594700575 -0.540803194 148 196 219 
0.00337485969 0.0579968691 -0.532723546 148 199 222 
-0.0165017955 0.154943049 -0.697472334 133 178 196 
-0.020095069 0.164570123 -0.639482856 137 186 204 
-0.0332124941 0.163321584 -0.638720632 134 181 199 
-0.0203200057 0.165212005 -0.63628912 138 187 205 
-0.0481133312 0.0911954641 -0.51924634 131 175 201 
-0.00330108404 0.0809609294 -0.481412381 157 207 234 
-0.0229172669 0.171167433 -0.583226323 140 188 206 
-0.0636177808 0.174316227 -0.57704097 121 165 188 
-0.0249005072 0.177802771 -0.565908849 131 178 197 
-0.00372738391 0.0822900534 -0.476610661 155 205 232 
-0.00344029069 0.0766701996 -0.427341789 141 189 218 
-0.0367963053 0.0894488692 -0.41672495 125 169 198 
-0.00474003702 0.0779996514 -0.382443219 142 190 218 
-0.0710198134 0.19087863 -0.514860272 150 199 223 
-0.032968767 0.207659408 -0.527268171 157 213 236 
-0.00519613177 0.079077512 -0.373481721 141 189 218 
-0.00517652929 0.0745087266 -0.323611677 141 187 220 
-0.0401017629 0.0841629803 -0.314522058 139 183 214 
-0.00555645674 0.0719564855 -0.277808815 135 181 216 
-0.0414550193 0.244006962 -0.541565418 167 225 243 
-0.0478793383 0.271388471 -0.55089432 182 243 254 
-0.00576657057 0.0723353028 -0.27237159 135 181 216 
-0.0585660376 0.314207584 -0.536082149 186 244 254 
-0.066886276 0.348424613 -0.534326434 179 238 250 
-0.0706857592 0.364120752 -0.534310818 177 237 249 
-0.0827890337 0.413952529 -0.532389998 162 217 238 
-0.0916656852 0.447811067 -0.501105845 160 213 236 
-0.0998986885 0.47848326 -0.463964283 162 214 238 
-0.101012044 0.482513398 -0.457633823 161 211 236 
-0.105606079 0.496652573 -0.403839111 158 205 235 
-0.105867356 0.49709934 -0.396808147 160 207 236 
-0.110721767 0.511892736 -0.338329226 152 202 235 
-0.11095906 0.512614131 -0.335451245 152 202 236 
-0.112588741 0.514525712 -0.281874716 152 202 235 
-0.156446591 0.518106461 -0.275107443 156 203 237 
-0.114579327 0.520904601 -0.261370033 152 202 236 
-0.117061689 0.527609229 -0.221908361 153 202 234 
-0.1186703 0.531071901 -0.186534941 155 206 240 
0.0246208981 0.149583399 -0.966694534 162 200 213 
0.0351104438 0.155673742 -0.91217649 167 200 214 
0.0111800879 0.164684117 -0.904645324 167 202 215 
0.0373675451 0.150961041 -0.963431358 159 197 211 
0.0334933251 0.160055339 -0.88662374 157 192 206 
0.0142438486 0.0557123125 -0.807188749 139 178 196 
0.0564013422 0.0540491939 -0.760368466 134 175 194 
0.0582304001 0.047680825 -0.773573875 144 186 203 
0.0526750386 0.065097481 -0.712065101 125 164 186 
0.0320595577 0.163169652 -0.855406046 143 181 197 
0.0338673741 0.151574463 -0.809554756 141 178 196 
-2.06828117e-05 0.157487243 -0.80261445 130 162 182 
0.0323632285 0.155565113 -0.784843922 130 170 189 
0.0523328036 0.0655436814 -0.701310873 130 169 191 
0.0522278547 0.0614642203 -0.651161015 162 206 221 
0.00969688594 0.068479985 -0.642670929 141 182 201 
0.0546063781 0.0476266146 -0.606592298 167 215 231 
0.0188590065 0.047857821 -0.602538407 153 197 212 
0.0549778342 0.0436129272 -0.579044998 169 219 236 
0.030892022 0.158773512 -0.752954066 142 183 198 
0.0318542719 0.150500834 -0.70520246 157 205 216 
0.00547733903 0.154332191 -0.70021981 147 193 207 
0.0306091458 0.154163837 -0.688742638 160 210 221 
0.053162545 0.0488079786 -0.553433478 162 213 233 
0.0497186929 0.0595632195 -0.514840603 147 197 223 
0.0277592987 0.162099212 -0.64608556 143 195 214 
0.0259015039 0.167383879 -0.619519234 144 197 217 
0.0488565415 0.0612354875 -0.493842334 147 197 225 
0.000275559723 0.0800678134 -0.478259385 157 207 234 
0.0504647195 0.0504247248 -0.447542459 141 189 222 
0.0215015933 0.0623656213 -0.437864095 143 192 222 
0.0491347313 0.0523692667 -0.408090711 139 188 222 
0.0239866227 0.172431141 -0.587692976 149 200 221 
0.0205437094 0.183822602 -0.556212664 141 190 213 
0.0485031605 0.0536403954 -0.393220037 138 188 223 
-9.48682427e-05 0.0754923522 -0.375992566 142 191 220 
0.0483686924 0.0496769249 -0.343003809 149 197 231 
0.0270377696 0.0592198074 -0.33546862 147 194 228 
0.0470464975 0.0526221991 -0.315030187 145 194 229 
0.00935924053 0.22910583 -0.545930266 168 224 238 
0.0456711203 0.0557845533 -0.287027329 143 194 229 
-0.00206194818 0.0705303848 -0.273760527 136 182 217 
0.00516296923 0.246394068 -0.545389593 170 229 242 
-0.00293314457 0.279873788 -0.545730293 179 241 252 
-0.0145301223 0.327199101 -0.539201856 184 243 252 
-0.0198514275 0.349173784 -0.539087415 179 238 250 
-0.0265126452 0.376433134 -0.536182046 175 234 248 
-0.037453115 0.420508444 -0.523679256 163 220 241 
-0.0464154668 0.454791248 -0.49317506 168 222 243 
-0.0527860038 0.478582054 -0.465071827 162 211 237 
-0.0773314312 0.482193708 -0.460409909 161 210 236 
-0.0543396622 0.48393476 -0.453223348 161 210 237 
-0.0584095679 0.496186644 -0.402519643 160 208 236 
-0.0879497826 0.497977614 -0.398299307 159 206 235 
-0.0593192056 0.498500884 -0.38647449 158 205 234 
-0.0635825619 0.512020826 -0.340980053 155 202 233 
-0.0978752747 0.513929248 -0.336173564 152 201 234 
-0.0648030415 0.515563548 -0.324314862 154 201 233 
-0.0652947426 0.514256597 -0.287218094 150 199 231 
-0.0685453415 0.524004817 -0.246306777 152 201 234 
-0.070041351 0.528415442 -0.226636708 152 202 235 
-0.0733797848 0.537852645 -0.178237498 153 202 233 
-1.0267005 0.0104850829 -0.298545212 164 208 220 
-1.06346393 0.0240803957 -0.287109733 155 207 216 
-1.0349884 0.0460070074 -0.312775433 167 212 220 
-1.02612674 0.00373893976 -0.249920547 157 187 196 
-1.03193784 0.0088711977 -0.246490091 160 193 202 
-1.02667665 0.0048597455 -0.23713544 153 184 193 
-1.04474068 0.0858615935 -0.307916492 187 224 235 
-1.04795492 0.0918678939 -0.304295927 189 225 236 
-1.04718018 0.0962764919 -0.311659127 183 219 230 
-1.04038882 0.0642701685 -0.267782599 187 230 235 
-1.04482937 0.084638983 -0.290266186 191 229 238 
-1.03020787 0.0197745264 -0.240748912 162 196 204 
-1.04694343 0.094516784 -0.302966088 192 227 238 
-1.04323936 0.0754707754 -0.261376381 193 235 240 
-1.07398462 0.103921622 -0.242520958 191 232 237 
-1.05377233 0.1188263 -0.259586424 205 243 246 
-1.04259181 0.0684340298 -0.212917894 185 225 232 
-1.05781984 0.0849943757 -0.202235907 198 232 239 
-1.04561424 0.0784401298 -0.185345501 199 232 239 
-1.05491459 0.12134549 -0.235138118 196 238 244 
-1.05275488 0.108367562 -0.190077722 207 241 245 
-1.04807937 0.085504204 -0.150671348 203 236 241 
-1.06610227 0.101343662 -0.140074402 209 243 245 
-1.05560875 0.117832512 -0.164234146 210 245 247 
-1.05567038 0.115331203 -0.133611679 206 242 245 
-0.973400176 -0.00440067053 -0.417215019 157 193 204 
-0.985723794 0.00618880987 -0.410100251 164 202 212 
-0.980452836 0.0271904171 -0.444473892 179 212 217 
-0.974634469 -0.00161319971 -0.391524881 154 191 203 
-1.0094254 0.0416458547 -0.388207555 193 228 234 
-0.987674236 0.0528546274 -0.398126274 172 207 216 
-0.97766453 0.00786313415 -0.357717514 165 201 213 
-1.00617266 0.0195933282 -0.348203778 187 227 236 
-0.977295637 0.00192180276 -0.308632523 128 160 174 
-0.981892586 0.00263032317 -0.30774194 130 163 177 
-0.977392375 0.00195503235 -0.304558814 128 160 174 
-1.00828218 0.0831164122 -0.365773708 177 211 221 
-0.997642159 0.092115432 -0.376773089 167 205 215 
-1.01633334 0.0583278835 -0.326016128 174 216 222 
-0.980659783 0.0106487274 -0.251157939 132 168 180 
-0.977499485 -0.00626096129 -0.208346307 161 190 199 
-0.99009186 -0.00384008884 -0.205645651 154 184 193 
-0.999621689 0.0986302495 -0.358286023 174 211 220 
-1.00338876 0.110478818 -0.317004532 197 233 239 
-1.03306544 0.0726319551 -0.264038652 189 230 235 
-1.00323796 0.0570116639 -0.223455995 157 194 204 
-0.984090209 0.0196356475 -0.193534628 154 189 197 
-0.9910236 0.0492660105 -0.204478532 151 187 197 
-1.00459099 0.11366412 -0.297204167 201 237 245 
-1.00797236 0.123084873 -0.246652514 196 234 243 
-0.991876483 0.0502299666 -0.17603609 150 189 198 
-1.01375425 0.0728203058 -0.161343127 167 204 214 
-1.00791597 0.122237056 -0.239817649 195 234 243 
-1.00774312 0.117066115 -0.190292031 194 228 236 
-1.01036358 0.124837995 -0.156349778 198 232 240 
-1.01046205 0.12325719 -0.134267837 186 223 234 
-0.925089359 0.00481024384 -0.574585795 238 254 255 
-0.928692818 0.00612458587 -0.573474824 237 254 255 
-0.925806463 0.00782492757 -0.575163424 236 254 255 
-0.920791984 -0.016567111 -0.534329474 192 218 225 
-0.923968315 -0.0155717134 -0.533438921 194 221 227 
-0.920991898 -0.0160094798 -0.531349123 194 220 227 
-0.926201522 0.00918003917 -0.572086453 236 254 255 
-0.93479079 0.0230026245 -0.511265695 163 191 198 
-0.931237817 0.0246277452 -0.512526214 163 191 198 
-0.928974509 0.013423413 -0.491929561 170 205 213 
-0.933025479 0.0315012932 -0.506836534 162 191 198 
-0.929293931 0.0123474002 -0.465308547 179 220 228 
-0.970086217 0.0328136086 -0.449692607 181 215 220 
-0.938430548 0.0501500666 -0.465917736 171 207 214 
-0.92498523 -0.00907444954 -0.425077647 185 218 225 
-0.926617622 -0.00715199113 -0.371494949 163 201 212 
-0.94579196 -0.00698581338 -0.369297534 158 195 207 
-0.926230669 -0.0102444589 -0.35489592 163 201 212 
-0.945418894 0.0757066011 -0.429069966 164 200 212 
-0.946303487 0.0790399909 -0.425499946 163 199 211 
-0.928671896 -0.00357207656 -0.316964179 163 198 208 
-0.928429008 -0.00901812315 -0.267595947 147 180 193 
-0.934841514 -0.0088211298 -0.266784132 148 181 194 
-0.928534627 -0.00892364979 -0.263798535 147 181 193 
-0.953086674 0.102534771 -0.375164419 140 173 188 
-0.931972146 0.000411510468 -0.209719419 152 184 196 
-0.954073131 0.105219305 -0.359706849 142 175 191 
-0.958783448 0.120651573 -0.314942598 156 191 205 
-0.972943246 0.0415044427 -0.182863161 159 197 206 
-0.959588349 0.122398376 -0.297398031 157 192 206 
-0.962986648 0.131374657 -0.2411291 162 200 216 
-0.96306479 0.131566375 -0.239671171 162 200 216 
-0.962684035 0.125578344 -0.190612882 163 202 214 
-0.964044333 0.126525849 -0.138690263 168 205 218 
-0.964067161 0.12652117 -0.137590438 167 204 217 
-0.878060639 0.00558355451 -0.579332948 160 192 202 
-0.881566226 0.0198049843 -0.576423764 168 202 212 
-0.891972721 -0.00782740116 -0.532742023 175 209 216 
-0.877680898 0.000570803881 -0.541065991 166 203 211 
-0.884766877 0.0319339335 -0.564261675 168 201 211 
-0.87885201 0.00420117378 -0.527640402 170 208 215 
-0.88823396 0.0427285135 -0.525038064 180 216 222 
-0.877964079 -0.00377959013 -0.479721874 170 208 218 
-0.920552433 0.00360912085 -0.471022636 178 219 227 
-0.878687978 -0.00452840328 -0.438166857 175 208 215 
-0.909887135 0.0702242255 -0.488314331 168 202 211 
-0.897316039 0.0776040256 -0.49562335 164 200 210 
-0.879523039 -0.00214588642 -0.426304281 174 207 214 
-0.880673051 -0.00211897492 -0.373805761 164 197 209 
-0.881983519 0.00170132518 -0.356093258 163 195 207 
-0.897943497 0.0792163312 -0.484735221 166 201 212 
-0.934232771 0.08268556 -0.426502705 155 191 204 
-0.902322948 0.0923058689 -0.429123908 137 172 186 
-0.883295178 0.00369229913 -0.317998797 154 191 205 
-0.904441416 -0.00146299601 -0.266121954 152 187 199 
-0.884902596 0.00606742501 -0.270593911 156 192 205 
-0.902674913 0.093315661 -0.424187869 136 171 185 
-0.908838093 0.114473492 -0.376348764 134 167 183 
-0.886006176 0.00985276699 -0.261992097 155 190 204 
-0.885399103 0.00297540426 -0.213442445 151 188 201 
-0.909982443 0.117536962 -0.357851177 130 163 180 
-0.911945105 0.120756835 -0.303526402 138 169 184 
-0.918298244 0.123250395 -0.3014718 139 171 186 
-0.912469804 0.122367531 -0.297334671 136 167 183 
-0.912415266 0.118112445 -0.252555668 128 163 179 
-0.960798323 0.131317586 -0.240055591 161 199 215 
-0.915413916 0.126857281 -0.212062627 130 167 185 
-0.916516602 0.129735827 -0.193424448 129 166 185 
-0.917936206 0.130821884 -0.140320107 139 177 193 
-0.956225157 0.127938658 -0.137681082 163 200 213 
-0.835530758 0.0240337551 -0.573969722 166 195 202 
-0.836868763 0.0295215547 -0.573523164 166 195 202 
-0.83156395 0.00395536423 -0.532970488 166 204 217 
-0.861928821 -0.000555455685 -0.532087624 166 203 213 
-0.831722915 0.004047364 -0.526694536 166 204 217 
-0.857765615 0.0644858778 -0.549520969 182 216 222 
-0.84746784 0.0719068944 -0.557913661 176 210 216 
-0.834352911 0.0104222298 -0.47678858 159 196 207 
-0.83381635 0.0043259263 -0.433681279 147 179 191 
-0.848689556 0.0757379234 -0.544397295 176 212 219 
-0.853324234 0.0908138752 -0.499144405 148 184 197 
-0.834425569 0.00621569157 -0.426711321 146 177 190 
-0.836446822 0.00966599584 -0.372254759 139 172 186 
-0.836960316 0.0098054409 -0.350228578 134 168 185 
-0.854204476 0.0929157138 -0.482089251 145 178 191 
-0.857790768 0.102840573 -0.427727401 150 184 196 
-0.83979094 0.018314153 -0.314825237 135 170 187 
-0.839316905 0.011959672 -0.265976489 146 182 198 
-0.86193651 0.00882506371 -0.265196115 152 187 201 
-0.839447975 0.0120358169 -0.260803193 145 181 197 
-0.858187139 0.10407272 -0.423224747 151 184 197 
-0.861439407 0.11236006 -0.366001606 151 183 195 
-0.870506942 0.116463959 -0.362772733 148 179 192 
-0.862357676 0.115363836 -0.357223183 150 181 194 
-0.844922423 0.0294931531 -0.20346497 143 176 193 
-0.865843415 0.125172615 -0.306190223 143 177 193 
-0.867256403 0.129529804 -0.289738655 145 180 195 
-0.868338704 0.130485535 -0.250668287 139 177 194 
-0.869774401 0.131910384 -0.200589329 141 179 198 
-0.869776726 0.13164413 -0.197522461 142 179 199 
-0.871147871 0.132539749 -0.144527018 144 181 197 
-0.782106996 -0.000320643187 -0.593088746 139 178 191 
-0.784012973 -5.05149364e-05 -0.59273243 139 177 191 
-0.782944739 0.00364771485 -0.598722994 139 176 189 
-0.782217085 4.5388937e-05 -0.592100918 139 176 190 
-0.795704007 0.0567264259 -0.602770865 169 209 215 
-0.784750879 0.00557601452 -0.537233055 172 208 217 
-0.785355866 0.00549870729 -0.508600235 175 210 219 
-0.804469049 0.0900327265 -0.570471644 170 208 216 
-0.790217757 0.0225648284 -0.475033015 150 182 196 
-0.790319979 0.0199885666 -0.441711187 135 168 184 
-0.8073228 0.0987585783 -0.536419988 157 194 205 
-0.809035838 0.102555513 -0.499966472 143 178 192 
-0.792137086 0.0256146193 -0.420805484 133 166 183 
-0.798911452 0.0285656154 -0.366098225 139 171 187 
-0.794953525 0.0328419507 -0.371813685 138 170 186 
-0.809908688 0.104427308 -0.480694592 139 173 188 
-0.813782692 0.115970016 -0.431100518 147 181 195 
-0.79503268 0.0325003266 -0.364384025 139 171 187 
-0.797590256 0.0380579829 -0.308722109 144 179 194 
-0.829131722 0.0167652071 -0.264481574 146 182 197 
-0.79904443 0.0430091023 -0.296978295 147 181 196 
-0.814440072 0.117740512 -0.420596868 151 186 199 
-0.815964401 0.119238198 -0.367257088 146 181 196 
-0.817400396 0.123794287 -0.351958275 144 180 195 
-0.799065173 0.0393614173 -0.255493432 145 181 198 
-0.799776375 0.0376640558 -0.203981072 140 176 194 
-0.821472406 0.136388808 -0.304964542 145 184 202 
-0.822167814 0.137310356 -0.283279091 148 187 204 
-0.821640193 0.13255617 -0.254673451 149 188 204 
-0.825028956 0.14138943 -0.197252154 141 183 202 
-0.825030029 0.141384125 -0.197141096 141 183 202 
-0.824210882 0.1336734 -0.149068087 143 183 201 
-0.739951134 0.033074826 -0.736627102 131 159 170 
-0.755419016 0.034196049 -0.734317422 124 152 162 
-0.742106795 0.0425550938 -0.743008733 128 157 170 
-0.738140643 0.0229210258 -0.706915915 177 216 222 
-0.786101162 0.0679635108 -0.712576747 161 194 203 
-0.752876937 0.0857875049 -0.728956282 120 150 163 
-0.740047157 0.0289603472 -0.686497211 185 227 232 
-0.775066674 0.0477945805 -0.672403455 130 163 174 
-0.735706389 0.00741240382 -0.646338463 156 194 204 
-0.775056243 0.0249572694 -0.63247025 145 178 189 
-0.737268925 0.00906017423 -0.592912853 146 179 191 
-0.737520337 0.00976541638 -0.589206696 145 178 190 
-0.754556 0.0904610455 -0.703804791 127 158 172 
-0.752559245 0.0781235099 -0.658378124 147 185 196 
-0.787014961 0.0632565916 -0.61032176 166 207 214 
-0.754297376 0.0827340782 -0.629817843 157 196 206 
-0.739634931 0.0138649344 -0.53768158 162 195 206 
-0.74037075 0.0137911737 -0.503081799 153 188 199 
-0.755936027 0.0868996084 -0.600875378 162 202 212 
-0.759478152 0.0982966125 -0.564900637 154 191 204 
-0.742579043 0.0209413171 -0.481151044 147 182 195 
-0.744599581 0.0246410668 -0.429501504 143 176 192 
-0.759231269 0.0953558385 -0.543555677 149 186 199 
-0.764273584 0.111951381 -0.496476382 143 180 195 
-0.745120764 0.0264365673 -0.425524831 144 177 193 
-0.749085665 0.0375240445 -0.366700172 146 181 196 
-0.776098728 0.0340873003 -0.365601331 142 175 191 
-0.749165535 0.0371600986 -0.358989328 147 182 197 
-0.765418887 0.115176618 -0.479735941 143 181 197 
-0.769041121 0.125468224 -0.427798539 145 183 199 
-0.750318527 0.0378762484 -0.314015508 151 187 202 
-0.753107011 0.0465872586 -0.282793611 150 187 203 
-0.769335389 0.126073807 -0.421020091 145 184 200 
-0.771662891 0.130727291 -0.365875304 143 184 202 
-0.772993207 0.134947687 -0.351699024 144 185 204 
-0.754137158 0.0483888984 -0.255519599 150 187 204 
-0.782761872 0.0463427305 -0.20112966 144 181 200 
-0.757182539 0.0566780865 -0.207817942 150 188 207 
-0.774043381 0.135589153 -0.310611367 147 189 207 
-0.776296556 0.14121598 -0.269696414 145 186 205 
-0.757747531 0.0580829978 -0.197491825 150 188 207 
-0.777335405 0.144032598 -0.253298938 147 189 207 
-0.780456841 0.151805758 -0.196369857 139 184 205 
-0.812758505 0.144309759 -0.196898058 141 183 203 
-0.780463338 0.151758671 -0.195551366 139 184 205 
-0.781143188 0.150010586 -0.144913435 143 187 208 
-0.689909995 0.00885823369 -0.755299449 167 201 211 
-0.706848502 0.0231124163 -0.693326473 153 189 201 
-0.731842756 0.0264451504 -0.426979274 145 179 195 
0.0835780352 0.150793314 -0.920157313 160 195 209 
0.0845013559 0.148616672 -0.938359499 161 197 212 
0.0799004287 0.161308497 -0.868165135 172 205 217 
0.0685060918 0.0460063219 -0.766073823 140 182 200 
0.10636124 0.0388132632 -0.721789002 135 174 193 
0.0618357956 0.0627458394 -0.703877211 128 167 189 
0.107334599 0.035582155 -0.730570853 136 175 193 
0.102692991 0.0487349331 -0.663631082 135 180 199 
0.100941554 0.0493712723 -0.663092494 136 180 199 
0.102622554 0.0488240421 -0.661387682 136 180 200 
0.0793721974 0.162827343 -0.860791266 171 204 216 
0.0804791749 0.153985888 -0.813364983 150 189 204 
0.0811042488 0.147038013 -0.764855683 143 187 205 
0.0681982338 0.151159316 -0.76119554 137 182 200 
0.08047387 0.148384988 -0.750882626 148 196 211 
0.102042496 0.0467991233 -0.612255096 156 204 223 
0.102351904 0.0410915017 -0.563036442 152 203 225 
0.0913323164 0.0425596237 -0.561026871 155 206 228 
0.102014601 0.0417489409 -0.554856122 150 201 224 
0.0803907961 0.145349503 -0.713338256 165 215 225 
0.0768352449 0.156312972 -0.671931028 156 206 222 
0.101893321 0.0384016037 -0.512091756 141 192 222 
0.0640152693 0.0543017089 -0.499279976 144 194 224 
0.102001086 0.0334863067 -0.462419927 143 192 225 
0.0863155574 0.0368595421 -0.458861291 143 192 225 
0.101467341 0.0343734026 -0.447772503 142 191 225 
0.0735048354 0.16791442 -0.64794898 155 207 225 
0.0708538592 0.175838739 -0.614299297 156 208 229 
0.0998390764 0.037489593 -0.407647014 145 194 229 
0.0590346158 0.0486103892 -0.397113591 141 190 224 
0.100391254 0.0308281481 -0.358973891 146 196 233 
0.0911037922 0.0335326791 -0.356482118 147 197 233 
0.100079924 0.031156987 -0.348334342 146 196 233 
0.0691008419 0.180727005 -0.588137627 161 215 235 
0.0653281212 0.193108767 -0.552520871 177 233 245 
0.0987050682 0.0329617858 -0.305270374 157 206 238 
0.0660601705 0.0458250642 -0.294685662 152 201 234 
0.0552239865 0.235252619 -0.556951463 175 232 242 
0.0306517333 0.238327354 -0.552578688 171 228 239 
0.0524235219 0.246907443 -0.557892263 175 232 241 
0.041441299 0.291189432 -0.545769274 183 243 253 
0.0305317491 0.335111797 -0.53298521 184 243 252 
0.0219998658 0.370290458 -0.532199085 173 234 247 
0.0176567882 0.388763666 -0.538086712 168 227 242 
0.00763394684 0.428296387 -0.517233372 163 218 238 
-0.00152967125 0.463575542 -0.488560736 163 217 237 
-0.00392848253 0.472169489 -0.473928988 161 213 236 
-0.0081859678 0.486442357 -0.437070727 163 213 237 
-0.0100659877 0.491793513 -0.410221785 161 213 238 
-0.0124296248 0.497365534 -0.363625139 170 218 242 
-0.0129297301 0.498554021 -0.353871912 171 218 242 
-0.0173610635 0.511693597 -0.296438545 162 209 240 
-0.0176755935 0.512709916 -0.293292195 161 209 239 
-0.021964889 0.525071859 -0.233738571 158 203 235 
-0.0307563879 0.525689065 -0.232436717 157 203 236 
-0.0223141536 0.526128769 -0.229448974 158 204 236 
-0.0254029147 0.53408891 -0.176098049 157 204 235 
-0.0583857931 0.537355602 -0.170696616 155 202 234 
-0.0267228037 0.537868798 -0.157504842 157 204 236 
0.106169596 0.146481812 -0.92498529 163 197 209 
0.130630344 0.146982104 -0.875043511 168 203 215 
0.0896210074 0.160830408 -0.86300385 172 206 218 
0.132532224 0.141831428 -0.905124009 167 200 211 
0.128279522 0.152799457 -0.831760883 160 199 215 
0.113482177 0.0340526402 -0.725161195 135 174 193 
0.156756446 0.0218669474 -0.68418777 147 190 209 
0.156780273 0.0217930377 -0.684460282 147 190 209 
0.15116024 0.0395299494 -0.623540282 145 193 215 
0.127707168 0.153976053 -0.818560123 154 193 210 
0.127108753 0.15183571 -0.767301083 156 201 216 
0.125755876 0.155207843 -0.742662549 157 204 220 
0.151071265 0.0397137403 -0.621497095 146 194 216 
0.153251529 0.0266549587 -0.576482952 152 201 224 
0.152618736 0.0246495605 -0.525146723 141 192 221 
0.12875478 0.0287776589 -0.520278811 139 189 220 
0.152111426 0.0247364044 -0.502820134 142 193 224 
0.12536256 0.154205024 -0.71346277 164 215 230 
0.121603608 0.165678591 -0.668385267 157 208 229 
0.150519192 0.0284074247 -0.470514268 145 193 226 
0.152122423 0.017616123 -0.424203217 147 194 228 
0.132480592 0.0251936316 -0.417922765 147 194 229 
0.152457163 0.012940079 -0.38760981 149 196 231 
0.118287086 0.177514642 -0.64764756 152 203 226 
0.115068749 0.187944263 -0.615790248 157 208 231 
0.152093798 0.0132367015 -0.374224871 148 196 231 
0.150941372 0.0132730901 -0.321720839 156 203 237 
0.131273955 0.0204157531 -0.315674156 156 204 237 
0.107503727 0.215393364 -0.573499501 177 235 250 
0.107457161 0.215540171 -0.572993696 177 235 251 
0.107295886 0.216209948 -0.573032439 177 235 250 
0.0964343995 0.260022938 -0.561239839 171 229 240 
0.0849559605 0.306761384 -0.553632498 184 242 251 
0.0747653246 0.347124875 -0.534306288 180 238 250 
0.0673405826 0.377696276 -0.533152759 171 231 247 
0.062866658 0.395943642 -0.530523181 167 225 243 
0.0526258945 0.436555207 -0.511653006 170 223 241 
0.0433962122 0.472161353 -0.483581543 166 219 240 
0.0427016914 0.474508733 -0.477780521 164 217 239 
0.0371560305 0.492968261 -0.428304821 165 212 235 
0.0357267559 0.497423202 -0.412191331 166 213 237 
0.0325248241 0.505810022 -0.35838607 168 216 242 
0.0321443155 0.507007658 -0.354226261 167 215 241 
0.0289436132 0.515092254 -0.297119081 171 217 244 
-0.0041052103 0.513785839 -0.294198126 165 212 241 
0.0281259567 0.517501593 -0.286352932 171 218 245 
0.0247954875 0.526899457 -0.237882704 158 204 232 
0.0232765526 0.53142345 -0.218419671 158 203 232 
0.0215756223 0.535059333 -0.180732489 160 207 238 
0.0188383237 0.543309867 -0.146744758 153 199 232 
0.178900421 0.142877728 -0.882580519 147 180 195 
0.179096311 0.14230746 -0.88523674 146 179 194 
0.175228298 0.152814537 -0.824413896 163 203 217 
0.156855151 0.154264063 -0.821606398 162 202 217 
0.174910903 0.15294227 -0.811261058 165 207 220 
0.157205746 0.0217957795 -0.684275866 147 190 209 
0.202039361 0.0250079036 -0.635097623 141 189 212 
0.153645054 0.0392879844 -0.622011542 145 193 215 
0.203655601 0.0207282007 -0.661740601 144 191 212 
0.20123899 0.0236609578 -0.583384812 146 196 220 
0.179084182 0.0226054788 -0.581524491 150 199 223 
0.20104751 0.0235546231 -0.573410928 147 196 221 
0.174202293 0.152354032 -0.772194088 159 201 215 
0.172592461 0.154334664 -0.720295131 166 209 223 
0.199722826 0.0251265764 -0.530063331 146 196 225 
0.199866831 0.0200690925 -0.480472863 148 196 228 
0.192558229 0.0213810205 -0.478956103 148 197 229 
0.200420856 0.0165719688 -0.46704939 149 197 229 
0.172620684 0.154076815 -0.718725562 166 210 224 
0.166262522 0.175585985 -0.6658355 157 206 227 
0.201291591 0.00997892022 -0.433760792 151 197 229 
0.201589853 0.00431510806 -0.384517074 150 196 230 
0.166581482 0.0106076896 -0.377247036 149 196 231 
0.201874584 -0.000709235668 -0.341756314 154 200 234 
0.163569033 0.185151249 -0.64846921 158 209 231 
0.159897879 0.197008938 -0.611691356 163 216 238 
0.201878041 -0.0013089478 -0.335250616 154 200 234 
0.108204395 0.215904623 -0.573298395 177 235 251 
0.150969267 0.231124818 -0.580880284 181 242 250 
0.140850425 0.271132618 -0.560900211 165 220 235 
0.129607007 0.31670782 -0.551154494 186 241 249 
0.120064199 0.353864074 -0.525932491 186 244 252 
0.109546751 0.397418499 -0.527062058 164 222 242 
0.107570857 0.405626923 -0.527561426 162 219 241 
0.0978464782 0.443682015 -0.503991783 163 218 240 
0.0881493092 0.48160249 -0.480174601 177 221 240 
0.0879953057 0.482099593 -0.478628337 176 221 240 
0.0861662626 0.484794557 -0.42460379 168 215 241 
0.0633548051 0.493405998 -0.417412579 169 215 240 
0.0841510296 0.491310894 -0.404495806 168 216 242 
0.0803310722 0.503230751 -0.361575991 160 209 235 
0.0421945378 0.506638348 -0.355531573 166 214 240 
0.0791017115 0.506222546 -0.338382155 161 211 239 
0.0778182447 0.508612394 -0.306014746 164 214 241 
0.0754976273 0.513979614 -0.259116262 175 221 244 
0.0752954334 0.514033377 -0.250431001 177 224 246 
0.0698563606 0.531821609 -0.198389322 168 215 243 
0.0688823313 0.53474021 -0.186104447 166 214 243 
0.0647236854 0.547145784 -0.133033901 160 208 237 
0.182347745 0.142080456 -0.883393049 147 180 195 
0.226231873 0.137969702 -0.838093877 158 195 207 
0.227110922 0.135602683 -0.852149248 157 193 204 
0.222481489 0.148435712 -0.782214522 154 193 210 
0.243153572 0.019759059 -0.642470837 141 189 211 
0.248668134 0.0228610039 -0.589031816 146 196 218 
0.250372082 0.0204498172 -0.640466571 141 189 211 
0.24780339 0.0230812728 -0.551778436 149 200 224 
0.222378045 0.148620397 -0.779519081 153 192 209 
0.22163412 0.147051752 -0.727933049 151 193 212 
0.174093992 0.15395087 -0.718955994 166 209 223 
0.21886906 0.156234115 -0.703024507 157 202 220 
0.246948719 0.0251252651 -0.535253584 148 199 226 
0.247941315 0.0167333186 -0.487570286 144 192 223 
0.248934597 0.00833842158 -0.439888537 146 191 223 
0.233644634 0.00848585367 -0.438128203 147 192 225 
0.24926725 0.00574973226 -0.426392794 147 192 224 
0.213026643 0.176380903 -0.658674955 156 208 229 
0.200959057 0.178807348 -0.656028867 154 207 229 
0.212238103 0.178975433 -0.651303887 156 209 230 
0.249560237 0.0013884306 -0.391380459 151 195 228 
0.249924868 -0.00453600287 -0.342285812 152 198 231 
0.208836526 -0.00200462341 -0.336393714 154 200 234 
0.203583777 0.211733446 -0.617996693 162 217 238 
0.193735838 0.250400126 -0.595551312 172 226 242 
0.185498655 0.281093091 -0.558448017 179 234 243 
0.174775481 0.324092686 -0.543967605 175 227 242 
0.164897725 0.362907231 -0.521793962 183 243 249 
0.152796268 0.413041234 -0.523316026 159 215 240 
0.15242514 0.414567173 -0.523233712 158 215 239 
0.151153654 0.419495493 -0.519624472 158 214 239 
0.117519394 0.446968317 -0.500983655 158 213 237 
0.14314273 0.450434476 -0.495642334 154 210 235 
0.0906313807 0.481654108 -0.479160368 176 220 239 
0.13545233 0.478420556 -0.453563005 164 212 234 
0.13396053 0.4825598 -0.43107143 161 212 236 
0.13108401 0.489960849 -0.381251812 162 210 237 
0.130661443 0.491030991 -0.373743147 162 209 237 
0.130721122 0.486304641 -0.323963195 162 211 239 
0.102318853 0.498351157 -0.314289004 165 216 244 
0.128295079 0.493682534 -0.294567823 164 212 241 
0.126411319 0.49874717 -0.264363468 167 215 244 
0.0829345435 0.512013316 -0.252369285 176 223 246 
0.123849511 0.50560528 -0.222959697 167 216 245 
0.121857196 0.512149632 -0.204214707 163 210 238 
0.0862041265 0.531158745 -0.189956158 162 208 237 
0.118714362 0.520941734 -0.157626808 170 215 243 
0.118451148 0.521041036 -0.146646023 174 220 247 
0.0716384798 0.545987248 -0.127931505 161 208 237 
0.113903239 0.534674168 -0.089345403 154 200 230 
0.257001817 0.137310058 -0.841833949 170 209 218 
0.272527337 0.137132138 -0.791279256 168 203 215 
0.226066619 0.148176402 -0.780165911 152 192 209 
0.273533821 0.13677761 -0.833546758 180 219 226 
0.269248039 0.147909492 -0.760484815 150 188 205 
0.29655081 0.0202789307 -0.595698118 141 189 212 
0.296319008 0.0239810646 -0.626195669 137 183 207 
0.295199215 0.0210977793 -0.542746544 144 194 222 
0.272503197 0.0223770738 -0.539556682 147 198 225 
0.295599371 0.0174587965 -0.520680547 142 192 221 
0.265452027 0.160441101 -0.725464463 144 184 205 
0.263914466 0.164228112 -0.696957469 154 198 217 
0.295242608 0.0164355338 -0.492930025 141 189 220 
0.295699507 0.0101483762 -0.444042832 147 191 222 
0.296355695 0.00362998247 -0.401733816 148 193 225 
0.258936763 0.18154946 -0.660908222 159 210 228 
0.257004917 0.188348681 -0.647772312 160 213 231 
0.29636386 0.00304615498 -0.395621777 148 193 226 
0.296748847 -0.00295835733 -0.346572936 152 196 228 
0.248202771 0.221838459 -0.615810215 165 220 238 
0.237273395 0.265858769 -0.603206277 174 226 241 
0.229936808 0.292093456 -0.557907403 181 234 243 
0.22002238 0.331089437 -0.536067247 175 230 243 
0.208368391 0.378697038 -0.530057728 176 236 249 
0.158222765 0.415626466 -0.522505999 159 215 240 
0.197500497 0.422413051 -0.516894341 163 219 240 
0.188466102 0.457052469 -0.487045735 159 213 232 
0.180902958 0.484408617 -0.443808466 160 209 234 
0.179783165 0.488072157 -0.433108091 158 207 232 
0.179968208 0.482853174 -0.383609951 164 214 240 
0.141027585 0.489366353 -0.375787795 163 211 238 
0.179026276 0.483614326 -0.348822802 164 214 242 
0.178442121 0.484357744 -0.330266207 161 212 241 
0.177639574 0.483019412 -0.278548479 156 207 240 
0.162343293 0.490039825 -0.273048609 163 212 243 
0.176810741 0.484497309 -0.256920546 162 212 243 
0.176112175 0.484529138 -0.225201815 162 212 242 
0.139136463 0.502776802 -0.211212158 165 214 243 
0.172869861 0.493921697 -0.180719674 163 210 242 
0.172092259 0.495832533 -0.166253626 164 209 241 
0.126153007 0.517988265 -0.149153054 173 218 245 
0.169680089 0.500818729 -0.110918574 163 211 242 
0.162095785 0.503848135 -0.108437188 165 212 243 
0.169313818 0.501440883 -0.101016596 163 211 242 
0.117973447 0.534362495 -0.0869892836 154 200 229 
0.162812144 0.523542285 -0.048119586 168 215 243 
0.320919633 0.132547468 -0.799090981 161 197 210 
0.320836514 0.133597165 -0.806937933 162 200 212 
0.31531015 0.150870115 -0.74516499 156 194 209 
0.34229061 0.0261164308 -0.597548783 145 192 211 
0.341644377 0.0305890441 -0.617580652 139 183 203 
0.342834741 0.0194866657 -0.54885751 150 199 220 
0.341344416 0.0219891369 -0.508246243 149 199 221 
0.312993884 0.159197986 -0.731364846 152 191 210 
0.308700085 0.173508197 -0.693254471 151 198 217 
0.341028333 0.0220926702 -0.494883895 149 197 221 
0.341531813 0.0156224668 -0.446101338 151 195 221 
0.342441231 0.00755745173 -0.398231 156 196 224 
0.309765846 0.00407066941 -0.396537185 150 194 225 
0.342666686 0.00535866618 -0.384149343 157 197 225 
0.30449152 0.188114136 -0.662343025 162 211 227 
0.302516162 0.194036692 -0.637466073 169 217 232 
0.34287706 0.00135308504 -0.349296451 157 197 226 
0.293339401 0.229380816 -0.608912885 178 228 242 
0.283889502 0.266077071 -0.582845211 174 224 241 
0.274497956 0.302484632 -0.556246936 179 232 244 
0.264971316 0.339560866 -0.530877769 180 238 248 
0.251877576 0.394847691 -0.544100821 169 224 242 
0.243912131 0.395173132 -0.543048501 170 225 243 
0.251154453 0.397875786 -0.544551253 168 223 241 
0.249391913 0.404614449 -0.538514674 168 223 241 
0.242450833 0.430877596 -0.511692226 166 222 240 
0.234117508 0.462046474 -0.475463778 168 221 240 
0.229613304 0.477837801 -0.444151133 152 202 231 
0.201735377 0.48570621 -0.436807394 153 202 230 
0.227615774 0.484148204 -0.422567397 151 202 232 
0.226614326 0.485129654 -0.387497365 160 212 238 
0.226790249 0.479946584 -0.337978661 154 206 238 
0.207980633 0.482732028 -0.334396482 157 210 239 
0.226268947 0.480730891 -0.322759956 153 205 237 
0.225882977 0.479019672 -0.286025614 154 207 239 
0.2246162 0.47950545 -0.233264625 160 211 241 
0.216520339 0.480313212 -0.231935591 161 212 242 
0.224480122 0.479501456 -0.226974487 159 210 241 
0.223900676 0.477824986 -0.181742594 157 207 239 
0.186009884 0.491282374 -0.170258224 166 211 242 
0.221818745 0.482591808 -0.139129937 167 214 242 
0.221036673 0.484586656 -0.12539205 165 213 241 
0.217565238 0.493734896 -0.0676764846 158 209 240 
0.216295868 0.494127065 -0.0673236623 158 210 240 
0.165050119 0.522917211 -0.0460309163 167 215 243 
0.325891644 0.131144553 -0.800400496 160 196 209 
0.368050992 0.128425658 -0.754154742 142 182 198 
0.325669616 0.149444818 -0.738063455 157 196 212 
0.369207531 0.125128001 -0.770606995 139 178 193 
0.36408785 0.140387774 -0.7051332 153 195 212 
0.365460873 0.0265228748 -0.599873781 139 185 205 
0.388687015 0.0248824358 -0.550960839 149 195 214 
0.389137417 0.0264663696 -0.589239717 135 182 203 
0.389083058 0.0188345611 -0.501936853 152 202 220 
0.3596012 0.0206187367 -0.497726619 150 199 221 
0.388463616 0.0197171867 -0.483307511 153 202 221 
0.359509915 0.157494038 -0.685045779 153 197 215 
0.341623157 0.171660334 -0.675373971 155 202 221 
0.356246173 0.169122905 -0.664430737 160 205 224 
0.387155414 0.0219168365 -0.447690725 156 200 221 
0.388069183 0.0138345957 -0.399830222 154 198 223 
0.388404518 0.00992500782 -0.3717812 156 198 224 
0.350297302 0.189200908 -0.614427686 191 235 244 
0.3454853 0.190949112 -0.612947941 191 234 244 
0.349842995 0.190736741 -0.610637605 193 236 245 
0.388406843 0.00801610947 -0.350674987 156 198 224 
0.32622084 0.227480143 -0.590958595 182 233 244 
0.340336084 0.227715269 -0.585088849 184 235 245 
0.333781511 0.254095584 -0.57731092 181 234 246 
0.329374045 0.271897376 -0.572782278 179 233 245 
0.323358864 0.295048803 -0.553887546 180 234 247 
0.313236296 0.306724995 -0.546423495 180 234 247 
0.3201783 0.307335556 -0.544402003 181 235 247 
0.317980677 0.316181064 -0.541800857 181 235 247 
0.309396029 0.35062778 -0.530459523 183 238 250 
0.2592673 0.39888972 -0.542714059 166 221 241 
0.296865463 0.402574837 -0.532427073 161 217 239 
0.287831694 0.437211066 -0.502572596 164 220 239 
0.278993785 0.470878005 -0.470936269 161 210 234 
0.276892692 0.477626145 -0.449461669 155 206 233 
0.274178594 0.484630376 -0.402691483 152 202 236 
0.273714215 0.48562324 -0.392404526 153 203 236 
0.273750871 0.48098737 -0.342572838 155 206 235 
0.271668762 0.486970514 -0.313467801 154 206 237 
0.270356029 0.489834875 -0.285029292 155 207 236 
0.273653477 0.472386539 -0.242525786 150 203 239 
0.271914065 0.475671381 -0.199171454 157 212 240 
0.271594495 0.475984961 -0.187984467 158 213 240 
0.272368252 0.468452781 -0.13980934 158 209 240 
0.232821286 0.479772925 -0.129305631 166 214 242 
0.269886315 0.475624859 -0.105560429 167 219 245 
0.267221868 0.484182507 -0.0783294737 163 214 241 
0.39972803 0.126176357 -0.758859277 139 177 191 
0.41451481 0.12692675 -0.707718313 143 180 194 
0.380854815 0.139962167 -0.696928382 153 195 210 
0.416161716 0.123672634 -0.747169375 137 174 188 
0.411433876 0.136992812 -0.678130031 161 204 216 
0.435311079 0.0272457004 -0.554798663 137 184 206 
0.435553372 0.0276755393 -0.570700228 135 181 203 
0.434582651 0.0256161988 -0.503247499 149 199 218 
0.434377909 0.0234099925 -0.469333589 154 201 220 
0.404590935 0.161428481 -0.635501742 174 223 235 
0.401219696 0.16324541 -0.634142876 175 224 236 
0.404193729 0.162750155 -0.631953597 176 224 236 
0.434248567 0.0224370062 -0.452582687 158 202 220 
0.433276057 0.0217664838 -0.400483012 154 198 220 
0.433945477 0.0154660344 -0.361204833 154 199 222 
0.395846248 0.193989038 -0.595853865 182 228 240 
0.433983564 0.0144945383 -0.352159083 155 199 223 
0.386348635 0.230921686 -0.570220828 189 237 246 
0.336801201 0.2712349 -0.568319201 180 235 247 
0.376283318 0.270664513 -0.549753666 187 240 250 
0.36448583 0.319011569 -0.545371413 179 235 247 
0.363173485 0.318811983 -0.54533577 179 235 247 
0.364448071 0.319169462 -0.545393646 179 235 247 
0.352943957 0.366034985 -0.538019896 178 234 248 
0.342341214 0.408438563 -0.522443891 165 220 240 
0.332875997 0.445210695 -0.496515781 167 222 240 
0.324294329 0.477608979 -0.462547392 161 209 234 
0.323771924 0.4789868 -0.453872889 159 207 233 
0.323924512 0.473895282 -0.404301852 153 201 232 
0.283259213 0.482598692 -0.395098716 152 201 234 
0.321936101 0.479198456 -0.371943802 150 200 233 
0.320682704 0.482141316 -0.347102314 154 206 238 
0.321087658 0.476058394 -0.298098266 153 205 239 
0.300859034 0.482372791 -0.292440444 153 205 239 
0.320124 0.478084475 -0.276370525 154 205 238 
0.318922758 0.480073035 -0.243318915 153 203 235 
0.320999414 0.467421472 -0.198071837 155 208 240 
0.282049209 0.473334193 -0.190575287 158 213 240 
0.320138782 0.467926443 -0.164171815 157 208 240 
0.31920594 0.469976693 -0.14412719 159 210 240 
0.319301605 0.465108961 -0.0944281518 158 210 241 
0.296788514 0.472415924 -0.0879793614 164 217 243 
0.463198125 0.121198684 -0.71618402 143 176 191 
0.46360743 0.119784385 -0.719259262 140 173 188 
0.457467854 0.140093088 -0.663066924 174 218 230 
0.481317282 0.0320366621 -0.557247877 134 179 200 
0.481289506 0.0322503746 -0.558347702 134 178 199 
0.483196199 0.0201621354 -0.511556447 138 185 206 
0.481232643 0.0233856142 -0.457229555 149 193 213 
0.461327076 0.0224009454 -0.45557788 152 196 216 
0.480961442 0.0237896442 -0.449269146 150 194 214 
0.456015468 0.1449292 -0.650128007 171 217 231 
0.451392829 0.160082549 -0.606287479 175 223 235 
0.47955972 0.0254673958 -0.403555751 157 202 220 
0.478933692 0.023743093 -0.355658054 157 202 220 
0.44273752 0.192845374 -0.572989225 178 229 242 
0.478737295 0.0242065787 -0.351793677 157 203 220 
0.432965457 0.231136531 -0.549853504 195 244 250 
0.42268163 0.271961033 -0.531374633 191 245 251 
0.364611566 0.319160044 -0.545304477 179 235 247 
0.410956174 0.319922626 -0.526015878 176 231 245 
0.397171468 0.368234813 -0.522186279 171 229 245 
0.399159312 0.368237555 -0.521306574 170 229 245 
0.398794979 0.369763076 -0.52153331 170 228 245 
0.387444019 0.416148543 -0.515854657 167 219 239 
0.378310174 0.451280236 -0.486910969 167 218 237 
0.376310855 0.458109021 -0.471003503 163 213 236 
0.333904207 0.476502955 -0.456337482 160 207 234 
0.372162402 0.471629739 -0.430793613 156 206 235 
0.369679064 0.479675084 -0.406185538 155 203 232 
0.368130982 0.481502116 -0.355416268 157 205 236 
0.367998421 0.481786966 -0.352494448 157 205 236 
0.365754098 0.486113667 -0.297536582 148 199 231 
0.365496665 0.484458566 -0.267325521 148 201 234 
0.365353048 0.483197749 -0.246721178 153 207 239 
0.366236776 0.475233436 -0.198793232 155 207 237 
0.366593421 0.469340324 -0.149680644 160 216 243 
0.360109866 0.469388396 -0.148942024 160 215 243 
0.3664864 0.469474137 -0.146254584 161 215 243 
0.366319567 0.465924561 -0.0991511196 159 209 240 
0.468400538 0.119958192 -0.717430472 140 173 188 
0.509541035 0.120174676 -0.669475973 144 180 195 
0.472213745 0.139235169 -0.655005515 165 206 221 
0.511335075 0.114500195 -0.688783288 141 178 192 
0.504740715 0.137060434 -0.636729717 153 193 208 
0.482197285 0.0319382846 -0.55739814 134 178 199 
0.529938042 0.0220626891 -0.515658855 137 183 202 
0.530022383 0.0219898224 -0.518723667 137 183 202 
0.528049469 0.0249914229 -0.461500615 141 185 205 
0.526683986 0.0284317434 -0.437040329 146 189 209 
0.500762701 0.150175393 -0.599833727 171 214 224 
0.475958049 0.158495516 -0.592582047 178 222 232 
0.498914778 0.155816704 -0.577683449 183 226 234 
0.525729954 0.0296136737 -0.406373709 152 194 214 
0.525697649 0.0252486467 -0.356387138 162 205 223 
0.485421836 0.0237471461 -0.352778167 158 203 220 
0.445005894 0.192197591 -0.570847273 177 228 242 
0.490771592 0.186044186 -0.53972441 184 233 243 
0.435114443 0.230997294 -0.548653781 194 243 249 
0.480964065 0.224510953 -0.516911507 196 242 248 
0.438228726 0.272944927 -0.526176929 187 241 248 
0.470419586 0.266626179 -0.500805378 193 241 248 
0.462960482 0.29870975 -0.514878929 182 233 244 
0.456507981 0.32540974 -0.515340388 178 231 246 
0.445498943 0.369824708 -0.503461897 174 229 247 
0.436490834 0.407207429 -0.505306304 165 217 239 
0.433177114 0.42073828 -0.503529608 165 217 238 
0.423764527 0.45724991 -0.477122605 156 204 229 
0.423713982 0.457410991 -0.476592213 156 204 229 
0.418672681 0.472727656 -0.415348589 150 198 227 
0.416018724 0.473538369 -0.414615959 150 198 227 
0.418516189 0.473146826 -0.412820071 150 198 227 
0.418003619 0.470864773 -0.363930911 155 203 231 
0.370808959 0.48094967 -0.353258759 157 204 236 
0.416049212 0.475274682 -0.323206216 150 202 233 
0.415764093 0.475172758 -0.308983743 152 204 237 
0.416724801 0.46690613 -0.26122871 152 204 236 
0.379155338 0.478484035 -0.25080207 151 204 238 
0.415199399 0.46939674 -0.218875438 153 205 237 
0.414872497 0.469692349 -0.207151935 153 204 235 
0.416189164 0.460027099 -0.160196841 155 208 238 
0.413964719 0.465424299 -0.11804755 156 207 238 
0.412913024 0.468408018 -0.10292016 156 207 238 
0.531917036 0.112492114 -0.676114023 149 183 196 
0.553532898 0.128389001 -0.617484033 148 187 203 
0.546064377 0.1342704 -0.613463998 148 187 203 
0.559068799 0.109186172 -0.658252299 158 192 205 
0.552234709 0.132933199 -0.608380437 147 187 203 
0.536459684 0.0222322941 -0.516283274 137 183 201 
0.572739482 0.0349543393 -0.46099174 145 185 203 
0.576186121 0.0244479179 -0.50248003 137 177 196 
0.571545899 0.0373344719 -0.432643682 151 191 208 
0.545759976 0.154901057 -0.555237889 175 218 230 
0.572037876 0.0332193971 -0.409500867 152 193 210 
0.570302963 0.035544157 -0.355688035 156 196 214 
0.544975162 0.157522738 -0.548337758 175 219 231 
0.50257808 0.183292687 -0.529660285 184 232 243 
0.540339768 0.171648711 -0.492499322 189 237 243 
0.489540756 0.221330971 -0.507535279 198 243 249 
0.538540602 0.178313792 -0.483962983 192 241 247 
0.51162684 0.203836918 -0.467121273 197 244 252 
0.533576488 0.195045412 -0.441983461 197 245 253 
0.4812994 0.260530055 -0.485305876 199 247 253 
0.500424802 0.242319375 -0.444956332 200 247 253 
0.524406672 0.230355203 -0.413367093 198 247 253 
0.46813035 0.321376264 -0.503116667 180 233 247 
0.482093036 0.301915973 -0.462879628 182 238 251 
0.485786021 0.27996999 -0.422866195 190 243 251 
0.513694763 0.2732988 -0.398783863 188 237 244 
0.469803452 0.362975061 -0.480671316 171 224 244 
0.487129629 0.34432891 -0.440360934 171 225 244 
0.482527256 0.320375085 -0.400528222 177 235 251 
0.510382831 0.284461111 -0.370768428 187 238 248 
0.490352273 0.299429268 -0.360424846 186 240 252 
0.516968548 0.254092276 -0.335654825 195 246 254 
0.495511532 0.277838171 -0.320379496 186 243 253 
0.513073742 0.266288638 -0.292371809 196 248 253 
0.439605415 0.41969952 -0.498853058 161 212 235 
0.483242333 0.404578418 -0.459516317 158 209 237 
0.482402444 0.408040196 -0.459424704 157 208 236 
0.493734419 0.358860493 -0.433181733 169 220 242 
0.48421371 0.36197713 -0.378082544 170 228 250 
0.490068138 0.370091498 -0.389664531 169 223 247 
0.476868331 0.337359428 -0.338309556 171 232 252 
0.489988327 0.3176952 -0.298090816 180 236 251 
0.507742822 0.285850704 -0.265007287 188 243 253 
0.501162529 0.297560006 -0.257914484 182 241 253 
0.505513787 0.293628871 -0.249105155 184 241 253 
0.424262881 0.457179815 -0.476778299 156 204 229 
0.480132639 0.416797042 -0.452527851 156 207 234 
0.466179788 0.444485694 -0.435932308 153 203 228 
0.473835409 0.440366089 -0.425323129 153 204 229 
0.4887321 0.374024093 -0.372025639 168 223 248 
0.486386478 0.378748834 -0.316840142 163 219 248 
0.485522449 0.357808113 -0.275779158 169 227 250 
0.486793637 0.376217067 -0.307399601 164 220 248 
0.49937737 0.318720788 -0.246207088 181 239 252 
0.493106306 0.34496671 -0.249952823 176 233 250 
0.473059058 0.440099239 -0.386716843 149 197 224 
0.446424007 0.45805794 -0.374020725 148 195 221 
0.469809473 0.450211287 -0.349895954 146 197 224 
0.488185227 0.367189348 -0.270968467 168 224 249 
0.468877971 0.452036083 -0.327406317 154 207 237 
0.426352024 0.471553624 -0.312115967 152 205 237 
0.465973139 0.459118068 -0.272743583 153 200 230 
0.465836644 0.459494293 -0.27065742 152 200 230 
0.467703104 0.447668642 -0.224937975 155 206 234 
0.42365694 0.466415524 -0.209899783 152 203 234 
0.464410007 0.456771672 -0.174904794 157 208 237 
0.463994443 0.457749158 -0.166689187 159 210 240 
0.465174258 0.448621452 -0.119426653 152 205 235 
0.42923063 0.46327877 -0.107503504 153 204 235 
0.605107069 0.11130178 -0.632446587 148 183 198 
0.605099857 0.112300605 -0.643215179 150 185 199 
0.599942207 0.12774843 -0.578087151 153 193 208 
0.618679404 0.0400052965 -0.463292301 138 176 193 
0.621270657 0.0322481692 -0.496056795 131 170 186 
0.616489649 0.0458316207 -0.42750147 141 178 197 
0.599196076 0.130035758 -0.569248438 156 197 211 
0.553108275 0.15432936 -0.550968587 172 215 228 
0.594304144 0.145574749 -0.517331243 154 197 213 
0.615985036 0.0461004972 -0.407322913 141 179 199 
0.614617944 0.046980083 -0.354336679 145 186 206 
0.593393505 0.148343742 -0.506293952 157 201 216 
0.545506716 0.170843422 -0.48879227 188 237 243 
0.593054593 0.145183593 -0.455618262 171 217 230 
0.572742879 0.154595941 -0.448266089 186 231 241 
0.591331184 0.150207281 -0.432321757 177 224 237 
0.543262184 0.188654214 -0.426499277 193 242 251 
0.58618474 0.167685091 -0.390265256 185 227 238 
0.576299429 0.17381078 -0.385846704 190 231 241 
0.585681498 0.168090999 -0.371671498 187 231 241 
0.529879332 0.226608843 -0.404381812 196 245 252 
0.541009724 0.206463024 -0.364206403 190 240 250 
0.583188295 0.17496711 -0.333617121 187 237 248 
0.566683948 0.189837456 -0.323714197 189 240 249 
0.580773652 0.182302296 -0.304270327 193 242 250 
0.523592174 0.26628089 -0.382109761 186 233 241 
0.526442409 0.244130954 -0.342114717 196 244 253 
0.550700426 0.2271626 -0.301653385 198 244 252 
0.573551774 0.208339483 -0.262046427 193 243 253 
0.572642744 0.209633768 -0.261242479 193 243 253 
0.525955796 0.262367189 -0.279783398 195 246 252 
0.571732104 0.215489537 -0.257956922 194 243 253 
0.562724233 0.251485169 -0.244396627 199 244 253 
0.483947456 0.407592386 -0.457954258 157 207 236 
0.505590796 0.389991164 -0.417549878 161 213 239 
0.561828673 0.254402459 -0.235700518 200 244 253 
0.527016878 0.280978054 -0.217418343 190 241 252 
0.486736536 0.426621497 -0.395551592 159 210 237 
0.501267552 0.407298744 -0.355302125 156 206 236 
0.487807333 0.381200999 -0.315662354 162 218 247 
0.49729985 0.337818921 -0.235589653 179 235 250 
0.506063282 0.317100227 -0.195465803 178 234 251 
0.481404662 0.443684936 -0.333325803 156 210 237 
0.487138987 0.422233045 -0.293267936 157 209 241 
0.496952415 0.401768476 -0.253121227 162 214 242 
0.506694257 0.381286591 -0.212976068 163 215 241 
0.499522626 0.356710941 -0.173199326 174 229 247 
0.467157662 0.458590537 -0.271294206 153 200 230 
0.481326461 0.439180166 -0.231052637 159 209 235 
0.492057502 0.418937713 -0.190885916 160 211 238 
0.505764484 0.399415582 -0.150654405 158 211 238 
0.469410896 0.454650104 -0.168970227 160 212 241 
0.485057294 0.43559739 -0.128696471 154 207 234 
0.618174314 0.110530287 -0.634302258 148 183 198 
0.65163511 0.109550536 -0.58615458 148 184 196 
0.614027023 0.127880454 -0.572050691 153 193 207 
0.653141797 0.105460763 -0.609879375 147 183 195 
0.647691905 0.122355372 -0.547410905 146 181 197 
0.659922063 0.0292756855 -0.473661095 129 164 179 
0.667243004 0.0302560329 -0.421574712 139 173 189 
0.635375559 0.0416883826 -0.41185385 141 177 196 
0.668872774 0.0275855362 -0.466723293 129 163 178 
0.666146636 0.0309961736 -0.379467547 133 169 187 
0.647753239 0.120311379 -0.527516663 145 180 197 
0.601971745 0.143316597 -0.509971321 153 194 210 
0.642893672 0.136024088 -0.479012251 139 178 197 
0.665071547 0.034296155 -0.366780788 134 170 189 
0.641718805 0.139530629 -0.464040965 145 185 205 
0.641341329 0.136521935 -0.41327861 161 203 219 
0.625360608 0.144491851 -0.407187015 166 210 225 
0.639743984 0.141531408 -0.395610809 166 208 223 
0.636646569 0.150476962 -0.35281381 173 217 233 
0.608094215 0.15866667 -0.345221192 180 228 240 
0.634786487 0.155988425 -0.328661352 173 218 233 
0.631923079 0.164544851 -0.292284429 183 227 238 
0.599819064 0.175017774 -0.283059478 196 241 248 
0.56547147 0.249091864 -0.238989711 200 243 252 
0.67146045 0.100587994 -0.593208671 146 182 193 
0.701905429 0.0950479805 -0.569975495 138 171 184 
0.693810284 0.1250377 -0.531579435 146 179 194 
0.716079056 0.023927629 -0.430383712 128 163 179 
0.715915918 0.0256898999 -0.442476243 125 160 176 
0.712467909 0.0336248279 -0.372354209 134 168 185 
0.696884871 0.0337364674 -0.37058112 133 168 185 
0.69377023 0.125060081 -0.529990077 146 179 194 
0.694967449 0.115864128 -0.482766598 146 183 199 
0.661169112 0.134805083 -0.468748957 147 185 203 
0.691505432 0.126362979 -0.440490156 154 189 205 
0.688483775 0.13684842 -0.418281347 160 196 212 
0.692056417 0.118318677 -0.376396328 152 191 209 
0.670995116 0.132697552 -0.366260052 162 200 217 
0.68928957 0.127247632 -0.34859097 157 196 212 
0.685255408 0.140549541 -0.311198145 165 205 224 
0.668061078 0.150341421 -0.303982049 170 211 229 
0.72429502 0.0905363858 -0.552124858 136 168 182 
0.695409 0.124738544 -0.530345082 146 179 194 
0.746675849 0.0982498229 -0.498030663 144 178 191 
0.725839615 0.109264255 -0.489749312 142 178 192 
0.750399768 0.0859683454 -0.532522321 140 173 185 
0.744993448 0.102647275 -0.469657391 134 169 183 
0.722211957 0.021512717 -0.432371348 129 163 179 
0.763864875 0.0172341466 -0.386918396 133 165 178 
0.764917135 0.0141010284 -0.400410414 135 167 180 
0.744703531 0.101507813 -0.443684042 131 166 182 
0.706970215 0.123051077 -0.427818388 152 187 204 
0.740597427 0.114324898 -0.397598565 139 175 193 
0.740350664 0.11411947 -0.383987546 138 175 192 
0.735978425 0.127106071 -0.327568442 139 177 198 
0.73551029 0.128646374 -0.323195666 139 177 198 
0.796309412 0.0887879431 -0.508631885 157 196 205 
0.796379626 0.0893365741 -0.517951787 157 196 205 
0.795363128 0.0880142748 -0.456591189 152 187 198 
0.767313063 0.0964627564 -0.448912978 134 169 183 
0.793609083 0.092967242 -0.431100547 142 176 190 
0.790592492 0.102267504 -0.395955831 137 172 188 
0.761761248 0.113473058 -0.386691958 136 173 190 
0.791119874 0.0957034826 -0.347226977 141 173 188 
0.787837803 0.0969448686 -0.346191019 142 174 188 
0.740711868 0.1267322 -0.324808538 138 176 197 
-0.451072007 0.0293286443 -0.979839265 164 210 223 
-0.402360797 0.0189991593 -0.938453496 161 196 212 
-0.36063692 0.0451082587 -0.981192946 161 204 217 
-0.354270697 0.0156020522 -0.945585966 161 200 216 
-0.312163591 0.0402052999 -0.989186704 179 224 233 
-0.313175857 0.039691031 -0.936997652 164 205 220 
-0.271097183 0.0644059181 -0.980534554 178 222 236 
-0.267200768 0.0446041226 -0.939377069 166 209 223 
-0.23402068 0.108775705 -1.01282966 170 208 223 
-0.225650191 0.0713941455 -0.981727004 184 225 237 
-0.220183328 0.0454216003 -0.944098949 168 213 227 
-0.217407554 0.0300230682 -0.90042305 170 212 225 
-0.170411095 0.0354149342 -0.955011785 198 233 239 
-0.178544611 0.0363748074 -0.953595757 193 230 237 
-0.172201768 0.0435625911 -0.963340461 196 233 240 
-0.167054608 0.0180819035 -0.916499913 173 211 221 
-0.179697663 0.0763960481 -0.984055638 179 224 235 
-0.166873932 0.0170247257 -0.913046956 171 209 220 
-0.170163751 0.025459379 -0.855739534 166 209 227 
-0.1250135 0.0425973535 -0.956093192 176 211 224 
-0.129389584 0.0626121461 -0.977596521 177 217 228 
-0.121706687 0.0251121819 -0.913610756 174 213 224 
-0.163116843 0.0172691643 -0.9133268 171 209 220 
-0.121770948 0.0248965919 -0.908264875 175 215 226 
-0.133091509 0.0788297653 -0.987853169 178 220 229 
-0.123801321 0.028850764 -0.858989239 171 214 228 
-0.0856355354 0.0779240727 -0.993560612 165 205 217 
-0.0975432619 0.078820467 -0.991764426 168 208 220 
-0.0870107859 0.083807081 -0.995796323 165 206 218 
-0.0798684508 0.0507719517 -0.956607163 164 205 215 
-0.0769801512 0.0349312723 -0.913184166 168 208 221 
-0.0772064626 0.035271436 -0.906574368 166 208 221 
-0.0972938985 0.128224522 -1.01727426 182 224 235 
-0.0786516964 0.0370073617 -0.859513521 165 207 222 
-0.041341953 0.0894444585 -0.992160976 169 206 218 
-0.0424123853 0.094014138 -0.993797421 170 208 220 
-0.0328314602 0.0515126586 -0.961372972 169 206 216 
-0.0294087008 0.0335720479 -0.919151068 183 224 231 
-0.0297939852 0.0315475464 -0.87896657 179 221 231 
-0.0341020077 0.0475213826 -0.858689427 156 196 211 
-0.0230557099 0.0968496799 -0.990141988 157 195 208 
0.0144219846 0.051402986 -0.966625214 162 195 204 
0.00283308327 0.101017863 -0.985909879 144 182 196 
0.0165842697 0.0384149849 -0.921570599 178 218 227 
0.0175829977 0.0299989283 -0.87390101 180 219 228 
-0.0125864297 0.0308642089 -0.870115042 178 218 229 
0.0167368501 0.0321881473 -0.859381914 180 217 228 
0.000287212431 0.111433923 -0.984773457 148 185 200 
0.0666063726 0.027426511 -0.93304491 182 215 225 
0.0509991646 0.0279007256 -0.931071937 180 214 223 
0.0634268522 0.0421255827 -0.950412631 165 197 210 
0.0670069009 0.0244027376 -0.917833149 186 219 228 
0.0493685603 0.104141891 -0.994133592 164 205 217 
0.0076719299 0.104287088 -0.989472687 144 181 196 
0.0446424931 0.125031561 -1.00929141 165 203 216 
0.0575533807 0.0674897432 -0.962613702 146 182 198 
0.0645272732 0.0311039388 -0.878458381 174 213 224 
0.0626710802 0.0357822478 -0.845226526 161 200 214 
0.0385931656 0.146481097 -0.969917476 159 197 211 
0.0618405044 0.0371691287 -0.822506189 163 201 214 
-1.04813695 0.0812389553 -0.100627698 178 214 226 
-1.0492332 0.0825868547 -0.0997739956 178 213 226 
-1.04832268 0.0817633569 -0.0979290456 177 213 226 
-1.03468347 0.0149012804 0.0188797116 203 239 248 
-1.03752768 0.016900599 0.0202798545 200 237 247 
-1.03588009 0.0201669633 0.0153020844 202 239 248 
-1.030761 -0.00500261784 0.0599787608 175 212 220 
-1.0317204 -0.00453364849 0.0603393093 175 212 221 
-1.03084421 -0.00476303697 0.0611302927 176 212 221 
-1.04886329 0.0840927362 -0.098995477 179 214 227 
-1.03650856 0.022072196 0.0229811445 199 236 245 
-1.0311234 -0.00357887149 0.0607930794 175 212 221 
-0.973897934 -0.0249041021 -0.166526169 161 193 203 
-0.977723479 -0.0236862004 -0.165443271 166 197 206 
-0.974173784 -0.024063319 -0.163204491 160 193 203 
-0.982961833 0.010710299 -0.146156356 150 188 199 
-0.979080856 -0.00903096795 -0.104964286 153 191 202 
-0.990532339 -0.00843253732 -0.103380352 155 195 207 
-0.983889103 0.0139470398 -0.139552534 148 187 199 
-0.978937864 -0.0105638504 -0.0944947526 153 191 202 
-0.985510707 0.0207254887 -0.140428126 147 186 198 
-1.00101066 0.0530649722 -0.121132582 150 189 199 
-0.984067678 0.0105635226 -0.0937571302 152 192 204 
-0.992664635 0.0473049581 -0.107348174 146 186 198 
-0.983341813 0.0032196939 -0.0454742908 156 197 207 
-1.02917552 0.000568181276 -0.0418801531 182 214 228 
-0.987154722 0.0200285017 -0.0572064817 154 197 208 
-0.979676008 -0.015675962 -0.00379854441 150 190 201 
-0.987270415 -0.0121288002 -0.00103441626 157 198 208 
-0.98052448 -0.0127938688 0.00313008577 152 192 203 
-0.993760467 0.0486490428 -0.0719739273 164 206 217 
-1.01647472 0.0676760077 -0.0591274947 180 220 230 
-1.00433946 0.0477734208 -0.0189302191 178 218 226 
-1.01265407 8.12709332e-05 0.0607546046 181 217 224 
-0.987935603 0.0138096213 0.0477509722 192 226 230 
-0.981836081 -0.016171962 0.100884087 204 233 237 
-0.983257532 -0.0156433284 0.101327859 205 233 237 
-0.984234631 -0.00451174378 0.0814307109 197 229 233 
-0.981908083 -0.0160293877 0.102603279 204 233 237 
-1.00765204 0.107724637 -0.090668574 174 213 225 
-1.00433278 0.0901905596 -0.0482140779 184 223 234 
-1.00131083 0.0738245249 -0.00509154052 175 217 228 
-1.00276995 0.0665073395 0.0434458926 181 221 230 
-1.00177717 0.0722465813 0.0338532254 180 221 231 
-1.00030589 0.0649632812 0.0472419485 180 220 229 
-0.982393146 -0.0139831007 0.102136023 204 234 237 
-1.00093842 0.0678693056 0.0439855233 181 222 230 
-0.92910248 -0.0153557956 -0.166254431 164 200 209 
-0.929146886 -0.0159777403 -0.157305777 161 196 206 
-0.982497454 0.0163521171 -0.143138304 149 188 199 
-0.931559503 -0.0101933181 -0.11081855 151 188 199 
-0.93222183 -0.0108400285 -0.0732248351 164 198 207 
-0.975274086 0.036454469 -0.0806390345 157 198 210 
-0.934072495 -0.00481104851 -0.0552569628 165 200 209 
-0.932955384 -0.0136922002 -0.00785340369 169 203 212 
-0.933031261 -0.0169176459 0.0314730033 173 206 214 
-0.932686865 -0.019239068 0.0414572433 178 210 218 
-0.981827855 0.00754249096 0.061426051 188 223 227 
-0.936948597 -0.00698533654 0.100948967 169 210 221 
-0.932108462 -0.0304953158 0.139985472 173 214 222 
-0.940461397 -0.0281246603 0.14219296 174 216 224 
-0.932150781 -0.0313610137 0.151549309 172 213 221 
-0.962900341 0.117444485 -0.0902987346 154 191 204 
-0.960504234 0.103537738 -0.0457695648 154 191 205 
-0.958828509 0.0924617946 0.000378653407 156 194 206 
-0.957680285 0.0849360526 0.0312887281 147 185 199 
-0.977820456 0.0497063398 0.0839223042 171 209 217 
-0.951548755 0.0332254171 0.124427505 183 222 229 
-0.942724466 0.0112176836 0.163843423 192 229 234 
-0.943330169 0.0138967037 0.161878616 192 228 234 
-0.956781745 0.0799277723 0.0456929579 142 180 195 
-0.957112789 0.0767367184 0.0963510051 164 203 214 
-0.950788438 0.0473949611 0.132052004 182 220 227 
-0.939668357 -0.00977435708 0.256803304 160 196 205 
-0.949818194 0.00631865859 0.266673028 147 184 192 
-0.945350826 0.0138153136 0.255553663 159 196 203 
-0.937217057 -0.0238978267 0.301208466 183 215 220 
-0.94777 -0.0160254538 0.306650579 189 220 223 
-0.937559605 -0.0247547925 0.326456189 172 207 212 
-0.945758939 0.0141570866 0.270490974 146 181 191 
-0.941168487 -0.00837180018 0.310088634 181 215 221 
-0.885186732 -0.00235086679 -0.164005697 142 174 189 
-0.884977281 -0.00364801288 -0.159208804 143 175 190 
-0.887303591 0.00147509575 -0.109334216 152 187 201 
-0.888096511 0.00170889497 -0.0755308345 138 175 191 
-0.890387535 0.0091008842 -0.0524894521 136 172 188 
-0.889278114 0.000249743462 -0.00506870449 143 178 193 
-0.886625767 -0.0146636665 0.0388846844 149 184 198 
-0.924979627 -0.0198915899 0.040255338 173 206 215 
-0.884370148 -0.0268229246 0.0704439357 167 204 214 
-0.917896926 0.129064679 -0.12259496 140 178 193 
-0.884125352 -0.0289803445 0.0831793621 174 212 220 
-0.887490153 -0.0202507675 0.140655428 170 203 212 
-0.887588739 -0.0209740698 0.153217584 166 199 208 
-0.916342556 0.120068222 -0.0939875394 143 178 193 
-0.916791141 0.117339104 -0.0430652872 143 178 192 
-0.931806624 0.106523365 0.0050586313 152 187 200 
-0.91685164 0.113805205 -0.00101841241 148 182 196 
-0.942120135 0.0126676857 0.164565802 192 229 235 
-0.893079579 -0.00278073549 0.203130692 154 191 200 
-0.901103199 -0.000244230032 0.205392182 159 196 204 
-0.889431536 -0.0216065347 0.244846344 123 161 178 
-0.895369351 -0.0216962397 0.24545005 130 167 183 
-0.889377177 -0.022205472 0.249006718 122 160 176 
-0.916601956 0.112103939 0.00642360002 149 183 196 
-0.912558138 0.0917228758 0.0472497419 143 175 190 
-0.91018188 0.07789433 0.09182363 147 182 195 
-0.909684777 0.07144925 0.1406205 144 180 196 
-0.937186241 0.0550557673 0.187082231 170 209 220 
-0.91141963 0.0768297315 0.160478145 152 190 204 
-0.918644428 0.0367038846 0.227419078 186 224 230 
-0.894752681 -0.000698268414 0.256804943 143 184 198 
-0.90616107 0.0168855488 0.267623961 161 203 215 
-0.900161326 0.0210961103 0.262931913 166 208 220 
-0.891388535 -0.0184086859 0.299158543 152 188 200 
-0.899077237 0.0157292783 0.272797674 165 207 219 
-0.890057504 -0.0281305313 0.346081287 176 210 218 
-0.906042039 -0.0287653208 0.347492456 169 205 213 
-0.890381634 -0.0273175538 0.351929605 178 212 220 
-0.912519932 0.0780974329 0.19690612 166 205 215 
-0.911010385 0.0676741302 0.243427634 179 220 229 
-0.8987239 0.0104137063 0.315643638 178 215 224 
-0.900648236 0.0134832561 0.369882494 214 247 249 
-0.894952059 -0.0133903027 0.406995177 132 167 181 
-0.903344572 -0.00975838304 0.409893125 133 170 183 
-0.900689125 0.0136242807 0.370192617 214 247 249 
-0.891837955 -0.0301183164 0.44991073 150 188 198 
-0.892356694 -0.029938668 0.450065464 151 189 199 
-0.891867816 -0.0300450623 0.450468928 151 189 199 
-0.873028636 0.00165447593 -0.163162857 144 178 193 
-0.844545424 0.0271853209 -0.195126772 144 178 195 
-0.845500529 0.0272729695 -0.152251661 146 182 198 
-0.845342994 0.0221620798 -0.102691658 144 180 196 
-0.842776179 0.00834217668 -0.0669624135 141 177 193 
-0.842472672 0.00639218092 -0.0592281595 140 176 192 
-0.84310329 0.00437831879 -0.00789681077 138 174 191 
-0.841070294 -0.00810164213 0.0374484062 143 183 200 
-0.840592861 -0.0125508308 0.0649702027 142 181 200 
-0.872360468 0.134627789 -0.112059265 146 183 200 
-0.841372967 -0.0114041567 0.0880426839 145 182 200 
-0.841878235 -0.013910681 0.139092237 158 194 206 
-0.839244843 -0.0287498534 0.183088064 160 199 209 
-0.847728729 -0.0285191536 0.184145808 159 197 207 
-0.839113891 -0.0299572647 0.190493435 162 200 210 
-0.871564627 0.129685432 -0.0936763883 144 182 198 
-0.872758985 0.129886627 -0.0410781316 142 179 196 
-0.869750321 0.113572896 0.00207430869 144 179 195 
-0.897163689 0.114908457 0.0058132112 146 180 195 
-0.86684674 0.0976723731 0.0454631373 141 178 194 
-0.873504162 0.097795248 0.0462615266 141 178 194 
-0.866921067 0.0976154208 0.0495051369 139 177 193 
-0.843087733 -0.0181419551 0.241638482 165 199 209 
-0.843689144 -0.0173925459 0.260921448 159 192 202 
-0.86635071 0.0912314355 0.0942623988 132 169 186 
-0.865284801 0.0825513303 0.141780943 145 180 195 
-0.866186857 0.0838961899 0.168250352 149 185 199 
-0.895248353 0.0195268989 0.267861664 165 208 219 
-0.847264528 -0.00622203946 0.300939292 150 185 194 
-0.872279644 -0.020593375 0.348227859 170 205 213 
-0.848870933 -0.00182509422 0.325829685 155 191 200 
-0.866407335 0.0824703872 0.194217771 151 186 201 
-0.865419149 0.074095577 0.241910964 166 203 214 
-0.86442095 0.0656814575 0.289581656 164 206 216 
-0.879015028 0.0418100655 0.330557138 188 222 227 
-0.864748061 0.0666888654 0.293407589 165 207 216 
-0.852379382 0.00938358903 0.362348199 173 210 216 
-0.900404572 0.0137930214 0.370024204 214 247 249 
-0.847822011 -0.0130151808 0.402020276 171 206 214 
-0.846668959 -0.0220375955 0.449343055 169 207 216 
-0.846512854 -0.0235833824 0.459352881 166 204 214 
-0.800103486 0.0381668806 -0.194551528 140 176 194 
-0.800972223 0.0378709137 -0.151379585 139 176 194 
-0.801751375 0.0364407599 -0.0997143835 134 170 190 
-0.801711977 0.0360449255 -0.0971253216 134 171 191 
-0.800684988 0.0277588665 -0.0521968752 147 184 200 
-0.798453212 0.0144976974 -0.00729844719 135 172 191 
-0.794840455 -0.00418931246 0.0344965979 150 187 202 
-0.79603672 -0.00213479996 0.0665849522 148 185 201 
-0.82751447 0.143609196 -0.107807204 136 178 197 
-0.798193872 0.0044953227 0.0919469669 152 188 203 
-0.796880066 -0.00515893102 0.138908356 148 185 200 
-0.829765975 -0.024171412 0.184537083 156 193 205 
-0.797950208 -0.00274679065 0.161235452 148 184 199 
-0.827464402 0.141965359 -0.0918422937 136 177 196 
-0.823582172 0.122219503 -0.0506528467 143 182 201 
-0.824534059 0.121467948 0.00140046328 137 175 194 
-0.862114787 0.100551963 0.0465096012 141 179 195 
-0.824757099 0.11987415 0.0293498114 140 177 195 
-0.80027771 0.00369924307 0.196458012 138 174 189 
-0.810042024 -0.0010433495 0.247308642 137 175 190 
-0.801257074 0.00353848934 0.243206829 130 169 185 
-0.824170709 0.115548342 0.0504979119 146 183 199 
-0.823185027 0.107183546 0.098196812 141 179 195 
-0.82325846 0.102980226 0.148275852 140 177 193 
-0.823046744 0.101322412 0.156978458 142 179 195 
-0.801714599 0.00485351682 0.249601364 132 171 187 
-0.799447954 -0.00854462385 0.294421405 146 183 194 
-0.802953124 0.00185021758 0.339835793 148 182 193 
-0.821627498 0.0920800567 0.194524616 150 186 202 
-0.821141601 0.0856788456 0.243346602 151 188 202 
-0.819726825 0.0756279528 0.290081114 139 175 190 
-0.820147336 0.0768844783 0.29542762 138 175 190 
-0.804439008 0.00657472014 0.355552197 148 181 192 
-0.802502453 -0.00552633405 0.401114076 156 193 203 
-0.802295983 -0.0108292997 0.450564235 154 196 208 
-0.798809826 -0.0287457407 0.489605099 167 199 207 
-0.757696986 0.0533926785 -0.147691309 147 186 204 
-0.796535373 0.0385231078 -0.0991547704 135 172 192 
-0.758228481 0.0517713428 -0.105272524 149 188 205 
-0.758523643 0.0521489084 -0.0959194899 149 188 206 
-0.757380247 0.0431645811 -0.0485749617 150 188 205 
-0.754163504 0.0260332823 -0.00589008629 151 188 205 
-0.765290856 0.0187599659 0.0437336341 148 184 200 
-0.755474091 0.0280509591 0.0318575278 150 185 202 
-0.780057013 0.141250819 -0.0974404439 139 184 206 
-0.795574009 0.143983334 -0.0942488685 136 180 202 
-0.779549599 0.137150735 -0.0751724839 139 183 206 
-0.756373286 0.0302243233 0.0489901677 150 186 202 
-0.754529655 0.0184884965 0.0947609618 147 183 199 
-0.754170954 0.0125872791 0.143868923 150 188 203 
-0.754279375 0.0120520592 0.154793382 149 187 202 
-0.778998673 0.132600486 -0.0499048531 141 184 206 
-0.779963613 0.131900191 0.00217775255 137 181 204 
-0.777721524 0.118598729 0.0470531359 144 186 205 
-0.788262844 0.118427306 0.0481182262 144 185 203 
-0.777969062 0.119241357 0.05127538 144 186 205 
-0.755225658 0.0122393966 0.196153104 143 181 197 
-0.754981577 0.00678855181 0.245518655 140 178 194 
-0.78861773 0.00414228439 0.247775286 133 172 188 
-0.755459607 0.00780972838 0.256117463 140 178 194 
-0.779646039 0.121668875 0.10129229 141 182 201 
-0.818716824 0.106570333 0.149729759 141 178 194 
-0.781320333 0.125746846 0.132841945 143 183 202 
-0.759370923 0.0195436478 0.305297166 146 182 196 
-0.758379459 0.0121796131 0.341609806 147 184 198 
-0.780818701 0.121784836 0.153841764 146 188 206 
-0.779317737 0.11139521 0.200382531 151 190 207 
-0.778943717 0.105433732 0.249456048 148 186 203 
-0.81013447 0.0813219845 0.29212454 141 178 193 
-0.778879762 0.103580385 0.267115444 148 186 203 
-0.758586168 0.011968255 0.353447556 146 183 198 
-0.75624758 -0.00171235204 0.398106039 143 178 193 
-0.753848553 -0.015630573 0.442628652 142 177 190 
-0.753848553 -0.0201223791 0.492542714 153 187 196 
-0.78951019 -0.0278852284 0.492238551 165 196 205 
-0.753977954 -0.0196945369 0.493728727 153 187 196 
-0.714926541 0.0708976686 -0.142868713 153 194 213 
-0.715231061 0.0699037611 -0.117842615 155 197 215 
-0.714582622 0.0650545359 -0.093727529 157 199 216 
-0.713542879 0.0564773083 -0.0461501554 154 195 213 
-0.713834941 0.0531332493 0.00442039222 158 198 215 
-0.713855445 0.0530092418 0.00673960894 158 197 215 
-0.740697622 0.157265812 -0.0930535644 139 187 212 
-0.737174928 0.158366144 -0.0934099257 140 188 213 
-0.713158727 0.0459842384 0.0528146699 154 194 212 
-0.712884009 0.0404131413 0.102111407 156 195 212 
-0.744143307 0.0193927586 0.146469116 151 189 204 
-0.713391364 0.0406270921 0.123026855 155 194 211 
-0.737194061 0.158392489 -0.0928256586 140 188 213 
-0.737375319 0.15461275 -0.0425043106 143 191 215 
-0.73639977 0.146287858 0.00521738082 143 192 215 
-0.773893297 0.121905357 0.0484312251 144 186 206 
-0.736725152 0.146054715 0.0227473453 141 189 213 
-0.713934183 0.0400478542 0.154385626 155 194 211 
-0.712917686 0.0315617025 0.202015132 156 193 210 
-0.732116163 0.0178180933 0.249006003 146 183 200 
-0.712982178 0.028516382 0.238815159 153 189 207 
-0.737367928 0.14560023 0.0573072806 141 187 212 
-0.736692131 0.138452947 0.105702542 143 187 210 
-0.737271726 0.13867569 0.129837453 146 190 211 
-0.713871002 0.03081581 0.254071683 153 190 207 
-0.710891128 0.0146151781 0.297288835 146 186 202 
-0.71267736 0.0171419084 0.35121718 143 180 196 
-0.724533498 0.0151675642 0.351446033 144 181 197 
-0.712502718 0.0160582364 0.355242133 143 180 196 
-0.737206578 0.135982782 0.156772882 154 197 216 
-0.733815432 0.118166119 0.199065715 153 195 214 
-0.737818122 0.121665508 0.253766745 149 187 206 
-0.735977292 0.122183055 0.253680944 149 187 206 
-0.71207875 0.0102980733 0.399785966 144 178 193 
-0.709957421 -0.00252890587 0.444932729 142 174 189 
-0.72762984 -0.0129074752 0.493586451 146 179 191 
-0.709747374 -0.00766667724 0.49238053 142 175 188 
0.111632794 0.0360673368 -0.93329227 178 211 218 
0.107701644 0.0539345741 -0.951358497 164 201 213 
0.111793965 0.0336758196 -0.914117336 178 213 219 
0.0925843716 0.119896948 -0.990311861 187 226 238 
0.0897526741 0.132705063 -1.00263512 186 225 236 
0.103179008 0.0737761259 -0.964207649 157 196 212 
0.110378444 0.0365041196 -0.880559206 175 211 219 
0.108836606 0.0382312834 -0.8289662 152 186 201 
0.0900378525 0.129902899 -0.984588981 184 223 236 
0.108765453 0.0383501351 -0.827020228 151 186 201 
0.107224464 0.0399132371 -0.773643017 148 190 204 
0.153584838 0.0612797737 -0.976544499 171 204 215 
0.121309519 0.067758739 -0.969473422 162 200 215 
0.148118421 0.0848423839 -0.987413228 180 217 226 
0.157081485 0.043048948 -0.934488535 180 215 224 
0.159349725 0.0296445191 -0.889672041 161 200 211 
0.150432542 0.0291280448 -0.888973117 163 201 212 
0.15952839 0.0283580124 -0.883579433 159 197 208 
0.107680798 0.128493547 -0.987294316 170 210 222 
0.137137488 0.129118025 -0.975278735 140 177 191 
0.155176789 0.041549176 -0.830379963 149 183 195 
0.115110815 0.0389325917 -0.827400625 151 185 199 
0.157084197 0.0303730667 -0.793758333 147 184 199 
0.134861469 0.134848773 -0.934466362 154 187 199 
0.157565683 0.0276708007 -0.785834551 147 186 201 
0.156817019 0.0261207521 -0.734237909 144 188 206 
0.168644398 0.079215765 -0.96844238 179 214 224 
0.200731814 0.0570966899 -0.931643307 168 200 212 
0.198357493 0.0671256483 -0.934082687 172 204 215 
0.194954991 0.0399044454 -0.888003349 173 209 219 
0.202671647 0.0457685888 -0.894822538 175 210 220 
0.20863238 0.017069608 -0.849570632 154 195 207 
0.19708249 0.0175795257 -0.84802413 153 193 205 
0.203879148 0.0397909284 -0.883833945 173 210 220 
0.208815604 0.0153533518 -0.838910937 150 191 203 
0.185570896 0.121159554 -0.947485447 131 163 178 
0.184359789 0.126335591 -0.949401617 129 162 176 
0.202964723 0.0438311398 -0.88674742 174 209 220 
0.205182105 0.0261348486 -0.791902542 150 188 200 
0.162003607 0.0274428725 -0.786446214 147 186 201 
0.204976708 0.0242728293 -0.76178211 156 194 208 
0.184424996 0.125661969 -0.944910288 127 160 175 
0.204716831 0.023471266 -0.740942836 158 198 212 
0.203266293 0.0246789753 -0.687768877 147 192 211 
0.247888178 0.0573684275 -0.936677396 150 188 200 
0.239879638 0.0925613344 -0.960078239 162 193 205 
0.252293944 0.0355651677 -0.896664619 141 176 189 
0.206090391 0.0425996482 -0.887760818 173 209 219 
0.245525837 0.0293048918 -0.846968889 143 175 186 
0.25191316 0.0329901874 -0.850570023 140 171 182 
0.192616135 0.126211762 -0.945511281 130 162 177 
0.230804116 0.127404481 -0.930604219 141 171 185 
0.25174889 0.0332148969 -0.845525742 142 173 184 
0.251085997 0.0313278437 -0.794121861 154 193 205 
0.251501054 0.0252052844 -0.745140553 153 191 205 
0.24607712 0.0249525011 -0.744682014 154 192 206 
0.251492083 0.024990052 -0.742338181 153 191 205 
0.230401397 0.126078337 -0.897378445 145 175 187 
0.250819504 0.0233913958 -0.69369483 141 185 204 
0.250539005 0.0200017691 -0.643150389 141 189 211 
0.290857494 0.0740920007 -0.9323017 177 201 208 
0.285178095 0.0993028581 -0.951708674 133 165 179 
0.281191945 0.0607775152 -0.886124969 143 178 190 
0.291267425 0.0691579282 -0.896293998 154 188 199 
0.300744861 0.0262583196 -0.854694009 157 193 202 
0.256421775 0.0319422185 -0.846731544 142 174 185 
0.293505698 0.0580774844 -0.875925064 150 185 196 
0.299702853 0.0273989141 -0.819529414 137 170 183 
0.27551958 0.137031943 -0.927539825 137 170 186 
0.288837731 0.0775364339 -0.877848446 146 180 193 
0.29849425 0.0306097865 -0.799722016 133 167 181 
0.296992868 0.0320173204 -0.746433794 144 185 200 
0.297438592 0.0285232961 -0.728071034 144 186 201 
0.275995791 0.132487446 -0.898902178 146 182 196 
0.276825786 0.124734372 -0.850853384 163 201 210 
0.297006518 0.0274718702 -0.696550429 141 182 201 
0.29633671 0.025611937 -0.645131052 135 181 203 
0.31746906 0.092397958 -0.925267816 157 184 195 
0.334310442 0.0507946312 -0.845035076 168 204 212 
0.309287965 0.131611556 -0.903037012 151 186 200 
0.327869356 0.109732121 -0.864623427 160 193 202 
0.325576276 0.120218039 -0.875868917 157 191 202 
0.339865237 0.0581053197 -0.841668487 169 206 214 
0.345289677 0.0322996378 -0.803944945 152 191 203 
0.340720505 0.045761317 -0.743762314 139 176 191 
0.340710729 0.0452958047 -0.738141239 137 175 190 
0.325752914 0.118048161 -0.859867096 158 194 203 
0.341703534 0.0374069512 -0.696057498 138 178 194 
0.341669559 0.0330484509 -0.646067142 132 174 194 
0.394446284 0.0292035639 -0.863388419 154 189 197 
0.350679308 0.054756552 -0.844678521 167 202 210 
0.38412261 0.0714614391 -0.859003901 150 187 195 
0.392662495 0.0317206979 -0.809465528 160 197 206 
0.347884148 0.0312402248 -0.804806411 153 191 203 
0.393187612 0.0265857279 -0.776509941 143 179 190 
0.346800029 0.117851228 -0.862286985 160 194 205 
0.373003364 0.116421789 -0.84812808 157 193 207 
0.389126331 0.0411235392 -0.751604378 133 170 184 
0.387723982 0.0435481966 -0.714166343 135 171 186 
0.374248922 0.108564228 -0.817997754 146 183 198 
0.387721151 0.0421530902 -0.698532343 138 175 189 
0.388218224 0.0357081294 -0.649735451 134 174 192 
0.389217347 0.0272904038 -0.602066755 133 180 200 
0.410249919 0.0691752732 -0.843380928 152 189 198 
0.439079046 0.034899652 -0.812836766 175 212 220 
0.431678772 0.0670262873 -0.830088556 158 195 205 
0.438023984 0.0356146991 -0.772345364 142 175 186 
0.391810089 0.105905801 -0.821373641 146 183 198 
0.422923505 0.100283831 -0.797699809 140 176 189 
0.437415719 0.0369433463 -0.759184718 134 167 179 
0.436285794 0.0368911326 -0.706731439 135 168 181 
0.400523275 0.0394952595 -0.701384962 137 172 187 
0.436662793 0.0322683156 -0.672668517 141 178 189 
0.419134706 0.113265753 -0.768014967 138 174 188 
0.436246037 0.0325556397 -0.65672797 143 183 195 
0.436229169 0.0281300545 -0.606775999 140 180 199 
0.489742637 0.0213903785 -0.825752974 175 205 212 
0.480222404 0.0220779181 -0.824332833 176 208 214 
0.488765478 0.0254951417 -0.826506078 176 206 213 
0.490050495 0.019133836 -0.814812303 183 214 219 
0.47681123 0.0745895207 -0.823229551 144 179 189 
0.48826766 0.0226939619 -0.772524238 176 211 218 
0.450264812 0.0331809223 -0.762643397 136 170 181 
0.48664552 0.0259052813 -0.733734488 132 164 179 
0.473904014 0.0836244226 -0.790157914 151 183 193 
0.448673308 0.0968292952 -0.780202091 145 177 190 
0.471552849 0.0905358791 -0.759018064 139 171 183 
0.484877527 0.0315230787 -0.714991212 129 160 175 
0.483985126 0.0305376649 -0.663071632 131 168 183 
0.457578421 0.0304652452 -0.660209239 137 175 188 
0.483371735 0.0320272744 -0.651463091 129 167 182 
0.480923235 0.038076818 -0.606276393 134 174 193 
0.543458104 -0.00411021709 -0.845527589 159 208 214 
0.542896509 -0.0039460659 -0.845376611 159 208 214 
0.543344796 -0.00362280011 -0.845742345 159 208 215 
0.543419421 -0.00399240851 -0.845062852 159 208 214 
0.533072829 0.0371430218 -0.827155828 174 207 215 
0.534416914 0.0304893553 -0.814924598 173 206 213 
0.522126794 0.0812461376 -0.814703941 143 179 191 
0.532373071 0.0349536836 -0.770701647 159 196 204 
0.535821974 0.016910404 -0.728538394 145 178 190 
0.503760099 0.0232892931 -0.721545219 134 166 181 
0.534593523 0.0195303261 -0.701253235 141 175 187 
0.519225001 0.0911077857 -0.791067243 136 169 182 
0.517405689 0.0945328176 -0.745603204 143 173 183 
0.532640994 0.0249173045 -0.671475649 137 173 186 
0.53092885 0.027587235 -0.622538805 120 157 175 
0.516700745 0.096534282 -0.735480368 141 172 183 
0.530891776 0.0272988081 -0.617630363 119 157 175 
0.531290293 0.021241188 -0.56861192 143 180 197 
0.543831527 -0.00371974707 -0.845356226 159 208 215 
0.557416439 0.0407621861 -0.822651386 154 185 193 
0.586884201 0.00183513761 -0.742350221 116 146 158 
0.585026443 0.00176534057 -0.742184162 116 146 158 
0.586562514 0.00333479047 -0.744244695 118 146 159 
0.586957574 0.00137892365 -0.740649223 118 147 159 
0.548612952 0.0798252821 -0.800434232 144 179 191 
0.576064944 0.0488382876 -0.76794982 153 185 195 
0.570693254 0.0718095899 -0.776594639 153 189 199 
0.579449236 0.0284635127 -0.696912587 159 191 201 
0.567658782 0.0818684399 -0.749058008 145 182 192 
0.531905413 0.0941352546 -0.73845619 141 173 184 
0.564204276 0.093848139 -0.723582327 144 181 192 
0.579041362 0.0281597972 -0.674810588 152 185 196 
0.579985201 0.0199593306 -0.627017736 136 171 184 
0.5357849 0.0265547633 -0.618572831 120 157 175 
0.580430865 0.0137163997 -0.578105211 145 182 196 
0.578559041 0.0140681267 -0.577708185 145 182 196 
0.580353796 0.0139009058 -0.576617241 145 182 196 
0.561623394 0.101090997 -0.685580373 155 189 200 
0.577136695 0.0221683681 -0.520787895 140 180 197 
0.632339299 0.00879129767 -0.743561089 129 158 168 
0.6308285 0.0151868165 -0.745269656 125 153 164 
0.632154107 0.00862452388 -0.733206272 128 157 166 
0.588536143 0.0666485727 -0.759631634 157 194 203 
0.626151443 0.0331047475 -0.729654908 135 165 174 
0.608784437 0.0487097204 -0.719257653 152 184 193 
0.628670096 0.0187167525 -0.685401022 135 169 180 
0.604074955 0.0247299671 -0.679427266 141 174 185 
0.622986138 0.0439250171 -0.704572797 140 173 182 
0.629016042 0.0140743554 -0.649699092 149 183 193 
0.609828293 0.0901561081 -0.696825981 129 162 175 
0.611668766 0.0898664296 -0.695500493 128 161 174 
0.629044473 0.0127539039 -0.63632834 154 188 198 
0.630908608 0.000937342644 -0.590603709 137 173 187 
0.626892388 0.0145026445 -0.556961119 146 183 197 
0.623457432 0.0257231891 -0.523944199 132 172 189 
0.67102766 0.0225813687 -0.740310907 146 180 194 
0.675471961 0.0248729885 -0.739552557 148 182 197 
0.629910171 0.053823024 -0.718797445 140 171 180 
0.663370192 0.0749950707 -0.740925789 131 158 171 
0.671695113 0.0352213383 -0.681150615 155 183 194 
0.672678232 0.0289160311 -0.65621984 142 170 181 
0.616793513 0.0918419659 -0.696674228 128 161 174 
0.655270159 0.10500896 -0.702574372 133 167 179 
0.67177248 0.0304257274 -0.63141036 151 182 191 
0.67666012 0.00672912598 -0.59248054 149 183 194 
0.672265828 0.0208730996 -0.547909439 143 176 189 
0.654854894 0.105882734 -0.693218708 134 168 181 
0.655575633 0.0985590219 -0.644924343 135 169 182 
0.670794725 0.0252838433 -0.529384911 135 166 180 
0.669493914 0.0259034932 -0.476547331 129 163 178 
0.69689393 0.0700359643 -0.717338443 143 171 181 
0.680907905 0.0433268547 -0.677753687 143 170 181 
0.664460301 0.103379428 -0.695635974 130 164 177 
0.690117776 0.0867498219 -0.655144155 132 164 176 
0.709896147 0.0661892295 -0.616144657 165 198 206 
0.708740711 0.0712948143 -0.619836152 162 195 203 
0.722061694 0.01389575 -0.593571007 153 188 197 
0.720191956 0.0167507827 -0.539454877 134 169 183 
0.696630061 0.0198065639 -0.535203457 133 167 181 
0.719897807 0.0160624385 -0.518303812 131 166 179 
0.708743572 0.0707179308 -0.613554478 164 198 206 
0.716243863 0.0277718604 -0.480668187 124 157 172 
0.771570504 0.00492417812 -0.60389179 188 229 234 
0.73121959 0.00982475281 -0.596791923 161 198 205 
0.765836656 0.0297183394 -0.616170108 202 247 251 
0.772665262 -0.00386920571 -0.556438088 161 204 215 
0.769268513 -0.00380554795 -0.556030214 160 202 214 
0.772687554 -0.00419667363 -0.553825021 162 204 216 
0.717981696 0.0706542432 -0.614604235 164 198 206 
0.754301429 0.0767379999 -0.609079897 155 191 201 
0.765630424 0.0206545293 -0.505983055 153 183 194 
0.751585126 0.0834516883 -0.558977664 138 171 183 
0.764824212 0.0224484503 -0.48890239 147 177 189 
0.766481102 0.0114464164 -0.44271186 142 177 189 
0.786342919 0.0231670141 -0.595591247 204 247 249 
0.784822881 -4.07397747e-05 -0.555691421 160 199 210 
0.821413338 -0.0143434703 -0.515135169 185 214 221 
0.820440769 -0.0142594874 -0.514982641 186 215 221 
0.82079494 -0.0113607049 -0.519893229 182 211 218 
0.821406424 -0.0143875778 -0.514328957 185 214 221 
0.793866932 0.0661818981 -0.573018432 139 174 185 
0.781688511 0.0403943956 -0.533350706 171 207 213 
0.789696455 0.019492805 -0.493243366 162 192 202 
0.81039995 0.0300143063 -0.502426565 177 209 217 
0.817352057 -0.00287747383 -0.456093937 176 212 222 
0.799910009 -0.000874876976 -0.453087926 164 201 211 
0.816727996 -0.00131222606 -0.444839805 175 212 222 
0.798497558 0.0801900923 -0.513549447 163 202 210 
0.0991797596 0.0266048312 -0.256423116 151 200 235 
0.0923013538 0.0293367505 -0.254181147 151 199 235 
0.0988816768 0.0270040035 -0.247174561 152 200 235 
0.0455379337 0.0518161058 -0.236813933 144 190 225 
0.0966321677 0.0321231186 -0.2007837 157 204 239 
0.072038725 0.0427863002 -0.192280561 156 202 237 
0.0449874699 0.0527305603 -0.221703947 145 191 226 
0.0948773324 0.0367425382 -0.171551272 159 206 242 
0.0428192168 0.0580068231 -0.180789948 147 195 231 
0.0925164819 0.0438027978 -0.141620308 154 204 241 
0.0529081076 0.056509912 -0.130355358 152 199 234 
0.0415489599 0.0596679449 -0.140931308 150 197 232 
0.0904963017 0.0483457744 -0.0993557647 155 202 239 
0.0405961126 0.0622501671 -0.125879794 151 197 232 
0.0892590284 0.0521104336 -0.0843855217 153 201 237 
0.0390207097 0.0639484823 -0.0724252388 151 197 231 
0.0875889212 0.0541808009 -0.030718185 154 200 234 
0.0744582862 0.0572401583 -0.0276110545 153 199 233 
0.0385283008 0.0645367801 -0.0563560948 151 197 230 
0.0870336592 0.0554026663 -0.0188027695 154 199 234 
0.03761179 0.0649926364 -0.0193448439 149 195 228 
0.0864934176 0.0539935231 0.0216578618 146 193 227 
0.0370200127 0.0665325224 0.0339153931 147 192 226 
0.0360177606 0.0668802857 0.0328613594 147 192 226 
0.0841479897 0.0596031845 0.0670009628 147 192 225 
0.0360006392 0.0668314695 0.0341900513 147 192 226 
0.0830143541 0.0631718338 0.079390578 146 191 224 
0.0356591195 0.0636815727 0.0848715976 152 194 226 
0.0814387351 0.064871043 0.13284567 148 190 221 
0.0559515208 0.0666289032 0.13660261 147 189 221 
0.0342273787 0.0656587183 0.128632367 148 190 223 
0.0814270526 0.0629883111 0.15430361 150 191 221 
0.0339862704 0.0657627881 0.138545156 148 190 222 
0.0820810795 0.0578552783 0.181316137 155 194 223 
0.0343558937 0.0598186553 0.187628537 145 188 221 
0.0802365839 0.0606109798 0.235375434 163 200 225 
0.0342784598 0.0556310713 0.237716615 158 197 226 
0.080324322 0.0452025235 0.27934134 145 187 218 
0.0412897468 0.0235901177 0.271873832 160 201 229 
0.0821798742 0.0491767824 0.273218393 147 188 219 
0.0410799831 0.0216505826 0.303056866 142 186 217 
0.0825788975 0.0469156206 0.280025512 144 186 218 
0.0836599171 0.0381762087 0.327510089 152 192 220 
0.0402504206 0.0231821239 0.324123621 135 179 210 
0.0860107541 0.0244473517 0.372141033 142 182 210 
0.0384519771 0.0257568061 0.378079474 131 176 209 
0.085474208 0.0227836072 0.415261894 131 170 198 
0.0388436094 0.0226368606 0.394769311 132 176 207 
0.0853043199 0.0227312744 0.423642665 130 169 198 
0.0385559499 0.0208564997 0.427759856 136 178 206 
0.0844967067 0.0214128196 0.475371748 140 176 200 
0.0383187383 0.0172967315 0.478206962 147 185 206 
0.0850338042 0.0148789883 0.523318172 142 175 197 
0.0383605585 0.0149434209 0.502437413 142 179 203 
0.0847501904 0.0159249604 0.524716198 142 175 197 
0.00807507336 0.165164858 0.509611368 186 229 238 
0.00363436341 0.158072233 0.506241024 181 225 235 
0.00200483203 0.164665878 0.507782638 185 228 237 
0.0559127927 0.13372618 0.539609909 159 198 217 
0.0118090212 0.12146011 0.537783742 169 200 215 
0.0481509864 0.167210907 0.523866534 189 230 239 
0.0598089993 0.113925189 0.58076787 159 196 211 
0.0105196089 0.122514009 0.585269392 186 223 231 
0.151237071 0.00889533758 -0.286649019 153 201 235 
0.150875852 0.00903874636 -0.271659553 152 200 235 
0.149139658 0.0113689303 -0.217843622 157 204 239 
0.133860499 0.0165559947 -0.213342935 158 205 240 
0.148358896 0.0130586922 -0.200776935 157 204 240 
0.146242261 0.0182616413 -0.16141814 162 207 240 
0.116278648 0.0306544602 -0.151383996 164 210 244 
0.144234404 0.0233920515 -0.126247048 162 208 241 
0.142194569 0.029674232 -0.102407463 155 203 239 
0.101337045 0.045391947 -0.0893675163 155 203 240 
0.140238285 0.0330897272 -0.0505486354 151 199 236 
0.140001819 0.0337982774 -0.0475655273 151 199 236 
0.137422875 0.039439857 0.00814437121 154 202 236 
0.119275317 0.045247972 0.0132981017 152 200 233 
0.136348486 0.0422612727 0.0261170343 154 202 235 
0.131399721 0.0586145222 0.0715945587 147 197 233 
0.109802812 0.0613092482 0.075433664 147 194 229 
0.130583242 0.0607169867 0.085715808 147 196 231 
0.129838407 0.0602574646 0.125017434 147 193 226 
0.128870845 0.0595674217 0.177105933 140 185 218 
0.119980961 0.0592869818 0.177930266 143 186 219 
0.128821671 0.0593527853 0.181748986 141 185 218 
0.12941353 0.0529433191 0.225800425 146 187 215 
0.128071219 0.0537257493 0.278731108 150 188 216 
0.0948902369 0.0487280786 0.279658616 146 186 217 
0.129378542 0.0465112627 0.298880637 147 185 214 
0.13060157 0.0392915905 0.322958559 143 181 211 
0.134147525 0.0208667815 0.364903659 141 180 208 
0.132776618 0.021761626 0.417898625 132 169 197 
0.0960211605 0.0216762125 0.421891063 129 168 196 
0.134944648 0.00887188315 0.461597711 130 171 199 
0.134908289 0.00889387727 0.463022023 130 171 199 
0.13177298 0.0167215168 0.519982338 128 165 192 
0.0862368047 0.0148221254 0.523952901 142 175 197 
0.099669233 0.147357076 0.542216718 164 211 228 
0.0946434438 0.168041438 0.543102086 172 222 237 
0.104853511 0.122494876 0.58047986 154 193 210 
0.20149973 -0.0043143034 -0.284486353 151 199 234 
0.164063439 0.00551241636 -0.275027007 152 199 234 
0.201082498 -0.00687289238 -0.236900359 155 203 238 
0.201004416 -0.00685995817 -0.233459175 155 203 238 
0.198555261 -0.00172844529 -0.178041041 157 204 239 
0.180832446 0.00508543849 -0.172386855 157 204 239 
0.19769302 -0.000178128481 -0.155681729 154 201 237 
0.195801795 0.00459891558 -0.121938877 154 201 237 
0.163387597 0.0192170143 -0.110424899 160 206 241 
0.193732381 0.00934380293 -0.0796602145 151 198 235 
0.192907214 0.01148054 -0.0655197278 151 198 235 
0.142173275 0.0324362516 -0.04854507 151 200 236 
0.190630645 0.0159339309 -0.0104894266 156 202 237 
0.18224898 0.0192964673 -0.00773919374 157 203 237 
0.190029055 0.0175923407 -0.00129783899 156 202 237 
0.186889201 0.026143223 0.0478329882 155 202 237 
0.166852653 0.0339238942 0.0542673543 155 202 237 
0.185432076 0.0302645266 0.0689326897 156 203 238 
0.181030363 0.0446722209 0.110913925 148 198 234 
0.162427664 0.0512069166 0.116512887 147 196 231 
0.180535644 0.0444193184 0.136437714 145 194 230 
0.179941356 0.0444594324 0.163275391 144 192 227 
0.180193245 0.0389778912 0.212623358 143 189 223 
0.159131125 0.0459231734 0.218715936 145 189 220 
0.179498076 0.03947106 0.239059389 142 187 220 
0.179078847 0.0388647616 0.265041858 142 185 216 
0.181385398 0.0253100693 0.309772313 139 179 207 
0.13853392 0.0364519358 0.320542186 142 181 211 
0.180906475 0.0226999521 0.360762686 133 171 199 
0.174855888 0.022403568 0.361266345 134 172 201 
0.180969536 0.0221017897 0.364514351 133 171 199 
0.181911677 0.0142584741 0.408417702 132 171 198 
0.182838976 0.00612300634 0.456247717 129 171 197 
0.135741025 0.0084502995 0.462689191 130 171 199 
0.183474422 -0.000383228064 0.499373466 136 176 205 
0.183071792 0.000716358423 0.505638659 137 176 206 
0.153048038 0.123179227 0.523198605 163 204 219 
0.123576552 0.129087508 0.529651165 164 206 221 
0.147209615 0.148889273 0.505545855 173 221 234 
0.151696086 0.126679301 0.546373963 158 203 217 
0.13919355 0.17848742 0.54466176 191 235 246 
0.150657818 0.128079146 0.578484356 157 201 215 
0.250432432 -0.0101031959 -0.303725302 154 200 233 
0.250443608 -0.0110661387 -0.293537587 155 201 234 
0.250129461 -0.0143236816 -0.242917538 155 201 235 
0.204566151 -0.00752401352 -0.234211832 155 203 238 
0.25014624 -0.0187711716 -0.194265723 154 200 236 
0.250121087 -0.0187825561 -0.19298467 154 200 236 
0.247845531 -0.0143330991 -0.137956589 152 199 235 
0.227060258 -0.00656527281 -0.131446987 153 200 236 
0.247102737 -0.0137892663 -0.109898366 154 201 237 
0.245931506 -0.0113042891 -0.0837410614 154 201 237 
0.205719352 0.00662326813 -0.0695698932 150 198 234 
0.244069368 -0.00847923756 -0.0296421126 155 203 239 
0.241797268 -0.00748413801 -0.0288510993 155 203 239 
0.243893296 -0.0079858005 -0.0270413235 155 203 239 
0.240816623 -0.000190287828 0.0275819525 157 204 239 
0.224931836 0.00678774714 0.033123441 158 205 241 
0.239680946 0.00278231502 0.0466893837 156 203 238 
0.237139612 0.00976586342 0.0857596025 157 203 237 
0.212117136 0.0220400393 0.0951862559 160 207 241 
0.234993041 0.015904814 0.116092123 150 198 233 
0.233375818 0.0200629532 0.144132257 148 197 231 
0.192652911 0.0356828868 0.157104224 149 197 231 
0.231590539 0.0226639211 0.197192401 145 193 228 
0.231506109 0.0229176283 0.198248148 145 193 228 
0.231230676 0.019508034 0.248781234 156 199 228 
0.196233451 0.0320636928 0.259457082 149 192 222 
0.230792612 0.0167376101 0.299679786 151 193 221 
0.228823453 0.0171120465 0.30009988 151 193 221 
0.230783343 0.0165751576 0.301910669 151 193 221 
0.231449842 0.00966337323 0.348116904 158 195 220 
0.231155694 0.00632724166 0.398691922 154 192 217 
0.211573124 0.00845089555 0.401999027 144 183 210 
0.231408209 0.00339695811 0.419661194 147 188 216 
0.231405288 0.000854790211 0.448045105 137 180 209 
0.232275814 -0.00705754757 0.496002823 132 174 204 
0.18781215 -0.00178608298 0.503756404 137 177 207 
0.192017019 0.160113066 0.486650378 178 217 236 
0.170060441 0.163178474 0.490730673 180 225 241 
0.189573377 0.170158625 0.48720929 185 226 244 
0.197371453 0.134582281 0.524531186 177 212 222 
0.200363457 0.118334115 0.567721188 144 180 198 
0.185240716 0.121173054 0.570927322 144 184 201 
0.187976986 0.175987422 0.495729834 186 228 245 
0.183331072 0.190976173 0.542466283 191 237 248 
0.297346264 -0.00979757309 -0.298001468 153 197 229 
0.265341967 -0.0111676753 -0.295229942 154 199 232 
0.29763779 -0.0128017962 -0.278002292 153 198 230 
0.297590733 -0.0152499974 -0.248636812 153 199 232 
0.297674656 -0.0200715363 -0.198911369 156 200 233 
0.251832992 -0.018923223 -0.193249345 154 200 236 
0.297614336 -0.0227703452 -0.166151881 154 200 233 
0.297382474 -0.0234153271 -0.148340672 155 200 234 
0.296464175 -0.0242988765 -0.0963628516 157 202 235 
0.272323698 -0.0184494257 -0.0905281082 153 200 236 
0.296045512 -0.0250887573 -0.0683644935 154 200 235 
0.295165837 -0.0236892998 -0.0435310379 154 201 236 
0.293077976 -0.0199773014 0.0110752061 155 202 237 
0.290066183 -0.0186407864 0.0121332332 155 202 237 
0.292857498 -0.0193914473 0.0146876499 155 202 237 
0.290115774 -0.0128298402 0.0676464215 155 202 237 
0.271327198 -0.00482243299 0.0740669891 156 202 238 
0.288945109 -0.0101082623 0.0911481306 149 197 233 
0.286997646 -0.00506976247 0.124568008 147 196 231 
0.257477224 0.010179311 0.136107236 148 197 232 
0.285936743 -0.00530013442 0.175834954 150 198 232 
0.285887539 -0.00519970059 0.17697683 150 198 232 
0.232386053 0.0224601924 0.19790259 145 193 228 
0.283349931 0.000279396772 0.232593834 151 197 229 
0.263045669 0.0070413053 0.238503397 155 199 231 
0.282465994 0.00179675221 0.256314337 151 197 229 
0.28087914 0.00549593568 0.288060606 152 195 227 
0.282121867 -0.00387886167 0.335181892 161 197 221 
0.259921044 0.0017991662 0.340710253 163 198 221 
0.282023937 -0.00609958172 0.364355445 159 194 219 
0.281674206 -0.00661161542 0.386102021 152 191 218 
0.281662524 -0.0110576451 0.436042279 145 188 215 
0.252266645 -0.00453934073 0.442818373 142 187 215 
0.280691564 -0.0095885098 0.464294523 148 190 215 
0.279848248 -0.00842067599 0.490033716 148 188 213 
0.234802723 0.177558154 0.491438717 177 224 238 
0.234456956 0.178953916 0.491803378 177 225 238 
0.245250523 0.132014334 0.51787293 146 191 208 
0.242551625 0.135044754 0.572175622 140 181 197 
0.243275255 0.135299504 0.57205224 140 181 197 
0.234326422 0.179429799 0.492509216 177 225 238 
0.227213055 0.204729751 0.537945747 184 235 245 
0.243271172 0.135299891 0.572235346 140 181 197 
0.343216628 -0.00447285175 -0.300145447 159 199 228 
0.344027817 -0.011464119 -0.259698957 162 201 230 
0.344054639 -0.0122575462 -0.252114743 161 201 230 
0.34422487 -0.0174182355 -0.202583253 161 202 231 
0.344259381 -0.0220456123 -0.152746707 164 206 234 
0.328201205 -0.0232786536 -0.151652932 161 204 234 
0.34433949 -0.0230918229 -0.144798577 164 207 234 
0.343843222 -0.0249023139 -0.101897456 165 209 235 
0.343462795 -0.0278994143 -0.0511284992 164 209 236 
0.328281343 -0.0277450681 -0.0493763015 161 206 236 
0.343504518 -0.029043287 -0.0403326973 164 209 236 
0.342357785 -0.02804932 0.00126891583 162 207 235 
0.341373295 -0.0285774171 0.0523363277 163 209 236 
0.341337591 -0.0285324454 0.0534757897 163 209 236 
0.338638097 -0.0224172175 0.109456621 155 203 233 
0.320321888 -0.0158034265 0.115067147 152 200 232 
0.338497847 -0.0244275928 0.138233274 156 202 231 
0.337594867 -0.0228099823 0.16171512 153 199 230 
0.287078381 -0.00549575686 0.176684946 150 198 232 
0.335222721 -0.017981112 0.216960192 157 200 229 
0.333354026 -0.0171349049 0.217625886 157 200 229 
0.335098147 -0.0176821947 0.219358861 157 200 229 
0.33234033 -0.0111472309 0.273352027 153 196 227 
0.311662614 -0.00403112173 0.279495299 150 195 227 
0.332455665 -0.0146855712 0.307375699 152 195 223 
0.332109183 -0.0147308111 0.323785603 154 196 222 
0.330314815 -0.0121720731 0.377732247 145 186 216 
0.308130801 -0.00937178731 0.381693274 147 187 216 
0.3297382 -0.0113175511 0.394709796 146 188 216 
0.329162568 -0.0121364295 0.430235773 149 192 215 
0.327414989 -0.00976160169 0.484077305 142 186 214 
0.325679839 -0.00961002707 0.484350413 142 186 214 
0.217489153 0.493940324 -0.0664661527 158 210 240 
0.236394227 0.179234117 0.492175549 177 225 238 
0.287374079 0.152061045 0.524149299 174 221 232 
0.280214429 0.183422834 0.504350603 176 229 239 
0.289318919 0.139927477 0.569692671 161 204 219 
0.243850082 0.135359049 0.572203934 140 181 197 
0.214058816 0.503020823 -0.00988218933 162 208 239 
0.199991047 0.50853461 -0.00533688068 164 210 240 
0.212819815 0.506971002 0.00310530514 163 209 240 
0.271198511 0.217970952 0.534367085 187 238 249 
0.389114141 0.000745087862 -0.302350461 158 198 226 
0.389800042 -0.00644183159 -0.253977865 162 201 229 
0.363008678 -0.0103679597 -0.253169626 162 201 230 
0.389982015 -0.00796890259 -0.245361835 162 202 229 
0.389800966 -0.0109373331 -0.204065949 163 204 231 
0.389581084 -0.0145651102 -0.153657675 166 208 234 
0.390019178 -0.0182376504 -0.132959574 165 208 234 
0.389799625 -0.0199156404 -0.104234762 164 208 234 
0.388888687 -0.0208281577 -0.0522735193 164 209 235 
0.389537513 -0.0259380043 -0.0252787098 163 208 234 
0.389104664 -0.0261686146 -0.00284486264 161 208 234 
0.387823731 -0.0256272256 0.0499479696 158 206 234 
0.343289793 -0.0285982192 0.0532254949 163 209 236 
0.388166904 -0.0292377174 0.0743124112 159 205 233 
0.387511313 -0.028891474 0.100564174 160 205 232 
0.385982156 -0.0273748338 0.153914779 160 203 231 
0.368113637 -0.0270755887 0.156041056 158 202 230 
0.386022836 -0.0287083685 0.166864842 158 202 230 
0.38456443 -0.0262961686 0.207014889 156 199 228 
0.382989556 -0.0237770677 0.25132522 155 196 225 
0.382636249 -0.0232116878 0.261262238 155 196 224 
0.381177247 -0.0219705701 0.314455301 155 196 223 
0.347707123 -0.0181466341 0.320213407 155 197 222 
0.380283296 -0.0204646587 0.338761568 153 193 219 
0.378379047 -0.0154675543 0.370657891 150 190 217 
0.376584232 -0.0122373402 0.417162895 150 191 218 
0.376340628 -0.0119500458 0.425152928 148 190 217 
0.373983145 -0.00717863441 0.480365187 142 188 214 
0.265626848 0.486626297 -0.0322586708 163 210 239 
0.333671004 0.155709684 0.521046698 172 216 230 
0.325125813 0.192080528 0.509197712 183 232 240 
0.338436961 0.132491291 0.560250044 172 215 228 
0.265094668 0.48804903 -0.0236348286 163 209 238 
0.262947857 0.491992414 0.0311037898 162 209 238 
0.250855833 0.498006254 0.0357040018 162 209 239 
0.262188405 0.493563414 0.0485144779 162 209 239 
0.315087944 0.23168759 0.529914379 191 238 246 
0.433886766 0.0103830397 -0.302027494 157 201 227 
0.43468076 0.00277137756 -0.253897816 159 202 229 
0.434810996 0.00109654665 -0.241264343 158 202 230 
0.434322536 -0.000312775373 -0.203178644 160 203 230 
0.43428129 -0.00464251637 -0.153171867 163 206 232 
0.43411839 -0.00555965304 -0.135502934 164 207 233 
0.433233261 -0.00501635671 -0.10090252 164 208 234 
0.433641076 -0.0111106038 -0.0519049838 161 207 234 
0.434111297 -0.0156093538 -0.0235033557 159 205 233 
0.433463931 -0.0149063766 -0.00159285218 159 204 232 
0.432434857 -0.0153548121 0.0506338552 159 205 232 
0.433049142 -0.0204358995 0.0788945779 157 202 229 
0.43261373 -0.0205494463 0.100145958 155 201 228 
0.431364119 -0.0201310515 0.15286842 158 200 228 
0.431506515 -0.0228838027 0.176919967 156 199 227 
0.430492759 -0.0211992562 0.204740644 155 198 226 
0.429271162 -0.0208908916 0.257400155 151 195 223 
0.40208295 -0.023339361 0.259055853 153 195 223 
0.429166257 -0.0213834047 0.267687291 150 194 222 
0.427814901 -0.0196607709 0.310586959 153 195 221 
0.427884161 -0.0244248211 0.360345274 153 193 219 
0.418216825 -0.0239200592 0.361682177 152 192 218 
0.427667737 -0.0240496695 0.36611411 153 193 218 
0.423473001 -0.0115839839 0.420172781 148 190 214 
0.391798377 -0.0119604766 0.423448652 149 190 216 
0.422865152 -0.0103594661 0.434473127 147 190 214 
0.421887696 -0.00984677672 0.473649651 139 186 212 
0.317807257 0.469383866 -0.0733254999 162 215 242 
0.315630704 0.475041091 -0.0362642407 164 215 242 
0.27209869 0.484793931 -0.0261752196 164 211 240 
0.31533891 0.471695811 0.0143055841 171 222 247 
0.31396389 0.472087294 0.0146696419 171 222 247 
0.315256268 0.471927524 0.0155240372 171 222 247 
0.381282002 0.1541951 0.514990926 173 218 234 
0.37064302 0.197738856 0.51955837 186 231 242 
0.384741187 0.13611123 0.557130992 165 210 228 
0.311811686 0.481063306 0.0721465424 162 211 240 
0.29307881 0.485386223 0.0765566304 161 210 240 
0.311351627 0.481172532 0.0920546129 161 211 240 
0.358080268 0.249852374 0.517219365 197 245 249 
0.358001888 0.249862254 0.517233372 197 245 249 
0.35807088 0.249891862 0.517212272 197 245 249 
0.478822768 0.0193791687 -0.302071571 159 203 225 
0.479318023 0.0129413009 -0.253270537 154 198 225 
0.479052782 0.0130688846 -0.242510527 154 198 225 
0.477634609 0.0150640607 -0.199573249 159 202 228 
0.478242755 0.00818270445 -0.151025891 159 203 230 
0.477828741 0.00904351473 -0.14158532 160 204 231 
0.476113379 0.0120577812 -0.0963263437 162 205 232 
0.477256775 0.0030733645 -0.0489818826 163 205 232 
0.476995587 0.00308337808 -0.0371034369 164 206 233 
0.47556603 0.00522485375 0.00473182648 162 206 233 
0.476744056 -0.00389590859 0.0519983545 156 200 228 
0.476671994 -0.00539925694 0.0720154271 158 200 228 
0.475395977 -0.00309059024 0.10494215 159 201 228 
0.475729704 -0.00889375806 0.15410617 154 199 226 
0.475394189 -0.00915834308 0.172451109 155 199 226 
0.473580658 -0.00494143367 0.208849877 155 198 226 
0.473844588 -0.0104702115 0.258170843 152 195 223 
0.473575354 -0.0102391243 0.26796335 151 194 222 
0.47140485 -0.00537565351 0.313567907 153 196 221 
0.472372949 -0.0136715174 0.36130622 155 197 219 
0.472158492 -0.013309747 0.367133498 154 196 219 
0.469229102 -0.00581029058 0.418285638 150 194 218 
0.467861176 -0.00212085247 0.440090626 151 195 218 
0.466106176 0.00196859241 0.475218028 146 191 215 
0.366498441 0.460729897 -0.0496390648 161 213 241 
0.356239766 0.463965833 -0.046751447 162 215 241 
0.365983188 0.461880565 -0.0387700498 160 213 241 
0.426916182 0.160447806 0.513377726 179 223 239 
0.413881153 0.158159912 0.51356554 177 222 238 
0.426591635 0.161842376 0.512782812 179 223 239 
0.427520931 0.157241821 0.521239936 176 220 236 
0.364072353 0.465770751 0.0057272613 160 213 240 
0.363981277 0.461706042 0.0550762191 172 226 247 
0.414481699 0.211706951 0.514643431 189 235 245 
0.430438936 0.142114073 0.55537492 159 205 225 
0.36394912 0.461763114 0.0559182391 172 226 247 
0.360010147 0.472748518 0.114684574 159 210 240 
0.346599996 0.475500822 0.117655389 161 211 241 
0.359534472 0.473634958 0.126673043 162 213 241 
0.405973196 0.247229934 0.510529995 193 239 247 
0.401550919 0.265635252 0.509033859 194 241 248 
0.525379837 0.0248030722 -0.336844265 165 208 225 
0.524267495 0.0263762176 -0.303259045 166 208 227 
0.523959339 0.0230951607 -0.252652466 153 197 222 
0.523425102 0.024395287 -0.242569208 154 198 223 
0.521271348 0.029165417 -0.196697414 159 202 227 
0.49560219 0.0172396004 -0.148006648 158 203 230 
0.520436823 0.0291036069 -0.157698929 157 203 228 
0.519267023 0.032549113 -0.14227888 164 210 233 
0.51935035 0.0277298391 -0.092552118 158 203 231 
0.495202065 0.0126569569 -0.0457404777 161 204 232 
0.51909107 0.0256810486 -0.0578818545 159 203 232 
0.517449081 0.0307085514 -0.0383652672 164 210 237 
0.518497705 0.0220964849 0.00919219106 163 203 229 
0.514212787 0.0127725303 0.0569484904 160 202 230 
0.519134939 0.0153792202 0.0545811579 160 202 230 
0.519033074 0.0155009329 0.0579030141 160 203 231 
0.518456101 0.0132762492 0.109113775 155 201 229 
0.509370029 0.00711455941 0.159117877 156 201 227 
0.517954826 0.0111363232 0.1559062 157 202 228 
0.517613173 0.0120965242 0.160922199 158 202 228 
0.516834676 0.0106634498 0.212585717 158 201 226 
0.494648755 -0.000934422016 0.261072099 153 197 223 
0.51637882 0.00885340571 0.253628314 156 201 224 
0.515913486 0.0097913444 0.264570057 157 202 224 
0.515241504 0.00793996453 0.315994412 154 199 222 
0.514938176 -0.00050932169 0.363788933 157 200 220 
0.516147852 -8.78870487e-05 0.36359033 157 201 220 
0.516144395 -9.95695591e-05 0.363879293 157 201 220 
0.514562845 0.00162306428 0.417347729 147 191 214 
0.514311969 -0.00108397007 0.458946854 141 184 207 
0.513897598 -0.000254958868 0.468756825 141 184 207 
0.415033698 0.455583632 -0.057771951 156 209 240 
0.412391245 0.463128865 -0.0203024894 155 208 238 
0.447024226 0.29395014 0.269646436 185 239 248 
0.436576247 0.300692081 0.274462074 191 244 251 
0.443248868 0.310370207 0.260510027 186 241 249 
0.446860611 0.292490691 0.293377519 186 240 249 
0.473643959 0.162403554 0.509306848 174 226 244 
0.469946563 0.178205103 0.50346595 175 226 245 
0.476128876 0.148147732 0.553636432 167 214 233 
0.458328843 0.146078318 0.554466665 163 210 230 
0.410471052 0.469019502 0.00239592791 156 209 238 
0.413023621 0.454498053 0.0465734825 154 206 238 
0.364800185 0.461552024 0.055709891 172 226 247 
0.411371052 0.458094448 0.0824776217 159 210 238 
0.442937374 0.310008317 0.278831005 188 243 250 
0.457461596 0.229926214 0.501913726 190 236 247 
0.409446269 0.464062482 0.104527093 160 211 238 
0.409908384 0.45775497 0.153402656 161 214 241 
0.393351763 0.46397692 0.158606678 165 217 243 
0.409128845 0.459109783 0.174136639 164 217 242 
0.455586076 0.237849414 0.499975294 190 236 247 
0.444178283 0.285599649 0.493096083 191 240 247 
0.570342362 0.0332075357 -0.331531703 157 198 216 
0.570177615 0.0315447748 -0.305492312 159 200 219 
0.567900479 0.0360006094 -0.250460595 153 195 218 
0.567568958 0.0368523002 -0.244706362 153 195 218 
0.56561166 0.0405021012 -0.195402801 163 204 225 
0.564193666 0.0434767902 -0.163358539 162 204 227 
0.562833905 0.0469247103 -0.139246166 172 212 231 
0.562721491 0.0428746939 -0.0890794173 171 214 233 
0.562505066 0.0417514443 -0.0666613951 166 210 231 
0.560483396 0.0471769273 -0.0341355726 174 216 235 
0.561650932 0.0380976498 0.0131546482 164 208 232 
0.562237382 0.0329917967 0.0429666862 157 203 227 
0.560538888 0.0379750133 0.0655676946 170 213 232 
0.561238289 0.0307352841 0.113910086 161 202 225 
0.561169982 0.0281911194 0.145317137 160 200 224 
0.559532642 0.0329454541 0.167657346 168 208 230 
0.560096264 0.0262390375 0.216304779 162 203 224 
0.561062813 0.0186369717 0.256405711 157 199 221 
0.560688376 0.0194206238 0.264888108 158 201 223 
0.560767412 0.0146183074 0.314624637 158 201 220 
0.559117556 0.0181821883 0.350767195 160 201 220 
0.557959855 0.0211580098 0.370848209 161 202 221 
0.560358226 0.00724241138 0.415372282 145 188 209 
0.55922848 0.0075481236 0.463840991 143 185 204 
0.558950841 0.00828054547 0.468449265 143 185 204 
0.462647021 0.455414385 -0.0788842812 153 206 237 
0.491716385 0.312888205 0.170322329 167 224 242 
0.485981405 0.317136079 0.173263311 167 224 242 
0.487704933 0.331366718 0.149149537 166 224 243 
0.498378575 0.282218814 0.205264002 170 224 243 
0.483788431 0.293765455 0.213148504 168 223 242 
0.503739238 0.256663501 0.243130714 171 225 243 
0.483413696 0.270834923 0.253073335 169 224 242 
0.508539677 0.233309716 0.282256573 175 227 243 
0.486647666 0.248777866 0.293076724 172 224 241 
0.511415124 0.217519403 0.325708419 173 227 243 
0.500142515 0.229204342 0.33330363 174 228 243 
0.511058807 0.215754896 0.361675918 183 231 245 
0.462245822 0.455636114 -0.0629314035 157 210 242 
0.464862585 0.440862566 -0.0188980252 159 213 242 
0.430101037 0.459003627 -0.00520966202 155 209 239 
0.46156472 0.450687408 0.0233306885 156 211 239 
0.487463892 0.329597294 0.179879159 168 225 244 
0.46541518 0.330512196 0.235157281 178 236 250 
0.482278466 0.348145306 0.211831301 175 232 249 
0.456896424 0.282770634 0.314837635 182 235 247 
0.468094587 0.262641191 0.355014533 178 230 242 
0.51122576 0.21377182 0.376048148 186 232 245 
0.471041024 0.240514562 0.395011634 191 234 244 
0.510573268 0.21184364 0.427428514 187 233 245 
0.49606359 0.223731264 0.435489684 187 235 246 
0.510918677 0.206363738 0.472464889 181 228 243 
0.521410465 0.160278171 0.502901793 176 223 236 
0.511345088 0.204252809 0.47634539 180 227 243 
0.526303232 0.136561334 0.541820049 165 209 227 
0.460361421 0.454056829 0.0411316678 154 207 236 
0.461840093 0.443755031 0.0877226815 157 211 240 
0.429660201 0.454411149 0.0970556214 157 208 237 
0.459553897 0.450557232 0.117095388 155 209 239 
0.481027842 0.35039407 0.244257152 176 233 249 
0.479917407 0.350265622 0.29666689 178 231 249 
0.472141147 0.327654362 0.337578654 187 242 252 
0.480122924 0.348731399 0.304279357 180 232 249 
0.482142389 0.307235241 0.377729475 183 241 251 
0.486961126 0.28556177 0.417767376 188 244 251 
0.500628114 0.250920713 0.449778825 187 237 247 
0.494947255 0.275344431 0.439184815 187 241 249 
0.511119425 0.205205947 0.476115197 180 227 243 
0.462659657 0.234000102 0.497103959 189 235 246 
0.497431219 0.263047993 0.461789101 184 235 245 
0.458573937 0.45209679 0.144976974 153 205 233 
0.458009839 0.449821502 0.196158767 160 213 236 
0.44558388 0.453779519 0.199677318 160 213 236 
0.457267702 0.451790094 0.208354533 161 213 237 
0.481618941 0.339088082 0.342756987 183 238 251 
0.487328351 0.312162548 0.379839987 182 240 251 
0.491032422 0.293116421 0.421429664 188 244 252 
0.49482131 0.273737311 0.462828904 183 235 246 
0.468184054 0.299370915 0.479700357 183 237 246 
0.485502362 0.312016249 0.465297312 179 233 245 
0.613726676 0.0494248867 -0.340581328 147 188 208 
0.612609446 0.0503802598 -0.299908757 152 193 214 
0.578436494 0.0417748988 -0.24847725 153 195 218 
0.610217452 0.0567119122 -0.260451496 154 196 219 
0.608672202 0.0613588393 -0.241146326 159 202 223 
0.610018671 0.0515764058 -0.194258273 155 197 218 
0.609401286 0.0506677926 -0.155815244 155 196 218 
0.608685076 0.0523247421 -0.141347051 156 198 220 
0.608304322 0.0493290126 -0.0905772969 155 199 221 
0.607636213 0.0493209958 -0.0598140135 153 197 220 
0.573368967 0.208873823 -0.259590656 193 243 253 
0.606352866 0.0525050461 -0.0362775996 157 201 223 
0.605326831 0.0520447791 0.0159423128 153 199 221 
0.605502903 0.0497966111 0.0328371152 153 197 220 
0.604024589 0.0526695848 0.0687828586 159 205 227 
0.604043722 0.0481025279 0.118653886 151 199 224 
0.603947163 0.047413677 0.130743027 151 198 224 
0.563647866 0.24276267 -0.189874768 197 243 253 
0.552485883 0.26430279 -0.176930636 192 240 253 
0.558520734 0.262209713 -0.170585796 192 240 252 
0.601062655 0.0553242862 0.175267547 162 208 230 
0.6043455 0.03793329 0.217803895 152 194 218 
0.605348229 0.030393064 0.25555709 154 195 217 
0.523007095 0.29836154 -0.155163795 180 236 253 
0.552286386 0.282987654 -0.115255915 183 234 250 
0.605357528 0.0294650197 0.265443593 155 197 217 
0.60615617 0.0218350887 0.31356284 151 194 213 
0.605760992 0.0188961029 0.364365011 147 187 208 
0.598328114 0.019674629 0.365605325 149 189 210 
0.605730832 0.0184143782 0.371102661 148 188 208 
0.51335746 0.337219715 -0.132965013 174 232 250 
0.551878095 0.284517288 -0.113509864 183 234 250 
0.533960223 0.319366634 -0.0925832838 177 234 250 
0.546850204 0.299814373 -0.0526626259 176 231 250 
0.605697691 0.0146530867 0.41442138 150 191 208 
0.606838644 0.00567778945 0.46177116 145 184 201 
0.566932857 0.00758978724 0.467196375 143 184 203 
0.523781776 0.380936682 -0.110328987 154 210 239 
0.523732305 0.358084887 -0.0703971013 167 223 245 
0.546730518 0.300251544 -0.0520274118 176 231 250 
0.532468379 0.337359577 -0.0302738696 178 234 250 
0.540426493 0.321529776 0.000943906605 177 232 249 
0.495226324 0.41521892 -0.0885420069 157 212 240 
0.506418169 0.395087987 -0.0483652651 155 209 237 
0.53149879 0.360100895 -0.0177963078 167 223 245 
0.526586533 0.379958957 -0.01293955 156 212 240 
0.539305449 0.3249349 0.0145735294 173 229 247 
0.525209725 0.353956699 0.031909965 164 222 244 
0.529013634 0.367943674 0.00914784521 160 217 242 
0.542050123 0.309658498 0.0583193079 171 228 248 
0.518979907 0.329608947 0.0717072263 167 226 247 
0.543294907 0.300275743 0.105435945 170 228 247 
0.528079927 0.308971733 0.111838393 172 227 246 
0.545849383 0.285746694 0.149609149 171 228 245 
0.539629161 0.288927317 0.152022898 171 228 245 
0.549800932 0.265727937 0.190642536 172 227 243 
0.546943903 0.267857969 0.192115188 171 226 243 
0.56020993 0.220336542 0.217163891 180 235 249 
0.533930361 0.241868302 0.231764704 172 228 246 
0.564445376 0.199202657 0.257559448 186 234 248 
0.538770437 0.220199972 0.271803081 177 229 246 
0.565355182 0.191136092 0.305428922 182 233 247 
0.541432261 0.198004395 0.311794013 174 227 243 
0.566253543 0.183590025 0.3480407 191 237 248 
0.473225951 0.451087713 -0.0666122511 161 215 243 
0.484065294 0.430871457 -0.0264431909 168 222 246 
0.526161373 0.381073117 -0.00580115616 157 214 241 
0.494674802 0.410599589 0.0137208551 166 219 244 
0.500354826 0.389134556 0.0537775531 162 217 242 
0.514168382 0.369638205 0.0940113738 160 217 243 
0.489165604 0.340746611 0.133399725 165 224 243 
0.566284716 0.182991832 0.353253931 192 238 248 
0.516369104 0.210292056 0.373589993 186 232 245 
0.568428636 0.170076162 0.398349971 182 233 245 
0.529372513 0.190599591 0.41380623 182 229 242 
0.570216 0.158561379 0.444247216 184 232 243 
0.540420055 0.17043376 0.45397982 185 229 242 
0.572836161 0.143774331 0.488272816 171 212 228 
0.557562113 0.151743025 0.49428615 173 215 231 
0.573004067 0.140087247 0.521536231 163 204 222 
0.474126399 0.446819842 0.0356822386 162 217 242 
0.483638883 0.426282436 0.0758224055 168 222 244 
0.493785501 0.405898541 0.115976371 166 221 246 
0.504504979 0.385653287 0.156142831 166 219 243 
0.495000839 0.360513031 0.195868731 173 229 248 
0.511670113 0.204668909 0.475762576 180 227 243 
0.573734581 0.135752171 0.5361678 161 201 220 
0.474626064 0.442454964 0.137968004 165 218 241 
0.484003544 0.421884894 0.178105205 175 226 246 
0.493960142 0.401454985 0.218255043 171 221 243 
0.49660176 0.37925455 0.258245528 174 223 243 
0.48241359 0.352980554 0.297869474 178 230 249 
0.49910742 0.265661836 0.457964927 184 236 246 
0.480755687 0.439452767 0.240376383 171 217 237 
0.485105991 0.417665899 0.280404091 174 221 243 
0.498586297 0.398088932 0.320630699 179 226 245 
0.505032003 0.376809239 0.360704035 173 221 239 
0.506028831 0.354210645 0.400658727 175 224 241 
0.496827483 0.329143703 0.440391272 182 232 244 
0.660073459 0.050976634 -0.322671562 140 180 201 
0.658705771 0.0548171103 -0.302560538 141 181 202 
0.655588925 0.0630919337 -0.251417458 147 187 209 
0.655178189 0.0641860366 -0.24471873 147 187 209 
0.654956281 0.0605661869 -0.194305986 148 189 210 
0.655275106 0.0548216403 -0.145108402 152 192 211 
0.64872396 0.0543016791 -0.144671381 152 193 212 
0.655171096 0.0550756752 -0.143155903 152 192 212 
0.631792068 0.160727322 -0.243847281 178 225 239 
0.652540445 0.061075002 -0.0890485868 155 193 213 
0.652770221 0.0568765104 -0.0529408678 157 193 213 
0.631591141 0.161357284 -0.241624415 178 224 239 
0.593375921 0.191812247 -0.220857918 189 238 250 
0.625537515 0.181605279 -0.188701272 183 231 244 
0.652587533 0.0563982129 -0.0392403379 158 194 213 
0.652442098 0.052477926 0.0110005811 154 193 212 
0.652509928 0.0480799377 0.0567551479 151 189 210 
0.570505857 0.227470562 -0.198947102 201 245 253 
0.621540308 0.196357906 -0.169122472 178 224 240 
0.609182596 0.213992164 -0.158171698 174 219 240 
0.618768513 0.205030039 -0.13823697 175 222 243 
0.652444482 0.0479764342 0.0609091148 151 189 210 
0.650571048 0.0508459508 0.115033545 155 195 214 
0.64919275 0.0544169247 0.138631463 153 195 215 
0.580879092 0.248335347 -0.136379227 191 235 248 
0.616960824 0.209859908 -0.108916797 184 234 250 
0.601576447 0.230505198 -0.0959954485 191 242 252 
0.615782559 0.209997952 -0.0563546494 181 233 252 
0.61483711 0.21087499 -0.0557736382 181 233 252 
0.615653753 0.210364878 -0.0545183942 181 233 252 
0.647220612 0.0595188439 0.172477186 156 198 218 
0.649870098 0.0446165502 0.216436952 147 191 212 
0.65132314 0.0344155133 0.263085574 150 190 211 
0.631389737 0.0321627855 0.264050543 153 193 214 
0.651348829 0.0336585045 0.270316601 150 189 210 
0.552694619 0.282707334 -0.114584178 183 234 250 
0.576640844 0.265663534 -0.0741296336 184 234 246 
0.592891693 0.24675712 -0.0338426903 190 239 252 
0.611303926 0.223103851 0.00362450629 186 239 252 
0.607017815 0.227336407 0.00639795512 188 241 252 
0.615555763 0.201905519 0.0439832136 179 232 250 
0.61135143 0.2055455 0.0464253053 179 232 250 
0.61530602 0.202001721 0.0543808714 178 232 250 
0.650874078 0.0316882432 0.314008921 150 188 208 
0.652234316 0.021851629 0.36086598 152 189 205 
0.652136385 0.019675225 0.389547229 153 189 205 
0.546933711 0.299666971 -0.0523677543 176 231 250 
0.570151448 0.282446831 -0.0119290575 174 228 246 
0.580692291 0.262158304 0.0282334909 182 238 251 
0.59428364 0.24260819 0.0684624985 189 238 252 
0.612436175 0.209671408 0.100908108 189 237 251 
0.600657761 0.221311167 0.108534284 197 243 253 
0.617387176 0.18572557 0.139695346 188 234 248 
0.601933956 0.198780239 0.148495048 188 233 248 
0.619466841 0.173062354 0.184935749 181 224 241 
0.610526085 0.17802009 0.188615173 182 224 242 
0.623442769 0.152948141 0.225914508 184 229 243 
0.616656423 0.156664044 0.228681624 186 231 244 
0.623215258 0.152762383 0.238421738 185 229 244 
0.651637614 0.0197043717 0.412120998 151 188 204 
0.654442012 0.00419351459 0.455732733 138 177 194 
0.542314053 0.316902816 0.00987356156 176 231 248 
0.553905606 0.296868622 0.0500589982 172 226 244 
0.575639665 0.279289365 0.0904653594 172 226 243 
0.580421627 0.257606983 0.130502462 169 224 241 
0.582162559 0.235188544 0.170473337 184 237 249 
0.573584914 0.210272565 0.210219473 183 234 247 
0.574959397 0.18776539 0.25018236 191 235 247 
0.621789098 0.154953897 0.27954489 191 231 244 
0.597998381 0.170501977 0.290617168 193 235 246 
0.621470094 0.151715517 0.330175847 192 233 246 
0.618933856 0.152729481 0.33100611 193 234 246 
0.621409714 0.151616007 0.334054559 192 232 245 
0.530357361 0.378042459 -0.00791087747 157 213 240 
0.568068802 0.181611776 0.352307141 193 238 248 
0.621631145 0.146591008 0.379728079 185 230 241 
0.581655681 0.162060529 0.392536104 187 235 246 
0.623664916 0.134108156 0.425071567 160 207 228 
0.60049665 0.143781036 0.432879418 170 219 235 
0.623781443 0.129790217 0.467701882 158 203 223 
0.62385124 0.128884107 0.474566847 158 202 221 
0.626977384 0.112108856 0.517455399 153 194 212 
0.578721702 0.134024739 0.534680068 159 199 218 
0.712291539 0.033547312 -0.363394946 134 169 185 
0.711579204 0.0326248705 -0.320442945 137 173 190 
0.679700732 0.0479312241 -0.308613479 137 177 197 
0.70863992 0.0415398777 -0.284561932 137 175 193 
0.706451952 0.0482796133 -0.259005964 140 179 197 
0.663903415 0.062461555 -0.246615648 146 187 208 
0.703462839 0.0570838153 -0.219610512 143 183 200 
0.684102476 0.142841458 -0.283731252 163 204 224 
0.702511489 0.0592707098 -0.20023641 143 182 200 
0.700618863 0.062215656 -0.146068841 147 185 203 
0.7010625 0.0588817 -0.129390091 146 184 202 
0.682723343 0.146006912 -0.255593598 167 208 226 
0.633520603 0.160335153 -0.242392451 178 224 238 
0.679950953 0.15330863 -0.209447324 164 206 226 
0.701273203 0.0551527441 -0.0976253226 145 183 201 
0.699725091 0.0567437708 -0.0442321673 151 188 206 
0.6780743 0.0569199026 -0.0417572185 155 191 209 
0.69982028 0.0549466312 -0.0286309049 150 188 206 
0.679686725 0.153446764 -0.198855162 164 206 226 
0.631861627 0.178287625 -0.180086657 186 231 243 
0.674960554 0.167928189 -0.142796725 163 208 226 
0.700213075 0.0503346622 0.00458525866 144 185 203 
0.699454844 0.0488218963 0.0562032238 141 182 201 
0.658654988 0.0477337837 0.0600946918 149 187 208 
0.699207604 0.0478946865 0.0778579339 144 183 201 
0.674544036 0.169161975 -0.13738361 162 206 226 
0.626063883 0.195238322 -0.117871039 178 227 247 
0.673505187 0.168752044 -0.0851348862 169 213 229 
0.655471861 0.179516494 -0.0772975162 178 222 236 
0.671921551 0.172887921 -0.0583885983 172 214 230 
0.698749602 0.0471012294 0.107702248 148 186 204 
0.699157357 0.0410073102 0.156699955 150 188 205 
0.68092072 0.0486372411 0.162854552 151 191 208 
0.698739409 0.0401279032 0.185660928 150 188 204 
0.670472503 0.176176488 -0.0284052566 167 211 230 
0.641923964 0.194591343 -0.0152506903 170 219 240 
0.670588136 0.171230316 0.0212489292 174 217 232 
0.658908069 0.175862402 0.0250522122 179 223 237 
0.670213878 0.17125681 0.0381353274 174 216 232 
0.69831413 0.0398286581 0.208509028 149 187 204 
0.697754264 0.0375367701 0.259681314 147 184 202 
0.699165463 0.0279340148 0.301602095 149 182 199 
0.670613766 0.166637868 0.0711054131 167 209 229 
0.629237115 0.187034756 0.0867478177 175 225 244 
0.672481477 0.154807031 0.116821893 164 211 231 
0.641515851 0.167166919 0.126948237 180 227 241 
0.671606898 0.154276311 0.162875623 170 214 234 
0.699235737 0.0272240341 0.306266159 149 182 199 
0.699100852 0.0232621133 0.356483251 142 178 195 
0.702028751 0.007265836 0.399817258 135 173 189 
0.673392057 0.0150035024 0.407173246 145 183 198 
0.70166564 0.00547236204 0.436418265 134 170 185 
0.671610057 0.153739423 0.168694437 170 214 234 
0.672555983 0.145530879 0.216482699 171 215 234 
0.673882902 0.135825247 0.263414711 172 216 233 
0.652423322 0.142481357 0.269393653 178 222 239 
0.672624528 0.13915351 0.284200877 171 214 232 
0.701564968 0.00459614396 0.450773567 133 168 183 
0.671585023 0.140362293 0.31849286 165 208 226 
0.673656762 0.127730191 0.363751084 158 201 220 
0.650832474 0.137610465 0.371633917 164 210 228 
0.676874399 0.110595375 0.40643391 148 188 207 
0.664161086 0.117996722 0.411857158 149 190 211 
0.676650226 0.109139889 0.432899684 142 182 202 
0.677338064 0.104281932 0.455306083 140 180 200 
0.626886666 0.127328724 0.473387212 157 201 221 
0.681191623 0.0846484005 0.496559769 138 178 195 
0.638124287 0.107208878 0.513565004 153 195 213 
0.764916539 0.00861021876 -0.339367718 145 180 193 
0.742306948 0.0218907297 -0.329658777 133 169 185 
0.76182735 0.0193120539 -0.316464305 134 171 187 
0.758963346 0.0275098383 -0.276074797 131 168 184 
0.73141402 0.0376082361 -0.267554104 131 168 186 
0.757576883 0.030269146 -0.243080884 131 167 183 
0.756753445 0.0317015052 -0.221194208 135 171 187 
0.716866851 0.0524411798 -0.205529064 140 178 196 
0.754138947 0.0374825895 -0.165404499 139 175 190 
0.752752185 0.0382871628 -0.164814442 140 175 190 
0.754171371 0.0370430052 -0.162007689 140 175 190 
0.737084985 0.117967278 -0.276820451 149 188 206 
0.700272799 0.135298222 -0.263347447 155 196 216 
0.73391968 0.127212822 -0.23423925 144 181 202 
0.752717853 0.0385746062 -0.112296753 139 171 188 
0.724530458 0.0498102605 -0.103087239 140 176 194 
0.750982583 0.0427440703 -0.0789623633 133 167 185 
0.732946396 0.129737139 -0.217605472 144 183 203 
0.686476886 0.15031305 -0.201306015 158 201 222 
0.733599186 0.122680426 -0.169158399 144 185 205 
0.709256589 0.132986873 -0.1608769 150 193 214 
0.731724381 0.127995998 -0.142153442 148 189 209 
0.751074076 0.0405417681 -0.0586884394 133 167 185 
0.750869215 0.0368547738 -0.00831408054 135 169 187 
0.720456123 0.0443383157 -0.000901125371 140 179 197 
0.750103772 0.0370099545 0.0251039639 135 170 188 
0.678155363 0.166652858 -0.139145344 161 205 224 
0.730366528 0.130890548 -0.111979403 148 189 209 
0.697802782 0.148568541 -0.0987844393 149 196 217 
0.730098546 0.127451718 -0.0614630803 147 188 208 
0.723431587 0.13193199 -0.0582932308 148 190 210 
0.729337633 0.12972638 -0.051808916 147 189 208 
0.749622285 0.0372624397 0.0444022641 134 170 189 
0.748023927 0.0390509069 0.0979083851 133 172 191 
0.73068583 0.0423285067 0.101596616 138 176 195 
0.749268293 0.0310609639 0.129565269 137 174 193 
0.685495973 0.163943797 -0.0367105827 162 206 225 
0.728117526 0.130743891 -0.00709693879 148 187 209 
0.704942465 0.145810872 0.00364594907 148 190 213 
0.725789785 0.137205273 0.0279682204 147 189 210 
0.749930501 0.0270677507 0.1435377 139 175 194 
0.749092579 0.0258682668 0.195334882 131 170 189 
0.720229685 0.0353118479 0.203643709 140 179 197 
0.749295533 0.0208413303 0.241877228 133 168 187 
0.724107981 0.142006427 0.0518278852 147 190 210 
0.688743293 0.160243988 0.0656350181 157 199 220 
0.725098491 0.133622497 0.099515833 143 184 206 
0.706489503 0.141699523 0.105954535 148 191 213 
0.723974764 0.136105627 0.123515166 145 186 208 
0.749248207 0.0207650661 0.244899213 134 168 187 
0.750112951 0.0128754675 0.292869955 133 169 186 
0.702853739 0.0266202986 0.305540174 148 181 198 
0.749315023 0.0115188658 0.344577163 125 162 179 
0.744606912 0.0138865709 0.346382529 125 162 179 
0.751503944 -0.000175893307 0.37403816 127 163 179 
0.723605394 0.134997576 0.15278551 149 190 211 
0.675056458 0.152445376 0.167611778 169 212 232 
0.723926187 0.129245251 0.201978594 152 188 208 
0.705055237 0.13686654 0.20819816 160 198 217 
0.723693252 0.127414733 0.233016938 150 188 208 
0.752549231 -0.0056810081 0.387222797 129 163 179 
0.753898203 -0.0154733658 0.434105247 129 162 177 
0.710024178 0.00103023648 0.447904199 132 166 182 
0.723731279 0.125519365 0.25233075 150 190 209 
0.724840164 0.11667043 0.299752712 144 184 203 
0.695829988 0.130147785 0.310272068 159 197 215 
0.727923095 0.100065082 0.34273842 138 176 195 
0.706589401 0.109912187 0.350439429 144 182 201 
0.727235556 0.0997935534 0.377317667 134 172 191 
0.726699233 0.100382 0.395402849 136 174 193 
0.730231822 0.0820098519 0.437377959 138 174 191 
0.689090431 0.101190895 0.452333122 139 178 197 
0.733017981 0.0665706396 0.481030673 132 167 183 
0.703799069 0.0819111764 0.492586523 137 174 190 
0.81149739 0.0111431777 -0.343108416 155 192 201 
0.81371671 -0.00206878781 -0.298181862 153 190 200 
0.786595941 0.0097707212 -0.288761109 145 181 195 
0.812337816 0.00025177002 -0.260663956 155 191 202 
0.79089725 0.0963072181 -0.343714774 141 173 188 
0.809937656 0.00828808546 -0.239775062 143 179 193 
0.77609849 0.0255839825 -0.226647854 129 165 182 
0.808065891 0.0113151371 -0.18747592 136 168 185 
0.784847856 0.116169453 -0.286701649 146 182 198 
0.808029234 0.0112950802 -0.185571998 137 169 185 
0.807998776 0.00692278147 -0.13558957 135 167 182 
0.774991155 0.0208300948 -0.124397077 140 171 186 
0.808137894 0.00188446045 -0.0859880969 139 173 187 
0.800176978 0.00408631563 -0.0839155242 138 172 186 
0.807667911 0.00320011377 -0.0790328607 138 173 186 
0.784754872 0.116221339 -0.283008516 147 183 199 
0.786617219 0.104411721 -0.237279892 143 179 196 
0.753460705 0.125332147 -0.222255975 144 181 199 
0.78437674 0.108723402 -0.182330638 132 166 183 
0.782574594 0.109539151 -0.181688875 132 166 183 
0.784487247 0.107869953 -0.177919418 131 165 183 
0.761125207 0.0358279645 -0.0623571947 129 163 181 
0.804784656 0.0105685294 -0.0285380706 133 169 183 
0.784615755 0.018673867 -0.0219125822 128 163 179 
0.804789245 0.00736621022 0.00683421642 132 167 182 
0.778593659 0.126961142 -0.119488768 129 167 186 
0.803981423 0.00923243165 0.0231809393 133 167 183 
0.762996793 0.0317951739 0.0399584547 132 167 185 
0.803227484 0.00770303607 0.0747893825 123 158 176 
0.78675735 0.014706403 0.080408968 127 162 181 
0.802589357 0.0081718266 0.0988786593 130 165 184 
0.778591096 0.126964927 -0.119414113 129 167 186 
0.781891167 0.109506309 -0.0769164935 136 173 191 
0.779461741 0.114560336 -0.0215426609 135 175 194 
0.769843876 0.120325953 -0.01734934 139 178 198 
0.778521121 0.117235333 -0.00808464736 136 175 195 
0.800546885 0.0137440264 0.130727679 130 164 184 
0.756428838 0.0257196128 0.142090291 137 172 191 
0.799910784 0.011751771 0.182071418 120 156 174 
0.795630932 0.0123683512 0.182877123 121 156 175 
0.804296315 -0.00997179747 0.222129673 141 176 193 
0.801214516 -0.00911998749 0.222931683 141 176 193 
0.804542601 -0.0115825534 0.228718132 139 175 191 
0.77776432 0.11673829 0.0321861878 136 173 193 
0.745797873 0.132859796 0.0444687977 144 185 204 
0.775248528 0.123351365 0.0741978362 136 174 195 
0.750810862 0.0198740065 0.244242758 133 168 187 
0.799743891 0.00342398882 0.282274663 130 163 178 
0.788784802 0.00622549653 0.285002917 131 163 179 
0.804456294 -0.0195840001 0.321598291 134 168 184 
0.790112019 -0.0162930787 0.324964762 135 169 185 
0.804686368 -0.0223789215 0.342090279 134 169 185 
0.774523616 0.124979675 0.0893830732 136 174 196 
0.774357498 0.121140689 0.139670521 145 181 199 
0.750163078 0.129430562 0.146838784 150 187 206 
0.774112523 0.118890435 0.175923735 135 172 193 
0.803531408 -0.0204417109 0.373590887 131 166 180 
0.754819334 -0.00648143888 0.386537939 129 163 179 
0.77779907 -0.0237591863 0.426971465 125 158 174 
0.77425772 0.117041022 0.189808846 132 170 192 
0.775328457 0.108341902 0.237316549 143 179 198 
0.735144973 0.121309727 0.248786539 149 187 206 
0.7757622 0.10214591 0.286255896 138 175 195 
0.767603695 0.106326312 0.289426476 140 177 197 
0.775592566 0.101478755 0.30145666 139 175 194 
0.776559949 0.0945194066 0.33437708 140 174 191 
0.779362202 0.0790169835 0.377993554 138 172 187 
0.745742857 0.0965492129 0.391225189 136 172 189 
0.777177155 0.0835495591 0.427940875 146 178 191 
0.777397156 0.082246393 0.432323784 147 179 192 
-0.692259073 0.135949641 0.256530792 158 203 223 
-0.735983193 0.122191846 0.253851444 149 187 207 
-0.692532718 0.138101786 0.24518016 159 204 224 
-0.69125694 0.127520293 0.304192781 166 209 226 
-0.735983908 0.117702872 0.303767115 156 200 216 
-0.689040005 0.114317745 0.3491247 158 203 220 
-0.734320462 0.106675118 0.349942923 150 193 212 
-0.690312743 0.117027491 0.377446085 154 199 217 
-0.73514998 0.108002812 0.373273611 146 187 206 
-0.707768917 -0.00810030103 0.494019002 142 175 189 
-0.709772289 -0.00774803758 0.49443081 142 175 188 
-0.66391176 -0.00687652826 0.542222977 141 173 184 
-0.708793104 -0.0160872638 0.542144358 158 189 199 
-0.662830114 -0.00893881917 0.515481353 139 173 186 
-0.710995317 -0.0115732551 0.593087435 141 171 182 
-0.690317214 0.114844382 0.401909083 157 201 218 
-0.733944356 0.100705445 0.399011731 146 185 203 
-0.689001918 0.105184525 0.448867232 151 193 209 
-0.731328368 0.0859348774 0.443046778 148 184 198 
-0.68611747 0.0893588364 0.492298871 142 179 196 
-0.731152356 0.0807514787 0.492565364 145 180 193 
-0.684247553 0.0775197148 0.538010657 162 197 209 
-0.716192245 0.0722486079 0.538653493 166 198 210 
-0.72965765 0.0707282722 0.535319924 165 196 209 
-0.684223711 0.0767991543 0.544922352 163 198 210 
-0.723269224 0.0391028225 0.593456209 165 201 210 
-0.729574382 0.0700592697 0.538933039 166 197 209 
-0.68508625 0.07632339 0.589809537 158 194 205 
-0.728399813 0.0609523654 0.586207509 154 189 200 
-0.649309933 0.152752608 0.260951877 180 229 243 
-0.649254322 0.154843569 0.23516652 182 232 243 
-0.64666152 0.137854725 0.304914147 184 229 242 
-0.646348894 0.132134527 0.354125589 175 220 235 
-0.646980703 0.133503586 0.367920786 172 217 233 
-0.640011728 -0.0145399868 0.535427868 142 175 187 
-0.614231229 -0.0185360014 0.553885996 158 192 202 
-0.64671576 0.12908414 0.404864132 167 212 228 
-0.644064665 0.114175498 0.448820204 148 188 206 
-0.661365747 0.1083588 0.499914736 144 184 200 
-0.645343482 0.115313441 0.4948847 150 190 206 
-0.679086626 0.0812297761 0.539461732 162 197 210 
-0.645512462 0.115372449 0.501988053 152 193 208 
-0.642677903 0.0997430682 0.545531929 156 193 209 
-0.637906194 0.0765019655 0.584722221 149 186 201 
-0.612393737 0.197703272 0.176632792 184 241 253 
-0.611491024 0.198697418 0.177074403 184 241 253 
-0.611717761 0.200009674 0.172901094 185 242 253 
-0.610213578 0.175391108 0.216613203 196 246 252 
-0.607205272 0.177365929 0.21735692 197 247 253 
-0.605983734 0.168074071 0.264525592 194 243 250 
-0.606147051 0.164224058 0.314806759 194 240 247 
-0.62983495 0.143316239 0.358393669 183 227 240 
-0.606208622 0.162652463 0.335099399 194 240 247 
-0.569553256 -0.00872305036 0.556609392 153 191 205 
-0.605878294 0.158676296 0.364116818 194 240 248 
-0.602856398 0.142310709 0.407239646 194 236 245 
-0.600324869 0.127871901 0.451464444 183 224 233 
-0.598454773 0.116031855 0.497175723 170 211 224 
-0.626218081 0.116866052 0.500680387 159 200 214 
-0.598542869 0.114618719 0.516924143 169 209 222 
-0.597821891 0.109053344 0.545667529 165 205 219 
-0.595911443 0.0970550179 0.591288209 149 187 201 
-0.597493708 0.0993399918 0.638535976 151 187 202 
-0.583278477 0.250430077 0.0974010602 190 246 253 
-0.576820076 0.257010937 0.100271262 191 247 254 
-0.576972485 0.258993924 0.0852340832 191 247 254 
-0.601519525 0.223175108 0.136936694 195 247 254 
-0.575815856 0.248573244 0.147928476 192 248 253 
-0.573977232 0.236856923 0.193710417 186 246 253 
-0.576531053 0.224737599 0.239755839 192 246 253 
-0.573852718 0.233464792 0.225689083 189 246 253 
-0.56789732 0.203983694 0.279874802 191 248 254 
-0.567901552 0.2040039 0.27984634 191 248 254 
-0.582788885 0.177543253 0.319485486 198 246 250 
-0.567896128 0.203977197 0.279895425 191 248 254 
-0.524514139 -0.000698059797 0.562619567 147 184 200 
-0.573292732 0.22967568 0.242086232 192 247 253 
-0.568410754 0.201509356 0.33094275 198 247 252 
-0.56490171 0.183229655 0.37297076 199 248 252 
-0.56122762 0.164301425 0.41462788 193 241 248 
-0.558245122 0.148090571 0.457839161 191 237 245 
-0.561245978 0.132592112 0.50209558 187 231 238 
-0.556214869 0.136064827 0.498262554 189 234 241 
-0.556012988 0.13482812 0.502736866 188 234 240 
-0.553541005 0.12062335 0.547095537 182 220 229 
-0.551704645 0.108916163 0.592882752 161 202 218 
-0.553244472 0.111275524 0.637357533 155 193 206 
-0.544594526 0.30547291 0.0183777437 182 237 253 
-0.541196585 0.31158179 0.021327503 182 237 253 
-0.540983558 0.311821342 0.00888502598 182 237 253 
-0.563412488 0.278078347 0.0579008088 186 242 253 
-0.541137815 0.306859255 0.0711095706 180 238 254 
-0.540929794 0.301549971 0.120556109 183 241 254 
-0.554083824 0.275850475 0.160378873 184 244 254 
-0.540922999 0.30143711 0.121499546 183 241 254 
-0.566159606 0.250087768 0.200048804 184 245 253 
-0.567893386 0.203988463 0.279876947 191 248 254 
-0.540542781 0.295537442 0.169600397 183 243 254 
-0.539230824 0.28589043 0.216565907 186 245 254 
-0.541398525 0.274435043 0.262930065 189 247 254 
-0.538800716 0.280845881 0.252877414 188 246 254 
-0.539067209 0.252159476 0.302913815 192 250 254 
-0.561215639 0.22395879 0.342364341 194 244 251 
-0.549621761 0.203925163 0.382549822 197 246 252 
-0.543423593 0.182585567 0.422617763 192 240 249 
-0.545829952 0.159163296 0.462498337 193 238 246 
-0.506815076 0.122586519 0.543028951 192 237 245 
-0.508298218 0.122567922 0.543181777 192 236 244 
-0.507021427 0.123524487 0.542077422 193 237 245 
-0.506813347 0.122494578 0.543970704 192 236 244 
-0.538568676 0.27879703 0.264991939 188 246 253 
-0.534695625 0.259087056 0.306201935 191 249 254 
-0.542355418 0.269717634 0.365184098 189 239 245 
-0.53942275 0.273840725 0.359280199 189 240 247 
-0.536329925 0.248336211 0.405248284 195 241 247 
-0.530108452 0.227002233 0.445316762 192 246 251 
-0.527171195 0.204873368 0.485313684 182 231 242 
-0.513765752 0.154389232 0.508735478 195 242 247 
-0.525345087 0.204150051 0.487390846 181 231 242 
-0.505434513 0.112670004 0.589840293 166 210 227 
-0.539788723 0.274607241 0.367561966 189 239 246 
-0.535241544 0.252248406 0.407256871 195 241 247 
-0.529992759 0.227132723 0.445375055 192 246 251 
-0.525891483 0.206526101 0.486072153 182 232 243 
-0.525214791 0.397037178 -0.0386570916 164 222 246 
-0.530920029 0.331622571 -0.021257367 184 237 252 
-0.52470988 0.374319553 0.00128686428 168 226 249 
-0.520186961 0.352574468 0.0413183495 184 238 253 
-0.529429674 0.327497482 0.0810499713 182 238 253 
-0.540649176 0.30194205 0.120738558 183 241 254 
-0.516742587 0.410040677 -0.0325143263 166 224 247 
-0.516540825 0.40475598 0.0169462413 170 228 250 
-0.524916887 0.392623484 0.0636242852 166 220 247 
-0.517721176 0.40748167 0.0408481807 169 226 250 
-0.523087859 0.370226324 0.103597067 176 232 252 
-0.521914184 0.347670585 0.143555611 181 238 253 
-0.527162492 0.323560417 0.183374226 184 242 254 
-0.531519651 0.299665987 0.223212272 184 243 254 
-0.504085839 0.123587519 0.543273568 193 238 245 
-0.51752913 0.404147446 0.0690813735 166 222 247 
-0.522091031 0.411661446 0.126027733 161 216 242 
-0.520843029 0.412851393 0.124502622 161 216 242 
-0.527415693 0.38753283 0.165844738 167 221 247 
-0.527820349 0.364595056 0.205768853 169 228 250 
-0.517873049 0.344162911 0.245918483 177 239 255 
-0.516168058 0.32173574 0.285888582 177 238 252 
-0.518194556 0.298405409 0.325777382 184 241 252 
-0.471811771 0.175102383 0.515393019 194 244 251 
-0.478604615 0.203752786 0.508883476 192 243 250 
-0.463452101 0.137763321 0.546519935 200 245 250 
-0.458941877 0.115549594 0.58629787 178 222 236 
-0.520914853 0.41295898 0.126604319 161 216 242 
-0.518596411 0.399357438 0.17130807 167 221 245 
-0.517370462 0.390048414 0.218466908 172 228 251 
-0.519276261 0.385017097 0.268296897 169 222 246 
-0.517768621 0.387546867 0.264544755 170 223 247 
-0.509562135 0.350384116 0.300747037 171 231 253 
-0.516648054 0.38199994 0.27474156 169 223 248 
-0.509366751 0.341735989 0.348378658 176 235 253 
-0.508932054 0.343802214 0.344959468 176 234 253 
-0.508756399 0.319043875 0.388324916 177 237 254 
-0.518042743 0.293956339 0.428055614 185 241 252 
-0.506948233 0.273801863 0.468230218 184 239 250 
-0.485421419 0.233070016 0.496064633 185 238 244 
-0.493967324 0.269720137 0.48114273 180 235 246 
-0.517677426 0.386762947 0.269070923 169 222 246 
-0.520133436 0.380323827 0.370553106 176 227 248 
-0.518757999 0.382360101 0.367604882 176 227 248 
-0.51643759 0.358378559 0.410566568 173 229 249 
-0.504722834 0.317893744 0.439613551 178 236 252 
-0.513415575 0.355912745 0.416222423 173 229 249 
-0.4983778 0.288470685 0.475268096 179 236 249 
-0.518673301 0.38169235 0.371137112 176 227 248 
-0.515282393 0.3638767 0.413430572 171 226 247 
-0.490942448 0.446526408 -0.0155016258 163 220 245 
-0.508437932 0.419451922 0.0240502581 170 227 250 
-0.412793308 0.119781286 0.583528697 178 226 239 
-0.433456063 0.117843121 0.58474493 178 224 238 
-0.414697349 0.128457189 0.574534416 184 232 243 
-0.412722766 0.118682235 0.592503548 176 223 237 
-0.481285781 0.456282794 -0.0112554058 163 220 248 
-0.485529304 0.466190636 0.0469582155 154 207 235 
-0.485043079 0.466614574 0.046433337 154 207 235 
-0.491800785 0.44183284 0.0867545679 164 220 247 
-0.431050122 0.200500578 0.524730146 199 249 253 
-0.43281275 0.208051577 0.521743417 199 250 253 
-0.420532048 0.15468064 0.551006377 196 245 249 
-0.485089183 0.466735512 0.0472062454 154 207 235 
-0.482339799 0.451440573 0.0909414068 159 215 244 
-0.484892428 0.456978768 0.14659217 157 211 238 
-0.494330287 0.436734796 0.188974351 159 215 244 
-0.485230297 0.457456648 0.156793654 156 210 239 
-0.50634712 0.410986364 0.228645563 174 227 251 
-0.506589353 0.365248084 0.308506191 169 227 253 
-0.445653856 0.262374103 0.507635772 194 247 252 
-0.446837872 0.267397344 0.506174982 194 247 253 
-0.483459413 0.44685626 0.193285733 158 214 244 
-0.486815065 0.455549657 0.250741154 158 214 241 
-0.490094602 0.433274209 0.291341484 167 223 248 
-0.486719429 0.454743654 0.255306304 159 215 241 
-0.504634917 0.406914979 0.330957711 167 223 248 
-0.493600965 0.341066182 0.450996965 178 235 251 
-0.47375232 0.323030561 0.491362244 176 234 248 
-0.459791362 0.321437985 0.500358939 177 234 247 
-0.483844072 0.439383984 0.293978304 167 222 248 
-0.481881708 0.427181631 0.339482278 163 220 246 
-0.489815742 0.428855836 0.393622428 161 214 236 
-0.48452872 0.433813989 0.387306243 158 212 235 
-0.496497333 0.404398799 0.433409899 174 222 242 
-0.488905013 0.383396626 0.473508209 168 222 243 
-0.46621111 0.347640634 0.503921151 170 227 245 
-0.47263512 0.374935538 0.495541066 169 224 244 
-0.484881788 0.434477836 0.396138519 157 209 233 
-0.48097533 0.414636672 0.437273473 177 225 243 
-0.476961017 0.394371539 0.478165895 173 228 246 
-0.401332438 0.125618428 0.585444629 181 229 241 
-0.437883317 0.471304566 -0.00785311311 161 216 246 
-0.437170237 0.464010864 0.0404584184 154 209 241 
-0.483144075 0.466767967 0.047010161 154 207 235 
-0.438639939 0.467887312 0.0648560151 156 211 242 
-0.416580826 0.20880115 0.527655602 196 249 253 
-0.374127209 0.157905251 0.547661245 194 242 251 
-0.386546105 0.210000023 0.538923919 187 242 250 
-0.370871514 0.140620857 0.590258539 186 232 242 
-0.438901156 0.466320217 0.0942624286 159 214 244 
-0.438238978 0.459226519 0.142688304 155 210 241 
-0.439332873 0.461232901 0.170614123 158 213 243 
-0.437936366 0.267665893 0.509666383 195 247 253 
-0.390054792 0.224980533 0.533542097 189 245 253 
-0.400740623 0.270184457 0.521813869 194 244 253 
-0.439396203 0.459281802 0.195203125 161 217 247 
-0.43878302 0.452380627 0.243739158 159 215 247 
-0.439721227 0.4530707 0.279143989 165 221 248 
-0.405632436 0.290680885 0.518636465 193 242 252 
-0.41385299 0.325011641 0.514551878 184 239 252 
-0.439692825 0.45146358 0.295697808 168 224 249 
-0.44064942 0.450730443 0.347761661 160 214 245 
-0.441166967 0.45014292 0.3780514 165 218 245 
-0.424450248 0.369112581 0.511012673 172 228 246 
-0.426961333 0.379818916 0.507326365 171 226 246 
-0.440842807 0.446998626 0.39811039 171 223 246 
-0.438182145 0.432052433 0.442045063 171 224 247 
-0.43370831 0.409981579 0.481904656 173 229 247 
-0.328852654 0.165571123 0.546856284 202 245 253 
-0.33789134 0.16381374 0.546893537 201 244 252 
-0.329010963 0.166249424 0.546586514 202 245 253 
-0.324047893 0.142199993 0.58597225 178 228 243 
-0.333531916 0.142029077 0.586921453 180 229 243 
-0.324074417 0.141811311 0.591510415 177 226 241 
-0.393980414 0.48435995 -0.00557548553 162 218 245 
-0.390895009 0.467744827 0.0374045894 162 216 243 
-0.393471897 0.475274354 0.0720389262 159 214 243 
-0.340846568 0.217189938 0.523896754 192 246 254 
-0.368369579 0.220470369 0.528705716 188 245 254 
-0.344279706 0.231751457 0.519701183 190 245 253 
-0.394898027 0.478981733 0.0963147655 161 215 244 
-0.39257744 0.465371788 0.141013652 158 213 242 
-0.39443782 0.469971389 0.175312728 159 214 244 
-0.356152743 0.281823575 0.508381069 190 243 253 
-0.372621179 0.283474982 0.511089087 192 244 253 
-0.35817194 0.290439487 0.505341828 190 243 253 
-0.395655274 0.472973555 0.197844714 159 214 244 
-0.39397949 0.461897224 0.243992746 158 214 245 
-0.395305455 0.464181691 0.279481202 165 220 248 
-0.369221389 0.335054219 0.516853094 184 240 251 
-0.396405429 0.466937393 0.299358636 164 218 245 
-0.395500034 0.458888113 0.347238004 163 216 245 
-0.396575451 0.460384011 0.379987806 166 217 246 
-0.380727053 0.382874012 0.513694167 168 224 243 
-0.382148772 0.388965726 0.511274338 167 223 242 
-0.396726042 0.459213704 0.39990738 170 219 246 
-0.394035608 0.444150448 0.443775088 169 221 245 
-0.389387548 0.421395242 0.483243316 169 224 243 
-0.344970286 0.477347523 -0.0147757381 162 218 247 
-0.353835464 0.479712218 -0.0125152022 161 218 246 
-0.345379263 0.478268027 -0.00622741878 164 220 247 
-0.283601463 0.173328429 0.546103656 196 240 251 
-0.285264671 0.180674523 0.540831447 198 241 251 
-0.278513491 0.148844719 0.584583282 177 224 243 
-0.27752167 0.142343283 0.611294866 167 216 236 
-0.345507979 0.474968463 0.0363467261 168 225 248 
-0.344737798 0.46745041 0.0845299289 160 216 245 
-0.364718467 0.472592264 0.0895226374 161 217 246 
-0.345611781 0.469334185 0.103720866 163 218 246 
-0.312440962 0.234007508 0.529923916 182 237 251 
-0.298239052 0.234818563 0.534825265 180 233 249 
-0.347189009 0.47258997 0.139952689 161 214 242 
-0.347902149 0.470900297 0.191469461 160 213 246 
-0.350962639 0.471435964 0.192097157 160 214 246 
-0.347980857 0.470977485 0.19422549 160 213 246 
-0.311004132 0.289984137 0.507859051 188 243 252 
-0.313585371 0.300704896 0.5072335 187 243 252 
-0.299620003 0.240761265 0.532189012 180 234 249 
-0.347791642 0.465974331 0.24113518 160 213 244 
-0.349275589 0.46731323 0.294384152 161 214 247 
-0.34942624 0.467321992 0.29440549 161 214 247 
-0.349278986 0.467318952 0.29447633 161 214 247 
-0.325224519 0.348238945 0.513378263 181 235 251 
-0.350220054 0.466532558 0.346420795 166 217 245 
-0.349157751 0.457866609 0.393947452 166 212 241 
-0.363209605 0.459499985 0.396380126 167 214 242 
-0.349268645 0.457183152 0.406634152 167 214 241 
-0.334625572 0.387290508 0.511030734 165 220 239 
-0.338542104 0.40408206 0.504248619 162 217 237 
-0.348739833 0.451732814 0.442922384 170 219 243 
-0.344411969 0.430235714 0.48311016 168 220 242 
-0.297742903 0.477340192 -0.0199693888 165 217 245 
-0.29885608 0.478946358 0.0132879019 165 219 246 
-0.237429768 0.177469224 0.543282568 189 235 246 
-0.241159916 0.193325281 0.538338184 191 237 247 
-0.231641889 0.150235355 0.580189168 176 222 243 
-0.298815131 0.47706148 0.0323543772 165 219 245 
-0.297737002 0.468333423 0.0798454955 170 224 249 
-0.299340844 0.471261472 0.120940305 167 222 248 
-0.251516163 0.237310007 0.525025606 198 246 253 
-0.279863149 0.24189274 0.530633509 186 239 251 
-0.256015837 0.256783724 0.515209615 194 246 253 
-0.29949972 0.470767766 0.133720994 165 219 247 
-0.299813479 0.467508763 0.184340179 156 211 245 
-0.301425695 0.471497685 0.214031577 160 215 245 
-0.263694346 0.289653003 0.502480149 188 242 251 
-0.270116717 0.316504598 0.498951584 184 241 251 
-0.301667571 0.470302165 0.238421053 161 214 243 
-0.300885797 0.462738484 0.286578149 159 213 245 
-0.301709414 0.46281749 0.323513538 169 219 246 
-0.280944228 0.360020638 0.512482584 178 230 247 
-0.302125722 0.463118732 0.339278787 171 220 245 
-0.301179588 0.454909354 0.387066573 165 213 241 
-0.301131427 0.450228333 0.436872452 167 216 241 
-0.304981589 0.450753868 0.43758139 167 217 241 
-0.3006455 0.447465867 0.445259541 167 216 240 
-0.287863821 0.38911283 0.506883502 175 225 242 
-0.296124429 0.425084591 0.486402482 167 218 238 
-0.298010767 0.433474511 0.479773134 166 217 239 
-0.252168357 0.483827412 -0.0214484632 157 209 242 
-0.254387945 0.489798367 0.0141011998 154 208 242 
-0.199116454 0.197403282 0.549916327 189 236 246 
-0.185678452 0.155194432 0.577836096 180 225 244 
-0.195381716 0.197691798 0.55107367 189 236 246 
-0.254592896 0.488862127 0.03391435 154 208 240 
-0.25243485 0.475890905 0.0789785758 160 211 242 
-0.254438192 0.479962468 0.125707746 160 215 244 
-0.206027836 0.244135931 0.523740232 187 239 249 
-0.213163167 0.275633097 0.501321554 189 242 250 
-0.195737675 0.199211478 0.550528646 189 236 246 
-0.254530668 0.479633927 0.13360256 160 215 244 
-0.253927231 0.472771138 0.182160556 159 213 243 
-0.256033123 0.47777319 0.22325772 167 218 245 
-0.21577476 0.286925912 0.495730907 191 244 251 
-0.226109847 0.329639971 0.495567471 186 244 250 
-0.256110609 0.476858318 0.236981422 168 219 246 
-0.256879866 0.475389183 0.288624287 158 211 240 
-0.256366074 0.469336748 0.332291663 162 213 242 
-0.236793429 0.372443646 0.510407925 175 231 246 
-0.256321222 0.468702316 0.337282866 163 214 242 
-0.255995929 0.462932289 0.386465877 165 216 241 
-0.254154891 0.451206625 0.432242483 160 207 236 
-0.251925468 0.437954843 0.477146238 171 217 236 
-0.264384687 0.437740207 0.478398591 170 217 236 
-0.241038352 0.390684724 0.5025931 172 226 243 
-0.135763198 0.144625694 0.566601813 177 220 242 
-0.142807573 0.146998733 0.568666756 177 221 243 
-0.137174666 0.150614738 0.564851105 179 222 243 
-0.207589865 0.494228095 -0.0206892118 166 219 248 
-0.209793642 0.50002563 0.0160630196 164 217 249 
-0.150325924 0.205634505 0.557235122 182 234 249 
-0.209825978 0.49852255 0.0342501923 164 216 247 
-0.210216969 0.495567024 0.0850429609 157 210 243 
-0.210987359 0.495850265 0.117263921 158 212 245 
-0.159464091 0.246736169 0.520038009 185 237 247 
-0.168874621 0.287373841 0.500501037 197 250 253 
-0.152021229 0.212999463 0.553225279 182 235 248 
-0.210692674 0.49294433 0.136026055 159 213 244 
-0.211046726 0.489843726 0.186735839 157 209 241 
-0.211730659 0.48944518 0.222563714 160 213 244 
-0.170843735 0.295941472 0.495697945 201 253 253 
-0.181927577 0.341906905 0.493779689 186 241 250 
-0.211646721 0.487709403 0.237998277 161 214 244 
-0.211451769 0.482451618 0.287474215 158 208 237 
-0.211864471 0.480022818 0.333410054 159 213 242 
-0.191891387 0.381147385 0.515170395 167 223 243 
-0.211925119 0.479819715 0.338452041 160 214 243 
-0.209557638 0.466025472 0.383045554 174 223 245 
-0.208616436 0.457835406 0.430844396 167 214 237 
-0.204411462 0.436821222 0.47130838 173 223 237 
-0.195555091 0.397530496 0.50131911 168 222 241 
-0.0910839811 0.15463075 0.567134738 185 225 242 
-0.0936194211 0.165985823 0.557357073 186 227 242 
-0.164478436 0.510393381 -0.0166328847 166 219 246 
-0.1652845 0.510674477 0.0172497556 169 220 248 
-0.103031091 0.206065804 0.544070125 184 231 242 
-0.130001605 0.214132041 0.551421762 183 234 246 
-0.107555784 0.224892199 0.542596459 187 236 245 
-0.165370733 0.50940764 0.0352865085 171 222 249 
-0.165646449 0.505999207 0.0858202055 166 218 246 
-0.166452691 0.506372809 0.118682869 160 212 245 
-0.117177941 0.266144156 0.525949001 197 250 253 
-0.124380231 0.298095763 0.501553476 196 249 254 
-0.166389108 0.504425466 0.13740325 160 213 245 
-0.166596159 0.500747204 0.187782675 160 212 242 
-0.166611806 0.497075737 0.229298949 153 207 242 
-0.125992447 0.305270374 0.495844215 195 249 254 
-0.137060627 0.350784481 0.49822256 178 233 247 
-0.166467577 0.495750159 0.237407744 152 207 242 
-0.165824398 0.488731086 0.285876334 158 208 239 
-0.163679719 0.475812286 0.330970526 162 212 239 
-0.205510661 0.479315937 0.337473154 160 214 243 
-0.16319342 0.470068485 0.372471154 163 213 239 
-0.149144381 0.400519639 0.50032115 167 220 241 
-0.163048655 0.468840897 0.379466385 164 213 239 
-0.161126614 0.456796885 0.425060958 172 219 240 
-0.157409742 0.43770057 0.466621846 164 218 239 
-0.149551392 0.402331293 0.498875469 168 220 241 
-0.0440877452 0.155531675 0.562460542 183 222 236 
-0.0502678528 0.182365179 0.548009574 185 226 239 
-0.121118173 0.525580943 -0.0131357461 164 215 246 
-0.121567726 0.525245965 0.0112256706 165 218 247 
-0.0611294918 0.226984829 0.550845385 199 248 253 
-0.0623109713 0.231899172 0.550478041 200 250 254 
-0.122497901 0.526510417 0.0398790464 165 219 246 
-0.121452421 0.517910659 0.0874435678 165 218 245 
-0.122419015 0.519375443 0.115542717 165 217 247 
-0.0713349283 0.271576345 0.523866534 195 248 254 
-0.0786767453 0.302832127 0.513609171 188 243 252 
-0.122696072 0.51830548 0.140152514 168 221 250 
-0.122940786 0.514775157 0.190616548 153 204 233 
-0.122886069 0.511602819 0.223356426 154 208 240 
-0.0851011276 0.330159068 0.504889965 182 238 249 
-0.0923609585 0.360490203 0.501143098 176 232 247 
-0.122484639 0.508491039 0.2395055 159 215 248 
-0.120765045 0.49724251 0.285555035 163 216 243 
-0.11867325 0.484531522 0.330768049 160 212 238 
-0.116203949 0.470337182 0.37513274 162 214 243 
-0.151807755 0.469474554 0.378575861 164 214 240 
-0.116284527 0.468837559 0.395496219 165 217 244 
-0.104371384 0.410368592 0.498282999 175 224 243 
-0.132940829 0.405521631 0.498785704 170 221 242 
-0.105323546 0.414575934 0.495244116 175 224 243 
-0.115920499 0.464731634 0.424409777 167 218 244 
-0.111486614 0.442817986 0.464359373 170 224 244 
-0.00874566287 0.161093503 0.509244978 177 219 231 
0.00150461495 0.166440547 0.511027336 185 229 237 
-0.0161612108 0.136458784 0.549016416 171 208 224 
-0.00561792403 0.192317098 0.550477564 192 232 238 
-0.0783174485 0.542967081 -0.00838115066 154 202 234 
-0.0785541534 0.543298542 -0.00119761378 154 202 234 
-0.0508237109 0.233296514 0.553146362 201 250 254 
-0.0172987841 0.240057707 0.556242645 199 246 252 
-0.0772912726 0.53444314 0.0392267331 161 213 246 
-0.0979901329 0.537152052 0.0953324214 160 209 240 
-0.0811248794 0.545939982 0.0874720886 161 209 241 
-0.0277879387 0.286030203 0.526944041 196 247 253 
-0.034439519 0.314827085 0.512321353 190 247 254 
-0.0185440406 0.245216787 0.556083739 200 248 253 
-0.0815963224 0.546866894 0.0988157615 159 207 239 
-0.0789956823 0.532156587 0.142885268 163 217 247 
-0.0783374012 0.525078177 0.191319942 160 211 241 
-0.0772493556 0.516669691 0.234804422 158 213 245 
-0.0392414108 0.335525632 0.502769887 187 245 252 
-0.0477505028 0.370637536 0.503251851 177 235 249 
-0.0771055967 0.515746295 0.238465697 158 213 245 
-0.0756275356 0.505446792 0.285058022 161 215 245 
-0.0730420128 0.490795791 0.329161495 165 220 246 
-0.0718302876 0.481542826 0.37635237 168 220 247 
-0.0709530562 0.475415528 0.40416643 168 219 246 
-0.0570535734 0.410005927 0.492886037 174 228 246 
-0.062881425 0.435457408 0.477620453 175 225 245 
-0.0701492503 0.470445812 0.4224886 169 220 246 
-0.0663588494 0.451060534 0.463884205 173 223 245 
0.842473388 0.0277813077 -0.389818907 171 200 208 
0.860151708 0.00552907586 -0.351508915 161 196 207 
0.848488033 0.00639733672 -0.34975493 157 193 204 
0.857292116 0.0187817812 -0.367490292 169 200 209 
0.864164889 -0.014731437 -0.310613811 127 163 181 
0.853705645 -0.0151796639 -0.309708327 128 164 181 
0.865198851 -0.0203602016 -0.295536578 137 173 188 
0.904255509 0.0177949965 -0.349682838 163 191 200 
0.903692901 0.0200660229 -0.349088818 163 191 200 
0.881228089 -0.00851801038 -0.309108824 136 171 187 
0.904271483 0.0172019303 -0.34382382 162 190 199 
0.904212832 0.0198851228 -0.348541141 163 191 200 
-0.665526628 0.0649183393 -0.181441173 157 201 221 
-0.666698873 0.0669600666 -0.150310308 157 202 222 
-0.667846918 0.0669790804 -0.0978162363 161 204 223 
-0.680968404 0.0664953291 -0.0966375247 160 203 221 
-0.666266978 0.0584988296 -0.076114893 161 204 223 
-0.66532588 0.0525814891 -0.0535678491 160 203 222 
-0.667524338 0.0567280948 0.00128700584 164 207 225 
-0.66798842 0.0569359064 0.020283632 163 206 224 
-0.694484353 0.178017855 -0.108772874 152 204 232 
-0.669417262 0.059673965 0.0554550961 161 204 223 
-0.667865455 0.0490848124 0.101881735 161 203 221 
-0.668809295 0.0509150326 0.124877132 160 202 220 
-0.69504416 0.178335756 -0.0866084844 152 204 231 
-0.69307524 0.166107655 -0.0411192253 157 209 233 
-0.713581622 0.159343243 0.00981194526 148 198 222 
-0.694332659 0.167181849 0.00467214733 154 205 229 
-0.669776022 0.052100271 0.156089604 158 200 219 
-0.667416751 0.0383379757 0.200701386 158 200 218 
-0.668489397 0.0392462611 0.239853024 153 196 216 
-0.694683194 0.167933792 0.012408413 154 204 228 
-0.694338918 0.162089348 0.0615488514 157 208 229 
-0.693638146 0.154844135 0.109888099 162 212 232 
-0.693864763 0.154780865 0.120993994 162 211 232 
-0.669173598 0.0407492518 0.254563719 153 196 217 
-0.668497026 0.0335989892 0.302957237 158 199 217 
-0.667972922 0.027047962 0.351693541 155 195 213 
-0.666771293 0.0206562579 0.367552042 153 192 211 
-0.693428934 0.149530143 0.159331918 160 208 229 
-0.692982972 0.143286258 0.208243817 163 207 226 
-0.664964616 0.0107358396 0.394846886 150 189 207 
-0.664477587 0.00433036685 0.443666488 149 184 201 
-0.66240561 -0.0083026886 0.488924116 146 182 197 
-0.619280815 0.0669699013 -0.164450198 163 211 234 
-0.619449556 0.0668665469 -0.155553281 164 212 234 
-0.619664073 0.0632176101 -0.1051571 163 211 233 
-0.621410072 0.0674259961 -0.0717631951 164 211 233 
-0.622587144 0.0702111721 -0.0486739352 164 212 233 
-0.620120049 0.0560256243 -0.00430424511 166 211 232 
-0.620279074 0.0521588326 0.0459673032 167 212 231 
-0.625539184 0.0525859296 0.0467776582 166 211 230 
-0.620217562 0.0514380038 0.0511525795 166 211 230 
-0.650829375 0.192895174 -0.115359202 174 231 248 
-0.620770454 0.0495975912 0.0969855562 162 207 228 
-0.621470153 0.047855258 0.14847219 166 209 229 
-0.625943244 0.0480023324 0.149043709 165 208 228 
-0.621330261 0.0468616486 0.153090686 166 209 228 
-0.65216893 0.195429206 -0.0820212737 176 230 245 
-0.655019939 0.196357518 -0.0288454331 176 231 249 
-0.653794348 0.19748801 -0.030276604 176 232 249 
-0.620941579 0.0412863791 0.197198272 165 208 228 
-0.622918785 0.0446404815 0.250699252 161 207 227 
-0.653851628 0.197549105 -0.0283256099 177 232 249 
-0.652530968 0.187868118 0.0186204761 178 232 246 
-0.653643966 0.187749594 0.0710358694 177 232 248 
-0.676642597 0.163798243 0.112891428 171 224 240 
-0.653209448 0.184507847 0.0871099159 179 234 248 
-0.622939825 0.0446461737 0.251603097 161 207 227 
-0.621430933 0.0342254937 0.298126101 163 207 226 
-0.621822953 0.0312739313 0.34892115 157 198 218 
-0.61953181 0.0177889168 0.393585324 155 196 217 
-0.652202785 0.177595079 0.117711134 182 236 247 
-0.64925158 0.161507249 0.160992771 184 237 247 
-0.648720741 0.154929608 0.209713817 182 232 242 
-0.619527519 0.0177628994 0.393676579 155 196 217 
-0.616204262 0.000213116407 0.436122149 154 192 208 
-0.61511755 -0.00854846835 0.48359409 148 187 202 
-0.613540292 -0.0192378461 0.529963434 152 188 200 
-0.568048656 0.0544217229 -0.214146316 171 220 240 
-0.570266128 0.0591733754 -0.165142864 169 221 241 
-0.613862753 0.064383775 -0.157517791 164 212 235 
-0.570482612 0.056386292 -0.1242323 173 223 242 
-0.571291804 0.0587117076 -0.112923741 177 227 244 
-0.571986794 0.0569506884 -0.0614477918 174 225 243 
-0.604622543 0.0621345043 -0.0550416335 167 215 235 
-0.57217288 0.0546689928 -0.0275499448 174 224 244 
-0.573138177 0.0569830537 -0.00894610584 176 227 245 
-0.574152291 0.056475997 0.0432470515 177 226 242 
-0.574378848 0.0555048585 0.0644389018 176 225 242 
-0.575652122 0.0578773916 0.0965317711 180 228 243 
-0.574792147 0.0500064194 0.144513071 170 218 238 
-0.572591543 0.0368678868 0.189481616 165 213 234 
-0.57960093 0.0363793075 0.18998608 165 212 233 
-0.572530448 0.0362697244 0.193323851 165 213 234 
-0.613098621 0.227472976 -0.0688831583 196 247 253 
-0.613147199 0.227255553 -0.0642352551 195 247 253 
-0.57332778 0.0352691114 0.241050392 169 215 234 
-0.622210562 0.0444199741 0.251399904 162 207 228 
-0.571521521 0.0236798227 0.286904991 176 220 233 
-0.596292913 0.0278533399 0.291897386 170 213 229 
-0.571298897 0.020088166 0.316595495 174 217 231 
-0.613440573 0.224324852 -0.0182005614 188 244 253 
-0.614565313 0.224252462 0.034241192 194 249 254 
-0.645424962 0.194194108 0.0736384466 180 234 249 
-0.614560246 0.224165887 0.0349698514 194 249 254 
-0.571523011 0.0191939175 0.33682245 173 216 230 
-0.572837174 0.0198656917 0.389689833 174 215 230 
-0.619453251 0.0177617371 0.393667787 155 196 217 
-0.570945263 0.00825282931 0.431877524 158 200 217 
-0.613913536 0.217199698 0.0826905146 188 241 250 
-0.613278449 0.210212499 0.131177336 194 246 254 
-0.570809484 0.00740665197 0.43504706 157 199 216 
-0.567109823 -0.0116220117 0.476646692 163 202 218 
-0.569022179 -0.00860008597 0.530858278 161 200 213 
-0.518638134 0.0418748856 -0.180226266 169 217 242 
-0.525088072 0.0446772575 -0.177993059 170 218 242 
-0.518965244 0.0424257815 -0.171332151 169 217 242 
-0.521039069 0.0468167067 -0.124916598 168 219 243 
-0.559725881 0.0546473861 -0.116405621 173 223 242 
-0.521569848 0.0452350974 -0.0829710439 173 222 245 
-0.521884203 0.0456457734 -0.0731031671 176 225 246 
-0.522705853 0.0443823636 -0.021342583 176 225 245 
-0.556292951 0.0509924889 -0.0140559673 175 224 244 
-0.523665309 0.0455234051 0.0100244507 176 225 245 
-0.525075674 0.0492020845 0.0338972509 178 229 246 
-0.524521947 0.0425346494 0.0825669542 177 227 245 
-0.550101161 0.0480053723 0.0883537903 177 226 242 
-0.525131583 0.0426974893 0.108744673 178 228 245 
-0.527397037 0.0493396223 0.138942242 179 231 246 
-0.527359366 0.0446998179 0.188771665 176 228 246 
-0.526407719 0.0389300287 0.209195793 172 224 244 
-0.6100986 0.230070263 -0.0677999333 196 247 253 
-0.573296666 0.260966122 -0.105442278 181 239 251 
-0.525550425 0.0331003964 0.234620512 170 221 242 
-0.525289476 0.0275832713 0.283948123 176 225 241 
-0.522408009 0.0117694139 0.327386528 172 221 237 
-0.556949496 0.0145362914 0.332687318 171 216 231 
-0.522042155 0.00723400712 0.360987306 171 216 233 
-0.574388266 0.260931283 -0.0549359918 186 241 252 
-0.582187235 0.255180001 -0.0048500523 189 244 253 
-0.575462341 0.261602312 -0.0130863339 188 243 252 
-0.614201486 0.224591374 0.0343855694 195 249 254 
-0.52283448 0.00895321369 0.378258914 172 215 233 
-0.523834646 0.00839146972 0.430420846 162 207 225 
-0.568111539 0.00734880567 0.434719115 157 199 217 
-0.521924734 -0.00343200564 0.474119872 156 201 217 
-0.575763047 0.261841059 -0.00193247944 188 243 253 
-0.576717734 0.261100471 0.0501271114 192 246 253 
-0.521885276 -0.0037599504 0.475953966 155 200 217 
-0.522787213 -0.00470811129 0.527894855 151 191 207 
-0.467488587 0.0286673903 -0.218803585 167 216 243 
-0.46823436 0.029386729 -0.192558408 169 217 243 
-0.468476772 0.0258473456 -0.142099574 170 218 244 
-0.485198796 0.0314923227 -0.137191251 170 218 244 
-0.468607754 0.024122864 -0.116924047 170 219 245 
-0.469551414 0.0255780816 -0.0897704288 170 219 245 
-0.514737487 0.0426967144 -0.0754927471 174 223 245 
-0.470361382 0.0242687762 -0.0380361006 172 220 245 
-0.480433881 0.0281597972 -0.034812592 172 221 245 
-0.470736086 0.0245743096 -0.0242284909 173 221 246 
-0.472561657 0.0284224749 0.0168228 174 222 246 
-0.50486809 0.040599674 0.0269971117 173 223 245 
-0.473482043 0.0280832946 0.0628464893 176 223 246 
-0.474262714 0.0306144655 0.0705596879 176 224 247 
-0.476332754 0.0342563689 0.125125855 175 224 246 
-0.49509123 0.0384803116 0.129484922 175 225 245 
-0.477086186 0.0358405709 0.142111927 175 224 246 
-0.478043973 0.0364884436 0.178885669 179 227 247 
-0.47971195 0.0387545228 0.230280697 176 227 246 
-0.479890406 0.0392517149 0.232949346 176 227 246 
-0.478989959 0.0312217176 0.280839682 175 226 244 
-0.476868451 0.0183939934 0.325985998 173 222 240 
-0.474642307 0.00515508652 0.370897114 171 219 235 
-0.500631332 0.00532791018 0.373846978 171 216 233 
-0.474082828 0.000803202391 0.393571168 170 218 234 
-0.557590127 0.283973396 -0.0442472473 181 237 251 
-0.474766374 0.00115081668 0.421090096 171 218 234 
-0.474936783 -0.00267153978 0.471386999 163 210 226 
-0.520711362 -0.00401815772 0.475684494 155 201 217 
-0.473255873 -0.0133753717 0.513160706 151 193 212 
-0.540459752 0.313178599 -0.0302423835 183 238 253 
-0.47345838 -0.0129722655 0.517978668 151 193 212 
-0.418287843 0.0186951756 -0.203862965 169 217 243 
-0.442357004 0.0235078931 -0.198599994 168 217 243 
-0.417810827 0.0137292445 -0.170580864 170 219 245 
-0.417964041 0.0129309893 -0.154676601 170 219 245 
-0.419039369 0.0126644373 -0.102345921 171 220 246 
-0.443692625 0.0186988115 -0.0963542238 171 220 246 
-0.419051856 0.00978806615 -0.0698103979 172 221 246 
-0.419557035 0.0102066398 -0.0512684509 172 221 246 
-0.421063542 0.0116342902 0.00203127414 174 223 247 
-0.435444146 0.0162094235 0.00610031933 174 223 247 
-0.42128551 0.0107609332 0.0219265744 174 223 247 
-0.422690302 0.0135343373 0.0556011572 174 223 248 
-0.467217863 0.0268728435 0.0677501634 176 223 247 
-0.424031585 0.0143128932 0.10852962 173 223 247 
-0.424301147 0.014420718 0.108617894 173 223 247 
-0.424049616 0.0143596232 0.108836688 173 223 247 
-0.427504838 0.0234683156 0.166249305 173 223 247 
-0.442476928 0.028375417 0.170563936 174 224 247 
-0.428214133 0.0248911083 0.183002323 173 223 247 
-0.430164218 0.0294258893 0.222139925 174 224 247 
-0.476352692 0.0385300219 0.232167989 176 227 246 
-0.431320786 0.0301856101 0.266795069 172 222 246 
-0.431459904 0.0300250947 0.274965793 172 223 246 
-0.431466341 0.0255585313 0.324894339 171 220 241 
-0.430050433 0.0155033171 0.371626347 168 216 236 
-0.425733089 -0.00595235825 0.411837906 169 217 234 
-0.448670179 -0.00493511558 0.414911777 169 217 234 
-0.425493985 -0.0087441802 0.43188414 168 215 231 
-0.426589012 -0.00708097219 0.463675529 169 214 230 
-0.425992131 -0.0139181912 0.512248158 170 213 228 
-0.469614208 -0.0144902766 0.516730428 152 194 212 
-0.42652306 -0.0137346089 0.534583509 168 208 223 
-0.369441628 0.0153539479 -0.246330678 163 211 241 
-0.369535744 0.0126968324 -0.212483197 164 213 243 
-0.369587064 0.00840649009 -0.162453875 168 217 246 
-0.399489492 0.0110438168 -0.157733321 170 219 246 
-0.369361222 0.0048712194 -0.133535057 170 219 247 
-0.369462729 0.00342619419 -0.112819217 170 219 247 
-0.370211869 0.00187805295 -0.0612215027 172 221 248 
-0.3990632 0.00666120648 -0.0554491505 172 221 247 
-0.37035495 -0.000294297934 -0.0305139795 172 221 248 
-0.370791107 -0.000337839127 -0.0100057051 172 222 248 
-0.372340888 0.00125977397 0.0433912054 173 223 248 
-0.388318717 0.00477600098 0.047059752 173 223 248 
-0.372706473 0.00126203895 0.0601504818 172 222 248 
-0.374102026 0.00368794799 0.0972631648 171 221 248 
-0.375702798 0.00601032376 0.144947261 171 221 248 
-0.375960499 0.00649851561 0.151353866 170 221 248 
-0.379502445 0.0159239471 0.209227949 170 219 247 
-0.388655901 0.0185625851 0.211669207 171 220 247 
-0.379911125 0.0167587698 0.218714088 170 219 247 
-0.382457793 0.0230445266 0.265783757 168 218 246 
-0.420676529 0.0291662216 0.273313642 170 221 246 
-0.383569658 0.0247853696 0.297484517 167 217 245 
-0.383446276 0.0224366188 0.317919284 165 216 243 
-0.382437944 0.0139828324 0.365567237 162 212 238 
-0.380123556 0.00039729476 0.410280138 159 210 233 
-0.376489162 -0.0183750093 0.452026397 169 215 232 
-0.398573518 -0.0156493485 0.455935925 168 214 230 
-0.37719059 -0.0168786347 0.467599839 172 218 233 
-0.379691303 -0.0102848709 0.509136796 170 216 232 
-0.381570905 -0.00527891517 0.539801896 164 209 227 
-0.322300702 0.012974292 -0.221193939 159 209 243 
-0.322311461 0.0127016008 -0.217669934 159 209 243 
-0.322545886 0.00913101435 -0.167228952 160 209 243 
-0.322214723 0.00333786011 -0.118059225 161 211 246 
-0.339971483 0.00260993838 -0.116503961 165 214 247 
-0.322003812 0.00141987205 -0.106428258 162 211 247 
-0.322243869 -0.0010394454 -0.068079643 162 212 247 
-0.322843432 -0.00317549706 -0.0168181881 163 213 248 
-0.343648672 -0.00276592374 -0.0143091753 167 217 248 
-0.322858065 -0.00443604589 -0.00213798136 163 214 249 
-0.323661625 -0.00445231795 0.0349346921 164 214 249 
-0.324875861 -0.0041731894 0.0875774994 164 214 249 
-0.328841984 -0.00366792083 0.0882881954 165 215 249 
-0.324942291 -0.00420287251 0.0909588113 164 214 249 
-0.32673049 -0.00137761235 0.141659617 163 213 248 
-0.368021965 0.00520288944 0.149776727 169 219 248 
-0.328012973 0.000913530588 0.175078869 163 213 247 
-0.328785598 0.00220564008 0.196192265 162 212 247 
-0.331534147 0.00851359963 0.252283275 162 212 246 
-0.333552063 0.00906026363 0.252802402 162 212 246 
-0.331616282 0.00866681337 0.254351676 162 212 246 
-0.332777798 0.00890833139 0.304992259 156 207 242 
-0.367294073 0.0192472637 0.314409375 162 213 243 
-0.333364397 0.00723585486 0.350507617 148 201 236 
-0.333463758 0.0071118176 0.356447875 148 201 236 
-0.332904071 0.000420898199 0.40510419 150 202 234 
-0.330789804 -0.0123784542 0.450266689 153 202 227 
-0.329720795 -0.020886153 0.495729059 158 205 228 
-0.32976076 -0.0209136903 0.497868091 158 205 228 
-0.277057886 0.0204499066 -0.218427718 157 205 240 
-0.308791161 0.0146427453 -0.218099684 158 208 242 
-0.27701053 0.0197567046 -0.212899536 157 205 240 
-0.277585983 0.0180330276 -0.167326868 159 208 243 
-0.276853561 0.01066342 -0.11905881 161 211 246 
-0.276161075 0.00546687841 -0.0931054428 161 210 246 
-0.276216209 0.00366720557 -0.0705771074 161 210 246 
-0.277076721 0.00255656242 -0.0187291726 162 212 248 
-0.276494563 -0.00296708941 0.0159239843 164 214 251 
-0.276749909 -0.00321927667 0.0304504558 164 214 251 
-0.277762353 -0.0037329495 0.0826398358 164 214 250 
-0.278082252 -0.00519192219 0.113539226 163 214 250 
-0.278588593 -0.00497835875 0.134410679 161 212 249 
-0.279993534 -0.00394973159 0.187482208 161 211 247 
-0.301318944 -0.00149193406 0.191162586 161 211 247 
-0.280524701 -0.00318554044 0.203376412 161 211 247 
-0.28161782 -0.00205937028 0.241046578 157 209 245 
-0.282990277 -0.00106462836 0.293003082 152 205 241 
-0.283008516 -0.00108680129 0.294086009 152 205 241 
-0.284325331 -0.000404447317 0.346959442 151 204 239 
-0.327440262 0.00605377555 0.355210394 148 201 236 
-0.283771425 -0.00707268715 0.39562875 144 196 232 
-0.285975277 -0.00674977899 0.396046579 144 196 232 
-0.283734113 -0.00746715069 0.398298115 144 196 232 
-0.283298016 -0.0134247541 0.44447878 146 197 228 
-0.283797532 -0.0159537792 0.495515496 156 204 228 
-0.32561323 -0.0208296478 0.497458071 158 205 228 
-0.284027517 -0.0160993636 0.507691979 158 205 228 
-0.257744551 0.0269982219 -0.216987789 158 205 237 
-0.233752474 0.0365988314 -0.223097742 158 205 234 
-0.233804867 0.0360587239 -0.214689642 158 204 234 
-0.233704105 0.0311709344 -0.165002063 160 208 241 
-0.232636005 0.0224823058 -0.117488407 162 210 244 
-0.232477844 0.0202042162 -0.099434413 161 209 244 
-0.232813269 0.0186870098 -0.0671759471 160 209 244 
-0.232486024 0.012909323 -0.0179973319 161 212 248 
-0.231198028 0.00378373265 0.0242763832 163 213 250 
-0.231225371 0.00346413255 0.029083617 163 213 250 
-0.232520044 0.00405940413 0.0819072351 162 213 249 
-0.231907398 -0.00278922915 0.12988472 158 211 250 
-0.231914952 -0.00280997157 0.130461454 158 211 250 
-0.232701331 -0.00421187282 0.182142794 156 210 248 
-0.233511508 -0.00493296981 0.22735092 151 206 246 
-0.233596995 -0.0051844418 0.234069705 151 206 245 
-0.234607488 -0.00570583344 0.286254674 153 207 243 
-0.281755745 -0.00124263763 0.293863595 152 205 242 
-0.235206217 -0.00662818551 0.323992729 150 204 241 
-0.235511988 -0.00664356351 0.338201493 150 204 240 
-0.234072447 -0.0167917907 0.384880394 145 197 235 
-0.234863028 -0.0181770921 0.436571211 146 197 229 
-0.237997666 -0.0179769099 0.437024564 146 197 229 
-0.234938458 -0.0180384517 0.438493341 146 197 229 
-0.237135768 -0.0137387514 0.491592914 151 200 227 
-0.23675409 -0.0191349983 0.53403461 164 209 230 
-0.190875128 0.0553258657 -0.236760885 136 184 219 
-0.191307992 0.0546387136 -0.209252208 142 192 227 
-0.190413892 0.0466337502 -0.161347494 158 207 239 
-0.207121342 0.0347654223 -0.11361026 162 210 242 
-0.190587118 0.0438153744 -0.122075938 160 209 240 
-0.190707982 0.0432974398 -0.110772558 161 210 240 
-0.189170033 0.0327626765 -0.0643147603 162 211 242 
-0.188289016 0.0248091817 -0.0163806304 163 213 248 
-0.188005656 0.0209511817 0.0134801641 162 213 247 
-0.188376755 0.0206620693 0.0337305889 162 212 247 
-0.187670127 0.0133936703 0.0820565596 164 213 249 
-0.186085075 0.00267386436 0.128408492 157 210 249 
-0.230834231 -0.00278562307 0.130355924 158 211 250 
-0.185984626 0.000861495733 0.143935978 155 209 248 
-0.186666757 0.000467568636 0.179629773 152 207 246 
-0.18640396 -0.00505682826 0.228953242 153 207 246 
-0.225478113 -0.00597503781 0.232747465 151 206 245 
-0.186533853 -0.00650432706 0.251001835 151 206 245 
-0.187708169 -0.00442409515 0.281798303 151 206 244 
-0.187771827 -0.00866577029 0.331855416 152 205 241 
-0.217064738 -0.00842443109 0.335205615 150 205 241 
-0.187260121 -0.0129936635 0.356456548 152 205 241 
-0.187728524 -0.013327688 0.381672233 152 204 239 
-0.188669592 -0.0141218007 0.433701187 151 201 233 
-0.188964814 -0.0146394968 0.45300743 155 203 232 
-0.189739734 -0.014408797 0.486020178 159 206 231 
-0.147170916 0.0699595511 -0.242899358 135 183 217 
-0.14785172 0.0694490969 -0.205970794 145 193 226 
-0.146817431 0.0608932674 -0.158381164 140 191 227 
-0.147027016 0.0591624081 -0.129525736 140 191 226 
-0.147452831 0.0588981509 -0.107039131 143 194 229 
-0.146318048 0.0499474704 -0.0596752986 153 204 239 
-0.145226657 0.0411672592 -0.0122140124 159 207 239 
-0.145371586 0.0408825576 -0.00239687413 159 208 239 
-0.14565596 0.0383622944 0.0386648551 164 213 243 
-0.143918931 0.0270452201 0.0846751556 166 215 248 
-0.146469176 0.017634362 0.132193565 162 211 247 
-0.143029451 0.0192032754 0.130981058 163 212 247 
-0.143047661 0.0191300213 0.132631183 163 212 247 
-0.143228352 0.015348196 0.182951361 155 207 245 
-0.141393676 0.00364744663 0.228742212 152 206 244 
-0.141348764 0.000798374414 0.258339763 156 208 244 
-0.141798586 0.000746577978 0.279566228 158 209 242 
-0.140897349 -0.0072863996 0.327454895 154 203 239 
-0.141862512 -0.00674310327 0.365728557 149 201 237 
-0.142551005 -0.00528052449 0.381085366 148 199 235 
-0.140860483 -0.0164148808 0.427200168 152 203 235 
-0.140715003 -0.0214783549 0.476787299 156 203 230 
-0.15459168 -0.0206289291 0.47877422 157 204 231 
-0.140823275 -0.0219725072 0.487249821 158 204 230 
-0.102888584 0.0817311704 -0.2437765 144 186 217 
-0.103125393 0.0792689621 -0.205543756 142 186 219 
-0.101631194 0.0689060092 -0.158987701 144 190 224 
-0.101876184 0.0666345954 -0.122499384 141 190 226 
-0.102261156 0.0668895543 -0.107657887 142 191 228 
-0.101900883 0.0609821081 -0.0585534796 148 198 233 
-0.124829337 0.0501977801 -0.0095429197 153 202 236 
-0.10262908 0.0602770448 -0.0172869787 148 197 232 
-0.102891475 0.060382545 -0.00641319901 149 198 233 
-0.102569565 0.0546258688 0.0427774116 155 204 238 
-0.101266168 0.0450126827 0.0897622481 160 208 242 
-0.100808606 0.041180104 0.111343898 162 209 241 
-0.100213602 0.0363850594 0.137310833 162 209 240 
-0.0993035138 0.0283173025 0.185179621 164 210 243 
-0.0985169411 0.0207348466 0.233325958 161 209 242 
-0.0983269215 0.0188099444 0.245991826 164 211 242 
-0.0974385068 0.0120055974 0.280816406 167 211 239 
-0.0936675146 -0.00730341673 0.322255701 151 199 234 
-0.0927057192 -0.0155743659 0.37000829 152 201 233 
-0.12419036 -0.00878468156 0.377161562 150 202 235 
-0.0912752599 -0.0256868005 0.416707605 142 192 226 
-0.0988516733 -0.0254914463 0.417646438 144 194 228 
-0.0914883912 -0.0251285136 0.420288295 143 193 227 
-0.0955154225 -0.0135180056 0.476150781 154 200 228 
-0.0959780142 -0.0129876733 0.49149552 157 201 227 
-0.0564162657 0.0826614499 -0.224724323 140 183 216 
-0.0566372462 0.0821662545 -0.209076107 140 184 217 
-0.055848483 0.074575156 -0.160934672 147 190 223 
-0.0556481071 0.0692960322 -0.11147093 148 192 225 
-0.0680722892 0.0684212744 -0.11058154 146 191 225 
-0.0557458848 0.069258064 -0.106559686 148 192 225 
-0.0569957048 0.0700992942 -0.0585283265 146 192 227 
-0.0576320365 0.068510592 -0.011660181 150 195 229 
-0.0577038676 0.0683900118 -0.00702277571 151 195 229 
-0.0565295294 0.0592839122 0.0402521119 156 203 236 
-0.0579911992 0.0605353713 0.0934510604 144 194 230 
-0.0580466054 0.060478121 0.0966310874 144 194 230 
-0.0575534403 0.0543234944 0.14238134 151 200 234 
-0.0555232503 0.0418545604 0.187732846 152 202 238 
-0.0703518093 0.0315722525 0.236126393 157 203 235 
-0.0553824157 0.0372044742 0.232939959 153 200 232 
-0.055432342 0.0370055437 0.237442583 154 200 232 
-0.0519267917 0.0187395215 0.279478461 162 204 229 
-0.052539181 0.016653955 0.330768734 166 209 236 
-0.0484989583 -0.00371292233 0.371603042 153 194 221 
-0.0468649268 -0.0146252811 0.417844862 150 195 222 
-0.0469976887 -0.0143883526 0.421307236 151 196 222 
-0.0511159748 -0.00241366029 0.477312475 161 205 227 
-0.0512866154 -0.00324103236 0.494340807 159 201 223 
-0.00622250885 0.0696350038 -0.221432865 142 188 222 
-0.0420247726 0.0792117119 -0.212289065 140 184 218 
-0.00748060644 0.0713971555 -0.183255136 143 188 222 
-0.0080967322 0.0725074708 -0.167306766 144 189 223 
-0.00898654014 0.0715119541 -0.115393005 148 192 225 
-0.00990837067 0.0733308792 -0.0932843909 152 194 227 
-0.0101773962 0.0716992915 -0.06280265 154 197 229 
-0.0104250163 0.0681804419 -0.0123321041 160 201 230 
-0.050079681 0.0682904422 -0.00791474432 153 196 229 
-0.0108203962 0.0677610934 0.0104799196 158 200 230 
-0.0110907555 0.0663044751 0.0390780792 154 198 231 
-0.0114842057 0.0633586347 0.0898763761 148 193 227 
-0.0118824542 0.0629340112 0.112878837 151 195 228 
-0.011928834 0.0606138706 0.140789658 153 198 231 
-0.0105437115 0.0506795943 0.187590897 145 192 228 
-0.00932241976 0.0413889885 0.234760255 151 196 227 
-0.0394411273 0.0390539467 0.236799687 153 198 229 
-0.00582507998 0.0231552124 0.27681455 158 199 229 
-0.0173442028 0.0215625167 0.277213961 159 200 228 
-0.00586505979 0.0230605304 0.279702753 158 198 228 
-0.00842174143 0.0288663805 0.332564235 154 199 226 
-0.00644564629 0.016609937 0.378037333 149 194 223 
-0.0428558476 -0.0119380057 0.418866128 149 194 221 
-0.00641755015 0.0157108009 0.386738986 147 193 221 
-0.00751204789 0.0163083375 0.430348009 152 196 221 
-0.00755222887 0.0119743645 0.480352312 148 188 211 
-0.0071901679 0.00945088267 0.491771907 149 188 211 
0.0310095549 0.0556953251 -0.233107209 145 191 225 
0.0058124885 0.0679505467 -0.17131412 145 191 225 
0.0232876018 0.0676944852 -0.0686585978 153 197 231 
0.85281837 0.0388354063 -0.384942383 183 212 218 
0.863611937 -0.0170506239 -0.259457141 164 198 207 
0.829556167 -0.00267085433 -0.247892439 157 192 203 
0.861085176 -0.0100803673 -0.220908344 169 205 214 
0.840678513 0.0865358114 -0.357659906 172 206 217 
0.84128058 0.0796783864 -0.30909887 157 191 203 
0.833387494 0.0851300657 -0.305265903 153 187 201 
0.839979649 0.0843167007 -0.300910622 156 191 204 
0.860456407 -0.00914353132 -0.202451438 172 207 217 
0.809015334 0.0107114315 -0.185997903 137 169 185 
0.86200428 -0.0197174549 -0.156016052 158 194 205 
0.829344511 -0.00720787048 -0.145622134 135 167 182 
0.860145152 -0.0155116022 -0.117398687 157 189 201 
0.790221989 0.115875989 -0.283797175 147 182 198 
0.834765851 0.100784749 -0.244543791 144 178 192 
0.824253678 0.101273268 -0.243122935 142 176 191 
0.835924447 0.0943064988 -0.225749165 142 175 191 
0.857515931 -0.00657323003 -0.0960149989 151 182 195 
0.854549468 0.00210478902 -0.0562570319 121 154 171 
0.836829364 0.0881848931 -0.199267209 141 175 190 
0.835343361 0.0895318985 -0.146013588 126 158 174 
0.813899517 0.094281286 -0.141073585 128 161 179 
0.834134281 0.0930841863 -0.129976749 124 157 173 
0.852777302 0.00755420327 -0.0354515836 119 151 168 
0.854222775 -0.00261741877 0.0112138912 132 166 181 
0.822274983 0.00494921207 0.0188406631 132 166 182 
0.852981865 -0.000219792128 0.0415416583 124 159 175 
0.778642058 0.126941293 -0.119432591 129 167 186 
0.829231024 0.109057158 -0.0823628679 130 165 184 
0.809339821 0.111531645 -0.0788309798 133 170 188 
0.828563869 0.110575229 -0.0686046407 134 170 188 
0.852201641 0.000832349062 0.0656701848 126 160 177 
0.854090273 -0.0110804439 0.111339755 142 176 190 
0.828747094 0.00202992558 0.121256523 139 176 193 
0.852811038 -0.00945875049 0.152050883 134 168 184 
0.82591784 0.117583692 -0.0250029042 137 172 188 
0.82558924 0.115216047 0.0163896903 132 164 183 
0.852268755 -0.00841486454 0.165347546 132 165 181 
0.854588568 -0.0220219791 0.21004805 141 175 192 
0.852162719 -0.0163342357 0.258215338 132 167 186 
0.826165974 0.112116903 0.0243535116 132 164 183 
0.821147799 0.127342552 0.0855450705 134 167 187 
0.818177819 0.127539039 0.0859783217 134 168 187 
0.821109951 0.127305895 0.087690644 134 167 187 
0.851708174 -0.0151958168 0.266435534 132 167 185 
0.854783475 -0.031771332 0.309438229 154 189 203 
0.852496207 -0.0272758305 0.364492625 139 175 188 
0.842975497 -0.0263376832 0.366049141 138 173 187 
0.823240697 0.114627033 0.130755574 139 174 192 
0.821897149 0.115414441 0.183689058 137 172 191 
0.794359446 0.117288172 0.187734395 133 170 191 
0.824431002 0.100966692 0.22790882 137 172 190 
0.823228419 0.10143587 0.228296191 137 172 190 
0.82454145 0.100233823 0.230982035 137 172 189 
0.826366425 0.0888699591 0.273473173 136 167 183 
0.827938735 0.0782003105 0.319853842 135 168 184 
0.800260246 0.0913907588 0.330070794 141 174 189 
0.825919569 0.083326906 0.355587125 138 168 182 
0.826396823 0.0797671676 0.373233169 138 167 181 
0.83066237 0.058514744 0.413560927 131 164 179 
0.779605985 0.0819056928 0.431895763 147 178 192 
0.872001529 0.0761222243 -0.366766781 171 205 214 
0.903374553 0.0212563574 -0.347703069 163 191 200 
0.86436832 0.0514348447 -0.327000082 170 200 208 
0.857864618 0.0270208418 -0.287208766 167 200 211 
0.885126054 0.0107794404 -0.246682018 183 213 219 
0.909593105 -0.0166531205 -0.211936027 172 207 215 
0.882746756 -0.0126362741 -0.206800878 173 210 218 
0.904917419 0.00391960144 -0.225881785 185 218 222 
0.912483931 -0.0325036645 -0.168518633 193 222 228 
0.895773053 -0.0323232114 -0.166584194 186 219 226 
0.911965907 -0.0309734643 -0.161738753 193 222 227 
0.893938959 0.0538394749 -0.276583821 197 231 235 
0.8857885 0.0885312259 -0.287895769 176 210 220 
0.900114179 0.0250836611 -0.240547687 196 224 227 
0.907454669 -0.0172341168 -0.107302003 181 216 224 
0.878038347 -0.0182617009 -0.104628526 170 203 213 
0.907419503 -0.0185517371 -0.0910477862 180 216 223 
0.88373369 0.0939385593 -0.253648996 165 199 211 
0.886925101 0.0769069195 -0.210907161 171 203 213 
0.845142365 0.083489418 -0.202735007 145 177 193 
0.885465622 0.0800446868 -0.178769767 149 182 195 
0.902709067 -0.00307932496 -0.0467229411 156 188 200 
0.875013292 -0.000639885664 -0.0423525199 130 163 179 
0.905568004 -0.0188048482 -0.00323405117 154 182 193 
0.895214975 -0.0185900331 -0.00197952241 148 177 189 
0.905668378 -0.0199677646 0.00508070737 150 178 189 
0.88252449 0.0897063613 -0.151103258 137 171 186 
0.88137579 0.0902066529 -0.103924744 133 164 179 
0.903767169 -0.016220659 0.050727196 144 173 186 
0.868872643 -0.00661197305 0.059788622 127 160 177 
0.904588878 -0.0239411294 0.0987945572 142 171 183 
0.894170046 -0.0233287513 0.100272574 142 171 183 
0.905702174 -0.0302197635 0.117452212 146 176 188 
0.881229699 0.0903021395 -0.0982793346 133 163 178 
0.880921721 0.0870204866 -0.0476731583 131 162 177 
0.855103672 0.0997686684 -0.0379012153 139 172 188 
0.878076136 0.0964564979 -0.0218882188 136 167 183 
0.906208634 -0.0347975194 0.145068407 154 184 197 
0.861029088 -0.0129962862 0.161892653 136 168 184 
0.903364182 -0.0281125009 0.201375067 148 177 188 
0.894090712 -0.0278337896 0.202545732 147 178 189 
0.903045118 -0.0271508992 0.205336213 147 177 187 
0.875407755 0.104194432 0.0146327391 138 169 184 
0.831274331 0.112354934 0.0239216611 133 164 183 
0.873445332 0.109296054 0.0480346158 132 164 181 
0.901203811 -0.0241157711 0.256144255 145 175 188 
0.857684791 -0.0182915926 0.26409471 134 169 186 
0.904533863 -0.0416921079 0.298574507 151 179 190 
0.873860717 -0.0372161269 0.30437997 155 187 199 
0.903414845 -0.0390660465 0.320764989 143 173 185 
0.872934937 0.109418601 0.070103921 132 165 182 
0.871356487 0.111129045 0.123565383 137 168 185 
0.858830154 0.114538819 0.126796752 138 170 187 
0.871076226 0.110939592 0.138538778 135 166 184 
0.90037477 -0.0298418105 0.357835501 144 174 187 
0.872098207 0.103723019 0.171812624 132 165 182 
0.872650206 0.0970622599 0.220486164 132 163 182 
0.875818729 0.0801205337 0.263279438 132 161 177 
0.851374745 0.0854086578 0.268842191 134 164 179 
0.875531614 0.0787988007 0.291147858 129 158 172 
0.874750197 0.0798272789 0.315594941 129 159 174 
0.876333356 0.0691148937 0.361951083 130 159 174 
0.846294522 0.079693228 0.371006429 134 163 177 
0.878773808 0.0550338924 0.406380564 131 162 176 
0.849575996 0.0576476157 0.411010832 129 162 176 
0.879357517 0.0497743189 0.438028306 156 195 205 
0.917279959 -0.00427776575 -0.206048697 179 214 220 
0.956704199 -0.0206954479 -0.166954339 186 222 233 
0.95500201 -0.0130326152 -0.173956662 187 221 231 
0.956330955 -0.0196115971 -0.161862671 186 221 232 
0.920750201 0.083435744 -0.263430029 171 206 215 
0.92682153 0.0620654225 -0.22336486 166 198 209 
0.915900886 0.0365823507 -0.183669746 175 208 215 
0.945952356 0.0216824412 -0.144246936 194 226 233 
0.952101529 -0.00710198283 -0.10669633 195 224 231 
0.953373373 -0.015054673 -0.0767140612 175 204 213 
0.910012245 0.0763508677 -0.161389053 151 183 196 
0.93361634 0.0726662278 -0.14444381 167 199 209 
0.951985538 -0.0111380517 -0.0565216169 166 196 205 
0.951971829 -0.015576154 -0.00657682866 152 184 195 
0.952018201 -0.0184307694 0.0230175927 151 181 193 
0.932017505 0.076304704 -0.1114747 160 192 203 
0.884663045 0.0885692835 -0.0995992795 133 164 179 
0.931359589 0.0743981302 -0.0600819811 140 169 182 
0.92552036 0.0756187141 -0.0587763861 137 166 179 
0.930989921 0.0755833089 -0.0562807843 139 168 181 
0.949904025 -0.0119430721 0.0479843095 156 185 196 
0.949890435 -0.0163812041 0.0979290381 153 181 190 
0.952477753 -0.0307904482 0.139263541 157 180 189 
0.924579561 0.0972327888 -0.00255294889 148 181 195 
0.952185333 -0.0298905373 0.142685503 157 180 190 
0.949914277 -0.0254590809 0.197703242 158 187 197 
0.950409949 -0.0306385159 0.232509702 143 175 187 
0.924460828 0.0970135629 0.00533614308 150 183 197 
0.920171916 0.109373748 0.0648888126 148 180 195 
0.914358556 0.109625071 0.0656643435 146 178 193 
0.919951558 0.110058516 0.0673952475 148 180 194 
0.949437678 -0.0280780792 0.248688519 138 168 182 
0.949076116 -0.0311489999 0.299415231 133 162 177 
0.94967705 -0.0370955467 0.33790493 162 184 195 
0.919265866 0.108441919 0.116839029 139 172 187 
0.919935942 0.101317406 0.165247291 144 174 189 
0.90646261 0.103228122 0.167767197 139 169 186 
0.919422805 0.102591485 0.174647182 142 172 187 
0.949581087 -0.0376249254 0.34819448 170 193 202 
0.944284976 -0.0204868913 0.400899112 166 197 206 
0.919954121 0.0967541039 0.215120494 133 164 180 
0.919343889 0.0946600437 0.26640591 138 167 181 
0.918920219 0.0949949026 0.282137215 136 164 179 
0.933968961 0.0204968452 0.419085234 167 200 206 
0.920795023 0.0844663978 0.313058853 139 166 180 
0.923136055 0.0707758069 0.357711583 143 173 185 
0.926089823 0.0546782017 0.400987655 158 190 201 
0.964263022 -0.0157456696 -0.165092349 187 219 229 
0.946551383 0.0211612582 -0.143069148 195 227 234 
0.991737425 0.00925838947 -0.102151982 231 247 251 
0.960956514 0.0658417344 -0.120346434 173 203 212 
0.993027389 0.0176510513 -0.0977282152 219 238 243 
0.983859003 0.0549319685 -0.0910810605 161 194 203 
0.968334138 0.0219477713 -0.0403198525 196 224 230 
0.986055672 0.0440576673 -0.0710910782 172 204 212 
0.9888708 0.00407868624 6.04465604e-05 175 209 220 
0.982895315 0.0574622452 -0.074958019 159 193 202 
0.985118091 0.0442364812 -0.0300393924 202 229 235 
0.977144659 0.0780858397 -0.0401187465 168 201 210 
0.989920318 0.0208758414 0.00908256322 168 203 215 
0.964304745 0.0164867342 0.0618672892 160 193 203 
0.984595001 0.0412031114 0.0276818648 154 189 203 
0.963737667 -0.00649037957 0.101787873 144 172 185 
0.974251211 0.0869353414 -0.00561759621 163 198 209 
0.931128561 0.0953301489 0.00368768722 152 185 198 
0.971908867 0.0939206779 0.0242979154 161 200 212 
0.983680069 0.0409031808 0.0730204806 158 194 206 
0.962873161 0.0344942212 0.124178015 145 179 191 
0.981248677 0.0476842225 0.109293245 146 182 195 
0.954244912 0.00956594944 0.163923055 158 186 196 
0.971555054 -0.00908404589 0.204233021 128 156 169 
0.971511304 0.0932094753 0.0504540876 168 208 221 
0.96710521 0.107615978 0.0926476493 161 199 213 
0.979388177 0.0532754958 0.132580042 150 186 199 
0.979623377 0.0478592813 0.181965381 141 173 186 
0.957855046 0.028793782 0.226343602 147 179 189 
0.978943408 0.0490114391 0.200378865 144 176 188 
0.961289942 0.00678533316 0.266351402 138 165 179 
0.965430558 -0.0150522888 0.30637452 133 160 174 
0.965419233 0.112654656 0.114059053 169 207 218 
0.968323171 0.096752733 0.15744704 174 209 220 
0.965586841 0.105047733 0.190894246 179 213 224 
0.977902472 0.0501298606 0.235747188 162 196 207 
0.981099784 0.0330747068 0.278475642 160 191 204 
0.986638248 0.00682047009 0.315942615 154 183 193 
0.968237102 0.00398102403 0.368777543 189 220 228 
0.983311474 0.0173033178 0.352192611 189 221 229 
0.965356767 0.103916794 0.214027733 177 211 222 
0.968880951 0.0855775177 0.256021649 184 216 226 
0.968861282 0.0811629593 0.305979937 175 206 214 
0.948254883 0.0860179961 0.3108854 158 187 198 
0.973865688 0.0570074618 0.344647259 176 209 218 
0.956263602 0.0651166141 0.350992799 163 195 206 
0.96018821 0.0432267189 0.391011208 155 186 195 
0.992627919 0.050667733 -0.0797236189 159 193 202 
1.00899506 0.0729833543 -0.0170252249 169 204 216 
0.987440646 0.0449264348 0.0224382505 155 190 203 
1.01976442 0.08917135 0.0429550186 177 217 232 
1.01830411 0.0952325165 0.0426486507 179 220 235 
1.02497649 0.0642006695 0.0811561123 150 187 198 
1.02426314 0.0657323897 0.0968780294 151 188 199 
1.01793933 0.0963429511 0.0470568612 179 219 235 
1.0211668 0.0791690052 0.089717336 152 189 200 
0.982687175 0.103323728 0.107085623 181 217 225 
1.02138424 0.0738236308 0.139143169 193 228 235 
1.01634789 0.0948318541 0.136910677 203 237 243 
1.02366757 0.0603598058 0.183925658 157 193 204 
1.02368522 0.0585082769 0.203683347 177 209 218 
1.01507068 0.098630935 0.153331816 201 234 241 
1.01980567 0.0755338669 0.192604542 167 200 210 
0.984282672 0.0992240608 0.20939526 196 230 237 
1.00855517 0.0822592378 0.249856859 184 219 232 
1.0058372 0.0587615371 0.289730668 184 216 225 
0.993693054 0.0329823196 0.329399079 180 209 214 
1.02450657 0.0950918496 0.0456545874 180 221 235 
1.03720951 0.0753266513 0.0858642533 149 186 196 
1.03866577 0.0940331221 0.148237884 199 229 236 
1.03498006 0.0703011453 0.188090563 159 195 204 
0.80214411 0.0865394175 -0.510496199 156 195 205 
0.823794067 0.0689397752 -0.470091701 165 196 204 
0.83909899 0.0498043895 -0.429825366 173 205 211 
0.822592437 0.087002933 -0.407775939 160 196 207 
0.841991901 0.0844396651 -0.394662201 179 217 224 
-0.518105984 0.428873062 -0.179192603 164 220 244 
-0.515563011 0.414389431 -0.134993404 167 223 244 
-0.515673637 0.410331994 -0.0848308802 170 229 250 
-0.516814768 0.413079143 -0.0629669577 168 227 249 
-0.479508281 0.467265755 -0.214906365 162 217 241 
-0.481318951 0.469888598 -0.160923049 158 211 236 
-0.490424037 0.451137722 -0.117765218 165 219 242 
-0.481549621 0.469489932 -0.145903274 159 212 238 
-0.508921742 0.423820645 -0.0782351643 170 228 249 
-0.480563372 0.462427855 -0.112707078 163 217 243 
-0.483876437 0.470953941 -0.0553473532 153 206 236 
-0.48387453 0.470914543 -0.0549966358 153 207 236 
-0.434078813 0.474322945 -0.216059417 167 224 247 
-0.436936617 0.481060207 -0.159722835 158 214 242 
-0.437498212 0.482404709 -0.148881868 159 214 242 
-0.437242448 0.477769941 -0.109121561 166 221 245 
-0.436864048 0.471791327 -0.060057871 156 210 241 
-0.437452883 0.472095609 -0.0364054218 158 213 243 
-0.390342534 0.488033056 -0.213407338 165 221 248 
-0.391141891 0.486682147 -0.161696821 162 218 244 
-0.391989231 0.488103956 -0.138596356 160 217 244 
-0.392821431 0.488789529 -0.108008325 160 218 245 
-0.391770154 0.480166972 -0.0604568571 164 222 246 
-0.393263459 0.484327257 -0.0381282717 162 219 244 
-0.343610734 0.485481024 -0.167573273 159 211 239 
-0.345447034 0.488688141 -0.118907943 158 211 241 
-0.34554711 0.488597691 -0.113307513 159 212 241 
-0.344399005 0.479594707 -0.065973632 163 216 243 
-0.298358858 0.493235976 -0.168327272 155 208 237 
-0.300213337 0.496030867 -0.114245526 153 208 241 
-0.30888319 0.495078444 -0.113810949 154 209 241 
-0.300243139 0.49589783 -0.111399047 153 208 241 
-0.298828393 0.486097157 -0.0674439818 153 207 238 
-0.252594471 0.498977035 -0.170233101 156 209 238 
-0.25160864 0.490611702 -0.122534521 162 213 243 
-0.253911406 0.497524023 -0.0936261415 158 213 244 
-0.254215866 0.496364355 -0.0667610765 159 214 243 
-0.207504287 0.507367313 -0.17062372 158 212 244 
-0.207915694 0.504491985 -0.119785085 165 218 248 
-0.209138304 0.506866097 -0.0900371522 165 219 248 
-0.209059581 0.504494786 -0.0673003122 167 220 248 
-0.163527712 0.520133138 -0.168511689 157 212 245 
-0.163875401 0.51700753 -0.11781624 163 214 242 
-0.164770097 0.518212736 -0.0901330933 164 217 245 
-0.164696544 0.515742183 -0.0660567731 168 221 249 
-0.119082838 0.531059027 -0.167452067 155 209 245 
-0.119087867 0.526587009 -0.117526688 159 209 242 
-0.12007606 0.527946353 -0.0872637779 161 212 246 
-0.121329375 0.530902624 -0.0625751615 160 214 249 
-0.0736155882 0.537967682 -0.168690085 154 204 236 
-0.0762113407 0.543675244 -0.112942457 161 206 236 
-0.0761725307 0.541593194 -0.091588214 159 205 236 
-0.0756542385 0.536994457 -0.0642803907 158 209 242 
-0.0281637311 0.54044503 -0.119979449 164 212 245 
-0.0293690488 0.540884137 -0.0695223734 162 209 242 
-0.029473681 0.541100323 -0.0671214685 162 209 242 
-0.0284152664 0.532449722 -0.0195860341 162 212 246 
0.0179700628 0.544734657 -0.122715451 157 203 236 
0.0152840242 0.55082047 -0.0670258552 155 199 230 
0.015270859 0.550848663 -0.0667353198 155 199 230 
0.0155461431 0.545275211 -0.0174399018 156 203 237 
0.0643236935 0.548160493 -0.125945479 159 207 237 
0.0656056255 0.538631558 -0.0789124221 165 212 243 
0.0155997872 0.550777495 -0.0668101981 155 199 230 
0.0634708405 0.543263137 -0.0323711112 156 202 235 
0.0631126761 0.543935239 -0.0233957842 156 202 234 
0.113706917 0.535190463 -0.0860700235 154 200 229 
0.113981694 0.529619038 -0.0367734805 162 207 235 
0.076091975 0.542579353 -0.0255596116 155 199 230 
0.162760198 0.523516953 -0.0454530492 168 216 244 
0.0383352637 0.205718189 0.546604931 192 242 251 
-0.0322412811 0.545018196 0.0164035186 162 210 243 
0.0272622779 0.250449568 0.557901859 198 243 252 
-0.0336810946 0.548648715 0.0421622023 162 209 243 
-0.0309884809 0.533576906 0.0860250071 161 211 245 
-0.0663294643 0.544815302 0.0960220471 160 208 241 
-0.032889802 0.538143873 0.122565813 161 209 243 
0.0165370107 0.297427267 0.528273165 201 248 254 
0.0106820017 0.322444439 0.519080877 195 248 253 
0.0264223218 0.254093558 0.555971384 198 243 252 
-0.0334685594 0.538829982 0.141512662 160 208 242 
-0.0322572663 0.529578686 0.18870455 158 213 247 
-0.0307528898 0.519175768 0.235237718 157 208 241 
-0.0704513565 0.51649195 0.238140106 158 212 244 
-0.0311672203 0.519531608 0.250305802 158 209 241 
0.00256773829 0.356807888 0.509752929 188 242 252 
-0.00307735801 0.380474508 0.50593102 182 238 251 
-0.0305234194 0.513782322 0.28463608 164 217 248 
-0.0281862356 0.50010711 0.329297662 165 221 249 
-0.024817463 0.482378542 0.371640891 165 222 247 
-0.0243961699 0.476231337 0.420608193 172 224 248 
-0.0323836356 0.475540519 0.421110123 172 223 247 
-0.0239036009 0.473488748 0.428470701 172 224 247 
-0.0113129914 0.415840566 0.491033763 174 229 244 
-0.0193880387 0.451134741 0.469563514 169 221 241 
-0.0211267732 0.458893239 0.463174731 168 220 242 
0.0849843025 0.205773681 0.567265272 191 233 245 
0.0134918392 0.549607813 0.0287288129 155 201 234 
0.0718857944 0.261017054 0.554741859 204 247 253 
0.0509806573 0.257937551 0.555363834 202 245 253 
0.0712222755 0.263816983 0.554091156 205 247 253 
0.0129838884 0.550851166 0.0382324532 155 200 234 
0.014503926 0.540386796 0.0847304687 159 207 242 
0.0140536353 0.537664235 0.135656476 155 200 234 
0.00553328544 0.539369345 0.137520283 156 201 234 
0.0136734396 0.538624048 0.142445415 155 201 234 
0.0606872141 0.309510946 0.529994965 201 248 253 
0.0549858809 0.334109426 0.518399715 193 247 253 
0.0145833343 0.531091094 0.184380114 157 207 242 
0.0174894407 0.515180409 0.227763116 152 204 240 
0.0180054009 0.50866127 0.27651763 158 206 238 
0.0036803931 0.51159519 0.279687792 160 209 240 
0.0180618688 0.506814659 0.294445366 160 210 240 
0.0469861627 0.367837638 0.510872006 185 242 253 
0.0412804186 0.391872704 0.505740404 184 239 252 
0.0185977817 0.501841843 0.325100392 162 214 242 
0.0215452015 0.485768914 0.36839056 163 219 245 
0.0243455395 0.470273852 0.412011296 163 216 242 
0.0270054638 0.455330491 0.455947548 163 215 237 
-0.00643856823 0.458980501 0.461608142 165 216 239 
0.0350430235 0.419257075 0.487798363 182 235 247 
0.128413051 0.221770823 0.558620334 194 239 248 
0.0647169501 0.533139825 0.0229128972 163 210 241 
0.0226344913 0.547994375 0.0356179178 156 201 234 
0.0620564073 0.540180445 0.0668212399 155 202 235 
0.118560404 0.263181657 0.550790429 201 246 253 
0.114586383 0.280134112 0.544858098 201 247 253 
0.0614206642 0.541599929 0.0802348927 154 201 234 
0.0646262616 0.52451247 0.122944809 161 208 241 
0.0654795915 0.516667783 0.170941174 156 203 234 
0.0446986184 0.526009202 0.178306341 156 203 235 
0.0642436743 0.519267797 0.198789895 159 205 237 
0.107482105 0.311202914 0.525773227 195 246 253 
0.0987288952 0.348550856 0.512614667 188 245 254 
0.0644374192 0.516270876 0.223197341 162 211 243 
0.0672115386 0.50087887 0.266876966 154 205 238 
0.0686411411 0.490769744 0.313578188 164 214 243 
0.0408180803 0.497744322 0.320429653 164 216 245 
0.0686036646 0.487599134 0.350531071 165 216 245 
0.0915417075 0.378328621 0.511682868 183 239 252 
0.0852259398 0.405311644 0.501798093 183 236 251 
0.0685736239 0.486543238 0.363643974 163 214 243 
0.0704705119 0.47459808 0.409295112 160 212 239 
0.0744065046 0.454640746 0.450363547 171 224 246 
0.0808906853 0.424670994 0.485705405 186 236 250 
0.111839578 0.534805417 0.00393887609 157 202 231 
0.172538221 0.234320551 0.556312859 197 240 249 
0.111751959 0.5338884 0.0181515887 159 205 235 
0.112023294 0.528330445 0.0674558952 158 203 232 
0.0789805204 0.538792729 0.0767781958 152 197 229 
0.11352852 0.517924249 0.113987155 158 204 234 
0.100750729 0.521222234 0.117185332 159 204 235 
0.113220051 0.517886698 0.12856555 159 204 234 
0.165072188 0.265986145 0.547204971 196 246 254 
0.157879502 0.296802938 0.534978449 193 248 254 
0.11417599 0.510888338 0.162446111 161 208 240 
0.115367308 0.501715481 0.209682852 159 206 236 
0.0814924985 0.512075067 0.219040722 161 208 240 
0.115377814 0.497182429 0.259573311 163 211 243 
0.114801899 0.497297555 0.259699225 163 211 243 
0.115387425 0.497072518 0.260353208 163 211 243 
0.152580142 0.319562316 0.525364995 187 244 253 
0.143121764 0.359775424 0.512743115 179 239 251 
0.117408395 0.484711945 0.304923922 165 212 243 
0.118572205 0.475647271 0.352222532 158 209 239 
0.0801906288 0.484434307 0.361220211 165 215 244 
0.118332669 0.47240755 0.399219692 166 216 244 
0.138414472 0.379714698 0.507286191 175 235 249 
0.12846911 0.422227681 0.491464108 178 229 247 
0.118259013 0.472386032 0.402840436 166 215 244 
0.120306253 0.459850103 0.448153585 169 220 246 
0.126392007 0.431445807 0.484390825 178 227 245 
0.161367476 0.524497509 0.00759094954 161 205 231 
0.131604537 0.533175945 0.0155825093 157 201 230 
0.160695285 0.523936868 0.0446805432 164 210 238 
0.21625188 0.248907477 0.550260425 184 235 246 
0.161173493 0.520767868 0.0579409674 168 216 245 
0.161697552 0.5142169 0.106677271 176 220 244 
0.161380231 0.510971904 0.157304496 167 214 243 
0.155417144 0.511614025 0.158309042 166 214 243 
0.161320075 0.510759175 0.162430197 167 215 243 
0.210802972 0.271859258 0.545374691 182 237 248 
0.200749904 0.315564305 0.521252275 182 242 254 
0.162678793 0.501377702 0.204300195 168 216 246 
0.164505363 0.489708871 0.250109315 166 214 243 
0.165139005 0.482727289 0.298599333 162 211 241 
0.156320989 0.484507143 0.300536513 163 211 241 
0.164939001 0.482759148 0.307427406 161 210 241 
0.1991615 0.322093427 0.521623194 180 241 253 
0.188153893 0.367835283 0.518689156 175 233 250 
0.166168094 0.474191904 0.346200675 158 209 240 
0.167014986 0.46637249 0.394211501 158 207 238 
0.121634454 0.471625686 0.402055889 166 216 244 
0.167142048 0.461768329 0.43953976 156 205 238 
0.173328847 0.432580054 0.479850143 163 215 239 
0.154229611 0.433835447 0.482631773 169 219 242 
0.168736339 0.453875899 0.454048306 157 207 238 
0.184224039 0.385278344 0.505278885 175 234 250 
0.167235419 0.461014509 0.443630129 155 205 238 
0.211477637 0.508670986 0.0458326414 166 211 238 
0.168438271 0.519251466 0.056317769 167 214 243 
0.210369617 0.509015679 0.0928720161 167 211 242 
0.259599447 0.265686452 0.536654651 193 244 254 
0.256277025 0.266434312 0.537426591 192 244 254 
0.258923292 0.26865384 0.534723401 192 244 254 
0.21030423 0.508789837 0.0983837917 167 211 243 
0.210209161 0.504671574 0.148511499 159 207 233 
0.211645335 0.494536638 0.19519797 167 214 243 
0.195839256 0.498558074 0.199122429 167 214 243 
0.211446464 0.4936001 0.214735627 166 215 244 
0.245632559 0.325057775 0.51812923 174 234 252 
0.226873457 0.323351026 0.519262135 177 237 252 
0.244768023 0.328643769 0.51797086 174 234 251 
0.211664557 0.489969254 0.245068789 166 215 242 
0.21430552 0.475100458 0.289047658 166 216 242 
0.212674767 0.477434695 0.337977558 162 215 245 
0.239879668 0.347662359 0.531058013 171 228 246 
0.231077403 0.365562409 0.54176265 169 224 242 
0.235154152 0.366151989 0.542545915 169 224 242 
0.212569505 0.477429926 0.342863172 163 215 245 
0.214247853 0.466343522 0.389005482 162 215 243 
0.216084957 0.454633176 0.43479082 158 210 238 
0.171803147 0.460928857 0.443081588 155 205 238 
0.222083092 0.426573098 0.471224934 172 223 242 
0.229743212 0.391982853 0.503924072 167 224 244 
0.234914929 0.367170036 0.542215526 169 223 242 
0.261636436 0.492653579 0.0839651003 164 210 240 
0.215351641 0.507766724 0.0972725675 167 211 242 
0.25946027 0.496984035 0.135751843 169 213 241 
0.306058526 0.268698037 0.533187687 191 243 251 
0.303088754 0.281004012 0.532782674 189 243 252 
0.259440094 0.49679175 0.138815135 169 213 241 
0.261631548 0.483689249 0.183804274 164 209 239 
0.262572974 0.47549817 0.23160252 166 212 242 
0.236839324 0.485642046 0.239948452 169 218 245 
0.261538118 0.476613164 0.266724586 172 221 247 
0.278723001 0.335900843 0.520391524 176 232 248 
0.289486527 0.338256299 0.521062672 177 232 248 
0.261990577 0.473294854 0.28282547 172 222 247 
0.263742745 0.461918294 0.328801781 165 220 243 
0.21692124 0.476335168 0.341789454 163 215 245 
0.262666196 0.46165663 0.381135315 167 220 246 
0.25812456 0.463468313 0.382619917 167 220 246 
0.262456656 0.461981177 0.387147635 169 221 246 
0.276842803 0.392477602 0.499017566 174 226 244 
0.250205994 0.393032193 0.50224632 168 223 243 
0.273814231 0.405756235 0.490504652 174 226 244 
0.289280087 0.339116514 0.520980716 176 232 247 
0.237139314 0.367029667 0.541894734 169 223 241 
0.263775885 0.452804506 0.428555459 179 227 244 
0.267816842 0.432434678 0.469388038 175 225 243 
0.311144203 0.479194194 0.123560674 162 209 238 
0.261816651 0.496173441 0.138217628 168 213 240 
0.309726387 0.480273396 0.176661104 159 209 239 
0.296529025 0.481735498 0.178906679 161 209 240 
0.310884982 0.473397911 0.199871987 163 212 242 
0.347129494 0.293971688 0.529706836 182 238 250 
0.312286347 0.46572274 0.220821947 166 215 244 
0.313058764 0.458195925 0.269000113 168 217 243 
0.272052765 0.471325397 0.280648381 171 221 247 
0.313638657 0.451425672 0.317611009 170 220 246 
0.29908967 0.455029637 0.32117027 170 222 246 
0.313500464 0.450365365 0.335737556 170 220 245 
0.335658818 0.342443824 0.517694294 183 239 252 
0.292943835 0.339342892 0.520701289 177 232 248 
0.333337307 0.352164298 0.51625824 181 236 251 
0.313770771 0.446414769 0.36722821 170 220 245 
0.310079783 0.457214385 0.416672677 171 222 246 
0.32326445 0.395636201 0.495634705 168 225 241 
0.317060679 0.42265594 0.480200559 173 226 241 
0.30983454 0.457389325 0.425988287 171 222 245 
0.313602418 0.438092589 0.467434615 175 227 245 
0.359456569 0.470431983 0.165842801 168 218 243 
0.359185249 0.467006117 0.216366529 166 214 241 
0.327946454 0.466500044 0.219523966 166 215 243 
0.358935833 0.466513634 0.233289421 168 215 240 
0.390485287 0.310330182 0.520397663 185 239 250 
0.359940439 0.459546983 0.264583379 171 219 242 
0.360590249 0.452501982 0.313037157 159 208 236 
0.361297995 0.445229232 0.361360639 167 218 243 
0.353807241 0.445433825 0.362295091 167 218 243 
0.36123848 0.445029855 0.366308033 167 218 243 
0.379090667 0.357350111 0.521030545 175 227 244 
0.378097206 0.361571848 0.519726932 174 227 244 
0.360998333 0.441914886 0.411948174 170 217 240 
0.320001245 0.455605328 0.423900634 170 220 243 
0.360063612 0.44109568 0.463962823 174 220 237 
0.356349945 0.441563427 0.464625329 175 221 238 
0.369612724 0.399083048 0.49241665 173 227 242 
0.408427089 0.459083438 0.206645638 165 217 241 
0.407051623 0.459996194 0.259650856 153 205 235 
0.400862634 0.461309075 0.261045128 155 206 236 
0.406805098 0.460528493 0.265054077 154 205 235 
0.433232546 0.329700977 0.505551159 179 231 246 
0.407506257 0.453718126 0.308543265 165 213 239 
0.40820387 0.446485192 0.356889546 166 212 237 
0.408290297 0.443091422 0.390633702 174 219 241 
0.430743992 0.339951962 0.505890131 175 228 244 
0.419861466 0.385809124 0.495934337 167 220 238 
0.408765018 0.439788401 0.405542463 176 221 241 
0.41153869 0.424398124 0.449223071 167 220 238 
0.416813761 0.39917931 0.487282246 172 224 240 
0.457144499 0.448729873 0.248017579 166 213 237 
0.45435214 0.45613873 0.293886036 162 210 235 
0.443908572 0.334689021 0.501580596 174 226 242 
0.475202441 0.352920473 0.483629555 169 218 235 
0.453936696 0.456842065 0.305140555 164 212 237 
0.456594169 0.441908479 0.34908241 173 219 244 
0.459720016 0.42513451 0.391971618 170 216 238 
0.417483807 0.438006461 0.403615028 176 221 241 
0.457512915 0.430406749 0.43471393 167 213 232 
0.467579544 0.385268897 0.47413668 161 209 225 
0.434919178 0.3965469 0.483860701 160 212 228 
0.460146487 0.417369246 0.458680481 158 206 223 
0.457304657 0.430133164 0.447313815 167 214 233 
0.46136421 0.453113228 0.302295923 165 213 238 
0.476563632 0.433952332 0.342559963 184 228 247 
0.491590917 0.414749742 0.382820219 180 226 239 
0.496344149 0.393060386 0.422856718 169 216 234 
0.488048732 0.3682127 0.462608963 175 222 238 
0.465220392 0.426720917 0.444587797 169 216 233 
-0.897585988 -0.00304087996 0.412914574 128 166 180 
-0.891981602 -0.0295537412 0.450233668 150 188 199 
-0.866804063 0.0705536306 0.344851464 170 207 217 
-0.859933555 0.0390658677 0.379325122 178 218 223 
-0.856836498 0.0224049985 0.42227897 171 209 216 
-0.849149048 -0.0122927129 0.454916745 169 209 218 
-0.850428998 -0.0117552578 0.507707298 161 192 201 
-0.859389424 -0.00360515714 0.513125479 168 199 206 
-0.853837073 0.00259009004 0.504764318 165 197 205 
-0.849433661 -0.0192088187 0.54483664 164 197 203 
-0.855086207 0.00654402375 0.518173635 157 187 194 
-0.821277976 0.0772310793 0.343481213 142 177 193 
-0.818765283 0.0628663599 0.38774845 152 188 201 
-0.839406848 0.0469111502 0.43369475 162 199 208 
-0.820307434 0.067592144 0.406034946 156 192 204 
-0.823233962 0.027985841 0.473980039 177 214 220 
-0.798962831 -0.0284177661 0.492987603 168 199 207 
-0.803779483 -0.0139837861 0.553726375 183 218 223 
-0.817020357 -0.0161898732 0.553981304 178 213 218 
-0.803778648 -0.0142325163 0.556451201 184 218 224 
-0.82391113 0.0785938799 0.449227005 158 195 208 
-0.818281531 0.051982075 0.486489505 169 206 214 
-0.811204016 0.0196808279 0.520497799 164 198 208 
-0.804375768 -0.0116408765 0.555066407 183 218 224 
-0.77738446 0.0948151648 0.295865864 148 189 206 
-0.776583314 0.0871753991 0.343979418 149 186 202 
-0.783661366 0.0832437873 0.39497605 161 195 207 
-0.777445912 0.0863974392 0.392227918 162 195 207 
-0.756900609 -0.0126217902 0.54931587 158 195 202 
-0.756124854 -0.019150883 0.586254835 149 186 196 
-0.777386487 0.0858395696 0.395698577 162 195 207 
-0.775570273 0.0742113292 0.441530913 143 178 191 
-0.774527609 0.0656226277 0.489101797 145 180 192 
-0.771616757 0.0496934056 0.53247416 142 175 187 
-0.786228895 0.032456845 0.577060938 174 211 219 
-0.772757649 0.053103596 0.546956658 146 181 191 
-0.767718077 0.0281555057 0.592818081 176 213 220 
-0.776709616 0.065212816 0.593833745 167 204 213 
-0.734350204 0.0678535998 0.538258016 164 194 207 
0.822319686 -0.0138047636 -0.514941692 186 215 221 
0.817771375 0.0262881517 -0.492631823 179 209 217 
0.839886606 0.00880116224 -0.452217162 172 208 215 
0.0774151683 0.042509824 0.566050529 143 172 193 
0.0781417787 0.0373993516 0.589481652 140 171 192 
0.0771764964 0.0367003083 0.641565025 136 171 193 
0.0792177618 0.0241878629 0.686891675 138 175 196 
0.0674460977 0.0241421759 0.68816036 137 175 196 
0.0843779147 -0.000579535961 0.725209057 139 176 197 
0.0585490614 -0.000851124525 0.727899551 136 174 195 
0.0889692307 -0.0231117904 0.76480478 148 190 209 
0.0593363345 -0.0235003829 0.767849684 150 191 211 
0.0883429796 -0.0216723382 0.777560532 148 190 209 
0.0842107534 -0.00890633464 0.825412869 172 212 228 
0.131077707 0.0179302394 0.538471401 131 166 191 
0.128915995 0.0234555304 0.576316953 138 171 193 
0.0920699984 0.0345880687 0.586421788 137 169 189 
0.126721889 0.0294086933 0.610896409 141 174 195 
0.126240462 0.0294765234 0.632243931 143 177 198 
0.126849711 0.0225908756 0.680788755 150 185 205 
0.130122781 0.0052383244 0.723347127 143 181 204 
0.132741764 -0.00954416394 0.76737541 152 191 210 
0.132556871 -0.00956183672 0.776060402 151 191 210 
0.106975168 0.109666616 0.62562573 142 183 203 
0.131054908 -0.00740790367 0.821080446 158 196 215 
0.132637247 -0.0181171 0.867438376 170 211 223 
0.181227654 0.00347080827 0.559697151 135 174 202 
0.15877825 0.00954049826 0.565465868 139 174 199 
0.180087656 0.00629809499 0.580616832 137 176 203 
0.177972078 0.0117708147 0.616927624 141 178 203 
0.142667353 0.0239949524 0.627456903 144 177 200 
0.177057624 0.0112133026 0.665106773 152 190 213 
0.176940084 0.011334002 0.669160903 152 191 213 
0.17740947 0.00499790907 0.718020201 156 197 218 
0.17664063 0.00352698565 0.769662023 175 211 226 
0.180805296 -0.0173288286 0.810216665 166 203 221 
0.179674834 -0.017213136 0.810403824 166 203 221 
0.180801213 -0.0174038708 0.811238527 166 203 221 
0.151650697 0.119686097 0.626166999 145 184 203 
0.178283632 -0.0119123757 0.865797698 161 201 216 
0.181828111 -0.0303313136 0.907746136 154 195 208 
0.234707236 -0.0211030245 0.54045254 134 178 207 
0.21910733 -0.0170511007 0.544370949 133 176 206 
0.234223068 -0.0206225216 0.557341158 136 178 208 
0.231539369 -0.0131474435 0.597486019 138 180 207 
0.20442313 -0.00225135684 0.606393099 137 179 206 
0.230371833 -0.011642009 0.634358048 149 190 213 
0.229677439 -0.0103233159 0.651584446 154 195 216 
0.1793347 0.01003021 0.668188512 152 191 214 
0.228571296 -0.0104688108 0.703984439 153 194 215 
0.211435854 -0.00503978133 0.70882076 152 195 216 
0.227613568 -0.00807198882 0.721320808 153 195 215 
0.199551582 0.120762169 0.578013599 148 186 202 
0.224988341 -0.000882267952 0.761950672 158 200 220 
0.185302675 -0.0158509314 0.810526431 165 203 220 
0.224254489 -0.00152790546 0.802816451 157 198 215 
0.197722346 0.124219924 0.623570681 159 199 212 
0.223551631 0.000271052122 0.815093517 155 196 213 
0.22510308 -0.0103167892 0.861520886 151 192 209 
0.226495862 -0.0202811658 0.90830493 156 200 216 
0.280594081 -0.0158429444 0.538271606 139 179 206 
0.280150294 -0.0169936717 0.57143271 139 181 207 
0.279842734 -0.0173827112 0.589874148 140 182 207 
0.277382135 -0.0122061968 0.645318031 149 191 212 
0.255490333 -0.0127306879 0.647438347 152 193 214 
0.27760759 -0.0144911408 0.660357773 151 192 213 
0.276079893 -0.0115811825 0.698158741 150 190 211 
0.272910863 -0.00132489204 0.729680061 149 188 209 
0.271256477 0.00287950039 0.758912742 156 196 214 
0.272063106 -0.00478169322 0.807014108 153 193 210 
0.240232766 -0.00255548954 0.811722875 156 196 213 
0.272657156 -0.0101537704 0.839435458 159 197 212 
0.24169451 0.137003213 0.625692666 162 201 217 
0.243723154 0.12454024 0.671047628 167 207 224 
0.272841364 -0.0123315752 0.855179012 160 199 214 
0.274368346 -0.0228232443 0.901661515 168 209 223 
0.327371359 -0.00968548656 0.485235065 142 186 214 
0.327333272 -0.0139321983 0.534174979 138 182 209 
0.326939642 -0.016877532 0.584973633 157 201 220 
0.310374081 -0.0178004801 0.586291909 152 196 217 
0.326650292 -0.0162006319 0.590737104 158 203 221 
0.324039131 -0.00997248292 0.641406178 143 186 206 
0.322918296 -0.00781041384 0.668839097 138 180 202 
0.32073921 -0.00149798393 0.698736429 140 180 201 
0.318563163 0.00366464257 0.741270244 160 200 214 
0.288741469 0.141210258 0.581948996 157 200 216 
0.317111075 0.00826609135 0.756804168 160 200 215 
0.31908831 -0.0039948523 0.802274704 153 192 208 
0.319894463 -0.0116542876 0.850376964 158 199 215 
0.297216982 -0.01160267 0.852896988 160 200 215 
0.320030808 -0.0136855841 0.866690218 152 193 210 
0.2887052 0.137847245 0.620985925 149 195 214 
0.292207479 0.119594008 0.663029134 152 196 217 
0.320152462 -0.0171598494 0.899711251 143 183 200 
0.323008567 -0.0328738689 0.943206668 150 187 204 
0.373039633 -0.0047749579 0.496970445 144 188 215 
0.372629791 -0.00635269284 0.533320665 148 190 214 
0.366318226 -0.00425958633 0.587510467 156 205 220 
0.370625079 -0.00290647149 0.587061167 156 205 219 
0.370564401 -0.00272920728 0.587876379 156 205 220 
0.37011975 -0.00547388196 0.638789713 142 186 205 
0.368924797 -0.00457409024 0.683652163 133 173 195 
0.368036389 -0.00177964568 0.693385839 135 174 195 
0.365498424 0.0037008822 0.749003649 132 171 193 
0.346327424 0.00476998091 0.751691818 144 184 203 
0.367389172 -0.00705683231 0.78174156 146 186 204 
0.337474316 0.131782025 0.612327456 149 194 217 
0.331469446 0.133726925 0.614045322 147 193 215 
0.337157547 0.132518053 0.618689895 145 191 214 
0.367864698 -0.010088563 0.793599904 152 192 208 
0.36876896 -0.0181335807 0.841481626 156 193 209 
0.370697051 -0.0302012265 0.887062669 164 204 217 
0.343657076 -0.023202002 0.893841505 143 183 200 
0.370567977 -0.0328781605 0.922733784 160 198 210 
0.337124944 0.128662795 0.663026631 136 180 204 
0.335858941 0.129145473 0.715785861 122 162 189 
0.369110674 -0.0284597576 0.940541863 158 195 209 
0.418851405 -0.000574618578 0.510011435 148 193 219 
0.417320848 0.00360581279 0.533827007 153 197 220 
0.418702722 -0.00631585717 0.580635548 141 187 208 
0.371778965 -0.00293785334 0.587629437 156 204 219 
0.417864084 -0.00577166677 0.613090396 140 183 203 
0.416300833 -0.00137004256 0.635947466 139 181 199 
0.413638413 0.0050625205 0.686699748 131 171 191 
0.413112432 0.00666624308 0.693027079 131 171 190 
0.414036155 -0.001455158 0.740865111 153 186 201 
0.415573061 -0.0119858682 0.787325263 153 190 204 
0.3764112 -0.0107882917 0.792280138 154 193 208 
0.42179209 -0.0409136713 0.82326299 169 207 218 
0.399752975 -0.0279783905 0.832721412 159 198 213 
0.422067881 -0.0464892685 0.872557223 164 206 219 
0.420116305 -0.0458894074 0.873097956 165 207 219 
0.421928108 -0.0460597575 0.874202073 165 207 219 
0.385662615 0.127998948 0.60497421 148 195 217 
0.38552773 0.124053091 0.655013144 137 180 203 
0.415323555 -0.0234491527 0.926162839 126 159 175 
0.385521591 0.124061227 0.65520525 137 179 203 
0.386341304 0.116348535 0.703277111 131 171 195 
0.412580043 -0.0137009621 0.943793774 132 164 179 
0.465402365 0.000242173672 0.526713729 142 187 209 
0.463340104 0.000869899988 0.527281821 142 187 209 
0.465331912 0.000315159559 0.529138029 141 186 208 
0.464325666 -1.89840794e-05 0.579047561 140 182 203 
0.462725699 0.00313237309 0.617484629 141 185 202 
0.461654842 0.00598374009 0.634963989 141 184 200 
0.464077175 -0.00802618265 0.67943418 141 181 196 
0.420862108 0.00445654988 0.690973461 131 170 190 
0.46192348 -0.0029810667 0.722248316 142 178 193 
0.461219132 -0.00128802657 0.735771298 145 179 194 
0.464686275 -0.0194031596 0.777893484 156 191 203 
0.469253719 -0.0418414176 0.817542851 181 213 223 
0.446189582 -0.039578557 0.873665929 177 213 224 
0.466131747 -0.0338985622 0.872608662 187 219 228 
0.431791008 0.132309854 0.602250397 139 184 209 
0.434220731 0.118270904 0.646704018 142 182 204 
0.385809422 0.12403968 0.655161917 137 179 203 
0.432181954 0.124082953 0.675720453 127 169 193 
0.465965092 -0.0334115326 0.874847651 188 219 228 
0.458661258 -0.00700107217 0.916689098 187 224 230 
0.43061626 0.127942145 0.704718649 134 173 195 
0.432231605 0.117103159 0.751002491 133 169 188 
0.433474243 0.10772875 0.798123896 136 170 190 
0.453721881 0.0102032721 0.952276468 179 212 219 
0.511443079 0.00489762425 0.524186969 143 186 206 
0.510568082 0.00736489892 0.536940932 144 187 207 
0.509582579 0.00771617889 0.578282297 143 186 206 
0.511557877 -0.00453710556 0.623757124 141 180 197 
0.485999465 0.00186863542 0.630050302 141 182 198 
0.514493823 -0.020565033 0.667073071 135 173 191 
0.503003716 -0.0168554485 0.670353651 136 175 192 
0.513732493 -0.0183852017 0.677802205 138 176 194 
0.511636972 -0.0138314664 0.723407507 144 182 195 
0.475994349 -0.00503885746 0.732107282 141 177 191 
0.514005363 -0.0276294053 0.767998934 168 197 206 
0.495479047 -0.0231625736 0.772464633 159 188 198 
0.514252067 -0.0310419798 0.794594288 181 213 221 
0.476384997 0.146332026 0.562057495 162 209 230 
0.513989151 -0.0320573449 0.817949474 192 228 235 
0.511891067 -0.0283053815 0.872578621 197 231 238 
0.471824765 -0.0333737433 0.874224305 189 221 229 
0.511868477 -0.0293268859 0.88496691 190 224 232 
0.478353083 0.134916723 0.598551929 149 193 216 
0.480135381 0.123421699 0.644460559 138 177 199 
0.48159349 0.113200575 0.691097677 127 166 189 
0.466121912 0.120638937 0.69684422 122 161 186 
0.481270075 0.112063855 0.718577325 119 158 182 
0.502460778 0.00716045499 0.911418557 169 201 207 
0.482223153 0.10623467 0.739596725 119 158 182 
0.486346185 0.0855424106 0.780244827 127 164 182 
0.490360618 0.0652767718 0.821137071 138 174 190 
0.488788724 0.0669614077 0.874583662 160 192 205 
0.493492842 0.0439859331 0.913925946 170 209 220 
0.496474862 0.0277769864 0.9571383 183 214 223 
0.559845388 0.000273734331 0.516352832 147 190 207 
0.559597969 -0.00324580073 0.566823065 151 187 205 
0.551659644 -0.000592797995 0.569138527 150 188 206 
0.560580432 -0.00922933221 0.58820802 149 186 201 
0.561119497 -0.0137161016 0.613317668 145 182 195 
0.561361909 -0.0191604793 0.662686944 151 185 197 
0.563667297 -0.032710582 0.707420111 163 198 209 
0.548398852 -0.0287077129 0.711275399 165 201 212 
0.563059628 -0.0315870345 0.722833157 169 205 214 
0.560270607 -0.0238558948 0.76496774 176 210 217 
0.559222221 -0.0226749778 0.799975753 189 223 227 
0.529016972 0.121406406 0.585635185 144 184 205 
0.491970062 0.131381154 0.595132291 142 186 210 
0.528290451 0.120365977 0.630552471 124 164 187 
0.557213664 -0.0163361728 0.821751833 184 219 223 
0.55532515 -0.0134076178 0.875910044 197 238 241 
0.55527252 -0.0132071674 0.876096725 197 238 241 
0.528260708 0.11988607 0.637248874 124 163 187 
0.533107698 0.0963493884 0.676270127 135 175 193 
0.534774303 0.085308969 0.722438693 137 175 194 
0.49259001 0.104205519 0.737353742 123 163 186 
0.539874613 0.0607767403 0.760890543 141 178 192 
0.496544421 0.0823228359 0.777372777 129 166 183 
0.5408113 0.0526045859 0.808699667 142 177 191 
0.503954649 0.0612765849 0.817467213 135 171 188 
0.543334246 0.0381994545 0.852943659 153 185 198 
0.532949686 0.0454548299 0.858031631 151 183 198 
0.555209935 -0.0129550099 0.876168907 197 238 241 
0.527282953 0.0212433636 0.897841215 161 195 204 
0.607772887 -0.00177955627 0.501750112 145 184 200 
0.60769099 -0.00216293335 0.509769678 146 184 200 
0.607722282 -0.00677779317 0.559613466 139 175 191 
0.606833696 -0.00721487403 0.605267227 136 170 185 
0.606525362 -0.0065664351 0.612217486 135 169 184 
0.60732305 -0.0141927004 0.660338819 141 176 187 
0.611295462 -0.0342928767 0.701325595 162 191 200 
0.609066248 -0.0283516943 0.73764801 162 198 205 
0.577349663 -0.00334635377 0.774247944 193 228 233 
0.598908961 0.0118465424 0.757277966 192 227 232 
0.577609539 0.116034776 0.577373385 134 176 198 
0.580486536 0.100238472 0.620821893 144 183 201 
0.533656418 0.118631184 0.635973334 124 163 187 
0.584522963 0.0798865855 0.661664665 138 178 196 
0.534454346 0.0959844887 0.675923645 135 176 193 
0.585837781 0.0702284873 0.708623886 141 180 195 
0.564375997 0.0803869665 0.716508389 139 178 194 
0.590356171 0.0479828417 0.748383582 155 191 203 
0.558249474 0.0560642779 0.75630784 144 180 194 
0.570200145 0.0361170173 0.79650116 156 191 202 
0.585933089 0.0170852542 0.836776733 144 175 181 
0.555311739 -0.0131662786 0.876042783 197 239 241 
0.655559659 -0.00469008088 0.503134847 142 178 192 
0.617967784 -0.00289735198 0.508240879 145 183 198 
0.656836689 -0.0136781931 0.544385493 130 167 183 
0.656831622 -0.0141798258 0.550190389 128 166 181 
0.658676445 -0.0259203017 0.595958471 166 199 208 
0.612468123 -0.00871434808 0.610396028 134 168 183 
0.656517386 -0.0219285786 0.650724828 129 160 172 
0.654414833 -0.0214012861 0.651242673 127 158 171 
0.660688639 -0.0428101718 0.691264629 137 171 183 
0.660293043 -0.0428183377 0.69130367 137 171 183 
0.666470587 -0.0700208843 0.728184581 155 188 196 
0.651435912 -0.0678019822 0.731043756 151 184 193 
0.666361988 -0.0709174573 0.743132472 155 188 196 
0.660540462 -0.0422280431 0.691597581 137 171 183 
0.633468986 -0.00811704993 0.713128328 179 212 218 
0.64919585 0.00397762656 0.698980033 170 204 211 
0.661446571 -0.0502802432 0.73947531 149 179 187 
0.631245673 0.0908456743 0.557776928 150 191 208 
0.58652693 0.113074154 0.574782968 134 176 197 
0.634866595 0.0721263289 0.599553525 147 184 201 
0.595513403 0.0924094021 0.614911675 147 184 201 
0.633754194 0.0720054507 0.651967525 144 181 197 
0.621019423 0.075743109 0.655400217 143 181 198 
0.639432609 0.0452017784 0.689120293 158 195 205 
0.6178146 0.0521275699 0.695263386 153 190 202 
0.64170289 0.0317896307 0.733932316 147 181 191 
0.640453398 0.0371720791 0.73148495 146 180 191 
0.6410712 0.0341137648 0.737107038 145 180 190 
0.640291572 0.037334919 0.737103939 145 179 190 
0.706387758 -0.0188454688 0.489849061 145 177 190 
0.706077814 -0.0221195519 0.540459752 162 201 211 
0.659568071 -0.0156681538 0.549080014 130 167 183 
0.708286583 -0.0352901518 0.58540988 146 174 185 
0.684071779 -0.032577008 0.58954668 160 190 199 
0.707814753 -0.035053432 0.604441285 157 188 197 
0.704109728 -0.0233698785 0.644710958 154 187 196 
0.662637472 -0.0422508717 0.691354752 138 172 184 
0.703649104 -0.0245164931 0.678596973 153 187 197 
0.685053885 -0.0596649945 0.731775999 158 190 198 
0.684135914 0.0685875118 0.539856791 137 173 190 
0.648481727 0.0868760347 0.553723454 151 191 207 
0.685909808 0.057125777 0.585784435 146 181 196 
0.662388623 0.0674022138 0.593959391 150 186 202 
0.685688555 0.0543113649 0.627215028 141 174 187 
0.692987382 0.0181791484 0.69363606 130 159 171 
0.685832202 0.0529388189 0.635872841 142 174 186 
0.68159771 0.0650853515 0.695303321 146 181 192 
0.663302422 0.0402977765 0.73618716 136 168 181 
0.756176174 -0.0289158523 0.478899807 170 201 210 
0.711044848 -0.0215625167 0.487859279 147 179 191 
0.753860116 -0.0219246745 0.507543921 149 182 192 
0.749476612 -0.00708347559 0.543870211 163 196 205 
0.753645957 -0.027957648 0.584414303 151 180 190 
0.752814233 -0.0268320143 0.610090375 149 177 186 
0.733887434 0.0586623251 0.528990567 139 174 190 
0.716989994 0.0622641444 0.532806754 136 172 189 
0.733968198 0.056379348 0.550650418 150 186 198 
0.748984814 -0.0141346157 0.644803643 136 164 174 
0.75179559 -0.0296706259 0.688400924 131 158 169 
0.712818503 -0.0301049054 0.692447782 153 186 196 
0.750866473 -0.0272742808 0.704428852 128 162 174 
0.733481586 0.0557651222 0.579816759 162 196 205 
0.736780405 0.0383113325 0.622317135 147 182 192 
0.693690658 0.052138865 0.634574175 140 173 185 
0.737406373 0.0313601792 0.670824587 123 152 164 
0.73307991 0.0388329327 0.67536509 121 149 163 
0.72289139 0.0135270357 0.715076149 126 157 167 
0.735695601 0.0377434194 0.678433895 121 150 162 
0.741223812 0.0103762448 0.728742301 132 169 179 
0.736234963 0.0314709842 0.723371148 132 166 177 
0.796850622 -0.0419876873 0.46731934 171 205 214 
0.790298402 -0.0252195895 0.529518604 143 180 188 
0.763800263 -0.013279289 0.591283321 170 202 211 
0.7524212 0.0480001569 0.573511481 159 194 203 
0.751944005 0.0250448287 0.613434017 148 182 191 
0.749692321 0.00165995955 0.653317988 136 164 174 
0.782387674 -0.013266176 0.69396311 128 152 164 
0.759450376 0.0223758817 0.715872467 134 167 175 
3 2 0 1 
3 0 3 1 
3 2 1 4 
3 1 3 4 
3 2 6 5 
3 0 2 5 
3 0 5 7 
3 3 0 7 
3 4 8 9 
3 4 9 2 
3 2 9 6 
3 8 4 3 
3 8 3 10 
3 10 3 7 
3 9 8 11 
3 8 10 11 
3 16 12 13 
3 16 13 14 
3 14 13 15 
3 14 15 17 
3 15 18 17 
3 20 18 21 
3 20 19 18 
3 19 17 18 
3 19 20 22 
3 26 24 25 
3 23 24 26 
3 23 27 24 
3 24 27 28 
3 28 27 29 
3 30 28 29 
3 20 21 31 
3 22 20 31 
3 22 31 32 
3 32 31 33 
3 33 34 32 
3 35 34 33 
3 29 36 30 
3 36 37 30 
3 34 35 39 
3 38 34 39 
3 39 40 38 
3 41 40 39 
3 43 42 44 
3 42 43 37 
3 42 37 45 
3 45 37 36 
3 40 41 47 
3 46 40 47 
3 46 47 48 
3 47 49 48 
3 44 42 50 
3 44 50 49 
3 49 50 48 
3 42 45 50 
3 51 16 14 
3 53 51 14 
3 53 14 52 
3 52 14 17 
3 52 17 54 
3 17 19 54 
3 19 55 54 
3 22 55 19 
3 56 23 26 
3 58 23 56 
3 58 57 23 
3 57 27 23 
3 60 29 27 
3 60 27 59 
3 59 27 57 
3 59 61 60 
3 55 22 32 
3 62 55 32 
3 32 63 62 
3 34 63 32 
3 64 29 60 
3 64 65 29 
3 65 36 29 
3 60 61 64 
3 38 66 67 
3 38 67 34 
3 34 67 63 
3 38 40 66 
3 65 68 36 
3 68 45 36 
3 67 66 69 
3 71 46 70 
3 69 46 71 
3 69 40 46 
3 69 66 40 
3 70 72 73 
3 70 46 72 
3 46 48 72 
3 72 48 74 
3 48 50 74 
3 74 50 45 
3 68 74 45 
3 71 70 75 
3 70 73 75 
3 77 53 52 
3 76 77 52 
3 76 52 78 
3 52 54 78 
3 54 79 78 
3 55 79 54 
3 80 57 58 
3 80 59 57 
3 80 83 59 
3 80 82 83 
3 81 59 83 
3 59 81 61 
3 62 84 85 
3 62 85 55 
3 55 85 79 
3 62 63 84 
3 81 65 64 
3 81 83 65 
3 83 86 65 
3 81 64 61 
3 85 84 87 
3 84 88 87 
3 84 63 88 
3 63 67 88 
3 86 89 65 
3 89 68 65 
3 88 67 69 
3 90 88 69 
3 69 91 90 
3 71 91 69 
3 72 92 73 
3 92 93 94 
3 92 72 93 
3 72 74 93 
3 93 74 68 
3 89 93 68 
3 91 71 75 
3 95 91 75 
3 73 92 96 
3 73 96 75 
3 75 96 95 
3 92 94 96 
3 98 77 76 
3 97 98 76 
3 97 76 99 
3 76 78 99 
3 78 100 99 
3 79 100 78 
3 101 102 82 
3 102 83 82 
3 104 103 100 
3 104 100 85 
3 85 100 79 
3 103 104 105 
3 102 106 83 
3 106 86 83 
3 104 85 87 
3 87 105 104 
3 87 88 105 
3 88 107 105 
3 110 109 108 
3 108 109 89 
3 108 89 106 
3 106 89 86 
3 90 111 112 
3 90 112 88 
3 88 112 107 
3 90 91 111 
3 109 94 93 
3 109 110 94 
3 110 113 94 
3 109 93 89 
3 112 111 114 
3 111 91 95 
3 111 95 114 
3 114 95 115 
3 115 95 116 
3 95 96 116 
3 116 96 94 
3 113 116 94 
3 117 98 97 
3 119 117 97 
3 119 97 118 
3 118 97 99 
3 121 99 100 
3 121 120 99 
3 120 118 99 
3 120 121 122 
3 124 125 123 
3 124 102 125 
3 102 101 125 
3 123 126 124 
3 121 100 103 
3 103 122 121 
3 103 105 122 
3 105 127 122 
3 130 129 128 
3 129 131 128 
3 129 102 131 
3 129 106 102 
3 124 131 102 
3 124 126 131 
3 127 105 132 
3 132 105 107 
3 129 110 108 
3 129 130 110 
3 130 133 110 
3 129 108 106 
3 135 134 132 
3 135 132 112 
3 112 132 107 
3 134 135 136 
3 133 137 110 
3 137 113 110 
3 135 112 114 
3 136 135 114 
3 136 114 138 
3 138 114 115 
3 138 115 139 
3 115 116 139 
3 139 116 113 
3 137 139 113 
3 141 119 118 
3 140 141 118 
3 140 118 142 
3 118 120 142 
3 120 143 142 
3 122 143 120 
3 144 123 125 
3 123 144 145 
3 123 145 126 
3 126 145 146 
3 143 122 147 
3 147 122 127 
3 128 148 130 
3 148 149 150 
3 148 128 149 
3 128 131 149 
3 149 131 126 
3 146 149 126 
3 152 151 147 
3 152 147 132 
3 132 147 127 
3 151 152 153 
3 154 130 148 
3 154 155 130 
3 155 133 130 
3 148 150 154 
3 152 132 134 
3 134 136 157 
3 152 134 157 
3 152 157 156 
3 152 156 153 
3 156 159 158 
3 157 159 156 
3 158 159 137 
3 158 137 155 
3 155 137 133 
3 157 136 138 
3 159 157 138 
3 139 159 138 
3 159 139 137 
3 160 141 140 
3 162 160 140 
3 162 140 161 
3 161 140 142 
3 142 163 161 
3 143 163 142 
3 164 165 145 
3 165 146 145 
3 167 166 163 
3 167 163 147 
3 147 163 143 
3 166 167 168 
3 171 170 169 
3 150 169 170 
3 150 149 169 
3 149 172 169 
3 172 149 146 
3 165 172 146 
3 167 147 151 
3 151 153 174 
3 167 151 174 
3 167 174 173 
3 167 173 168 
3 173 176 175 
3 174 176 173 
3 170 155 154 
3 171 155 170 
3 171 176 155 
3 171 175 176 
3 170 154 150 
3 174 153 156 
3 176 174 156 
3 158 176 156 
3 176 158 155 
3 178 162 161 
3 177 178 161 
3 180 161 163 
3 180 179 161 
3 179 177 161 
3 179 180 181 
3 184 183 182 
3 182 183 165 
3 182 165 185 
3 185 165 164 
3 180 163 166 
3 166 168 187 
3 180 166 187 
3 180 187 186 
3 180 186 181 
3 186 187 188 
3 171 189 190 
3 169 189 171 
3 183 184 189 
3 183 189 172 
3 172 189 169 
3 183 172 165 
3 187 168 173 
3 188 187 173 
3 188 173 191 
3 191 173 175 
3 191 175 171 
3 190 191 171 
3 192 178 177 
3 193 192 177 
3 179 193 177 
3 179 181 195 
3 193 179 195 
3 193 195 194 
3 193 194 196 
3 194 195 197 
3 184 198 199 
3 182 198 184 
3 198 182 185 
3 200 198 185 
3 195 181 186 
3 186 188 202 
3 195 186 202 
3 195 202 201 
3 195 201 197 
3 190 201 202 
3 190 189 201 
3 189 203 201 
3 203 189 184 
3 199 203 184 
3 202 188 191 
3 202 191 190 
3 204 196 194 
3 194 197 206 
3 194 206 204 
3 204 206 205 
3 205 206 207 
3 207 206 208 
3 210 198 209 
3 210 208 198 
3 210 207 208 
3 208 199 198 
3 209 198 200 
3 211 209 200 
3 206 197 201 
3 208 206 201 
3 203 208 201 
3 208 203 199 
3 212 210 209 
3 212 209 211 
3 216 214 213 
3 215 5 6 
3 5 215 7 
3 214 218 217 
3 214 216 218 
3 217 218 9 
3 215 6 218 
3 9 218 6 
3 215 218 219 
3 215 219 7 
3 7 219 10 
3 217 9 11 
3 217 11 220 
3 220 11 221 
3 221 11 10 
3 219 221 10 
3 224 216 213 
3 224 213 223 
3 223 213 222 
3 223 225 226 
3 224 223 226 
3 225 227 228 
3 226 225 228 
3 227 229 228 
3 224 218 216 
3 230 224 226 
3 230 219 224 
3 230 231 219 
3 219 218 224 
3 232 230 226 
3 232 226 228 
3 232 228 229 
3 233 220 234 
3 220 221 234 
3 234 221 219 
3 234 219 231 
3 235 236 222 
3 222 236 223 
3 238 237 225 
3 238 225 236 
3 236 225 223 
3 227 225 237 
3 239 227 237 
3 227 239 229 
3 241 238 240 
3 241 231 238 
3 237 238 230 
3 230 238 231 
3 240 242 241 
3 242 243 241 
3 230 239 237 
3 230 232 239 
3 239 232 229 
3 242 244 243 
3 245 246 247 
3 245 233 246 
3 233 234 246 
3 231 241 234 
3 234 241 248 
3 234 248 246 
3 241 243 249 
3 241 249 248 
3 243 244 249 
3 245 247 250 
3 251 252 235 
3 235 252 236 
3 254 238 236 
3 254 236 253 
3 253 236 252 
3 253 255 254 
3 254 240 238 
3 255 240 254 
3 255 256 240 
3 256 242 240 
3 242 256 257 
3 244 242 257 
3 247 258 259 
3 246 258 247 
3 258 246 260 
3 246 248 260 
3 262 249 261 
3 262 260 249 
3 260 248 249 
3 261 249 244 
3 261 244 263 
3 263 244 257 
3 264 250 247 
3 259 264 247 
3 262 261 265 
3 261 263 265 
3 268 251 266 
3 268 267 251 
3 267 252 251 
3 267 269 252 
3 252 269 253 
3 253 269 270 
3 255 253 270 
3 270 256 255 
3 271 256 270 
3 256 271 272 
3 257 256 272 
3 259 273 274 
3 259 258 273 
3 258 275 273 
3 275 258 276 
3 258 260 276 
3 278 260 262 
3 278 277 260 
3 277 276 260 
3 277 278 263 
3 277 263 272 
3 272 263 257 
3 274 264 259 
3 278 262 265 
3 278 265 263 
3 280 267 268 
3 279 267 280 
3 279 281 267 
3 267 281 269 
3 269 281 282 
3 270 269 282 
3 282 271 270 
3 283 271 282 
3 285 272 271 
3 285 271 284 
3 284 271 283 
3 284 286 285 
3 287 273 288 
3 273 275 288 
3 290 276 289 
3 290 288 276 
3 288 275 276 
3 289 291 292 
3 289 276 291 
3 276 277 291 
3 272 285 293 
3 272 293 277 
3 277 293 291 
3 285 286 293 
3 290 289 294 
3 289 292 294 
3 296 279 280 
3 295 279 296 
3 295 297 279 
3 279 297 281 
3 299 282 281 
3 299 281 298 
3 298 281 297 
3 298 300 299 
3 299 283 282 
3 300 283 299 
3 300 301 283 
3 301 284 283 
3 284 301 302 
3 286 284 302 
3 303 287 304 
3 287 288 304 
3 306 288 290 
3 306 305 288 
3 305 304 288 
3 292 305 306 
3 292 291 305 
3 308 305 307 
3 307 305 291 
3 307 309 310 
3 307 291 309 
3 291 293 309 
3 309 293 286 
3 302 309 286 
3 306 290 294 
3 308 307 311 
3 306 294 292 
3 307 310 311 
3 312 295 296 
3 314 295 312 
3 314 313 295 
3 313 297 295 
3 313 315 297 
3 297 315 298 
3 317 300 298 
3 317 298 316 
3 316 298 315 
3 316 318 317 
3 317 301 300 
3 301 320 302 
3 317 320 301 
3 317 319 320 
3 317 318 319 
3 319 321 320 
3 322 303 323 
3 303 304 323 
3 323 304 324 
3 304 305 324 
3 326 305 308 
3 326 325 305 
3 325 324 305 
3 310 325 326 
3 310 309 325 
3 328 325 327 
3 327 325 309 
3 302 327 309 
3 302 320 327 
3 320 329 327 
3 321 330 329 
3 320 321 329 
3 326 308 311 
3 328 327 331 
3 326 311 310 
3 327 329 332 
3 331 327 332 
3 329 330 332 
3 333 313 314 
3 335 313 333 
3 335 334 313 
3 334 315 313 
3 334 336 315 
3 315 336 316 
3 338 318 316 
3 338 316 337 
3 337 316 336 
3 337 339 338 
3 338 319 318 
3 319 338 339 
3 319 339 321 
3 321 339 340 
3 341 322 342 
3 322 323 342 
3 342 323 343 
3 323 324 343 
3 343 324 344 
3 324 325 344 
3 325 345 344 
3 328 345 325 
3 347 340 346 
3 347 330 340 
3 330 321 340 
3 346 348 347 
3 345 328 331 
3 349 345 331 
3 349 331 350 
3 331 332 350 
3 330 350 332 
3 330 351 350 
3 330 347 351 
3 351 352 350 
3 348 353 351 
3 347 348 351 
3 352 351 354 
3 351 353 354 
3 355 334 335 
3 357 334 355 
3 357 356 334 
3 356 336 334 
3 356 358 336 
3 336 358 337 
3 337 358 359 
3 339 337 359 
3 359 360 339 
3 360 340 339 
3 363 361 362 
3 361 364 362 
3 367 342 366 
3 367 365 342 
3 365 341 342 
3 366 368 369 
3 366 342 368 
3 342 343 368 
3 368 343 370 
3 343 344 370 
3 372 344 345 
3 372 371 344 
3 371 370 344 
3 371 372 373 
3 360 346 340 
3 374 346 360 
3 363 362 375 
3 363 375 346 
3 363 346 374 
3 348 346 375 
3 364 376 375 
3 362 364 375 
3 367 366 377 
3 366 369 377 
3 372 345 349 
3 373 372 349 
3 373 349 378 
3 378 349 350 
3 380 350 352 
3 380 379 350 
3 379 378 350 
3 380 381 379 
3 380 348 381 
3 380 353 348 
3 375 381 348 
3 375 376 381 
3 380 352 354 
3 380 354 353 
3 383 356 357 
3 382 356 383 
3 385 384 358 
3 385 358 382 
3 382 358 356 
3 358 384 359 
3 386 387 388 
3 385 389 384 
3 384 360 359 
3 384 390 360 
3 384 389 390 
3 390 391 360 
3 363 391 390 
3 363 390 361 
3 361 390 392 
3 361 392 393 
3 364 361 393 
3 365 367 395 
3 387 365 395 
3 387 395 394 
3 387 394 388 
3 369 394 395 
3 369 368 394 
3 368 396 394 
3 396 368 397 
3 368 370 397 
3 397 370 398 
3 370 371 398 
3 371 399 398 
3 373 399 371 
3 391 374 360 
3 391 363 374 
3 400 402 401 
3 400 401 376 
3 400 376 393 
3 393 376 364 
3 395 367 377 
3 395 377 369 
3 399 373 378 
3 403 399 378 
3 403 378 404 
3 378 379 404 
3 401 402 404 
3 401 404 381 
3 381 404 379 
3 401 381 376 
3 406 382 383 
3 405 382 406 
3 408 385 382 
3 408 382 407 
3 407 382 405 
3 407 409 408 
3 412 386 388 
3 412 411 386 
3 411 410 386 
3 411 414 413 
3 412 414 411 
3 413 414 415 
3 408 389 385 
3 409 389 408 
3 409 416 389 
3 416 390 389 
3 416 417 390 
3 390 417 392 
3 392 417 418 
3 393 392 418 
3 412 388 394 
3 414 412 394 
3 396 414 394 
3 415 414 396 
3 415 396 419 
3 419 396 397 
3 421 398 420 
3 421 419 398 
3 419 397 398 
3 398 399 420 
3 400 422 402 
3 422 400 393 
3 422 393 423 
3 423 393 418 
3 421 420 424 
3 420 399 403 
3 420 403 424 
3 424 403 425 
3 425 403 426 
3 403 404 426 
3 402 422 427 
3 402 427 404 
3 404 427 426 
3 422 423 427 
3 428 429 430 
3 431 405 406 
3 433 405 431 
3 433 432 405 
3 432 407 405 
3 435 409 407 
3 435 407 434 
3 434 407 432 
3 434 436 435 
3 430 429 410 
3 430 410 437 
3 437 410 411 
3 437 411 438 
3 411 413 438 
3 413 439 438 
3 415 439 413 
3 435 416 409 
3 435 417 416 
3 435 441 417 
3 435 436 441 
3 440 417 441 
3 417 440 418 
3 439 415 419 
3 442 439 419 
3 444 419 421 
3 444 443 419 
3 443 442 419 
3 443 446 445 
3 444 446 443 
3 445 446 447 
3 441 448 440 
3 440 448 449 
3 440 449 418 
3 418 449 423 
3 444 421 424 
3 446 444 424 
3 425 446 424 
3 447 446 425 
3 447 425 450 
3 450 425 426 
3 450 426 451 
3 426 427 451 
3 451 427 423 
3 449 451 423 
3 454 428 430 
3 454 453 428 
3 453 452 428 
3 453 454 455 
3 456 432 433 
3 458 432 456 
3 458 457 432 
3 457 434 432 
3 460 436 434 
3 460 434 459 
3 459 434 457 
3 459 461 460 
3 454 430 437 
3 455 454 437 
3 455 437 462 
3 462 437 438 
3 438 463 462 
3 439 463 438 
3 464 436 460 
3 441 436 464 
3 461 465 464 
3 460 461 464 
3 463 439 442 
3 466 463 442 
3 466 442 467 
3 442 443 467 
3 467 443 468 
3 443 445 468 
3 445 469 468 
3 447 469 445 
3 464 448 441 
3 448 464 465 
3 448 465 449 
3 449 465 470 
3 469 447 450 
3 471 469 450 
3 471 450 472 
3 450 451 472 
3 472 451 449 
3 472 449 470 
3 473 452 474 
3 452 453 474 
3 453 475 474 
3 455 475 453 
3 477 457 458 
3 476 457 477 
3 476 478 457 
3 457 478 459 
3 459 478 479 
3 461 459 479 
3 475 455 462 
3 480 475 462 
3 482 462 463 
3 482 481 462 
3 481 480 462 
3 481 482 483 
3 479 484 461 
3 484 465 461 
3 482 463 466 
3 483 482 466 
3 483 466 485 
3 485 466 467 
3 485 467 486 
3 467 468 486 
3 468 487 486 
3 469 487 468 
3 490 489 488 
3 488 489 470 
3 488 470 484 
3 484 470 465 
3 487 469 471 
3 491 487 471 
3 489 490 491 
3 489 491 472 
3 472 491 471 
3 472 470 489 
3 13 473 15 
3 473 474 15 
3 492 474 475 
3 492 18 474 
3 18 15 474 
3 18 492 21 
3 493 476 477 
3 25 476 493 
3 25 24 476 
3 24 478 476 
3 494 479 478 
3 494 478 28 
3 28 478 24 
3 28 30 494 
3 492 475 480 
3 21 492 480 
3 21 480 31 
3 31 480 481 
3 495 481 483 
3 495 33 481 
3 33 31 481 
3 33 495 35 
3 496 479 494 
3 484 479 496 
3 30 37 496 
3 494 30 496 
3 495 483 485 
3 35 495 485 
3 35 485 39 
3 39 485 486 
3 486 41 39 
3 487 41 486 
3 488 497 490 
3 497 43 44 
3 488 43 497 
3 488 496 43 
3 488 484 496 
3 496 37 43 
3 41 487 491 
3 47 41 491 
3 490 497 49 
3 490 49 491 
3 491 49 47 
3 497 44 49 
3 498 268 266 
3 498 499 280 
3 268 498 280 
3 499 500 296 
3 280 499 296 
3 501 503 502 
3 500 312 296 
3 502 312 500 
3 502 504 312 
3 502 503 504 
3 504 314 312 
3 507 503 501 
3 507 501 506 
3 506 501 505 
3 506 508 507 
3 507 504 503 
3 504 333 314 
3 507 333 504 
3 507 509 333 
3 507 508 509 
3 509 335 333 
3 510 511 505 
3 505 511 506 
3 506 511 512 
3 508 506 512 
3 512 509 508 
3 513 509 512 
3 355 335 509 
3 355 509 514 
3 514 509 513 
3 514 357 355 
3 515 517 516 
3 517 510 516 
3 517 518 510 
3 518 511 510 
3 520 512 511 
3 520 511 519 
3 519 511 518 
3 519 521 520 
3 520 513 512 
3 521 513 520 
3 521 522 513 
3 522 514 513 
3 514 522 383 
3 357 514 383 
3 515 523 524 
3 517 515 524 
3 524 518 517 
3 525 518 524 
3 525 526 518 
3 518 526 519 
3 519 526 527 
3 521 519 527 
3 527 522 521 
3 528 522 527 
3 522 528 406 
3 383 522 406 
3 523 529 530 
3 524 523 530 
3 530 525 524 
3 531 525 530 
3 531 532 525 
3 525 532 526 
3 526 532 533 
3 527 526 533 
3 533 528 527 
3 534 528 533 
3 431 406 528 
3 431 528 535 
3 535 528 534 
3 535 433 431 
3 538 530 529 
3 538 529 537 
3 537 529 536 
3 537 539 538 
3 538 531 530 
3 538 532 531 
3 538 541 532 
3 538 539 541 
3 540 532 541 
3 532 540 533 
3 541 542 540 
3 540 534 533 
3 540 542 534 
3 542 543 534 
3 543 544 534 
3 534 544 535 
3 456 433 535 
3 456 535 545 
3 545 535 544 
3 545 458 456 
3 546 547 536 
3 536 547 537 
3 537 547 548 
3 539 537 548 
3 548 549 539 
3 549 541 539 
3 549 542 541 
3 550 542 549 
3 550 551 542 
3 542 551 543 
3 551 552 543 
3 543 552 544 
3 552 553 544 
3 544 553 545 
3 545 553 477 
3 458 545 477 
3 556 555 547 
3 556 547 554 
3 554 547 546 
3 547 555 548 
3 556 557 555 
3 555 549 548 
3 555 558 549 
3 555 557 558 
3 558 559 549 
3 558 560 559 
3 559 550 549 
3 560 550 559 
3 560 561 550 
3 561 551 550 
3 561 562 551 
3 551 562 552 
3 562 563 552 
3 552 563 553 
3 493 477 553 
3 493 553 564 
3 564 553 563 
3 564 25 493 
3 565 567 566 
3 567 568 566 
3 567 569 568 
3 569 570 568 
3 570 569 571 
3 572 570 571 
3 574 575 573 
3 574 572 575 
3 572 571 575 
3 573 576 574 
3 577 580 579 
3 578 580 577 
3 579 573 575 
3 579 580 573 
3 580 581 573 
3 573 581 582 
3 573 582 576 
3 580 578 583 
3 584 580 583 
3 581 580 584 
3 585 581 584 
3 581 585 582 
3 565 586 587 
3 567 565 587 
3 569 589 588 
3 569 567 589 
3 567 587 589 
3 569 588 571 
3 589 590 588 
3 588 590 591 
3 588 591 571 
3 571 591 575 
3 592 577 593 
3 577 579 593 
3 593 579 575 
3 591 593 575 
3 586 594 587 
3 594 595 589 
3 587 594 589 
3 590 589 595 
3 590 595 597 
3 597 595 596 
3 590 597 591 
3 597 596 592 
3 593 597 592 
3 597 593 591 
3 598 600 599 
3 602 603 601 
3 602 601 604 
3 605 601 603 
3 605 603 606 
3 606 603 607 
3 601 609 604 
3 601 605 609 
3 605 608 609 
3 609 608 610 
3 611 609 610 
3 613 612 606 
3 613 606 614 
3 614 606 607 
3 612 613 615 
3 610 617 611 
3 616 617 610 
3 616 618 617 
3 617 618 619 
3 619 618 620 
3 621 619 620 
3 613 614 622 
3 613 622 624 
3 613 624 625 
3 613 625 615 
3 623 625 624 
3 624 626 623 
3 620 628 621 
3 627 628 620 
3 630 631 628 
3 630 628 629 
3 629 628 627 
3 629 632 630 
3 625 623 633 
3 623 626 635 
3 623 635 633 
3 633 635 634 
3 635 636 634 
3 637 636 635 
3 630 638 631 
3 632 638 630 
3 632 639 638 
3 639 640 638 
3 640 639 641 
3 642 640 641 
3 636 637 644 
3 643 636 644 
3 644 645 643 
3 646 645 644 
3 641 648 642 
3 647 648 641 
3 648 647 649 
3 650 648 649 
3 645 646 652 
3 651 645 652 
3 652 653 651 
3 654 653 652 
3 649 656 650 
3 655 656 649 
3 656 655 657 
3 658 656 657 
3 653 654 660 
3 659 653 660 
3 659 660 661 
3 660 662 661 
3 662 663 661 
3 664 663 662 
3 657 666 658 
3 665 666 657 
3 668 669 666 
3 668 666 667 
3 667 666 665 
3 663 664 671 
3 670 663 671 
3 671 672 670 
3 673 672 671 
3 668 674 669 
3 672 673 676 
3 675 672 676 
3 675 676 677 
3 676 678 677 
3 678 679 677 
3 680 679 678 
3 679 680 682 
3 681 679 682 
3 685 683 684 
3 683 686 684 
3 685 684 687 
3 686 687 684 
3 688 689 690 
3 688 691 692 
3 689 688 692 
3 691 693 692 
3 690 689 694 
3 694 606 695 
3 694 692 606 
3 694 689 692 
3 605 606 692 
3 693 605 692 
3 693 696 605 
3 696 608 605 
3 698 610 608 
3 698 608 697 
3 697 608 696 
3 697 699 698 
3 695 606 612 
3 700 695 612 
3 612 701 700 
3 615 701 612 
3 698 616 610 
3 699 616 698 
3 699 702 616 
3 702 618 616 
3 618 702 703 
3 620 618 703 
3 701 615 704 
3 704 615 625 
3 703 627 620 
3 705 627 703 
3 705 706 627 
3 627 706 629 
3 629 706 707 
3 632 629 707 
3 704 625 633 
3 708 704 633 
3 710 634 709 
3 710 708 634 
3 708 633 634 
3 634 636 709 
3 707 639 632 
3 711 639 707 
3 713 641 639 
3 713 639 712 
3 712 639 711 
3 712 714 713 
3 710 709 715 
3 709 636 643 
3 709 643 715 
3 715 643 716 
3 643 717 716 
3 645 717 643 
3 713 647 641 
3 647 713 714 
3 647 714 649 
3 649 714 718 
3 717 645 651 
3 719 717 651 
3 651 720 719 
3 653 720 651 
3 718 655 649 
3 721 655 718 
3 723 657 655 
3 723 655 722 
3 722 655 721 
3 722 724 723 
3 720 653 659 
3 725 720 659 
3 727 661 726 
3 727 725 661 
3 725 659 661 
3 661 663 726 
3 723 665 657 
3 724 665 723 
3 724 728 665 
3 728 667 665 
3 727 726 729 
3 726 663 670 
3 726 670 729 
3 729 670 730 
3 670 731 730 
3 672 731 670 
3 731 672 675 
3 732 731 675 
3 734 677 733 
3 734 732 677 
3 732 675 677 
3 677 679 733 
3 734 733 735 
3 733 679 681 
3 733 681 735 
3 735 681 736 
3 739 737 738 
3 737 740 738 
3 739 738 741 
3 742 683 685 
3 742 685 743 
3 741 738 740 
3 745 686 683 
3 745 683 744 
3 744 683 742 
3 744 746 745 
3 687 747 748 
3 687 748 685 
3 685 748 743 
3 690 745 688 
3 690 747 745 
3 686 745 687 
3 687 745 747 
3 746 688 745 
3 746 749 688 
3 749 691 688 
3 691 749 750 
3 693 691 750 
3 748 747 751 
3 753 694 752 
3 751 694 753 
3 751 690 694 
3 751 747 690 
3 694 695 752 
3 750 696 693 
3 754 696 750 
3 754 755 696 
3 696 755 697 
3 697 755 756 
3 699 697 756 
3 753 752 757 
3 759 700 758 
3 757 700 759 
3 757 695 700 
3 757 752 695 
3 700 701 758 
3 756 702 699 
3 760 702 756 
3 762 703 702 
3 762 702 761 
3 761 702 760 
3 761 763 762 
3 759 758 764 
3 758 765 764 
3 758 701 765 
3 701 704 765 
3 762 705 703 
3 763 705 762 
3 763 766 705 
3 766 706 705 
3 768 707 706 
3 768 706 767 
3 767 706 766 
3 767 769 768 
3 765 704 708 
3 770 765 708 
3 708 771 770 
3 710 771 708 
3 768 711 707 
3 769 711 768 
3 769 772 711 
3 772 712 711 
3 712 772 773 
3 714 712 773 
3 771 710 715 
3 774 771 715 
3 774 715 775 
3 715 716 775 
3 716 776 775 
3 717 776 716 
3 778 773 777 
3 778 718 773 
3 718 714 773 
3 777 779 778 
3 776 717 719 
3 780 776 719 
3 719 781 780 
3 720 781 719 
3 778 721 718 
3 779 721 778 
3 779 782 721 
3 782 722 721 
3 784 724 722 
3 784 722 783 
3 783 722 782 
3 781 720 725 
3 785 781 725 
3 725 786 785 
3 727 786 725 
3 784 728 724 
3 786 727 729 
3 787 786 729 
3 787 729 788 
3 729 730 788 
3 730 789 788 
3 731 789 730 
3 789 731 732 
3 790 789 732 
3 732 791 790 
3 734 791 732 
3 791 734 735 
3 792 791 735 
3 794 736 793 
3 794 792 736 
3 792 735 736 
3 794 793 795 
3 739 797 796 
3 737 739 796 
3 799 740 737 
3 799 737 798 
3 798 737 796 
3 798 800 799 
3 803 801 802 
3 801 804 802 
3 801 739 804 
3 801 797 739 
3 739 741 804 
3 743 799 742 
3 743 804 799 
3 740 799 741 
3 741 799 804 
3 800 742 799 
3 800 805 742 
3 805 744 742 
3 744 805 806 
3 746 744 806 
3 803 802 807 
3 802 804 808 
3 807 802 808 
3 804 809 808 
3 804 743 809 
3 743 748 809 
3 806 749 746 
3 810 749 806 
3 749 810 811 
3 750 749 811 
3 809 748 751 
3 812 809 751 
3 751 813 812 
3 753 813 751 
3 811 754 750 
3 814 754 811 
3 814 815 754 
3 754 815 755 
3 755 815 816 
3 756 755 816 
3 813 753 757 
3 817 813 757 
3 757 818 817 
3 759 818 757 
3 816 760 756 
3 819 760 816 
3 819 820 760 
3 760 820 761 
3 822 763 761 
3 822 761 821 
3 821 761 820 
3 821 823 822 
3 818 759 764 
3 824 818 764 
3 764 825 824 
3 765 825 764 
3 822 766 763 
3 823 766 822 
3 823 826 766 
3 826 767 766 
3 767 826 827 
3 769 767 827 
3 825 765 770 
3 828 825 770 
3 830 770 771 
3 830 829 770 
3 829 828 770 
3 829 830 831 
3 827 772 769 
3 832 772 827 
3 772 832 833 
3 773 772 833 
3 830 771 774 
3 830 774 775 
3 830 775 835 
3 830 835 831 
3 834 835 775 
3 775 776 834 
3 833 777 773 
3 836 777 833 
3 838 779 777 
3 838 777 837 
3 837 777 836 
3 837 839 838 
3 835 834 840 
3 842 780 841 
3 840 780 842 
3 840 776 780 
3 840 834 776 
3 780 781 841 
3 838 782 779 
3 839 782 838 
3 839 843 782 
3 843 783 782 
3 845 842 841 
3 844 845 841 
3 785 841 781 
3 785 846 841 
3 846 844 841 
3 785 786 846 
3 845 844 847 
3 844 846 848 
3 847 844 848 
3 846 786 787 
3 846 787 848 
3 848 787 849 
3 851 788 850 
3 851 849 788 
3 849 787 788 
3 788 789 850 
3 851 850 852 
3 854 790 853 
3 852 790 854 
3 852 789 790 
3 852 850 789 
3 790 791 853 
3 854 853 855 
3 857 792 856 
3 855 792 857 
3 855 791 792 
3 855 853 791 
3 792 794 856 
3 857 856 858 
3 856 794 795 
3 856 795 858 
3 858 795 859 
3 862 860 861 
3 860 865 863 
3 860 863 861 
3 861 863 864 
3 867 866 796 
3 867 796 864 
3 867 864 863 
3 864 796 797 
3 866 868 796 
3 796 868 798 
3 798 868 869 
3 800 798 869 
3 862 861 870 
3 870 803 871 
3 870 864 803 
3 870 861 864 
3 801 803 864 
3 864 797 801 
3 869 805 800 
3 872 805 869 
3 805 872 873 
3 806 805 873 
3 871 803 807 
3 874 871 807 
3 876 808 875 
3 876 874 808 
3 874 807 808 
3 808 809 875 
3 873 810 806 
3 877 810 873 
3 810 877 878 
3 811 810 878 
3 876 875 879 
3 875 809 812 
3 875 812 879 
3 879 812 880 
3 812 881 880 
3 813 881 812 
3 878 814 811 
3 882 814 878 
3 882 883 814 
3 814 883 815 
3 815 883 884 
3 816 815 884 
3 881 813 817 
3 885 881 817 
3 817 886 885 
3 818 886 817 
3 884 819 816 
3 887 819 884 
3 887 888 819 
3 819 888 820 
3 888 889 820 
3 820 889 821 
3 821 889 890 
3 823 821 890 
3 886 818 824 
3 891 886 824 
3 824 892 891 
3 825 892 824 
3 890 826 823 
3 893 826 890 
3 895 827 826 
3 895 826 894 
3 894 826 893 
3 894 896 895 
3 892 825 828 
3 897 892 828 
3 897 828 898 
3 828 829 898 
3 829 899 898 
3 831 899 829 
3 895 832 827 
3 832 901 833 
3 895 901 832 
3 895 900 901 
3 895 896 900 
3 900 902 901 
3 899 831 903 
3 903 831 835 
3 901 836 833 
3 902 836 901 
3 902 904 836 
3 904 837 836 
3 906 839 837 
3 906 837 905 
3 905 837 904 
3 840 907 908 
3 840 908 835 
3 835 908 903 
3 840 842 907 
3 906 843 839 
3 910 908 907 
3 909 910 907 
3 907 845 909 
3 842 845 907 
3 910 909 911 
3 909 845 847 
3 909 847 911 
3 911 847 912 
3 914 848 913 
3 914 912 848 
3 912 847 848 
3 849 913 848 
3 915 913 849 
3 849 851 915 
3 914 913 916 
3 918 916 913 
3 918 913 917 
3 917 913 915 
3 852 915 851 
3 852 919 915 
3 919 917 915 
3 852 854 919 
3 918 917 920 
3 922 920 917 
3 922 917 921 
3 921 917 919 
3 855 919 854 
3 855 923 919 
3 923 921 919 
3 855 857 923 
3 922 921 924 
3 921 923 925 
3 924 921 925 
3 927 858 926 
3 925 858 927 
3 925 857 858 
3 925 923 857 
3 859 926 858 
3 928 926 859 
3 927 926 929 
3 931 929 926 
3 931 926 930 
3 930 926 928 
3 931 930 932 
3 862 934 933 
3 860 862 933 
3 865 936 935 
3 865 860 936 
3 860 933 936 
3 937 936 938 
3 937 866 936 
3 935 936 867 
3 867 936 866 
3 940 866 937 
3 940 939 866 
3 939 868 866 
3 868 939 941 
3 869 868 941 
3 870 942 943 
3 870 943 862 
3 862 943 934 
3 870 871 942 
3 941 872 869 
3 944 872 941 
3 872 944 945 
3 873 872 945 
3 947 943 942 
3 946 947 942 
3 874 942 871 
3 874 948 942 
3 948 946 942 
3 874 876 948 
3 945 877 873 
3 949 877 945 
3 877 949 950 
3 878 877 950 
3 947 946 951 
3 946 948 952 
3 951 946 952 
3 948 876 879 
3 948 879 952 
3 952 879 953 
3 955 880 954 
3 955 953 880 
3 953 879 880 
3 880 881 954 
3 950 882 878 
3 956 882 950 
3 956 957 882 
3 882 957 883 
3 959 884 883 
3 959 883 958 
3 958 883 957 
3 958 960 959 
3 955 954 961 
3 954 881 885 
3 954 885 961 
3 961 885 962 
3 885 963 962 
3 886 963 885 
3 959 887 884 
3 960 887 959 
3 960 964 887 
3 964 888 887 
3 964 965 888 
3 888 965 889 
3 967 890 889 
3 967 889 966 
3 966 889 965 
3 966 968 967 
3 963 886 891 
3 969 963 891 
3 971 891 892 
3 971 970 891 
3 970 969 891 
3 970 971 972 
3 967 893 890 
3 968 893 967 
3 968 973 893 
3 973 894 893 
3 894 973 974 
3 896 894 974 
3 971 892 897 
3 972 971 897 
3 972 897 975 
3 975 897 898 
3 898 976 975 
3 899 976 898 
3 974 900 896 
3 977 900 974 
3 979 902 900 
3 979 900 978 
3 978 900 977 
3 978 980 979 
3 976 899 981 
3 981 899 903 
3 979 904 902 
3 980 904 979 
3 980 982 904 
3 982 905 904 
3 981 903 983 
3 983 903 908 
3 983 908 984 
3 984 908 910 
3 987 985 986 
3 985 988 986 
3 985 910 988 
3 985 984 910 
3 910 911 988 
3 912 988 911 
3 989 988 912 
3 912 914 989 
3 991 987 986 
3 990 991 986 
3 986 988 990 
3 988 992 990 
3 988 989 992 
3 989 993 992 
3 916 989 914 
3 916 994 989 
3 994 993 989 
3 916 918 994 
3 991 990 995 
3 997 995 990 
3 997 990 996 
3 996 990 992 
3 992 993 996 
3 993 998 996 
3 993 994 998 
3 994 999 998 
3 920 994 918 
3 920 1000 994 
3 1000 999 994 
3 920 922 1000 
3 997 996 1001 
3 1003 1001 996 
3 1003 996 1002 
3 1002 996 998 
3 998 999 1002 
3 999 1004 1002 
3 999 1000 1004 
3 1000 1005 1004 
3 924 1000 922 
3 924 1006 1000 
3 1006 1005 1000 
3 925 1006 924 
3 1007 1006 925 
3 925 927 1007 
3 1003 1002 1008 
3 1002 1004 1009 
3 1008 1002 1009 
3 1011 1009 1004 
3 1011 1004 1010 
3 1010 1004 1005 
3 1005 1006 1010 
3 1006 1012 1010 
3 1006 1007 1012 
3 1007 1013 1012 
3 929 1007 927 
3 929 1014 1007 
3 1014 1013 1007 
3 929 931 1014 
3 1011 1010 1015 
3 1017 1015 1010 
3 1017 1010 1016 
3 1016 1010 1012 
3 1012 1013 1016 
3 1013 1018 1016 
3 1013 1014 1018 
3 1014 1019 1018 
3 932 1014 931 
3 932 1020 1014 
3 1020 1019 1014 
3 934 1022 1021 
3 933 934 1021 
3 1023 1021 1024 
3 1023 936 1021 
3 936 933 1021 
3 1023 938 936 
3 1026 939 940 
3 1025 939 1026 
3 1028 941 939 
3 1028 939 1027 
3 1027 939 1025 
3 1027 1029 1028 
3 1022 934 1030 
3 1030 934 943 
3 1028 944 941 
3 944 1028 1029 
3 944 1029 945 
3 945 1029 1031 
3 1030 943 1032 
3 1032 943 947 
3 1031 949 945 
3 1033 949 1031 
3 1035 950 949 
3 1035 949 1034 
3 1034 949 1033 
3 1034 1036 1037 
3 1035 1034 1037 
3 1036 1038 1037 
3 1032 947 951 
3 1039 1032 951 
3 1039 951 1040 
3 951 952 1040 
3 1040 952 1041 
3 952 953 1041 
3 953 1042 1041 
3 955 1042 953 
3 1035 956 950 
3 1037 956 1035 
3 957 956 1037 
3 1038 957 1037 
3 1038 1043 957 
3 1043 958 957 
3 1045 960 958 
3 1045 958 1044 
3 1044 958 1043 
3 1044 1046 1045 
3 1042 955 961 
3 1047 1042 961 
3 1047 961 1048 
3 961 962 1048 
3 1050 962 963 
3 1050 1049 962 
3 1049 1048 962 
3 1049 1050 1051 
3 1045 964 960 
3 1046 964 1045 
3 1046 1052 964 
3 1052 965 964 
3 1052 1053 965 
3 965 1053 966 
3 966 1053 1054 
3 968 966 1054 
3 1050 963 969 
3 1051 1050 969 
3 1051 969 1055 
3 1055 969 970 
3 970 1056 1055 
3 972 1056 970 
3 1054 973 968 
3 1057 973 1054 
3 1059 974 973 
3 1059 973 1058 
3 1058 973 1057 
3 1058 1060 1059 
3 1056 972 975 
3 1061 1056 975 
3 975 1062 1061 
3 976 1062 975 
3 1059 977 974 
3 1060 977 1059 
3 1060 1063 977 
3 1063 978 977 
3 1065 980 978 
3 1065 978 1064 
3 1064 978 1063 
3 1062 976 1066 
3 1066 976 981 
3 1065 982 980 
3 1066 981 1067 
3 1067 981 983 
3 1067 983 1068 
3 1068 983 984 
3 987 1070 1069 
3 985 987 1069 
3 1069 984 985 
3 1068 984 1069 
3 1070 987 1071 
3 1071 987 991 
3 995 1072 1073 
3 995 1073 991 
3 991 1073 1071 
3 995 997 1072 
3 1073 1072 1074 
3 1076 1001 1075 
3 1074 1001 1076 
3 1074 997 1001 
3 1074 1072 997 
3 1001 1003 1075 
3 1076 1075 1077 
3 1079 1008 1078 
3 1077 1008 1079 
3 1077 1003 1008 
3 1077 1075 1003 
3 1009 1078 1008 
3 1080 1078 1009 
3 1009 1011 1080 
3 1079 1078 1081 
3 1078 1080 1082 
3 1081 1078 1082 
3 1084 1015 1083 
3 1082 1015 1084 
3 1082 1011 1015 
3 1082 1080 1011 
3 1015 1017 1083 
3 1022 1086 1085 
3 1021 1022 1085 
3 1085 1024 1021 
3 1087 1024 1085 
3 1089 1025 1026 
3 1088 1025 1089 
3 1091 1090 1027 
3 1091 1027 1088 
3 1088 1027 1025 
3 1027 1090 1029 
3 1086 1022 1092 
3 1092 1022 1030 
3 1091 1093 1090 
3 1090 1031 1029 
3 1090 1094 1031 
3 1090 1093 1094 
3 1094 1095 1031 
3 1094 1096 1095 
3 1092 1030 1097 
3 1097 1030 1032 
3 1095 1033 1031 
3 1096 1033 1095 
3 1096 1098 1033 
3 1098 1034 1033 
3 1098 1099 1034 
3 1034 1099 1036 
3 1101 1038 1036 
3 1101 1036 1100 
3 1100 1036 1099 
3 1100 1102 1101 
3 1097 1032 1039 
3 1103 1097 1039 
3 1103 1039 1104 
3 1039 1040 1104 
3 1104 1040 1105 
3 1040 1041 1105 
3 1107 1041 1042 
3 1107 1106 1041 
3 1106 1105 1041 
3 1106 1107 1108 
3 1101 1043 1038 
3 1102 1043 1101 
3 1102 1109 1043 
3 1109 1044 1043 
3 1044 1109 1110 
3 1046 1044 1110 
3 1107 1042 1047 
3 1108 1107 1047 
3 1108 1047 1111 
3 1111 1047 1048 
3 1113 1049 1112 
3 1113 1111 1049 
3 1111 1048 1049 
3 1049 1051 1112 
3 1110 1052 1046 
3 1114 1052 1110 
3 1114 1115 1052 
3 1052 1115 1053 
3 1053 1115 1116 
3 1054 1053 1116 
3 1113 1112 1117 
3 1112 1051 1055 
3 1112 1055 1117 
3 1117 1055 1118 
3 1055 1119 1118 
3 1056 1119 1055 
3 1116 1057 1054 
3 1120 1057 1116 
3 1120 1121 1057 
3 1057 1121 1058 
3 1058 1121 1122 
3 1060 1058 1122 
3 1119 1056 1061 
3 1123 1119 1061 
3 1061 1124 1123 
3 1062 1124 1061 
3 1122 1063 1060 
3 1125 1063 1122 
3 1125 1126 1063 
3 1063 1126 1064 
3 1124 1062 1127 
3 1127 1062 1066 
3 1130 1128 1129 
3 1128 1067 1129 
3 1128 1127 1067 
3 1127 1066 1067 
3 1132 1130 1129 
3 1131 1132 1129 
3 1129 1068 1131 
3 1067 1068 1129 
3 1131 1069 1070 
3 1131 1070 1132 
3 1132 1070 1133 
3 1131 1068 1069 
3 1133 1070 1134 
3 1134 1070 1071 
3 1134 1071 1135 
3 1135 1071 1073 
3 1135 1073 1074 
3 1136 1135 1074 
3 1074 1137 1136 
3 1076 1137 1074 
3 1137 1076 1077 
3 1138 1137 1077 
3 1140 1077 1079 
3 1140 1139 1077 
3 1139 1138 1077 
3 1139 1140 1141 
3 1140 1079 1081 
3 1141 1140 1081 
3 1141 1081 1142 
3 1142 1081 1082 
3 1082 1143 1142 
3 1084 1143 1082 
3 1086 1145 1144 
3 1085 1086 1144 
3 1144 1087 1085 
3 1146 1087 1144 
3 1148 1088 1089 
3 1147 1088 1148 
3 1150 1091 1088 
3 1150 1088 1149 
3 1149 1088 1147 
3 1149 1151 1150 
3 1145 1086 1152 
3 1152 1086 1092 
3 1150 1093 1091 
3 1151 1093 1150 
3 1151 1153 1093 
3 1153 1094 1093 
3 1155 1096 1094 
3 1155 1094 1154 
3 1154 1094 1153 
3 1154 1156 1155 
3 1152 1092 1157 
3 1157 1092 1097 
3 1155 1098 1096 
3 1156 1098 1155 
3 1156 1158 1098 
3 1158 1099 1098 
3 1158 1159 1099 
3 1099 1159 1100 
3 1100 1159 1160 
3 1102 1100 1160 
3 1157 1097 1103 
3 1161 1157 1103 
3 1161 1103 1162 
3 1103 1104 1162 
3 1162 1104 1163 
3 1104 1105 1163 
3 1163 1105 1164 
3 1105 1106 1164 
3 1106 1165 1164 
3 1108 1165 1106 
3 1160 1109 1102 
3 1166 1109 1160 
3 1109 1166 1167 
3 1110 1109 1167 
3 1165 1108 1111 
3 1168 1165 1111 
3 1111 1169 1168 
3 1113 1169 1111 
3 1167 1114 1110 
3 1170 1114 1167 
3 1170 1171 1114 
3 1114 1171 1115 
3 1115 1171 1172 
3 1116 1115 1172 
3 1169 1113 1117 
3 1173 1169 1117 
3 1175 1118 1174 
3 1175 1173 1118 
3 1173 1117 1118 
3 1118 1119 1174 
3 1172 1120 1116 
3 1176 1120 1172 
3 1176 1177 1120 
3 1120 1177 1121 
3 1121 1177 1178 
3 1122 1121 1178 
3 1175 1174 1179 
3 1181 1123 1180 
3 1179 1123 1181 
3 1179 1119 1123 
3 1179 1174 1119 
3 1123 1124 1180 
3 1178 1125 1122 
3 1182 1125 1178 
3 1182 1183 1125 
3 1125 1183 1126 
3 1181 1180 1184 
3 1180 1185 1184 
3 1180 1124 1185 
3 1124 1127 1185 
3 1130 1187 1186 
3 1128 1130 1186 
3 1186 1127 1128 
3 1185 1127 1186 
3 1187 1130 1188 
3 1188 1130 1132 
3 1188 1132 1189 
3 1189 1132 1133 
3 1189 1133 1190 
3 1190 1133 1134 
3 1190 1134 1191 
3 1191 1134 1135 
3 1191 1135 1136 
3 1192 1191 1136 
3 1136 1193 1192 
3 1137 1193 1136 
3 1193 1137 1138 
3 1194 1193 1138 
3 1194 1138 1195 
3 1138 1139 1195 
3 1139 1196 1195 
3 1141 1196 1139 
3 1196 1141 1142 
3 1197 1196 1142 
3 1142 1198 1197 
3 1143 1198 1142 
3 1199 1200 1202 
3 1144 1145 1201 
3 1201 1146 1144 
3 1201 1203 1146 
3 1199 1146 1200 
3 1200 1146 1203 
3 1204 1147 1148 
3 1206 1147 1204 
3 1206 1205 1147 
3 1205 1149 1147 
3 1208 1151 1149 
3 1208 1149 1207 
3 1207 1149 1205 
3 1207 1209 1208 
3 1210 1201 1145 
3 1210 1145 1211 
3 1211 1145 1152 
3 1201 1210 1203 
3 1208 1153 1151 
3 1209 1153 1208 
3 1209 1212 1153 
3 1212 1154 1153 
3 1154 1212 1213 
3 1156 1154 1213 
3 1211 1152 1214 
3 1214 1152 1157 
3 1213 1158 1156 
3 1215 1158 1213 
3 1215 1216 1158 
3 1158 1216 1159 
3 1159 1216 1217 
3 1160 1159 1217 
3 1161 1218 1219 
3 1161 1219 1157 
3 1157 1219 1214 
3 1218 1220 1221 
3 1218 1161 1220 
3 1161 1162 1220 
3 1220 1162 1222 
3 1162 1163 1222 
3 1222 1163 1223 
3 1163 1164 1223 
3 1164 1224 1223 
3 1165 1224 1164 
3 1217 1166 1160 
3 1225 1166 1217 
3 1166 1225 1226 
3 1167 1166 1226 
3 1219 1218 1227 
3 1218 1221 1227 
3 1224 1165 1168 
3 1228 1224 1168 
3 1230 1168 1169 
3 1230 1229 1168 
3 1229 1228 1168 
3 1229 1230 1231 
3 1226 1170 1167 
3 1232 1170 1226 
3 1234 1233 1171 
3 1234 1171 1232 
3 1232 1171 1170 
3 1171 1233 1172 
3 1230 1169 1173 
3 1173 1175 1236 
3 1230 1173 1236 
3 1230 1236 1235 
3 1230 1235 1231 
3 1235 1236 1237 
3 1234 1238 1233 
3 1233 1176 1172 
3 1233 1238 1176 
3 1238 1239 1176 
3 1239 1240 1176 
3 1176 1240 1177 
3 1177 1240 1241 
3 1178 1177 1241 
3 1236 1175 1179 
3 1179 1237 1236 
3 1179 1181 1237 
3 1181 1242 1237 
3 1241 1182 1178 
3 1243 1182 1241 
3 1243 1244 1182 
3 1182 1244 1183 
3 1184 1245 1246 
3 1184 1246 1181 
3 1181 1246 1242 
3 1184 1185 1245 
3 1245 1186 1187 
3 1245 1187 1246 
3 1246 1187 1247 
3 1245 1185 1186 
3 1247 1187 1248 
3 1248 1187 1188 
3 1248 1188 1249 
3 1249 1188 1189 
3 1249 1189 1250 
3 1250 1189 1190 
3 1250 1190 1251 
3 1251 1190 1191 
3 1251 1191 1192 
3 1252 1251 1192 
3 1192 1253 1252 
3 1193 1253 1192 
3 1253 1193 1194 
3 1254 1253 1194 
3 1254 1194 1255 
3 1194 1195 1255 
3 1195 1256 1255 
3 1196 1256 1195 
3 1256 1196 1197 
3 1257 1256 1197 
3 1259 1197 1198 
3 1259 1258 1197 
3 1258 1257 1197 
3 1258 1259 1260 
3 1261 1202 1200 
3 1200 1262 1261 
3 1200 1203 1262 
3 1203 1263 1262 
3 1264 1205 1206 
3 1266 1205 1264 
3 1266 1265 1205 
3 1265 1207 1205 
3 1207 1265 1267 
3 1209 1207 1267 
3 1211 1269 1268 
3 1210 1211 1268 
3 1268 1203 1210 
3 1263 1203 1268 
3 1267 1212 1209 
3 1270 1212 1267 
3 1212 1270 1271 
3 1213 1212 1271 
3 1269 1211 1272 
3 1272 1211 1214 
3 1271 1215 1213 
3 1273 1215 1271 
3 1275 1274 1216 
3 1275 1216 1273 
3 1273 1216 1215 
3 1216 1274 1217 
3 1272 1214 1276 
3 1276 1214 1219 
3 1220 1277 1221 
3 1277 1278 1279 
3 1277 1220 1278 
3 1220 1222 1278 
3 1278 1222 1280 
3 1222 1223 1280 
3 1282 1223 1224 
3 1282 1281 1223 
3 1281 1280 1223 
3 1281 1282 1283 
3 1275 1284 1274 
3 1286 1285 1225 
3 1284 1286 1225 
3 1284 1225 1217 
3 1284 1217 1274 
3 1225 1285 1226 
3 1276 1219 1227 
3 1287 1276 1227 
3 1221 1277 1288 
3 1221 1288 1227 
3 1227 1288 1287 
3 1277 1279 1288 
3 1282 1224 1228 
3 1283 1282 1228 
3 1283 1228 1289 
3 1289 1228 1229 
3 1291 1229 1231 
3 1291 1290 1229 
3 1290 1289 1229 
3 1290 1291 1292 
3 1286 1293 1285 
3 1285 1232 1226 
3 1285 1293 1232 
3 1293 1294 1232 
3 1232 1294 1295 
3 1234 1232 1295 
3 1291 1231 1235 
3 1235 1292 1291 
3 1235 1237 1292 
3 1237 1296 1292 
3 1295 1238 1234 
3 1297 1238 1295 
3 1297 1298 1238 
3 1238 1298 1239 
3 1300 1299 1240 
3 1300 1240 1298 
3 1298 1240 1239 
3 1240 1299 1241 
3 1296 1237 1301 
3 1301 1237 1242 
3 1300 1302 1299 
3 1299 1243 1241 
3 1299 1302 1243 
3 1302 1303 1243 
3 1303 1304 1243 
3 1243 1304 1244 
3 1301 1242 1305 
3 1305 1242 1246 
3 1305 1246 1306 
3 1306 1246 1247 
3 1306 1247 1307 
3 1307 1247 1248 
3 1307 1248 1308 
3 1308 1248 1249 
3 1308 1249 1309 
3 1309 1249 1250 
3 1309 1250 1310 
3 1310 1250 1251 
3 1310 1251 1252 
3 1311 1310 1252 
3 1313 1252 1253 
3 1313 1312 1252 
3 1312 1311 1252 
3 1312 1313 1314 
3 1313 1253 1254 
3 1314 1313 1254 
3 1314 1254 1315 
3 1315 1254 1255 
3 1255 1316 1315 
3 1256 1316 1255 
3 1316 1256 1257 
3 1317 1316 1257 
3 1317 1257 1318 
3 1257 1258 1318 
3 1258 1319 1318 
3 1260 1319 1258 
3 1322 1320 1321 
3 1320 1263 1321 
3 1320 1323 1263 
3 1323 1262 1263 
3 1325 1265 1266 
3 1324 1265 1325 
3 1265 1324 1326 
3 1267 1265 1326 
3 1321 1268 1269 
3 1321 1269 1322 
3 1322 1269 1327 
3 1321 1263 1268 
3 1326 1270 1267 
3 1328 1270 1326 
3 1270 1328 1329 
3 1271 1270 1329 
3 1327 1269 1330 
3 1330 1269 1272 
3 1329 1273 1271 
3 1331 1273 1329 
3 1273 1331 1332 
3 1275 1273 1332 
3 1334 1333 1330 
3 1334 1330 1276 
3 1276 1330 1272 
3 1333 1336 1335 
3 1334 1336 1333 
3 1279 1335 1336 
3 1279 1278 1335 
3 1278 1337 1335 
3 1337 1278 1338 
3 1278 1280 1338 
3 1338 1280 1339 
3 1280 1281 1339 
3 1341 1281 1283 
3 1341 1340 1281 
3 1340 1339 1281 
3 1340 1341 1342 
3 1332 1284 1275 
3 1343 1284 1332 
3 1284 1343 1344 
3 1286 1284 1344 
3 1334 1276 1287 
3 1336 1334 1287 
3 1288 1336 1287 
3 1336 1288 1279 
3 1341 1283 1289 
3 1342 1341 1289 
3 1342 1289 1345 
3 1345 1289 1290 
3 1347 1290 1292 
3 1347 1346 1290 
3 1346 1345 1290 
3 1346 1347 1348 
3 1344 1293 1286 
3 1349 1293 1344 
3 1349 1350 1293 
3 1293 1350 1294 
3 1294 1350 1351 
3 1295 1294 1351 
3 1352 1347 1292 
3 1296 1352 1292 
3 1348 1354 1353 
3 1348 1347 1354 
3 1347 1352 1354 
3 1353 1354 1355 
3 1351 1297 1295 
3 1356 1297 1351 
3 1358 1357 1298 
3 1358 1298 1356 
3 1356 1298 1297 
3 1298 1357 1300 
3 1359 1352 1296 
3 1359 1296 1360 
3 1360 1296 1301 
3 1352 1361 1354 
3 1359 1361 1352 
3 1354 1361 1355 
3 1358 1362 1357 
3 1357 1302 1300 
3 1357 1362 1302 
3 1362 1363 1302 
3 1363 1364 1302 
3 1302 1364 1303 
3 1364 1365 1303 
3 1303 1365 1304 
3 1360 1301 1366 
3 1366 1301 1305 
3 1366 1305 1367 
3 1367 1305 1306 
3 1367 1306 1368 
3 1368 1306 1307 
3 1368 1307 1369 
3 1369 1307 1308 
3 1369 1308 1370 
3 1370 1308 1309 
3 1372 1371 1370 
3 1372 1370 1310 
3 1310 1370 1309 
3 1371 1372 1373 
3 1372 1310 1311 
3 1373 1372 1311 
3 1373 1311 1374 
3 1374 1311 1312 
3 1312 1375 1374 
3 1314 1375 1312 
3 1375 1314 1315 
3 1376 1375 1315 
3 1315 1377 1376 
3 1316 1377 1315 
3 1377 1316 1317 
3 1378 1377 1317 
3 1378 1317 1379 
3 1317 1318 1379 
3 1318 1380 1379 
3 1319 1380 1318 
3 1381 1320 1322 
3 1381 1322 1382 
3 1382 1322 1383 
3 1381 1323 1320 
3 1385 1324 1325 
3 1384 1324 1385 
3 1324 1384 1386 
3 1326 1324 1386 
3 1383 1322 1387 
3 1387 1322 1327 
3 1386 1328 1326 
3 1388 1328 1386 
3 1328 1388 1389 
3 1329 1328 1389 
3 1387 1327 1390 
3 1390 1327 1330 
3 1393 1392 1391 
3 1391 1395 1394 
3 1392 1395 1391 
3 1394 1397 1396 
3 1395 1397 1394 
3 1396 1399 1398 
3 1397 1399 1396 
3 1398 1399 1400 
3 1389 1331 1329 
3 1401 1331 1389 
3 1331 1401 1402 
3 1332 1331 1402 
3 1390 1330 1333 
3 1403 1390 1333 
3 1392 1393 1403 
3 1392 1403 1335 
3 1335 1403 1333 
3 1395 1392 1335 
3 1337 1395 1335 
3 1397 1395 1337 
3 1338 1397 1337 
3 1399 1397 1338 
3 1339 1399 1338 
3 1400 1399 1339 
3 1400 1339 1404 
3 1404 1339 1340 
3 1406 1340 1342 
3 1406 1405 1340 
3 1405 1404 1340 
3 1405 1406 1407 
3 1402 1343 1332 
3 1408 1343 1402 
3 1410 1344 1343 
3 1410 1343 1409 
3 1409 1343 1408 
3 1409 1411 1410 
3 1406 1342 1345 
3 1407 1406 1345 
3 1407 1345 1412 
3 1412 1345 1346 
3 1346 1413 1412 
3 1348 1413 1346 
3 1410 1349 1344 
3 1411 1349 1410 
3 1411 1414 1349 
3 1414 1350 1349 
3 1350 1414 1415 
3 1351 1350 1415 
3 1413 1348 1353 
3 1416 1413 1353 
3 1353 1417 1416 
3 1355 1417 1353 
3 1415 1356 1351 
3 1418 1356 1415 
3 1420 1358 1356 
3 1420 1356 1419 
3 1419 1356 1418 
3 1419 1421 1420 
3 1359 1360 1422 
3 1422 1424 1423 
3 1422 1423 1359 
3 1359 1423 1361 
3 1423 1355 1361 
3 1417 1355 1423 
3 1420 1362 1358 
3 1421 1362 1420 
3 1421 1425 1362 
3 1425 1363 1362 
3 1425 1426 1363 
3 1363 1426 1364 
3 1426 1427 1364 
3 1364 1427 1365 
3 1428 1422 1360 
3 1428 1360 1429 
3 1429 1360 1366 
3 1422 1428 1424 
3 1429 1366 1430 
3 1430 1366 1367 
3 1430 1367 1431 
3 1431 1367 1368 
3 1431 1368 1432 
3 1432 1368 1369 
3 1432 1369 1433 
3 1433 1369 1370 
3 1433 1370 1371 
3 1434 1433 1371 
3 1371 1435 1434 
3 1373 1435 1371 
3 1435 1373 1374 
3 1436 1435 1374 
3 1374 1437 1436 
3 1375 1437 1374 
3 1437 1375 1376 
3 1438 1437 1376 
3 1376 1439 1438 
3 1377 1439 1376 
3 1439 1377 1378 
3 1440 1439 1378 
3 1440 1378 1441 
3 1378 1379 1441 
3 1379 1442 1441 
3 1380 1442 1379 
3 1444 1443 1382 
3 1383 1444 1382 
3 1445 1444 1446 
3 1443 1444 1445 
3 1448 1384 1385 
3 1447 1384 1448 
3 1384 1447 1449 
3 1386 1384 1449 
3 1450 1444 1383 
3 1387 1450 1383 
3 1446 1452 1451 
3 1446 1444 1452 
3 1444 1450 1452 
3 1451 1454 1453 
3 1452 1454 1451 
3 1453 1454 1455 
3 1449 1388 1386 
3 1456 1388 1449 
3 1388 1456 1457 
3 1389 1388 1457 
3 1458 1450 1387 
3 1390 1458 1387 
3 1393 1391 1452 
3 1393 1452 1458 
3 1458 1452 1450 
3 1454 1452 1391 
3 1394 1454 1391 
3 1455 1454 1394 
3 1455 1394 1459 
3 1459 1394 1396 
3 1459 1396 1460 
3 1396 1398 1460 
3 1462 1398 1400 
3 1462 1461 1398 
3 1461 1460 1398 
3 1461 1462 1463 
3 1457 1401 1389 
3 1464 1401 1457 
3 1466 1402 1401 
3 1466 1401 1465 
3 1465 1401 1464 
3 1465 1467 1466 
3 1458 1390 1403 
3 1458 1403 1393 
3 1462 1400 1404 
3 1463 1462 1404 
3 1463 1404 1468 
3 1468 1404 1405 
3 1405 1469 1468 
3 1407 1469 1405 
3 1466 1408 1402 
3 1467 1408 1466 
3 1467 1470 1408 
3 1470 1409 1408 
3 1409 1470 1471 
3 1411 1409 1471 
3 1469 1407 1412 
3 1472 1469 1412 
3 1412 1473 1472 
3 1413 1473 1412 
3 1471 1414 1411 
3 1474 1414 1471 
3 1476 1415 1414 
3 1476 1414 1475 
3 1475 1414 1474 
3 1475 1477 1476 
3 1473 1413 1416 
3 1478 1473 1416 
3 1480 1416 1417 
3 1480 1479 1416 
3 1479 1478 1416 
3 1479 1480 1481 
3 1476 1418 1415 
3 1477 1418 1476 
3 1477 1482 1418 
3 1482 1419 1418 
3 1484 1421 1419 
3 1484 1419 1483 
3 1483 1419 1482 
3 1483 1485 1484 
3 1424 1487 1486 
3 1423 1424 1486 
3 1417 1488 1480 
3 1417 1423 1488 
3 1423 1486 1488 
3 1480 1488 1481 
3 1484 1425 1421 
3 1485 1425 1484 
3 1485 1489 1425 
3 1489 1426 1425 
3 1489 1490 1426 
3 1426 1490 1427 
3 1428 1429 1491 
3 1491 1424 1428 
3 1491 1492 1424 
3 1492 1487 1424 
3 1493 1491 1429 
3 1493 1429 1494 
3 1494 1429 1430 
3 1491 1493 1492 
3 1494 1430 1495 
3 1495 1430 1431 
3 1495 1431 1496 
3 1496 1431 1432 
3 1496 1432 1497 
3 1497 1432 1433 
3 1497 1433 1434 
3 1498 1497 1434 
3 1434 1499 1498 
3 1435 1499 1434 
3 1499 1435 1436 
3 1500 1499 1436 
3 1436 1501 1500 
3 1437 1501 1436 
3 1501 1437 1438 
3 1502 1501 1438 
3 1438 1503 1502 
3 1439 1503 1438 
3 1503 1439 1440 
3 1504 1503 1440 
3 1504 1440 1505 
3 1440 1441 1505 
3 1441 1506 1505 
3 1442 1506 1441 
3 1508 1507 1509 
3 1508 1509 1446 
3 1446 1509 1445 
3 1507 1508 1510 
3 1512 1447 1448 
3 1511 1447 1512 
3 1514 1449 1447 
3 1514 1447 1513 
3 1513 1447 1511 
3 1513 1515 1514 
3 1508 1446 1451 
3 1510 1508 1451 
3 1510 1451 1516 
3 1516 1451 1453 
3 1518 1453 1455 
3 1518 1517 1453 
3 1517 1516 1453 
3 1517 1518 1519 
3 1514 1456 1449 
3 1456 1521 1457 
3 1514 1521 1456 
3 1514 1520 1521 
3 1514 1515 1520 
3 1520 1522 1521 
3 1518 1455 1459 
3 1519 1518 1459 
3 1519 1459 1523 
3 1523 1459 1460 
3 1523 1460 1524 
3 1460 1461 1524 
3 1461 1525 1524 
3 1463 1525 1461 
3 1521 1464 1457 
3 1522 1464 1521 
3 1522 1526 1464 
3 1526 1465 1464 
3 1528 1467 1465 
3 1528 1465 1527 
3 1527 1465 1526 
3 1527 1529 1530 
3 1528 1527 1530 
3 1529 1531 1530 
3 1525 1463 1468 
3 1532 1525 1468 
3 1534 1468 1469 
3 1534 1533 1468 
3 1533 1532 1468 
3 1533 1534 1535 
3 1528 1470 1467 
3 1470 1536 1471 
3 1470 1528 1536 
3 1528 1530 1536 
3 1531 1537 1536 
3 1530 1531 1536 
3 1534 1469 1472 
3 1472 1473 1539 
3 1534 1472 1539 
3 1534 1539 1538 
3 1534 1538 1535 
3 1538 1539 1540 
3 1536 1474 1471 
3 1537 1474 1536 
3 1537 1541 1474 
3 1541 1475 1474 
3 1543 1477 1475 
3 1543 1475 1542 
3 1542 1475 1541 
3 1542 1544 1543 
3 1539 1473 1478 
3 1539 1478 1479 
3 1539 1479 1546 
3 1539 1546 1540 
3 1545 1546 1479 
3 1479 1481 1545 
3 1543 1482 1477 
3 1544 1482 1543 
3 1544 1547 1482 
3 1547 1483 1482 
3 1549 1485 1483 
3 1549 1483 1548 
3 1548 1483 1547 
3 1548 1550 1549 
3 1487 1552 1551 
3 1486 1487 1551 
3 1545 1551 1546 
3 1545 1488 1551 
3 1488 1486 1551 
3 1545 1481 1488 
3 1549 1489 1485 
3 1550 1489 1549 
3 1550 1553 1489 
3 1553 1490 1489 
3 1552 1487 1554 
3 1554 1487 1492 
3 1494 1556 1555 
3 1493 1494 1555 
3 1555 1492 1493 
3 1554 1492 1555 
3 1556 1494 1557 
3 1557 1494 1495 
3 1557 1495 1558 
3 1558 1495 1496 
3 1558 1496 1559 
3 1559 1496 1497 
3 1559 1497 1498 
3 1560 1559 1498 
3 1498 1561 1560 
3 1499 1561 1498 
3 1561 1499 1500 
3 1562 1561 1500 
3 1500 1563 1562 
3 1501 1563 1500 
3 1563 1501 1502 
3 1564 1563 1502 
3 1566 1502 1503 
3 1566 1565 1502 
3 1565 1564 1502 
3 1565 1566 1567 
3 1566 1503 1504 
3 1567 1566 1504 
3 1567 1504 1568 
3 1568 1504 1505 
3 1505 1569 1568 
3 1506 1569 1505 
3 1570 1509 1507 
3 1507 1510 1572 
3 1570 1507 1572 
3 1570 1572 1571 
3 1570 1571 1573 
3 1571 1572 1574 
3 1575 1511 1512 
3 1577 1511 1575 
3 1577 1576 1511 
3 1576 1513 1511 
3 1513 1576 1578 
3 1515 1513 1578 
3 1572 1510 1516 
3 1574 1572 1516 
3 1574 1516 1579 
3 1579 1516 1517 
3 1581 1517 1519 
3 1581 1580 1517 
3 1580 1579 1517 
3 1580 1581 1582 
3 1578 1520 1515 
3 1583 1520 1578 
3 1585 1522 1520 
3 1585 1520 1584 
3 1584 1520 1583 
3 1584 1586 1587 
3 1585 1584 1587 
3 1586 1588 1587 
3 1581 1519 1523 
3 1582 1581 1523 
3 1582 1523 1589 
3 1589 1523 1524 
3 1591 1524 1525 
3 1591 1590 1524 
3 1590 1589 1524 
3 1590 1591 1592 
3 1585 1526 1522 
3 1587 1526 1585 
3 1527 1526 1587 
3 1588 1527 1587 
3 1588 1593 1527 
3 1593 1529 1527 
3 1529 1593 1594 
3 1531 1529 1594 
3 1591 1525 1532 
3 1592 1591 1532 
3 1592 1532 1595 
3 1595 1532 1533 
3 1533 1596 1595 
3 1535 1596 1533 
3 1598 1594 1597 
3 1598 1537 1594 
3 1537 1531 1594 
3 1597 1599 1600 
3 1598 1597 1600 
3 1599 1601 1600 
3 1596 1535 1538 
3 1602 1596 1538 
3 1538 1603 1602 
3 1540 1603 1538 
3 1598 1541 1537 
3 1600 1541 1598 
3 1542 1541 1600 
3 1542 1605 1544 
3 1600 1605 1542 
3 1600 1604 1605 
3 1600 1601 1604 
3 1604 1606 1607 
3 1605 1604 1607 
3 1606 1608 1607 
3 1603 1540 1609 
3 1609 1540 1546 
3 1605 1547 1544 
3 1607 1547 1605 
3 1548 1547 1607 
3 1548 1611 1550 
3 1607 1611 1548 
3 1607 1610 1611 
3 1607 1608 1610 
3 1552 1613 1612 
3 1551 1552 1612 
3 1612 1546 1551 
3 1609 1546 1612 
3 1611 1553 1550 
3 1613 1552 1614 
3 1614 1552 1554 
3 1556 1616 1615 
3 1555 1556 1615 
3 1615 1554 1555 
3 1614 1554 1615 
3 1616 1556 1617 
3 1617 1556 1557 
3 1617 1557 1618 
3 1618 1557 1558 
3 1620 1619 1618 
3 1620 1618 1559 
3 1559 1618 1558 
3 1619 1620 1621 
3 1620 1559 1560 
3 1560 1561 1623 
3 1620 1560 1623 
3 1620 1623 1622 
3 1620 1622 1621 
3 1622 1623 1624 
3 1623 1561 1562 
3 1562 1563 1626 
3 1623 1562 1626 
3 1623 1626 1625 
3 1623 1625 1624 
3 1625 1626 1627 
3 1626 1563 1564 
3 1627 1626 1564 
3 1627 1564 1628 
3 1628 1564 1565 
3 1565 1629 1628 
3 1567 1629 1565 
3 1629 1567 1568 
3 1630 1629 1568 
3 1568 1631 1630 
3 1569 1631 1568 
3 1634 1632 1633 
3 1632 1635 1636 
3 1633 1632 1636 
3 1635 1637 1636 
3 1640 1638 1639 
3 1638 1642 1639 
3 1634 1633 1641 
3 1633 1636 1643 
3 1641 1633 1643 
3 1636 1637 1643 
3 1640 1639 1644 
3 1642 1644 1639 
3 1645 1646 1647 
3 1645 1648 1649 
3 1646 1645 1649 
3 1648 1650 1649 
3 1647 1646 1651 
3 1646 1649 1652 
3 1651 1646 1652 
3 1650 1652 1649 
3 1653 1654 1655 
3 1655 1654 1656 
3 1657 1658 1659 
3 1657 1660 1658 
3 1658 1661 1662 
3 1658 1662 1659 
3 1660 1663 1664 
3 1660 1664 1658 
3 1658 1664 1661 
3 1663 1665 1666 
3 1664 1663 1666 
3 1665 1667 1666 
3 1669 1662 1661 
3 1668 1669 1661 
3 1661 1664 1668 
3 1664 1670 1668 
3 1634 1666 1632 
3 1634 1670 1666 
3 1670 1664 1666 
3 1667 1632 1666 
3 1667 1671 1632 
3 1671 1635 1632 
3 1673 1637 1635 
3 1673 1635 1672 
3 1672 1635 1671 
3 1669 1668 1674 
3 1674 1640 1675 
3 1674 1670 1640 
3 1674 1668 1670 
3 1638 1640 1670 
3 1641 1670 1634 
3 1641 1676 1670 
3 1638 1670 1642 
3 1642 1670 1676 
3 1643 1676 1641 
3 1677 1676 1643 
3 1677 1678 1679 
3 1643 1678 1677 
3 1643 1673 1678 
3 1643 1637 1673 
3 1675 1640 1644 
3 1680 1675 1644 
3 1644 1676 1680 
3 1644 1642 1676 
3 1680 1676 1681 
3 1645 1647 1676 
3 1681 1676 1647 
3 1677 1645 1676 
3 1648 1645 1677 
3 1648 1683 1650 
3 1677 1683 1648 
3 1677 1682 1683 
3 1677 1679 1682 
3 1681 1647 1651 
3 1684 1681 1651 
3 1684 1651 1685 
3 1651 1652 1685 
3 1652 1683 1685 
3 1652 1650 1683 
3 1685 1683 1686 
3 1653 1655 1683 
3 1686 1683 1655 
3 1686 1655 1656 
3 1687 1686 1656 
3 1690 1688 1689 
3 1688 1691 1692 
3 1689 1688 1692 
3 1691 1693 1692 
3 1690 1689 1694 
3 1696 1694 1689 
3 1696 1689 1695 
3 1695 1689 1692 
3 1695 1692 1693 
3 1695 1693 1697 
3 1696 1695 1698 
3 1698 1695 1697 
3 1699 1700 1701 
3 1699 1657 1700 
3 1699 1702 1657 
3 1657 1659 1700 
3 1704 1660 1657 
3 1704 1657 1703 
3 1703 1657 1702 
3 1703 1705 1704 
3 1701 1700 1706 
3 1700 1707 1706 
3 1700 1659 1707 
3 1659 1662 1707 
3 1704 1663 1660 
3 1705 1663 1704 
3 1705 1708 1663 
3 1708 1665 1663 
3 1710 1667 1665 
3 1710 1665 1709 
3 1709 1665 1708 
3 1709 1711 1710 
3 1707 1662 1712 
3 1712 1662 1669 
3 1710 1671 1667 
3 1711 1671 1710 
3 1711 1713 1671 
3 1713 1672 1671 
3 1712 1669 1674 
3 1714 1712 1674 
3 1674 1715 1714 
3 1675 1715 1674 
3 1678 1716 1679 
3 1715 1675 1680 
3 1717 1715 1680 
3 1680 1718 1717 
3 1681 1718 1680 
3 1716 1682 1679 
3 1718 1681 1684 
3 1719 1718 1684 
3 1719 1684 1720 
3 1684 1685 1720 
3 1685 1721 1720 
3 1686 1721 1685 
3 1721 1686 1687 
3 1722 1721 1687 
3 1723 1688 1690 
3 1723 1690 1724 
3 1726 1725 1691 
3 1726 1691 1723 
3 1723 1691 1688 
3 1691 1725 1693 
3 1724 1690 1694 
3 1727 1724 1694 
3 1729 1725 1696 
3 1729 1728 1725 
3 1696 1725 1694 
3 1726 1727 1725 
3 1694 1725 1727 
3 1725 1697 1693 
3 1725 1730 1697 
3 1725 1728 1730 
3 1730 1731 1697 
3 1730 1732 1731 
3 1698 1733 1734 
3 1698 1734 1696 
3 1696 1734 1729 
3 1701 1731 1699 
3 1701 1733 1731 
3 1697 1731 1698 
3 1698 1731 1733 
3 1732 1699 1731 
3 1732 1735 1699 
3 1735 1702 1699 
3 1735 1736 1702 
3 1702 1736 1703 
3 1703 1736 1737 
3 1705 1703 1737 
3 1734 1733 1738 
3 1740 1706 1739 
3 1738 1706 1740 
3 1738 1701 1706 
3 1738 1733 1701 
3 1706 1707 1739 
3 1737 1708 1705 
3 1741 1708 1737 
3 1743 1742 1709 
3 1743 1709 1741 
3 1741 1709 1708 
3 1709 1742 1711 
3 1740 1739 1744 
3 1739 1745 1744 
3 1739 1707 1745 
3 1707 1712 1745 
3 1743 1746 1742 
3 1742 1713 1711 
3 1742 1746 1713 
3 1746 1747 1713 
3 1745 1712 1714 
3 1748 1745 1714 
3 1750 1714 1715 
3 1750 1749 1714 
3 1749 1748 1714 
3 1749 1750 1751 
3 1750 1715 1717 
3 1717 1718 1753 
3 1750 1717 1753 
3 1750 1753 1752 
3 1750 1752 1751 
3 1752 1753 1754 
3 1753 1718 1719 
3 1754 1753 1719 
3 1754 1719 1755 
3 1755 1719 1720 
3 1757 1720 1721 
3 1757 1756 1720 
3 1756 1755 1720 
3 1757 1721 1722 
3 1724 1759 1758 
3 1724 1758 1723 
3 1761 1726 1723 
3 1761 1723 1760 
3 1760 1723 1758 
3 1760 1762 1761 
3 1727 1763 1764 
3 1727 1764 1724 
3 1724 1764 1759 
3 1729 1761 1728 
3 1729 1763 1761 
3 1726 1761 1727 
3 1727 1761 1763 
3 1762 1728 1761 
3 1762 1765 1728 
3 1765 1730 1728 
3 1730 1765 1766 
3 1732 1730 1766 
3 1764 1763 1767 
3 1763 1768 1767 
3 1763 1729 1768 
3 1729 1734 1768 
3 1766 1735 1732 
3 1769 1735 1766 
3 1769 1770 1735 
3 1735 1770 1736 
3 1736 1770 1771 
3 1737 1736 1771 
3 1768 1734 1738 
3 1772 1768 1738 
3 1738 1773 1772 
3 1740 1773 1738 
3 1771 1741 1737 
3 1774 1741 1771 
3 1776 1743 1741 
3 1776 1741 1775 
3 1775 1741 1774 
3 1775 1777 1776 
3 1773 1740 1744 
3 1778 1773 1744 
3 1780 1744 1745 
3 1780 1779 1744 
3 1779 1778 1744 
3 1779 1780 1781 
3 1776 1746 1743 
3 1777 1746 1776 
3 1777 1782 1746 
3 1782 1747 1746 
3 1780 1745 1748 
3 1781 1780 1748 
3 1781 1748 1783 
3 1783 1748 1749 
3 1749 1784 1783 
3 1751 1784 1749 
3 1784 1751 1752 
3 1785 1784 1752 
3 1752 1786 1785 
3 1754 1786 1752 
3 1786 1754 1755 
3 1787 1786 1755 
3 1787 1755 1788 
3 1755 1756 1788 
3 1789 1790 1791 
3 1789 1792 1790 
3 1790 1758 1759 
3 1790 1759 1791 
3 1791 1759 1793 
3 1792 1758 1790 
3 1792 1794 1758 
3 1794 1760 1758 
3 1760 1794 1795 
3 1762 1760 1795 
3 1793 1759 1796 
3 1796 1759 1764 
3 1795 1765 1762 
3 1797 1765 1795 
3 1765 1797 1798 
3 1766 1765 1798 
3 1796 1764 1767 
3 1799 1796 1767 
3 1767 1800 1799 
3 1768 1800 1767 
3 1798 1769 1766 
3 1801 1769 1798 
3 1803 1802 1770 
3 1803 1770 1801 
3 1801 1770 1769 
3 1770 1802 1771 
3 1800 1768 1772 
3 1804 1800 1772 
3 1772 1805 1804 
3 1773 1805 1772 
3 1803 1806 1802 
3 1802 1774 1771 
3 1802 1806 1774 
3 1806 1807 1774 
3 1809 1808 1775 
3 1809 1775 1807 
3 1807 1775 1774 
3 1775 1808 1777 
3 1805 1773 1778 
3 1810 1805 1778 
3 1810 1778 1811 
3 1778 1779 1811 
3 1779 1812 1811 
3 1781 1812 1779 
3 1809 1813 1808 
3 1808 1782 1777 
3 1808 1813 1782 
3 1813 1814 1782 
3 1812 1781 1783 
3 1815 1812 1783 
3 1783 1816 1815 
3 1784 1816 1783 
3 1816 1784 1785 
3 1817 1816 1785 
3 1785 1818 1817 
3 1786 1818 1785 
3 1818 1786 1787 
3 1819 1818 1787 
3 1819 1787 1820 
3 1787 1788 1820 
3 1823 1821 1822 
3 1821 1824 1822 
3 1826 1823 1822 
3 1825 1826 1822 
3 1824 1827 1828 
3 1824 1828 1822 
3 1822 1828 1825 
3 1827 1829 1830 
3 1828 1827 1830 
3 1791 1830 1829 
3 1791 1829 1789 
3 1789 1829 1831 
3 1789 1831 1832 
3 1792 1789 1832 
3 1826 1825 1833 
3 1825 1828 1834 
3 1833 1825 1834 
3 1836 1834 1828 
3 1836 1828 1835 
3 1835 1828 1830 
3 1830 1793 1835 
3 1791 1793 1830 
3 1832 1794 1792 
3 1837 1794 1832 
3 1794 1837 1838 
3 1795 1794 1838 
3 1836 1835 1839 
3 1835 1840 1839 
3 1835 1793 1840 
3 1793 1796 1840 
3 1838 1797 1795 
3 1841 1797 1838 
3 1797 1841 1842 
3 1798 1797 1842 
3 1840 1796 1799 
3 1843 1840 1799 
3 1799 1844 1843 
3 1800 1844 1799 
3 1842 1801 1798 
3 1845 1801 1842 
3 1847 1803 1801 
3 1847 1801 1846 
3 1846 1801 1845 
3 1846 1848 1847 
3 1844 1800 1804 
3 1849 1844 1804 
3 1804 1850 1849 
3 1805 1850 1804 
3 1847 1806 1803 
3 1848 1806 1847 
3 1848 1851 1806 
3 1851 1807 1806 
3 1807 1851 1852 
3 1809 1807 1852 
3 1850 1805 1810 
3 1853 1850 1810 
3 1853 1810 1854 
3 1810 1811 1854 
3 1811 1855 1854 
3 1812 1855 1811 
3 1852 1813 1809 
3 1856 1813 1852 
3 1858 1857 1814 
3 1858 1814 1856 
3 1856 1814 1813 
3 1855 1812 1815 
3 1859 1855 1815 
3 1815 1860 1859 
3 1816 1860 1815 
3 1858 1861 1857 
3 1860 1816 1817 
3 1862 1860 1817 
3 1864 1817 1818 
3 1864 1863 1817 
3 1863 1862 1817 
3 1863 1864 1865 
3 1864 1818 1819 
3 1865 1864 1819 
3 1865 1819 1866 
3 1866 1819 1820 
3 603 602 1867 
3 602 604 1867 
3 1867 1821 1823 
3 1867 1823 603 
3 603 1823 607 
3 1821 1868 1824 
3 1867 1868 1821 
3 1867 609 1868 
3 1867 604 609 
3 609 611 1868 
3 607 1823 614 
3 614 1823 1826 
3 1868 1827 1824 
3 611 1827 1868 
3 611 617 1827 
3 617 1829 1827 
3 617 619 1829 
3 1829 619 1831 
3 1831 619 621 
3 1832 1831 621 
3 614 1826 1833 
3 622 614 1833 
3 622 1833 624 
3 1833 1834 624 
3 1834 626 624 
3 1836 626 1834 
3 621 1837 1832 
3 628 1837 621 
3 1837 628 631 
3 1838 1837 631 
3 626 1836 1839 
3 635 626 1839 
3 1839 637 635 
3 1840 637 1839 
3 631 1841 1838 
3 638 1841 631 
3 1869 1842 1841 
3 1869 1841 640 
3 640 1841 638 
3 640 642 1869 
3 637 1840 1843 
3 644 637 1843 
3 1843 646 644 
3 1844 646 1843 
3 1869 1845 1842 
3 642 1845 1869 
3 642 648 1845 
3 648 1846 1845 
3 1846 648 650 
3 1848 1846 650 
3 646 1844 1849 
3 652 646 1849 
3 1849 654 652 
3 1850 654 1849 
3 650 1851 1848 
3 656 1851 650 
3 1851 656 658 
3 1852 1851 658 
3 654 1850 1853 
3 660 654 1853 
3 660 1853 662 
3 1853 1854 662 
3 1854 664 662 
3 1855 664 1854 
3 658 1856 1852 
3 666 1856 658 
3 1856 666 669 
3 1858 1856 669 
3 664 1855 1859 
3 671 664 1859 
3 1859 673 671 
3 1860 673 1859 
3 669 1861 1858 
3 674 1861 669 
3 673 1860 1862 
3 676 673 1862 
3 676 1862 678 
3 1862 1863 678 
3 1863 680 678 
3 1865 680 1863 
3 680 1865 1866 
3 682 680 1866 
3 1871 1573 1571 
3 1870 1871 1571 
3 1571 1872 1870 
3 1574 1872 1571 
3 1873 1576 1577 
3 1576 1875 1578 
3 1873 1875 1576 
3 1873 1874 1875 
3 1873 1876 1874 
3 1874 1877 1878 
3 1875 1874 1878 
3 1877 1879 1878 
3 1872 1574 1579 
3 1880 1872 1579 
3 1880 1579 1881 
3 1579 1580 1881 
3 1883 1580 1582 
3 1883 1882 1580 
3 1882 1881 1580 
3 1882 1883 1884 
3 1875 1583 1578 
3 1878 1583 1875 
3 1584 1583 1878 
3 1879 1584 1878 
3 1879 1885 1584 
3 1885 1586 1584 
3 1887 1588 1586 
3 1887 1586 1886 
3 1886 1586 1885 
3 1886 1888 1887 
3 1883 1582 1589 
3 1884 1883 1589 
3 1884 1589 1889 
3 1889 1589 1590 
3 1590 1890 1889 
3 1592 1890 1590 
3 1887 1593 1588 
3 1593 1892 1594 
3 1887 1892 1593 
3 1887 1891 1892 
3 1887 1888 1891 
3 1891 1893 1894 
3 1892 1891 1894 
3 1893 1895 1894 
3 1890 1592 1595 
3 1896 1890 1595 
3 1595 1897 1896 
3 1596 1897 1595 
3 1892 1597 1594 
3 1894 1597 1892 
3 1599 1597 1894 
3 1599 1899 1601 
3 1894 1899 1599 
3 1894 1898 1899 
3 1894 1895 1898 
3 1898 1900 1901 
3 1899 1898 1901 
3 1900 1902 1901 
3 1897 1596 1602 
3 1903 1897 1602 
3 1602 1904 1903 
3 1603 1904 1602 
3 1899 1604 1601 
3 1901 1604 1899 
3 1606 1604 1901 
3 1606 1906 1608 
3 1901 1906 1606 
3 1901 1905 1906 
3 1901 1902 1905 
3 1909 1907 1908 
3 1907 1609 1908 
3 1907 1904 1609 
3 1904 1603 1609 
3 1906 1610 1608 
3 1908 1612 1613 
3 1908 1613 1909 
3 1909 1613 1910 
3 1908 1609 1612 
3 1910 1613 1911 
3 1911 1613 1614 
3 1616 1913 1912 
3 1615 1616 1912 
3 1912 1614 1615 
3 1911 1614 1912 
3 1913 1616 1914 
3 1914 1616 1617 
3 1914 1617 1915 
3 1915 1617 1618 
3 1915 1618 1619 
3 1916 1915 1619 
3 1619 1917 1916 
3 1621 1917 1619 
3 1917 1621 1622 
3 1918 1917 1622 
3 1622 1919 1918 
3 1624 1919 1622 
3 1919 1624 1625 
3 1920 1919 1625 
3 1625 1921 1920 
3 1627 1921 1625 
3 1921 1627 1628 
3 1922 1921 1628 
3 1924 1628 1629 
3 1924 1923 1628 
3 1923 1922 1628 
3 1923 1924 1925 
3 1924 1629 1630 
3 1630 1631 1927 
3 1924 1630 1927 
3 1924 1927 1926 
3 1924 1926 1925 
3 1926 1927 1928 
3 1929 1871 1870 
3 1870 1872 1931 
3 1929 1870 1931 
3 1929 1931 1930 
3 1929 1930 1932 
3 1930 1931 1933 
3 1934 1874 1876 
3 1936 1874 1934 
3 1936 1935 1874 
3 1935 1877 1874 
3 1877 1935 1937 
3 1879 1877 1937 
3 1931 1872 1880 
3 1933 1931 1880 
3 1933 1880 1938 
3 1938 1880 1881 
3 1938 1881 1939 
3 1881 1882 1939 
3 1882 1940 1939 
3 1884 1940 1882 
3 1937 1885 1879 
3 1941 1885 1937 
3 1941 1942 1885 
3 1885 1942 1886 
3 1944 1888 1886 
3 1944 1886 1943 
3 1943 1886 1942 
3 1943 1945 1944 
3 1940 1884 1889 
3 1946 1940 1889 
3 1889 1947 1946 
3 1890 1947 1889 
3 1944 1891 1888 
3 1945 1891 1944 
3 1945 1948 1891 
3 1948 1893 1891 
3 1950 1895 1893 
3 1950 1893 1949 
3 1949 1893 1948 
3 1949 1951 1950 
3 1947 1890 1896 
3 1952 1947 1896 
3 1896 1953 1952 
3 1897 1953 1896 
3 1950 1898 1895 
3 1951 1898 1950 
3 1951 1954 1898 
3 1954 1900 1898 
3 1956 1902 1900 
3 1956 1900 1955 
3 1955 1900 1954 
3 1953 1897 1903 
3 1957 1953 1903 
3 1903 1958 1957 
3 1904 1958 1903 
3 1956 1905 1902 
3 1909 1960 1959 
3 1907 1909 1959 
3 1959 1904 1907 
3 1958 1904 1959 
3 1960 1909 1961 
3 1961 1909 1910 
3 1961 1910 1962 
3 1962 1910 1911 
3 1913 1964 1963 
3 1912 1913 1963 
3 1963 1911 1912 
3 1962 1911 1963 
3 1964 1913 1965 
3 1965 1913 1914 
3 1965 1914 1966 
3 1966 1914 1915 
3 1966 1915 1916 
3 1967 1966 1916 
3 1916 1968 1967 
3 1917 1968 1916 
3 1968 1917 1918 
3 1969 1968 1918 
3 1918 1970 1969 
3 1919 1970 1918 
3 1970 1919 1920 
3 1971 1970 1920 
3 1973 1920 1921 
3 1973 1972 1920 
3 1972 1971 1920 
3 1972 1973 1974 
3 1973 1921 1922 
3 1974 1973 1922 
3 1974 1922 1975 
3 1975 1922 1923 
3 1923 1976 1975 
3 1925 1976 1923 
3 1976 1925 1926 
3 1977 1976 1926 
3 1926 1978 1977 
3 1928 1978 1926 
3 1980 1932 1930 
3 1979 1980 1930 
3 1982 1930 1933 
3 1982 1981 1930 
3 1981 1979 1930 
3 1981 1982 1983 
3 1984 1935 1936 
3 1935 1986 1937 
3 1984 1986 1935 
3 1984 1985 1986 
3 1984 1987 1985 
3 1985 1988 1989 
3 1986 1985 1989 
3 1988 1990 1989 
3 1982 1933 1938 
3 1983 1982 1938 
3 1983 1938 1991 
3 1991 1938 1939 
3 1939 1992 1991 
3 1940 1992 1939 
3 1986 1941 1937 
3 1989 1941 1986 
3 1942 1941 1989 
3 1990 1942 1989 
3 1990 1993 1942 
3 1993 1943 1942 
3 1995 1945 1943 
3 1995 1943 1994 
3 1994 1943 1993 
3 1994 1996 1995 
3 1992 1940 1946 
3 1997 1992 1946 
3 1946 1998 1997 
3 1947 1998 1946 
3 1995 1948 1945 
3 1996 1948 1995 
3 1996 1999 1948 
3 1999 1949 1948 
3 2001 1951 1949 
3 2001 1949 2000 
3 2000 1949 1999 
3 2000 2002 2001 
3 1998 1947 1952 
3 2003 1998 1952 
3 1952 2004 2003 
3 1953 2004 1952 
3 2001 1954 1951 
3 2002 1954 2001 
3 2002 2005 1954 
3 2005 1955 1954 
3 1957 2006 2007 
3 1957 2007 1953 
3 1953 2007 2004 
3 1957 1958 2006 
3 2006 1959 1960 
3 2006 1960 2007 
3 2007 1960 2008 
3 2006 1958 1959 
3 2008 1960 2009 
3 2009 1960 1961 
3 2009 1961 2010 
3 2010 1961 1962 
3 1964 2012 2011 
3 1963 1964 2011 
3 2011 1962 1963 
3 2010 1962 2011 
3 2012 1964 2013 
3 2013 1964 1965 
3 2013 1965 2014 
3 2014 1965 1966 
3 2014 1966 1967 
3 2015 2014 1967 
3 2017 1967 1968 
3 2017 2016 1967 
3 2016 2015 1967 
3 2016 2017 2018 
3 2017 1968 1969 
3 1969 1970 2020 
3 2017 1969 2020 
3 2017 2020 2019 
3 2017 2019 2018 
3 2019 2020 2021 
3 2020 1970 1971 
3 2021 2020 1971 
3 2021 1971 2022 
3 2022 1971 1972 
3 1972 2023 2022 
3 1974 2023 1972 
3 2023 1974 1975 
3 2024 2023 1975 
3 1975 2025 2024 
3 1976 2025 1975 
3 2025 1976 1977 
3 2026 2025 1977 
3 1977 2027 2026 
3 1978 2027 1977 
3 2028 1980 1979 
3 2030 2028 1979 
3 2030 1979 2029 
3 2029 1979 1981 
3 1981 2031 2029 
3 1983 2031 1981 
3 2032 1985 1987 
3 2034 1985 2032 
3 2034 2033 1985 
3 2033 1988 1985 
3 1988 2033 2035 
3 1990 1988 2035 
3 2031 1983 1991 
3 2036 2031 1991 
3 2038 1991 1992 
3 2038 2037 1991 
3 2037 2036 1991 
3 2037 2038 2039 
3 2035 1993 1990 
3 2040 1993 2035 
3 2040 2041 1993 
3 1993 2041 1994 
3 2043 1996 1994 
3 2043 1994 2042 
3 2042 1994 2041 
3 2042 2044 2043 
3 2038 1992 1997 
3 1997 1998 2046 
3 2038 1997 2046 
3 2038 2046 2045 
3 2038 2045 2039 
3 2045 2046 2047 
3 2043 1999 1996 
3 2044 1999 2043 
3 2044 2048 1999 
3 2048 2000 1999 
3 2050 2002 2000 
3 2050 2000 2049 
3 2049 2000 2048 
3 2046 1998 2003 
3 2003 2047 2046 
3 2003 2004 2047 
3 2004 2051 2047 
3 2050 2005 2002 
3 2051 2004 2052 
3 2052 2004 2007 
3 2052 2007 2053 
3 2053 2007 2008 
3 2053 2008 2054 
3 2054 2008 2009 
3 2054 2009 2055 
3 2055 2009 2010 
3 2012 2057 2056 
3 2011 2012 2056 
3 2056 2010 2011 
3 2055 2010 2056 
3 2059 2058 2057 
3 2059 2057 2013 
3 2013 2057 2012 
3 2058 2059 2060 
3 2061 2059 2013 
3 2014 2061 2013 
3 2060 2061 2062 
3 2059 2061 2060 
3 2061 2014 2015 
3 2062 2061 2015 
3 2062 2015 2063 
3 2063 2015 2016 
3 2016 2064 2063 
3 2018 2064 2016 
3 2064 2018 2019 
3 2065 2064 2019 
3 2067 2019 2021 
3 2067 2066 2019 
3 2066 2065 2019 
3 2066 2067 2068 
3 2067 2021 2022 
3 2022 2023 2070 
3 2067 2022 2070 
3 2067 2070 2069 
3 2067 2069 2068 
3 2069 2070 2071 
3 2070 2023 2024 
3 2024 2025 2073 
3 2070 2024 2073 
3 2070 2073 2072 
3 2070 2072 2071 
3 2072 2073 2074 
3 2073 2025 2026 
3 2026 2027 2076 
3 2073 2026 2076 
3 2073 2076 2075 
3 2073 2075 2074 
3 2075 2076 2077 
3 2078 2030 2029 
3 2029 2031 2080 
3 2078 2029 2080 
3 2078 2080 2079 
3 2078 2079 2081 
3 2079 2080 2082 
3 2084 2033 2034 
3 2083 2033 2084 
3 2086 2035 2033 
3 2086 2033 2085 
3 2085 2033 2083 
3 2085 2087 2086 
3 2080 2031 2036 
3 2082 2080 2036 
3 2082 2036 2088 
3 2088 2036 2037 
3 2037 2089 2088 
3 2039 2089 2037 
3 2086 2040 2035 
3 2087 2040 2086 
3 2087 2090 2040 
3 2090 2041 2040 
3 2090 2091 2041 
3 2041 2091 2042 
3 2042 2091 2092 
3 2044 2042 2092 
3 2089 2039 2045 
3 2093 2089 2045 
3 2045 2094 2093 
3 2047 2094 2045 
3 2092 2048 2044 
3 2095 2048 2092 
3 2095 2096 2048 
3 2048 2096 2049 
3 2094 2047 2097 
3 2097 2047 2051 
3 2097 2051 2098 
3 2098 2051 2052 
3 2098 2052 2099 
3 2099 2052 2053 
3 2099 2053 2100 
3 2100 2053 2054 
3 2100 2054 2101 
3 2101 2054 2055 
3 2056 2057 2102 
3 2102 2055 2056 
3 2102 2103 2055 
3 2103 2101 2055 
3 2102 2057 2058 
3 2058 2103 2102 
3 2058 2060 2103 
3 2060 2104 2103 
3 2104 2060 2105 
3 2105 2060 2062 
3 2105 2062 2063 
3 2106 2105 2063 
3 2108 2063 2064 
3 2108 2107 2063 
3 2107 2106 2063 
3 2107 2108 2109 
3 2108 2064 2065 
3 2109 2108 2065 
3 2109 2065 2110 
3 2110 2065 2066 
3 2112 2066 2068 
3 2112 2111 2066 
3 2111 2110 2066 
3 2111 2112 2113 
3 2112 2068 2069 
3 2069 2071 2115 
3 2112 2069 2115 
3 2112 2115 2114 
3 2112 2114 2113 
3 2114 2115 2116 
3 2115 2071 2072 
3 2072 2074 2118 
3 2115 2072 2118 
3 2115 2118 2117 
3 2115 2117 2116 
3 2117 2120 2119 
3 2118 2120 2117 
3 2119 2120 2121 
3 2118 2074 2075 
3 2075 2077 2122 
3 2075 2122 2118 
3 2118 2122 2120 
3 2121 2122 2123 
3 2120 2122 2121 
3 2125 2081 2079 
3 2124 2125 2079 
3 2079 2126 2124 
3 2082 2126 2079 
3 2128 2083 2084 
3 2127 2083 2128 
3 2127 2129 2083 
3 2083 2129 2085 
3 2085 2129 2130 
3 2087 2085 2130 
3 2126 2082 2088 
3 2131 2126 2088 
3 2088 2132 2131 
3 2089 2132 2088 
3 2130 2090 2087 
3 2133 2090 2130 
3 2133 2134 2090 
3 2090 2134 2091 
3 2136 2092 2091 
3 2136 2091 2135 
3 2135 2091 2134 
3 2135 2137 2136 
3 2132 2089 2093 
3 2138 2132 2093 
3 2093 2139 2138 
3 2094 2139 2093 
3 2136 2095 2092 
3 2137 2095 2136 
3 2137 2140 2095 
3 2140 2096 2095 
3 2139 2094 2141 
3 2141 2094 2097 
3 2141 2097 2142 
3 2142 2097 2098 
3 2142 2098 2143 
3 2143 2098 2099 
3 2143 2099 2144 
3 2144 2099 2100 
3 2147 2145 2146 
3 2145 2101 2146 
3 2145 2144 2101 
3 2144 2100 2101 
3 2147 2146 2148 
3 2146 2149 2148 
3 2146 2101 2149 
3 2101 2103 2149 
3 2149 2103 2150 
3 2150 2103 2104 
3 2152 2151 2150 
3 2152 2150 2105 
3 2105 2150 2104 
3 2151 2152 2153 
3 2152 2105 2106 
3 2153 2152 2106 
3 2153 2106 2154 
3 2154 2106 2107 
3 2156 2107 2109 
3 2156 2155 2107 
3 2155 2154 2107 
3 2155 2156 2157 
3 2156 2109 2110 
3 2157 2156 2110 
3 2157 2110 2158 
3 2158 2110 2111 
3 2160 2111 2113 
3 2160 2159 2111 
3 2159 2158 2111 
3 2159 2160 2161 
3 2160 2113 2114 
3 2114 2116 2163 
3 2160 2114 2163 
3 2160 2163 2162 
3 2160 2162 2161 
3 2162 2163 2164 
3 2163 2116 2117 
3 2164 2163 2117 
3 2164 2117 2165 
3 2165 2117 2119 
3 2167 2119 2121 
3 2167 2166 2119 
3 2166 2165 2119 
3 2168 2167 2121 
3 2123 2168 2121 
3 2169 2125 2124 
3 2124 2126 2171 
3 2169 2124 2171 
3 2169 2171 2170 
3 2169 2170 2172 
3 2170 2171 2173 
3 2174 2127 2128 
3 2176 2127 2174 
3 2176 2175 2127 
3 2175 2129 2127 
3 2178 2130 2129 
3 2178 2129 2177 
3 2177 2129 2175 
3 2177 2179 2178 
3 2171 2126 2131 
3 2131 2132 2181 
3 2171 2131 2181 
3 2171 2181 2180 
3 2171 2180 2173 
3 2180 2181 2182 
3 2178 2133 2130 
3 2179 2133 2178 
3 2179 2183 2133 
3 2183 2134 2133 
3 2183 2184 2134 
3 2134 2184 2135 
3 2135 2184 2185 
3 2137 2135 2185 
3 2181 2132 2138 
3 2138 2139 2187 
3 2181 2138 2187 
3 2181 2187 2186 
3 2181 2186 2182 
3 2186 2187 2188 
3 2185 2140 2137 
3 2189 2140 2185 
3 2190 2187 2139 
3 2141 2190 2139 
3 2188 2190 2191 
3 2187 2190 2188 
3 2192 2190 2141 
3 2192 2141 2193 
3 2193 2141 2142 
3 2190 2192 2191 
3 2195 2194 2193 
3 2195 2193 2143 
3 2143 2193 2142 
3 2194 2195 2196 
3 2197 2195 2143 
3 2197 2143 2198 
3 2198 2143 2144 
3 2195 2197 2196 
3 2145 2147 2199 
3 2199 2144 2145 
3 2199 2200 2144 
3 2200 2198 2144 
3 2199 2147 2148 
3 2148 2200 2199 
3 2148 2149 2200 
3 2149 2201 2200 
3 2201 2149 2202 
3 2202 2149 2150 
3 2202 2150 2151 
3 2203 2202 2151 
3 2151 2204 2203 
3 2153 2204 2151 
3 2204 2153 2154 
3 2205 2204 2154 
3 2205 2154 2206 
3 2154 2155 2206 
3 2155 2207 2206 
3 2157 2207 2155 
3 2207 2157 2158 
3 2208 2207 2158 
3 2208 2158 2209 
3 2158 2159 2209 
3 2159 2210 2209 
3 2161 2210 2159 
3 2210 2161 2162 
3 2211 2210 2162 
3 2213 2162 2164 
3 2213 2212 2162 
3 2212 2211 2162 
3 2212 2213 2214 
3 2213 2164 2165 
3 2214 2213 2165 
3 2214 2165 2215 
3 2215 2165 2166 
3 2216 2172 2170 
3 2170 2173 2218 
3 2216 2170 2218 
3 2216 2218 2217 
3 2216 2217 2219 
3 2217 2218 2220 
3 2222 2175 2176 
3 2221 2175 2222 
3 2221 2223 2175 
3 2175 2223 2177 
3 2177 2223 2224 
3 2179 2177 2224 
3 2218 2173 2180 
3 2180 2182 2226 
3 2218 2180 2226 
3 2218 2226 2225 
3 2218 2225 2220 
3 2225 2226 2227 
3 2224 2183 2179 
3 2228 2183 2224 
3 2228 2229 2183 
3 2183 2229 2184 
3 2184 2229 2230 
3 2185 2184 2230 
3 2226 2182 2186 
3 2186 2227 2226 
3 2186 2188 2227 
3 2188 2231 2227 
3 2230 2189 2185 
3 2232 2189 2230 
3 2231 2188 2233 
3 2233 2188 2191 
3 2192 2193 2234 
3 2234 2191 2192 
3 2234 2235 2191 
3 2235 2233 2191 
3 2236 2237 2238 
3 2234 2193 2194 
3 2194 2235 2234 
3 2194 2196 2235 
3 2236 2235 2237 
3 2237 2235 2196 
3 2237 2197 2198 
3 2237 2198 2238 
3 2238 2198 2239 
3 2237 2196 2197 
3 2239 2198 2240 
3 2240 2198 2200 
3 2240 2200 2241 
3 2241 2200 2201 
3 2241 2201 2242 
3 2242 2201 2202 
3 2242 2202 2203 
3 2243 2242 2203 
3 2245 2203 2204 
3 2245 2244 2203 
3 2244 2243 2203 
3 2244 2245 2246 
3 2245 2204 2205 
3 2246 2245 2205 
3 2246 2205 2247 
3 2247 2205 2206 
3 2249 2206 2207 
3 2249 2248 2206 
3 2248 2247 2206 
3 2248 2249 2250 
3 2249 2207 2208 
3 2250 2249 2208 
3 2250 2208 2251 
3 2251 2208 2209 
3 2253 2209 2210 
3 2253 2252 2209 
3 2252 2251 2209 
3 2252 2253 2254 
3 2253 2210 2211 
3 2254 2253 2211 
3 2254 2211 2255 
3 2255 2211 2212 
3 2257 2212 2214 
3 2257 2256 2212 
3 2256 2255 2212 
3 2257 2214 2215 
3 2259 2219 2217 
3 2258 2259 2217 
3 2217 2260 2258 
3 2220 2260 2217 
3 2262 2221 2222 
3 2261 2221 2262 
3 2261 2263 2221 
3 2221 2263 2223 
3 2265 2224 2223 
3 2265 2223 2264 
3 2264 2223 2263 
3 2264 2266 2265 
3 2260 2220 2225 
3 2267 2260 2225 
3 2225 2268 2267 
3 2227 2268 2225 
3 2265 2228 2224 
3 2266 2228 2265 
3 2266 2269 2228 
3 2269 2229 2228 
3 2229 2269 2270 
3 2230 2229 2270 
3 2268 2227 2271 
3 2271 2227 2231 
3 2270 2232 2230 
3 2272 2232 2270 
3 2271 2231 2273 
3 2273 2231 2233 
3 2273 2233 2274 
3 2274 2233 2235 
3 2236 2238 2275 
3 2275 2235 2236 
3 2275 2276 2235 
3 2276 2274 2235 
3 2277 2275 2238 
3 2239 2277 2238 
3 2276 2277 2278 
3 2275 2277 2276 
3 2279 2277 2239 
3 2279 2239 2280 
3 2280 2239 2240 
3 2277 2279 2278 
3 2280 2240 2281 
3 2281 2240 2241 
3 2283 2282 2281 
3 2283 2281 2242 
3 2242 2281 2241 
3 2282 2283 2284 
3 2283 2242 2243 
3 2284 2283 2243 
3 2284 2243 2285 
3 2285 2243 2244 
3 2244 2286 2285 
3 2246 2286 2244 
3 2286 2246 2247 
3 2287 2286 2247 
3 2287 2247 2288 
3 2247 2248 2288 
3 2248 2289 2288 
3 2250 2289 2248 
3 2289 2250 2251 
3 2290 2289 2251 
3 2290 2251 2291 
3 2251 2252 2291 
3 2293 2252 2254 
3 2293 2292 2252 
3 2292 2291 2252 
3 2292 2293 2294 
3 2293 2254 2255 
3 2294 2293 2255 
3 2294 2255 2295 
3 2295 2255 2256 
3 2296 2259 2258 
3 2258 2260 2298 
3 2296 2258 2298 
3 2296 2298 2297 
3 2296 2297 2299 
3 2297 2298 2300 
3 2301 2261 2262 
3 2303 2261 2301 
3 2303 2302 2261 
3 2302 2263 2261 
3 2302 2304 2263 
3 2263 2304 2264 
3 2264 2304 2305 
3 2266 2264 2305 
3 2298 2260 2267 
3 2267 2268 2307 
3 2298 2267 2307 
3 2298 2307 2306 
3 2298 2306 2300 
3 2306 2307 2308 
3 2305 2269 2266 
3 2309 2269 2305 
3 2311 2270 2269 
3 2311 2269 2310 
3 2310 2269 2309 
3 2312 2307 2268 
3 2271 2312 2268 
3 2308 2312 2313 
3 2307 2312 2308 
3 2311 2272 2270 
3 2314 2312 2271 
3 2273 2314 2271 
3 2313 2314 2315 
3 2312 2314 2313 
3 2316 2314 2273 
3 2274 2316 2273 
3 2315 2316 2317 
3 2314 2316 2315 
3 2318 2316 2274 
3 2318 2274 2319 
3 2319 2274 2276 
3 2316 2318 2317 
3 2319 2276 2320 
3 2320 2276 2278 
3 2280 2322 2321 
3 2279 2280 2321 
3 2321 2278 2279 
3 2320 2278 2321 
3 2322 2280 2323 
3 2323 2280 2281 
3 2323 2281 2282 
3 2324 2323 2282 
3 2326 2282 2284 
3 2326 2325 2282 
3 2325 2324 2282 
3 2325 2326 2327 
3 2326 2284 2285 
3 2285 2286 2329 
3 2326 2285 2329 
3 2326 2329 2328 
3 2326 2328 2327 
3 2328 2329 2330 
3 2329 2286 2287 
3 2330 2329 2287 
3 2330 2287 2331 
3 2331 2287 2288 
3 2333 2288 2289 
3 2333 2332 2288 
3 2332 2331 2288 
3 2332 2333 2334 
3 2333 2289 2290 
3 2334 2333 2290 
3 2334 2290 2335 
3 2335 2290 2291 
3 2335 2291 2336 
3 2291 2292 2336 
3 2292 2337 2336 
3 2294 2337 2292 
3 2337 2294 2295 
3 2338 2337 2295 
3 2339 2299 2297 
3 2297 2300 2341 
3 2339 2297 2341 
3 2339 2341 2340 
3 2339 2340 2342 
3 2340 2341 2343 
3 2344 2302 2303 
3 2346 2302 2344 
3 2346 2345 2302 
3 2345 2304 2302 
3 2304 2345 2347 
3 2305 2304 2347 
3 2341 2300 2306 
3 2306 2343 2341 
3 2306 2308 2343 
3 2308 2348 2343 
3 2347 2309 2305 
3 2349 2309 2347 
3 2349 2350 2309 
3 2309 2350 2310 
3 2352 2351 2348 
3 2352 2348 2313 
3 2313 2348 2308 
3 2351 2352 2353 
3 2354 2352 2313 
3 2315 2354 2313 
3 2353 2356 2355 
3 2353 2352 2356 
3 2352 2354 2356 
3 2355 2356 2357 
3 2358 2354 2315 
3 2317 2358 2315 
3 2354 2358 2356 
3 2356 2358 2359 
3 2357 2359 2360 
3 2356 2359 2357 
3 2318 2319 2361 
3 2317 2318 2361 
3 2317 2361 2358 
3 2358 2361 2362 
3 2358 2362 2359 
3 2359 2362 2363 
3 2360 2363 2364 
3 2359 2363 2360 
3 2365 2361 2319 
3 2320 2365 2319 
3 2361 2365 2362 
3 2362 2365 2366 
3 2362 2366 2363 
3 2363 2366 2367 
3 2364 2369 2368 
3 2364 2363 2369 
3 2363 2367 2369 
3 2368 2371 2370 
3 2369 2371 2368 
3 2370 2371 2372 
3 2321 2322 2373 
3 2373 2375 2374 
3 2321 2373 2374 
3 2321 2374 2365 
3 2321 2365 2320 
3 2365 2376 2366 
3 2374 2376 2365 
3 2378 2366 2376 
3 2378 2377 2366 
3 2377 2367 2366 
3 2367 2377 2369 
3 2369 2377 2379 
3 2369 2379 2371 
3 2371 2379 2380 
3 2372 2382 2381 
3 2372 2371 2382 
3 2371 2380 2382 
3 2381 2382 2383 
3 2384 2373 2322 
3 2323 2384 2322 
3 2375 2386 2385 
3 2375 2373 2386 
3 2373 2384 2386 
3 2385 2386 2387 
3 2378 2388 2377 
3 2377 2389 2379 
3 2388 2389 2377 
3 2391 2379 2389 
3 2391 2390 2379 
3 2390 2380 2379 
3 2392 2390 2393 
3 2392 2382 2390 
3 2382 2380 2390 
3 2382 2392 2383 
3 2384 2323 2324 
3 2386 2384 2324 
3 2325 2386 2324 
3 2325 2327 2395 
3 2386 2325 2395 
3 2386 2395 2394 
3 2386 2394 2387 
3 2394 2395 2396 
3 2391 2397 2390 
3 2390 2397 2393 
3 2395 2327 2328 
3 2328 2330 2399 
3 2395 2328 2399 
3 2395 2399 2398 
3 2395 2398 2396 
3 2398 2399 2400 
3 2399 2330 2331 
3 2400 2399 2331 
3 2400 2331 2401 
3 2401 2331 2332 
3 2403 2332 2334 
3 2403 2402 2332 
3 2402 2401 2332 
3 2402 2403 2404 
3 2403 2334 2335 
3 2404 2403 2335 
3 2404 2335 2405 
3 2405 2335 2336 
3 2407 2336 2337 
3 2407 2406 2336 
3 2406 2405 2336 
3 2407 2337 2338 
3 2409 2342 2340 
3 2408 2409 2340 
3 2340 2410 2408 
3 2343 2410 2340 
3 2412 2345 2346 
3 2411 2345 2412 
3 2345 2411 2413 
3 2347 2345 2413 
3 2415 2414 2410 
3 2415 2410 2348 
3 2348 2410 2343 
3 2414 2415 2416 
3 2413 2349 2347 
3 2417 2349 2413 
3 2417 2418 2349 
3 2349 2418 2350 
3 2415 2348 2351 
3 2351 2353 2420 
3 2415 2351 2420 
3 2415 2420 2419 
3 2415 2419 2416 
3 2419 2422 2421 
3 2420 2422 2419 
3 2421 2422 2423 
3 2420 2353 2355 
3 2355 2357 2424 
3 2355 2424 2420 
3 2420 2424 2422 
3 2423 2426 2425 
3 2423 2422 2426 
3 2422 2424 2426 
3 2425 2426 2427 
3 2428 2424 2357 
3 2360 2428 2357 
3 2424 2428 2426 
3 2426 2428 2429 
3 2427 2431 2430 
3 2427 2426 2431 
3 2426 2429 2431 
3 2430 2431 2432 
3 2433 2428 2360 
3 2364 2433 2360 
3 2428 2433 2429 
3 2429 2433 2434 
3 2429 2434 2431 
3 2431 2434 2435 
3 2432 2437 2436 
3 2432 2431 2437 
3 2431 2435 2437 
3 2433 2364 2368 
3 2434 2433 2368 
3 2370 2434 2368 
3 2370 2372 2438 
3 2370 2438 2434 
3 2434 2438 2435 
3 2439 2438 2440 
3 2439 2437 2438 
3 2437 2435 2438 
3 2374 2375 2441 
3 2376 2374 2441 
3 2442 2376 2441 
3 2376 2442 2378 
3 2438 2372 2381 
3 2381 2383 2444 
3 2438 2381 2444 
3 2438 2444 2443 
3 2438 2443 2440 
3 2441 2375 2385 
3 2385 2387 2445 
3 2385 2445 2441 
3 2441 2445 2442 
3 2388 2378 2442 
3 2388 2442 2446 
3 2446 2442 2445 
3 2389 2388 2446 
3 2447 2389 2446 
3 2389 2447 2391 
3 2392 2393 2448 
3 2383 2392 2448 
3 2383 2448 2444 
3 2444 2448 2449 
3 2445 2387 2394 
3 2394 2396 2450 
3 2394 2450 2445 
3 2445 2450 2446 
3 2446 2450 2447 
3 2447 2450 2451 
3 2397 2391 2447 
3 2397 2447 2452 
3 2452 2447 2451 
3 2393 2397 2452 
3 2393 2452 2448 
3 2448 2452 2453 
3 2448 2453 2449 
3 2449 2453 2454 
3 2450 2396 2398 
3 2398 2400 2455 
3 2398 2455 2450 
3 2450 2455 2451 
3 2451 2455 2452 
3 2452 2455 2456 
3 2452 2456 2453 
3 2453 2456 2457 
3 2453 2457 2454 
3 2454 2457 2458 
3 2455 2400 2401 
3 2456 2455 2401 
3 2402 2456 2401 
3 2402 2404 2459 
3 2402 2459 2456 
3 2456 2459 2457 
3 2457 2459 2458 
3 2458 2459 2460 
3 2459 2404 2405 
3 2460 2459 2405 
3 2406 2460 2405 
3 2461 2409 2408 
3 2408 2410 2463 
3 2461 2408 2463 
3 2461 2463 2462 
3 2461 2462 2464 
3 2462 2463 2465 
3 2466 2411 2412 
3 2411 2468 2413 
3 2466 2468 2411 
3 2466 2467 2468 
3 2466 2469 2467 
3 2467 2470 2468 
3 2463 2410 2414 
3 2414 2416 2472 
3 2463 2414 2472 
3 2463 2472 2471 
3 2463 2471 2465 
3 2471 2472 2473 
3 2468 2417 2413 
3 2470 2417 2468 
3 2470 2474 2417 
3 2474 2418 2417 
3 2472 2416 2419 
3 2473 2472 2419 
3 2473 2419 2475 
3 2475 2419 2421 
3 2477 2421 2423 
3 2477 2476 2421 
3 2476 2475 2421 
3 2476 2477 2478 
3 2477 2423 2425 
3 2425 2427 2480 
3 2477 2425 2480 
3 2477 2480 2479 
3 2477 2479 2478 
3 2479 2480 2481 
3 2480 2427 2430 
3 2430 2432 2483 
3 2480 2430 2483 
3 2480 2483 2482 
3 2480 2482 2481 
3 2483 2432 2436 
3 2439 2440 2484 
3 2484 2440 2443 
3 2485 2464 2462 
3 2462 2486 2485 
3 2462 2465 2486 
3 2465 2487 2486 
3 2489 2467 2469 
3 2488 2467 2489 
3 2491 2470 2467 
3 2491 2467 2490 
3 2490 2467 2488 
3 2487 2465 2471 
3 2492 2487 2471 
3 2494 2471 2473 
3 2494 2493 2471 
3 2493 2492 2471 
3 2493 2494 2495 
3 2491 2474 2470 
3 2494 2473 2475 
3 2495 2494 2475 
3 2495 2475 2496 
3 2496 2475 2476 
3 2498 2476 2478 
3 2498 2497 2476 
3 2497 2496 2476 
3 2497 2498 2499 
3 2498 2478 2479 
3 2479 2481 2501 
3 2498 2479 2501 
3 2498 2501 2500 
3 2498 2500 2499 
3 2501 2481 2482 
3 2503 2502 2486 
3 2487 2503 2486 
3 2506 2505 2504 
3 2506 2502 2505 
3 2502 2503 2505 
3 2504 2505 2507 
3 2508 2488 2489 
3 2510 2488 2508 
3 2510 2509 2488 
3 2509 2490 2488 
3 2503 2487 2492 
3 2505 2503 2492 
3 2493 2505 2492 
3 2493 2495 2512 
3 2505 2493 2512 
3 2505 2512 2511 
3 2505 2511 2507 
3 2511 2512 2513 
3 2512 2495 2496 
3 2513 2512 2496 
3 2513 2496 2514 
3 2514 2496 2497 
3 2497 2515 2514 
3 2499 2515 2497 
3 2515 2499 2500 
3 2516 2515 2500 
3 2518 2506 2504 
3 2517 2518 2504 
3 2520 2504 2507 
3 2520 2519 2504 
3 2519 2517 2504 
3 2519 2520 2521 
3 599 2509 2510 
3 2520 2507 2511 
3 2511 2513 2523 
3 2520 2511 2523 
3 2520 2523 2522 
3 2520 2522 2521 
3 2522 2525 2524 
3 2523 2525 2522 
3 2523 2513 2514 
3 2514 2515 2526 
3 2514 2526 2523 
3 2523 2526 2525 
3 2526 2515 2516 
3 865 2527 863 
3 2527 867 863 
3 2527 865 935 
3 935 867 2527 
3 938 2528 937 
3 2528 940 937 
3 1024 2529 1023 
3 938 1023 2529 
3 938 2529 2528 
3 2528 2529 2530 
3 2528 2530 1026 
3 940 2528 1026 
3 1024 1087 2531 
3 2529 1024 2531 
3 2531 2532 2529 
3 2529 2532 2530 
3 2530 2532 1089 
3 1026 2530 1089 
3 1087 1146 2533 
3 2531 1087 2533 
3 2533 2534 2531 
3 2531 2534 2532 
3 2532 2534 1148 
3 1089 2532 1148 
3 1202 2535 1199 
3 1146 1199 2535 
3 1146 2535 2533 
3 2533 2535 2536 
3 2536 2537 2533 
3 2533 2537 2534 
3 1204 1148 2534 
3 1204 2534 2538 
3 2538 2534 2537 
3 2538 1206 1204 
3 2541 2539 2540 
3 2539 2542 2540 
3 2535 1202 1261 
3 1261 1262 2543 
3 1261 2543 2535 
3 2535 2543 2536 
3 2540 2543 2541 
3 2540 2537 2543 
3 2537 2536 2543 
3 2542 2537 2540 
3 2542 2544 2537 
3 2544 2538 2537 
3 1264 1206 2538 
3 1264 2538 2545 
3 2545 2538 2544 
3 2545 1266 1264 
3 2541 2547 2546 
3 2539 2541 2546 
3 2549 2542 2539 
3 2549 2539 2548 
3 2548 2539 2546 
3 2548 2550 2549 
3 1262 1323 2551 
3 2543 1262 2551 
3 2551 2541 2543 
3 2547 2541 2551 
3 2549 2544 2542 
3 2550 2544 2549 
3 2550 2552 2544 
3 2552 2545 2544 
3 2545 2552 1325 
3 1266 2545 1325 
3 2555 2553 2554 
3 2547 2554 2553 
3 2547 2553 2546 
3 2546 2553 2556 
3 2556 2557 2546 
3 2546 2557 2548 
3 2548 2557 2558 
3 2550 2548 2558 
3 1382 2559 1381 
3 2554 2551 1323 
3 2555 2554 1323 
3 2555 1323 1381 
3 2555 1381 2559 
3 2554 2547 2551 
3 2558 2552 2550 
3 2560 2552 2558 
3 2552 2560 1385 
3 1325 2552 1385 
3 2555 2562 2561 
3 2553 2555 2561 
3 2561 2563 2553 
3 2553 2563 2556 
3 2563 2564 2556 
3 2556 2564 2557 
3 2557 2564 2565 
3 2558 2557 2565 
3 2559 1382 1443 
3 1443 2555 2559 
3 1443 1445 2555 
3 1445 2562 2555 
3 2565 2560 2558 
3 2566 2560 2565 
3 2560 2566 1448 
3 1385 2560 1448 
3 2561 2562 2567 
3 2567 2569 2568 
3 2567 2568 2561 
3 2561 2568 2563 
3 2568 2570 2563 
3 2563 2570 2564 
3 2572 2565 2564 
3 2572 2564 2571 
3 2571 2564 2570 
3 2571 2573 2572 
3 2574 2567 2562 
3 2574 2562 1509 
3 1509 2562 1445 
3 2567 2574 2569 
3 2572 2566 2565 
3 2566 2572 2573 
3 2566 2573 1448 
3 1448 2573 1512 
3 2577 2575 2576 
3 2575 2578 2576 
3 2581 2579 2580 
3 2569 2580 2579 
3 2569 2579 2568 
3 2568 2579 2582 
3 2576 2582 2577 
3 2576 2570 2582 
3 2570 2568 2582 
3 2578 2570 2576 
3 2578 2583 2570 
3 2583 2571 2570 
3 2571 2583 2584 
3 2573 2571 2584 
3 2580 2585 2581 
3 2574 1509 1570 
3 1570 2569 2574 
3 1570 1573 2569 
3 2580 2569 2585 
3 2585 2569 1573 
3 1575 2584 2586 
3 1575 1512 2584 
3 1512 2573 2584 
3 2586 1577 1575 
3 1653 2587 2588 
3 1654 1653 2588 
3 2587 2589 2588 
3 2592 2590 2591 
3 2590 2593 2594 
3 2591 2590 2594 
3 2593 2595 2594 
3 1654 2588 2596 
3 1656 1654 2596 
3 2589 2596 2588 
3 2592 2591 2597 
3 2591 2594 2598 
3 2597 2591 2598 
3 2594 2595 2598 
3 1672 2599 2600 
3 1673 1672 2600 
3 2599 2601 2600 
3 1673 2600 2602 
3 1678 1673 2602 
3 2601 2602 2600 
3 2603 2604 2605 
3 2603 2606 2604 
3 1682 2607 2608 
3 1683 1682 2608 
3 2605 2604 2609 
3 2610 2608 2607 
3 2604 2606 2609 
3 2611 2612 2613 
3 2611 2614 2615 
3 2612 2611 2615 
3 2614 2616 2615 
3 2608 1653 1683 
3 2587 1653 2608 
3 2608 2610 2617 
3 2608 2617 2618 
3 2608 2618 2587 
3 2589 2587 2618 
3 2617 2613 2618 
3 2618 2613 2612 
3 2618 2612 2619 
3 2592 2615 2590 
3 2592 2619 2615 
3 2619 2612 2615 
3 2615 2593 2590 
3 2615 2621 2593 
3 2615 2616 2621 
3 2620 2593 2621 
3 2620 2595 2593 
3 2624 2622 2623 
3 2622 2625 2623 
3 1687 1656 2626 
3 1656 2596 2626 
3 2589 2618 2596 
3 2596 2618 2627 
3 2596 2627 2626 
3 2618 2619 2628 
3 2618 2628 2627 
3 2630 2597 2629 
3 2628 2597 2630 
3 2628 2592 2597 
3 2628 2619 2592 
3 2629 2621 2631 
3 2629 2598 2621 
3 2629 2597 2598 
3 2598 2620 2621 
3 2624 2623 2632 
3 2620 2598 2595 
3 2623 2625 2632 
3 2630 2629 2633 
3 2629 2631 2633 
3 1713 2634 1672 
3 1672 2634 2599 
3 2599 2634 2635 
3 2601 2599 2635 
3 2602 1716 1678 
3 2636 1716 2602 
3 2603 2636 2637 
3 2603 2605 2636 
3 2637 2636 2635 
3 2602 2601 2636 
3 2635 2636 2601 
3 2603 2637 2638 
3 2606 2603 2638 
3 2636 1682 1716 
3 2607 1682 2636 
3 2609 2636 2605 
3 2609 2639 2636 
3 2607 2636 2610 
3 2610 2636 2639 
3 2611 2639 2640 
3 2611 2613 2639 
3 2640 2639 2638 
3 2609 2606 2639 
3 2638 2639 2606 
3 2640 2641 2611 
3 2611 2641 2614 
3 2614 2641 2642 
3 2616 2614 2642 
3 2639 2617 2610 
3 2639 2613 2617 
3 2644 2642 2643 
3 2644 2621 2642 
3 2621 2616 2642 
3 2624 2644 2643 
3 2624 2643 2622 
3 2622 2643 2645 
3 2647 2625 2622 
3 2647 2622 2646 
3 2646 2622 2645 
3 2646 2648 2647 
3 1722 1687 2649 
3 1687 2626 2649 
3 2649 2626 2650 
3 2626 2627 2650 
3 2650 2627 2651 
3 2627 2628 2651 
3 2628 2652 2651 
3 2630 2652 2628 
3 2653 2621 2644 
3 2631 2621 2653 
3 2632 2644 2624 
3 2632 2654 2644 
3 2654 2653 2644 
3 2654 2655 2656 
3 2632 2655 2654 
3 2632 2647 2655 
3 2632 2625 2647 
3 2647 2648 2655 
3 2652 2630 2633 
3 2657 2652 2633 
3 2631 2653 2658 
3 2631 2658 2633 
3 2633 2658 2657 
3 2653 2654 2659 
3 2658 2653 2659 
3 2654 2656 2659 
3 2662 2660 2661 
3 2660 2663 2664 
3 2661 2660 2664 
3 2663 2665 2664 
3 2662 2661 2666 
3 2661 2664 2667 
3 2666 2661 2667 
3 2664 2665 2667 
3 1747 2668 1713 
3 1713 2668 2634 
3 2634 2668 2669 
3 2635 2634 2669 
3 2669 2637 2635 
3 2670 2637 2669 
3 2637 2670 2671 
3 2638 2637 2671 
3 2671 2640 2638 
3 2672 2640 2671 
3 2672 2673 2640 
3 2640 2673 2641 
3 2675 2642 2641 
3 2675 2641 2674 
3 2674 2641 2673 
3 2674 2676 2675 
3 1756 1757 2677 
3 2675 2643 2642 
3 2676 2643 2675 
3 2676 2678 2643 
3 2678 2645 2643 
3 2678 2679 2645 
3 2645 2679 2646 
3 2646 2679 2680 
3 2648 2646 2680 
3 2677 1757 1722 
3 2677 1722 2681 
3 2681 1722 2649 
3 2681 2649 2682 
3 2649 2650 2682 
3 2684 2651 2683 
3 2684 2682 2651 
3 2682 2650 2651 
3 2651 2652 2683 
3 2655 2685 2656 
3 2686 2648 2680 
3 2686 2685 2648 
3 2686 2687 2685 
3 2655 2648 2685 
3 2686 2688 2689 
3 2687 2686 2689 
3 2688 2690 2689 
3 2684 2683 2691 
3 2683 2652 2657 
3 2683 2657 2691 
3 2691 2657 2692 
3 2692 2657 2693 
3 2657 2658 2693 
3 2693 2658 2694 
3 2658 2659 2694 
3 2656 2694 2659 
3 2656 2695 2694 
3 2656 2685 2695 
3 2695 2696 2694 
3 2685 2687 2695 
3 2687 2697 2695 
3 2660 2662 2699 
3 2698 2700 2689 
3 2689 2700 2697 
3 2689 2697 2687 
3 2690 2698 2689 
3 2701 2660 2702 
3 2701 2663 2660 
3 2660 2699 2702 
3 2704 2665 2663 
3 2704 2663 2703 
3 2703 2663 2701 
3 2703 2705 2704 
3 2696 2695 2706 
3 2695 2697 2707 
3 2706 2695 2707 
3 2697 2700 2707 
3 2662 2666 2699 
3 2702 2699 2666 
3 2702 2666 2708 
3 2708 2666 2667 
3 2665 2704 2709 
3 2665 2709 2667 
3 2667 2709 2708 
3 2705 2709 2704 
3 2710 2711 2712 
3 2710 2713 2714 
3 2711 2710 2714 
3 2713 2715 2714 
3 2717 2716 2668 
3 2717 2668 1782 
3 1782 2668 1747 
3 2668 2716 2669 
3 2717 2718 2716 
3 2716 2670 2669 
3 2716 2718 2670 
3 2718 2719 2670 
3 2670 2719 2720 
3 2671 2670 2720 
3 2720 2672 2671 
3 2721 2672 2720 
3 2721 2722 2672 
3 2672 2722 2673 
3 2722 2723 2673 
3 2673 2723 2674 
3 2674 2723 2724 
3 2676 2674 2724 
3 1756 2725 1788 
3 2677 2725 1756 
3 2724 2678 2676 
3 2726 2678 2724 
3 2726 2727 2678 
3 2678 2727 2679 
3 2729 2680 2679 
3 2729 2679 2728 
3 2728 2679 2727 
3 2728 2730 2729 
3 2725 2677 2681 
3 2731 2725 2681 
3 2731 2681 2732 
3 2681 2682 2732 
3 2734 2682 2684 
3 2734 2733 2682 
3 2733 2732 2682 
3 2733 2736 2735 
3 2734 2736 2733 
3 2735 2736 2737 
3 2729 2686 2680 
3 2730 2686 2729 
3 2730 2738 2686 
3 2738 2688 2686 
3 2688 2738 2739 
3 2690 2688 2739 
3 2734 2684 2691 
3 2736 2734 2691 
3 2692 2736 2691 
3 2737 2736 2692 
3 2737 2692 2740 
3 2740 2692 2693 
3 2740 2693 2741 
3 2693 2694 2741 
3 2694 2742 2741 
3 2696 2742 2694 
3 2698 2743 2700 
3 2701 2743 2744 
3 2701 2702 2743 
3 2744 2743 2739 
3 2698 2690 2743 
3 2739 2743 2690 
3 2746 2745 2703 
3 2746 2703 2744 
3 2744 2703 2701 
3 2703 2745 2705 
3 2742 2696 2706 
3 2747 2742 2706 
3 2747 2706 2748 
3 2706 2707 2748 
3 2700 2743 2749 
3 2700 2749 2707 
3 2707 2749 2748 
3 2751 2708 2750 
3 2749 2708 2751 
3 2749 2702 2708 
3 2749 2743 2702 
3 2709 2746 2708 
3 2709 2745 2746 
3 2708 2746 2750 
3 2752 2753 2746 
3 2750 2746 2753 
3 2745 2709 2705 
3 2752 2710 2753 
3 2752 2754 2710 
3 2710 2712 2753 
3 2754 2755 2710 
3 2710 2755 2713 
3 2713 2755 2756 
3 2715 2713 2756 
3 1782 1814 2757 
3 2717 1782 2757 
3 2757 2718 2717 
3 2758 2718 2757 
3 2758 2759 2718 
3 2718 2759 2719 
3 2719 2759 2760 
3 2720 2719 2760 
3 2760 2721 2720 
3 2761 2721 2760 
3 2761 2762 2721 
3 2721 2762 2722 
3 2762 2763 2722 
3 2722 2763 2723 
3 2723 2763 2764 
3 2724 2723 2764 
3 1788 2765 1820 
3 2725 2765 1788 
3 2764 2726 2724 
3 2766 2726 2764 
3 2766 2767 2726 
3 2726 2767 2727 
3 2769 2768 2728 
3 2769 2728 2767 
3 2767 2728 2727 
3 2728 2768 2730 
3 2765 2725 2731 
3 2770 2765 2731 
3 2770 2731 2771 
3 2731 2732 2771 
3 2771 2732 2772 
3 2732 2733 2772 
3 2774 2735 2773 
3 2774 2772 2735 
3 2772 2733 2735 
3 2735 2737 2773 
3 2769 2775 2768 
3 2777 2776 2738 
3 2775 2777 2738 
3 2775 2738 2730 
3 2775 2730 2768 
3 2738 2776 2739 
3 2774 2773 2778 
3 2773 2737 2740 
3 2773 2740 2778 
3 2778 2740 2779 
3 2779 2740 2780 
3 2740 2741 2780 
3 2741 2781 2780 
3 2742 2781 2741 
3 2777 2782 2776 
3 2776 2744 2739 
3 2776 2782 2744 
3 2782 2783 2744 
3 2744 2783 2784 
3 2746 2744 2784 
3 2781 2742 2747 
3 2785 2781 2747 
3 2785 2747 2786 
3 2747 2748 2786 
3 2786 2748 2787 
3 2748 2749 2787 
3 2749 2788 2787 
3 2751 2788 2749 
3 2784 2752 2746 
3 2789 2752 2784 
3 2789 2790 2752 
3 2752 2790 2754 
3 2790 2791 2754 
3 2754 2791 2755 
3 2755 2791 2792 
3 2756 2755 2792 
3 1814 1857 2757 
3 1857 2758 2757 
3 1857 1861 2758 
3 1861 2793 2758 
3 2795 2794 2759 
3 2795 2759 2793 
3 2793 2759 2758 
3 2759 2794 2760 
3 2795 2796 2794 
3 2794 2761 2760 
3 2794 2796 2761 
3 2796 2797 2761 
3 2797 2798 2761 
3 2761 2798 2762 
3 2800 2799 2763 
3 2800 2763 2798 
3 2798 2763 2762 
3 2763 2799 2764 
3 2802 1820 2765 
3 2802 2801 1820 
3 2801 1866 1820 
3 2801 2802 2803 
3 2800 2804 2799 
3 2799 2766 2764 
3 2799 2804 2766 
3 2804 2805 2766 
3 2805 2806 2766 
3 2766 2806 2767 
3 2767 2806 2807 
3 2769 2767 2807 
3 2802 2765 2770 
3 2803 2802 2770 
3 2803 2770 2808 
3 2808 2770 2771 
3 2808 2771 2809 
3 2771 2772 2809 
3 2811 2772 2774 
3 2811 2810 2772 
3 2810 2809 2772 
3 2810 2811 2812 
3 2807 2775 2769 
3 2813 2775 2807 
3 2815 2777 2775 
3 2815 2775 2814 
3 2814 2775 2813 
3 2814 2816 2815 
3 2811 2774 2778 
3 2812 2811 2778 
3 2812 2778 2817 
3 2817 2778 2779 
3 2819 2780 2818 
3 2819 2817 2780 
3 2817 2779 2780 
3 2780 2781 2818 
3 2815 2782 2777 
3 2816 2782 2815 
3 2816 2820 2782 
3 2820 2783 2782 
3 2783 2820 2821 
3 2784 2783 2821 
3 2819 2818 2822 
3 2818 2781 2785 
3 2818 2785 2822 
3 2822 2785 2823 
3 2823 2785 2824 
3 2785 2786 2824 
3 2826 2787 2825 
3 2826 2824 2787 
3 2824 2786 2787 
3 2787 2788 2825 
3 2821 2789 2784 
3 2827 2789 2821 
3 2827 2828 2789 
3 2789 2828 2790 
3 2828 2829 2790 
3 2790 2829 2791 
3 2831 2792 2791 
3 2831 2791 2830 
3 2830 2791 2829 
3 2830 2832 2831 
3 674 2833 1861 
3 1861 2833 2793 
3 2793 2833 2834 
3 2795 2793 2834 
3 2834 2796 2795 
3 2835 2796 2834 
3 2835 2836 2796 
3 2796 2836 2797 
3 2836 2837 2797 
3 2797 2837 2798 
3 2798 2837 2838 
3 2800 2798 2838 
3 2840 2801 2839 
3 2840 682 2801 
3 682 1866 2801 
3 2801 2803 2839 
3 2838 2804 2800 
3 2841 2804 2838 
3 2841 2842 2804 
3 2804 2842 2805 
3 2844 2843 2806 
3 2844 2806 2842 
3 2842 2806 2805 
3 2806 2843 2807 
3 2840 2839 2845 
3 2839 2803 2808 
3 2839 2808 2845 
3 2845 2808 2846 
3 2846 2808 2847 
3 2808 2809 2847 
3 2849 2810 2848 
3 2849 2847 2810 
3 2847 2809 2810 
3 2810 2812 2848 
3 2844 2850 2843 
3 2843 2813 2807 
3 2843 2850 2813 
3 2850 2851 2813 
3 2853 2852 2814 
3 2853 2814 2851 
3 2851 2814 2813 
3 2814 2852 2816 
3 2849 2848 2854 
3 2848 2812 2817 
3 2848 2817 2854 
3 2854 2817 2855 
3 2817 2856 2855 
3 2819 2856 2817 
3 2853 2857 2852 
3 2852 2820 2816 
3 2852 2857 2820 
3 2857 2858 2820 
3 2860 2821 2820 
3 2860 2820 2859 
3 2859 2820 2858 
3 2859 2861 2860 
3 2856 2819 2822 
3 2862 2856 2822 
3 2862 2822 2863 
3 2822 2823 2863 
3 2865 2824 2864 
3 2865 2863 2824 
3 2863 2823 2824 
3 2824 2826 2864 
3 2860 2827 2821 
3 2861 2827 2860 
3 2861 2866 2827 
3 2866 2828 2827 
3 2866 2867 2828 
3 2828 2867 2829 
3 2869 2868 2830 
3 2869 2830 2867 
3 2867 2830 2829 
3 2830 2868 2832 
3 2577 2871 2870 
3 2575 2577 2870 
3 2575 2870 2872 
3 2578 2575 2872 
3 2581 2874 2873 
3 2579 2581 2873 
3 2873 2875 2579 
3 2579 2875 2582 
3 2875 2577 2582 
3 2871 2577 2875 
3 2872 2583 2578 
3 2876 2583 2872 
3 2583 2876 2877 
3 2584 2583 2877 
3 2874 2581 2585 
3 2878 2874 2585 
3 2585 1871 2878 
3 1573 1871 2585 
3 2877 2586 2584 
3 2879 2586 2877 
3 1873 1577 2586 
3 1873 2586 2880 
3 2880 2586 2879 
3 2880 1876 1873 
3 2883 2881 2882 
3 2871 2882 2881 
3 2871 2881 2870 
3 2870 2881 2884 
3 2886 2872 2870 
3 2886 2870 2885 
3 2885 2870 2884 
3 2885 2887 2886 
3 2873 2874 2888 
3 2888 2889 2883 
3 2888 2883 2875 
3 2888 2875 2873 
3 2875 2883 2882 
3 2882 2871 2875 
3 2886 2876 2872 
3 2876 2891 2877 
3 2886 2891 2876 
3 2886 2890 2891 
3 2886 2887 2890 
3 2890 2892 2891 
3 2888 2874 2878 
3 2878 1871 1929 
3 2888 2878 1929 
3 2888 1929 2893 
3 2888 2893 2889 
3 2893 1929 1932 
3 2891 2879 2877 
3 2892 2879 2891 
3 2892 2894 2879 
3 2894 2880 2879 
3 1934 1876 2880 
3 1934 2880 2895 
3 2895 2880 2894 
3 2895 1936 1934 
3 2881 2883 2896 
3 2896 2898 2897 
3 2896 2897 2881 
3 2881 2897 2884 
3 2900 2899 2885 
3 2900 2885 2897 
3 2897 2885 2884 
3 2899 2887 2885 
3 2903 2901 2902 
3 2901 2904 2902 
3 2905 2896 2883 
3 2905 2883 2906 
3 2906 2883 2889 
3 2896 2905 2898 
3 2900 2907 2899 
3 2902 2907 2903 
3 2902 2890 2907 
3 2899 2907 2887 
3 2887 2907 2890 
3 2890 2909 2892 
3 2902 2909 2890 
3 2902 2908 2909 
3 2902 2904 2908 
3 2908 2910 2909 
3 2906 2889 2893 
3 2911 2906 2893 
3 2893 1980 2911 
3 1932 1980 2893 
3 2909 2894 2892 
3 2910 2894 2909 
3 2910 2912 2894 
3 2912 2895 2894 
3 1984 1936 2895 
3 1984 2895 2913 
3 2913 2895 2912 
3 2913 1987 1984 
3 2914 2897 2898 
3 2914 2898 2915 
3 2917 2900 2897 
3 2917 2897 2916 
3 2916 2897 2914 
3 2919 2917 2916 
3 2918 2901 2903 
3 2901 2918 2904 
3 2905 2906 2920 
3 2920 2898 2905 
3 2920 2921 2898 
3 2921 2915 2898 
3 2917 2907 2900 
3 2903 2922 2918 
3 2903 2907 2922 
3 2919 2922 2917 
3 2917 2922 2907 
3 2918 2908 2904 
3 2918 2922 2908 
3 2922 2923 2908 
3 2925 2910 2908 
3 2925 2908 2924 
3 2924 2908 2923 
3 2924 2926 2925 
3 2920 2906 2911 
3 2911 1980 2028 
3 2920 2911 2028 
3 2920 2028 2927 
3 2920 2927 2921 
3 2927 2028 2030 
3 2925 2912 2910 
3 2926 2912 2925 
3 2926 2928 2912 
3 2928 2913 2912 
3 2032 1987 2913 
3 2032 2913 2929 
3 2929 2913 2928 
3 2929 2034 2032 
3 2915 2931 2930 
3 2915 2930 2914 
3 2933 2932 2916 
3 2933 2916 2930 
3 2930 2916 2914 
3 2932 2919 2916 
3 2936 2934 2935 
3 2934 2937 2935 
3 2931 2915 2938 
3 2938 2915 2921 
3 2933 2939 2932 
3 2935 2939 2936 
3 2935 2922 2939 
3 2932 2939 2919 
3 2919 2939 2922 
3 2937 2922 2935 
3 2937 2940 2922 
3 2940 2923 2922 
3 2940 2941 2923 
3 2923 2941 2924 
3 2924 2941 2942 
3 2926 2924 2942 
3 2938 2921 2927 
3 2943 2938 2927 
3 2078 2927 2030 
3 2078 2944 2927 
3 2944 2943 2927 
3 2944 2078 2081 
3 2942 2928 2926 
3 2945 2928 2942 
3 2945 2946 2928 
3 2928 2946 2929 
3 2929 2946 2084 
3 2034 2929 2084 
3 2930 2931 2947 
3 2930 2947 2933 
3 2934 2936 2948 
3 2934 2948 2937 
3 2949 2947 2931 
3 2949 2931 2938 
3 2933 2947 2949 
3 2933 2949 2950 
3 2933 2950 2939 
3 2951 2950 2949 
3 2936 2952 2948 
3 2936 2939 2952 
3 2939 2950 2952 
3 2948 2940 2937 
3 2948 2952 2940 
3 2952 2953 2940 
3 2953 2954 2940 
3 2940 2954 2941 
3 2941 2954 2955 
3 2942 2941 2955 
3 2938 2943 2949 
3 2951 2949 2943 
3 2951 2943 2956 
3 2956 2943 2944 
3 2944 2125 2956 
3 2081 2125 2944 
3 2955 2945 2942 
3 2957 2945 2955 
3 2957 2958 2945 
3 2945 2958 2946 
3 2946 2958 2128 
3 2084 2946 2128 
3 2961 2959 2960 
3 2959 2962 2963 
3 2960 2959 2963 
3 2962 2964 2963 
3 2950 2951 2965 
3 2965 2966 2961 
3 2965 2961 2952 
3 2965 2952 2950 
3 2952 2961 2960 
3 2963 2952 2960 
3 2953 2952 2963 
3 2964 2953 2963 
3 2964 2967 2953 
3 2967 2954 2953 
3 2954 2967 2968 
3 2955 2954 2968 
3 2965 2951 2956 
3 2956 2125 2169 
3 2965 2956 2169 
3 2965 2169 2969 
3 2965 2969 2966 
3 2969 2169 2172 
3 2968 2957 2955 
3 2970 2957 2968 
3 2970 2971 2957 
3 2957 2971 2958 
3 2174 2128 2958 
3 2174 2958 2972 
3 2972 2958 2971 
3 2972 2176 2174 
3 2959 2961 2973 
3 2974 2959 2975 
3 2974 2962 2959 
3 2959 2973 2975 
3 2962 2974 2976 
3 2964 2962 2976 
3 2977 2973 2961 
3 2966 2977 2961 
3 2975 2977 2978 
3 2973 2977 2975 
3 2976 2967 2964 
3 2979 2967 2976 
3 2981 2968 2967 
3 2981 2967 2980 
3 2980 2967 2979 
3 2980 2982 2981 
3 2977 2966 2969 
3 2969 2172 2216 
3 2977 2969 2216 
3 2977 2216 2983 
3 2977 2983 2978 
3 2983 2216 2219 
3 2981 2970 2968 
3 2982 2970 2981 
3 2982 2984 2970 
3 2984 2971 2970 
3 2984 2985 2971 
3 2971 2985 2972 
3 2972 2985 2222 
3 2176 2972 2222 
3 2988 2986 2987 
3 2986 2989 2987 
3 2987 2974 2988 
3 2988 2974 2975 
3 2988 2975 2990 
3 2974 2992 2976 
3 2987 2992 2974 
3 2987 2991 2992 
3 2987 2989 2991 
3 2991 2993 2992 
3 2995 2994 2990 
3 2995 2990 2978 
3 2978 2990 2975 
3 2994 2995 2996 
3 2976 2992 2979 
3 2993 2979 2992 
3 2993 2997 2979 
3 2997 2980 2979 
3 2999 2982 2980 
3 2999 2980 2998 
3 2998 2980 2997 
3 2998 3000 2999 
3 2995 2978 2983 
3 2983 2996 2995 
3 2983 2219 2996 
3 2219 2259 2996 
3 2999 2984 2982 
3 3000 2984 2999 
3 3000 3001 2984 
3 3001 2985 2984 
3 2985 3001 2262 
3 2222 2985 2262 
3 3004 3002 3003 
3 3002 3005 3003 
3 3003 2986 2988 
3 3003 2988 3004 
3 3004 2988 3006 
3 2986 3003 3005 
3 2986 3005 2989 
3 2989 3005 3007 
3 3006 2988 3008 
3 3008 2988 2990 
3 3007 2991 2989 
3 3009 2991 3007 
3 3011 2993 2991 
3 3011 2991 3010 
3 3010 2991 3009 
3 3010 3012 3011 
3 3008 2990 2994 
3 3013 3008 2994 
3 2994 3014 3013 
3 2996 3014 2994 
3 3011 2997 2993 
3 3012 2997 3011 
3 3012 3015 2997 
3 3015 2998 2997 
3 2998 3015 3016 
3 3000 2998 3016 
3 2296 3017 3014 
3 2296 3014 2259 
3 2259 3014 2996 
3 3017 2296 2299 
3 3016 3001 3000 
3 3018 3001 3016 
3 2301 2262 3001 
3 2301 3001 3019 
3 3019 3001 3018 
3 3019 2303 2301 
3 3002 3004 3020 
3 3002 3020 3005 
3 3021 3020 3004 
3 3006 3021 3004 
3 3020 3021 3007 
3 3005 3020 3007 
3 3024 3022 3023 
3 3022 3025 3023 
3 3026 3021 3006 
3 3008 3026 3006 
3 3007 3021 3026 
3 3007 3026 3027 
3 3007 3027 3009 
3 3028 3027 3026 
3 3023 3027 3024 
3 3023 3010 3027 
3 3010 3009 3027 
3 3010 3023 3025 
3 3010 3025 3012 
3 3012 3025 3029 
3 3026 3008 3013 
3 3013 3014 3031 
3 3026 3013 3031 
3 3026 3031 3030 
3 3026 3030 3028 
3 3030 3031 3032 
3 3029 3015 3012 
3 3033 3015 3029 
3 3035 3016 3015 
3 3035 3015 3034 
3 3034 3015 3033 
3 3034 3036 3037 
3 3035 3034 3037 
3 3036 3038 3037 
3 3031 3014 3017 
3 3017 2299 2339 
3 3031 3017 2339 
3 3031 2339 3039 
3 3031 3039 3032 
3 3039 2339 2342 
3 3035 3018 3016 
3 3037 3018 3035 
3 3019 3018 3037 
3 3019 2344 2303 
3 3037 2344 3019 
3 3037 3040 2344 
3 3037 3038 3040 
3 3040 2346 2344 
3 3024 3042 3041 
3 3022 3024 3041 
3 3022 3041 3043 
3 3025 3022 3043 
3 3027 3028 3044 
3 3045 3042 3024 
3 3045 3024 3044 
3 3045 3044 3046 
3 3027 3044 3024 
3 3047 3048 3049 
3 3045 3046 3043 
3 3043 3046 3029 
3 3043 3029 3025 
3 3047 3050 3048 
3 3044 3028 3030 
3 3030 3032 3051 
3 3030 3051 3044 
3 3044 3051 3046 
3 3049 3033 3052 
3 3049 3048 3033 
3 3052 3033 3051 
3 3029 3046 3033 
3 3051 3033 3046 
3 3050 3033 3048 
3 3050 3053 3033 
3 3053 3034 3033 
3 3053 3054 3034 
3 3034 3054 3036 
3 3036 3054 3055 
3 3038 3036 3055 
3 3051 3032 3039 
3 3039 3052 3051 
3 3039 2342 3052 
3 2342 2409 3052 
3 3055 3040 3038 
3 3056 3040 3055 
3 3040 3056 2412 
3 2346 3040 2412 
3 3041 3042 3057 
3 3041 3057 3043 
3 3058 3059 3060 
3 3057 3042 3045 
3 3057 3045 3043 
3 3058 3047 3059 
3 3058 3061 3047 
3 3047 3049 3059 
3 3047 3061 3062 
3 3050 3047 3062 
3 3064 3060 3059 
3 3063 3064 3059 
3 3059 3052 3063 
3 3049 3052 3059 
3 3062 3053 3050 
3 3065 3053 3062 
3 3065 3066 3053 
3 3053 3066 3054 
3 3054 3066 3067 
3 3055 3054 3067 
3 3064 3063 3068 
3 3063 3052 2409 
3 3063 2409 3069 
3 3063 3069 3068 
3 3069 2409 2461 
3 3069 2461 2464 
3 3067 3056 3055 
3 3070 3056 3067 
3 2466 2412 3056 
3 2466 3056 3071 
3 3071 3056 3070 
3 3071 2469 2466 
3 3058 3060 3072 
3 3072 3073 3061 
3 3072 3061 3058 
3 3061 3073 3062 
3 3074 3072 3060 
3 3064 3074 3060 
3 3072 3074 3073 
3 3073 3074 3075 
3 3062 3073 3075 
3 3062 3075 3076 
3 3062 3076 3065 
3 3077 3076 3075 
3 3076 3078 3065 
3 3065 3078 3066 
3 3080 3067 3066 
3 3080 3066 3079 
3 3079 3066 3078 
3 3079 3081 3080 
3 3074 3064 3068 
3 3075 3074 3068 
3 3069 3075 3068 
3 3069 2464 2485 
3 3075 3069 2485 
3 3075 2485 3082 
3 3075 3082 3077 
3 3082 2485 2486 
3 3080 3070 3067 
3 3081 3070 3080 
3 3081 3083 3070 
3 3083 3071 3070 
3 3071 3083 2489 
3 2469 3071 2489 
3 3086 3084 3085 
3 3084 3087 3088 
3 3085 3084 3088 
3 3087 3089 3088 
3 3090 3076 3077 
3 3090 3091 3086 
3 3090 3086 3078 
3 3090 3078 3076 
3 3078 3086 3085 
3 3088 3078 3085 
3 3079 3078 3088 
3 3079 3088 3089 
3 3079 3089 3081 
3 3081 3089 3092 
3 3077 3082 3090 
3 3082 2486 2502 
3 3090 3082 2502 
3 3090 2502 3093 
3 3090 3093 3091 
3 3093 2502 2506 
3 3092 3083 3081 
3 3094 3083 3092 
3 2508 2489 3083 
3 2508 3083 3095 
3 3095 3083 3094 
3 3095 2510 2508 
3 3084 3086 3096 
3 3087 3084 3096 
3 3097 3087 3096 
3 3097 3089 3087 
3 3100 3098 3099 
3 3098 3101 3099 
3 3102 3096 3086 
3 3091 3102 3086 
3 3096 3102 3097 
3 3097 3102 3103 
3 3097 3103 3089 
3 3103 3092 3089 
3 3099 3105 3100 
3 3099 3104 3105 
3 3101 3106 3107 
3 3101 3107 3099 
3 3099 3107 3104 
3 3106 3108 3107 
3 3102 3091 3093 
3 3109 3103 3102 
3 3109 3102 2506 
3 3109 2506 2518 
3 2506 3102 3093 
3 3104 3109 3105 
3 3104 3094 3109 
3 3103 3109 3092 
3 3092 3109 3094 
3 3107 3094 3104 
3 3095 3094 3107 
3 3095 599 2510 
3 3107 599 3095 
3 3107 598 599 
3 3107 3108 598 
3 1905 3110 3111 
3 1906 1905 3111 
3 3110 3112 3111 
3 3111 1610 1906 
3 3113 1610 3111 
3 3113 3115 3116 
3 3111 3115 3113 
3 3111 3114 3115 
3 3111 3112 3114 
3 3114 3117 3115 
3 3115 3118 3116 
3 3118 3120 3121 
3 3115 3120 3118 
3 3115 3119 3120 
3 3115 3117 3119 
3 3119 3122 3120 
3 3120 3123 3121 
3 3122 3123 3120 
3 3122 3124 3123 
3 3124 3125 3123 
3 3127 3128 3125 
3 3127 3125 3126 
3 3126 3125 3124 
3 3126 3129 3127 
3 3127 3130 3128 
3 3130 3132 3133 
3 3127 3132 3130 
3 3127 3131 3132 
3 3127 3129 3131 
3 3131 3134 3132 
3 3132 3135 3133 
3 3134 3135 3132 
3 3134 3136 3135 
3 3136 3137 3135 
3 3139 3140 3137 
3 3139 3137 3138 
3 3138 3137 3136 
3 3138 3141 3139 
3 3139 3142 3140 
3 3141 3142 3139 
3 3141 3143 3142 
3 3143 3144 3142 
3 3143 3145 3144 
3 3144 3145 3146 
3 3149 3147 3148 
3 3149 3148 3145 
3 3145 3148 3146 
3 3148 3147 3150 
3 3149 3151 3147 
3 3147 3153 3150 
3 3147 3151 3153 
3 3151 3152 3153 
3 3152 3154 3153 
3 3153 3154 3155 
3 3155 3154 3156 
3 3157 3155 3156 
3 3156 3159 3157 
3 3158 3159 3156 
3 3158 3160 3159 
3 3159 3160 3161 
3 3161 3160 3162 
3 3163 3161 3162 
3 3162 554 3163 
3 3164 554 3162 
3 3166 3165 3167 
3 3165 3168 3170 
3 3165 3166 3168 
3 3166 3169 3168 
3 12 3169 3172 
3 12 3171 3169 
3 3171 3168 3169 
3 1955 3173 1956 
3 3173 1905 1956 
3 3173 3174 1905 
3 3174 3110 1905 
3 3176 3112 3110 
3 3176 3110 3175 
3 3175 3110 3174 
3 3175 3177 3176 
3 3176 3114 3112 
3 3114 3179 3117 
3 3176 3179 3114 
3 3176 3178 3179 
3 3176 3177 3178 
3 3178 3180 3179 
3 3179 3119 3117 
3 3119 3182 3122 
3 3179 3182 3119 
3 3179 3181 3182 
3 3179 3180 3181 
3 3181 3183 3182 
3 3182 3124 3122 
3 3183 3124 3182 
3 3183 3184 3124 
3 3184 3126 3124 
3 3186 3129 3126 
3 3186 3126 3185 
3 3185 3126 3184 
3 3185 3187 3186 
3 3186 3131 3129 
3 3131 3189 3134 
3 3186 3189 3131 
3 3186 3188 3189 
3 3186 3187 3188 
3 3188 3190 3189 
3 3189 3136 3134 
3 3190 3136 3189 
3 3190 3191 3136 
3 3191 3138 3136 
3 3193 3141 3138 
3 3193 3138 3192 
3 3192 3138 3191 
3 3192 3194 3193 
3 3193 3143 3141 
3 3194 3143 3193 
3 3194 3195 3143 
3 3195 3145 3143 
3 3197 3149 3145 
3 3197 3145 3196 
3 3196 3145 3195 
3 3196 3198 3197 
3 3197 3151 3149 
3 3198 3151 3197 
3 3198 3199 3151 
3 3199 3152 3151 
3 3199 3200 3152 
3 3152 3200 3154 
3 3202 3156 3154 
3 3202 3154 3201 
3 3201 3154 3200 
3 3201 3203 3202 
3 3202 3158 3156 
3 3203 3158 3202 
3 3203 3204 3158 
3 3204 3160 3158 
3 3206 3162 3160 
3 3206 3160 3205 
3 3205 3160 3204 
3 3206 3164 3162 
3 3170 3207 3208 
3 3168 3207 3170 
3 3207 3168 3209 
3 3168 3171 3209 
3 3211 3173 1955 
3 3211 1955 3210 
3 3210 1955 2005 
3 3210 3212 3211 
3 3211 3174 3173 
3 3212 3174 3211 
3 3212 3213 3174 
3 3213 3175 3174 
3 3215 3177 3175 
3 3215 3175 3214 
3 3214 3175 3213 
3 3214 3216 3215 
3 3215 3178 3177 
3 3178 3218 3180 
3 3215 3218 3178 
3 3215 3217 3218 
3 3215 3216 3217 
3 3217 3219 3218 
3 3218 3181 3180 
3 3181 3221 3183 
3 3218 3221 3181 
3 3218 3220 3221 
3 3218 3219 3220 
3 3220 3222 3223 
3 3221 3220 3223 
3 3222 3224 3223 
3 3221 3184 3183 
3 3223 3184 3221 
3 3185 3184 3223 
3 3185 3226 3187 
3 3223 3226 3185 
3 3223 3225 3226 
3 3223 3224 3225 
3 3225 3227 3226 
3 3226 3188 3187 
3 3188 3229 3190 
3 3226 3229 3188 
3 3226 3228 3229 
3 3226 3227 3228 
3 3228 3230 3229 
3 3229 3191 3190 
3 3230 3191 3229 
3 3230 3231 3191 
3 3231 3192 3191 
3 3233 3194 3192 
3 3233 3192 3232 
3 3232 3192 3231 
3 3232 3234 3233 
3 3233 3195 3194 
3 3234 3195 3233 
3 3234 3235 3195 
3 3235 3196 3195 
3 3237 3198 3196 
3 3237 3196 3236 
3 3236 3196 3235 
3 3236 3238 3239 
3 3237 3236 3239 
3 3238 3240 3239 
3 3237 3199 3198 
3 3239 3199 3237 
3 3200 3199 3239 
3 3240 3200 3239 
3 3240 3241 3200 
3 3241 3201 3200 
3 3243 3203 3201 
3 3243 3201 3242 
3 3242 3201 3241 
3 3242 3244 3243 
3 3243 3204 3203 
3 3244 3204 3243 
3 3244 3245 3204 
3 3245 3205 3204 
3 3248 3247 3246 
3 3246 3247 3249 
3 3247 3208 3207 
3 3247 3248 3208 
3 3248 3250 3208 
3 3249 3247 3207 
3 3249 3207 3251 
3 3251 3207 3209 
3 2049 3252 2050 
3 3252 2005 2050 
3 3252 3253 2005 
3 3253 3210 2005 
3 3255 3212 3210 
3 3255 3210 3254 
3 3254 3210 3253 
3 3254 3256 3255 
3 3255 3213 3212 
3 3256 3213 3255 
3 3256 3257 3213 
3 3257 3214 3213 
3 3259 3216 3214 
3 3259 3214 3258 
3 3258 3214 3257 
3 3258 3260 3259 
3 3259 3217 3216 
3 3217 3262 3219 
3 3259 3262 3217 
3 3259 3261 3262 
3 3259 3260 3261 
3 3261 3263 3264 
3 3262 3261 3264 
3 3263 3265 3264 
3 3262 3220 3219 
3 3264 3220 3262 
3 3222 3220 3264 
3 3222 3267 3224 
3 3264 3267 3222 
3 3264 3266 3267 
3 3264 3265 3266 
3 3266 3268 3267 
3 3267 3225 3224 
3 3225 3270 3227 
3 3267 3270 3225 
3 3267 3269 3270 
3 3267 3268 3269 
3 3269 3271 3270 
3 3270 3228 3227 
3 3228 3273 3230 
3 3270 3273 3228 
3 3270 3272 3273 
3 3270 3271 3272 
3 3272 3274 3273 
3 3273 3231 3230 
3 3274 3231 3273 
3 3274 3275 3231 
3 3275 3232 3231 
3 3277 3234 3232 
3 3277 3232 3276 
3 3276 3232 3275 
3 3276 3278 3279 
3 3277 3276 3279 
3 3278 3280 3279 
3 3277 3235 3234 
3 3279 3235 3277 
3 3236 3235 3279 
3 3280 3236 3279 
3 3280 3281 3236 
3 3281 3238 3236 
3 3283 3240 3238 
3 3283 3238 3282 
3 3282 3238 3281 
3 3282 3284 3283 
3 3283 3241 3240 
3 3284 3241 3283 
3 3284 3285 3241 
3 3285 3242 3241 
3 3287 3244 3242 
3 3287 3242 3286 
3 3286 3242 3285 
3 3287 3245 3244 
3 3290 3289 3288 
3 3248 3288 3289 
3 3248 3246 3288 
3 3246 3291 3288 
3 3293 3246 3249 
3 3293 3292 3246 
3 3292 3291 3246 
3 3290 3294 3289 
3 3289 3294 3295 
3 3289 3295 3248 
3 3248 3295 3250 
3 3293 3249 3251 
3 3297 3252 2049 
3 3297 2049 3296 
3 3296 2049 2096 
3 3296 3298 3297 
3 3297 3253 3252 
3 3298 3253 3297 
3 3298 3299 3253 
3 3299 3254 3253 
3 3301 3256 3254 
3 3301 3254 3300 
3 3300 3254 3299 
3 3300 3302 3301 
3 3301 3257 3256 
3 3302 3257 3301 
3 3302 3303 3257 
3 3303 3258 3257 
3 3305 3260 3258 
3 3305 3258 3304 
3 3304 3258 3303 
3 3304 3306 3305 
3 3305 3261 3260 
3 3306 3261 3305 
3 3306 3307 3261 
3 3307 3263 3261 
3 3309 3265 3263 
3 3309 3263 3308 
3 3308 3263 3307 
3 3308 3310 3309 
3 3309 3266 3265 
3 3266 3312 3268 
3 3309 3312 3266 
3 3309 3311 3312 
3 3309 3310 3311 
3 3311 3313 3312 
3 3312 3269 3268 
3 3269 3315 3271 
3 3312 3315 3269 
3 3312 3314 3315 
3 3312 3313 3314 
3 3314 3316 3315 
3 3315 3272 3271 
3 3272 3318 3274 
3 3315 3318 3272 
3 3315 3317 3318 
3 3315 3316 3317 
3 3317 3319 3320 
3 3318 3317 3320 
3 3319 3321 3320 
3 3318 3275 3274 
3 3320 3275 3318 
3 3276 3275 3320 
3 3321 3276 3320 
3 3321 3322 3276 
3 3322 3278 3276 
3 3324 3280 3278 
3 3324 3278 3323 
3 3323 3278 3322 
3 3323 3325 3324 
3 3324 3281 3280 
3 3325 3281 3324 
3 3325 3326 3281 
3 3326 3282 3281 
3 3328 3284 3282 
3 3328 3282 3327 
3 3327 3282 3326 
3 3327 3329 3328 
3 3328 3285 3284 
3 3329 3285 3328 
3 3329 3330 3285 
3 3330 3286 3285 
3 3290 3331 3332 
3 3288 3331 3290 
3 3331 3288 3333 
3 3288 3291 3333 
3 3335 3292 3334 
3 3335 3333 3292 
3 3333 3291 3292 
3 3332 3294 3290 
3 3336 3294 3332 
3 3294 3336 3337 
3 3295 3294 3337 
3 3335 3334 3338 
3 2140 3339 2096 
3 2096 3339 3296 
3 3296 3339 3340 
3 3298 3296 3340 
3 3340 3299 3298 
3 3341 3299 3340 
3 3341 3342 3299 
3 3299 3342 3300 
3 3344 3302 3300 
3 3344 3300 3343 
3 3343 3300 3342 
3 3343 3345 3344 
3 3344 3303 3302 
3 3345 3303 3344 
3 3345 3346 3303 
3 3346 3304 3303 
3 3348 3306 3304 
3 3348 3304 3347 
3 3347 3304 3346 
3 3347 3349 3348 
3 3348 3307 3306 
3 3349 3307 3348 
3 3349 3350 3307 
3 3350 3308 3307 
3 3308 3350 3351 
3 3310 3308 3351 
3 3351 3311 3310 
3 3352 3311 3351 
3 3354 3313 3311 
3 3354 3311 3353 
3 3353 3311 3352 
3 3353 3355 3354 
3 3354 3314 3313 
3 3314 3357 3316 
3 3354 3357 3314 
3 3354 3356 3357 
3 3354 3355 3356 
3 3356 3358 3359 
3 3357 3356 3359 
3 3358 3360 3359 
3 3357 3317 3316 
3 3359 3317 3357 
3 3319 3317 3359 
3 3319 3362 3321 
3 3359 3362 3319 
3 3359 3361 3362 
3 3359 3360 3361 
3 3361 3363 3362 
3 3362 3322 3321 
3 3363 3322 3362 
3 3363 3364 3322 
3 3364 3323 3322 
3 3366 3325 3323 
3 3366 3323 3365 
3 3365 3323 3364 
3 3365 3367 3366 
3 3366 3326 3325 
3 3367 3326 3366 
3 3367 3368 3326 
3 3368 3327 3326 
3 3370 3329 3327 
3 3370 3327 3369 
3 3369 3327 3368 
3 3370 3330 3329 
3 2166 2167 3371 
3 3331 3372 3332 
3 3372 3373 3374 
3 3372 3331 3373 
3 3331 3333 3373 
3 3376 3333 3335 
3 3376 3375 3333 
3 3375 3373 3333 
3 3371 3378 3377 
3 3371 2167 3378 
3 2167 2168 3378 
3 3377 3378 3379 
3 3372 3336 3332 
3 3336 3372 3374 
3 3336 3374 3337 
3 3337 3374 3380 
3 3376 3335 3338 
3 2189 3381 2140 
3 2140 3381 3339 
3 3383 3340 3339 
3 3383 3339 3382 
3 3382 3339 3381 
3 3382 3384 3383 
3 3383 3341 3340 
3 3384 3341 3383 
3 3384 3385 3341 
3 3385 3342 3341 
3 3385 3386 3342 
3 3342 3386 3343 
3 3343 3386 3387 
3 3345 3343 3387 
3 3387 3346 3345 
3 3388 3346 3387 
3 3388 3389 3346 
3 3346 3389 3347 
3 3347 3389 3390 
3 3349 3347 3390 
3 3390 3350 3349 
3 3391 3350 3390 
3 3393 3351 3350 
3 3393 3350 3392 
3 3392 3350 3391 
3 3392 3394 3393 
3 3393 3352 3351 
3 3394 3352 3393 
3 3394 3395 3352 
3 3395 3353 3352 
3 3397 3355 3353 
3 3397 3353 3396 
3 3396 3353 3395 
3 3396 3398 3397 
3 3397 3356 3355 
3 3398 3356 3397 
3 3398 3399 3356 
3 3399 3358 3356 
3 3358 3399 3400 
3 3360 3358 3400 
3 3400 3361 3360 
3 3401 3361 3400 
3 3403 3363 3361 
3 3403 3361 3402 
3 3402 3361 3401 
3 3402 3404 3403 
3 3403 3364 3363 
3 3404 3364 3403 
3 3404 3405 3364 
3 3405 3365 3364 
3 3365 3405 3406 
3 3367 3365 3406 
3 3406 3368 3367 
3 3407 3368 3406 
3 3407 3408 3368 
3 3368 3408 3369 
3 2166 3409 2215 
3 3371 3409 2166 
3 3374 3410 3411 
3 3373 3410 3374 
3 3410 3373 3412 
3 3373 3375 3412 
3 3409 3371 3377 
3 3413 3409 3377 
3 3415 3377 3379 
3 3415 3414 3377 
3 3414 3413 3377 
3 3414 3415 3416 
3 3411 3417 3374 
3 3417 3380 3374 
3 2232 3418 2189 
3 2189 3418 3381 
3 3418 3419 3381 
3 3381 3419 3382 
3 3382 3419 3420 
3 3384 3382 3420 
3 3420 3385 3384 
3 3421 3385 3420 
3 3421 3422 3385 
3 3385 3422 3386 
3 3386 3422 3423 
3 3387 3386 3423 
3 3423 3388 3387 
3 3424 3388 3423 
3 3424 3425 3388 
3 3388 3425 3389 
3 3389 3425 3426 
3 3390 3389 3426 
3 3426 3391 3390 
3 3427 3391 3426 
3 3427 3428 3391 
3 3391 3428 3392 
3 3392 3428 3429 
3 3394 3392 3429 
3 3429 3395 3394 
3 3430 3395 3429 
3 3430 3431 3395 
3 3395 3431 3396 
3 3396 3431 3432 
3 3398 3396 3432 
3 3432 3399 3398 
3 3433 3399 3432 
3 3435 3400 3399 
3 3435 3399 3434 
3 3434 3399 3433 
3 3434 3436 3435 
3 3435 3401 3400 
3 3436 3401 3435 
3 3436 3437 3401 
3 3437 3402 3401 
3 3439 3404 3402 
3 3439 3402 3438 
3 3438 3402 3437 
3 3438 3440 3439 
3 3439 3405 3404 
3 3405 3442 3406 
3 3439 3442 3405 
3 3439 3441 3442 
3 3439 3440 3441 
3 3441 3443 3442 
3 3442 3407 3406 
3 3443 3407 3442 
3 3443 3444 3407 
3 3444 3408 3407 
3 2256 2257 3445 
3 2215 3409 3447 
3 2257 2215 3447 
3 2257 3447 3446 
3 2257 3446 3445 
3 3446 3449 3448 
3 3447 3449 3446 
3 3448 3449 3450 
3 3411 3451 3452 
3 3410 3451 3411 
3 3451 3410 3453 
3 3410 3412 3453 
3 3447 3409 3413 
3 3449 3447 3413 
3 3414 3449 3413 
3 3414 3416 3455 
3 3449 3414 3455 
3 3449 3455 3454 
3 3449 3454 3450 
3 3454 3455 3456 
3 3459 3458 3457 
3 3457 3458 3417 
3 3457 3417 3452 
3 3452 3417 3411 
3 2272 3460 2232 
3 2232 3460 3418 
3 3460 3461 3418 
3 3418 3461 3419 
3 3419 3461 3462 
3 3420 3419 3462 
3 3462 3421 3420 
3 3463 3421 3462 
3 3463 3464 3421 
3 3421 3464 3422 
3 3422 3464 3465 
3 3423 3422 3465 
3 3465 3424 3423 
3 3466 3424 3465 
3 3466 3467 3424 
3 3424 3467 3425 
3 3425 3467 3468 
3 3426 3425 3468 
3 3468 3427 3426 
3 3469 3427 3468 
3 3469 3470 3427 
3 3427 3470 3428 
3 3428 3470 3471 
3 3429 3428 3471 
3 3471 3430 3429 
3 3472 3430 3471 
3 3472 3473 3430 
3 3430 3473 3431 
3 3431 3473 3474 
3 3432 3431 3474 
3 3474 3433 3432 
3 3475 3433 3474 
3 3475 3476 3433 
3 3433 3476 3434 
3 3434 3476 3477 
3 3436 3434 3477 
3 3477 3437 3436 
3 3478 3437 3477 
3 3478 3479 3437 
3 3437 3479 3438 
3 3438 3479 3480 
3 3440 3438 3480 
3 3480 3441 3440 
3 3481 3441 3480 
3 3441 3481 3482 
3 3443 3441 3482 
3 3482 3444 3443 
3 3483 3444 3482 
3 3485 2256 3445 
3 3485 3484 2256 
3 3484 2295 2256 
3 3484 3485 3486 
3 3489 3488 3487 
3 3487 3488 3490 
3 3485 3445 3446 
3 3486 3485 3446 
3 3486 3446 3491 
3 3491 3446 3448 
3 3448 3492 3491 
3 3450 3492 3448 
3 3488 3452 3451 
3 3488 3489 3452 
3 3489 3493 3452 
3 3490 3488 3451 
3 3490 3451 3494 
3 3494 3451 3453 
3 3492 3450 3454 
3 3495 3492 3454 
3 3497 3454 3456 
3 3497 3496 3454 
3 3496 3495 3454 
3 3496 3497 3498 
3 3459 3499 3500 
3 3457 3499 3459 
3 3499 3457 3452 
3 3493 3499 3452 
3 2310 3501 2311 
3 3501 2272 2311 
3 3501 3502 2272 
3 3502 3460 2272 
3 3502 3503 3460 
3 3460 3503 3461 
3 3461 3503 3504 
3 3462 3461 3504 
3 3504 3463 3462 
3 3505 3463 3504 
3 3507 3506 3464 
3 3507 3464 3505 
3 3505 3464 3463 
3 3464 3506 3465 
3 3507 3508 3506 
3 3506 3466 3465 
3 3506 3508 3466 
3 3508 3509 3466 
3 3511 3510 3467 
3 3511 3467 3509 
3 3509 3467 3466 
3 3467 3510 3468 
3 3511 3512 3510 
3 3510 3469 3468 
3 3510 3512 3469 
3 3512 3513 3469 
3 3515 3514 3470 
3 3515 3470 3513 
3 3513 3470 3469 
3 3470 3514 3471 
3 3515 3516 3514 
3 3514 3472 3471 
3 3514 3516 3472 
3 3516 3517 3472 
3 3519 3518 3473 
3 3519 3473 3517 
3 3517 3473 3472 
3 3473 3518 3474 
3 3519 3520 3518 
3 3518 3475 3474 
3 3518 3520 3475 
3 3520 3521 3475 
3 3523 3522 3476 
3 3523 3476 3521 
3 3521 3476 3475 
3 3476 3522 3477 
3 3523 3524 3522 
3 3522 3478 3477 
3 3522 3524 3478 
3 3524 3525 3478 
3 3527 3526 3479 
3 3527 3479 3525 
3 3525 3479 3478 
3 3479 3526 3480 
3 3527 3528 3526 
3 3526 3481 3480 
3 3526 3528 3481 
3 3528 3529 3481 
3 3481 3529 3530 
3 3482 3481 3530 
3 3530 3483 3482 
3 3531 3483 3530 
3 2338 2295 3532 
3 2295 3484 3532 
3 3484 3533 3532 
3 3486 3533 3484 
3 3536 3535 3534 
3 3534 3535 3537 
3 3489 3538 3539 
3 3487 3538 3489 
3 3541 3487 3490 
3 3541 3540 3487 
3 3540 3538 3487 
3 3533 3486 3491 
3 3542 3533 3491 
3 3544 3491 3492 
3 3544 3543 3491 
3 3543 3542 3491 
3 3543 3544 3545 
3 3536 3546 3535 
3 3535 3546 3537 
3 3539 3547 3489 
3 3547 3493 3489 
3 3541 3490 3494 
3 3544 3492 3495 
3 3545 3544 3495 
3 3545 3495 3548 
3 3548 3495 3496 
3 3550 3496 3498 
3 3550 3549 3496 
3 3549 3548 3496 
3 3549 3550 3551 
3 3500 3552 3553 
3 3499 3552 3500 
3 3552 3499 3493 
3 3547 3552 3493 
3 2310 2350 3554 
3 3501 2310 3554 
3 3554 3502 3501 
3 3555 3502 3554 
3 3555 3556 3502 
3 3502 3556 3503 
3 3503 3556 3557 
3 3504 3503 3557 
3 3557 3505 3504 
3 3558 3505 3557 
3 3505 3558 3559 
3 3507 3505 3559 
3 3559 3508 3507 
3 3560 3508 3559 
3 3560 3561 3508 
3 3508 3561 3509 
3 3509 3561 3562 
3 3511 3509 3562 
3 3562 3512 3511 
3 3563 3512 3562 
3 3563 3564 3512 
3 3512 3564 3513 
3 3513 3564 3565 
3 3515 3513 3565 
3 3565 3516 3515 
3 3566 3516 3565 
3 3566 3567 3516 
3 3516 3567 3517 
3 3517 3567 3568 
3 3519 3517 3568 
3 3568 3520 3519 
3 3569 3520 3568 
3 3569 3570 3520 
3 3520 3570 3521 
3 3521 3570 3571 
3 3523 3521 3571 
3 3571 3524 3523 
3 3572 3524 3571 
3 3572 3573 3524 
3 3524 3573 3525 
3 3525 3573 3574 
3 3527 3525 3574 
3 3574 3528 3527 
3 3575 3528 3574 
3 3575 3576 3528 
3 3528 3576 3529 
3 3529 3576 3577 
3 3530 3529 3577 
3 3577 3531 3530 
3 3578 3531 3577 
3 2406 2407 3579 
3 3582 3581 3580 
3 3580 3584 3583 
3 3581 3584 3580 
3 3583 3586 3585 
3 3584 3586 3583 
3 3585 3588 3587 
3 3586 3588 3585 
3 3587 3590 3589 
3 3588 3590 3587 
3 3589 3590 3591 
3 3579 2407 2338 
3 3579 2338 3592 
3 3592 2338 3532 
3 3594 3532 3533 
3 3594 3593 3532 
3 3593 3592 3532 
3 3593 3594 3595 
3 3582 3596 3581 
3 3598 3581 3596 
3 3598 3597 3581 
3 3597 3584 3581 
3 3536 3534 3586 
3 3536 3586 3597 
3 3597 3586 3584 
3 3534 3537 3599 
3 3534 3599 3586 
3 3586 3599 3588 
3 3588 3599 3590 
3 3590 3599 3600 
3 3591 3602 3601 
3 3591 3590 3602 
3 3590 3600 3602 
3 3601 3604 3603 
3 3602 3604 3601 
3 3603 3604 3605 
3 3539 3606 3607 
3 3538 3606 3539 
3 3606 3538 3608 
3 3538 3540 3608 
3 3594 3533 3542 
3 3595 3594 3542 
3 3595 3542 3609 
3 3609 3542 3543 
3 3611 3543 3545 
3 3611 3610 3543 
3 3610 3609 3543 
3 3610 3611 3612 
3 3598 3613 3597 
3 3597 3546 3536 
3 3597 3613 3546 
3 3613 3614 3546 
3 3537 3546 3614 
3 3537 3614 3615 
3 3537 3615 3599 
3 3615 3614 3616 
3 3599 3615 3600 
3 3600 3615 3617 
3 3600 3617 3602 
3 3602 3617 3618 
3 3619 3618 3620 
3 3619 3604 3618 
3 3604 3602 3618 
3 3623 3604 3619 
3 3623 3622 3604 
3 3605 3604 3621 
3 3621 3604 3622 
3 3621 3622 3547 
3 3621 3547 3607 
3 3607 3547 3539 
3 3611 3545 3548 
3 3612 3611 3548 
3 3612 3548 3624 
3 3624 3548 3549 
3 3626 3549 3551 
3 3626 3625 3549 
3 3625 3624 3549 
3 3625 3626 3627 
3 3616 3628 3615 
3 3615 3629 3617 
3 3628 3629 3615 
3 3617 3630 3618 
3 3629 3630 3617 
3 3633 3618 3630 
3 3633 3632 3618 
3 3620 3618 3631 
3 3631 3618 3632 
3 3622 3553 3552 
3 3623 3553 3622 
3 3623 3632 3553 
3 3623 3631 3632 
3 3622 3552 3547 
3 2350 2418 3634 
3 3554 2350 3634 
3 3634 3555 3554 
3 3635 3555 3634 
3 3637 3636 3556 
3 3637 3556 3635 
3 3635 3556 3555 
3 3556 3636 3557 
3 3637 3638 3636 
3 3636 3558 3557 
3 3636 3638 3558 
3 3638 3639 3558 
3 3558 3639 3640 
3 3559 3558 3640 
3 3640 3560 3559 
3 3641 3560 3640 
3 3641 3642 3560 
3 3560 3642 3561 
3 3561 3642 3643 
3 3562 3561 3643 
3 2436 2437 3644 
3 3643 3563 3562 
3 3645 3563 3643 
3 3645 3646 3563 
3 3563 3646 3564 
3 3564 3646 3647 
3 3565 3564 3647 
3 2437 2439 3644 
3 3647 3566 3565 
3 3648 3566 3647 
3 3648 3649 3566 
3 3566 3649 3567 
3 3567 3649 3650 
3 3568 3567 3650 
3 2443 3652 3651 
3 2444 3652 2443 
3 3651 3652 3653 
3 3650 3569 3568 
3 3654 3569 3650 
3 3654 3655 3569 
3 3569 3655 3570 
3 3570 3655 3656 
3 3571 3570 3656 
3 2444 2449 3652 
3 3652 2449 3657 
3 3653 3657 3658 
3 3652 3657 3653 
3 3656 3572 3571 
3 3659 3572 3656 
3 3659 3660 3572 
3 3572 3660 3573 
3 3662 3574 3573 
3 3662 3573 3661 
3 3661 3573 3660 
3 3661 3663 3662 
3 2449 2454 3657 
3 3657 2454 3664 
3 3658 3666 3665 
3 3658 3657 3666 
3 3657 3664 3666 
3 3665 3666 3667 
3 3662 3575 3574 
3 3663 3575 3662 
3 3663 3668 3575 
3 3668 3576 3575 
3 3670 3577 3576 
3 3670 3576 3669 
3 3669 3576 3668 
3 2454 2458 3664 
3 3664 2458 3671 
3 3664 3671 3666 
3 3666 3671 3672 
3 3667 3674 3673 
3 3667 3666 3674 
3 3666 3672 3674 
3 3673 3674 3675 
3 3670 3578 3577 
3 2458 2460 3671 
3 3671 2460 3676 
3 3671 3676 3672 
3 3672 3676 3677 
3 3678 3677 3679 
3 3678 3674 3677 
3 3674 3672 3677 
3 3682 3674 3678 
3 3682 3681 3674 
3 3675 3674 3680 
3 3680 3674 3681 
3 3680 3684 3683 
3 3681 3684 3680 
3 3683 3686 3685 
3 3684 3686 3683 
3 3685 3688 3687 
3 3686 3688 3685 
3 3687 3690 3689 
3 3688 3690 3687 
3 3689 3692 3691 
3 3690 3692 3689 
3 3691 3694 3693 
3 3692 3694 3691 
3 3693 3696 3695 
3 3694 3696 3693 
3 3695 3696 3697 
3 2406 3579 3698 
3 2406 3698 2460 
3 2460 3698 3676 
3 3676 3698 3677 
3 3677 3698 3699 
3 3679 3701 3700 
3 3679 3677 3701 
3 3677 3699 3701 
3 3700 3681 3682 
3 3700 3701 3681 
3 3701 3702 3681 
3 3681 3702 3684 
3 3684 3702 3703 
3 3684 3703 3686 
3 3686 3703 3704 
3 3582 3580 3688 
3 3582 3688 3704 
3 3704 3688 3686 
3 3690 3688 3580 
3 3583 3690 3580 
3 3692 3690 3583 
3 3585 3692 3583 
3 3694 3692 3585 
3 3587 3694 3585 
3 3696 3694 3587 
3 3589 3696 3587 
3 3589 3591 3706 
3 3696 3589 3706 
3 3696 3706 3705 
3 3696 3705 3697 
3 3705 3708 3707 
3 3706 3708 3705 
3 3707 3710 3709 
3 3708 3710 3707 
3 3709 3712 3711 
3 3710 3712 3709 
3 3711 3712 3713 
3 3698 3579 3592 
3 3699 3698 3592 
3 3593 3699 3592 
3 3593 3595 3714 
3 3593 3714 3699 
3 3699 3714 3701 
3 3701 3714 3702 
3 3702 3714 3715 
3 3702 3715 3703 
3 3703 3715 3716 
3 3703 3716 3704 
3 3704 3716 3717 
3 3596 3582 3704 
3 3596 3704 3718 
3 3718 3704 3717 
3 3596 3718 3598 
3 3706 3591 3601 
3 3708 3706 3601 
3 3603 3708 3601 
3 3603 3605 3719 
3 3603 3719 3708 
3 3708 3719 3710 
3 3607 3606 3712 
3 3607 3712 3719 
3 3719 3712 3710 
3 3713 3712 3606 
3 3713 3606 3720 
3 3720 3606 3608 
3 3714 3595 3609 
3 3715 3714 3609 
3 3610 3715 3609 
3 3610 3612 3721 
3 3610 3721 3715 
3 3715 3721 3716 
3 3716 3721 3717 
3 3717 3721 3722 
3 3717 3722 3718 
3 3718 3722 3723 
3 3613 3598 3718 
3 3613 3718 3724 
3 3724 3718 3723 
3 3614 3613 3724 
3 3725 3614 3724 
3 3614 3725 3616 
3 3619 3620 3726 
3 3605 3621 3719 
3 3619 3726 3623 
3 3719 3621 3607 
3 3721 3612 3624 
3 3722 3721 3624 
3 3625 3722 3624 
3 3625 3627 3727 
3 3625 3727 3722 
3 3722 3727 3723 
3 3723 3727 3724 
3 3724 3727 3728 
3 3724 3728 3725 
3 3725 3728 3729 
3 3628 3616 3725 
3 3628 3725 3730 
3 3730 3725 3729 
3 3629 3628 3730 
3 3731 3629 3730 
3 3630 3629 3731 
3 3732 3630 3731 
3 3620 3631 3726 
3 3630 3732 3633 
3 3726 3631 3623 
3 2418 2474 3733 
3 3634 2418 3733 
3 3733 3635 3634 
3 3734 3635 3733 
3 3635 3734 3735 
3 3637 3635 3735 
3 3735 3638 3637 
3 3736 3638 3735 
3 3736 3737 3638 
3 3638 3737 3639 
3 3739 3640 3639 
3 3739 3639 3738 
3 3738 3639 3737 
3 3738 3740 3739 
3 2482 2483 3741 
3 3739 3641 3640 
3 3740 3641 3739 
3 3740 3742 3641 
3 3742 3642 3641 
3 3642 3742 3743 
3 3643 3642 3743 
3 2436 3644 3745 
3 2483 2436 3745 
3 2483 3745 3744 
3 2483 3744 3741 
3 3744 3745 3746 
3 3743 3645 3643 
3 3747 3645 3743 
3 3747 3748 3645 
3 3645 3748 3646 
3 3646 3748 3749 
3 3647 3646 3749 
3 3644 2439 2484 
3 3644 2484 3745 
3 3745 2484 3750 
3 3746 3752 3751 
3 3746 3745 3752 
3 3745 3750 3752 
3 3751 3752 3753 
3 3749 3648 3647 
3 3754 3648 3749 
3 3754 3755 3648 
3 3648 3755 3649 
3 3649 3755 3756 
3 3650 3649 3756 
3 3750 2484 2443 
3 3651 3750 2443 
3 3651 3653 3757 
3 3651 3757 3750 
3 3750 3757 3752 
3 3753 3759 3758 
3 3753 3752 3759 
3 3752 3757 3759 
3 3758 3761 3760 
3 3759 3761 3758 
3 3760 3761 3762 
3 3756 3654 3650 
3 3763 3654 3756 
3 3763 3764 3654 
3 3654 3764 3655 
3 3766 3656 3655 
3 3766 3655 3765 
3 3765 3655 3764 
3 3765 3767 3766 
3 3768 3757 3653 
3 3658 3768 3653 
3 3757 3768 3759 
3 3759 3768 3769 
3 3759 3769 3761 
3 3761 3769 3770 
3 3762 3772 3771 
3 3762 3761 3772 
3 3761 3770 3772 
3 3771 3774 3773 
3 3772 3774 3771 
3 3773 3774 3775 
3 3766 3659 3656 
3 3767 3659 3766 
3 3767 3776 3659 
3 3776 3660 3659 
3 3776 3777 3660 
3 3660 3777 3661 
3 3661 3777 3778 
3 3663 3661 3778 
3 3768 3658 3665 
3 3665 3667 3779 
3 3665 3779 3768 
3 3768 3779 3769 
3 3769 3779 3770 
3 3770 3779 3780 
3 3770 3780 3772 
3 3772 3780 3781 
3 3772 3781 3774 
3 3774 3781 3782 
3 3775 3784 3783 
3 3775 3774 3784 
3 3774 3782 3784 
3 3783 3786 3785 
3 3784 3786 3783 
3 3785 3788 3787 
3 3786 3788 3785 
3 3787 3790 3789 
3 3788 3790 3787 
3 3789 3790 3791 
3 3778 3668 3663 
3 3792 3668 3778 
3 3792 3793 3668 
3 3668 3793 3669 
3 3779 3667 3673 
3 3673 3675 3794 
3 3673 3794 3779 
3 3779 3794 3780 
3 3780 3794 3781 
3 3781 3794 3795 
3 3781 3795 3782 
3 3782 3795 3796 
3 3782 3796 3784 
3 3784 3796 3797 
3 3784 3797 3786 
3 3786 3797 3798 
3 3786 3798 3788 
3 3788 3798 3799 
3 3788 3799 3790 
3 3790 3799 3800 
3 3791 3802 3801 
3 3791 3790 3802 
3 3790 3800 3802 
3 3801 3804 3803 
3 3802 3804 3801 
3 3803 3804 3805 
3 3678 3679 3806 
3 3675 3680 3794 
3 3678 3806 3682 
3 3795 3794 3680 
3 3683 3795 3680 
3 3796 3795 3683 
3 3685 3796 3683 
3 3797 3796 3685 
3 3687 3797 3685 
3 3798 3797 3687 
3 3689 3798 3687 
3 3799 3798 3689 
3 3691 3799 3689 
3 3800 3799 3691 
3 3693 3800 3691 
3 3802 3800 3693 
3 3695 3802 3693 
3 3695 3697 3807 
3 3695 3807 3802 
3 3802 3807 3804 
3 3805 3809 3808 
3 3805 3804 3809 
3 3804 3807 3809 
3 3808 3811 3810 
3 3809 3811 3808 
3 3810 3811 3812 
3 3806 3679 3700 
3 3806 3700 3682 
3 3807 3697 3705 
3 3809 3807 3705 
3 3707 3809 3705 
3 3811 3809 3707 
3 3709 3811 3707 
3 3812 3811 3709 
3 3812 3709 3813 
3 3813 3709 3711 
3 3815 3711 3713 
3 3815 3814 3711 
3 3814 3813 3711 
3 3815 3713 3720 
3 2490 3816 2491 
3 2474 3818 3733 
3 2491 3818 2474 
3 2491 3817 3818 
3 2491 3816 3817 
3 3817 3819 3818 
3 3818 3734 3733 
3 3734 3821 3735 
3 3818 3821 3734 
3 3818 3820 3821 
3 3818 3819 3820 
3 3820 3822 3821 
3 2500 2501 3823 
3 3821 3736 3735 
3 3822 3736 3821 
3 3822 3824 3736 
3 3824 3737 3736 
3 3824 3825 3737 
3 3737 3825 3738 
3 3738 3825 3826 
3 3740 3738 3826 
3 2482 3741 3828 
3 2501 2482 3828 
3 2501 3828 3827 
3 2501 3827 3823 
3 3827 3828 3829 
3 3826 3742 3740 
3 3830 3742 3826 
3 3832 3743 3742 
3 3832 3742 3831 
3 3831 3742 3830 
3 3831 3833 3832 
3 3828 3741 3744 
3 3744 3746 3835 
3 3828 3744 3835 
3 3828 3835 3834 
3 3828 3834 3829 
3 3834 3835 3836 
3 3832 3747 3743 
3 3833 3747 3832 
3 3833 3837 3747 
3 3837 3748 3747 
3 3839 3749 3748 
3 3839 3748 3838 
3 3838 3748 3837 
3 3838 3840 3839 
3 3835 3746 3751 
3 3751 3753 3842 
3 3835 3751 3842 
3 3835 3842 3841 
3 3835 3841 3836 
3 3841 3844 3843 
3 3842 3844 3841 
3 3843 3844 3845 
3 3839 3754 3749 
3 3840 3754 3839 
3 3840 3846 3754 
3 3846 3755 3754 
3 3848 3756 3755 
3 3848 3755 3847 
3 3847 3755 3846 
3 3847 3849 3848 
3 3842 3753 3758 
3 3844 3842 3758 
3 3760 3844 3758 
3 3760 3762 3851 
3 3844 3760 3851 
3 3844 3851 3850 
3 3844 3850 3845 
3 3850 3853 3852 
3 3851 3853 3850 
3 3852 3853 3854 
3 3848 3763 3756 
3 3849 3763 3848 
3 3849 3855 3763 
3 3855 3764 3763 
3 3855 3856 3764 
3 3764 3856 3765 
3 3765 3856 3857 
3 3767 3765 3857 
3 3851 3762 3771 
3 3853 3851 3771 
3 3773 3853 3771 
3 3773 3775 3859 
3 3853 3773 3859 
3 3853 3859 3858 
3 3853 3858 3854 
3 3858 3861 3860 
3 3859 3861 3858 
3 3860 3861 3862 
3 3857 3776 3767 
3 3863 3776 3857 
3 3863 3864 3776 
3 3776 3864 3777 
3 3866 3778 3777 
3 3866 3777 3865 
3 3865 3777 3864 
3 3865 3867 3866 
3 3859 3775 3783 
3 3861 3859 3783 
3 3785 3861 3783 
3 3862 3861 3785 
3 3862 3785 3868 
3 3868 3785 3787 
3 3868 3787 3869 
3 3787 3789 3869 
3 3871 3789 3791 
3 3871 3870 3789 
3 3870 3869 3789 
3 3870 3871 3872 
3 3866 3792 3778 
3 3867 3792 3866 
3 3867 3873 3792 
3 3873 3793 3792 
3 3871 3791 3801 
3 3872 3871 3801 
3 3872 3801 3874 
3 3874 3801 3803 
3 3876 3803 3805 
3 3876 3875 3803 
3 3875 3874 3803 
3 3875 3878 3877 
3 3876 3878 3875 
3 3877 3878 3879 
3 3876 3805 3808 
3 3878 3876 3808 
3 3810 3878 3808 
3 3810 3812 3881 
3 3878 3810 3881 
3 3878 3881 3880 
3 3878 3880 3879 
3 3880 3883 3882 
3 3881 3883 3880 
3 3881 3812 3813 
3 3883 3881 3813 
3 3814 3883 3813 
3 3885 3816 2490 
3 3885 2490 3884 
3 3884 2490 2509 
3 3884 3886 3885 
3 3885 3817 3816 
3 3817 3888 3819 
3 3885 3888 3817 
3 3885 3887 3888 
3 3885 3886 3887 
3 3887 3889 3888 
3 3888 3820 3819 
3 3820 3891 3822 
3 3888 3891 3820 
3 3888 3890 3891 
3 3888 3889 3890 
3 3890 3892 3893 
3 3891 3890 3893 
3 3892 3894 3893 
3 3896 2500 3823 
3 3896 3895 2500 
3 3895 2516 2500 
3 3895 3896 3897 
3 3891 3824 3822 
3 3893 3824 3891 
3 3825 3824 3893 
3 3825 3899 3826 
3 3893 3899 3825 
3 3893 3898 3899 
3 3893 3894 3898 
3 3898 3900 3899 
3 3896 3823 3827 
3 3827 3829 3902 
3 3896 3827 3902 
3 3896 3902 3901 
3 3896 3901 3897 
3 3901 3904 3903 
3 3902 3904 3901 
3 3903 3904 3905 
3 3899 3830 3826 
3 3900 3830 3899 
3 3900 3906 3830 
3 3906 3831 3830 
3 3908 3833 3831 
3 3908 3831 3907 
3 3907 3831 3906 
3 3907 3909 3908 
3 3902 3829 3834 
3 3834 3836 3910 
3 3834 3910 3902 
3 3902 3910 3904 
3 3905 3912 3911 
3 3905 3904 3912 
3 3904 3910 3912 
3 3911 3914 3913 
3 3912 3914 3911 
3 3913 3914 3915 
3 3908 3837 3833 
3 3909 3837 3908 
3 3909 3916 3837 
3 3916 3838 3837 
3 3918 3840 3838 
3 3918 3838 3917 
3 3917 3838 3916 
3 3917 3919 3918 
3 3910 3836 3841 
3 3912 3910 3841 
3 3843 3912 3841 
3 3843 3845 3920 
3 3843 3920 3912 
3 3912 3920 3914 
3 3915 3922 3921 
3 3915 3914 3922 
3 3914 3920 3922 
3 3921 3922 3923 
3 3918 3846 3840 
3 3919 3846 3918 
3 3919 3924 3846 
3 3924 3847 3846 
3 3926 3849 3847 
3 3926 3847 3925 
3 3925 3847 3924 
3 3925 3927 3926 
3 3920 3845 3850 
3 3922 3920 3850 
3 3852 3922 3850 
3 3852 3854 3929 
3 3922 3852 3929 
3 3922 3929 3928 
3 3922 3928 3923 
3 3928 3931 3930 
3 3929 3931 3928 
3 3930 3931 3932 
3 3926 3855 3849 
3 3927 3855 3926 
3 3927 3933 3855 
3 3933 3856 3855 
3 3935 3857 3856 
3 3935 3856 3934 
3 3934 3856 3933 
3 3934 3936 3937 
3 3935 3934 3937 
3 3936 3938 3937 
3 3929 3854 3858 
3 3931 3929 3858 
3 3860 3931 3858 
3 3860 3862 3940 
3 3931 3860 3940 
3 3931 3940 3939 
3 3931 3939 3932 
3 3939 3942 3941 
3 3940 3942 3939 
3 3941 3942 3943 
3 3935 3863 3857 
3 3937 3863 3935 
3 3864 3863 3937 
3 3938 3864 3937 
3 3938 3944 3864 
3 3944 3865 3864 
3 3946 3867 3865 
3 3946 3865 3945 
3 3945 3865 3944 
3 3940 3862 3868 
3 3942 3940 3868 
3 3869 3942 3868 
3 3943 3942 3869 
3 3943 3869 3947 
3 3947 3869 3870 
3 3949 3870 3872 
3 3949 3948 3870 
3 3948 3947 3870 
3 3948 3951 3950 
3 3949 3951 3948 
3 3950 3951 3952 
3 3946 3873 3867 
3 3949 3872 3874 
3 3951 3949 3874 
3 3875 3951 3874 
3 3952 3951 3875 
3 3952 3875 3953 
3 3953 3875 3877 
3 3955 3877 3879 
3 3955 3954 3877 
3 3954 3953 3877 
3 3954 3957 3956 
3 3955 3957 3954 
3 3955 3879 3880 
3 3957 3955 3880 
3 3882 3957 3880 
3 600 2509 599 
3 600 3958 2509 
3 3958 3884 2509 
3 3960 3886 3884 
3 3960 3884 3959 
3 3959 3884 3958 
3 3959 3961 3960 
3 2524 2525 3962 
3 3960 3887 3886 
3 3887 3964 3889 
3 3960 3964 3887 
3 3960 3963 3964 
3 3960 3961 3963 
3 3963 3965 3964 
3 3962 2526 3966 
3 2525 2526 3962 
3 3964 3890 3889 
3 3965 3890 3964 
3 3965 3967 3890 
3 3967 3892 3890 
3 3969 3894 3892 
3 3969 3892 3968 
3 3968 3892 3967 
3 3968 3970 3971 
3 3969 3968 3971 
3 3970 3972 3971 
3 3966 2526 2516 
3 3966 2516 3973 
3 3973 2516 3895 
3 3975 3895 3897 
3 3975 3974 3895 
3 3974 3973 3895 
3 3974 3977 3976 
3 3975 3977 3974 
3 3976 3977 3978 
3 3969 3898 3894 
3 3898 3979 3900 
3 3898 3969 3979 
3 3969 3971 3979 
3 3972 3980 3981 
3 3972 3981 3971 
3 3971 3981 3979 
3 3980 3982 3981 
3 3975 3897 3901 
3 3977 3975 3901 
3 3903 3977 3901 
3 3903 3978 3977 
3 3903 3905 3978 
3 3905 3983 3978 
3 3979 3906 3900 
3 3981 3906 3979 
3 3907 3906 3981 
3 3907 3985 3909 
3 3981 3985 3907 
3 3981 3984 3985 
3 3981 3982 3984 
3 3984 3986 3987 
3 3985 3984 3987 
3 3986 3988 3987 
3 3983 3905 3911 
3 3989 3983 3911 
3 3989 3911 3990 
3 3911 3913 3990 
3 3992 3913 3915 
3 3992 3991 3913 
3 3991 3990 3913 
3 3991 3992 3993 
3 3985 3916 3909 
3 3987 3916 3985 
3 3917 3916 3987 
3 3917 3995 3919 
3 3987 3995 3917 
3 3987 3994 3995 
3 3987 3988 3994 
3 3994 3996 3997 
3 3995 3994 3997 
3 3996 3998 3999 
3 3997 3996 3999 
3 3998 4000 3999 
3 3992 3915 3921 
3 3921 3923 4002 
3 3992 3921 4002 
3 3992 4002 4001 
3 3992 4001 3993 
3 4001 4002 4003 
3 3995 3924 3919 
3 3997 3924 3995 
3 3925 3924 3997 
3 3925 4004 3927 
3 3925 3997 4004 
3 3997 3999 4004 
3 4000 4005 4006 
3 4000 4006 3999 
3 3999 4006 4004 
3 4005 4007 4008 
3 4006 4005 4008 
3 4007 4009 4008 
3 4002 3923 3928 
3 4003 4002 3928 
3 4003 3928 4010 
3 4010 3928 3930 
3 4012 3930 3932 
3 4012 4011 3930 
3 4011 4010 3930 
3 4011 4012 4013 
3 4004 3933 3927 
3 4006 3933 4004 
3 3934 3933 4006 
3 4008 3934 4006 
3 3936 3934 4008 
3 3936 4015 3938 
3 4008 4015 3936 
3 4008 4014 4015 
3 4008 4009 4014 
3 4014 568 4016 
3 4015 4014 4016 
3 4012 3932 3939 
3 4013 4012 3939 
3 4013 3939 4017 
3 4017 3939 3941 
3 4019 3941 3943 
3 4019 4018 3941 
3 4018 4017 3941 
3 4018 4021 4020 
3 4019 4021 4018 
3 4020 4021 4022 
3 4015 3944 3938 
3 4016 3944 4015 
3 3945 3944 4016 
3 4019 3943 3947 
3 4021 4019 3947 
3 3948 4021 3947 
3 4022 4021 3948 
3 4022 3948 4023 
3 4023 3948 3950 
3 4025 3950 3952 
3 4025 4024 3950 
3 4024 4023 3950 
3 4024 4025 4026 
3 4025 3952 3953 
3 4026 4025 3953 
3 4026 3953 4027 
3 4027 3953 3954 
3 4027 3954 583 
3 3954 3956 583 
3 4030 2865 4029 
3 4028 4030 4029 
3 4028 4029 4031 
3 4029 4032 4031 
3 4031 4032 4033 
3 4032 4034 4033 
3 4034 4035 4033 
3 4036 4035 4034 
3 4037 4038 2869 
3 4041 4038 4037 
3 4041 4039 4038 
3 4039 4040 4038 
3 214 4042 4040 
3 214 4040 213 
3 213 4040 4039 
3 4035 4036 4044 
3 4043 4035 4044 
3 4043 4044 4045 
3 4044 4046 4045 
3 4045 4046 4047 
3 4046 4048 4047 
3 4050 4048 4051 
3 4050 4049 4048 
3 4049 4047 4048 
3 4049 4050 4052 
3 217 4042 214 
3 4053 4042 217 
3 4050 4051 4054 
3 4052 4050 4054 
3 4052 4054 4055 
3 4055 4054 4056 
3 4053 217 220 
3 4053 220 4056 
3 4056 220 4055 
3 4058 4030 4028 
3 4057 4058 4028 
3 4057 4028 4059 
3 4028 4031 4059 
3 4059 4031 4060 
3 4031 4033 4060 
3 4033 4061 4060 
3 4035 4061 4033 
3 4062 4039 4041 
3 4063 4039 4062 
3 4063 222 4039 
3 222 213 4039 
3 4061 4035 4043 
3 4064 4061 4043 
3 4064 4043 4065 
3 4043 4045 4065 
3 4067 4047 4066 
3 4067 4065 4047 
3 4065 4045 4047 
3 4049 4066 4047 
3 4068 4066 4049 
3 4049 4052 4068 
3 4067 4066 4069 
3 4066 4068 4070 
3 4069 4066 4070 
3 4068 4052 4055 
3 4068 4055 4070 
3 4070 4055 4071 
3 4071 4055 233 
3 4055 220 233 
3 4074 4072 4073 
3 4072 4075 4076 
3 4073 4072 4076 
3 4075 4058 4057 
3 4075 4057 4076 
3 4076 4057 4077 
3 4077 4057 4078 
3 4057 4059 4078 
3 4080 4060 4079 
3 4080 4078 4060 
3 4078 4059 4060 
3 4060 4061 4079 
3 4081 222 4063 
3 235 222 4081 
3 4080 4079 4082 
3 4079 4061 4064 
3 4079 4064 4082 
3 4082 4064 4083 
3 4083 4064 4084 
3 4064 4065 4084 
3 4086 4065 4067 
3 4086 4085 4065 
3 4085 4084 4065 
3 4085 4086 4087 
3 4086 4067 4069 
3 4087 4086 4069 
3 4087 4069 4088 
3 4088 4069 4070 
3 4088 4070 4089 
3 4070 4071 4089 
3 4090 233 245 
3 4090 4089 233 
3 4089 4071 233 
3 4090 245 250 
3 4093 4091 4092 
3 4091 4094 4095 
3 4092 4091 4095 
3 4094 4074 4073 
3 4094 4073 4095 
3 4095 4073 4096 
3 4098 4076 4097 
3 4098 4096 4076 
3 4096 4073 4076 
3 4097 4099 4100 
3 4097 4076 4099 
3 4076 4077 4099 
3 4102 4078 4101 
3 4102 4099 4078 
3 4099 4077 4078 
3 4078 4080 4101 
3 4103 235 4081 
3 251 235 4103 
3 4098 4097 4104 
3 4097 4100 4104 
3 4102 4101 4105 
3 4101 4080 4082 
3 4101 4082 4105 
3 4105 4082 4106 
3 4106 4082 4107 
3 4082 4083 4107 
3 4107 4083 4108 
3 4083 4084 4108 
3 4110 4085 4109 
3 4110 4108 4085 
3 4108 4084 4085 
3 4085 4087 4109 
3 4110 4109 4111 
3 4109 4087 4088 
3 4109 4088 4111 
3 4111 4088 4112 
3 4112 4088 4113 
3 4088 4089 4113 
3 4089 4114 4113 
3 4090 4114 4089 
3 4114 4090 250 
3 264 4114 250 
3 4117 4115 4116 
3 4115 4118 4119 
3 4116 4115 4119 
3 4118 4093 4092 
3 4118 4092 4119 
3 4119 4092 4120 
3 4122 4095 4121 
3 4122 4120 4095 
3 4120 4092 4095 
3 4096 4121 4095 
3 4123 4121 4096 
3 4096 4098 4123 
3 4099 4124 4100 
3 4099 4102 4124 
3 266 251 4103 
3 4122 4121 4125 
3 4121 4123 4126 
3 4125 4121 4126 
3 4128 4104 4127 
3 4126 4104 4128 
3 4126 4098 4104 
3 4126 4123 4098 
3 4100 4127 4104 
3 4100 4124 4127 
3 4124 4129 4127 
3 4105 4124 4102 
3 4105 4130 4124 
3 4130 4129 4124 
3 4106 4130 4105 
3 4131 4130 4106 
3 4107 4131 4106 
3 4132 4131 4107 
3 4108 4132 4107 
3 4133 4132 4108 
3 4108 4110 4133 
3 4136 4135 4134 
3 4134 4135 4137 
3 4128 4127 4138 
3 4127 4129 4139 
3 4138 4127 4139 
3 4141 4139 4129 
3 4141 4129 4140 
3 4140 4129 4130 
3 4130 4131 4140 
3 4131 4142 4140 
3 4131 4132 4142 
3 4132 4143 4142 
3 4132 4133 4143 
3 4133 4144 4143 
3 4110 4144 4133 
3 4110 4145 4144 
3 4110 4111 4145 
3 4146 4144 4145 
3 4135 4136 4145 
3 4135 4145 4112 
3 4112 4145 4111 
3 4137 4135 4112 
3 4137 4112 4147 
3 4147 4112 4113 
3 274 4113 4114 
3 274 273 4113 
3 273 4147 4113 
3 4141 4140 4148 
3 4140 4142 4149 
3 4148 4140 4149 
3 4142 4143 4150 
3 4149 4142 4150 
3 4143 4144 4151 
3 4150 4143 4151 
3 4144 4146 4151 
3 274 4114 264 
3 1020 4153 4152 
3 4153 4154 4152 
3 4116 4153 4117 
3 4116 4155 4153 
3 4155 4154 4153 
3 4119 4155 4116 
3 4156 4155 4119 
3 4120 4156 4119 
3 4157 4156 4120 
3 4120 4122 4157 
3 4152 4154 4159 
3 4158 4152 4159 
3 4161 4159 4154 
3 4161 4154 4160 
3 4160 4154 4155 
3 4155 4156 4160 
3 4156 4162 4160 
3 4156 4157 4162 
3 4157 4163 4162 
3 4125 4157 4122 
3 4125 4164 4157 
3 4164 4163 4157 
3 4126 4164 4125 
3 4165 4164 4126 
3 4126 4128 4165 
3 4134 4166 4136 
3 4134 4137 4166 
3 4161 4160 4167 
3 4169 4167 4160 
3 4169 4160 4168 
3 4168 4160 4162 
3 4162 4163 4168 
3 4163 4170 4168 
3 4163 4164 4170 
3 4164 4171 4170 
3 4164 4165 4171 
3 4165 4172 4171 
3 4138 4165 4128 
3 4138 4173 4165 
3 4173 4172 4165 
3 4139 4173 4138 
3 4174 4173 4139 
3 4139 4141 4174 
3 4146 4175 4176 
3 4145 4175 4146 
3 4136 4166 4177 
3 4136 4177 4145 
3 4145 4177 4175 
3 4166 4137 4147 
3 4166 4147 4177 
3 4177 4147 4178 
3 4178 4147 287 
3 4147 273 287 
3 4169 4168 4179 
3 4168 4170 4180 
3 4179 4168 4180 
3 4170 4171 4181 
3 4180 4170 4181 
3 4183 4181 4171 
3 4183 4171 4182 
3 4182 4171 4172 
3 4184 4185 4182 
3 4184 4182 4173 
3 4173 4182 4172 
3 4187 4184 4173 
3 4187 4173 4186 
3 4186 4173 4174 
3 4148 4174 4141 
3 4148 4188 4174 
3 4188 4186 4174 
3 4149 4188 4148 
3 4189 4188 4149 
3 4150 4189 4149 
3 4190 4189 4150 
3 4190 4191 4192 
3 4190 4150 4191 
3 4150 4151 4191 
3 4191 4151 4146 
3 4176 4191 4146 
3 4183 4182 4193 
3 4182 4185 4193 
3 4195 4187 4186 
3 4194 4195 4186 
3 4186 4188 4194 
3 4188 4196 4194 
3 4197 4198 4196 
3 4197 4196 4189 
3 4189 4196 4188 
3 4189 4190 4199 
3 4197 4189 4199 
3 4190 4192 4199 
3 4195 4194 4200 
3 4194 4196 4201 
3 4200 4194 4201 
3 4196 4198 4201 
3 4159 4202 4158 
3 4203 4202 4159 
3 4159 4161 4203 
3 4206 4205 4204 
3 4204 4205 4207 
3 4210 4208 4202 
3 4210 4202 4209 
3 4209 4202 4203 
3 4167 4203 4161 
3 4167 4211 4203 
3 4211 4209 4203 
3 4167 4169 4211 
3 4176 4212 4213 
3 4175 4212 4176 
3 4212 4175 4214 
3 4175 4177 4214 
3 4205 4206 4214 
3 4205 4214 4178 
3 4178 4214 4177 
3 4207 4205 4178 
3 4207 4178 303 
3 303 4178 287 
3 4210 4209 4215 
3 4209 4211 4216 
3 4215 4209 4216 
3 4211 4169 4179 
3 4211 4179 4216 
3 4216 4179 4217 
3 4219 4180 4218 
3 4219 4217 4180 
3 4217 4179 4180 
3 4181 4218 4180 
3 4220 4218 4181 
3 4181 4183 4220 
3 4184 4221 4185 
3 4184 4187 4221 
3 4192 4222 4223 
3 4191 4222 4192 
3 4222 4191 4176 
3 4213 4222 4176 
3 4219 4218 4224 
3 4218 4220 4225 
3 4224 4218 4225 
3 4227 4193 4226 
3 4225 4193 4227 
3 4225 4183 4193 
3 4225 4220 4183 
3 4185 4226 4193 
3 4185 4221 4226 
3 4221 4228 4226 
3 4221 4195 4228 
3 4187 4195 4221 
3 4197 4229 4198 
3 4199 4229 4197 
3 4230 4229 4199 
3 4230 4199 4192 
3 4230 4192 4231 
3 4231 4192 4223 
3 4227 4226 4232 
3 4226 4228 4233 
3 4232 4226 4233 
3 4235 4200 4234 
3 4233 4200 4235 
3 4233 4195 4200 
3 4233 4228 4195 
3 4201 4234 4200 
3 4236 4234 4201 
3 4198 4236 4201 
3 4198 4229 4236 
3 4229 4237 4236 
3 4238 4239 4237 
3 4238 4237 4230 
3 4230 4237 4229 
3 4230 4231 4238 
3 4235 4234 4240 
3 4234 4236 4241 
3 4240 4234 4241 
3 4236 4237 4242 
3 4241 4236 4242 
3 4237 4239 4242 
3 4204 4243 4206 
3 4204 4207 4243 
3 4246 4208 4210 
3 4246 4245 4208 
3 4245 4244 4208 
3 4245 4246 4247 
3 4212 4248 4213 
3 4248 4249 4250 
3 4248 4212 4249 
3 4212 4214 4249 
3 4206 4243 4251 
3 4206 4251 4214 
3 4214 4251 4249 
3 4243 4207 303 
3 4243 303 4251 
3 4251 303 322 
3 4246 4210 4215 
3 4247 4246 4215 
3 4247 4215 4252 
3 4252 4215 4216 
3 4252 4216 4253 
3 4216 4217 4253 
3 4217 4254 4253 
3 4219 4254 4217 
3 4222 4255 4223 
3 4255 4256 4257 
3 4222 4256 4255 
3 4222 4248 4256 
3 4222 4213 4248 
3 4248 4250 4256 
3 4254 4219 4224 
3 4258 4254 4224 
3 4258 4224 4259 
3 4224 4225 4259 
3 4225 4260 4259 
3 4227 4260 4225 
3 4261 4223 4255 
3 4261 4262 4223 
3 4262 4231 4223 
3 4255 4257 4261 
3 4260 4227 4232 
3 4263 4260 4232 
3 4263 4232 4264 
3 4232 4233 4264 
3 4233 4265 4264 
3 4235 4265 4233 
3 4239 4266 4267 
3 4238 4266 4239 
3 4266 4238 4231 
3 4262 4266 4231 
3 4265 4235 4240 
3 4268 4265 4240 
3 4268 4240 4269 
3 4240 4241 4269 
3 4269 4241 4270 
3 4241 4242 4270 
3 4270 4242 4239 
3 4267 4270 4239 
3 4273 4272 4271 
3 4271 4275 4274 
3 4272 4275 4271 
3 4274 4275 4276 
3 4277 4244 4278 
3 4244 4245 4278 
3 4245 4279 4278 
3 4247 4279 4245 
3 4282 4281 4280 
3 4272 4250 4249 
3 4273 4250 4272 
3 4273 4281 4250 
3 4273 4280 4281 
3 4275 4272 4249 
3 4251 4275 4249 
3 4276 4275 4251 
3 4276 4251 341 
3 341 4251 322 
3 4279 4247 4252 
3 4283 4279 4252 
3 4283 4252 4284 
3 4252 4253 4284 
3 4253 4285 4284 
3 4254 4285 4253 
3 4288 4287 4286 
3 4281 4257 4256 
3 4282 4257 4281 
3 4282 4287 4257 
3 4282 4286 4287 
3 4281 4256 4250 
3 4285 4254 4258 
3 4289 4285 4258 
3 4289 4258 4290 
3 4258 4259 4290 
3 4259 4291 4290 
3 4260 4291 4259 
3 4287 4262 4261 
3 4287 4288 4262 
3 4288 4292 4262 
3 4287 4261 4257 
3 4291 4260 4263 
3 4293 4291 4263 
3 4293 4263 4294 
3 4263 4264 4294 
3 4264 4295 4294 
3 4265 4295 4264 
3 4267 4296 4297 
3 4266 4296 4267 
3 4296 4266 4262 
3 4292 4296 4262 
3 4295 4265 4268 
3 4298 4295 4268 
3 4298 4268 4299 
3 4268 4269 4299 
3 4299 4269 4300 
3 4269 4270 4300 
3 4300 4270 4267 
3 4297 4300 4267 
3 4301 4302 4303 
3 4273 4304 4305 
3 4271 4304 4273 
3 4304 4271 4306 
3 4271 4274 4306 
3 4274 4307 4306 
3 4276 4307 4274 
3 4303 4302 4277 
3 4303 4277 4308 
3 4308 4277 4278 
3 4310 4278 4279 
3 4310 4309 4278 
3 4309 4308 4278 
3 4309 4310 4311 
3 4280 4312 4282 
3 4312 4280 4273 
3 4312 4273 4313 
3 4313 4273 4305 
3 4307 4276 341 
3 365 4307 341 
3 4310 4279 4283 
3 4311 4310 4283 
3 4311 4283 4314 
3 4314 4283 4284 
3 4316 4284 4285 
3 4316 4315 4284 
3 4315 4314 4284 
3 4315 4316 4317 
3 4288 4318 4319 
3 4286 4318 4288 
3 4282 4312 4320 
3 4282 4320 4286 
3 4286 4320 4318 
3 4312 4313 4320 
3 4316 4285 4289 
3 4317 4316 4289 
3 4317 4289 4321 
3 4321 4289 4290 
3 4323 4290 4291 
3 4323 4322 4290 
3 4322 4321 4290 
3 4322 4323 4324 
3 4319 4325 4288 
3 4325 4292 4288 
3 4323 4291 4293 
3 4324 4323 4293 
3 4324 4293 4326 
3 4326 4293 4294 
3 4328 4294 4295 
3 4328 4327 4294 
3 4327 4326 4294 
3 4327 4328 4329 
3 4297 4330 4331 
3 4296 4330 4297 
3 4330 4296 4292 
3 4325 4330 4292 
3 4328 4295 4298 
3 4329 4328 4298 
3 4329 4298 4332 
3 4332 4298 4299 
3 4332 4299 4333 
3 4299 4300 4333 
3 4333 4300 4297 
3 4331 4333 4297 
3 4301 4335 4334 
3 4303 4335 4301 
3 4305 4336 4337 
3 4304 4336 4305 
3 4336 4304 4338 
3 4304 4306 4338 
3 387 4306 4307 
3 387 386 4306 
3 386 4338 4306 
3 4335 4303 4308 
3 4339 4335 4308 
3 4339 4308 4340 
3 4308 4309 4340 
3 4309 4341 4340 
3 4311 4341 4309 
3 4344 4343 4342 
3 4342 4343 4313 
3 4342 4313 4337 
3 4337 4313 4305 
3 387 4307 365 
3 4341 4311 4314 
3 4345 4341 4314 
3 4345 4314 4346 
3 4314 4315 4346 
3 4315 4347 4346 
3 4317 4347 4315 
3 4319 4348 4349 
3 4318 4348 4319 
3 4343 4344 4348 
3 4343 4348 4320 
3 4320 4348 4318 
3 4343 4320 4313 
3 4347 4317 4321 
3 4350 4347 4321 
3 4350 4321 4351 
3 4321 4322 4351 
3 4322 4352 4351 
3 4324 4352 4322 
3 4349 4353 4319 
3 4353 4325 4319 
3 4352 4324 4326 
3 4354 4352 4326 
3 4354 4326 4355 
3 4326 4327 4355 
3 4357 4327 4329 
3 4357 4356 4327 
3 4356 4355 4327 
3 4356 4357 4358 
3 4331 4359 4360 
3 4330 4359 4331 
3 4359 4330 4325 
3 4353 4359 4325 
3 4357 4329 4332 
3 4358 4357 4332 
3 4358 4332 4361 
3 4361 4332 4333 
3 4361 4333 4331 
3 4360 4361 4331 
3 4334 4363 4362 
3 4335 4363 4334 
3 4336 4364 4337 
3 4364 4365 4366 
3 4364 4336 4365 
3 4336 4338 4365 
3 4365 4338 410 
3 4338 386 410 
3 4363 4335 4339 
3 4367 4363 4339 
3 4367 4339 4368 
3 4339 4340 4368 
3 4340 4369 4368 
3 4341 4369 4340 
3 4344 4370 4371 
3 4342 4370 4344 
3 4337 4364 4372 
3 4337 4372 4342 
3 4342 4372 4370 
3 4364 4366 4372 
3 4369 4341 4345 
3 4373 4369 4345 
3 4373 4345 4374 
3 4345 4346 4374 
3 4346 4375 4374 
3 4347 4375 4346 
3 4349 4376 4377 
3 4348 4376 4349 
3 4376 4348 4344 
3 4371 4376 4344 
3 4375 4347 4350 
3 4378 4375 4350 
3 4378 4350 4379 
3 4350 4351 4379 
3 4351 4380 4379 
3 4352 4380 4351 
3 4377 4381 4349 
3 4381 4353 4349 
3 4380 4352 4354 
3 4382 4380 4354 
3 4382 4354 4383 
3 4354 4355 4383 
3 4383 4355 4384 
3 4355 4356 4384 
3 4386 4356 4358 
3 4386 4385 4356 
3 4385 4384 4356 
3 4360 4385 4386 
3 4360 4359 4385 
3 4359 4387 4385 
3 4387 4359 4353 
3 4381 4387 4353 
3 4386 4358 4361 
3 4386 4361 4360 
3 4390 4389 4388 
3 4388 429 428 
3 4389 429 4388 
3 4362 4392 4391 
3 4363 4392 4362 
3 4389 4366 4365 
3 4389 4390 4366 
3 4390 4393 4366 
3 429 4389 4365 
3 410 429 4365 
3 4392 4363 4367 
3 4394 4392 4367 
3 4394 4367 4395 
3 4367 4368 4395 
3 4368 4396 4395 
3 4369 4396 4368 
3 4371 4397 4398 
3 4370 4397 4371 
3 4397 4370 4399 
3 4370 4372 4399 
3 4399 4372 4366 
3 4393 4399 4366 
3 4396 4369 4373 
3 4400 4396 4373 
3 4400 4373 4401 
3 4373 4374 4401 
3 4374 4402 4401 
3 4375 4402 4374 
3 4377 4403 4404 
3 4376 4403 4377 
3 4403 4376 4371 
3 4398 4403 4371 
3 4402 4375 4378 
3 4405 4402 4378 
3 4405 4378 4406 
3 4378 4379 4406 
3 4379 4407 4406 
3 4380 4407 4379 
3 4404 4408 4377 
3 4408 4381 4377 
3 4407 4380 4382 
3 4409 4407 4382 
3 4409 4382 4410 
3 4382 4383 4410 
3 4410 4383 4411 
3 4383 4384 4411 
3 4411 4384 4412 
3 4384 4385 4412 
3 4412 4385 4413 
3 4385 4387 4413 
3 4413 4387 4381 
3 4408 4413 4381 
3 4390 4414 4415 
3 4388 4414 4390 
3 4414 4388 452 
3 4388 428 452 
3 4391 4417 4416 
3 4392 4417 4391 
3 4420 4419 4418 
3 4418 4419 4393 
3 4418 4393 4415 
3 4415 4393 4390 
3 4417 4392 4394 
3 4421 4417 4394 
3 4421 4394 4422 
3 4394 4395 4422 
3 4395 4423 4422 
3 4396 4423 4395 
3 4398 4424 4425 
3 4397 4424 4398 
3 4419 4420 4424 
3 4419 4424 4399 
3 4399 4424 4397 
3 4419 4399 4393 
3 4423 4396 4400 
3 4426 4423 4400 
3 4426 4400 4427 
3 4400 4401 4427 
3 4401 4428 4427 
3 4402 4428 4401 
3 4404 4429 4430 
3 4403 4429 4404 
3 4429 4403 4398 
3 4425 4429 4398 
3 4428 4402 4405 
3 4431 4428 4405 
3 4431 4405 4432 
3 4405 4406 4432 
3 4434 4406 4407 
3 4434 4433 4406 
3 4433 4432 4406 
3 4433 4434 4435 
3 4430 4436 4404 
3 4436 4408 4404 
3 4434 4407 4409 
3 4435 4434 4409 
3 4435 4409 4437 
3 4437 4409 4410 
3 4437 4410 4438 
3 4410 4411 4438 
3 4438 4411 4439 
3 4411 4412 4439 
3 4439 4412 4440 
3 4412 4413 4440 
3 4440 4413 4408 
3 4436 4440 4408 
3 4415 4441 4442 
3 4414 4441 4415 
3 4441 4414 473 
3 4414 452 473 
3 4416 4444 4443 
3 4417 4444 4416 
3 4420 4445 4446 
3 4418 4445 4420 
3 4445 4418 4415 
3 4442 4445 4415 
3 4444 4417 4421 
3 4447 4444 4421 
3 4447 4421 4448 
3 4421 4422 4448 
3 4422 4449 4448 
3 4423 4449 4422 
3 4425 4450 4451 
3 4424 4450 4425 
3 4450 4424 4420 
3 4446 4450 4420 
3 4449 4423 4426 
3 4452 4449 4426 
3 4452 4426 4453 
3 4426 4427 4453 
3 4427 4454 4453 
3 4428 4454 4427 
3 4430 4455 4456 
3 4429 4455 4430 
3 4455 4429 4425 
3 4451 4455 4425 
3 4454 4428 4431 
3 4457 4454 4431 
3 4457 4431 4458 
3 4431 4432 4458 
3 4458 4432 4459 
3 4432 4433 4459 
3 4461 4433 4435 
3 4461 4460 4433 
3 4460 4459 4433 
3 4460 4461 4462 
3 4465 4464 4463 
3 4463 4464 4436 
3 4463 4436 4456 
3 4456 4436 4430 
3 4461 4435 4437 
3 4462 4461 4437 
3 4462 4437 4466 
3 4466 4437 4438 
3 4466 4438 4467 
3 4438 4439 4467 
3 4464 4465 4467 
3 4464 4467 4440 
3 4440 4467 4439 
3 4464 4440 4436 
3 3167 4469 4468 
3 4469 4471 4442 
3 4469 4442 4470 
3 4469 4470 4468 
3 4441 4470 4442 
3 3172 4470 4441 
3 3172 4441 13 
3 13 4441 473 
3 4443 4473 4472 
3 4444 4473 4443 
3 4445 4474 4446 
3 4474 4445 4442 
3 4474 4442 4475 
3 4475 4442 4471 
3 4473 4444 4447 
3 4476 4473 4447 
3 4478 4448 4477 
3 4478 4476 4448 
3 4476 4447 4448 
3 4448 4449 4477 
3 4451 4479 4480 
3 4450 4479 4451 
3 4446 4474 4481 
3 4446 4481 4450 
3 4450 4481 4479 
3 4474 4475 4481 
3 4478 4477 4482 
3 4477 4449 4452 
3 4477 4452 4482 
3 4482 4452 4483 
3 4483 4452 4484 
3 4452 4453 4484 
3 4453 4485 4484 
3 4454 4485 4453 
3 4456 4486 4487 
3 4455 4486 4456 
3 4486 4455 4451 
3 4480 4486 4451 
3 4485 4454 4457 
3 4488 4485 4457 
3 4488 4457 4489 
3 4457 4458 4489 
3 4489 4458 4490 
3 4458 4459 4490 
3 4490 4459 4491 
3 4459 4460 4491 
3 4460 4492 4491 
3 4462 4492 4460 
3 4465 4493 4494 
3 4463 4493 4465 
3 4493 4463 4456 
3 4487 4493 4456 
3 4492 4462 4466 
3 4495 4492 4466 
3 4495 4466 4496 
3 4466 4467 4496 
3 4496 4467 4465 
3 4494 4496 4465 
3 4497 600 598 
3 4500 4498 4499 
3 4498 4501 4502 
3 4499 4498 4502 
3 4501 4503 4502 
3 4500 4505 4504 
3 4498 4500 4504 
3 4507 4506 4501 
3 4507 4501 4504 
3 4504 4501 4498 
3 4501 4506 4503 
3 4504 4505 4508 
3 4504 4508 4507 
3 667 4509 668 
3 4509 674 668 
3 4509 4510 674 
3 4510 2833 674 
3 4512 2834 2833 
3 4512 2833 4511 
3 4511 2833 4510 
3 4511 4513 4512 
3 4512 2835 2834 
3 4513 2835 4512 
3 4513 4514 2835 
3 4514 2836 2835 
3 4514 4515 2836 
3 2836 4515 2837 
3 2837 4515 4516 
3 2838 2837 4516 
3 682 4517 681 
3 2840 4517 682 
3 4516 2841 2838 
3 4518 2841 4516 
3 4518 4519 2841 
3 2841 4519 2842 
3 2842 4519 4520 
3 2844 2842 4520 
3 4517 2840 2845 
3 4521 4517 2845 
3 4521 2845 4522 
3 2845 2846 4522 
3 4524 2847 4523 
3 4524 4522 2847 
3 4522 2846 2847 
3 2847 2849 4523 
3 4520 2850 2844 
3 4525 2850 4520 
3 4525 4526 2850 
3 2850 4526 2851 
3 2851 4526 4527 
3 2853 2851 4527 
3 4524 4523 4528 
3 4523 2849 2854 
3 4523 2854 4528 
3 4528 2854 4529 
3 4529 2854 4530 
3 2854 2855 4530 
3 2855 4531 4530 
3 2856 4531 2855 
3 4527 2857 2853 
3 4532 2857 4527 
3 4532 4533 2857 
3 2857 4533 2858 
3 4533 4534 2858 
3 2858 4534 2859 
3 2859 4534 4535 
3 2861 2859 4535 
3 4531 2856 2862 
3 4536 4531 2862 
3 4536 2862 4537 
3 2862 2863 4537 
3 2863 4030 4537 
3 2865 4030 2863 
3 4535 2866 2861 
3 4538 2866 4535 
3 4538 4539 2866 
3 2866 4539 2867 
3 4037 2869 2867 
3 4037 2867 4540 
3 4540 2867 4539 
3 4540 4041 4037 
3 667 728 4541 
3 4509 667 4541 
3 4541 4510 4509 
3 4542 4510 4541 
3 4542 4543 4510 
3 4510 4543 4511 
3 4511 4543 4544 
3 4513 4511 4544 
3 4544 4514 4513 
3 4545 4514 4544 
3 4545 4546 4514 
3 4514 4546 4515 
3 4548 4516 4515 
3 4548 4515 4547 
3 4547 4515 4546 
3 4547 4549 4548 
3 681 4550 736 
3 4517 4550 681 
3 4548 4518 4516 
3 4549 4518 4548 
3 4549 4551 4518 
3 4551 4519 4518 
3 4553 4520 4519 
3 4553 4519 4552 
3 4552 4519 4551 
3 4552 4554 4553 
3 4550 4517 4521 
3 4555 4550 4521 
3 4557 4522 4556 
3 4557 4555 4522 
3 4555 4521 4522 
3 4522 4524 4556 
3 4553 4525 4520 
3 4554 4525 4553 
3 4554 4558 4525 
3 4558 4526 4525 
3 4526 4558 4559 
3 4527 4526 4559 
3 4557 4556 4560 
3 4556 4524 4528 
3 4556 4528 4560 
3 4560 4528 4561 
3 4561 4528 4562 
3 4528 4529 4562 
3 4564 4530 4563 
3 4564 4562 4530 
3 4562 4529 4530 
3 4530 4531 4563 
3 4559 4532 4527 
3 4565 4532 4559 
3 4565 4566 4532 
3 4532 4566 4533 
3 4566 4567 4533 
3 4533 4567 4534 
3 4534 4567 4568 
3 4535 4534 4568 
3 4564 4563 4569 
3 4563 4531 4536 
3 4563 4536 4569 
3 4569 4536 4570 
3 4570 4536 4571 
3 4536 4537 4571 
3 4537 4058 4571 
3 4030 4058 4537 
3 4568 4538 4535 
3 4572 4538 4568 
3 4572 4573 4538 
3 4538 4573 4539 
3 4573 4574 4539 
3 4539 4574 4540 
3 4062 4041 4540 
3 4062 4540 4575 
3 4575 4540 4574 
3 4575 4063 4062 
3 783 4576 784 
3 728 4578 4541 
3 784 4578 728 
3 784 4577 4578 
3 784 4576 4577 
3 4577 4579 4578 
3 4578 4542 4541 
3 4579 4542 4578 
3 4579 4580 4542 
3 4580 4543 4542 
3 4582 4544 4543 
3 4582 4543 4581 
3 4581 4543 4580 
3 4581 4583 4582 
3 4582 4545 4544 
3 4583 4545 4582 
3 4583 4584 4545 
3 4584 4546 4545 
3 4584 4585 4546 
3 4546 4585 4547 
3 4547 4585 4586 
3 4549 4547 4586 
3 736 4550 793 
3 4586 4551 4549 
3 4587 4551 4586 
3 4587 4588 4551 
3 4551 4588 4552 
3 4590 4554 4552 
3 4590 4552 4589 
3 4589 4552 4588 
3 4589 4591 4590 
3 793 4550 4555 
3 793 4555 795 
3 795 4555 4592 
3 4555 4593 4592 
3 4557 4593 4555 
3 4590 4558 4554 
3 4558 4595 4559 
3 4590 4595 4558 
3 4590 4594 4595 
3 4590 4591 4594 
3 4594 4596 4597 
3 4595 4594 4597 
3 4596 4598 4597 
3 4593 4557 4560 
3 4599 4593 4560 
3 4599 4560 4600 
3 4560 4561 4600 
3 4602 4562 4601 
3 4602 4600 4562 
3 4600 4561 4562 
3 4562 4564 4601 
3 4595 4565 4559 
3 4597 4565 4595 
3 4566 4565 4597 
3 4598 4566 4597 
3 4598 4603 4566 
3 4603 4567 4566 
3 4605 4568 4567 
3 4605 4567 4604 
3 4604 4567 4603 
3 4604 4606 4605 
3 4602 4601 4607 
3 4601 4564 4569 
3 4601 4569 4607 
3 4607 4569 4608 
3 4074 4570 4072 
3 4074 4608 4570 
3 4608 4569 4570 
3 4571 4072 4570 
3 4075 4072 4571 
3 4571 4058 4075 
3 4605 4572 4568 
3 4606 4572 4605 
3 4606 4609 4572 
3 4609 4573 4572 
3 4609 4610 4573 
3 4573 4610 4574 
3 4610 4611 4574 
3 4574 4611 4575 
3 4575 4611 4081 
3 4063 4575 4081 
3 4613 4576 783 
3 4613 783 4612 
3 4612 783 843 
3 4612 4614 4613 
3 4613 4577 4576 
3 4577 4616 4579 
3 4613 4616 4577 
3 4613 4615 4616 
3 4613 4614 4615 
3 4615 4617 4616 
3 4616 4580 4579 
3 4617 4580 4616 
3 4617 4618 4580 
3 4618 4581 4580 
3 4620 4583 4581 
3 4620 4581 4619 
3 4619 4581 4618 
3 4619 4621 4620 
3 4620 4584 4583 
3 4621 4584 4620 
3 4621 4622 4584 
3 4622 4585 4584 
3 4624 4586 4585 
3 4624 4585 4623 
3 4623 4585 4622 
3 4623 4625 4624 
3 4624 4587 4586 
3 4625 4587 4624 
3 4625 4626 4587 
3 4626 4588 4587 
3 4626 4627 4588 
3 4588 4627 4589 
3 4589 4627 4628 
3 4591 4589 4628 
3 4630 4592 4629 
3 4630 859 4592 
3 859 795 4592 
3 4592 4593 4629 
3 4628 4594 4591 
3 4631 4594 4628 
3 4631 4632 4594 
3 4594 4632 4596 
3 4634 4598 4596 
3 4634 4596 4633 
3 4633 4596 4632 
3 4633 4635 4634 
3 4630 4629 4636 
3 4638 4599 4637 
3 4636 4599 4638 
3 4636 4593 4599 
3 4636 4629 4593 
3 4600 4637 4599 
3 4639 4637 4600 
3 4600 4602 4639 
3 4634 4603 4598 
3 4635 4603 4634 
3 4635 4640 4603 
3 4640 4604 4603 
3 4642 4606 4604 
3 4642 4604 4641 
3 4641 4604 4640 
3 4641 4643 4642 
3 4638 4637 4644 
3 4637 4639 4645 
3 4644 4637 4645 
3 4093 4607 4091 
3 4645 4607 4093 
3 4645 4602 4607 
3 4645 4639 4602 
3 4608 4091 4607 
3 4094 4091 4608 
3 4608 4074 4094 
3 4642 4609 4606 
3 4643 4609 4642 
3 4643 4646 4609 
3 4646 4610 4609 
3 4646 4647 4610 
3 4610 4647 4611 
3 4611 4647 4103 
3 4081 4611 4103 
3 905 4648 906 
3 4648 843 906 
3 4648 4649 843 
3 4649 4612 843 
3 4651 4614 4612 
3 4651 4612 4650 
3 4650 4612 4649 
3 4650 4652 4651 
3 4651 4615 4614 
3 4615 4654 4617 
3 4651 4654 4615 
3 4651 4653 4654 
3 4651 4652 4653 
3 4653 4655 4656 
3 4654 4653 4656 
3 4655 4657 4656 
3 4654 4618 4617 
3 4656 4618 4654 
3 4619 4618 4656 
3 4619 4659 4621 
3 4656 4659 4619 
3 4656 4658 4659 
3 4656 4657 4658 
3 4658 4660 4659 
3 4659 4622 4621 
3 4660 4622 4659 
3 4660 4661 4622 
3 4661 4623 4622 
3 4663 4625 4623 
3 4663 4623 4662 
3 4662 4623 4661 
3 4662 4664 4663 
3 4663 4626 4625 
3 4664 4626 4663 
3 4664 4665 4626 
3 4665 4627 4626 
3 4627 4665 4666 
3 4628 4627 4666 
3 859 4630 928 
3 4666 4631 4628 
3 4667 4631 4666 
3 4667 4668 4631 
3 4631 4668 4632 
3 4668 4669 4632 
3 4632 4669 4633 
3 4671 4635 4633 
3 4671 4633 4670 
3 4670 4633 4669 
3 4670 4672 4671 
3 4636 928 4630 
3 4636 4673 928 
3 4673 930 928 
3 4636 4638 4673 
3 4671 4640 4635 
3 4672 4640 4671 
3 4672 4674 4640 
3 4674 4641 4640 
3 4676 4643 4641 
3 4676 4641 4675 
3 4675 4641 4674 
3 4675 4677 4676 
3 930 4673 4678 
3 932 930 4678 
3 4117 4644 4115 
3 4678 4644 4117 
3 4678 4638 4644 
3 4678 4673 4638 
3 4645 4115 4644 
3 4118 4115 4645 
3 4645 4093 4118 
3 4676 4646 4643 
3 4677 4646 4676 
3 4677 4679 4646 
3 4679 4647 4646 
3 266 4103 4647 
3 266 4647 498 
3 498 4647 4679 
3 4681 4648 905 
3 4681 905 4680 
3 4680 905 982 
3 4680 4682 4681 
3 4681 4649 4648 
3 4682 4649 4681 
3 4682 4683 4649 
3 4683 4650 4649 
3 4685 4652 4650 
3 4685 4650 4684 
3 4684 4650 4683 
3 4684 4686 4685 
3 4685 4653 4652 
3 4686 4653 4685 
3 4686 4687 4653 
3 4687 4655 4653 
3 4689 4657 4655 
3 4689 4655 4688 
3 4688 4655 4687 
3 4688 4690 4689 
3 4689 4658 4657 
3 4658 4692 4660 
3 4689 4692 4658 
3 4689 4691 4692 
3 4689 4690 4691 
3 4691 4693 4694 
3 4692 4691 4694 
3 4693 4695 4694 
3 4692 4661 4660 
3 4694 4661 4692 
3 4662 4661 4694 
3 4662 4697 4664 
3 4694 4697 4662 
3 4694 4696 4697 
3 4694 4695 4696 
3 4696 4698 4697 
3 4697 4665 4664 
3 4665 4700 4666 
3 4697 4700 4665 
3 4697 4699 4700 
3 4697 4698 4699 
3 4699 4701 4700 
3 4700 4667 4666 
3 4701 4667 4700 
3 4701 4702 4667 
3 4702 4668 4667 
3 4702 4703 4668 
3 4668 4703 4669 
3 4703 4704 4669 
3 4669 4704 4670 
3 4706 4672 4670 
3 4706 4670 4705 
3 4705 4670 4704 
3 4705 4707 4706 
3 4706 4674 4672 
3 4707 4674 4706 
3 4707 4708 4674 
3 4708 4675 4674 
3 4710 4677 4675 
3 4710 4675 4709 
3 4709 4675 4708 
3 4709 4711 4710 
3 4678 1020 932 
3 4153 1020 4678 
3 4678 4117 4153 
3 4710 4679 4677 
3 4711 4679 4710 
3 4711 499 4679 
3 499 498 4679 
3 1064 4712 1065 
3 4712 982 1065 
3 4712 4713 982 
3 4713 4680 982 
3 4715 4682 4680 
3 4715 4680 4714 
3 4714 4680 4713 
3 4714 4716 4715 
3 4715 4683 4682 
3 4716 4683 4715 
3 4716 4717 4683 
3 4717 4684 4683 
3 4719 4686 4684 
3 4719 4684 4718 
3 4718 4684 4717 
3 4718 4720 4719 
3 4719 4687 4686 
3 4720 4687 4719 
3 4720 4721 4687 
3 4721 4688 4687 
3 4723 4690 4688 
3 4723 4688 4722 
3 4722 4688 4721 
3 4722 4724 4723 
3 4723 4691 4690 
3 4724 4691 4723 
3 4724 4725 4691 
3 4725 4693 4691 
3 4693 4725 4726 
3 4695 4693 4726 
3 4726 4696 4695 
3 4727 4696 4726 
3 4729 4698 4696 
3 4729 4696 4728 
3 4728 4696 4727 
3 4728 4730 4729 
3 4729 4699 4698 
3 4699 4732 4701 
3 4729 4732 4699 
3 4729 4731 4732 
3 4729 4730 4731 
3 4731 4733 4732 
3 4732 4702 4701 
3 4733 4702 4732 
3 4733 4734 4702 
3 4734 4703 4702 
3 4734 4735 4703 
3 4703 4735 4704 
3 4735 4736 4704 
3 4704 4736 4705 
3 4738 4707 4705 
3 4738 4705 4737 
3 4737 4705 4736 
3 4737 4739 4738 
3 4738 4708 4707 
3 4739 4708 4738 
3 4739 4740 4708 
3 4740 4709 4708 
3 4709 4740 4741 
3 4711 4709 4741 
3 4741 499 4711 
3 500 499 4741 
3 1064 1126 4742 
3 4712 1064 4742 
3 4742 4713 4712 
3 4743 4713 4742 
3 4743 4744 4713 
3 4713 4744 4714 
3 4746 4716 4714 
3 4746 4714 4745 
3 4745 4714 4744 
3 4745 4747 4746 
3 4746 4717 4716 
3 4747 4717 4746 
3 4747 4748 4717 
3 4748 4718 4717 
3 4750 4720 4718 
3 4750 4718 4749 
3 4749 4718 4748 
3 4749 4751 4750 
3 4750 4721 4720 
3 4751 4721 4750 
3 4751 4752 4721 
3 4752 4722 4721 
3 4754 4724 4722 
3 4754 4722 4753 
3 4753 4722 4752 
3 4753 4755 4754 
3 4754 4725 4724 
3 4725 4757 4726 
3 4754 4757 4725 
3 4754 4756 4757 
3 4754 4755 4756 
3 4756 4758 4757 
3 4757 4727 4726 
3 4758 4727 4757 
3 4758 4759 4727 
3 4759 4728 4727 
3 4761 4730 4728 
3 4761 4728 4760 
3 4760 4728 4759 
3 4760 4762 4761 
3 4761 4731 4730 
3 4731 4764 4733 
3 4761 4764 4731 
3 4761 4763 4764 
3 4761 4762 4763 
3 4763 4765 4764 
3 4764 4734 4733 
3 4765 4734 4764 
3 4765 4766 4734 
3 4766 4735 4734 
3 4766 4767 4735 
3 4735 4767 4736 
3 4767 4768 4736 
3 4736 4768 4737 
3 4737 4768 4769 
3 4739 4737 4769 
3 4769 4740 4739 
3 4770 4740 4769 
3 502 4741 4740 
3 502 4740 501 
3 501 4740 4770 
3 502 500 4741 
3 4772 4742 1126 
3 4772 1126 4771 
3 4771 1126 1183 
3 4771 4773 4772 
3 4772 4743 4742 
3 4773 4743 4772 
3 4773 4774 4743 
3 4774 4744 4743 
3 4774 4775 4744 
3 4744 4775 4745 
3 4745 4775 4776 
3 4747 4745 4776 
3 4776 4748 4747 
3 4777 4748 4776 
3 4777 4778 4748 
3 4748 4778 4749 
3 4749 4778 4779 
3 4751 4749 4779 
3 4779 4752 4751 
3 4780 4752 4779 
3 4780 4781 4752 
3 4752 4781 4753 
3 4753 4781 4782 
3 4755 4753 4782 
3 4782 4756 4755 
3 4783 4756 4782 
3 4785 4758 4756 
3 4785 4756 4784 
3 4784 4756 4783 
3 4784 4786 4785 
3 4785 4759 4758 
3 4786 4759 4785 
3 4786 4787 4759 
3 4787 4760 4759 
3 4760 4787 4788 
3 4762 4760 4788 
3 4788 4763 4762 
3 4789 4763 4788 
3 4791 4765 4763 
3 4791 4763 4790 
3 4790 4763 4789 
3 4790 4792 4793 
3 4791 4790 4793 
3 4792 4794 4793 
3 4791 4766 4765 
3 4793 4766 4791 
3 4767 4766 4793 
3 4794 4767 4793 
3 4794 4795 4767 
3 4795 4768 4767 
3 4797 4769 4768 
3 4797 4768 4796 
3 4796 4768 4795 
3 4796 4798 4797 
3 4797 4770 4769 
3 4798 4770 4797 
3 4798 505 4770 
3 505 501 4770 
3 4800 4799 4771 
3 4800 4771 1244 
3 1244 4771 1183 
3 4771 4799 4773 
3 4800 4801 4799 
3 4799 4774 4773 
3 4799 4801 4774 
3 4801 4802 4774 
3 4802 4803 4774 
3 4774 4803 4775 
3 4775 4803 4804 
3 4776 4775 4804 
3 4804 4777 4776 
3 4805 4777 4804 
3 4805 4806 4777 
3 4777 4806 4778 
3 4778 4806 4807 
3 4779 4778 4807 
3 4807 4780 4779 
3 4808 4780 4807 
3 4808 4809 4780 
3 4780 4809 4781 
3 4781 4809 4810 
3 4782 4781 4810 
3 4810 4783 4782 
3 4811 4783 4810 
3 4811 4812 4783 
3 4783 4812 4784 
3 4784 4812 4813 
3 4786 4784 4813 
3 4813 4787 4786 
3 4814 4787 4813 
3 4816 4788 4787 
3 4816 4787 4815 
3 4815 4787 4814 
3 4815 4817 4816 
3 4816 4789 4788 
3 4817 4789 4816 
3 4817 4818 4789 
3 4818 4790 4789 
3 4818 4819 4790 
3 4790 4819 4792 
3 4821 4794 4792 
3 4821 4792 4820 
3 4820 4792 4819 
3 4820 4822 4821 
3 4821 4795 4794 
3 4822 4795 4821 
3 4822 4823 4795 
3 4823 4796 4795 
3 4796 4823 4824 
3 4798 4796 4824 
3 4824 505 4798 
3 510 505 4824 
3 1244 1304 4825 
3 4800 1244 4825 
3 4825 4801 4800 
3 4826 4801 4825 
3 4826 4827 4801 
3 4801 4827 4802 
3 4829 4828 4803 
3 4829 4803 4827 
3 4827 4803 4802 
3 4803 4828 4804 
3 4829 4830 4828 
3 4828 4805 4804 
3 4828 4830 4805 
3 4830 4831 4805 
3 4831 4832 4805 
3 4805 4832 4806 
3 4806 4832 4833 
3 4807 4806 4833 
3 4833 4808 4807 
3 4834 4808 4833 
3 4834 4835 4808 
3 4808 4835 4809 
3 4837 4810 4809 
3 4837 4809 4836 
3 4836 4809 4835 
3 4836 4838 4837 
3 4837 4811 4810 
3 4838 4811 4837 
3 4838 4839 4811 
3 4839 4812 4811 
3 4841 4813 4812 
3 4841 4812 4840 
3 4840 4812 4839 
3 4840 4842 4841 
3 4841 4814 4813 
3 4842 4814 4841 
3 4842 4843 4814 
3 4843 4815 4814 
3 4845 4817 4815 
3 4845 4815 4844 
3 4844 4815 4843 
3 4844 4846 4845 
3 4845 4818 4817 
3 4846 4818 4845 
3 4846 4847 4818 
3 4847 4819 4818 
3 4847 4848 4819 
3 4819 4848 4820 
3 4820 4848 4849 
3 4822 4820 4849 
3 4849 4823 4822 
3 4850 4823 4849 
3 516 4824 4823 
3 516 4823 515 
3 515 4823 4850 
3 516 510 4824 
3 1304 1365 4851 
3 4825 1304 4851 
3 4851 4826 4825 
3 4852 4826 4851 
3 4852 4853 4826 
3 4826 4853 4827 
3 4827 4853 4854 
3 4829 4827 4854 
3 4854 4830 4829 
3 4855 4830 4854 
3 4855 4856 4830 
3 4830 4856 4831 
3 4856 4857 4831 
3 4831 4857 4832 
3 4832 4857 4858 
3 4833 4832 4858 
3 4858 4834 4833 
3 4859 4834 4858 
3 4859 4860 4834 
3 4834 4860 4835 
3 4862 4861 4836 
3 4862 4836 4860 
3 4860 4836 4835 
3 4836 4861 4838 
3 4862 4863 4861 
3 4861 4839 4838 
3 4861 4863 4839 
3 4863 4864 4839 
3 4864 4865 4839 
3 4839 4865 4840 
3 4840 4865 4866 
3 4842 4840 4866 
3 4866 4843 4842 
3 4867 4843 4866 
3 4867 4868 4843 
3 4843 4868 4844 
3 4844 4868 4869 
3 4846 4844 4869 
3 4869 4847 4846 
3 4870 4847 4869 
3 4870 4871 4847 
3 4847 4871 4848 
3 4873 4849 4848 
3 4873 4848 4872 
3 4872 4848 4871 
3 4872 4874 4873 
3 4873 4850 4849 
3 4874 4850 4873 
3 4874 523 4850 
3 523 515 4850 
3 1365 1427 4875 
3 4851 1365 4875 
3 4875 4852 4851 
3 4876 4852 4875 
3 4876 4877 4852 
3 4852 4877 4853 
3 4853 4877 4878 
3 4854 4853 4878 
3 4878 4855 4854 
3 4879 4855 4878 
3 4879 4880 4855 
3 4855 4880 4856 
3 4882 4881 4857 
3 4882 4857 4880 
3 4880 4857 4856 
3 4857 4881 4858 
3 4882 4883 4881 
3 4881 4859 4858 
3 4881 4883 4859 
3 4883 4884 4859 
3 4884 4885 4859 
3 4859 4885 4860 
3 4860 4885 4886 
3 4862 4860 4886 
3 4886 4863 4862 
3 4887 4863 4886 
3 4887 4888 4863 
3 4863 4888 4864 
3 4888 4889 4864 
3 4864 4889 4865 
3 4865 4889 4890 
3 4866 4865 4890 
3 4890 4867 4866 
3 4891 4867 4890 
3 4891 4892 4867 
3 4867 4892 4868 
3 4894 4869 4868 
3 4894 4868 4893 
3 4893 4868 4892 
3 4893 4895 4896 
3 4894 4893 4896 
3 4895 4897 4896 
3 4894 4870 4869 
3 4896 4870 4894 
3 4871 4870 4896 
3 4897 4871 4896 
3 4897 4898 4871 
3 4898 4872 4871 
3 4872 4898 4899 
3 4874 4872 4899 
3 4899 523 4874 
3 529 523 4899 
3 1427 1490 4900 
3 4875 1427 4900 
3 4900 4876 4875 
3 4901 4876 4900 
3 4901 4902 4876 
3 4876 4902 4877 
3 4904 4878 4877 
3 4904 4877 4903 
3 4903 4877 4902 
3 4903 4905 4904 
3 4904 4879 4878 
3 4905 4879 4904 
3 4905 4906 4879 
3 4906 4880 4879 
3 4880 4906 4907 
3 4882 4880 4907 
3 4907 4883 4882 
3 4908 4883 4907 
3 4908 4909 4883 
3 4883 4909 4884 
3 4909 4910 4884 
3 4884 4910 4885 
3 4885 4910 4911 
3 4886 4885 4911 
3 4911 4887 4886 
3 4912 4887 4911 
3 4912 4913 4887 
3 4887 4913 4888 
3 4915 4914 4889 
3 4915 4889 4913 
3 4913 4889 4888 
3 4889 4914 4890 
3 4915 4916 4914 
3 4914 4891 4890 
3 4914 4916 4891 
3 4916 4917 4891 
3 4917 4918 4891 
3 4891 4918 4892 
3 4918 4919 4892 
3 4892 4919 4893 
3 4919 4920 4893 
3 4893 4920 4895 
3 4895 4920 4921 
3 4897 4895 4921 
3 4921 4898 4897 
3 4922 4898 4921 
3 4898 4922 4923 
3 4899 4898 4923 
3 4923 529 4899 
3 536 529 4923 
3 4925 4900 1490 
3 4925 1490 4924 
3 4924 1490 1553 
3 4924 4926 4925 
3 4925 4901 4900 
3 4926 4901 4925 
3 4926 4927 4901 
3 4927 4902 4901 
3 4927 4928 4902 
3 4902 4928 4903 
3 4903 4928 4929 
3 4905 4903 4929 
3 4929 4906 4905 
3 4930 4906 4929 
3 4932 4907 4906 
3 4932 4906 4931 
3 4931 4906 4930 
3 4931 4933 4932 
3 4932 4908 4907 
3 4933 4908 4932 
3 4933 4934 4908 
3 4934 4909 4908 
3 4934 4935 4909 
3 4909 4935 4910 
3 4910 4935 4936 
3 4911 4910 4936 
3 4936 4912 4911 
3 4937 4912 4936 
3 4937 4938 4912 
3 4912 4938 4913 
3 4940 4915 4913 
3 4940 4913 4939 
3 4939 4913 4938 
3 4939 4941 4942 
3 4940 4939 4942 
3 4941 4943 4942 
3 4940 4916 4915 
3 4942 4916 4940 
3 4917 4916 4942 
3 4943 4917 4942 
3 4943 4944 4917 
3 4944 4918 4917 
3 4944 4945 4918 
3 4918 4945 4919 
3 4947 4946 4920 
3 4947 4920 4945 
3 4945 4920 4919 
3 4920 4946 4921 
3 4947 4948 4946 
3 4946 4922 4921 
3 4946 4948 4922 
3 4948 4949 4922 
3 4922 4949 4950 
3 4923 4922 4950 
3 4950 536 4923 
3 546 536 4950 
3 1610 3113 4951 
3 1611 1610 4951 
3 3113 3116 4951 
3 4951 1553 1611 
3 4924 1553 4951 
3 4924 4952 4926 
3 4951 4952 4924 
3 4951 3118 4952 
3 4951 3116 3118 
3 3118 3121 4952 
3 4952 4927 4926 
3 3121 4927 4952 
3 3121 3123 4927 
3 3123 4928 4927 
3 4953 4929 4928 
3 4953 4928 3125 
3 3125 4928 3123 
3 3125 3128 4953 
3 4953 4930 4929 
3 3128 4930 4953 
3 3128 3130 4930 
3 3130 4931 4930 
3 4931 3130 3133 
3 4933 4931 3133 
3 3133 4934 4933 
3 3135 4934 3133 
3 3135 3137 4934 
3 4934 3137 4935 
3 4935 3137 3140 
3 4936 4935 3140 
3 3140 4937 4936 
3 3142 4937 3140 
3 3142 3144 4937 
3 4937 3144 4938 
3 3144 3146 4938 
3 4938 3146 4939 
3 3146 3148 4939 
3 4939 3148 4941 
3 4941 3148 3150 
3 4943 4941 3150 
3 3150 4944 4943 
3 3153 4944 3150 
3 3153 3155 4944 
3 4944 3155 4945 
3 4945 3155 3157 
3 4947 4945 3157 
3 3157 4948 4947 
3 3159 4948 3157 
3 3159 3161 4948 
3 4948 3161 4949 
3 4949 3161 3163 
3 4950 4949 3163 
3 3163 546 4950 
3 554 546 3163 
3 3167 4468 3166 
3 3166 4470 3169 
3 4468 4470 3166 
3 3169 4470 3172 
3 4499 4954 4500 
3 4499 3958 4954 
3 4497 4954 600 
3 600 4954 3958 
3 4502 3958 4499 
3 3959 3958 4502 
3 3959 4956 3961 
3 4502 4956 3959 
3 4502 4955 4956 
3 4502 4503 4955 
3 4955 4957 4956 
3 4960 2524 3962 
3 4960 4959 2524 
3 4959 4958 2524 
3 4959 4960 4961 
3 4956 3963 3961 
3 3963 4963 3965 
3 4956 4963 3963 
3 4956 4962 4963 
3 4956 4957 4962 
3 4962 4964 4965 
3 4963 4962 4965 
3 4964 4966 4965 
3 4967 4960 3962 
3 3966 4967 3962 
3 4961 4969 4968 
3 4961 4960 4969 
3 4960 4967 4969 
3 4968 4969 4970 
3 4963 3967 3965 
3 4965 3967 4963 
3 3968 3967 4965 
3 4966 3968 4965 
3 4966 4971 3968 
3 4971 3970 3968 
3 3970 4971 4972 
3 3972 3970 4972 
3 4967 3966 3973 
3 4969 4967 3973 
3 3974 4969 3973 
3 4970 4969 3974 
3 4970 3974 4973 
3 4973 3974 3976 
3 4975 3976 3978 
3 4975 4974 3976 
3 4974 4973 3976 
3 4974 4975 4976 
3 4972 3980 3972 
3 4977 3980 4972 
3 4979 3982 3980 
3 4979 3980 4978 
3 4978 3980 4977 
3 4978 4980 4979 
3 4981 4975 3978 
3 3983 4981 3978 
3 4976 4983 4982 
3 4976 4975 4983 
3 4975 4981 4983 
3 4982 4983 4984 
3 4979 3984 3982 
3 4980 3984 4979 
3 4980 4985 3984 
3 4985 3986 3984 
3 4987 3988 3986 
3 4987 3986 4986 
3 4986 3986 4985 
3 4986 4988 4987 
3 4981 3983 3989 
3 4983 4981 3989 
3 3990 4983 3989 
3 4984 4983 3990 
3 4984 3990 4989 
3 4989 3990 3991 
3 3991 4990 4989 
3 3993 4990 3991 
3 4987 3994 3988 
3 4988 3994 4987 
3 4988 4991 3994 
3 4991 3996 3994 
3 4991 4992 3996 
3 3996 4992 3998 
3 3998 4992 4993 
3 4000 3998 4993 
3 4990 3993 4001 
3 4994 4990 4001 
3 4996 4001 4003 
3 4996 4995 4001 
3 4995 4994 4001 
3 4995 4996 4997 
3 4993 4005 4000 
3 4998 4005 4993 
3 4998 4999 4005 
3 4005 4999 4007 
3 5001 4009 4007 
3 5001 4007 5000 
3 5000 4007 4999 
3 5000 565 566 
3 5001 5000 566 
3 4996 4003 4010 
3 4997 4996 4010 
3 4997 4010 5002 
3 5002 4010 4011 
3 5004 4011 4013 
3 5004 5003 4011 
3 5003 5002 4011 
3 5003 5006 5005 
3 5004 5006 5003 
3 5005 5006 5007 
3 5001 4014 4009 
3 566 4014 5001 
3 568 4014 566 
3 5004 4013 4017 
3 5006 5004 4017 
3 4018 5006 4017 
3 5007 5006 4018 
3 5007 4018 5008 
3 5008 4018 4020 
3 5010 4020 4022 
3 5010 5009 4020 
3 5009 5008 4020 
3 5009 5010 5011 
3 5010 4022 4023 
3 5011 5010 4023 
3 5011 4023 5012 
3 5012 4023 4024 
3 5014 4024 4026 
3 5014 5013 4024 
3 5013 5012 4024 
3 5013 578 577 
3 5014 578 5013 
3 5014 4026 4027 
3 578 5014 4027 
3 583 578 4027 
3 5016 4505 4500 
3 5016 4500 5015 
3 5016 5015 5017 
3 4954 5015 4500 
3 5016 4506 4507 
3 5016 5017 4506 
3 5017 5018 4506 
3 4955 4503 4506 
3 4955 4506 5019 
3 5019 4506 5018 
3 5019 4957 4955 
3 5022 5020 5021 
3 5020 5023 5024 
3 5021 5020 5024 
3 5023 5025 5024 
3 5017 5015 4958 
3 4959 5017 4958 
3 5026 5018 5017 
3 5026 5017 4961 
3 5026 4961 5027 
3 4961 5017 4959 
3 5018 5028 5019 
3 5026 5028 5018 
3 5021 5028 5022 
3 5021 4962 5028 
3 5019 5028 4957 
3 4957 5028 4962 
3 5024 4962 5021 
3 4964 4962 5024 
3 4964 5030 4966 
3 5024 5030 4964 
3 5024 5029 5030 
3 5024 5025 5029 
3 5029 5031 5030 
3 5027 4961 4968 
3 5032 5027 4968 
3 5034 4968 4970 
3 5034 5033 4968 
3 5033 5032 4968 
3 5033 5034 5035 
3 5030 4971 4966 
3 4971 5037 4972 
3 5030 5037 4971 
3 5030 5036 5037 
3 5030 5031 5036 
3 5036 5038 5039 
3 5037 5036 5039 
3 5038 5040 5039 
3 5034 4970 4973 
3 5035 5034 4973 
3 5035 4973 5041 
3 5041 4973 4974 
3 4974 5042 5041 
3 4976 5042 4974 
3 5037 4977 4972 
3 5039 4977 5037 
3 4978 4977 5039 
3 4978 5044 4980 
3 5039 5044 4978 
3 5039 5043 5044 
3 5039 5040 5043 
3 5043 5045 5046 
3 5044 5043 5046 
3 5045 5047 5046 
3 5042 4976 4982 
3 5048 5042 4982 
3 5050 4982 4984 
3 5050 5049 4982 
3 5049 5048 4982 
3 5049 5050 5051 
3 5044 4985 4980 
3 5046 4985 5044 
3 4986 4985 5046 
3 4986 5053 4988 
3 5046 5053 4986 
3 5046 5052 5053 
3 5046 5047 5052 
3 5052 5054 5055 
3 5053 5052 5055 
3 5054 5056 5055 
3 5050 4984 4989 
3 4989 4990 5058 
3 5050 4989 5058 
3 5050 5058 5057 
3 5050 5057 5051 
3 5057 5058 5059 
3 5053 4991 4988 
3 5055 4991 5053 
3 4992 4991 5055 
3 4992 5061 4993 
3 5055 5061 4992 
3 5055 5060 5061 
3 5055 5056 5060 
3 5060 5062 5063 
3 5061 5060 5063 
3 5062 5064 5063 
3 5058 4990 4994 
3 5059 5058 4994 
3 5059 4994 5065 
3 5065 4994 4995 
3 5067 4995 4997 
3 5067 5066 4995 
3 5066 5065 4995 
3 5066 5067 5068 
3 5061 4998 4993 
3 5063 4998 5061 
3 4999 4998 5063 
3 5064 4999 5063 
3 5064 5069 4999 
3 5069 5000 4999 
3 5069 586 5000 
3 5000 586 565 
3 5067 4997 5002 
3 5068 5067 5002 
3 5068 5002 5070 
3 5070 5002 5003 
3 5070 5003 5071 
3 5003 5005 5071 
3 5073 5005 5007 
3 5073 5072 5005 
3 5072 5071 5005 
3 5072 5073 5074 
3 5073 5007 5008 
3 5074 5073 5008 
3 5074 5008 5075 
3 5075 5008 5009 
3 5077 5009 5011 
3 5077 5076 5009 
3 5076 5075 5009 
3 5076 5079 5078 
3 5077 5079 5076 
3 5078 5079 5080 
3 5077 5011 5012 
3 5079 5077 5012 
3 5013 5079 5012 
3 5080 5079 5013 
3 5080 5013 592 
3 592 5013 577 
3 4508 4505 5016 
3 4508 5016 4507 
3 5020 5022 5081 
3 5081 5083 5082 
3 5081 5082 5020 
3 5020 5082 5023 
3 5023 5082 5084 
3 5025 5023 5084 
3 5026 5027 5085 
3 5028 5026 5085 
3 5086 5028 5085 
3 5022 5028 5086 
3 5022 5086 5081 
3 5081 5086 5087 
3 5083 5087 5088 
3 5081 5087 5083 
3 5084 5029 5025 
3 5089 5029 5084 
3 5029 5089 5090 
3 5031 5029 5090 
3 5085 5027 5032 
3 5086 5085 5032 
3 5033 5086 5032 
3 5033 5035 5091 
3 5033 5091 5086 
3 5086 5091 5087 
3 5088 5091 5092 
3 5087 5091 5088 
3 5090 5036 5031 
3 5093 5036 5090 
3 5093 5094 5036 
3 5036 5094 5038 
3 5038 5094 5095 
3 5040 5038 5095 
3 5091 5035 5041 
3 5041 5042 5097 
3 5091 5041 5097 
3 5091 5097 5096 
3 5091 5096 5092 
3 5096 5099 5098 
3 5097 5099 5096 
3 5098 5099 5100 
3 5095 5043 5040 
3 5101 5043 5095 
3 5101 5102 5043 
3 5043 5102 5045 
3 5045 5102 5103 
3 5047 5045 5103 
3 5097 5042 5048 
3 5099 5097 5048 
3 5049 5099 5048 
3 5049 5100 5099 
3 5049 5051 5100 
3 5051 5104 5100 
3 5103 5052 5047 
3 5105 5052 5103 
3 5105 5106 5052 
3 5052 5106 5054 
3 5054 5106 5107 
3 5056 5054 5107 
3 5104 5051 5057 
3 5108 5104 5057 
3 5110 5057 5059 
3 5110 5109 5057 
3 5109 5108 5057 
3 5109 5110 5111 
3 5107 5060 5056 
3 5112 5060 5107 
3 5112 5113 5060 
3 5060 5113 5062 
3 5062 5113 5114 
3 5064 5062 5114 
3 5110 5059 5065 
3 5111 5110 5065 
3 5111 5065 5115 
3 5115 5065 5066 
3 5117 5066 5068 
3 5117 5116 5066 
3 5116 5115 5066 
3 5116 5117 5118 
3 5114 5069 5064 
3 5119 5069 5114 
3 5120 594 586 
3 5120 586 5119 
3 5119 586 5069 
3 5117 5068 5070 
3 5118 5117 5070 
3 5118 5070 5121 
3 5121 5070 5071 
3 5121 5071 5122 
3 5071 5072 5122 
3 5072 5123 5122 
3 5074 5123 5072 
3 5124 594 5120 
3 595 594 5124 
3 5123 5074 5075 
3 5125 5123 5075 
3 5125 5075 5126 
3 5075 5076 5126 
3 5126 5076 5127 
3 5076 5078 5127 
3 5124 596 595 
3 5124 5078 596 
3 5124 5127 5078 
3 5080 596 5078 
3 596 5080 592 
3 5082 5083 5128 
3 5082 5128 5084 
3 5129 5128 5083 
3 5088 5129 5083 
3 5089 5084 5128 
3 5089 5128 5130 
3 5130 5128 5129 
3 5089 5130 5090 
3 5131 5129 5088 
3 5092 5131 5088 
3 5132 5131 5133 
3 5132 5130 5131 
3 5130 5129 5131 
3 5135 5134 5093 
3 5132 5135 5093 
3 5132 5093 5090 
3 5132 5090 5130 
3 5094 5093 5134 
3 5136 5094 5134 
3 5094 5136 5095 
3 5131 5092 5096 
3 5133 5131 5096 
3 5133 5096 5137 
3 5137 5096 5098 
3 5139 5134 5100 
3 5139 5138 5134 
3 5100 5134 5098 
3 5135 5137 5134 
3 5098 5134 5137 
3 5134 5140 5136 
3 5138 5140 5134 
3 5142 5141 5101 
3 5140 5142 5101 
3 5140 5101 5095 
3 5140 5095 5136 
3 5102 5101 5141 
3 5143 5102 5141 
3 5102 5143 5103 
3 5145 5144 5139 
3 5145 5139 5104 
3 5104 5139 5100 
3 5144 5145 5146 
3 5142 5147 5141 
3 5149 5141 5147 
3 5149 5148 5141 
3 5148 5143 5141 
3 5105 5103 5143 
3 5105 5143 5150 
3 5150 5143 5148 
3 5106 5105 5150 
3 5151 5106 5150 
3 5106 5151 5107 
3 5145 5104 5108 
3 5146 5145 5108 
3 5146 5108 5152 
3 5152 5108 5109 
3 5109 5153 5152 
3 5111 5153 5109 
3 5149 5154 5148 
3 5148 5155 5150 
3 5154 5155 5148 
3 5157 5150 5155 
3 5157 5156 5150 
3 5156 5151 5150 
3 5112 5107 5151 
3 5112 5151 5158 
3 5158 5151 5156 
3 5113 5112 5158 
3 5159 5113 5158 
3 5113 5159 5114 
3 5153 5111 5115 
3 5160 5153 5115 
3 5160 5115 5161 
3 5115 5116 5161 
3 5116 5162 5161 
3 5118 5162 5116 
3 5157 5163 5156 
3 5156 5164 5158 
3 5163 5164 5156 
3 5158 5165 5159 
3 5164 5165 5158 
3 5167 5166 5119 
3 5165 5167 5119 
3 5165 5119 5114 
3 5165 5114 5159 
3 5119 5166 5120 
3 5162 5118 5121 
3 5168 5162 5121 
3 5168 5121 5169 
3 5121 5122 5169 
3 5171 5122 5123 
3 5171 5170 5122 
3 5170 5169 5122 
3 5170 5173 5172 
3 5171 5173 5170 
3 5172 5166 5167 
3 5172 5173 5166 
3 5173 5174 5166 
3 5166 5174 5124 
3 5120 5166 5124 
3 5171 5123 5125 
3 5173 5171 5125 
3 5126 5173 5125 
3 5174 5173 5126 
3 5127 5174 5126 
3 5174 5127 5124 
3 5132 5133 5175 
3 5132 5175 5135 
3 5175 5133 5137 
3 5137 5135 5175 
3 5139 5176 5138 
3 5140 5138 5176 
3 5177 5140 5176 
3 5140 5177 5142 
3 5176 5139 5144 
3 5178 5177 5176 
3 5178 5176 5146 
3 5178 5146 5179 
3 5146 5176 5144 
3 5177 5147 5142 
3 5177 5178 5147 
3 5178 5180 5147 
3 5147 5180 5181 
3 5149 5147 5181 
3 5179 5146 5152 
3 5182 5179 5152 
3 5184 5152 5153 
3 5184 5183 5152 
3 5183 5182 5152 
3 5181 5184 5149 
3 5181 5183 5184 
3 5149 5184 5154 
3 5186 5185 5184 
3 5154 5184 5185 
3 5185 5187 5154 
3 5154 5187 5155 
3 5155 5187 5188 
3 5157 5155 5188 
3 5184 5153 5160 
3 5186 5184 5160 
3 5186 5160 5189 
3 5189 5160 5161 
3 5191 5161 5162 
3 5191 5190 5161 
3 5190 5189 5161 
3 5190 5191 5192 
3 5190 5192 5157 
3 5190 5157 5188 
3 5157 5192 5163 
3 5164 5163 5192 
3 5193 5164 5192 
3 5165 5164 5193 
3 5165 5193 5194 
3 5194 5167 5165 
3 5191 5162 5168 
3 5192 5191 5168 
3 5169 5192 5168 
3 5193 5192 5169 
3 5170 5193 5169 
3 5194 5193 5170 
3 5172 5194 5170 
3 5194 5172 5167 
3 5178 5179 5195 
3 5180 5178 5195 
3 5196 5180 5195 
3 5180 5196 5181 
3 5195 5179 5182 
3 5196 5195 5182 
3 5183 5196 5182 
3 5183 5181 5196 
3 5186 5197 5185 
3 5187 5185 5197 
3 5198 5187 5197 
3 5187 5198 5188 
3 5197 5186 5189 
3 5198 5197 5189 
3 5190 5198 5189 
3 5198 5190 5188 
3 5199 2518 2517 
3 5200 5199 2517 
3 2519 5200 2517 
3 2519 2521 5202 
3 2519 5202 5200 
3 5200 5202 5201 
3 4954 5202 5203 
3 4954 4497 5202 
3 4497 5201 5202 
3 5202 2521 2522 
3 5203 5202 2522 
3 5203 2522 4958 
3 4958 2522 2524 
3 4954 5203 5015 
3 5015 5203 4958 
3 1017 1016 5204 
3 1016 1018 5205 
3 5204 1016 5205 
3 1018 1019 5206 
3 5205 1018 5206 
3 5207 5206 1019 
3 5207 1019 4152 
3 4152 1019 1020 
3 5207 4152 4158 
3 1084 1083 5208 
3 1083 1017 5204 
3 1083 5204 5208 
3 5208 5204 5209 
3 5211 5205 5210 
3 5211 5209 5205 
3 5209 5204 5205 
3 5206 5210 5205 
3 5212 5210 5206 
3 5206 5207 5212 
3 5211 5210 5213 
3 5210 5212 5214 
3 5213 5210 5214 
3 5215 4158 4202 
3 5214 4158 5215 
3 5214 5207 4158 
3 5214 5212 5207 
3 5215 4202 4208 
3 1143 1084 5208 
3 5216 1143 5208 
3 5216 5208 5217 
3 5208 5209 5217 
3 5209 5218 5217 
3 5211 5218 5209 
3 5218 5211 5213 
3 5219 5218 5213 
3 5219 5213 5220 
3 5213 5214 5220 
3 5214 5221 5220 
3 5215 5221 5214 
3 5221 5215 4208 
3 4244 5221 4208 
3 1198 1143 5216 
3 5222 1198 5216 
3 5222 5216 5223 
3 5216 5217 5223 
3 5217 5224 5223 
3 5218 5224 5217 
3 5224 5218 5219 
3 5225 5224 5219 
3 5225 5219 5226 
3 5219 5220 5226 
3 5220 5227 5226 
3 5221 5227 5220 
3 5227 5221 4244 
3 4277 5227 4244 
3 1259 1198 5222 
3 1260 1259 5222 
3 1260 5222 5228 
3 5228 5222 5223 
3 5223 5229 5228 
3 5224 5229 5223 
3 5229 5224 5225 
3 5230 5229 5225 
3 5230 5225 5231 
3 5225 5226 5231 
3 4302 5226 5227 
3 4302 4301 5226 
3 4301 5231 5226 
3 4302 5227 4277 
3 1319 1260 5228 
3 5232 1319 5228 
3 5234 5228 5229 
3 5234 5233 5228 
3 5233 5232 5228 
3 5233 5234 5235 
3 5234 5229 5230 
3 5235 5234 5230 
3 5235 5230 5236 
3 5236 5230 5231 
3 5236 5231 4334 
3 5231 4301 4334 
3 1380 1319 5232 
3 5237 1380 5232 
3 5237 5232 5238 
3 5232 5233 5238 
3 5233 5239 5238 
3 5235 5239 5233 
3 5239 5235 5236 
3 5240 5239 5236 
3 5240 5236 4362 
3 5236 4334 4362 
3 1442 1380 5237 
3 5241 1442 5237 
3 5241 5237 5242 
3 5237 5238 5242 
3 5238 5243 5242 
3 5239 5243 5238 
3 5243 5239 5240 
3 5244 5243 5240 
3 5244 5240 4391 
3 5240 4362 4391 
3 1506 1442 5241 
3 5245 1506 5241 
3 5245 5241 5246 
3 5241 5242 5246 
3 5242 5247 5246 
3 5243 5247 5242 
3 5247 5243 5244 
3 5248 5247 5244 
3 5248 5244 4416 
3 5244 4391 4416 
3 1569 1506 5245 
3 5249 1569 5245 
3 5249 5245 5250 
3 5245 5246 5250 
3 5246 5251 5250 
3 5247 5251 5246 
3 5251 5247 5248 
3 5252 5251 5248 
3 5252 5248 4443 
3 5248 4416 4443 
3 1631 1569 5249 
3 5253 1631 5249 
3 5253 5249 5254 
3 5249 5250 5254 
3 5250 5255 5254 
3 5251 5255 5250 
3 5255 5251 5252 
3 5256 5255 5252 
3 5256 5252 4472 
3 5252 4443 4472 
3 1927 1631 5253 
3 1928 1927 5253 
3 1928 5253 5257 
3 5257 5253 5254 
3 5254 5258 5257 
3 5255 5258 5254 
3 5258 5255 5256 
3 5259 5258 5256 
3 5259 5256 5260 
3 5256 4472 5260 
3 1978 1928 5257 
3 5261 1978 5257 
3 5257 5262 5261 
3 5258 5262 5257 
3 5262 5258 5259 
3 5263 5262 5259 
3 5263 5259 5264 
3 5259 5260 5264 
3 2027 1978 5261 
3 5265 2027 5261 
3 5267 5261 5262 
3 5267 5266 5261 
3 5266 5265 5261 
3 5266 5267 5268 
3 5267 5262 5263 
3 5268 5267 5263 
3 5268 5263 5269 
3 5269 5263 5264 
3 2076 2027 5265 
3 2077 2076 5265 
3 2077 5265 5270 
3 5270 5265 5266 
3 5272 5266 5268 
3 5272 5271 5266 
3 5271 5270 5266 
3 5272 5268 5269 
3 2122 2077 5270 
3 2123 2122 5270 
3 2123 5270 5273 
3 5273 5270 5271 
3 2168 2123 5273 
3 3165 4469 3167 
3 4469 3165 3170 
3 4469 3170 4471 
3 4471 3170 5274 
3 12 3172 13 
3 4472 5275 5260 
3 4473 5275 4472 
3 5274 5276 4471 
3 5276 4475 4471 
3 5275 4473 4476 
3 5277 5275 4476 
3 5279 4476 4478 
3 5279 5278 4476 
3 5278 5277 4476 
3 5278 5279 5280 
3 4480 5281 5282 
3 4479 5281 4480 
3 5281 4479 5283 
3 4479 4481 5283 
3 5283 4481 4475 
3 5276 5283 4475 
3 5279 4478 4482 
3 5280 5279 4482 
3 5280 4482 5284 
3 5284 4482 4483 
3 5284 4483 5285 
3 4483 4484 5285 
3 5287 4484 4485 
3 5287 5286 4484 
3 5286 5285 4484 
3 5286 5287 5288 
3 4487 5289 5290 
3 4486 5289 4487 
3 5289 4486 4480 
3 5282 5289 4480 
3 5287 4485 4488 
3 5288 5287 4488 
3 5288 4488 5291 
3 5291 4488 4489 
3 5291 4489 5292 
3 4489 4490 5292 
3 5292 4490 5293 
3 4490 4491 5293 
3 5295 4491 4492 
3 5295 5294 4491 
3 5294 5293 4491 
3 5294 5295 5296 
3 4494 5297 5298 
3 4493 5297 4494 
3 5297 4493 4487 
3 5290 5297 4487 
3 5295 4492 4495 
3 5296 5295 4495 
3 5296 4495 5299 
3 5299 4495 4496 
3 5299 4496 4494 
3 5298 5299 4494 
3 3208 5300 3170 
3 5300 5274 3170 
3 5260 5301 5264 
3 5275 5301 5260 
3 5304 5303 5302 
3 5302 5303 5276 
3 5302 5276 5300 
3 5300 5276 5274 
3 5301 5275 5277 
3 5305 5301 5277 
3 5305 5277 5306 
3 5277 5278 5306 
3 5308 5278 5280 
3 5308 5307 5278 
3 5307 5306 5278 
3 5307 5308 5309 
3 5282 5310 5311 
3 5281 5310 5282 
3 5303 5304 5310 
3 5303 5310 5283 
3 5283 5310 5281 
3 5303 5283 5276 
3 5308 5280 5284 
3 5309 5308 5284 
3 5309 5284 5312 
3 5312 5284 5285 
3 5312 5285 5313 
3 5285 5286 5313 
3 5315 5286 5288 
3 5315 5314 5286 
3 5314 5313 5286 
3 5314 5315 5316 
3 5290 5317 5318 
3 5289 5317 5290 
3 5317 5289 5282 
3 5311 5317 5282 
3 5315 5288 5291 
3 5316 5315 5291 
3 5316 5291 5319 
3 5319 5291 5292 
3 5319 5292 5320 
3 5292 5293 5320 
3 5320 5293 5321 
3 5293 5294 5321 
3 5323 5294 5296 
3 5323 5322 5294 
3 5322 5321 5294 
3 5298 5322 5323 
3 5298 5297 5322 
3 5297 5324 5322 
3 5324 5297 5290 
3 5318 5324 5290 
3 5323 5296 5299 
3 5323 5299 5298 
3 3250 5325 3208 
3 5325 5300 3208 
3 5327 5264 5301 
3 5327 5326 5264 
3 5326 5269 5264 
3 5326 5327 5328 
3 5304 5329 5330 
3 5302 5329 5304 
3 5329 5302 5300 
3 5325 5329 5300 
3 5327 5301 5305 
3 5328 5327 5305 
3 5328 5305 5331 
3 5331 5305 5306 
3 5331 5306 5332 
3 5306 5307 5332 
3 5334 5307 5309 
3 5334 5333 5307 
3 5333 5332 5307 
3 5333 5334 5335 
3 5311 5336 5337 
3 5310 5336 5311 
3 5336 5310 5304 
3 5330 5336 5304 
3 5334 5309 5312 
3 5335 5334 5312 
3 5335 5312 5338 
3 5338 5312 5313 
3 5338 5313 5339 
3 5313 5314 5339 
3 5341 5314 5316 
3 5341 5340 5314 
3 5340 5339 5314 
3 5340 5341 5342 
3 5318 5343 5344 
3 5317 5343 5318 
3 5343 5317 5311 
3 5337 5343 5311 
3 5341 5316 5319 
3 5342 5341 5319 
3 5342 5319 5345 
3 5345 5319 5320 
3 5345 5320 5346 
3 5320 5321 5346 
3 5346 5321 5347 
3 5321 5322 5347 
3 5347 5322 5348 
3 5322 5324 5348 
3 5348 5324 5318 
3 5344 5348 5318 
3 5271 5272 5349 
3 3295 5350 3250 
3 5350 5325 3250 
3 5349 5272 5269 
3 5349 5269 5351 
3 5351 5269 5326 
3 5353 5326 5328 
3 5353 5352 5326 
3 5352 5351 5326 
3 5352 5355 5354 
3 5353 5355 5352 
3 5354 5355 5356 
3 5330 5357 5358 
3 5329 5357 5330 
3 5357 5329 5325 
3 5350 5357 5325 
3 5353 5328 5331 
3 5355 5353 5331 
3 5332 5355 5331 
3 5356 5355 5332 
3 5356 5332 5359 
3 5359 5332 5333 
3 5361 5333 5335 
3 5361 5360 5333 
3 5360 5359 5333 
3 5360 5363 5362 
3 5361 5363 5360 
3 5362 5363 5364 
3 5337 5365 5366 
3 5336 5365 5337 
3 5365 5336 5330 
3 5358 5365 5330 
3 5361 5335 5338 
3 5363 5361 5338 
3 5339 5363 5338 
3 5364 5363 5339 
3 5364 5339 5367 
3 5367 5339 5340 
3 5369 5340 5342 
3 5369 5368 5340 
3 5368 5367 5340 
3 5368 5369 5370 
3 5344 5371 5372 
3 5343 5371 5344 
3 5371 5343 5337 
3 5366 5371 5337 
3 5369 5342 5345 
3 5370 5369 5345 
3 5370 5345 5373 
3 5373 5345 5346 
3 5373 5346 5374 
3 5346 5347 5374 
3 5374 5347 5375 
3 5347 5348 5375 
3 5375 5348 5344 
3 5372 5375 5344 
3 5377 5271 5349 
3 5377 5376 5271 
3 5376 5273 5271 
3 5376 5377 5378 
3 3337 5379 3295 
3 5379 5350 3295 
3 5377 5349 5351 
3 5378 5377 5351 
3 5378 5351 5380 
3 5380 5351 5352 
3 5380 5352 5381 
3 5352 5354 5381 
3 5383 5354 5356 
3 5383 5382 5354 
3 5382 5381 5354 
3 5382 5383 5384 
3 5358 5385 5386 
3 5357 5385 5358 
3 5385 5357 5350 
3 5379 5385 5350 
3 5383 5356 5359 
3 5384 5383 5359 
3 5384 5359 5387 
3 5387 5359 5360 
3 5387 5360 5388 
3 5360 5362 5388 
3 5390 5362 5364 
3 5390 5389 5362 
3 5389 5388 5362 
3 5389 5390 5391 
3 5366 5392 5393 
3 5365 5392 5366 
3 5392 5365 5358 
3 5386 5392 5358 
3 5390 5364 5367 
3 5391 5390 5367 
3 5391 5367 5394 
3 5394 5367 5368 
3 5396 5368 5370 
3 5396 5395 5368 
3 5395 5394 5368 
3 5395 5396 5397 
3 5400 5399 5398 
3 5372 5398 5399 
3 5372 5371 5398 
3 5371 5401 5398 
3 5401 5371 5366 
3 5393 5401 5366 
3 5396 5370 5373 
3 5397 5396 5373 
3 5397 5373 5402 
3 5402 5373 5374 
3 5399 5400 5402 
3 5399 5402 5375 
3 5375 5402 5374 
3 5399 5375 5372 
3 3378 2168 5273 
3 5376 3378 5273 
3 5376 5378 5404 
3 3378 5376 5404 
3 3378 5404 5403 
3 3378 5403 3379 
3 5403 5404 5405 
3 5408 5407 5406 
3 5406 5407 5379 
3 5406 5379 3380 
3 3380 5379 3337 
3 5404 5378 5380 
3 5405 5404 5380 
3 5405 5380 5409 
3 5409 5380 5381 
3 5409 5381 5410 
3 5381 5382 5410 
3 5412 5382 5384 
3 5412 5411 5382 
3 5411 5410 5382 
3 5411 5412 5413 
3 5416 5415 5414 
3 5407 5386 5385 
3 5408 5386 5407 
3 5408 5415 5386 
3 5408 5414 5415 
3 5407 5385 5379 
3 5412 5384 5387 
3 5413 5412 5387 
3 5413 5387 5417 
3 5417 5387 5388 
3 5417 5388 5418 
3 5388 5389 5418 
3 5389 5419 5418 
3 5391 5419 5389 
3 5421 5416 5420 
3 5421 5393 5416 
3 5415 5416 5392 
3 5392 5416 5393 
3 5415 5392 5386 
3 5420 5422 5421 
3 5419 5391 5394 
3 5423 5419 5394 
3 5423 5394 5424 
3 5394 5395 5424 
3 5426 5395 5397 
3 5426 5425 5395 
3 5425 5424 5395 
3 5400 5425 5426 
3 5400 5398 5425 
3 5398 5427 5425 
3 5427 5398 5428 
3 5398 5401 5428 
3 5393 5421 5429 
3 5393 5429 5401 
3 5401 5429 5428 
3 5421 5422 5429 
3 5426 5397 5402 
3 5426 5402 5400 
3 3415 3379 5403 
3 5403 5405 5431 
3 3415 5403 5431 
3 3415 5431 5430 
3 3415 5430 3416 
3 5430 5431 5432 
3 5408 5433 5434 
3 5406 5433 5408 
3 5433 5406 3380 
3 3417 5433 3380 
3 5431 5405 5409 
3 5432 5431 5409 
3 5432 5409 5435 
3 5435 5409 5410 
3 5435 5410 5436 
3 5410 5411 5436 
3 5438 5411 5413 
3 5438 5437 5411 
3 5437 5436 5411 
3 5437 5438 5439 
3 5414 5440 5416 
3 5440 5414 5408 
3 5440 5408 5441 
3 5441 5408 5434 
3 5438 5413 5417 
3 5439 5438 5417 
3 5439 5417 5442 
3 5442 5417 5418 
3 5444 5418 5419 
3 5444 5443 5418 
3 5443 5442 5418 
3 5443 5446 5445 
3 5444 5446 5443 
3 5445 5446 5447 
3 5450 5449 5448 
3 5452 5416 5449 
3 5452 5420 5416 
3 5449 5416 5448 
3 5440 5451 5416 
3 5448 5416 5451 
3 5451 5440 5441 
3 5452 5422 5420 
3 5444 5419 5423 
3 5446 5444 5423 
3 5424 5446 5423 
3 5447 5446 5424 
3 5447 5424 5453 
3 5453 5424 5425 
3 5453 5425 5454 
3 5425 5427 5454 
3 5449 5450 5454 
3 5449 5454 5428 
3 5428 5454 5427 
3 5452 5449 5428 
3 5429 5452 5428 
3 5452 5429 5422 
3 3455 3416 5430 
3 5430 5432 5456 
3 3455 5430 5456 
3 3455 5456 5455 
3 3455 5455 3456 
3 5455 5458 5457 
3 5456 5458 5455 
3 5457 5458 5459 
3 3458 5434 5433 
3 3458 3459 5434 
3 3459 5460 5434 
3 3458 5433 3417 
3 5456 5432 5435 
3 5458 5456 5435 
3 5436 5458 5435 
3 5459 5458 5436 
3 5459 5436 5461 
3 5461 5436 5437 
3 5463 5437 5439 
3 5463 5462 5437 
3 5462 5461 5437 
3 5462 5465 5464 
3 5463 5465 5462 
3 5464 5465 5466 
3 5469 5468 5467 
3 5467 5468 5441 
3 5467 5441 5460 
3 5460 5441 5434 
3 5463 5439 5442 
3 5465 5463 5442 
3 5443 5465 5442 
3 5466 5465 5443 
3 5466 5443 5470 
3 5470 5443 5445 
3 5445 5471 5470 
3 5447 5471 5445 
3 5450 5472 5473 
3 5448 5472 5450 
3 5468 5469 5472 
3 5468 5472 5451 
3 5451 5472 5448 
3 5468 5451 5441 
3 5471 5447 5453 
3 5474 5471 5453 
3 5474 5453 5475 
3 5453 5454 5475 
3 5475 5454 5450 
3 5473 5475 5450 
3 3497 3456 5455 
3 3498 3497 5455 
3 3498 5455 5476 
3 5476 5455 5457 
3 5478 5457 5459 
3 5478 5477 5457 
3 5477 5476 5457 
3 5477 5478 5479 
3 3500 5480 3459 
3 5480 5460 3459 
3 5478 5459 5461 
3 5479 5478 5461 
3 5479 5461 5481 
3 5481 5461 5462 
3 5481 5462 5482 
3 5462 5464 5482 
3 5484 5464 5466 
3 5484 5483 5464 
3 5483 5482 5464 
3 5483 5484 5485 
3 5469 5486 5487 
3 5467 5486 5469 
3 5486 5467 5460 
3 5480 5486 5460 
3 5484 5466 5470 
3 5470 5471 5489 
3 5484 5470 5489 
3 5484 5489 5488 
3 5484 5488 5485 
3 5488 5491 5490 
3 5489 5491 5488 
3 5473 5490 5491 
3 5473 5472 5490 
3 5472 5492 5490 
3 5492 5472 5469 
3 5487 5492 5469 
3 5489 5471 5474 
3 5491 5489 5474 
3 5475 5491 5474 
3 5491 5475 5473 
3 3550 3498 5476 
3 3551 3550 5476 
3 3551 5476 5493 
3 5493 5476 5477 
3 5495 5477 5479 
3 5495 5494 5477 
3 5494 5493 5477 
3 5494 5495 5496 
3 3553 5497 3500 
3 5497 5480 3500 
3 5495 5479 5481 
3 5496 5495 5481 
3 5496 5481 5498 
3 5498 5481 5482 
3 5498 5482 5499 
3 5482 5483 5499 
3 5483 5500 5499 
3 5485 5500 5483 
3 5487 5501 5502 
3 5486 5501 5487 
3 5501 5486 5480 
3 5497 5501 5480 
3 5500 5485 5488 
3 5503 5500 5488 
3 5503 5488 5504 
3 5488 5490 5504 
3 5504 5490 5505 
3 5490 5492 5505 
3 5505 5492 5487 
3 5502 5505 5487 
3 3626 3551 5493 
3 3627 3626 5493 
3 3627 5493 5506 
3 5506 5493 5494 
3 5494 5507 5506 
3 5496 5507 5494 
3 5509 3632 3633 
3 5508 3632 5509 
3 3632 5508 5497 
3 3553 3632 5497 
3 5507 5496 5498 
3 5510 5507 5498 
3 5510 5498 5511 
3 5498 5499 5511 
3 5513 5499 5500 
3 5513 5512 5499 
3 5512 5511 5499 
3 5512 5513 5514 
3 5517 5516 5515 
3 5508 5502 5501 
3 5509 5502 5508 
3 5509 5516 5502 
3 5509 5515 5516 
3 5508 5501 5497 
3 5513 5500 5503 
3 5514 5513 5503 
3 5514 5503 5518 
3 5518 5503 5504 
3 5516 5517 5518 
3 5516 5518 5505 
3 5505 5518 5504 
3 5516 5505 5502 
3 3727 3627 5506 
3 5506 5507 5519 
3 5506 5519 3727 
3 3727 5519 3728 
3 3728 5519 3729 
3 3729 5519 5520 
3 3729 5520 3730 
3 3730 5520 5521 
3 3730 5521 3731 
3 3731 5521 5522 
3 3731 5522 3732 
3 3732 5522 5523 
3 3732 5523 5509 
3 3633 3732 5509 
3 5519 5507 5510 
3 5520 5519 5510 
3 5511 5520 5510 
3 5521 5520 5511 
3 5512 5521 5511 
3 5512 5514 5524 
3 5512 5524 5521 
3 5521 5524 5522 
3 5517 5515 5523 
3 5517 5523 5524 
3 5524 5523 5522 
3 5523 5515 5509 
3 5524 5514 5518 
3 5524 5518 5517 
3 2712 2711 5525 
3 2711 2714 5526 
3 5525 2711 5526 
3 2714 2715 5526 
3 2751 2750 5527 
3 2750 2753 5528 
3 5527 2750 5528 
3 2753 2712 5525 
3 2753 5525 5528 
3 5528 5525 5529 
3 5529 5525 5530 
3 5525 5526 5530 
3 5530 5526 2715 
3 5530 2715 2756 
3 5531 5532 5533 
3 5531 5534 5532 
3 5533 5532 5535 
3 5532 5534 5535 
3 2788 2751 5527 
3 5536 2788 5527 
3 5536 5527 5537 
3 5527 5528 5537 
3 5539 5529 5538 
3 5539 5537 5529 
3 5537 5528 5529 
3 5530 5538 5529 
3 5540 5538 5530 
3 5531 5540 5541 
3 5531 5533 5540 
3 5541 5540 2792 
3 5530 2756 5540 
3 2792 5540 2756 
3 5543 5534 5531 
3 5543 5531 5542 
3 5542 5531 5541 
3 5542 5544 5543 
3 5539 5538 5545 
3 5538 5540 5546 
3 5545 5538 5546 
3 5540 5533 5535 
3 5540 5535 5546 
3 5546 5535 5547 
3 5534 5543 5548 
3 5534 5548 5535 
3 5535 5548 5547 
3 5543 5544 5548 
3 2826 2825 5549 
3 2825 2788 5536 
3 2825 5536 5549 
3 5549 5536 5550 
3 5552 5537 5551 
3 5552 5550 5537 
3 5550 5536 5537 
3 5537 5539 5551 
3 2831 5541 2792 
3 2832 5541 2831 
3 2832 5553 5541 
3 5553 5542 5541 
3 5542 5553 5554 
3 5544 5542 5554 
3 5552 5551 5555 
3 5551 5539 5545 
3 5551 5545 5555 
3 5555 5545 5556 
3 5556 5545 5557 
3 5545 5546 5557 
3 5557 5546 5558 
3 5546 5547 5558 
3 5560 5548 5559 
3 5560 5558 5548 
3 5558 5547 5548 
3 5559 5548 5544 
3 5559 5544 5561 
3 5561 5544 5554 
3 5560 5559 5562 
3 5559 5561 5562 
3 2865 2864 4029 
3 2864 2826 5549 
3 2864 5549 4029 
3 4029 5549 4032 
3 4032 5549 4034 
3 5549 5550 4034 
3 5550 4036 4034 
3 5552 4036 5550 
3 2869 4038 2868 
3 2868 5553 2832 
3 2868 4038 5553 
3 4038 4040 5553 
3 5553 4040 4042 
3 5554 5553 4042 
3 4036 5552 5555 
3 4044 4036 5555 
3 4044 5555 4046 
3 5555 5556 4046 
3 4046 5556 4048 
3 5556 5557 4048 
3 4051 5558 5563 
3 4051 4048 5558 
3 4048 5557 5558 
3 5558 5560 5563 
3 4042 4053 5554 
3 4053 5561 5554 
3 4051 5563 4054 
3 5563 5560 5562 
3 5563 5562 4054 
3 4054 5562 4056 
3 4056 5562 5561 
3 4053 4056 5561 
3 3098 3100 5564 
3 3098 5564 3101 
3 5565 5564 3100 
3 3105 5565 3100 
3 3106 3101 5564 
3 3106 5564 5566 
3 5566 5564 5565 
3 3106 5566 3108 
3 3109 2518 5199 
3 3105 3109 5199 
3 3105 5199 5565 
3 5565 5199 5200 
3 5565 5200 5566 
3 5566 5200 5201 
3 598 3108 5566 
3 598 5566 4497 
3 4497 5566 5201 
3 554 3164 5567 
3 556 554 5567 
3 5567 557 556 
3 5568 557 5567 
3 5568 5569 557 
3 557 5569 558 
3 5571 560 558 
3 5571 558 5570 
3 5570 558 5569 
3 5570 5572 5573 
3 5571 5570 5573 
3 5572 5574 5575 
3 5573 5572 5575 
3 5574 5576 5575 
3 3171 12 16 
3 5571 561 560 
3 5573 561 5571 
3 562 561 5573 
3 5575 562 5573 
3 563 562 5575 
3 5576 563 5575 
3 5576 5577 563 
3 5577 564 563 
3 564 5577 26 
3 25 564 26 
3 3205 5578 3206 
3 3164 5580 5567 
3 3206 5580 3164 
3 3206 5579 5580 
3 3206 5578 5579 
3 5579 5581 5580 
3 5580 5568 5567 
3 5581 5568 5580 
3 5581 5582 5568 
3 5582 5569 5568 
3 5582 5583 5569 
3 5569 5583 5570 
3 5583 5584 5570 
3 5570 5584 5572 
3 5584 5585 5572 
3 5572 5585 5574 
3 5574 5585 5586 
3 5576 5574 5586 
3 51 3171 16 
3 51 5587 3171 
3 5587 3209 3171 
3 5587 51 53 
3 5586 5577 5576 
3 5588 5577 5586 
3 56 26 5577 
3 56 5577 5589 
3 5589 5577 5588 
3 5589 58 56 
3 5591 5578 3205 
3 5591 3205 5590 
3 5590 3205 3245 
3 5590 5592 5591 
3 5591 5579 5578 
3 5579 5594 5581 
3 5591 5594 5579 
3 5591 5593 5594 
3 5591 5592 5593 
3 5593 5595 5594 
3 5594 5582 5581 
3 5595 5582 5594 
3 5595 5596 5582 
3 5596 5583 5582 
3 5596 5597 5583 
3 5583 5597 5584 
3 5597 5598 5584 
3 5584 5598 5585 
3 5600 5586 5585 
3 5600 5585 5599 
3 5599 5585 5598 
3 5599 5601 5600 
3 3251 3209 5602 
3 3209 5587 5602 
3 5587 77 5602 
3 53 77 5587 
3 5600 5588 5586 
3 5601 5588 5600 
3 5601 5603 5588 
3 5603 5589 5588 
3 80 58 5589 
3 80 5589 5604 
3 5604 5589 5603 
3 5604 82 80 
3 3286 5605 5606 
3 3287 3286 5606 
3 5605 5607 5606 
3 5606 3245 3287 
3 5590 3245 5606 
3 5590 5609 5592 
3 5606 5609 5590 
3 5606 5608 5609 
3 5606 5607 5608 
3 5608 5610 5609 
3 5609 5593 5592 
3 5593 5612 5595 
3 5609 5612 5593 
3 5609 5611 5612 
3 5609 5610 5611 
3 5611 5613 5614 
3 5612 5611 5614 
3 5613 5615 5614 
3 3292 3293 5616 
3 5612 5596 5595 
3 5614 5596 5612 
3 5597 5596 5614 
3 5615 5597 5614 
3 5615 5617 5597 
3 5617 5598 5597 
3 5619 5618 5599 
3 5619 5599 5617 
3 5617 5599 5598 
3 5599 5618 5601 
3 5616 3293 3251 
3 5616 3251 5620 
3 5620 3251 5602 
3 5602 98 5620 
3 77 98 5602 
3 5619 5621 5618 
3 5618 5603 5601 
3 5618 5621 5603 
3 5621 5622 5603 
3 5622 5623 5603 
3 5603 5623 5604 
3 5604 5623 101 
3 82 5604 101 
3 3330 5624 3286 
3 3286 5624 5605 
3 5605 5624 5625 
3 5607 5605 5625 
3 5625 5608 5607 
3 5626 5608 5625 
3 5628 5610 5608 
3 5628 5608 5627 
3 5627 5608 5626 
3 5627 5629 5628 
3 5628 5611 5610 
3 5629 5611 5628 
3 5629 5630 5611 
3 5630 5613 5611 
3 5613 5630 5631 
3 5615 5613 5631 
3 3292 5616 3334 
3 5631 5617 5615 
3 5632 5617 5631 
3 5634 5619 5617 
3 5634 5617 5633 
3 5633 5617 5632 
3 5633 5635 5634 
3 3334 5616 5620 
3 3334 5620 3338 
3 3338 5620 5636 
3 117 5620 98 
3 117 5637 5620 
3 5637 5636 5620 
3 5637 117 119 
3 5634 5621 5619 
3 5635 5621 5634 
3 5635 5638 5621 
3 5638 5622 5621 
3 5638 5639 5622 
3 5622 5639 5623 
3 5623 5639 125 
3 101 5623 125 
3 3369 5640 3370 
3 5640 3330 3370 
3 5640 5641 3330 
3 5641 5624 3330 
3 5643 5625 5624 
3 5643 5624 5642 
3 5642 5624 5641 
3 5642 5644 5643 
3 5643 5626 5625 
3 5644 5626 5643 
3 5644 5645 5626 
3 5645 5627 5626 
3 5627 5645 5646 
3 5629 5627 5646 
3 5646 5630 5629 
3 5647 5630 5646 
3 5630 5647 5648 
3 5631 5630 5648 
3 3375 3376 5649 
3 5648 5632 5631 
3 5650 5632 5648 
3 5650 5651 5632 
3 5632 5651 5633 
3 5653 5635 5633 
3 5653 5633 5652 
3 5652 5633 5651 
3 5652 5654 5653 
3 5649 3376 3338 
3 5649 3338 5655 
3 5655 3338 5636 
3 5655 5636 5656 
3 5636 5637 5656 
3 5637 141 5656 
3 119 141 5637 
3 5653 5638 5635 
3 5654 5638 5653 
3 5654 5657 5638 
3 5657 5639 5638 
3 144 125 5639 
3 144 5639 5658 
3 5658 5639 5657 
3 5658 145 144 
3 3369 3408 5659 
3 5640 3369 5659 
3 5659 5641 5640 
3 5660 5641 5659 
3 5662 5661 5642 
3 5662 5642 5660 
3 5660 5642 5641 
3 5642 5661 5644 
3 5662 5663 5661 
3 5661 5645 5644 
3 5661 5663 5645 
3 5663 5664 5645 
3 5645 5664 5665 
3 5646 5645 5665 
3 5665 5647 5646 
3 5666 5647 5665 
3 5668 5648 5647 
3 5668 5647 5667 
3 5667 5647 5666 
3 5667 5669 5668 
3 5671 3375 5649 
3 5671 5670 3375 
3 5670 3412 3375 
3 5670 5671 5672 
3 5668 5650 5648 
3 5669 5650 5668 
3 5669 5673 5650 
3 5673 5651 5650 
3 5673 5674 5651 
3 5651 5674 5652 
3 5676 5654 5652 
3 5676 5652 5675 
3 5675 5652 5674 
3 5675 5677 5676 
3 5671 5649 5655 
3 5672 5671 5655 
3 5672 5655 5678 
3 5678 5655 5656 
3 160 5656 141 
3 160 5679 5656 
3 5679 5678 5656 
3 5679 160 162 
3 5676 5657 5654 
3 5677 5657 5676 
3 5677 5680 5657 
3 5680 5658 5657 
3 5658 5680 164 
3 145 5658 164 
3 3408 3444 5681 
3 5659 3408 5681 
3 5681 5660 5659 
3 5682 5660 5681 
3 5684 5662 5660 
3 5684 5660 5683 
3 5683 5660 5682 
3 5683 5685 5684 
3 5684 5663 5662 
3 5685 5663 5684 
3 5685 5686 5663 
3 5686 5664 5663 
3 5664 5686 5687 
3 5665 5664 5687 
3 5687 5666 5665 
3 5688 5666 5687 
3 5688 5689 5666 
3 5666 5689 5667 
3 5691 5669 5667 
3 5691 5667 5690 
3 5690 5667 5689 
3 5690 5692 5693 
3 5691 5690 5693 
3 5692 5694 5695 
3 5693 5692 5695 
3 5694 5696 5695 
3 3453 3412 5697 
3 3412 5670 5697 
3 5670 5698 5697 
3 5672 5698 5670 
3 5691 5673 5669 
3 5693 5673 5691 
3 5674 5673 5693 
3 5695 5674 5693 
3 5675 5674 5695 
3 5675 5695 5696 
3 5675 5696 5677 
3 5677 5696 5699 
3 5698 5672 5678 
3 5700 5698 5678 
3 5700 5678 5701 
3 5678 5679 5701 
3 5679 178 5701 
3 162 178 5679 
3 5699 5680 5677 
3 5702 5680 5699 
3 5680 5702 185 
3 164 5680 185 
3 5704 5681 3444 
3 5704 3444 5703 
3 5703 3444 3483 
3 5703 5705 5704 
3 5704 5682 5681 
3 5705 5682 5704 
3 5705 5706 5682 
3 5706 5683 5682 
3 5683 5706 5707 
3 5685 5683 5707 
3 5707 5686 5685 
3 5708 5686 5707 
3 5710 5687 5686 
3 5710 5686 5709 
3 5709 5686 5708 
3 5709 5711 5710 
3 5710 5688 5687 
3 5711 5688 5710 
3 5711 5712 5688 
3 5712 5689 5688 
3 5712 5713 5689 
3 5689 5713 5690 
3 5713 5714 5690 
3 5690 5714 5692 
3 5716 5715 5694 
3 5716 5694 5714 
3 5714 5694 5692 
3 5694 5715 5696 
3 3494 3453 5717 
3 3453 5697 5717 
3 5719 5697 5698 
3 5719 5718 5697 
3 5718 5717 5697 
3 5718 5719 5720 
3 5716 5721 5715 
3 5715 5721 5722 
3 5715 5722 5696 
3 5696 5722 5699 
3 5719 5698 5700 
3 5720 5719 5700 
3 5720 5700 5723 
3 5723 5700 5701 
3 192 5701 178 
3 192 5724 5701 
3 5724 5723 5701 
3 5724 193 5725 
3 192 193 5724 
3 5725 193 196 
3 5722 5702 5699 
3 5726 5702 5722 
3 5702 5726 200 
3 185 5702 200 
3 3531 5727 3483 
3 3483 5727 5703 
3 5703 5727 5728 
3 5705 5703 5728 
3 5728 5706 5705 
3 5729 5706 5728 
3 5731 5707 5706 
3 5731 5706 5730 
3 5730 5706 5729 
3 5730 5732 5733 
3 5731 5730 5733 
3 5732 5734 5733 
3 5731 5708 5707 
3 5733 5708 5731 
3 5709 5708 5733 
3 5709 5736 5711 
3 5733 5736 5709 
3 5733 5735 5736 
3 5733 5734 5735 
3 5735 5737 5738 
3 5736 5735 5738 
3 5737 5739 5738 
3 3540 3541 5740 
3 5736 5712 5711 
3 5738 5712 5736 
3 5713 5712 5738 
3 5739 5713 5738 
3 5739 5741 5713 
3 5741 5714 5713 
3 5743 5716 5714 
3 5743 5714 5742 
3 5742 5714 5741 
3 5742 5744 5743 
3 5740 3541 3494 
3 5740 3494 5745 
3 5745 3494 5717 
3 5745 5717 5746 
3 5717 5718 5746 
3 5748 5718 5720 
3 5748 5747 5718 
3 5747 5746 5718 
3 5747 5748 5749 
3 5743 5721 5716 
3 5721 5743 5744 
3 5721 5744 5722 
3 5722 5744 5750 
3 5748 5720 5723 
3 5749 5748 5723 
3 5749 5723 5751 
3 5751 5723 5724 
3 5751 5724 5752 
3 5724 5725 5752 
3 204 5725 196 
3 204 5753 5725 
3 5753 5752 5725 
3 5753 205 5754 
3 204 205 5753 
3 5754 207 5755 
3 205 207 5754 
3 5750 207 5722 
3 5750 5755 207 
3 5722 207 5726 
3 210 5756 207 
3 5726 207 5756 
3 5726 5756 211 
3 200 5726 211 
3 3578 5757 3531 
3 3531 5757 5727 
3 5759 5728 5727 
3 5759 5727 5758 
3 5758 5727 5757 
3 5758 5760 5759 
3 5759 5729 5728 
3 5760 5729 5759 
3 5760 5761 5729 
3 5761 5730 5729 
3 5761 5762 5730 
3 5730 5762 5732 
3 5764 5734 5732 
3 5764 5732 5763 
3 5763 5732 5762 
3 5763 5765 5764 
3 5764 5735 5734 
3 5765 5735 5764 
3 5765 5766 5735 
3 5766 5737 5735 
3 5737 5766 5767 
3 5739 5737 5767 
3 5769 3540 5740 
3 5769 5768 3540 
3 5768 3608 3540 
3 5768 5769 5770 
3 5767 5741 5739 
3 5771 5741 5767 
3 5771 5772 5741 
3 5741 5772 5742 
3 5742 5772 5773 
3 5744 5742 5773 
3 5769 5740 5745 
3 5770 5769 5745 
3 5770 5745 5774 
3 5774 5745 5746 
3 5774 5746 5775 
3 5746 5747 5775 
3 5777 5747 5749 
3 5777 5776 5747 
3 5776 5775 5747 
3 5776 5779 5778 
3 5777 5779 5776 
3 5778 5781 5780 
3 5779 5781 5778 
3 5780 5783 5782 
3 5781 5783 5780 
3 5782 5785 5784 
3 5783 5785 5782 
3 5784 5785 5750 
3 5784 5750 5773 
3 5773 5750 5744 
3 5777 5749 5751 
3 5779 5777 5751 
3 5752 5779 5751 
3 5781 5779 5752 
3 5753 5781 5752 
3 5783 5781 5753 
3 5754 5783 5753 
3 5785 5783 5754 
3 5755 5785 5754 
3 5755 5750 5785 
3 210 212 5756 
3 5756 212 211 
3 3669 5786 3670 
3 5786 3578 3670 
3 5786 5787 3578 
3 5787 5757 3578 
3 5787 5788 5757 
3 5757 5788 5758 
3 5758 5788 5789 
3 5760 5758 5789 
3 5789 5761 5760 
3 5790 5761 5789 
3 5790 5791 5761 
3 5761 5791 5762 
3 5791 5792 5762 
3 5762 5792 5763 
3 5763 5792 5793 
3 5765 5763 5793 
3 5766 5795 5794 
3 5766 5765 5795 
3 5765 5793 5795 
3 5766 5794 5767 
3 3720 3608 5796 
3 3608 5768 5796 
3 5798 5768 5770 
3 5798 5797 5768 
3 5797 5796 5768 
3 5797 5800 5799 
3 5798 5800 5797 
3 5799 5802 5801 
3 5800 5802 5799 
3 5801 5804 5803 
3 5802 5804 5801 
3 5803 5794 5795 
3 5803 5804 5794 
3 5804 5805 5794 
3 5771 5767 5794 
3 5771 5794 5806 
3 5806 5794 5805 
3 5772 5771 5806 
3 5807 5772 5806 
3 5772 5807 5773 
3 5798 5770 5774 
3 5800 5798 5774 
3 5775 5800 5774 
3 5802 5800 5775 
3 5776 5802 5775 
3 5804 5802 5776 
3 5778 5804 5776 
3 5805 5804 5778 
3 5780 5805 5778 
3 5806 5805 5780 
3 5782 5806 5780 
3 5807 5806 5782 
3 5784 5807 5782 
3 5807 5784 5773 
3 5809 5786 3669 
3 5809 3669 5808 
3 5808 3669 3793 
3 5808 5810 5809 
3 5809 5787 5786 
3 5810 5787 5809 
3 5810 5811 5787 
3 5811 5788 5787 
3 5813 5789 5788 
3 5813 5788 5812 
3 5812 5788 5811 
3 5812 5814 5815 
3 5813 5812 5815 
3 5814 5816 5817 
3 5815 5814 5817 
3 5816 5818 5819 
3 5817 5816 5819 
3 5818 5820 5819 
3 5813 5790 5789 
3 5815 5790 5813 
3 5791 5790 5815 
3 5817 5823 5815 
3 5817 5821 5823 
3 5815 5823 5791 
3 5822 5792 5823 
3 5791 5823 5792 
3 5817 5819 5824 
3 5817 5824 5821 
3 5822 5793 5792 
3 5819 5820 5824 
3 3814 5826 5825 
3 3815 5826 3814 
3 5825 5828 5827 
3 5826 5828 5825 
3 5827 5830 5829 
3 5828 5830 5827 
3 5829 5832 5831 
3 5830 5832 5829 
3 5833 5832 5834 
3 5833 5822 5832 
3 5831 5832 5823 
3 5823 5832 5822 
3 5822 5833 5835 
3 5822 5835 5793 
3 5793 5835 5795 
3 5826 3815 3720 
3 5796 5826 3720 
3 5828 5826 5796 
3 5797 5828 5796 
3 5830 5828 5797 
3 5799 5830 5797 
3 5832 5830 5799 
3 5801 5832 5799 
3 5834 5832 5801 
3 5834 5801 5836 
3 5836 5801 5803 
3 5836 5803 5795 
3 5835 5836 5795 
3 3873 5837 3793 
3 3793 5837 5808 
3 5839 5810 5808 
3 5839 5808 5838 
3 5838 5808 5837 
3 5838 5840 5841 
3 5839 5838 5841 
3 5840 5842 5841 
3 5839 5811 5810 
3 5841 5811 5839 
3 5812 5811 5841 
3 5842 5812 5841 
3 5842 5843 5812 
3 5843 5814 5812 
3 5845 5844 5816 
3 5845 5816 5843 
3 5843 5816 5814 
3 5818 5816 5844 
3 5846 5818 5844 
3 5818 5846 5820 
3 3882 5848 5847 
3 3883 5848 3882 
3 5847 5850 5849 
3 5848 5850 5847 
3 5849 5850 5851 
3 5844 5823 5821 
3 5844 5845 5823 
3 5845 5852 5823 
3 5846 5844 5821 
3 5824 5846 5821 
3 5846 5824 5820 
3 5848 3883 3814 
3 5825 5848 3814 
3 5850 5848 5825 
3 5827 5850 5825 
3 5851 5850 5827 
3 5851 5827 5853 
3 5853 5827 5829 
3 5853 5829 5854 
3 5829 5831 5854 
3 5823 5852 5854 
3 5823 5854 5831 
3 5834 5855 5833 
3 5833 5855 5835 
3 5855 5834 5836 
3 5855 5836 5835 
3 3945 5856 5857 
3 3946 3945 5857 
3 5856 5858 5857 
3 5857 3873 3946 
3 5837 3873 5857 
3 5858 5837 5857 
3 5858 5859 5837 
3 5859 5838 5837 
3 5859 5860 5838 
3 5838 5860 5840 
3 5840 5860 5861 
3 5842 5840 5861 
3 3956 5863 5862 
3 3957 5863 3956 
3 5862 5863 5864 
3 5861 5843 5842 
3 5865 5843 5861 
3 5867 5845 5843 
3 5867 5843 5866 
3 5866 5843 5865 
3 5866 5868 5867 
3 5863 3957 3882 
3 5847 5863 3882 
3 5864 5863 5847 
3 5864 5847 5869 
3 5869 5847 5849 
3 5871 5849 5851 
3 5871 5870 5849 
3 5870 5869 5849 
3 5870 5873 5872 
3 5871 5873 5870 
3 5874 5872 5867 
3 5874 5875 5872 
3 5867 5872 5845 
3 5873 5852 5872 
3 5845 5872 5852 
3 5868 5876 5874 
3 5867 5868 5874 
3 5871 5851 5853 
3 5873 5871 5853 
3 5854 5873 5853 
3 5875 5874 5877 
3 5873 5854 5852 
3 5874 5876 5877 
3 568 570 5878 
3 4016 568 5878 
3 570 572 5878 
3 5878 3945 4016 
3 5856 3945 5878 
3 5856 5879 5858 
3 5878 5879 5856 
3 5878 574 5879 
3 5878 572 574 
3 574 576 5879 
3 5879 5859 5858 
3 5879 5860 5859 
3 5879 582 5860 
3 5879 576 582 
3 5880 5860 582 
3 5860 5880 5861 
3 583 3956 584 
3 3956 5862 584 
3 5881 5862 5864 
3 5881 585 5862 
3 585 584 5862 
3 585 5880 582 
3 585 5881 5880 
3 5881 5882 5880 
3 5865 5861 5880 
3 5865 5880 5883 
3 5883 5880 5882 
3 5866 5865 5883 
3 5884 5866 5883 
3 5866 5884 5868 
3 5881 5864 5869 
3 5882 5881 5869 
3 5870 5882 5869 
3 5883 5882 5870 
3 5872 5883 5870 
3 5872 5875 5885 
3 5872 5885 5883 
3 5883 5885 5884 
3 5884 5885 5876 
3 5868 5884 5876 
3 5885 5875 5877 
3 5885 5877 5876 
