ply
format ascii 1.0
comment created by gply, a Houdini tool.
comment converted from .[b]geo
comment for more information about Houdini, try:
comment www.sidefx.com
element vertex 7107
property float x
property float y
property float z
property uchar red
property uchar green
property uchar blue
element face 14157
property list uchar int vertex_indices
end_header
-0.0578371659 0.491808712 -0.0908187404 167 215 244 
-0.0201550946 0.50448525 -0.0880636275 165 214 243 
-0.0198866017 0.504026592 -0.0952935815 164 213 243 
-0.0232197158 0.512035131 -0.0312622823 166 217 243 
-0.0664777681 0.496445954 -0.0349891037 165 215 241 
-0.063653782 0.489704698 -0.0897283033 167 216 244 
-0.0113203377 0.503067791 -0.0898055285 165 214 243 
0.0268410593 0.500894606 -0.0428235903 167 217 243 
0.0279193148 0.498355031 -0.0641053468 167 217 243 
0.0469577163 0.494333774 -0.0486031696 166 216 242 
-0.0236582085 0.512612939 -0.0175522342 168 220 244 
-0.0675413907 0.498865277 -0.0130425096 164 214 240 
-0.0296653956 0.311423033 0.331533432 162 215 232 
-0.0296721198 0.31140089 0.331522137 162 215 232 
-0.0296781585 0.311425745 0.331523001 162 215 232 
-0.0296752751 0.31141147 0.331549257 162 215 232 
0.0238263607 0.187331349 0.572296381 194 228 242 
-0.00227098912 0.176784009 0.569426477 188 229 246 
-0.00408605486 0.184733689 0.564417958 188 229 247 
-0.00240378082 0.176405698 0.579727113 184 226 244 
-0.0230574794 0.506905794 0.0182871893 172 224 247 
-0.067504622 0.495988905 0.0172326639 164 215 244 
-0.0218931399 0.497839004 0.0655845627 159 212 243 
-0.0669692606 0.489393502 0.0659435764 158 212 243 
-0.0223969407 0.496284395 0.105989657 160 209 240 
-0.0665553138 0.483899057 0.107995011 156 206 237 
-0.0296993405 0.311507881 0.331583321 162 215 232 
0.0344334692 0.222615749 0.537967503 164 212 235 
-0.0124573261 0.221300572 0.542404771 172 216 240 
0.0231361166 0.270875871 0.520352662 175 215 233 
-0.0198033005 0.252456158 0.533450842 177 218 237 
0.03989169 0.196677178 0.575614989 190 223 238 
0.0429514647 0.180162728 0.618652701 165 205 226 
-0.00124832988 0.168273926 0.617042303 159 205 229 
-0.0222642086 0.494805247 0.116332538 159 207 239 
-0.0664343089 0.482799739 0.114655413 155 205 236 
-0.0202157125 0.48226434 0.161642909 157 206 239 
-0.06436304 0.470169365 0.159914613 159 213 245 
-0.0165640339 0.463424176 0.203350365 155 206 239 
-0.0627797395 0.459456384 0.206270427 156 208 240 
-0.0138240606 0.448166281 0.247106701 159 211 241 
-0.0605056733 0.446029186 0.251073867 160 208 236 
-0.0126074702 0.438894212 0.294286638 160 211 240 
-0.0329509415 0.438695133 0.296413869 165 216 241 
-0.0598935634 0.440835714 0.280682683 168 216 239 
-0.0122792125 0.436112463 0.310127676 165 215 242 
-0.00292665511 0.391872197 0.37235859 170 224 244 
-0.0418010131 0.35905841 0.358780056 174 222 241 
-0.0070599094 0.410274625 0.357624739 171 223 244 
-0.0528991595 0.406210363 0.344333649 166 219 240 
0.00524760783 0.355261624 0.403902173 173 225 243 
-0.0354982167 0.329801321 0.394529492 157 209 233 
0.00950270891 0.334050447 0.444253534 163 211 231 
-0.0367832333 0.330358624 0.447331458 167 211 233 
0.00925701857 0.330524027 0.494719714 156 204 225 
-0.0356908441 0.321574539 0.494790524 164 211 232 
0.0207918286 0.280709028 0.51871109 175 215 232 
-0.025053408 0.275285542 0.520798564 181 222 238 
-0.0590765104 0.435921788 0.297776043 171 221 242 
-0.0105446279 0.426296949 0.3395648 174 223 243 
-0.054476507 0.41335541 0.337352306 163 217 239 
0.023410067 0.510592997 0.00692331046 172 224 249 
0.0923385024 0.171669573 0.608605564 160 195 217 
0.0599847436 0.173243403 0.613016963 159 197 221 
0.0859300494 0.201091796 0.575871885 167 207 225 
0.0230368599 0.511350513 0.0156398639 171 223 249 
0.0255436301 0.49700895 0.0599203333 165 215 246 
0.0274337605 0.485090345 0.105586596 159 208 239 
-0.0130364224 0.493680805 0.114706852 160 208 239 
0.0290065333 0.4744187 0.151966095 154 199 231 
0.0142449364 0.477444232 0.155234069 155 201 233 
0.0294393003 0.470660925 0.173854917 154 201 235 
0.0783178806 0.235743761 0.54028666 180 223 239 
0.0686726868 0.276438564 0.530889153 188 227 240 
0.0854469538 0.203240007 0.574179173 168 208 226 
0.0302809402 0.464919418 0.199016094 154 205 241 
0.0321653932 0.453023076 0.244695097 154 205 238 
0.0339528769 0.441507787 0.290592045 155 205 236 
0.038031891 0.4209885 0.331339151 165 219 245 
0.00924357772 0.426068217 0.337265909 171 222 245 
0.0426282957 0.398436248 0.37092346 168 219 242 
0.0480251461 0.372738898 0.4087089 175 225 245 
0.0527403057 0.349720001 0.448026329 173 224 241 
0.0569122136 0.328835666 0.488564581 179 223 239 
0.0636425912 0.297898531 0.523353219 185 224 235 
0.075985074 0.488864481 -0.0024105683 166 215 243 
0.0304689705 0.508696795 0.0133795962 173 224 249 
0.076767832 0.487521946 -0.0234288946 164 214 242 
0.0767805427 0.481247097 0.0457158163 168 216 241 
0.0540225506 0.491557956 0.0538255945 165 213 241 
0.0765632987 0.478449702 0.08677385 162 209 239 
0.136448905 0.183909535 0.61041677 158 202 226 
0.133223087 0.197959065 0.602392972 164 209 230 
0.0768228918 0.476588875 0.0955346897 162 209 240 
0.0789347589 0.46379903 0.140702665 159 208 237 
0.0796190649 0.456618339 0.189078808 154 201 232 
0.0494895875 0.463135123 0.195934683 153 202 237 
0.0798149705 0.452267826 0.228428781 153 202 236 
0.121153101 0.252994299 0.544963717 186 227 241 
0.112225279 0.291822642 0.523371339 192 233 245 
0.12632975 0.228162155 0.583244026 185 226 239 
0.0800587535 0.450398892 0.238004744 154 203 237 
0.0823654532 0.436843485 0.282734811 149 198 228 
0.0845433921 0.423793972 0.327754289 152 202 232 
0.0884473622 0.403962493 0.368894756 161 215 241 
0.0944926292 0.375717342 0.405222982 175 221 242 
0.09799698 0.357455999 0.447261482 174 222 241 
0.102773368 0.334196568 0.486441344 183 225 239 
0.110871822 0.297883868 0.518155336 190 231 243 
0.092507109 0.482518852 -0.00767806917 167 217 245 
0.107258841 0.463249594 0.0325762182 169 218 246 
0.128611237 0.458660424 0.0800909474 172 219 245 
0.0816923231 0.475415409 0.0943612531 163 209 240 
0.129852071 0.455720544 0.0557931885 170 218 245 
0.127323568 0.459228158 0.132898867 166 216 246 
0.117003068 0.461122304 0.13506335 165 215 244 
0.127039045 0.459561408 0.142258078 166 215 245 
0.182755709 0.187519521 0.607292056 190 227 240 
0.177639127 0.209068865 0.60273242 194 228 241 
0.128220096 0.451213658 0.180798113 163 212 242 
0.129497454 0.441702783 0.227841496 164 210 238 
0.086963743 0.449365675 0.236683905 155 203 237 
0.131109357 0.430877358 0.274132997 158 207 238 
0.116045326 0.433564842 0.27725029 155 204 237 
0.132115334 0.424346775 0.300517738 160 208 238 
0.164860472 0.266817987 0.547680795 187 236 247 
0.157162428 0.300352752 0.528452933 182 234 248 
0.172086746 0.233932287 0.581354856 189 226 238 
0.133143097 0.418394536 0.319476575 161 209 237 
0.1352323 0.40569371 0.36469546 162 212 239 
0.138589755 0.388009548 0.40706411 160 213 238 
0.14433375 0.360948086 0.444069356 172 219 241 
0.148462266 0.340234339 0.48470518 172 224 241 
0.155030072 0.309935927 0.519859135 182 234 248 
0.151959449 0.451229244 0.0734828189 171 218 244 
0.179342449 0.440393776 0.116937004 172 220 244 
0.179466337 0.441096783 0.103437997 171 219 244 
0.17757684 0.442839533 0.170819014 164 211 237 
0.160197884 0.448737472 0.175937146 164 210 238 
0.177621841 0.440143019 0.1987167 168 215 241 
0.206503332 0.190353215 0.553866386 175 215 231 
0.223518342 0.217405617 0.566712856 182 224 236 
0.22774148 0.202113718 0.54275471 186 229 239 
0.212236226 0.168900996 0.593924284 178 223 238 
0.222374052 0.218600065 0.605973721 183 221 235 
0.178564548 0.434466779 0.21851337 171 219 244 
0.179737508 0.425366044 0.265791297 161 210 237 
0.181827664 0.412661552 0.311008096 161 212 239 
0.145434573 0.417838484 0.31782341 162 211 238 
0.184717625 0.396814346 0.354427427 167 219 244 
0.170410633 0.401043952 0.358300418 169 220 245 
0.18541491 0.391479194 0.381699651 169 223 246 
0.201064199 0.314617276 0.517347217 179 235 250 
0.188091278 0.313964069 0.518417418 179 235 250 
0.199950129 0.319523573 0.513974011 179 235 250 
0.209434152 0.277237803 0.548451006 176 224 239 
0.21768111 0.240341544 0.579831183 178 221 234 
0.186270058 0.386222601 0.400852561 168 222 244 
0.189838976 0.36770764 0.442746073 166 216 238 
0.194017172 0.346798599 0.483270198 180 229 243 
0.188947052 0.437341988 0.114221446 170 218 243 
0.229468167 0.424506217 0.155143738 161 209 239 
0.22947225 0.424534112 0.154647052 161 209 239 
0.230747163 0.414988846 0.202183396 163 213 237 
0.188168824 0.432667822 0.216479361 169 217 242 
0.23104462 0.409328371 0.251429021 172 221 245 
0.216393888 0.416659653 0.25702709 170 219 245 
0.230037093 0.411653042 0.27185142 170 221 246 
0.260769904 0.261087418 0.534024239 189 238 250 
0.257310092 0.266684353 0.537449062 189 239 250 
0.259073555 0.267909974 0.536090851 189 239 251 
0.231462121 0.237588167 0.576819003 186 227 238 
0.270039439 0.223708823 0.523819327 188 231 243 
0.230538398 0.406825662 0.302480757 168 222 245 
0.23370102 0.389907122 0.345287323 167 220 243 
0.236199081 0.375599802 0.389587373 163 215 241 
0.196809947 0.384593874 0.39880836 169 222 244 
0.239851117 0.356758058 0.431293935 164 216 240 
0.207619607 0.364370435 0.438976794 168 218 241 
0.243493527 0.337954372 0.473022252 173 220 240 
0.217749655 0.343982518 0.479130358 178 226 243 
0.250428498 0.30621326 0.507351041 186 233 244 
0.229855895 0.424403846 0.15504545 161 209 239 
0.250012994 0.40644294 0.195417464 164 216 240 
0.273016244 0.389170885 0.235851467 168 220 243 
0.282857448 0.386811793 0.285844296 169 223 245 
0.252107859 0.402464151 0.297737986 168 222 245 
0.284137756 0.384904504 0.248259515 167 221 244 
0.279978454 0.395410031 0.32247287 171 225 246 
0.286168993 0.232475579 0.51566869 187 232 243 
0.312842816 0.242802009 0.509483039 183 230 241 
0.302407086 0.284378499 0.526579499 183 232 248 
0.280042201 0.393381894 0.342085272 168 222 244 
0.283560336 0.375066221 0.384092718 163 216 239 
0.287423521 0.355395079 0.425324887 171 221 240 
0.291173995 0.336166739 0.466810316 173 221 236 
0.295654297 0.314070642 0.506655633 172 223 240 
0.302866966 0.373556197 0.27643463 168 223 245 
0.317962736 0.354370207 0.316696405 175 226 244 
0.291098565 0.389061749 0.338520229 170 225 245 
0.338482022 0.336496949 0.357076287 172 223 241 
0.311739564 0.371217966 0.378902763 170 223 243 
0.339036882 0.338154107 0.410274386 177 222 239 
0.325253546 0.351649076 0.419130117 175 222 239 
0.341371387 0.332561702 0.365242273 173 224 241 
0.336760283 0.345303863 0.43534413 173 218 236 
0.345192283 0.30498445 0.496269196 173 220 235 
0.337653607 0.308970749 0.499266118 172 219 235 
0.342121989 0.318760961 0.484137267 170 217 233 
0.355772555 0.261269569 0.496296853 187 230 244 
0.338381082 0.3362391 0.461662263 169 215 232 
0.354491532 0.317532063 0.39735797 177 224 241 
0.380979687 0.301103532 0.43786785 174 221 238 
0.344270498 0.33341217 0.459477276 169 214 232 
0.396769017 0.287887394 0.481301039 172 218 235 
0.396267951 0.291788161 0.460957557 172 218 236 
0.399172932 0.277407348 0.487393409 170 217 235 
0.405585557 0.284219384 0.478336841 169 216 234 
-0.897490442 -0.021383673 0.612356126 181 210 215 
-0.924475491 -0.0238446295 0.613982677 210 236 238 
-0.896762133 -0.0259858072 0.630057871 169 199 206 
-0.893940568 -0.0488075316 0.75412035 107 143 157 
-0.897623777 -0.0446709692 0.756775379 102 140 154 
-0.892538726 -0.0569781959 0.780555904 113 154 167 
-0.851349652 -0.0171217024 0.609604299 162 194 206 
-0.847815931 -0.035498172 0.651576877 158 190 202 
-0.870540798 -0.0336298645 0.655090332 153 185 197 
-0.847775578 -0.0375020802 0.671990156 154 185 195 
-0.884262741 0.0270824432 0.63726753 169 200 208 
-0.903965771 0.00405958295 0.626908481 175 203 209 
-0.900292099 -0.0148670971 0.668566346 146 173 183 
-0.906310618 0.0111987889 0.65522778 158 184 193 
-0.863358676 -0.0135375559 0.717588782 136 175 188 
-0.894599855 -0.0417253077 0.70568794 123 152 164 
-0.858902335 0.0074955523 0.68279767 175 200 208 
-0.850518167 -0.0338640511 0.757477939 101 135 152 
-0.850860894 -0.0323130786 0.755976915 103 137 153 
-0.850584447 -0.0336816907 0.758492708 100 134 151 
-0.8730039 0.0679635704 0.658269227 146 176 185 
-0.861380816 0.017801702 0.68206197 171 195 203 
-0.907026529 0.0115942657 0.683701098 147 170 178 
-0.904811382 -0.00160157681 0.728636861 129 156 168 
-0.864102721 0.0046364367 0.779914498 39 57 67 
-0.895570934 -0.0424013138 0.757784426 103 140 154 
-0.862095058 0.0132164061 0.765806615 77 99 109 
-0.854192138 -0.0239199102 0.815648735 185 217 228 
-0.891134322 -0.0643258393 0.797727823 126 169 181 
-0.902518809 -0.0176568329 0.801797867 208 235 245 
-0.855366766 -0.0200918019 0.827036321 195 230 238 
-0.898298502 -0.0385493934 0.84020412 203 238 244 
-0.862533569 0.0133474171 0.784480691 57 77 87 
-0.8630054 0.0107096136 0.835455239 182 210 214 
-0.905469775 -0.00799810886 0.82994473 189 222 237 
-0.805563748 -0.0114648938 0.60765028 167 195 202 
-0.803853214 -0.0226779282 0.653720021 139 167 177 
-0.800051689 -0.0421068966 0.695090771 150 179 191 
-0.808297873 -0.0414042771 0.696379125 146 175 187 
-0.800382078 -0.0411319733 0.69942534 151 181 192 
-0.806835413 -0.0109601915 0.660422027 145 175 185 
-0.854608178 0.0114203393 0.677846372 178 204 211 
-0.818167031 0.0368265808 0.649641395 164 198 208 
-0.820945978 -0.00327181816 0.718512595 137 171 184 
-0.811474264 0.0036945641 0.710547209 143 177 189 
-0.805409133 -0.0255478323 0.757044971 107 134 152 
-0.799969196 -0.0514145195 0.794733584 156 183 191 
-0.815664768 -0.0476731956 0.798493564 127 157 171 
-0.800828576 -0.0490063131 0.807426035 150 179 189 
-0.825216949 0.0657576323 0.651818037 151 184 195 
-0.824525476 0.0585487187 0.700177908 142 171 184 
-0.827633321 0.059143275 0.700842857 140 169 183 
-0.825354457 0.0623228848 0.696297705 141 170 184 
-0.816610038 0.02295506 0.732303262 126 155 170 
-0.824095428 0.0560902655 0.70775497 137 165 180 
-0.819373786 0.0327160656 0.750723124 133 161 176 
-0.805288434 -0.0350056291 0.856601894 151 179 190 
-0.81891799 -0.0301066041 0.860764623 143 175 187 
-0.824968755 0.0602904856 0.70117414 141 169 183 
-0.819528997 0.0299327075 0.788777292 155 184 195 
-0.815763891 0.0106466711 0.830229759 146 172 182 
-0.761756003 0.00196453929 0.610141814 159 186 193 
-0.759697199 -0.0106169581 0.655428886 153 184 193 
-0.790546179 -0.0371076167 0.69676578 152 182 193 
-0.760174334 -0.00918918848 0.661467969 156 188 196 
-0.783415318 0.0286521018 0.679397047 159 193 203 
-0.761615753 -0.00757038593 0.709654629 146 177 187 
-0.757198155 -0.0294201374 0.749640703 143 173 186 
-0.756347358 -0.0372548997 0.797642767 132 159 170 
-0.752657235 -0.0562460124 0.839263916 122 153 165 
-0.754202604 -0.055636555 0.839765251 120 151 164 
-0.752775073 -0.0559034646 0.840867162 121 152 165 
-0.776612222 0.0603380501 0.643528819 179 209 217 
-0.782085955 0.0791135728 0.686194062 146 178 190 
-0.781647623 0.0474339426 0.741777539 120 149 163 
-0.753907919 -0.0558235943 0.891988695 123 155 170 
-0.801661372 -0.0537492335 0.898364604 191 217 223 
-0.748935699 -0.0798525512 0.930728316 139 174 191 
-0.777233958 -0.0656969249 0.941538453 180 221 233 
-0.802327633 -0.0516699851 0.905847967 198 226 231 
-0.751805067 -0.0707900822 0.961758375 145 174 196 
-0.781127214 0.0735869706 0.703589678 137 170 182 
-0.776023924 0.0490429103 0.742034793 120 149 163 
-0.778367519 0.0537598431 0.797215819 128 154 166 
-0.769893825 0.0159727037 0.828086555 125 156 170 
-0.764903426 -0.00812759995 0.866785407 145 179 190 
-0.810322583 -0.0152252018 0.867915392 175 201 208 
-0.710345209 -0.014480859 0.595546365 155 183 195 
-0.713134825 -0.0138849318 0.596177101 155 183 195 
-0.710367143 -0.0146830082 0.598803997 154 182 194 
-0.713603318 -0.00617051125 0.652782559 158 185 196 
-0.71465838 -0.00352460146 0.671817183 163 193 203 
-0.70278722 -0.0621451437 0.778217256 140 170 178 
-0.703621089 -0.0617476404 0.778525114 139 170 177 
-0.70329231 -0.0597915947 0.775251508 136 166 175 
-0.702656984 -0.0629366338 0.78103292 140 171 178 
-0.728691757 0.0576075017 0.63677758 159 192 203 
-0.759318411 0.0573243499 0.639989078 173 204 212 
-0.729080677 0.0577873886 0.652634263 154 185 197 
-0.716407537 0.000356137753 0.70899874 145 176 187 
-0.722412109 -0.00226220489 0.760591745 139 169 181 
-0.717823267 0.002058357 0.755079627 140 170 182 
-0.71582222 -0.00784775615 0.77328974 133 162 175 
-0.707205534 -0.0492762029 0.838060856 126 156 168 
-0.707074046 -0.0511549413 0.852900326 123 152 165 
-0.733036399 0.0701870024 0.696455598 166 196 208 
-0.752126515 0.0774191916 0.702487588 159 189 202 
-0.728599608 0.0482619107 0.736398697 133 165 179 
-0.772756159 0.0495860279 0.741971195 121 151 164 
-0.719233871 0.00696966052 0.765264511 136 166 178 
-0.72974515 0.0509921014 0.758651316 127 157 172 
-0.717131734 -0.00578206778 0.810454369 150 180 189 
-0.746779025 0.0101939738 0.822402954 157 187 197 
-0.724528551 0.0251676738 0.806123853 162 193 201 
-0.718795776 -0.0032120645 0.858293533 152 174 185 
-0.731543779 0.0553383827 0.792929232 132 159 171 
-0.718593001 -0.00453194976 0.863652468 145 166 178 
-0.634328246 0.00265306234 -0.92185545 180 219 233 
-0.648809433 0.00493812561 -0.91902101 179 218 231 
-0.637750924 0.0181793869 -0.93725127 148 184 197 
-0.634712219 0.00313657522 -0.909598351 177 217 230 
-0.658716619 0.111956686 -1.01678824 177 208 217 
-0.659334719 0.112103969 -1.01664019 177 208 217 
-0.650473356 0.0750749409 -0.985399783 162 200 214 
-0.697872996 0.0757592022 -0.97981894 179 213 222 
-0.699015379 0.0803921521 -0.978852212 178 211 220 
-0.646026134 0.0531089306 -0.945480168 153 185 197 
-0.689139664 0.0592102408 -0.937423527 175 212 222 
-0.696836889 0.0696075261 -0.959027112 176 212 221 
-0.687374175 0.0255230069 -0.903585315 180 218 228 
-0.694013 0.0556280911 -0.933328986 174 213 223 
-0.639764905 0.0195232928 -0.85972321 174 214 224 
-0.667572677 0.0187506974 -0.857087851 172 212 223 
-0.687010229 0.0209613442 -0.869601965 173 213 224 
-0.639635205 0.0174227655 -0.842334807 173 212 224 
-0.65889591 0.112660974 -1.01638544 177 208 217 
-0.661234617 0.117358714 -0.961215377 168 202 211 
-0.699514389 0.082208544 -0.976130188 178 211 221 
-0.695354104 0.0613698959 -0.935565829 173 211 220 
-0.663453639 0.125249326 -0.947024345 166 199 208 
-0.706336558 0.106550217 -0.933412492 165 203 213 
-0.688493311 0.0254284441 -0.851156294 167 207 218 
-0.64013648 0.0164914429 -0.808974147 170 205 218 
-0.68812263 0.0194802582 -0.802075207 185 218 227 
-0.640668631 0.0140906274 -0.757864118 152 187 202 
-0.667010963 0.01440081 -0.754800677 162 198 211 
-0.68848747 0.0181891918 -0.770980597 178 214 224 
-0.641247988 0.0153219104 -0.744947433 148 184 199 
-0.666350543 0.132968545 -0.899804115 170 206 219 
-0.709242105 0.115939438 -0.904354513 169 202 211 
-0.665946722 0.127506524 -0.857648253 139 173 190 
-0.710381746 0.116490841 -0.858160734 154 187 200 
-0.688793778 0.0176254809 -0.750652909 167 204 217 
-0.677073002 0.0303193927 -0.692677975 138 175 194 
-0.690673828 0.0205210447 -0.696513593 141 178 197 
-0.648903191 0.0431336462 -0.702547669 142 177 197 
-0.691682994 0.0239237249 -0.687996864 137 174 193 
-0.665937662 0.126854479 -0.850817859 134 168 186 
-0.710308194 0.115636528 -0.852044582 151 184 197 
-0.670955896 0.142219663 -0.791169524 148 184 198 
-0.715700507 0.132736474 -0.794499159 140 176 192 
-0.650303245 0.0474556684 -0.686297655 141 177 196 
-0.693440437 0.0447117984 -0.630692542 142 177 194 
-0.697388232 0.042411536 -0.631510019 143 178 195 
-0.654483616 0.0606745183 -0.641267061 138 173 192 
-0.697531283 0.0427907109 -0.629154027 143 179 195 
-0.670968413 0.142129809 -0.789597929 148 184 197 
-0.715869725 0.132997423 -0.789631724 138 173 189 
-0.671786785 0.140853494 -0.737844706 146 182 197 
-0.714267254 0.122209162 -0.743318915 137 171 187 
-0.674178779 0.14808926 -0.708434105 142 179 195 
-0.717517316 0.131645441 -0.698968053 134 171 188 
-0.655617058 0.0638429821 -0.624441624 138 174 193 
-0.655373633 0.0583948791 -0.575074613 153 192 207 
-0.701481104 0.0540017188 -0.572397768 147 183 199 
-0.656623185 0.0611815155 -0.54867363 157 196 211 
-0.702239931 0.0560157299 -0.559939802 147 184 200 
-0.674914777 0.148652464 -0.680900872 133 171 189 
-0.71820724 0.133198589 -0.684550285 138 177 194 
-0.676760554 0.151413143 -0.626838684 136 174 194 
-0.720926106 0.139389992 -0.628525972 143 177 196 
-0.676954329 0.151744753 -0.621628404 134 172 193 
-0.721522331 0.141387194 -0.62335062 142 177 195 
-0.65836072 0.0656399727 -0.518447578 154 194 210 
-0.70453018 0.0614906549 -0.515631318 151 187 203 
-0.660125494 0.0684346259 -0.468481451 167 204 219 
-0.706875384 0.0688786209 -0.490059912 156 191 207 
-0.681855798 0.166941732 -0.565473914 133 172 198 
-0.72523576 0.151831537 -0.568926752 137 173 193 
-0.682426631 0.168750525 -0.5593642 133 173 199 
-0.725981772 0.153378934 -0.551869333 131 168 189 
-0.660230637 0.0684956312 -0.46433109 167 204 220 
-0.709473312 0.0764215589 -0.454608351 161 198 214 
-0.658574402 0.0574959815 -0.418139189 163 202 220 
-0.707917571 0.0658168495 -0.408190578 161 199 216 
-0.659396291 0.0562336445 -0.366378039 163 204 223 
-0.680334866 0.057266295 -0.363515407 161 201 220 
-0.707712471 0.0629377067 -0.385613382 160 198 216 
-0.659969985 0.0575800836 -0.355002314 164 205 224 
-0.684158802 0.171498954 -0.510384202 145 185 207 
-0.727136433 0.154807985 -0.514741242 131 168 189 
-0.686725974 0.179949433 -0.48642543 153 192 213 
-0.730500102 0.165661901 -0.480923325 138 174 195 
-0.708732724 0.0645280182 -0.356444567 161 199 217 
-0.66215086 0.0625653863 -0.310273379 164 206 227 
-0.709713697 0.0638907254 -0.304325879 164 203 223 
-0.661212325 0.0543857217 -0.262468606 159 203 224 
-0.676164985 0.0537897646 -0.261149704 160 203 223 
-0.70919466 0.0601906776 -0.287038147 163 203 223 
-0.6613639 0.0543960631 -0.255623728 159 203 224 
-0.689409316 0.187637925 -0.448670298 150 193 214 
-0.731402934 0.167080462 -0.455238789 140 178 199 
-0.690155089 0.186840057 -0.405566901 151 193 217 
-0.734019399 0.172998816 -0.400885165 146 187 207 
-0.709919572 0.0602078438 -0.253949165 161 202 222 
-0.662787974 0.0560847521 -0.209013641 166 209 228 
-0.711769938 0.0629863441 -0.1998768 158 201 222 
-0.690323412 0.186737657 -0.396702051 151 194 218 
-0.734150827 0.173385799 -0.399149239 145 186 207 
-0.690452278 0.182752252 -0.34649834 158 205 229 
-0.735632658 0.174716473 -0.345904946 141 186 210 
-0.691125214 0.181557804 -0.302331209 150 199 227 
-0.736935854 0.177351952 -0.315361947 156 200 221 
-0.691638827 0.182922691 -0.293917686 150 199 228 
-0.737497389 0.177551746 -0.291800141 166 209 230 
-0.691855431 0.179282099 -0.243516773 157 206 232 
-0.735989034 0.167133123 -0.245275944 156 200 224 
-0.691999137 0.175799489 -0.198220402 151 201 230 
-0.73758769 0.170494288 -0.209230274 152 198 223 
-0.692376256 0.176836669 -0.192432255 150 200 229 
-0.738804877 0.173705518 -0.189033672 147 193 219 
-0.691876113 0.170379609 -0.143642217 156 206 234 
-0.737962425 0.165903419 -0.141012922 140 188 218 
-0.600975513 0.0165160298 -0.917979121 150 188 205 
-0.612377405 0.115439147 -1.01998591 166 204 219 
-0.604413271 0.0796541274 -0.987970114 160 198 210 
-0.597100079 0.0464270115 -0.954491377 140 173 192 
-0.592669785 0.0245273709 -0.914533734 146 184 201 
-0.592313468 0.0186355412 -0.865420461 170 203 218 
-0.594878972 0.0268482268 -0.838899076 165 201 216 
-0.61699909 0.133598834 -1.00959945 166 203 217 
-0.652740002 0.13205418 -0.95415467 167 201 210 
-0.621405661 0.148082286 -0.968235314 179 215 224 
-0.595093369 0.025066644 -0.809258938 160 195 210 
-0.594133317 0.0168026984 -0.761502385 155 192 207 
-0.596209824 0.0233518183 -0.738946319 152 188 201 
-0.624292254 0.15776369 -0.943295002 174 211 222 
-0.622961104 0.148041546 -0.896372497 154 190 206 
-0.623225689 0.147007406 -0.87273401 144 179 196 
-0.603724957 0.0504703224 -0.695272207 155 192 208 
-0.624594092 0.14996618 -0.842788458 136 171 190 
-0.623231471 0.140120238 -0.795936763 143 181 198 
-0.66712302 0.142441064 -0.789851129 148 184 198 
-0.624684811 0.144146025 -0.773948431 141 179 197 
-0.603954554 0.0509010553 -0.689516544 155 192 208 
-0.609074116 0.0668662488 -0.631886899 143 180 199 
-0.628467202 0.156200975 -0.734256089 141 177 195 
-0.629272878 0.156773835 -0.703636408 139 178 199 
-0.609382331 0.067736119 -0.627404451 145 182 201 
-0.607277751 0.0549748242 -0.582220137 150 189 206 
-0.607994676 0.0533001423 -0.530694842 151 191 210 
-0.623964369 0.0570421815 -0.526904345 152 192 210 
-0.609025598 0.056541115 -0.519380987 154 193 212 
-0.63483429 0.176727146 -0.670032918 137 176 199 
-0.672980785 0.154891431 -0.625361919 135 173 194 
-0.636780679 0.183856189 -0.659895718 138 176 199 
-0.609800994 0.0559057593 -0.476721376 164 204 221 
-0.657828748 0.067199558 -0.465300083 168 205 220 
-0.610425353 0.0538673103 -0.425404102 168 210 226 
-0.618248045 0.0539399385 -0.424504966 167 208 225 
-0.610450268 0.0535091162 -0.420281947 169 210 227 
-0.635417163 0.174525619 -0.618808866 142 179 202 
-0.636904657 0.175878197 -0.565552115 136 176 203 
-0.637765884 0.178648829 -0.556797743 136 176 203 
-0.610751808 0.0506581962 -0.374756426 176 215 232 
-0.610931814 0.0468737781 -0.324437708 170 210 229 
-0.619994462 0.0490314066 -0.322268128 170 210 229 
-0.611225188 0.0472606719 -0.315270066 170 210 229 
-0.638753533 0.178651124 -0.511482954 154 196 220 
-0.641456544 0.186834335 -0.478319496 160 204 228 
-0.612532914 0.0486731827 -0.270925403 170 212 231 
-0.611458838 0.039960742 -0.223425299 167 211 230 
-0.62442565 0.0434730947 -0.220089763 167 211 230 
-0.64351368 0.192863315 -0.45087108 159 202 223 
-0.645683646 0.197675437 -0.404723018 173 212 231 
-0.646764338 0.20114398 -0.393651754 172 211 230 
-0.646195114 0.194415778 -0.345016778 169 215 236 
-0.647552609 0.196842998 -0.309667289 163 212 237 
-0.649030268 0.201063901 -0.288731217 159 208 235 
-0.647649705 0.191147536 -0.241919726 160 212 239 
-0.648280799 0.190363318 -0.204230413 160 213 240 
-0.648945868 0.191748708 -0.189092711 160 213 240 
-0.647672415 0.182252973 -0.14204064 156 209 239 
-0.547798097 0.0382680297 -0.964347422 147 178 193 
-0.581519842 0.0440649986 -0.957488358 135 167 186 
-0.552509665 0.0581749082 -0.969249427 144 177 192 
-0.545213759 0.0236216784 -0.920241237 168 206 221 
-0.577094138 0.0222963691 -0.917458951 151 189 205 
-0.543158591 0.0118831694 -0.884152412 170 204 219 
-0.597124398 0.127161592 -1.01528513 164 200 214 
-0.560398936 0.0922715962 -0.98594296 162 200 212 
-0.567556679 0.122579575 -0.994117379 168 203 215 
-0.543221235 0.0113009512 -0.874804974 169 203 218 
-0.548612416 0.0287971795 -0.821719527 148 185 202 
-0.578136861 0.164871275 -0.978335738 164 199 213 
-0.549035013 0.0296528041 -0.811825395 147 184 201 
-0.551218867 0.0337419808 -0.757003427 156 192 208 
-0.551778913 0.0343880653 -0.738471687 155 193 209 
-0.6045959 0.184900969 -0.930697083 167 203 215 
-0.587345541 0.200373411 -0.950073123 160 195 207 
-0.605713248 0.161790729 -0.890788436 156 193 209 
-0.557235956 0.0528926849 -0.693566859 148 185 203 
-0.58511728 0.0525766611 -0.69067502 152 189 206 
-0.557974339 0.0549732745 -0.682787538 148 185 203 
-0.589803278 0.207808763 -0.919860959 173 208 218 
-0.586277664 0.189463913 -0.877870202 157 197 213 
-0.583185792 0.172823429 -0.834904671 146 183 202 
-0.598903596 0.15895316 -0.788365185 135 174 194 
-0.583600819 0.171750724 -0.803931117 137 175 196 
-0.558917999 0.0550101697 -0.639872551 153 193 210 
-0.603175879 0.0665597618 -0.628726423 145 182 201 
-0.556580782 0.0413347781 -0.595211148 141 182 202 
-0.583711386 0.0484311283 -0.588369489 143 183 203 
-0.557933688 0.0446871221 -0.57035327 146 188 206 
-0.583697975 0.170344144 -0.783839524 132 171 191 
-0.599958539 0.177051753 -0.726046205 138 177 197 
-0.587816238 0.182534248 -0.730228841 137 176 197 
-0.558962047 0.0461995602 -0.539945543 156 198 215 
-0.559021115 0.0419396758 -0.489898831 154 197 215 
-0.576590061 0.0456689596 -0.485939533 157 198 216 
-0.559360504 0.0416658223 -0.471273869 159 201 220 
-0.588102818 0.183160156 -0.724026144 138 177 198 
-0.587601304 0.176697701 -0.675239205 135 173 196 
-0.59020263 0.184263259 -0.63988173 145 182 204 
-0.56057179 0.0435410142 -0.436499745 170 213 230 
-0.561842859 0.0440435112 -0.38372916 175 216 232 
-0.563788533 0.0442816913 -0.383385807 175 216 232 
-0.561882913 0.0440682173 -0.382164687 174 215 232 
-0.590836346 0.184917241 -0.618054807 148 184 208 
-0.590102792 0.177543014 -0.56978935 155 196 219 
-0.591335356 0.179785877 -0.538125634 154 196 222 
-0.562831879 0.0434377789 -0.331592411 164 208 231 
-0.563193619 0.04047212 -0.282028526 168 213 234 
-0.593550861 0.186599404 -0.512126386 155 199 226 
-0.597112298 0.198299646 -0.478633612 161 205 229 
-0.563223362 0.0404843986 -0.280798465 168 213 234 
-0.562171936 0.031861186 -0.23324737 165 210 233 
-0.601945937 0.21509409 -0.443345577 167 214 237 
-0.603109181 0.217901736 -0.421142191 171 216 237 
-0.605484903 0.224507749 -0.385478199 171 215 235 
-0.605032086 0.218236744 -0.336581737 170 218 240 
-0.605012596 0.217239976 -0.32640025 168 218 241 
-0.604152739 0.210289687 -0.288643926 167 218 242 
-0.604246378 0.206165895 -0.2385194 171 221 244 
-0.604786098 0.206033915 -0.212274998 169 220 245 
-0.605556011 0.20682013 -0.185662001 167 220 246 
-0.604693055 0.198937297 -0.137687445 172 227 248 
-0.50505501 0.0558803678 -0.959463418 164 203 217 
-0.507766485 0.0676652193 -0.965932965 164 205 218 
-0.499353468 0.028985858 -0.922362626 161 198 214 
-0.500059605 0.0295127928 -0.895798206 160 196 211 
-0.514164746 0.0961667001 -0.988904595 164 205 219 
-0.523678482 0.136351615 -0.998671889 161 195 208 
-0.50070101 0.0297888219 -0.86942023 159 195 212 
-0.499979675 0.0224626362 -0.821127295 163 199 215 
-0.538746417 0.0270923674 -0.814348817 149 185 203 
-0.501942873 0.0287507474 -0.800871849 160 196 213 
-0.531939745 0.167163491 -0.961787224 165 201 213 
-0.532440424 0.0469727218 -0.751869559 156 194 210 
-0.509943485 0.0582724512 -0.761615515 157 196 213 
-0.542850614 0.211092442 -0.949015379 147 182 198 
-0.511233687 0.0621905625 -0.745921493 155 195 213 
-0.510222375 0.0537252426 -0.698280156 149 190 209 
-0.510172606 0.0493219197 -0.651636481 149 191 210 
-0.549583793 0.239828795 -0.959219575 133 171 188 
-0.568334162 0.25771156 -0.947431207 132 170 189 
-0.570438027 0.234362513 -0.907544076 149 185 201 
-0.57060945 0.211481214 -0.867614865 147 188 205 
-0.554980993 0.192424119 -0.827341437 142 181 201 
-0.510188162 0.0490990579 -0.648442984 149 191 210 
-0.510362983 0.0452941954 -0.598136008 153 196 214 
-0.510446072 0.0411285162 -0.548035383 157 202 219 
-0.517657518 0.0415791869 -0.546997786 157 202 219 
-0.510078847 0.0387732387 -0.538719594 156 202 219 
-0.565414071 0.299612194 -0.924958587 128 166 186 
-0.57139641 0.275324374 -0.885155976 145 181 197 
-0.553592682 0.246597111 -0.85038209 134 171 189 
-0.557268977 0.262300253 -0.856098413 135 171 187 
-0.54376781 0.203500926 -0.822547972 138 178 200 
-0.543860376 0.199372917 -0.77242583 120 162 188 
-0.540465534 0.18154183 -0.730141222 134 175 196 
-0.577102721 0.182583898 -0.725548387 137 177 198 
-0.541400909 0.183746457 -0.711694896 137 178 198 
-0.509382248 0.0324569345 -0.500512004 154 200 219 
-0.50961113 0.0288645029 -0.450083494 152 198 223 
-0.528254271 0.0345284939 -0.44495371 160 205 226 
-0.510553777 0.031039536 -0.430977494 154 200 225 
-0.570990503 0.32394132 -0.911111057 134 172 194 
-0.58872956 0.312322885 -0.863124549 125 161 177 
-0.574606299 0.338042527 -0.901808143 137 176 198 
-0.569565535 0.313088834 -0.855936348 119 156 175 
-0.544931889 0.194599539 -0.670189619 150 187 208 
-0.544976413 0.191361874 -0.632168651 139 178 201 
-0.512434602 0.035466671 -0.39382422 159 204 228 
-0.513907075 0.0375551581 -0.349429578 162 206 231 
-0.572171032 0.324087918 -0.858544052 121 158 177 
-0.544695556 0.189179093 -0.620806694 134 173 197 
-0.545862794 0.189273506 -0.568269491 151 193 215 
-0.546706498 0.189841866 -0.535848975 160 203 222 
-0.514289737 0.0382640362 -0.339741051 164 208 232 
-0.515222907 0.0374388695 -0.28772983 164 209 233 
-0.561076999 0.0404521823 -0.281051844 168 213 234 
-0.514750957 0.031647861 -0.245044827 167 211 235 
-0.548718929 0.196004272 -0.511936665 169 211 231 
-0.552457094 0.208224937 -0.476116717 176 217 236 
-0.514658332 0.030728817 -0.239084482 167 211 235 
-0.557970881 0.227865756 -0.441230208 177 222 238 
-0.559224248 0.231640786 -0.425636083 176 222 239 
-0.563219726 0.243997931 -0.379520178 163 215 238 
-0.582730532 0.227312088 -0.334095508 168 217 240 
-0.563051105 0.240500599 -0.348397374 165 216 239 
-0.562268496 0.235768616 -0.331743777 168 218 241 
-0.561480761 0.228181422 -0.283600152 168 220 243 
-0.560881555 0.221335217 -0.235032678 172 221 244 
-0.560587287 0.218218729 -0.213911742 169 220 245 
-0.560458124 0.215179652 -0.186070204 169 222 247 
-0.575873494 0.220000178 -0.129396379 165 219 247 
-0.564449549 0.22725369 -0.136995032 165 219 247 
-0.565112233 0.228974879 -0.125696778 164 218 247 
-0.464185417 0.0853463709 -1.00028288 160 201 218 
-0.491654754 0.088656038 -0.995463848 160 201 217 
-0.469526201 0.109347522 -1.0217942 154 193 210 
-0.455907762 0.0483294725 -0.96897167 155 192 213 
-0.452785254 0.0315685868 -0.926074922 158 198 217 
-0.455284774 0.038846314 -0.892193556 166 207 225 
-0.478793263 0.14513889 -0.99406302 157 191 203 
-0.456246972 0.0406787097 -0.868381143 160 199 220 
-0.457152128 0.0397435129 -0.816432834 171 208 223 
-0.457748801 0.0409595966 -0.802552819 166 204 221 
-0.486877441 0.175074399 -0.95556736 166 205 217 
-0.465386569 0.0686852634 -0.759994805 142 182 204 
-0.499358833 0.226777852 -0.957087159 138 177 194 
-0.466189802 0.0707629621 -0.746208012 139 181 203 
-0.463418633 0.0553825498 -0.702521682 143 186 206 
-0.462842733 0.0486279428 -0.653901815 150 194 211 
-0.5063622 0.0487989485 -0.649026632 149 191 210 
-0.46231392 0.0433894098 -0.619968653 155 198 216 
-0.504673183 0.248924822 -0.959206581 135 173 189 
-0.462396115 0.0423812568 -0.604991555 159 202 219 
-0.456857532 0.0161268711 -0.567524672 143 190 211 
-0.456213892 0.00910609961 -0.519057095 135 181 210 
-0.483641565 0.0269727111 -0.506323874 155 202 222 
-0.459103495 0.0174116492 -0.478688806 141 187 216 
-0.543433726 0.259252727 -0.84461391 129 165 182 
-0.510653317 0.244347155 -0.803966939 132 172 195 
-0.497969121 0.204615623 -0.774616718 127 164 188 
-0.506707311 0.242986709 -0.799832523 132 172 195 
-0.493210196 0.181424826 -0.735397637 123 163 187 
-0.494697213 0.183531374 -0.690537274 134 177 200 
-0.459546268 0.0177080631 -0.461653918 139 183 214 
-0.464116484 0.0321434438 -0.412244469 159 201 226 
-0.523429275 0.322622448 -0.917054892 144 183 203 
-0.522559941 0.31471467 -0.86909461 126 163 186 
-0.545837939 0.322704464 -0.862190306 121 158 179 
-0.515607357 0.282904238 -0.834805608 117 150 171 
-0.507504642 0.246574879 -0.803101063 131 171 194 
-0.49611491 0.188346356 -0.678955674 138 180 203 
-0.498846024 0.194585741 -0.622903824 143 186 209 
-0.51491487 0.193150222 -0.621918976 141 183 205 
-0.499153584 0.195507616 -0.619027376 145 188 210 
-0.46449697 0.0326687396 -0.400613964 160 202 227 
-0.466544956 0.0362239182 -0.34609738 169 211 234 
-0.497191787 0.0375611186 -0.342002243 166 209 233 
-0.465980768 0.0312876105 -0.317145795 167 212 236 
-0.501505613 0.200544029 -0.567012787 166 205 226 
-0.501967371 0.199352413 -0.532569766 165 208 227 
-0.466858596 0.0329644978 -0.295478433 163 210 236 
-0.46861732 0.0353832245 -0.241611838 164 212 238 
-0.501076877 0.0321349502 -0.239811987 166 211 236 
-0.504477382 0.20772925 -0.510419965 163 210 230 
-0.506849051 0.213433951 -0.464930028 184 230 242 
-0.511684299 0.231554985 -0.444309622 188 233 245 
-0.515549362 0.246419638 -0.432041377 188 233 246 
-0.518519282 0.258411527 -0.428948909 186 232 245 
-0.534952879 0.284556061 -0.412920743 177 224 240 
-0.527677 0.296371996 -0.430342108 178 225 241 
-0.534382701 0.261854231 -0.372975379 171 221 239 
-0.527526081 0.293801486 -0.40870747 179 226 241 
-0.522400379 0.269169688 -0.370312542 176 224 240 
-0.519616008 0.25373733 -0.326655954 176 224 240 
-0.517854691 0.242324799 -0.280700237 172 221 240 
-0.517497957 0.236431167 -0.231587976 174 223 245 
-0.517137766 0.234113261 -0.222367942 172 222 245 
-0.520094395 0.242141455 -0.175838739 170 222 246 
-0.519297123 0.234718353 -0.129954815 172 225 247 
-0.519205451 0.234156907 -0.127922371 171 225 247 
-0.420939922 0.100984722 -0.996527851 159 200 216 
-0.423508257 0.112527251 -1.00687706 157 194 211 
-0.412254423 0.0623655319 -0.966133118 165 200 221 
-0.406828165 0.0365524888 -0.928413808 170 211 229 
-0.406420112 0.0304575264 -0.879416704 179 221 235 
-0.423154652 0.0367165506 -0.874172926 168 210 228 
-0.40832451 0.0373610556 -0.868700922 171 214 230 
-0.433483601 0.151824951 -0.985591531 164 203 217 
-0.411420166 0.0456120074 -0.818265796 162 201 219 
-0.41283825 0.0496213138 -0.797713101 156 197 217 
-0.442454726 0.186151177 -0.955167174 164 203 216 
-0.417221993 0.0639170706 -0.755313039 139 183 205 
-0.442048818 0.0688513815 -0.749900639 138 180 203 
-0.418227047 0.066213578 -0.734688818 141 185 206 
-0.455667436 0.241929919 -0.968396783 122 162 185 
-0.464444667 0.241663486 -0.967577219 124 164 186 
-0.418157965 0.0631029606 -0.703295469 147 192 210 
-0.415526718 0.0482723415 -0.659294724 156 199 216 
-0.41394493 0.0375652611 -0.612935543 154 196 214 
-0.445520401 0.0406854451 -0.607768416 159 202 219 
-0.411352366 0.0228866339 -0.568847895 149 189 214 
-0.452812046 0.0160807371 -0.567994297 143 189 211 
-0.411577046 0.0232082903 -0.562107861 149 189 214 
-0.452496737 0.215995908 -0.825780332 136 179 200 
-0.46166876 0.215009689 -0.825308919 138 181 201 
-0.453134537 0.218851238 -0.828227997 133 176 198 
-0.446728677 0.188840002 -0.788829088 119 160 185 
-0.465468466 0.191250175 -0.785458744 115 155 181 
-0.44752273 0.191070378 -0.777159095 121 162 186 
-0.415313214 0.0339579582 -0.510032356 154 198 222 
-0.413932353 0.0247834027 -0.471477836 151 191 216 
-0.504001975 0.245957077 -0.803822041 132 171 195 
-0.466436863 0.274618834 -0.837218761 118 150 172 
-0.448917806 0.192949891 -0.733995259 129 168 191 
-0.447386473 0.182440907 -0.687522769 128 169 193 
-0.479303539 0.183415681 -0.68348521 134 176 199 
-0.448282301 0.184745818 -0.672007382 130 171 193 
-0.413851291 0.0237218738 -0.463403791 149 189 214 
-0.418648571 0.038079828 -0.40270853 146 183 211 
-0.420034051 0.0378825963 -0.402663559 147 184 212 
-0.418657213 0.0380887985 -0.402411401 146 183 211 
-0.477903098 0.32929951 -0.918425381 143 180 199 
-0.478209436 0.32601124 -0.867822945 132 166 186 
-0.468670398 0.284038156 -0.839346468 119 150 171 
-0.449490994 0.186218381 -0.632879019 134 175 198 
-0.45114392 0.188827306 -0.585984826 147 188 209 
-0.419905335 0.038526088 -0.349970102 155 200 227 
-0.421446025 0.0418097377 -0.315726042 162 209 236 
-0.452646136 0.194123954 -0.575874209 154 194 214 
-0.455655724 0.2014575 -0.51919663 171 215 233 
-0.462949395 0.201242298 -0.518512189 170 214 232 
-0.455789089 0.201738298 -0.51619333 171 215 233 
-0.423133075 0.0467168987 -0.292802155 162 210 238 
-0.422759801 0.0407583714 -0.243726969 161 210 239 
-0.460270375 0.21958968 -0.508825839 175 222 239 
-0.472173572 0.2402035 -0.496304184 178 229 244 
-0.466454029 0.244449541 -0.501182914 178 228 244 
-0.510791659 0.272050083 -0.474736422 175 225 242 
-0.478184044 0.29243356 -0.495865345 162 209 230 
-0.512563527 0.248781383 -0.43484202 188 234 246 
-0.516100049 0.311959058 -0.452443063 174 220 238 
-0.486896038 0.325476885 -0.463082612 165 213 232 
-0.488994539 0.332454205 -0.444272488 164 212 233 
-0.501902461 0.333749533 -0.389791876 166 220 240 
-0.492061585 0.34096396 -0.398026675 162 215 237 
-0.502975464 0.310649961 -0.349882305 172 224 242 
-0.479113251 0.280152619 -0.316737086 171 219 237 
-0.484275937 0.30242154 -0.327175081 173 222 239 
-0.476003289 0.263440996 -0.273812205 179 223 241 
-0.51383394 0.239502266 -0.230319947 175 223 244 
-0.476818591 0.26550442 -0.259311259 181 224 242 
-0.492579699 0.342049301 -0.386301368 164 218 239 
-0.489189655 0.324237168 -0.344005913 170 223 242 
-0.477261513 0.263892949 -0.221070528 178 223 243 
-0.505729198 0.259817958 -0.16780147 170 223 246 
-0.479740113 0.2698825 -0.173833892 167 221 245 
-0.481027931 0.27420041 -0.162691951 168 221 246 
-0.498447627 0.279934436 -0.105300948 172 224 248 
-0.485602438 0.288818836 -0.115118623 173 224 247 
-0.486195028 0.290011495 -0.101165555 173 224 247 
-0.375648439 0.108584195 -0.99737078 168 211 226 
-0.379710138 0.12669602 -1.01216102 158 199 213 
-0.367620319 0.0725477934 -0.965498805 171 213 229 
-0.360014677 0.0336450934 -0.935139537 172 215 231 
-0.358989835 0.0342061818 -0.935664535 172 215 231 
-0.360387921 0.0351462662 -0.881924391 190 229 241 
-0.358887851 0.0337013006 -0.934736371 172 215 231 
-0.362612605 0.0420558155 -0.856568873 171 212 228 
-0.388440937 0.159832597 -0.979549527 170 208 220 
-0.368250161 0.06154719 -0.814341068 162 203 221 
-0.369123429 0.0642024577 -0.803754926 159 200 219 
-0.397814423 0.19615078 -0.952786922 161 198 212 
-0.370436192 0.0656448901 -0.759514213 145 188 211 
-0.368462712 0.0533987284 -0.714035273 154 197 216 
-0.393543035 0.0577520132 -0.70891118 150 194 211 
-0.367292136 0.0450520217 -0.675025761 158 199 216 
-0.422902733 0.251718372 -0.966672421 123 160 183 
-0.411533892 0.253983319 -0.965573668 124 160 183 
-0.367310047 0.044377774 -0.666711688 159 200 216 
-0.367443174 0.0404091179 -0.616498411 154 195 215 
-0.391768932 0.0308558345 -0.566664696 148 187 215 
-0.369196564 0.0443949401 -0.580292463 151 192 216 
-0.411980122 0.255832404 -0.965634704 124 161 183 
-0.447077602 0.218541384 -0.824991107 134 177 199 
-0.415227324 0.203410715 -0.784364402 119 160 187 
-0.399355769 0.183768958 -0.744435787 138 180 204 
-0.400624394 0.184105426 -0.744113386 138 180 204 
-0.400537699 0.189462543 -0.753441155 134 175 201 
-0.399421781 0.183938235 -0.743285894 138 179 204 
-0.369065225 0.042290628 -0.562939107 146 186 214 
-0.370637178 0.0439754725 -0.509492278 144 184 212 
-0.371699035 0.0466985106 -0.491001517 144 185 213 
-0.410379589 0.23606804 -0.819489479 130 168 193 
-0.422546059 0.288328737 -0.841659069 143 179 194 
-0.404367805 0.207954466 -0.783086002 121 161 189 
-0.402776271 0.192717165 -0.686834693 139 181 204 
-0.401663333 0.184950233 -0.651620865 143 183 204 
-0.374635339 0.055193454 -0.450592935 148 188 213 
-0.417128384 0.0385859013 -0.402600259 146 183 211 
-0.374933094 0.052623868 -0.408368558 139 183 211 
-0.435673654 0.34893024 -0.912386954 166 204 219 
-0.458468556 0.343851656 -0.860287249 144 180 199 
-0.438906103 0.35923329 -0.878475726 163 200 215 
-0.423332602 0.291455448 -0.840293586 141 178 193 
-0.433155745 0.330766499 -0.826145887 128 167 188 
-0.401596934 0.183591396 -0.639571011 142 181 202 
-0.406602859 0.19931826 -0.584507763 150 194 215 
-0.375397623 0.0536968708 -0.398965746 138 183 212 
-0.376820683 0.0547965467 -0.345853597 156 203 231 
-0.37766993 0.0560875237 -0.321210206 159 207 235 
-0.43961972 0.359943599 -0.853604674 149 187 206 
-0.407419533 0.201978058 -0.576571465 154 198 218 
-0.408422589 0.201427639 -0.524403155 161 206 226 
-0.409975171 0.205927864 -0.503132582 163 206 226 
-0.378866017 0.0583413839 -0.291342944 158 207 236 
-0.378281921 0.0515545011 -0.242741525 164 213 241 
-0.417132586 0.235651433 -0.504828691 178 225 240 
-0.422938466 0.260017157 -0.50903815 182 230 242 
-0.434068024 0.305028558 -0.498256147 168 218 235 
-0.442626208 0.337310553 -0.464073867 158 207 227 
-0.445121288 0.345626146 -0.441928208 157 206 226 
-0.447016388 0.348959178 -0.391961783 160 213 236 
-0.450402766 0.300534993 -0.308804214 182 226 241 
-0.43043983 0.269971669 -0.275266439 161 215 237 
-0.437063038 0.299685717 -0.301383585 181 227 242 
-0.430645823 0.267917722 -0.242985249 161 215 237 
-0.447345674 0.349874407 -0.387015253 161 214 237 
-0.44903627 0.35202536 -0.333301812 166 220 241 
-0.446218818 0.336463034 -0.289719552 168 220 239 
-0.431337506 0.269007027 -0.223334968 161 214 237 
-0.435397089 0.281353742 -0.174158901 157 213 240 
-0.436854511 0.286192834 -0.161022276 159 214 241 
-0.441030294 0.299155831 -0.113358609 163 217 244 
-0.442454129 0.303703338 -0.0985238999 162 217 244 
-0.328745693 0.109852403 -1.00183487 168 213 229 
-0.335022718 0.136462361 -1.00935185 163 204 218 
-0.319143385 0.0676306486 -0.973500669 173 214 231 
-0.318448126 0.0644956231 -0.970582485 173 215 231 
-0.314448506 0.0401996672 -0.88422358 184 222 237 
-0.312848985 0.0367774665 -0.919628978 188 225 240 
-0.317149669 0.0479829013 -0.846702218 164 206 223 
-0.344460964 0.173101097 -0.983178377 176 213 221 
-0.318481803 0.0515556633 -0.825245261 160 203 220 
-0.32284528 0.0660939217 -0.786469698 157 200 221 
-0.353263676 0.206593603 -0.951221466 152 191 209 
-0.324450225 0.0705153644 -0.761918008 152 197 219 
-0.322141171 0.0569506884 -0.717193246 166 209 224 
-0.322614342 0.0548660159 -0.672304273 167 209 223 
-0.366845429 0.263744324 -0.962754786 133 169 190 
-0.322921753 0.0555259287 -0.66552496 165 206 221 
-0.325057864 0.0594275296 -0.61081022 144 184 208 
-0.326169968 0.0623831451 -0.592597425 138 179 205 
-0.395642757 0.29951036 -0.943669677 125 161 183 
-0.374354333 0.290831983 -0.919023871 135 171 188 
-0.396509945 0.1851013 -0.74402374 138 180 204 
-0.330221534 0.0752250254 -0.549291611 140 183 208 
-0.327242941 0.0590295494 -0.506071508 135 177 204 
-0.327903807 0.0608814955 -0.496311486 134 176 204 
-0.388978481 0.342317224 -0.921115518 131 165 181 
-0.386791676 0.342317522 -0.920143008 130 163 179 
-0.365687311 0.246021718 -0.818985879 136 176 199 
-0.377513438 0.296386272 -0.835708737 132 163 179 
-0.360134304 0.219710737 -0.781551361 137 173 196 
-0.358595848 0.209174037 -0.735094726 135 178 204 
-0.351911813 0.178418845 -0.700202107 126 163 187 
-0.35517028 0.186730415 -0.642965078 159 198 215 
-0.379308105 0.184779048 -0.641374171 150 190 209 
-0.355621248 0.188010275 -0.636483788 159 198 215 
-0.332213074 0.0740666091 -0.444987804 123 166 198 
-0.3316378 0.0692817867 -0.41822809 123 167 198 
-0.396518052 0.380382627 -0.896591663 149 195 215 
-0.419729054 0.330388457 -0.81951046 124 162 184 
-0.38721621 0.334334403 -0.811942339 125 161 182 
-0.356873721 0.188931793 -0.589222848 166 204 217 
-0.40020588 0.198074907 -0.579487443 155 198 218 
-0.357596964 0.187706143 -0.542399168 143 187 207 
-0.332421958 0.0703956485 -0.394604295 125 170 202 
-0.334979504 0.0759530067 -0.338942558 140 189 218 
-0.335057884 0.0761279166 -0.337287724 140 189 218 
-0.396261752 0.375139952 -0.850102484 149 186 204 
-0.389556736 0.344302505 -0.815256953 126 163 184 
-0.358193249 0.189624816 -0.536343277 142 187 208 
-0.364121705 0.209921882 -0.489712387 156 198 220 
-0.335560828 0.0737454295 -0.287721992 152 203 232 
-0.333661646 0.0617911518 -0.242076099 157 207 237 
-0.372538477 0.245990813 -0.504104495 169 215 232 
-0.378956318 0.273274839 -0.512647092 176 224 240 
-0.389515102 0.315460801 -0.49667114 182 231 243 
-0.398144454 0.34809497 -0.463136286 157 209 230 
-0.400808722 0.357071817 -0.440571249 156 208 231 
-0.403400213 0.364028513 -0.398901075 155 207 231 
-0.387077838 0.285152435 -0.271773189 172 221 238 
-0.389771342 0.296559632 -0.274874687 172 222 239 
-0.387272954 0.284191608 -0.252138853 167 219 237 
-0.40542236 0.370708078 -0.38028878 153 206 230 
-0.419379085 0.372077763 -0.32565248 160 214 238 
-0.408373505 0.378563762 -0.332095414 158 211 236 
-0.446498066 0.342673957 -0.286310196 166 218 238 
-0.391692132 0.303283125 -0.261403263 173 223 239 
-0.411104113 0.328400999 -0.245606303 179 227 242 
-0.387361109 0.281773567 -0.221222579 165 218 237 
-0.397113025 0.322819352 -0.229621857 178 227 243 
-0.390148044 0.288339674 -0.166238666 158 213 235 
-0.408520132 0.378388226 -0.323412895 159 213 237 
-0.411160856 0.384272516 -0.267564178 159 214 238 
-0.415287584 0.368582249 -0.223288476 164 218 238 
-0.410963237 0.381299347 -0.243598729 161 215 238 
-0.405938029 0.356422424 -0.197868079 165 219 239 
-0.390214533 0.288493603 -0.164895833 157 212 234 
-0.3966766 0.310574263 -0.113586523 161 212 238 
-0.410088807 0.37556839 -0.220059395 163 217 237 
-0.399307251 0.319729418 -0.0945471823 160 211 239 
-0.281531453 0.09832111 -1.01329601 175 218 237 
-0.278962851 0.100014895 -1.01511455 175 218 237 
-0.290425181 0.14667359 -1.00736058 168 208 220 
-0.312886715 0.0678919554 -0.974045992 175 217 233 
-0.267103672 0.0397308767 -0.889681101 178 220 237 
-0.266540736 0.0385199785 -0.902069807 180 223 238 
-0.272669852 0.0587770343 -0.845782518 165 210 228 
-0.299122572 0.179644763 -0.974445105 185 223 230 
-0.273757875 0.0613850057 -0.82481277 162 206 225 
-0.273557156 0.0561045706 -0.775349796 161 205 223 
-0.290038168 0.0644506514 -0.768998563 161 202 221 
-0.275167227 0.0610553324 -0.75644505 166 205 222 
-0.310097545 0.223890901 -0.962256312 159 200 219 
-0.275948942 0.0610107183 -0.720060527 166 205 221 
-0.276264936 0.0577605069 -0.669436336 155 195 215 
-0.309405267 0.0552771986 -0.667145491 163 204 220 
-0.276960433 0.0598478019 -0.660699844 154 194 214 
-0.320207179 0.263853282 -0.942192793 147 179 197 
-0.281214297 0.0727160275 -0.608399272 126 164 191 
-0.282031208 0.0748654902 -0.59478116 124 161 189 
-0.329596937 0.303249985 -0.948892891 116 148 170 
-0.350175411 0.310515434 -0.942679286 110 143 166 
-0.318760067 0.247193724 -0.823504984 157 195 212 
-0.324985027 0.248093069 -0.822331727 156 194 211 
-0.320123971 0.253356606 -0.829371452 155 193 209 
-0.314456493 0.225792021 -0.78326261 134 171 196 
-0.321026653 0.226211339 -0.782312572 135 172 197 
-0.314419448 0.225116745 -0.777458787 136 174 199 
-0.287018299 0.091029644 -0.545441568 138 174 199 
-0.30914551 0.0692082644 -0.502523065 133 173 198 
-0.286960125 0.0891810954 -0.527571619 136 173 197 
-0.376876622 0.345246404 -0.920851946 131 165 182 
-0.331609964 0.300132573 -0.821833193 131 172 193 
-0.311833322 0.210993141 -0.739243746 147 191 212 
-0.306469917 0.185427159 -0.701383114 162 201 217 
-0.325020581 0.197918952 -0.640191674 169 207 223 
-0.312126994 0.203683287 -0.6445328 171 210 225 
-0.289306492 0.0955286622 -0.490385145 131 167 192 
-0.28925404 0.0908307433 -0.440588951 115 154 183 
-0.289312661 0.0907424986 -0.4369165 115 154 184 
-0.393663734 0.382377058 -0.898808599 149 194 214 
-0.342817456 0.345529675 -0.811760068 135 170 190 
-0.311957985 0.20249933 -0.63913548 173 211 225 
-0.308769107 0.185477644 -0.596387863 152 191 212 
-0.310932159 0.189485073 -0.541612685 137 175 196 
-0.340766788 0.189621896 -0.538259804 140 182 202 
-0.312013149 0.193035036 -0.531432867 137 174 194 
-0.292562127 0.0993371606 -0.383240521 129 169 198 
-0.33115083 0.077750206 -0.338385612 138 187 216 
-0.293159842 0.0997028053 -0.359862566 126 167 197 
-0.357663542 0.413530827 -0.885817289 152 188 207 
-0.353556693 0.392901987 -0.845132887 139 178 199 
-0.345196038 0.355559081 -0.814008176 135 170 190 
-0.318750739 0.216304258 -0.480682671 177 217 227 
-0.293331057 0.097866714 -0.331598341 129 172 203 
-0.290707797 0.0830674767 -0.287579685 133 181 214 
-0.289563477 0.0740793943 -0.240237266 147 200 233 
-0.336827576 0.295726418 -0.533330619 185 234 250 
-0.336949766 0.295773327 -0.533291698 185 234 250 
-0.336851865 0.295827985 -0.533343673 185 234 250 
-0.32641679 0.250327945 -0.506813347 179 225 234 
-0.336916715 0.296076715 -0.533130288 185 234 250 
-0.34571591 0.329624176 -0.501945078 182 233 246 
-0.35315901 0.356386065 -0.457615286 172 223 243 
-0.355478764 0.364519954 -0.441500753 169 221 240 
-0.359522939 0.377805501 -0.403464675 159 212 235 
-0.38069582 0.294567257 -0.267352939 170 221 239 
-0.364069134 0.393781751 -0.372281164 160 213 237 
-0.365738124 0.398488462 -0.347960234 161 215 238 
-0.357380807 0.318564534 -0.204503149 173 225 243 
-0.366566718 0.399103582 -0.316754133 160 213 238 
-0.369860619 0.402417362 -0.262231946 156 211 238 
-0.368653119 0.402834296 -0.262423575 156 210 238 
-0.399553418 0.349550784 -0.183012784 167 220 240 
-0.347567528 0.306483746 -0.159795746 172 222 238 
-0.356503963 0.342690736 -0.151863128 180 232 247 
-0.351583093 0.318330228 -0.107081808 165 216 235 
-0.368659437 0.402834684 -0.262136906 156 210 238 
-0.369369179 0.40113163 -0.210627824 158 212 237 
-0.374322444 0.396851599 -0.160054252 164 220 242 
-0.37034902 0.401144952 -0.165792659 163 219 241 
-0.364058614 0.371281385 -0.122734442 163 220 241 
-0.368108213 0.375515878 -0.119985931 160 217 239 
-0.353451371 0.325111061 -0.0966585875 161 213 235 
-0.364218295 0.370795161 -0.11000137 159 216 240 
-0.370267391 0.400168985 -0.158695251 165 220 242 
-0.365618646 0.377411127 -0.119228519 160 218 240 
-0.234338403 0.110092789 -1.01287806 174 221 238 
-0.2451033 0.153298914 -0.998777509 168 210 222 
-0.248663396 0.0377571285 -0.892781198 180 225 241 
-0.224022076 0.0515213907 -0.835643768 162 210 228 
-0.250112295 0.0557604134 -0.8304708 163 209 228 
-0.220479235 0.0414838195 -0.886755943 180 227 242 
-0.225056767 0.0540598035 -0.816348612 159 207 227 
-0.254319847 0.18884021 -0.970586598 164 200 216 
-0.227386713 0.0602500141 -0.778168201 156 201 221 
-0.227191925 0.0549929142 -0.728691936 154 197 216 
-0.232446387 0.0555505753 -0.727811098 156 199 217 
-0.227422222 0.0556851923 -0.725810945 154 197 216 
-0.26132226 0.216050595 -0.951473296 144 180 197 
-0.26593399 0.225677937 -0.945729375 138 173 191 
-0.263796896 0.225670964 -0.944766223 137 173 190 
-0.231904745 0.0690189898 -0.668186426 135 175 200 
-0.232328981 0.069890976 -0.658399701 132 172 197 
-0.264765233 0.229578882 -0.943735719 138 173 191 
-0.275629133 0.274160892 -0.940378726 144 180 197 
-0.236223385 0.0814961493 -0.60856688 123 162 189 
-0.237365797 0.0847406685 -0.592172086 126 164 190 
-0.307401419 0.320868582 -0.941747606 111 145 168 
-0.286913693 0.319939673 -0.931007147 123 158 178 
-0.296613425 0.254960239 -0.821713746 160 198 213 
-0.262876928 0.208683789 -0.798237264 128 167 193 
-0.274663627 0.259296328 -0.819527984 160 198 213 
-0.268166006 0.227130309 -0.760397971 140 178 203 
-0.240669504 0.0944743454 -0.548660815 134 169 192 
-0.242005035 0.0976221561 -0.522326291 132 168 191 
-0.28979969 0.332437396 -0.93738848 118 153 174 
-0.275397211 0.262370944 -0.820013762 159 197 212 
-0.288669348 0.318546146 -0.834920049 134 170 190 
-0.269822001 0.231480956 -0.73271513 151 186 210 
-0.266306579 0.213176087 -0.690701485 176 221 237 
-0.261287123 0.188961595 -0.6520679 163 205 223 
-0.307107061 0.202254802 -0.639801502 174 212 226 
-0.261002004 0.18334952 -0.602794528 149 196 217 
-0.281224132 0.185679764 -0.599304795 153 197 218 
-0.261053145 0.181833863 -0.58360517 143 188 210 
-0.245755941 0.109968394 -0.487315744 120 157 182 
-0.281693071 0.0942069292 -0.439583212 115 153 183 
-0.247113153 0.112824827 -0.456747621 115 152 179 
-0.294446677 0.341712922 -0.827117026 126 164 186 
-0.309522718 0.357063144 -0.817110002 122 160 182 
-0.299406797 0.361616433 -0.820569634 120 159 182 
-0.262947381 0.186501592 -0.548508584 133 175 196 
-0.266085923 0.196663618 -0.517340899 141 177 196 
-0.24684526 0.109756798 -0.4349536 119 157 183 
-0.247807354 0.109045267 -0.38287738 124 162 191 
-0.248436362 0.109290481 -0.356725067 127 164 193 
-0.315466702 0.433289617 -0.879705608 147 183 205 
-0.309023023 0.403478891 -0.844272852 138 175 196 
-0.277949721 0.245309845 -0.513240635 193 235 239 
-0.248337016 0.106634676 -0.331772953 133 171 200 
-0.247315019 0.0981271267 -0.284155726 140 183 214 
-0.245077431 0.0848432481 -0.2392703 139 186 220 
-0.288244337 0.290391505 -0.541571438 180 230 245 
-0.293765813 0.313521564 -0.545107067 181 232 246 
-0.278209984 0.246472061 -0.514208198 193 235 239 
-0.301463604 0.342333317 -0.511863053 185 237 250 
-0.302000672 0.344203055 -0.507982731 185 237 250 
-0.308757782 0.36756897 -0.457410276 173 223 243 
-0.310693562 0.374108315 -0.441206098 172 222 243 
-0.314667761 0.386741281 -0.399128765 176 225 245 
-0.319143236 0.402817518 -0.372302562 165 215 238 
-0.321573436 0.410842597 -0.349908203 161 211 235 
-0.32386905 0.416894495 -0.311767995 163 211 237 
-0.326135337 0.423341095 -0.279358417 156 206 234 
-0.34525016 0.339854658 -0.141897008 181 232 247 
-0.326737374 0.423673093 -0.255407751 161 211 237 
-0.32790032 0.423750818 -0.202880144 156 209 238 
-0.328166634 0.423312187 -0.18577984 156 211 240 
-0.352341592 0.356492251 -0.0797095448 159 213 240 
-0.32782957 0.418980986 -0.153125107 160 216 242 
-0.329464674 0.420913905 -0.0995363668 162 218 246 
-0.330548674 0.402960926 -0.0568258986 167 224 247 
-0.328190804 0.413347155 -0.0739358887 165 222 247 
-0.221912205 0.112751514 -1.01199746 177 222 238 
-0.192309096 0.130441338 -1.00562739 180 223 233 
-0.200043261 0.16122058 -0.992577314 170 211 221 
-0.189641804 0.119813681 -1.00998545 183 226 237 
-0.175853863 0.04781726 -0.842951834 167 213 229 
-0.174630463 0.0455009639 -0.873378217 176 221 235 
-0.179443493 0.0592428148 -0.805114031 162 207 227 
-0.203123599 0.172934264 -0.981323361 162 201 215 
-0.23903738 0.190994233 -0.967552483 158 194 211 
-0.208881661 0.194889843 -0.960945249 147 183 202 
-0.181237727 0.0644799769 -0.780938387 162 206 226 
-0.179555193 0.0533771515 -0.734805524 156 201 221 
-0.180828467 0.0560142696 -0.705653608 150 194 216 
-0.21333681 0.213064581 -0.958370626 144 179 197 
-0.259414434 0.227255911 -0.945587397 138 173 190 
-0.220647648 0.243051857 -0.95595479 145 179 196 
-0.182681963 0.0611712635 -0.677864432 145 188 210 
-0.186068445 0.0718697011 -0.64127481 139 180 202 
-0.228902414 0.274225742 -0.923389196 122 156 176 
-0.230789453 0.275378257 -0.92255491 121 156 176 
-0.229178995 0.275200933 -0.92152822 121 156 176 
-0.188352644 0.0789609253 -0.615206361 135 175 199 
-0.191091597 0.0866517127 -0.5749228 137 177 199 
-0.22954385 0.276746124 -0.921947718 121 156 176 
-0.243419051 0.335610718 -0.939052582 139 172 189 
-0.229309097 0.271331906 -0.872561216 140 173 188 
-0.264027923 0.285687178 -0.860936999 143 178 194 
-0.237241566 0.305029482 -0.882835805 139 175 192 
-0.223183036 0.242769212 -0.836414576 147 186 206 
-0.271525919 0.261032492 -0.82116729 159 198 212 
-0.21879594 0.221039414 -0.796359897 147 191 210 
-0.21967572 0.220004439 -0.744468629 134 174 199 
-0.230020434 0.225398928 -0.740397334 136 175 200 
-0.216147602 0.201649755 -0.702483535 148 195 216 
-0.226819173 0.203333944 -0.70039463 155 202 222 
-0.2164547 0.2021254 -0.693669736 149 196 216 
-0.192232519 0.0897141099 -0.556572914 133 172 196 
-0.196195498 0.101833522 -0.509305656 123 166 191 
-0.243745118 0.337038279 -0.939946473 139 171 189 
-0.280326158 0.322936118 -0.838883042 134 170 189 
-0.246748239 0.342006892 -0.857285082 127 163 184 
-0.21779196 0.203619093 -0.648873925 156 199 217 
-0.215022802 0.188246578 -0.605183125 161 204 222 
-0.215214163 0.185899407 -0.570316494 147 191 211 
-0.197811335 0.107142895 -0.494121283 122 164 188 
-0.197543547 0.101598829 -0.444809049 118 160 186 
-0.225632906 0.107775897 -0.438362092 117 156 183 
-0.19652383 0.0933741331 -0.400229573 115 155 183 
-0.258155555 0.388393313 -0.849030614 130 167 187 
-0.218722478 0.198291719 -0.546954632 153 197 216 
-0.222638905 0.212570399 -0.525819659 168 212 227 
-0.196518749 0.0930803716 -0.397198051 116 155 184 
-0.202446759 0.112610489 -0.342065811 133 172 200 
-0.267584145 0.430707842 -0.886371732 132 170 191 
-0.260562688 0.398626983 -0.852237344 132 169 189 
-0.225736201 0.225850374 -0.531192362 173 217 232 
-0.277083695 0.246229798 -0.514463723 194 235 239 
-0.23710607 0.274104476 -0.545410812 179 228 242 
-0.202609628 0.112521142 -0.333595604 133 173 202 
-0.200687185 0.10047555 -0.288001984 139 179 209 
-0.199307472 0.0905625224 -0.241188586 142 185 216 
-0.241295561 0.291478872 -0.546139002 180 230 245 
-0.248587728 0.320858896 -0.537832856 180 232 248 
-0.254064202 0.341650128 -0.517443299 180 232 248 
-0.256949276 0.352167547 -0.501861393 178 229 245 
-0.264175117 0.377853781 -0.455554307 171 221 241 
-0.265748262 0.383067936 -0.441271067 172 222 242 
-0.270083398 0.397017658 -0.397257328 172 222 242 
-0.272654146 0.405711055 -0.375837058 171 221 244 
-0.27569598 0.414717734 -0.336269468 174 223 244 
-0.277016699 0.41836071 -0.316118866 177 226 245 
-0.280787706 0.429839075 -0.270541221 170 219 243 
-0.281518579 0.431558013 -0.256087422 166 215 241 
-0.306400239 0.436131537 -0.198507756 156 209 241 
-0.285603791 0.443596095 -0.202304929 158 210 243 
-0.286111027 0.445111066 -0.195852518 158 210 243 
-0.284569323 0.43456158 -0.149403155 157 213 242 
-0.318543077 0.428706646 -0.0964973569 161 218 246 
-0.287197173 0.441399217 -0.104741022 160 217 245 
-0.184325531 0.121849149 -1.01117873 182 225 236 
-0.145771593 0.133625597 -1.01461327 171 216 230 
-0.15540193 0.171215177 -0.990187883 166 207 218 
-0.129025489 0.0493778288 -0.847248733 179 223 235 
-0.131319344 0.0620805919 -0.883093834 177 222 238 
-0.130966544 0.0525129139 -0.792972445 161 206 225 
-0.152391315 0.0565732419 -0.788409352 160 205 226 
-0.128719002 0.0391898751 -0.74810946 152 200 220 
-0.129360065 0.0393080115 -0.747974753 152 200 220 
-0.128743559 0.0392445624 -0.747589529 152 200 220 
-0.156919166 0.176946372 -0.984218061 164 204 215 
-0.163934827 0.203372091 -0.955775559 147 180 198 
-0.131562233 0.0458699167 -0.691805601 149 194 213 
-0.156747103 0.0510332286 -0.686229348 147 192 213 
-0.132846102 0.0494692624 -0.672859788 149 194 213 
-0.182756051 0.245810539 -0.943917632 143 178 193 
-0.174652249 0.246343225 -0.941242993 145 180 194 
-0.136516348 0.0608440936 -0.630757928 149 192 214 
-0.161489218 0.0682394207 -0.623990715 141 183 206 
-0.138071835 0.0652541518 -0.60835135 149 193 214 
-0.181756824 0.271429181 -0.893832386 140 174 188 
-0.171577498 0.22106725 -0.801533401 151 187 207 
-0.171864495 0.221121162 -0.801472545 151 187 207 
-0.171636984 0.221331537 -0.801739097 151 187 207 
-0.166646585 0.197200626 -0.762700856 122 162 189 
-0.17145291 0.198380947 -0.761530638 123 163 189 
-0.166684806 0.196816057 -0.756672919 124 164 190 
-0.141851157 0.077314049 -0.56885463 142 189 212 
-0.170006946 0.0845317841 -0.561834335 138 181 204 
-0.143079013 0.079957068 -0.541853905 143 191 214 
-0.198711962 0.324336261 -0.899447203 128 162 181 
-0.181558445 0.269268543 -0.878930807 146 179 193 
-0.178634107 0.253286242 -0.835588753 146 187 206 
-0.16899164 0.201923102 -0.707516611 150 189 210 
-0.167584971 0.191904157 -0.6607638 144 191 208 
-0.173636541 0.193366617 -0.659303308 143 190 208 
-0.167791158 0.19220826 -0.654677033 142 190 207 
-0.149543941 0.103049129 -0.501652181 143 190 214 
-0.158131689 0.105760127 -0.499233752 140 186 210 
-0.149859473 0.103438616 -0.49149397 141 189 213 
-0.206517249 0.376321614 -0.922667623 122 157 176 
-0.22322005 0.35959807 -0.87757206 127 164 184 
-0.208620489 0.384246498 -0.914170742 121 155 175 
-0.168209359 0.189865738 -0.609446526 142 189 208 
-0.170911491 0.197570503 -0.571008861 138 184 204 
-0.149043962 0.0965927243 -0.452861756 136 182 209 
-0.150003374 0.0958707333 -0.400791556 141 182 209 
-0.192341924 0.0929939449 -0.397704035 118 157 186 
-0.150812954 0.098074019 -0.388106942 143 183 210 
-0.20926702 0.387126148 -0.916487932 121 156 176 
-0.240252092 0.419509292 -0.895467043 140 179 199 
-0.249253958 0.3944906 -0.855730176 129 166 186 
-0.177496463 0.221865296 -0.538661063 169 215 230 
-0.178585708 0.225476474 -0.528782248 176 223 236 
-0.152336225 0.100545257 -0.345634729 138 179 209 
-0.194562152 0.110810548 -0.335410476 134 173 202 
-0.152881444 0.09822914 -0.294866651 137 177 208 
-0.191840604 0.282718837 -0.556338787 181 231 246 
-0.217756927 0.283429265 -0.55310446 180 230 245 
-0.194544852 0.29439643 -0.561950684 181 231 247 
-0.180711716 0.234498858 -0.531435251 178 226 239 
-0.152888656 0.0982241333 -0.294479162 137 177 208 
-0.150435433 0.0840929449 -0.25007835 140 180 211 
-0.204332516 0.332764953 -0.538957119 165 213 235 
-0.210296586 0.355237126 -0.514861643 174 221 242 
-0.212338924 0.362315416 -0.499753684 176 224 244 
-0.216081053 0.373473912 -0.451947868 169 219 240 
-0.236884296 0.379541337 -0.446361274 172 221 242 
-0.217514887 0.37785396 -0.43479234 170 218 239 
-0.225294739 0.406282872 -0.393527001 171 220 239 
-0.226848155 0.411288798 -0.377836317 173 221 241 
-0.230877876 0.423837066 -0.332271039 173 221 243 
-0.232345834 0.428398728 -0.315567046 170 218 241 
-0.233676568 0.42913571 -0.262662321 176 225 246 
-0.250045478 0.431417823 -0.259622157 173 222 245 
-0.234365657 0.431018382 -0.251946777 177 226 247 
-0.237843841 0.441018134 -0.203382939 163 217 245 
-0.268819809 0.445227623 -0.197689176 157 211 244 
-0.239299864 0.445360154 -0.184785455 156 212 244 
-0.240269035 0.446055532 -0.148018628 155 211 242 
-0.242597982 0.451602399 -0.102734953 155 211 244 
-0.107922763 0.169988066 -0.993387341 162 202 215 
-0.133742303 0.175286323 -0.987667918 165 205 217 
-0.101509094 0.145495355 -1.0156709 164 206 217 
-0.110432491 0.179585308 -0.9848122 162 201 215 
-0.0833981782 0.0556575358 -0.848846495 186 229 238 
-0.0833880231 0.0557881594 -0.850764275 186 229 238 
-0.0838858113 0.0530817211 -0.797836542 166 209 224 
-0.0837166756 0.0479252934 -0.748302639 160 203 220 
-0.0825694799 0.0416512191 -0.731251359 161 205 221 
-0.119305953 0.21342811 -0.953499079 145 181 199 
-0.0813480914 0.0341267884 -0.703711569 163 207 223 
-0.0841578096 0.0406750143 -0.64748311 155 198 219 
-0.093208611 0.0435724556 -0.644912362 152 196 217 
-0.0847778618 0.042498976 -0.639284194 153 196 218 
-0.129860818 0.255594581 -0.937487245 146 177 193 
-0.0897112265 0.058003962 -0.585088611 157 201 224 
-0.0989713743 0.0605316162 -0.582696021 156 201 223 
-0.0902979448 0.05974105 -0.577454448 157 202 224 
-0.131182417 0.256889313 -0.891200662 141 176 193 
-0.174497768 0.266163468 -0.881395817 145 178 192 
-0.127370745 0.23742047 -0.849852741 140 180 200 
-0.158617973 0.24716723 -0.841116905 139 181 202 
-0.122606046 0.214206964 -0.810646653 129 169 193 
-0.116922602 0.187383443 -0.77350527 128 167 194 
-0.115723029 0.178178221 -0.726287127 138 178 202 
-0.137787193 0.183689684 -0.720864356 140 177 202 
-0.117012277 0.181903869 -0.708497941 139 179 203 
-0.0949685872 0.0741696954 -0.523359358 155 207 232 
-0.110154293 0.0761788785 -0.520597696 154 204 229 
-0.0950592458 0.0732267797 -0.508719504 159 210 235 
-0.119347543 0.187928051 -0.668227434 151 195 216 
-0.121011697 0.191617996 -0.632829666 145 191 215 
-0.0963388681 0.0750620365 -0.470365793 165 217 237 
-0.133365273 0.0889148116 -0.458761334 146 194 220 
-0.0966923982 0.0719593763 -0.41965723 158 210 235 
-0.101831228 0.0737076104 -0.418141514 156 207 232 
-0.0970328003 0.0729119778 -0.414615273 157 209 234 
-0.207329556 0.386284113 -0.917158902 121 156 176 
-0.122989431 0.197746068 -0.61012876 148 196 218 
-0.125733554 0.20490846 -0.563735783 139 187 209 
-0.102729797 0.0911900103 -0.356174976 141 185 216 
-0.103940219 0.091551125 -0.355845541 141 185 216 
-0.102789715 0.0913264751 -0.354940802 141 185 216 
-0.172989219 0.230231315 -0.534605324 175 223 237 
-0.137151763 0.251348853 -0.555580556 175 221 235 
-0.103439435 0.0894865692 -0.304666102 137 182 214 
-0.152542934 0.0981411934 -0.29456225 137 177 208 
-0.101448625 0.077172339 -0.259226114 143 186 217 
-0.129160792 0.08096084 -0.254119992 141 183 214 
-0.171121165 0.294717133 -0.552088618 182 233 249 
-0.148197472 0.295945168 -0.544035435 179 232 248 
-0.151788414 0.310904622 -0.545407295 176 228 246 
-0.159944281 0.34401229 -0.538870573 164 215 234 
-0.165144011 0.363382101 -0.515392542 169 218 239 
-0.167507961 0.37137109 -0.495638132 168 216 238 
-0.169949695 0.377773046 -0.454678416 160 209 233 
-0.171940684 0.383230209 -0.423913091 164 210 232 
-0.177326292 0.402265757 -0.388186544 168 216 238 
-0.193620786 0.408367008 -0.383076996 171 220 241 
-0.178941131 0.407800764 -0.375555038 168 217 240 
-0.186194777 0.433624685 -0.329501063 177 223 246 
-0.187692046 0.438503593 -0.31497696 175 222 245 
-0.187804848 0.434454978 -0.2648094 171 222 244 
-0.18916887 0.438262999 -0.244502068 175 225 246 
-0.190858722 0.44196263 -0.208032221 170 221 245 
-0.193372324 0.448987186 -0.170690656 164 220 247 
-0.194765657 0.452822149 -0.149337888 165 220 246 
-0.195949942 0.452983737 -0.0967622846 161 218 249 
-0.214716971 0.453837037 -0.0942358524 159 215 248 
-0.196369737 0.453740984 -0.0859039798 160 217 249 
-0.0629680306 0.178910524 -0.993473589 157 195 210 
-0.0575787053 0.159009308 -1.01975095 171 211 221 
-0.0655257106 0.188265681 -0.980006814 157 195 211 
-0.0808139145 0.0555441082 -0.849192142 186 229 238 
-0.0374721512 0.0562716424 -0.801201582 164 208 223 
-0.0367117189 0.055708617 -0.8298558 175 218 231 
-0.0377080701 0.0527068973 -0.750757217 163 205 220 
-0.0354433358 0.0393448174 -0.706249177 163 204 219 
-0.075845778 0.229269803 -0.961858153 145 181 196 
-0.0354353525 0.0392849743 -0.705950797 163 204 219 
-0.0366423838 0.0395359099 -0.653324127 161 205 223 
-0.038154684 0.0426824391 -0.618859172 160 205 224 
-0.0779195428 0.237658828 -0.959872246 143 177 193 
-0.116067715 0.261952013 -0.942465067 142 173 190 
-0.087601468 0.277380854 -0.956774056 147 178 194 
-0.0391604677 0.0449382663 -0.597751021 162 208 227 
-0.0437801108 0.0604459941 -0.557988048 160 207 231 
-0.0908106714 0.288311303 -0.930901289 133 164 181 
-0.0865039453 0.266897321 -0.890666008 141 173 189 
-0.0815262571 0.242846876 -0.851938546 145 182 199 
-0.07488098 0.212244123 -0.816958785 129 172 198 
-0.0730114281 0.200406343 -0.771246254 151 188 209 
-0.0949016511 0.194069833 -0.719930232 126 167 196 
-0.0754228681 0.207006693 -0.733881474 132 173 200 
-0.0453283936 0.0646817982 -0.533975482 158 207 232 
-0.0449756049 0.058803767 -0.484854251 162 212 238 
-0.0672102123 0.0637333393 -0.479729325 166 216 238 
-0.0452343524 0.0575603545 -0.459157974 163 213 240 
-0.0767091364 0.21044375 -0.713022113 127 171 200 
-0.0754544735 0.201022059 -0.665927708 137 181 209 
-0.0773603916 0.206513539 -0.639449477 146 192 216 
-0.0460696705 0.0586108267 -0.432481438 162 211 240 
-0.0475230478 0.0598297119 -0.379301101 156 203 235 
-0.0547780655 0.062256664 -0.377183646 155 202 234 
-0.0478806905 0.0605761409 -0.371176332 155 203 235 
-0.0799991786 0.214387521 -0.605800092 149 197 222 
-0.0823157132 0.220959753 -0.572480142 146 192 221 
-0.0508339293 0.0683471859 -0.321946323 151 198 233 
-0.0711555928 0.0766465962 -0.315198451 151 197 229 
-0.0517423898 0.0696084797 -0.29425481 149 195 228 
-0.094368428 0.270847976 -0.573507309 153 203 229 
-0.0960063338 0.271704316 -0.572861493 154 204 229 
-0.0948023647 0.272689402 -0.574048042 154 204 229 
-0.0528031178 0.0715928078 -0.267606795 141 186 219 
-0.132939309 0.303958833 -0.551256955 177 229 246 
-0.105651096 0.316310614 -0.560710371 173 225 240 
-0.115125746 0.353129566 -0.5348683 164 217 236 
-0.116882846 0.359312773 -0.522909462 166 219 238 
-0.121180952 0.373020709 -0.477908313 165 215 234 
-0.12299455 0.37883541 -0.459260255 162 211 232 
-0.125492617 0.384280562 -0.4050816 164 207 229 
-0.125730008 0.385091871 -0.403198689 164 207 229 
-0.132517487 0.408971936 -0.356945664 164 210 233 
-0.139118522 0.433206916 -0.323195904 169 214 237 
-0.147998542 0.437763572 -0.319741338 172 216 240 
-0.140331596 0.437570512 -0.315992296 170 214 238 
-0.144022986 0.447986007 -0.262259752 165 212 238 
-0.145106182 0.451122046 -0.24737823 167 214 240 
-0.146935195 0.454937011 -0.205800921 163 213 237 
-0.148798779 0.459317237 -0.168917835 162 214 243 
-0.149432361 0.460257173 -0.150274843 164 216 246 
-0.150807664 0.461169243 -0.0972700119 167 219 248 
-0.151345074 0.461837769 -0.080025807 165 219 249 
-0.0151878744 0.162787765 -1.00749457 173 212 223 
-0.0117481276 0.163116515 -1.00653887 173 213 223 
-0.0216135532 0.201869905 -0.98425281 171 211 224 
0.00778313726 0.0640132129 -0.80196321 157 200 216 
0.00867721438 0.0620021522 -0.820662737 164 206 220 
0.00872930884 0.0558036566 -0.754175484 164 206 222 
0.0115559101 0.0402054489 -0.710613787 165 205 222 
-0.0352102108 0.0392564833 -0.70599103 163 204 219 
0.0129510835 0.0307598412 -0.669705391 164 210 226 
-0.0225976557 0.205846101 -0.983257174 172 210 223 
-0.0690554008 0.232137233 -0.963849962 149 183 198 
-0.0324276313 0.245319605 -0.970599771 176 205 216 
0.0128438175 0.0306530893 -0.663594127 164 211 227 
0.0112522915 0.032414794 -0.610103369 159 204 226 
-0.0166124329 0.0392721891 -0.603311062 162 207 227 
0.00949563831 0.0377811193 -0.589086831 163 208 230 
-0.0370713174 0.2627168 -0.950729668 167 198 211 
-0.0634890497 0.27467832 -0.941319764 149 182 198 
-0.0354278311 0.251767308 -0.904509127 159 194 212 
-0.0476914868 0.255662203 -0.9010427 157 191 208 
-0.0296851546 0.22471112 -0.867500842 151 195 213 
-0.0540988743 0.231271505 -0.861249328 152 194 212 
-0.024805285 0.201045007 -0.828553617 140 178 201 
-0.0652187839 0.205740184 -0.821558595 131 172 198 
-0.0230327994 0.189588636 -0.782622933 148 188 212 
-0.0305477902 0.191292197 -0.780870438 148 188 212 
-0.0234290622 0.190687984 -0.776646376 147 188 212 
0.00624929368 0.047581017 -0.548945844 158 208 235 
-0.0167899951 0.0575832129 -0.540973008 156 206 233 
0.00581921637 0.0458962619 -0.510479271 155 205 234 
-0.0263590887 0.198166698 -0.725233555 139 182 211 
-0.0523516759 0.20436874 -0.719003439 128 172 202 
-0.027461119 0.200563639 -0.70127511 133 178 211 
0.00556457788 0.0457795858 -0.497492969 155 205 234 
0.00607408583 0.039285779 -0.448723972 151 200 234 
-0.0238088332 0.0513985455 -0.438851029 159 208 240 
0.00410035998 0.0443205535 -0.414057255 157 205 239 
-0.0302085541 0.208800375 -0.666668355 136 182 218 
-0.0329851061 0.217825055 -0.639480829 145 193 224 
0.00286477059 0.0474041998 -0.39159742 156 204 239 
0.00202308595 0.0462195575 -0.339791805 151 199 236 
-0.00898872316 0.0504998267 -0.336253345 152 199 236 
0.00134357065 0.0478831232 -0.327080756 154 201 236 
-0.0381007083 0.235318854 -0.599017799 144 195 224 
-0.0395519547 0.240249053 -0.587176919 145 196 226 
-0.000313073397 0.050907135 -0.284627527 152 197 231 
-0.0345430896 0.0626685619 -0.274468005 147 192 225 
-0.0888156146 0.273444772 -0.572704852 152 202 228 
-0.0495456941 0.279637694 -0.566058636 145 196 222 
-0.0534985922 0.295821011 -0.564413309 151 201 225 
-0.0607516766 0.325027466 -0.55597204 167 216 234 
-0.0708049461 0.364710808 -0.535395503 168 218 236 
-0.0723384023 0.369847417 -0.522073567 168 218 237 
-0.0766757876 0.383689284 -0.476757795 165 212 232 
-0.0785950869 0.389939666 -0.45809859 166 213 234 
-0.0806588531 0.393556923 -0.403546542 173 220 242 
-0.102905698 0.389130116 -0.403510034 169 214 236 
-0.0808009207 0.394025713 -0.402233571 173 220 242 
-0.0868615359 0.413943648 -0.345322698 177 220 241 
-0.0886732936 0.42055586 -0.335621208 174 218 240 
-0.0940924734 0.439655185 -0.299062192 162 213 239 
-0.0985209495 0.454757988 -0.263575941 159 205 233 
-0.100572407 0.461648941 -0.245967299 158 204 233 
-0.103037551 0.468013048 -0.203511477 156 203 231 
-0.104141004 0.469230324 -0.166378528 155 205 236 
-0.104186565 0.468035996 -0.151015192 159 211 242 
-0.106145591 0.471241713 -0.0966984928 164 213 242 
-0.107120529 0.47389552 -0.0814289376 160 211 242 
0.0332657322 0.171266794 -1.00075901 196 234 239 
0.0234812275 0.209619582 -0.977736533 187 221 231 
0.0296610221 0.0594439805 -0.806852937 163 205 219 
0.056909129 0.0520539284 -0.761509657 169 210 222 
0.057298094 0.0522961318 -0.78205812 171 211 223 
0.0583898276 0.0417440832 -0.714923203 169 209 224 
0.0597794652 0.0317920744 -0.668132186 167 209 224 
0.0202609897 0.0298430622 -0.664849818 165 210 226 
0.0620906204 0.0184862316 -0.626380742 152 198 222 
-0.0137173831 0.24553141 -0.962644577 169 199 213 
0.0147270486 0.24287191 -0.945337892 163 199 214 
0.0619546026 0.0187535882 -0.62310636 152 197 222 
0.0551008731 0.0430038571 -0.577925324 154 200 228 
0.0141334757 0.242589355 -0.914947927 173 211 224 
0.0165475905 0.228611887 -0.870459199 151 195 217 
0.02115684 0.206009179 -0.830903769 146 184 206 
0.0221570581 0.197587222 -0.783237576 132 174 200 
0.0216733813 0.198399752 -0.77006042 137 179 205 
0.0542032868 0.0447186232 -0.555772424 152 200 229 
0.0533103198 0.0437355042 -0.503851533 152 199 229 
0.0232018903 0.0444231331 -0.500168979 153 202 232 
0.0538633913 0.039045155 -0.477122754 152 198 230 
0.0191375688 0.204959765 -0.726537645 149 192 216 
0.0171789974 0.210564077 -0.698896289 137 183 213 
0.0539682955 0.036658287 -0.455416232 151 198 231 
0.0533166528 0.0347269475 -0.404037654 155 203 238 
0.0277712867 0.0410433114 -0.397794574 156 204 239 
0.0529951155 0.0332586467 -0.37296012 155 202 237 
0.0137320757 0.221707493 -0.664475501 151 198 226 
0.0117916167 0.227149248 -0.635858953 152 200 229 
0.0526767522 0.032749474 -0.352685511 156 202 237 
0.0504412949 0.0370413661 -0.297747582 161 203 236 
0.0421629697 0.0400409102 -0.295206189 162 204 237 
-0.0258050077 0.247502223 -0.593741298 142 194 225 
0.00201892853 0.265443563 -0.612729073 141 191 224 
-0.00204768777 0.279218435 -0.579098701 148 200 228 
-0.0044722259 0.287492871 -0.559736311 153 206 232 
-0.0111717582 0.315069139 -0.55859375 156 209 231 
-0.0159787163 0.334370315 -0.552384496 160 213 231 
-0.0189800672 0.345749974 -0.541045725 164 215 233 
-0.044885423 0.366465509 -0.526930034 170 218 237 
-0.0234448873 0.361246377 -0.508264661 164 212 232 
-0.0310035907 0.388580501 -0.464986891 165 210 233 
-0.0311199017 0.388958663 -0.463849157 165 211 233 
-0.0773885176 0.395306379 -0.402954221 174 220 243 
-0.0370905101 0.408628643 -0.40831545 179 225 245 
-0.0386381075 0.414007753 -0.397039056 175 221 243 
-0.042762816 0.426624298 -0.347870976 172 219 242 
-0.0446444824 0.433116496 -0.333626539 168 217 242 
-0.0491466969 0.448142529 -0.29390192 161 213 240 
-0.0511424802 0.454156995 -0.26910916 159 211 238 
-0.0544795319 0.464457661 -0.230368167 160 207 238 
-0.0566603802 0.471346378 -0.206794441 158 206 237 
-0.0588938445 0.476225674 -0.158475578 163 212 242 
-0.0591455065 0.476619273 -0.151295424 165 215 244 
-0.063529104 0.48935169 -0.0915298611 167 216 244 
-0.658814549 0.112369031 -1.01687229 177 208 217 
-0.614856064 0.125743508 -1.02069592 168 205 220 
-0.556138635 0.266789138 -0.957875609 145 187 205 
-0.564882219 0.299989134 -0.925380945 128 167 187 
-0.511205137 0.275337547 -0.952827632 129 168 188 
-0.521249115 0.314974964 -0.932166815 139 177 197 
-0.456248552 0.244351804 -0.968630552 122 162 186 
-0.467018932 0.287585109 -0.95457983 132 175 200 
-0.476768911 0.32576707 -0.9312433 147 185 204 
-0.422601581 0.298688442 -0.954228461 132 172 195 
-0.432846993 0.339322895 -0.935400367 159 196 212 
-0.333062291 0.317406923 -0.947113574 104 137 162 
-0.342928886 0.356166095 -0.924838245 135 173 191 
-0.356092632 0.4112477 -0.932567894 141 175 194 
-0.302310109 0.386073887 -0.959054649 125 166 187 
-0.30235675 0.386269093 -0.959082484 125 166 187 
-0.348937094 0.416042656 -0.937767386 142 177 196 
-0.313571781 0.4317393 -0.949474812 142 184 205 
-0.315608263 0.438337594 -0.92930162 145 190 214 
-0.254974902 0.385654747 -0.964623272 120 159 183 
-0.302108914 0.386183262 -0.959156394 125 166 187 
-0.258773237 0.401535898 -0.966715813 131 172 196 
-0.268243015 0.438330621 -0.940829158 143 183 205 
-0.26867646 0.439491719 -0.933830976 142 182 204 
-0.210260391 0.395521194 -0.964169621 144 187 210 
-0.214435637 0.413034052 -0.967090249 145 189 214 
-0.215797096 0.417276323 -0.951726675 152 196 220 
-0.26051417 0.437444836 -0.935841441 142 182 204 
-0.199398369 0.411043644 -0.956919134 152 196 219 
-0.358888835 0.0337477922 -0.935207427 172 215 231 
-0.313215971 0.0398485661 -0.93690753 183 219 236 
-0.27849555 0.0979678929 -1.01382172 175 218 237 
-0.272661597 0.0705529451 -0.977018714 192 235 245 
-0.267824858 0.0470563769 -0.937974453 182 223 236 
-0.234210089 0.109519988 -1.01240396 175 221 238 
-0.226586789 0.0750743151 -0.979622126 185 225 236 
-0.221070945 0.0489093065 -0.942104101 186 224 236 
-0.220188797 0.0409512818 -0.894172609 184 230 244 
-0.180152714 0.0781840682 -0.983033001 188 230 240 
-0.171634302 0.0402212143 -0.952262759 190 228 239 
-0.173786819 0.0441871583 -0.897511303 181 224 238 
-0.125392959 0.044088304 -0.955240428 173 216 230 
-0.164162219 0.039855957 -0.953282475 187 227 238 
-0.12881352 0.0597604513 -0.972354293 173 215 228 
-0.125547692 0.0435931385 -0.942634344 172 215 229 
-0.143873453 0.125686496 -1.01353645 172 218 232 
-0.133357644 0.0798754692 -0.987255037 176 217 230 
-0.131692529 0.0643491447 -0.891169012 176 221 237 
-0.0851250961 0.0759184361 -0.994707704 192 231 239 
-0.104252271 0.0771965981 -0.991910577 182 222 232 
-0.0876717046 0.0870789587 -1.00181091 182 222 232 
-0.0803591758 0.0527001023 -0.955504358 173 213 228 
-0.0795690939 0.0469675064 -0.928075016 176 218 233 
-0.0984154195 0.132631272 -1.0147537 164 206 219 
-0.0808029249 0.0499519408 -0.904592991 178 218 232 
-0.0464437753 0.113982588 -1.03060937 170 213 225 
-0.0466093868 0.113988489 -1.03058791 170 213 225 
-0.046459578 0.114049494 -1.03062785 170 213 225 
-0.0390780196 0.0805488229 -0.997248888 190 232 241 
-0.0342434645 0.0570607781 -0.958199739 175 215 227 
-0.0284800455 0.0299231112 -0.921238065 181 221 233 
-0.0612397417 0.0419278443 -0.911107779 180 221 234 
-0.0308366902 0.036709398 -0.88845551 178 219 231 
-0.0335376859 0.0453040302 -0.859957695 177 219 231 
-0.00149260461 0.122918993 -1.03068769 174 215 225 
-0.00221138448 0.125990182 -1.03181589 174 215 224 
0.00684792548 0.0856551528 -0.999517679 192 235 242 
0.0132577717 0.0559774637 -0.964008808 184 217 228 
0.0175194517 0.0347404182 -0.923672259 169 213 227 
0.0165188611 0.0341801345 -0.871509492 168 208 221 
0.00311493874 0.0346646011 -0.86977303 168 208 222 
0.0159473196 0.0360966623 -0.866566777 164 205 218 
-0.0090803504 0.152733177 -1.01363528 173 213 223 
0.0430977046 0.133273453 -1.02995479 178 219 230 
0.0423544943 0.136358202 -1.03011286 178 219 231 
0.05186975 0.0943140388 -0.999754667 199 237 244 
0.0583340228 0.0644224286 -0.964368105 199 232 237 
0.0652508736 0.0327526033 -0.929998636 164 210 224 
0.0433206111 0.0443961322 -0.868897319 166 205 217 
0.0597149879 0.0504162014 -0.872127712 168 206 217 
0.0394637585 0.147552103 -1.02178812 183 224 233 
0.0594355762 0.0511104763 -0.8670156 167 205 216 
0.0578673482 0.0527805984 -0.813577175 165 205 218 
0.0787976384 0.0123632252 0.837578118 170 212 229 
0.0311145261 0.0141611993 0.843795896 178 217 231 
0.0335444435 0.00853103399 0.794801533 183 216 229 
0.0797434747 0.0108142197 0.811366677 178 217 231 
0.0812063813 -0.00159317255 0.882078767 174 214 231 
0.0352398232 -0.00653997064 0.884438872 175 213 227 
0.0837618113 -0.0161259472 0.926249862 181 217 230 
0.0363269895 -0.0153035223 0.9319098 164 201 217 
0.0823017359 -0.0119350851 0.946711659 170 206 221 
0.036316976 -0.0152789652 0.932096243 164 201 217 
0.0446958393 0.168816894 0.664646506 142 186 214 
0.000311002135 0.15765509 0.66345191 143 187 215 
0.0446570963 0.164477229 0.714647651 130 171 201 
0.00118137151 0.149743348 0.711409986 127 170 199 
0.0446093082 0.164574206 0.715764463 129 171 200 
0.000708326697 0.150914639 0.720112205 124 167 197 
0.0734981 0.0215620995 0.978660107 182 218 231 
0.0277207345 0.0171914697 0.96593225 195 231 240 
0.0441927835 0.161809832 0.765605152 130 168 190 
-0.00302912295 0.161795646 0.770786524 149 188 207 
0.0454917699 0.152213961 0.812600017 135 170 193 
0.0257816762 0.155993134 0.816821694 131 167 190 
-0.00355640799 0.161942214 0.793365896 139 178 198 
0.0446311608 0.154381245 0.828027308 143 178 199 
0.0343997329 0.0438799858 1.01667416 158 198 212 
0.0215457827 0.0382837951 1.01504242 160 200 213 
0.0642326623 0.0573453009 1.00640619 165 205 218 
0.0211640671 0.0395650566 1.01832891 157 197 211 
-0.00555343926 0.16722253 0.826373637 145 187 206 
0.0380222201 0.177071899 0.879300714 167 204 218 
0.0360423625 0.176830709 0.879387081 167 204 218 
-0.00722908229 0.17003879 0.872007608 164 204 219 
0.0380013287 0.177117079 0.87975806 167 204 218 
0.0474331379 0.13111043 0.957979202 154 191 207 
0.0368429497 0.131344825 0.959270358 156 193 208 
0.0462983996 0.136042982 0.955263615 153 191 206 
0.0551268458 0.0963880718 0.990602851 166 206 218 
0.0209228694 0.10465166 0.998856664 170 208 220 
0.0201988965 0.0435760319 1.01806927 158 198 212 
0.00728131831 0.0982059538 1.00405622 173 213 225 
-0.00779768825 0.171548933 0.881331325 164 203 217 
0.0118748844 0.189335138 0.941202641 150 193 208 
-0.00797367841 0.16774863 0.931640983 168 211 225 
0.0304015875 0.204654366 0.922662377 138 175 191 
-0.00304569304 0.14389351 0.970479965 167 204 214 
0.0343588591 0.185064167 0.95867455 139 177 192 
0.00528658926 0.106662065 1.00166857 171 209 222 
0.0292131156 0.2071933 0.949012041 143 183 199 
0.0915192962 0.173422545 0.626735568 153 189 213 
0.12546736 0.01454705 0.833637714 174 213 227 
0.125831693 0.0136459768 0.826923549 176 215 229 
0.128620774 -0.00233539939 0.876464784 168 211 227 
0.129254401 -0.00931686163 0.924954891 175 213 226 
0.126546457 2.28583813e-05 0.945492029 175 214 226 
0.0897926688 0.177180976 0.664240897 159 195 216 
0.0903036594 0.170681328 0.713006616 155 191 210 
0.0915944725 0.162965685 0.739483654 146 183 205 
0.118409142 0.0302214026 0.983504295 179 219 232 
0.0917598456 0.160467803 0.759648085 142 179 202 
0.0765506923 0.168281436 0.817927539 134 172 195 
0.0873237848 0.174022645 0.812683284 133 173 195 
0.108872771 0.0673457682 1.00878477 164 203 217 
0.0830058753 0.190372556 0.829235494 131 168 189 
0.0384713411 0.177418619 0.87944001 166 204 218 
0.0789421201 0.205430761 0.848471999 130 167 185 
0.0936428607 0.135101646 0.955072522 145 183 199 
0.0898911357 0.151228338 0.948110938 138 174 190 
0.103411078 0.0922281444 0.983034015 167 208 220 
0.0581961125 0.22338672 0.902278602 123 157 174 
0.0713701546 0.232830584 0.891628981 117 151 168 
0.0787075907 0.196507096 0.95840168 137 174 189 
0.070248723 0.236006841 0.90781939 125 161 177 
0.068570286 0.238110036 0.961505532 160 198 214 
0.13564837 0.185952812 0.624463737 156 201 225 
0.139881849 0.014349103 0.831946015 174 214 229 
0.174145341 0.00434798002 0.87509793 172 214 230 
0.173845351 0.00694578886 0.860002577 171 213 230 
0.177290022 -0.0124999881 0.917944908 173 214 227 
0.17135036 0.00921246409 0.949361205 184 225 234 
0.135485291 0.183204055 0.662496328 157 198 218 
0.136712343 0.173890829 0.709652841 153 191 212 
0.138925523 0.160702825 0.754593074 152 196 214 
0.111836329 0.158468097 0.756354153 147 187 208 
0.138883024 0.159855157 0.765963972 147 190 209 
0.16370976 0.0369520187 0.991893768 163 202 219 
0.13495186 0.171824545 0.813437402 135 174 198 
0.102248386 0.174501389 0.818487287 134 174 197 
0.13399455 0.17397055 0.833541393 143 182 203 
0.150235623 0.0935700834 0.981339574 174 215 225 
0.12589255 0.203994185 0.871875107 132 167 185 
0.141984224 0.130717188 0.947375298 151 192 208 
0.133104473 0.168291956 0.937505603 143 179 194 
0.149747878 0.0957200229 0.979841709 174 214 224 
0.115903005 0.24336201 0.893031657 128 163 178 
0.12185432 0.213900447 0.947190166 134 170 186 
0.104900733 0.275885075 0.925704837 152 183 195 
0.106934696 0.277674377 0.923481584 149 180 192 
0.119189233 0.224776268 0.948689818 134 171 187 
0.107628226 0.27424103 0.929793 150 182 194 
0.10677734 0.278037608 0.926669598 152 183 195 
0.180663347 0.194097757 0.630253434 190 225 239 
0.183045238 0.00195670128 0.872819066 173 214 230 
0.198694587 -0.0170953274 0.913092971 171 212 225 
0.224897861 -0.0147975385 0.920735121 166 208 221 
0.216282159 0.0177690685 0.954394221 186 222 233 
0.1813398 0.188591212 0.660388112 171 211 227 
0.184749722 0.170700878 0.702638865 153 194 215 
0.183388293 0.17155847 0.755612552 147 186 210 
0.182978332 0.172552705 0.76338464 147 185 209 
0.2092233 0.0430952907 0.997036457 165 204 219 
0.196740091 0.0419795215 0.997801304 163 202 218 
0.208857954 0.0444373488 0.998896003 163 203 218 
0.162103176 0.188988835 0.819791019 148 188 206 
0.176492244 0.194576949 0.816423416 151 191 207 
0.191833675 0.120407075 0.936288953 159 198 212 
0.169201374 0.122187436 0.939744473 157 198 214 
0.189197838 0.13167879 0.932047606 160 199 212 
0.195482433 0.101578444 0.978003025 158 196 209 
0.158798903 0.0968297422 0.979450822 172 211 222 
0.208332151 0.0465968549 0.999039292 162 202 217 
0.174540639 0.201831251 0.825410426 146 185 200 
0.171015114 0.211606428 0.878644049 130 164 181 
0.176913202 0.182408363 0.932318211 142 180 194 
0.169044226 0.218936279 0.887676835 132 166 183 
0.140867561 0.243396789 0.904079318 135 171 186 
0.169337213 0.213293269 0.936932564 129 168 185 
0.145255506 0.22161901 0.94410789 128 166 183 
0.154375017 0.281067163 0.870729744 138 168 182 
0.137868166 0.306704432 0.886489987 134 162 179 
0.146702528 0.311794847 0.881520987 141 168 184 
0.158813745 0.259134412 0.910668373 136 172 189 
0.153359368 0.278840601 0.942099929 135 174 193 
0.145332843 0.316596091 0.891050696 146 175 192 
0.146281809 0.308375597 0.938832045 146 183 205 
0.236051232 0.160976797 0.618375659 178 224 240 
0.225038022 0.205412239 0.630216599 185 221 234 
0.270276845 -0.00845482945 0.929837823 146 188 207 
0.261566579 0.0245799124 0.962636352 180 220 233 
0.226997316 0.194752246 0.65872246 183 220 231 
0.229964554 0.178601354 0.701968133 158 196 217 
0.231068641 0.169771284 0.749400914 144 185 207 
0.230286807 0.16934368 0.790046096 145 180 199 
0.233026862 0.0507624745 0.998591661 159 199 214 
0.253071636 0.0565488338 0.997393966 157 197 211 
0.22113356 0.204571575 0.818812907 155 193 208 
0.235224307 0.135475367 0.939717889 149 186 202 
0.234198153 0.139896065 0.937704325 148 185 202 
0.242836058 0.101075083 0.972525716 157 192 206 
0.219166398 0.21204637 0.826063514 149 186 202 
0.217764437 0.21306321 0.879128277 137 174 190 
0.179763824 0.211617514 0.882517576 132 167 183 
0.217825234 0.21086438 0.900770485 146 182 196 
0.221469164 0.192825347 0.933931112 152 187 203 
0.204301119 0.270455807 0.859471083 129 164 183 
0.1739887 0.274253339 0.864867806 134 167 183 
0.201154321 0.28330797 0.861124635 131 166 185 
0.211527735 0.237568796 0.89314431 136 173 191 
0.177877307 0.252354741 0.904885471 135 172 190 
0.212561816 0.229013801 0.940734506 142 179 197 
0.209457755 0.242202282 0.936688185 137 174 194 
0.190487206 0.326030105 0.876114964 133 164 180 
0.197831988 0.289670259 0.942954421 132 167 186 
0.18572253 0.343455851 0.901223779 134 169 188 
0.159644783 0.330329359 0.94930625 155 191 214 
0.183039427 0.352815121 0.920402169 140 177 198 
0.187574714 0.330363423 0.961674571 151 189 211 
0.183236003 0.34873417 0.956725836 158 193 213 
0.246338606 0.154315442 0.634599984 177 223 237 
0.237474293 0.193363756 0.656815827 187 222 233 
0.278980911 0.139376402 0.675243974 176 220 235 
0.243277311 0.171928436 0.696875274 159 196 217 
0.28716588 0.138925523 0.679674387 172 217 233 
0.279255807 0.167999029 0.719754696 146 182 203 
0.314984083 0.00121328235 0.932827473 154 194 209 
0.307430387 0.0285224617 0.976151109 168 210 224 
0.276727647 0.175926328 0.747731805 142 178 197 
0.275171041 0.178135574 0.794646442 124 164 186 
0.296866328 0.0707345009 0.992079139 167 208 219 
0.265774548 0.214567557 0.821199775 142 174 191 
0.249305159 0.141576022 0.94148922 147 182 199 
0.289754689 0.102280706 0.968025804 169 205 215 
0.279823691 0.14501825 0.949050665 146 180 195 
0.232946664 0.247329861 0.843743086 129 165 185 
0.254382163 0.260880113 0.829590023 135 172 192 
0.235793263 0.225179061 0.883738041 142 177 192 
0.276529342 0.158738226 0.947833657 155 190 204 
0.265819997 0.204257876 0.933677316 165 200 217 
0.243602246 0.304160595 0.84355402 130 165 185 
0.260655969 0.22560066 0.933592916 150 184 204 
0.252963603 0.257817775 0.928744912 141 175 195 
0.233397245 0.344595104 0.862749696 122 156 176 
0.241321623 0.305366039 0.934863567 127 160 181 
0.228327364 0.361611456 0.906418443 124 161 186 
0.226964027 0.366357535 0.916269779 125 164 189 
0.232645512 0.338231802 0.967972636 138 180 202 
0.227129668 0.361825764 0.959024191 142 182 205 
0.33265081 0.141751081 0.722995698 156 193 213 
0.307991177 0.164752185 0.738217771 133 173 196 
0.334523767 0.135471731 0.706785619 165 202 220 
0.327892751 0.158213437 0.758505583 119 159 185 
0.35326162 0.0338152051 0.976160288 154 195 207 
0.324188083 0.0316335857 0.978168368 163 204 218 
0.360415012 0.00729885697 0.94240284 160 195 209 
0.35224092 0.0376792848 0.980080605 154 195 208 
0.320154071 0.18643862 0.800145447 137 177 199 
0.348218441 0.0536311269 0.987494111 152 191 205 
0.340836644 0.0840507746 0.988362551 155 192 206 
0.308095217 0.236050263 0.802471042 132 169 186 
0.335717291 0.107243061 0.96567452 168 205 217 
0.324217409 0.156238526 0.94918704 158 197 214 
0.297009617 0.280844152 0.813652933 138 169 188 
0.311994731 0.209438637 0.919159412 138 173 191 
0.279462755 0.212909102 0.924622178 153 187 204 
0.307548463 0.228672385 0.909559011 133 166 183 
0.320674688 0.170841008 0.949566483 155 193 210 
0.289535463 0.311162204 0.819891095 144 178 197 
0.280898273 0.322969913 0.827263474 147 182 201 
0.285997629 0.325273454 0.825505078 148 183 202 
0.297513038 0.268267244 0.930298209 126 157 176 
0.249213457 0.356494665 0.848982334 127 163 183 
0.275415778 0.367573649 0.841271043 133 171 193 
0.286444575 0.314323485 0.926665664 118 153 174 
0.267899185 0.315337747 0.929255247 121 156 178 
0.284572095 0.322245866 0.924595952 117 154 175 
0.273581326 0.373849958 0.855745673 133 172 194 
0.234053522 0.371179312 0.910994053 124 162 187 
0.269316554 0.387682676 0.897830606 125 165 189 
0.28296414 0.327998996 0.934487343 124 160 181 
0.275993824 0.354627162 0.958595872 155 193 209 
0.269064963 0.387104213 0.915809691 129 169 194 
0.273941636 0.363450706 0.954764128 155 193 209 
0.350164831 0.133766174 0.716727436 159 195 214 
0.381431937 0.134244353 0.729804277 141 177 200 
0.373411179 0.163865805 0.768877327 119 156 182 
0.400075167 0.0354339182 0.971896648 148 189 204 
0.40576598 0.0137803257 0.951250434 160 201 216 
0.396814585 0.0480087101 0.981854558 142 182 197 
0.370372713 0.174601376 0.789078295 127 165 188 
0.32193616 0.186481476 0.800863504 138 178 199 
0.367258519 0.184239566 0.824950159 139 178 196 
0.385724932 0.0963113606 0.954232693 166 203 216 
0.351830512 0.102357864 0.96124649 168 204 215 
0.379388005 0.124193311 0.935331821 161 199 212 
0.395219058 0.0545148551 0.98281014 144 184 199 
0.359304816 0.218089953 0.81395179 142 179 196 
0.351693332 0.251209199 0.795367002 126 160 181 
0.368254274 0.169225365 0.946075916 154 193 215 
0.346925408 0.271223545 0.791858554 129 163 184 
0.311021954 0.289067298 0.8055107 138 170 189 
0.33992973 0.2993595 0.800378919 146 181 200 
0.356618822 0.219660282 0.919816375 144 175 194 
0.353141367 0.233956128 0.920608401 143 173 191 
0.36738798 0.172853649 0.94552815 153 193 215 
0.330032885 0.338268399 0.822379112 147 186 206 
0.340990007 0.284025818 0.922091961 128 162 181 
0.328134805 0.345056564 0.83408767 147 186 207 
0.291606903 0.366755694 0.849905729 139 177 200 
0.32385236 0.358779907 0.878198743 136 173 194 
0.336180419 0.30445981 0.915834546 130 166 185 
0.327077806 0.342812538 0.907551169 134 171 190 
0.318208158 0.379569113 0.906310499 122 157 179 
0.306378514 0.388685077 0.912569404 119 154 177 
0.287068635 0.361171424 0.9520818 154 192 209 
0.425305963 0.14431566 0.766566813 130 166 189 
0.395128518 0.163003325 0.780048788 119 156 180 
0.427570522 0.136826843 0.745819151 134 170 193 
0.420800686 0.160255581 0.796276212 129 165 187 
0.42112273 0.0139020979 0.957870722 156 194 210 
0.452095747 0.0154162347 0.969005466 151 186 201 
0.441589773 0.0573406518 0.985462189 155 191 204 
0.41058749 0.200730711 0.815397263 133 170 190 
0.429758132 0.108854741 0.956217408 156 189 205 
0.423861861 0.135016799 0.936197519 153 188 202 
0.439952016 0.0643085241 0.983222127 155 191 203 
0.400042415 0.243582606 0.823342979 148 185 201 
0.399145186 0.247290328 0.823333263 150 186 202 
0.414845496 0.171942145 0.939817309 142 180 199 
0.388601363 0.175291687 0.944523335 147 185 207 
0.411910802 0.184094995 0.93950367 139 176 197 
0.386267215 0.302200645 0.804386556 144 176 197 
0.38489157 0.307767391 0.805685222 142 175 196 
0.394446611 0.24074018 0.927126765 136 169 190 
0.398324013 0.24127087 0.927924037 135 169 190 
0.38454628 0.308962643 0.808254123 142 176 197 
0.33779335 0.336741 0.828502774 146 187 208 
0.37853533 0.329148561 0.859906197 146 187 207 
0.38748607 0.28842786 0.901475549 153 186 203 
0.352598041 0.294644713 0.908691168 137 172 191 
0.381492883 0.314507484 0.886820495 154 190 208 
0.398097932 0.242239356 0.927541018 134 168 190 
0.37468484 0.343218893 0.880330384 134 171 193 
0.344620883 0.356747538 0.890993416 127 163 185 
0.472674191 0.1437549 0.761056602 121 154 179 
0.473180115 0.142027944 0.757020473 119 154 178 
0.466987967 0.162596911 0.812734485 138 179 196 
0.496686101 0.0256631076 0.970931172 162 197 211 
0.487169683 0.0626886189 0.996393442 149 186 199 
0.457862139 0.197689205 0.841750681 111 147 169 
0.47732228 0.107524186 0.950266957 173 205 215 
0.467860937 0.148190856 0.932742357 148 182 198 
0.48470825 0.074010998 0.983582139 150 185 197 
0.413396835 0.249812752 0.825264573 144 179 196 
0.443977773 0.256338 0.827463448 132 163 183 
0.425198555 0.184149802 0.945320487 141 179 200 
0.457583606 0.188983291 0.951279998 151 187 206 
0.387278199 0.307524621 0.807171643 142 176 197 
0.431695521 0.295435667 0.848072171 140 176 197 
0.434560776 0.292871535 0.853830218 140 176 196 
0.442910075 0.251722008 0.927775264 137 172 195 
0.422446012 0.247517228 0.92773664 136 170 193 
0.442194045 0.25508365 0.923294783 137 172 195 
0.454579532 0.201378137 0.951463938 152 188 208 
0.386906832 0.325788736 0.869505525 149 188 208 
0.437876105 0.275993526 0.889174223 140 176 195 
0.494418621 0.145841956 0.75980252 121 154 177 
0.510554612 0.180474281 0.776868939 129 165 187 
0.506671131 0.190001458 0.782478333 132 169 191 
0.507973015 0.190691918 0.781850457 132 169 191 
0.518399715 0.149159878 0.76467222 122 156 177 
0.528064549 0.0937062204 0.937174201 163 197 209 
0.505238116 0.0982952714 0.942178965 170 203 214 
0.523983836 0.111431152 0.927553535 161 194 207 
0.530194044 0.0808469057 0.982302427 153 187 203 
0.526776433 0.0806687176 0.982581019 153 186 202 
0.541708469 0.0337715447 0.976787925 160 195 204 
0.50782001 0.19121924 0.783014596 132 169 191 
0.501657903 0.211869836 0.836445034 128 163 181 
0.513025224 0.155596495 0.939890981 167 197 210 
0.490803778 0.255517513 0.849734068 133 170 191 
0.501564085 0.202249497 0.947655439 150 185 202 
0.489044428 0.260501355 0.875123918 143 179 199 
0.442985713 0.275328577 0.888251007 139 175 194 
0.493454278 0.2386823 0.915127635 151 186 206 
0.501348317 0.203172714 0.947300911 150 185 201 
0.508706689 0.19049415 0.782522678 132 169 191 
0.55185771 0.136904895 0.800986588 127 165 187 
0.534319818 0.173853785 0.823013544 143 180 199 
0.568689883 0.131190032 0.818468153 141 176 195 
0.559306204 0.16755864 0.845138073 158 192 205 
0.544057667 0.107691258 0.943024516 164 197 208 
0.58074683 0.0677730441 0.969635367 162 197 209 
0.572280288 0.103331119 0.963205934 167 201 212 
0.58591181 0.0459337533 0.975192785 161 197 208 
0.552044928 0.198517323 0.834482431 152 187 202 
0.546055138 0.223072171 0.83661437 153 185 201 
0.566225588 0.129322648 0.952355742 155 189 202 
0.55642271 0.171748221 0.930961967 157 184 198 
0.535667658 0.264410079 0.854149342 142 173 191 
0.544316769 0.22439146 0.901764452 142 175 194 
0.524255037 0.230965555 0.907545209 140 175 195 
0.540376127 0.241101056 0.89699775 141 175 195 
0.554541469 0.179724187 0.92869997 156 184 197 
0.50278002 0.202927858 0.947010398 150 185 201 
0.534033239 0.269289911 0.874961138 146 179 195 
0.597185016 0.12503621 0.841906905 147 181 199 
0.574545145 0.16075024 0.863822699 160 191 203 
0.606538057 0.104460239 0.882043481 165 198 211 
0.580729783 0.139407367 0.903890312 170 201 212 
0.622085035 0.0953975916 0.927762747 175 207 217 
0.583026648 0.117123455 0.943873286 168 201 213 
0.622301579 0.0967772305 0.902490735 175 207 217 
0.628083408 0.0673364997 0.964196205 183 220 229 
0.630113661 0.0581039488 0.973582864 180 216 224 
0.570198357 0.223731831 0.846203983 160 190 205 
0.567756593 0.200300962 0.886083782 147 177 193 
0.559103131 0.17536664 0.925828218 158 185 198 
0.586084783 0.250327051 0.85892576 161 189 204 
0.581053913 0.270716906 0.863317966 159 187 202 
0.583446562 0.258872241 0.885091782 159 187 200 
0.580626309 0.271774858 0.871192932 160 189 204 
0.632630229 0.0879358053 0.922544837 178 209 217 
0.636726975 0.0660876334 0.962566972 183 220 228 
0.588014662 0.269237995 0.869001031 160 189 204 
-1.05653548 0.105254829 0.0180746317 163 197 208 
-1.06391609 0.115741044 0.0245900229 169 202 212 
-1.06049752 0.121864736 0.0154044703 167 201 212 
-1.05443573 0.092512697 0.0632698908 169 200 211 
-1.05663538 0.0946634412 0.0646815822 167 198 210 
-1.04943514 0.06837219 0.101945795 161 195 208 
-1.05472577 0.0722857714 0.104656138 167 198 210 
-1.04903126 0.0651018918 0.119750254 168 202 214 
-1.06019402 0.119630545 0.0262968764 165 199 210 
-1.05570066 0.0974831879 0.066112794 167 198 210 
-1.05372739 0.0852380097 0.111592285 161 194 206 
-1.05102062 0.0701104701 0.155423194 173 206 217 
-1.07141352 0.0866006911 0.16663456 163 192 203 
-1.05812097 0.100015074 0.149095625 164 195 207 
-1.04847157 0.0556026399 0.199608535 189 221 228 
-1.06006849 0.0665068328 0.206814617 174 201 210 
-1.04718816 0.0460682213 0.246638447 187 216 227 
-1.04786944 0.0466196835 0.247013301 187 216 227 
-1.04728341 0.0463638306 0.247721434 187 215 227 
-0.999577403 0.075997144 -0.10881526 160 198 214 
-1.02068186 0.0894975364 -0.0991520956 159 196 211 
-1.00657809 0.106098026 -0.121900544 155 193 209 
-0.998547435 0.0674581528 -0.0612159818 163 203 218 
-1.00198269 0.0711836815 -0.0588118359 165 204 219 
-0.992797792 0.0403747261 -0.0242233127 171 206 218 
-0.999430418 0.0489616394 -0.0188232958 174 210 220 
-0.992653728 0.0371662974 0.00481498986 161 203 215 
-1.0116961 0.123614222 -0.0815804526 158 193 206 
-1.02860713 0.105933309 -0.0369827971 161 196 210 
-1.01302826 0.12794432 -0.068534568 159 194 205 
-1.01269317 0.0869453251 0.00329678506 162 202 216 
-1.0030458 0.0785267651 0.0223084763 164 203 218 
-1.01277661 0.123368144 -0.029238008 161 198 211 
-1.01033354 0.109276772 0.0151855126 163 200 214 
-1.02841282 0.124334335 0.0253633484 164 197 210 
-1.00443292 0.0816003978 0.0518390909 169 205 219 
-1.01356745 0.120529085 0.0386221483 167 200 214 
-0.996376693 0.0454534292 0.0836478546 175 207 217 
-1.00160265 0.0614959598 0.145306617 161 200 212 
-1.00389552 0.0617491007 0.145696253 162 200 213 
-1.00159812 0.0612750649 0.147547334 161 199 212 
-1.01190209 0.110948175 0.0686246827 174 209 222 
-1.01120484 0.103716999 0.116971947 171 209 222 
-1.01257336 0.105522931 0.159733057 179 214 225 
-1.00423622 0.0673520863 0.201139212 168 203 215 
-1.03899789 0.0487670004 0.247206539 183 213 224 
-1.00405979 0.0633766353 0.237209529 168 203 215 
-0.940512061 0.0339671373 -0.190527141 179 215 226 
-0.976390123 0.0406701565 -0.182938248 180 222 234 
-0.940917671 0.0322081745 -0.152359277 180 219 231 
-0.995858788 0.0771517754 -0.160953328 171 210 222 
-0.941398442 0.0329580605 -0.138621107 176 217 230 
-0.986320436 0.0566206276 -0.120812602 162 198 213 
-0.941740394 0.029809922 -0.0879385024 179 216 227 
-0.969462216 0.0378611982 -0.0805124417 175 216 229 
-0.941627264 0.0256362855 -0.0467528477 184 222 234 
-1.00498152 0.116137505 -0.138743073 153 189 204 
-0.942023635 0.0264310837 -0.0373878852 181 220 232 
-0.942569077 0.0240825415 0.0137520507 184 220 230 
-0.982569993 0.0302027464 0.0214769244 160 204 217 
-0.943572581 0.0251817703 0.0476080701 171 207 220 
-1.00055814 0.158402026 -0.116237767 148 183 197 
-1.01225388 0.132731318 -0.0765595585 158 192 203 
-0.998503089 0.0675401092 0.0435388461 166 203 217 
-0.944565237 0.0274341702 0.0681521967 167 204 217 
-0.996278405 0.0452387333 0.083520256 175 207 217 
-0.945191622 0.0254036784 0.119474016 181 214 224 
-0.956638873 0.0319933891 0.124316625 179 213 223 
-0.944448113 0.0194312036 0.151704699 173 207 217 
-1.01930356 0.195058644 -0.0942371115 161 194 204 
-1.01502252 0.173255026 -0.0542109013 163 197 209 
-1.00473714 0.152904719 -0.0140539035 155 190 202 
-1.01270652 0.128135979 0.0257054567 163 196 209 
-0.94427526 0.0173111856 0.167328626 170 204 215 
-0.982709348 0.0440371931 0.186090678 168 203 216 
-0.946500957 0.0215645432 0.222244531 189 219 226 
-0.959702194 0.0267661214 0.22652477 180 212 221 
-0.946460843 0.0193104446 0.245452136 185 216 224 
-0.992462456 0.238093376 -0.0737762228 158 196 209 
-0.996328354 0.218973681 -0.0313947499 152 191 203 
-0.991903484 0.234186634 -0.0560240448 156 194 207 
-1.01676655 0.191186905 0.00809303671 162 205 215 
-1.01968861 0.167639852 0.0479623452 175 213 220 
-0.996323705 0.150455296 0.0884042308 164 199 213 
-1.0094713 0.12443319 0.128050804 174 211 222 
-1.00008106 0.0581865609 0.248054206 167 203 215 
-0.945480466 0.0130628049 0.269865125 181 213 222 
-0.997609615 0.0359449089 0.288041025 191 229 241 
-0.944886565 0.00623765588 0.31844458 171 204 213 
-0.97375077 0.01887995 0.328493655 177 212 223 
-0.944485247 0.000168919563 0.367456764 150 184 196 
-0.952407897 0.00120601058 0.368891507 153 187 198 
-0.940289557 -0.0208087265 0.407941639 185 214 221 
-0.945306778 -0.0199150443 0.408979118 187 216 223 
-0.940502882 -0.0202689469 0.411735445 184 214 221 
-0.893218338 0.0336990356 -0.195869952 177 215 228 
-0.894015551 0.0323397815 -0.144164205 175 212 225 
-0.917577982 0.0320654213 -0.141724259 177 216 229 
-0.894323766 0.0325365067 -0.13220048 176 214 227 
-0.894912601 0.0313728154 -0.0922340751 173 212 226 
-0.893987119 0.0232445598 -0.044399932 173 210 223 
-0.930324316 0.0244944692 -0.0397270024 181 219 231 
-0.894756913 0.0245960653 -0.0240783766 179 216 228 
-0.896454453 0.028447479 0.0110591128 180 217 229 
-0.894312024 0.0155376494 0.0561584607 183 217 228 
-0.923883498 0.0215675533 0.0626881793 171 208 219 
-0.89549762 0.0181784332 0.081244491 187 221 231 
-0.896432459 0.0193775892 0.110837884 188 222 231 
-0.893757343 0.00437441468 0.154739916 189 222 230 
-0.933578372 0.0147351921 0.164751858 173 207 217 
-0.895926058 0.0102141798 0.189410448 187 220 230 
-0.896641195 0.0112138987 0.21113497 182 216 227 
-0.8958444 0.00359132886 0.259258419 180 214 223 
-0.931097507 0.0108498633 0.267080784 182 215 224 
-0.897498429 0.00791361928 0.287164986 176 210 221 
-0.983966708 0.244805574 -0.0710584521 159 197 210 
-0.898700833 0.010323137 0.315591842 164 198 210 
-0.896189034 -0.00403812528 0.359861046 164 197 209 
-0.923881233 -0.0147291422 0.409445792 178 209 217 
-0.897285402 -0.00322553515 0.401167303 166 200 210 
-0.850838959 0.0527407825 -0.190168396 173 212 226 
-0.849049985 0.0412196517 -0.144274771 166 206 223 
-0.849110901 0.03970173 -0.124609917 167 207 223 
-0.850549996 0.0426218212 -0.0909896269 168 206 223 
-0.849320173 0.0332977176 -0.0438394248 163 204 221 
-0.848300755 0.0256064236 -0.00517334789 173 212 228 
-0.848688483 0.0263238251 0.0046550259 173 212 228 
-0.849787772 0.0261515677 0.0570396706 169 207 223 
-0.849342942 0.0206810236 0.0974063203 188 224 233 
-0.84958303 0.0208552182 0.10649357 189 224 233 
-0.849784195 0.0171538293 0.156859726 171 206 219 
-0.849843085 0.0130719543 0.204919338 178 213 225 
-0.891968846 0.214350432 -0.0977350399 137 173 189 
-0.909499049 0.221636117 -0.0918453783 138 172 188 
-0.891633093 0.20986627 -0.0633173883 146 185 201 
-0.849995911 0.0134937465 0.207249492 178 213 225 
-0.851525009 0.0150102079 0.260600001 161 197 211 
-0.850826681 0.00785657763 0.308032125 163 197 212 
-0.938847423 0.255726367 -0.0700756758 151 187 204 
-0.892102003 0.21038197 -0.0475216433 147 187 204 
-0.925595284 0.236094132 -0.0298540629 150 185 200 
-0.891284943 0.202679634 0.000556148589 135 173 193 
-0.918366551 0.215003967 0.0102363527 155 190 203 
-0.888091028 0.185638249 0.0432924107 150 188 206 
-0.911129296 0.193915874 0.0503269508 160 196 211 
-0.885921717 0.172622651 0.0883312747 146 185 203 
-0.893811285 0.175267726 0.0906371251 148 187 205 
-0.885398149 0.168915659 0.105486594 140 181 200 
-0.850842059 0.00783482194 0.308979183 163 197 212 
-0.853065133 0.0120781362 0.363889337 146 180 195 
-0.851454735 0.00125870109 0.410184294 149 184 198 
-0.862029493 0.000241667032 0.410793036 153 188 201 
-0.851336002 0.000293284655 0.415461034 149 184 198 
-0.807032108 0.0661736727 -0.187674865 162 201 218 
-0.816586614 0.0565097034 -0.13952449 160 200 219 
-0.807024896 0.0623461008 -0.145474106 159 199 218 
-0.807359815 0.0629694164 -0.137024388 158 198 218 
-0.807178557 0.0577654541 -0.0875176266 153 194 215 
-0.805912435 0.0482987165 -0.0404490009 157 195 213 
-0.805263102 0.0435400009 -0.0173779204 162 199 216 
-0.805529177 0.0423010588 0.00860381126 164 202 218 
-0.80467546 0.0344547033 0.0565992072 166 202 219 
-0.803090632 0.0237357318 0.102951623 171 206 220 
-0.832632303 0.0208144784 0.104608737 184 219 229 
-0.803097069 0.0227325261 0.114397474 171 206 220 
-0.835350513 0.177443862 -0.124033384 120 162 189 
-0.856908202 0.193171501 -0.113108829 132 172 192 
-0.837040186 0.180680722 -0.0824294314 126 168 194 
-0.804470181 0.0246647298 0.155966103 162 200 215 
-0.803553283 0.0165699124 0.203819424 163 198 212 
-0.845444679 0.0132275224 0.206604511 177 212 224 
-0.803631485 0.0152930915 0.221598595 164 200 213 
-0.838151634 0.183958232 -0.0678242892 129 171 196 
-0.881628752 0.205542088 -0.0513053611 148 190 205 
-0.838990927 0.182764232 -0.0160240233 131 173 196 
-0.853710592 0.189459652 -0.0107642934 132 173 194 
-0.837641597 0.173573285 0.024161458 127 166 190 
-0.804765284 0.0168404579 0.256457359 158 193 208 
-0.80305326 0.00562149286 0.302523792 153 187 203 
-0.849942863 0.00765293837 0.308781415 163 197 212 
-0.804213643 0.00809022784 0.328364938 150 185 201 
-0.837399483 0.172019243 0.0303135067 126 166 190 
-0.836681604 0.164706856 0.0786143318 130 174 198 
-0.834264398 0.150717109 0.123096012 126 168 194 
-0.872260273 0.157644182 0.1310395 128 171 193 
-0.834962547 0.150225967 0.160605729 132 173 196 
-0.806097865 0.0130928457 0.359280229 147 182 199 
-0.805099905 0.00467976928 0.406951517 143 178 194 
-0.803723276 -0.00442191958 0.444891244 151 185 199 
-0.761637032 0.0733658075 -0.188750759 163 202 221 
-0.760585189 0.0647411644 -0.141200498 158 198 217 
-0.793031394 0.0622110665 -0.139011413 158 198 218 
-0.760369539 0.0623703301 -0.124756373 159 199 218 
-0.761220396 0.0627451539 -0.0898589268 158 198 217 
-0.760305166 0.0546573699 -0.0420016199 156 197 216 
-0.759888411 0.0499038398 -0.00831406564 154 196 215 
-0.785147905 0.165746093 -0.135913447 142 188 216 
-0.793876946 0.167233944 -0.134144872 138 183 212 
-0.785500526 0.16661036 -0.129327402 142 188 216 
-0.75999403 0.0489428639 0.00721314549 153 195 215 
-0.760039687 0.0446304083 0.0572297946 158 198 216 
-0.758638024 0.0346311629 0.103993855 154 196 214 
-0.758773446 0.0342995822 0.113896333 154 196 214 
-0.787800252 0.171676069 -0.0800386071 127 171 200 
-0.824690938 0.178129673 -0.072474122 126 168 196 
-0.784646809 0.154793441 -0.0372115001 139 184 210 
-0.800723195 0.161091059 -0.0320191011 135 180 207 
-0.785622537 0.157129556 -0.0183735862 135 181 209 
-0.759720087 0.0343911946 0.156339735 154 195 214 
-0.756983221 0.0191453993 0.200103045 152 191 209 
-0.757675886 0.0187814534 0.235948414 156 193 209 
-0.786053121 0.155827492 0.0158630833 133 178 205 
-0.835754633 0.17096594 0.0295597687 126 166 190 
-0.786346078 0.152486712 0.0664355084 132 178 204 
-0.801905513 0.156319052 0.0702300295 130 175 201 
-0.786998272 0.153855115 0.0811712071 133 179 204 
-0.75865835 0.0212354958 0.253781646 157 194 209 
-0.757214308 0.011069715 0.300450444 149 187 204 
-0.756122589 0.00228831172 0.34791109 144 180 198 
-0.771990657 0.00368091464 0.350412339 146 181 198 
-0.756079733 0.000794917345 0.36253804 143 178 195 
-0.787825227 0.153806925 0.119673796 136 180 203 
-0.788258493 0.151017517 0.170561522 144 187 207 
-0.804257214 0.151264042 0.172453672 141 183 204 
-0.788643539 0.151915252 0.178262651 143 186 207 
-0.759393811 0.0106499493 0.405176699 138 172 192 
-0.757700622 -0.000494867563 0.451285571 142 178 196 
-0.786772251 -0.00438269973 0.452365249 149 183 199 
-0.757674873 -0.00139322877 0.460085899 143 179 196 
-0.713355899 0.063141942 -0.199617878 158 201 222 
-0.711721539 0.0626147389 -0.197968811 158 201 222 
-0.712099016 0.0597876012 -0.149223179 160 203 223 
-0.712288976 0.0560421646 -0.0988821983 162 204 223 
-0.724710345 0.0559078753 -0.0975902975 161 203 222 
-0.71194005 0.0536119044 -0.0878936574 161 203 222 
-0.711936951 0.0501673818 -0.0497591496 161 203 222 
-0.712101519 0.0463221371 0.000524744391 162 204 222 
-0.744618535 0.0466034114 0.00425095111 156 198 217 
-0.711366475 0.0406878293 0.0293897912 163 204 222 
-0.738739908 0.166113526 -0.10765177 146 194 221 
-0.711391091 0.039038837 0.0488421991 164 205 222 
-0.712365746 0.0383767784 0.100946702 162 203 220 
-0.710322082 0.0258549154 0.146267891 158 198 217 
-0.714890718 0.0264731348 0.14710629 158 198 216 
-0.710460961 0.0261203349 0.149694353 158 198 217 
-0.739139736 0.166037381 -0.0884531289 148 195 220 
-0.738851249 0.160412252 -0.03918726 146 193 219 
-0.738249004 0.153598338 0.00888010114 146 195 219 
-0.712527215 0.0300274193 0.201137573 157 197 215 
-0.711064458 0.0197881162 0.247764349 153 192 211 
-0.72420311 0.0197333992 0.24917835 154 193 210 
-0.711266398 0.0200226009 0.254429132 152 191 210 
-0.738261998 0.153604984 0.0094024539 146 195 219 
-0.73861444 0.150498122 0.0601086691 142 189 215 
-0.737778306 0.142720997 0.108143665 141 188 216 
-0.749386728 0.146191001 0.111306943 139 186 214 
-0.738573432 0.145119578 0.117991842 140 187 215 
-0.712136686 0.0195093453 0.300088078 153 191 209 
-0.709973514 0.00651797652 0.345140785 151 189 206 
-0.710187674 0.0045978725 0.376309395 149 186 204 
-0.741949499 0.154618889 0.167431891 146 193 218 
-0.741853833 0.151274294 0.20020318 148 195 218 
-0.712371409 0.0114479959 0.400443673 146 183 201 
-0.712629735 0.00797131658 0.450938374 152 187 205 
-0.713085413 0.00885817409 0.46200332 149 185 202 
0.0792559534 0.174583703 -0.986093998 184 219 228 
0.0697632432 0.211491942 -0.960416079 165 199 208 
0.102472857 0.0542277694 -0.76533401 164 205 218 
0.103999451 0.0480933487 -0.716481209 157 202 219 
0.103570282 0.0542171896 -0.764827192 163 205 218 
0.105131298 0.0391542017 -0.669110775 164 207 223 
0.107125446 0.0268269181 -0.623678267 157 202 220 
0.0762682259 0.0205594301 -0.623696923 153 198 221 
0.107096136 0.0266778469 -0.620676875 156 201 220 
0.0591889471 0.253754675 -0.944581091 154 189 205 
0.0700650513 0.203889251 -0.889788866 159 203 219 
0.043111667 0.213606834 -0.881540835 152 198 216 
0.0631979853 0.233908147 -0.908097744 164 203 215 
0.0722659528 0.190749496 -0.844821095 150 188 207 
0.0617147684 0.195269734 -0.841202736 149 188 207 
0.0713736713 0.193434924 -0.833696723 151 189 208 
0.103981525 0.0346882939 -0.56669873 153 199 226 
0.0817548186 0.0402414799 -0.561235487 152 199 228 
0.103059053 0.0365785062 -0.545351446 154 201 228 
0.0601483285 0.247346401 -0.917416573 166 201 213 
0.069328472 0.197799772 -0.788305402 144 183 207 
0.0678986013 0.200553298 -0.753256917 141 187 214 
0.101830304 0.0386492014 -0.511950076 154 201 228 
0.102407053 0.031891197 -0.463332266 153 199 230 
0.0754610151 0.0342322588 -0.459097743 152 198 230 
0.102700278 0.0282697976 -0.436552376 153 198 231 
0.0670238435 0.202363461 -0.733212054 145 192 219 
0.0635518432 0.211986944 -0.680749655 137 186 217 
0.102695644 0.0262654424 -0.414066732 153 199 233 
0.102225363 0.0236214697 -0.36309579 153 201 237 
0.0723524243 0.0289940536 -0.356890559 154 202 237 
0.101988211 0.0217100978 -0.33096838 153 200 236 
0.0617779493 0.218484104 -0.67150861 140 189 220 
0.0573186278 0.232759207 -0.625409365 147 197 230 
0.10171403 0.0211388171 -0.31203258 153 200 235 
0.0553410649 0.2392845 -0.607128561 147 199 231 
0.0265938938 0.260185003 -0.592599988 147 199 230 
0.0521392524 0.248314723 -0.560479224 152 205 235 
0.040727213 0.294724464 -0.552267611 153 208 232 
-0.00615748763 0.33464545 -0.548495471 161 214 232 
0.0308895558 0.333340496 -0.529729128 160 211 230 
0.0233929008 0.360367417 -0.485886574 147 196 224 
0.0233045965 0.360672027 -0.485217303 147 196 224 
-0.0295712911 0.388526201 -0.464254588 165 210 233 
0.0186886862 0.374317288 -0.424929649 154 206 232 
0.01218196 0.375792444 -0.423412204 154 207 232 
0.0188004449 0.373017371 -0.41561529 155 207 233 
0.014413245 0.39111656 -0.415321231 160 211 235 
0.00772032887 0.417784035 -0.404383272 169 217 239 
0.0069777146 0.42033264 -0.398610979 169 217 239 
0.00162006915 0.437898159 -0.347833127 168 218 241 
-0.00024831295 0.444233745 -0.332457453 164 215 239 
-0.00339254737 0.452628106 -0.281385362 161 211 239 
-0.00368350744 0.45323962 -0.274823308 162 212 240 
-0.00901756436 0.470389634 -0.220510483 161 210 240 
-0.00988642871 0.473120689 -0.21096909 161 210 240 
-0.0141990781 0.485955656 -0.155599639 164 212 243 
-0.0147658065 0.487801194 -0.150089324 164 213 243 
0.116219461 0.171754181 -0.964699388 186 221 231 
0.0902528465 0.206662953 -0.942856014 181 221 232 
0.126530036 0.17154488 -0.959745526 182 217 228 
0.117969155 0.203840345 -0.925588071 171 210 224 
0.150491327 0.0509760678 -0.720021844 153 198 214 
0.149362311 0.0585151613 -0.751965761 153 194 211 
0.152373001 0.0390906036 -0.674336672 152 197 215 
0.152754143 0.0331012011 -0.625279129 157 202 219 
0.153106719 0.0298940539 -0.605826855 153 199 220 
0.068938911 0.242697954 -0.920911312 164 200 211 
0.115745589 0.209959865 -0.891506255 165 207 223 
0.118759304 0.193626374 -0.848365068 144 185 205 
0.116998747 0.198559493 -0.822354853 146 185 207 
0.152319551 0.0303170085 -0.574388444 151 199 223 
0.150105655 0.0346657932 -0.521073043 157 204 228 
0.115432635 0.202205926 -0.790974796 143 179 202 
0.114283919 0.202227622 -0.738479197 137 177 203 
0.110759705 0.202654868 -0.737859547 137 178 204 
0.114084348 0.202902228 -0.736812592 136 177 204 
0.150064841 0.0346844792 -0.519407213 156 203 228 
0.150502101 0.0284745991 -0.470475852 152 198 228 
0.151107103 0.021605581 -0.421921432 151 196 229 
0.125816002 0.0235804915 -0.418067932 151 197 231 
0.151102513 0.019646138 -0.399937421 151 197 231 
0.109268367 0.217443258 -0.67729342 146 195 221 
0.08951509 0.215866804 -0.67598033 142 191 220 
0.108875811 0.218602017 -0.672147632 147 195 222 
0.150959626 0.0176931918 -0.371675968 153 199 234 
0.150638029 0.014465034 -0.32103911 153 200 236 
0.121427536 0.0180324912 -0.315888643 153 200 236 
0.104636818 0.231149927 -0.616970658 156 207 235 
0.0788616836 0.231642261 -0.613870502 150 202 233 
0.104994997 0.227728918 -0.595399976 155 207 237 
0.102310672 0.23579815 -0.561828911 159 213 241 
0.065909043 0.24686116 -0.551810682 156 209 238 
0.0984233171 0.250176936 -0.543140173 164 218 242 
0.0934059173 0.270787179 -0.541816771 162 218 241 
0.0863230228 0.299993873 -0.541191936 159 214 235 
0.0765035152 0.33852005 -0.518488228 156 208 227 
0.0710870475 0.358483672 -0.491658419 155 206 229 
0.0254343897 0.360646129 -0.485465437 147 196 225 
0.0688602924 0.366272569 -0.475979537 153 204 229 
0.0664264113 0.372304708 -0.431270242 158 211 237 
0.0650708526 0.37494719 -0.398400515 155 206 234 
0.0147059336 0.417597204 -0.400948256 168 217 239 
0.0589239895 0.39729178 -0.364495605 161 212 236 
0.0519737303 0.403777778 -0.360203534 164 215 237 
0.0579171777 0.400276303 -0.351436943 162 214 237 
0.039750278 0.442013025 -0.338060826 167 217 240 
0.0475127697 0.441697925 -0.334055811 167 217 240 
0.0454949662 0.445565999 -0.284401745 161 212 237 
0.00670617819 0.452368945 -0.276438653 161 211 239 
0.0446044505 0.44601056 -0.248458207 164 214 239 
0.0432119817 0.450044602 -0.229357034 165 214 239 
0.00570968539 0.470481783 -0.214118421 161 209 238 
0.0406217501 0.455730438 -0.173621804 165 213 241 
0.0403942242 0.456037104 -0.173429981 165 213 241 
0.0405555218 0.45596981 -0.173240572 165 213 241 
-0.00728775561 0.485689849 -0.152059615 163 212 242 
0.0338537619 0.479061663 -0.122164309 163 211 239 
0.0326140225 0.48270303 -0.105711535 165 214 242 
0.169210553 0.185443461 -0.910717964 177 214 227 
0.145583332 0.197215497 -0.901717782 175 213 227 
0.172714204 0.173901707 -0.943315744 179 214 227 
0.167141408 0.191404641 -0.881965518 173 209 222 
0.195389479 0.0601207316 -0.719981015 150 193 210 
0.195312828 0.0620286167 -0.737662077 148 190 207 
0.198320538 0.0441121161 -0.676654041 150 195 212 
0.199983239 0.0330870748 -0.630476713 153 201 217 
0.199934304 0.0290654004 -0.583541274 148 196 220 
0.164648831 0.198875695 -0.850552201 150 188 204 
0.163117141 0.201241702 -0.806523204 128 170 194 
0.199772537 0.0294231176 -0.580089152 148 197 220 
0.198428512 0.0302123427 -0.527154505 151 200 226 
0.152294844 0.0344753563 -0.519766033 156 204 228 
0.19845885 0.0262847841 -0.4849042 153 198 226 
0.16323851 0.199925393 -0.797468662 125 167 193 
0.162005126 0.200279921 -0.744782686 150 190 210 
0.159931481 0.206927389 -0.723449647 148 192 213 
0.198377788 0.0259198248 -0.477126539 153 198 226 
0.198865503 0.0195115507 -0.428308576 151 196 227 
0.199176013 0.013799727 -0.379092306 152 198 231 
0.184007496 0.0148255527 -0.376867473 152 198 233 
0.199115634 0.0129487514 -0.366863459 152 198 232 
0.156634092 0.216892272 -0.682798028 152 200 225 
0.15525654 0.219985545 -0.653928638 157 208 231 
0.198733807 0.0110454559 -0.328184426 152 199 234 
0.152957708 0.226845816 -0.624621868 165 216 238 
0.150524884 0.233324721 -0.584924281 162 215 241 
0.119842038 0.259915262 -0.550635934 164 219 243 
0.141178846 0.269506812 -0.557911515 162 216 241 
0.131593585 0.306873322 -0.533076048 162 216 238 
0.121199802 0.348242342 -0.515598178 158 209 230 
0.118948057 0.355986595 -0.498276085 159 210 233 
0.114894122 0.3693735 -0.460917622 155 206 232 
0.112805113 0.375631988 -0.434556633 155 207 234 
0.110010505 0.383464754 -0.393295854 150 202 232 
0.107423738 0.3922849 -0.372548759 153 204 234 
0.104980856 0.398278952 -0.327003002 166 218 240 
0.0959504992 0.432898402 -0.297117591 161 217 241 
0.0959336907 0.432940423 -0.296812475 161 217 241 
0.0975630134 0.422046542 -0.250560105 174 226 246 
0.057807982 0.441897959 -0.2353926 169 218 242 
0.0988031626 0.412681907 -0.203433067 172 222 244 
0.0734832436 0.422852218 -0.195118219 172 222 245 
0.0979042351 0.413141847 -0.167274147 170 222 246 
0.0976131856 0.412865818 -0.150844708 168 221 246 
0.0660812259 0.43941462 -0.132937521 169 218 244 
0.0983486921 0.405484021 -0.10258358 168 220 245 
0.0888171792 0.422077864 -0.0925093293 166 220 245 
0.0434004664 0.475118756 -0.111022577 165 213 242 
0.07172665 0.459135085 -0.0704726279 170 218 245 
0.217861682 0.173516154 -0.922552466 153 190 206 
0.220066011 0.16668871 -0.874151111 142 177 194 
0.18760252 0.184546143 -0.860869646 158 194 208 
0.219592839 0.172820479 -0.920565844 151 188 204 
0.218028486 0.170480043 -0.822738051 161 195 209 
0.213932127 0.0583659112 -0.722973228 147 190 207 
0.243300587 0.0529352129 -0.676797092 151 195 212 
0.243390828 0.0550100505 -0.70399785 147 189 207 
0.246487856 0.0359196663 -0.634046018 151 198 214 
0.246767521 0.030328989 -0.584760487 147 195 218 
0.205055773 0.0288917422 -0.580958784 147 196 220 
0.246979684 0.0271589756 -0.559274435 146 194 220 
0.21777916 0.171182543 -0.819097638 161 195 209 
0.169543698 0.198529154 -0.798920989 128 169 194 
0.210835636 0.19600299 -0.776130736 155 190 207 
0.246064216 0.0286006331 -0.533265829 148 197 223 
0.246097744 0.023977071 -0.483427167 150 195 224 
0.208845854 0.0253233314 -0.478601336 152 197 225 
0.246603698 0.0189355016 -0.450631887 149 193 224 
0.208607703 0.202727646 -0.748572171 156 196 214 
0.205679238 0.211444616 -0.710991263 158 200 222 
0.246689111 0.0171615779 -0.434842139 148 193 225 
0.246785522 0.0122909546 -0.385144711 149 194 228 
0.24683243 0.00771826506 -0.336486101 151 197 231 
0.203900009 0.216733605 -0.688078225 157 201 225 
0.203183323 0.215057835 -0.636553526 162 210 234 
0.191191494 0.217637047 -0.633832693 165 212 236 
0.202399522 0.217596009 -0.628773749 165 212 236 
0.246829182 0.00762757659 -0.335328788 151 197 231 
0.196868867 0.235377073 -0.572448671 172 224 245 
0.18876031 0.235402614 -0.571543753 171 223 245 
0.196685076 0.235800147 -0.568712533 172 225 245 
0.186381012 0.276020557 -0.549186587 166 221 243 
0.186522722 0.276023507 -0.549128711 166 221 243 
0.18642661 0.276407391 -0.54898119 166 221 243 
0.176445127 0.315827161 -0.528773308 163 215 237 
0.172925532 0.329456568 -0.518639505 158 210 233 
0.157522991 0.351423383 -0.504997253 153 204 228 
0.167429835 0.350372195 -0.498751163 152 203 228 
0.160691783 0.373643637 -0.44800505 148 200 231 
0.159809157 0.376502246 -0.439248353 148 200 231 
0.157725692 0.38019681 -0.384652048 156 210 240 
0.140046224 0.383901298 -0.380694121 154 208 237 
0.156718954 0.383226216 -0.372095019 158 212 241 
0.152771875 0.395169884 -0.323604941 157 208 237 
0.121526316 0.39777267 -0.318755597 164 216 239 
0.151759848 0.39769119 -0.305160224 155 207 235 
0.0962061882 0.432837963 -0.296898127 161 217 241 
0.149264887 0.404457897 -0.265809476 157 210 238 
0.112620279 0.413971066 -0.256607652 172 225 245 
0.149853066 0.39765501 -0.217217237 164 215 241 
0.143432423 0.398589075 -0.216003567 165 217 242 
0.150863364 0.392044485 -0.201254487 167 218 242 
0.152471215 0.382875741 -0.173187122 171 223 244 
0.105345696 0.40772447 -0.154491231 169 223 247 
0.154281825 0.371269614 -0.127342135 165 218 240 
0.111144051 0.386288106 -0.11443197 172 223 245 
0.253627002 0.15933308 -0.881840467 143 176 193 
0.269745946 0.152552933 -0.83494246 144 178 193 
0.22039175 0.169642717 -0.820222497 161 195 209 
0.269783497 0.155343443 -0.8676759 145 179 194 
0.266183168 0.163081944 -0.788375974 153 191 208 
0.289474994 0.0570652187 -0.679624379 147 188 205 
0.28912127 0.0596130192 -0.691697001 147 188 205 
0.291734636 0.0436945558 -0.634788632 148 194 212 
0.294479758 0.028416574 -0.59104377 146 193 214 
0.2932944 0.0288695395 -0.541656613 146 194 217 
0.263636053 0.172068268 -0.771297336 155 194 211 
0.238702565 0.192428738 -0.757481694 157 194 211 
0.259606212 0.185555965 -0.736163914 164 201 217 
0.293223619 0.0288603902 -0.538306713 147 194 218 
0.293483853 0.0233460367 -0.488977551 149 194 220 
0.294065207 0.0165699422 -0.440369993 148 192 223 
0.267114311 0.0165869594 -0.437399179 148 192 224 
0.294232458 0.0141409636 -0.421055883 148 192 224 
0.250920355 0.218469933 -0.703143418 145 188 213 
0.294331342 0.0110324621 -0.391053975 148 193 226 
0.294246584 0.00687357783 -0.340949506 150 196 229 
0.248432219 0.00757926702 -0.335531235 151 197 231 
0.249544382 0.222946286 -0.689714313 145 190 214 
0.250930756 0.213007078 -0.642915905 170 214 233 
0.248867989 0.218545273 -0.60975647 170 218 237 
0.232222706 0.245922416 -0.570597053 171 222 243 
0.24083361 0.248234168 -0.570807338 171 222 243 
0.23997274 0.251572043 -0.568375349 171 221 243 
0.231651366 0.283605665 -0.542304516 164 218 239 
0.188023746 0.317612022 -0.526741862 161 213 235 
0.22241509 0.319244415 -0.514292896 162 214 234 
0.213492155 0.353332192 -0.483430147 151 204 231 
0.20979315 0.365663439 -0.450637132 147 200 230 
0.176349968 0.374334365 -0.442245275 146 199 230 
0.207528859 0.372768223 -0.42563349 146 198 230 
0.20507127 0.379725099 -0.390111357 155 207 237 
0.202404976 0.388048947 -0.36019823 152 205 236 
0.199163884 0.398444921 -0.326921254 150 202 235 
0.197343647 0.403019935 -0.294193596 154 206 236 
0.196660936 0.403787792 -0.271382213 152 206 236 
0.197456032 0.396171808 -0.223255008 158 210 239 
0.197758138 0.390883327 -0.178357691 155 208 236 
0.197754949 0.390505522 -0.174012691 155 208 236 
0.198958129 0.381286174 -0.126802564 167 218 241 
0.298112929 0.147260755 -0.840938509 139 174 190 
0.316903144 0.148329288 -0.790064454 137 176 193 
0.281579763 0.161613017 -0.778956771 149 188 205 
0.318749487 0.143928796 -0.825930357 137 173 190 
0.313872963 0.157984823 -0.758243799 145 184 201 
0.309682816 0.058701843 -0.680954695 147 189 206 
0.338088155 0.0471208096 -0.638018429 147 191 209 
0.33693409 0.0539071262 -0.66044569 146 190 208 
0.338861346 0.0395910144 -0.589841962 142 188 211 
0.339504957 0.0325702429 -0.541374326 144 189 213 
0.300836444 0.0292349458 -0.538939536 146 193 217 
0.340292662 0.0271958411 -0.517817616 145 190 214 
0.309494644 0.172947347 -0.723500848 155 196 213 
0.288809717 0.181717038 -0.716457307 162 202 219 
0.30715391 0.181162417 -0.707325041 156 199 217 
0.340484709 0.0242287219 -0.493662149 147 191 216 
0.34105584 0.0174926817 -0.445031673 147 191 220 
0.341617733 0.0107930303 -0.396380395 147 191 223 
0.337106287 0.0106882453 -0.395941675 147 191 223 
0.341646135 0.0104109645 -0.393436819 147 191 223 
0.264700502 0.217075378 -0.694573522 148 192 216 
0.299784243 0.207560807 -0.66232717 165 205 224 
0.341559082 0.0065318346 -0.346334457 150 194 226 
0.298828274 0.210366502 -0.649615645 167 208 226 
0.295891672 0.217413336 -0.593101978 173 223 242 
0.290119946 0.218742162 -0.5917449 172 223 242 
0.295505911 0.218655586 -0.58919692 173 224 242 
0.242218494 0.248341829 -0.570379376 172 222 243 
0.286918193 0.251083761 -0.555283427 176 229 244 
0.276658565 0.291788787 -0.536585033 163 216 234 
0.26798746 0.324629724 -0.503430247 162 212 232 
0.259425491 0.356930554 -0.469282627 150 201 231 
0.258236766 0.360877037 -0.458564192 147 198 229 
0.253753543 0.374924242 -0.408834547 148 200 231 
0.252699643 0.378141999 -0.39620623 149 202 232 
0.248703331 0.389840364 -0.342729062 151 204 237 
0.248041362 0.391953826 -0.335823327 151 204 237 
0.243504524 0.405491948 -0.277975529 156 206 238 
0.243420124 0.405620068 -0.275523692 156 206 238 
0.245348722 0.393550128 -0.229943961 154 208 239 
0.246663243 0.383893311 -0.182984039 151 205 237 
0.201532662 0.389812022 -0.174805075 154 207 236 
0.25001967 0.366213232 -0.140613079 152 203 236 
0.226258814 0.372956991 -0.134333536 161 209 237 
0.365400404 0.143332273 -0.798112035 130 165 183 
0.365570933 0.14313072 -0.803700924 131 166 184 
0.35978049 0.161711186 -0.744331539 150 188 205 
0.361105889 0.0483086109 -0.639901638 149 192 209 
0.385463476 0.0420403481 -0.593630552 144 189 209 
0.384803593 0.0479207039 -0.628678679 148 192 210 
0.385384738 0.0378580093 -0.543539464 146 191 212 
0.38659212 0.0289818048 -0.500338376 146 191 213 
0.357336789 0.170524418 -0.730076194 152 193 210 
0.352428854 0.188020319 -0.699169457 155 200 218 
0.386552274 0.0287785828 -0.496249288 146 192 213 
0.387175828 0.0218366683 -0.447736561 151 196 218 
0.388001531 0.0141003728 -0.3996782 152 196 221 
0.388561308 0.00914892554 -0.370354533 152 197 223 
0.34882322 0.199484736 -0.661028981 172 214 230 
0.316626459 0.206803873 -0.653509498 170 211 228 
0.346721023 0.206191912 -0.639048457 179 223 236 
0.388561696 0.00740754604 -0.351023048 152 198 225 
0.341588318 0.22342062 -0.594855547 169 220 240 
0.340688378 0.225971267 -0.581882894 169 221 242 
0.331828415 0.259747088 -0.550446689 175 225 240 
0.32193476 0.2986404 -0.528417885 174 222 237 
0.313171089 0.331939459 -0.496105343 165 214 234 
0.308714926 0.348096609 -0.471063495 155 204 231 
0.27873385 0.357921839 -0.462424129 148 199 230 
0.306205571 0.35633716 -0.447429508 150 199 230 
0.302568316 0.367756367 -0.407335818 144 195 229 
0.274828106 0.375330508 -0.400167316 145 198 230 
0.300651073 0.373749524 -0.385912776 141 193 228 
0.298041523 0.381051511 -0.347248405 146 197 231 
0.258579999 0.389751732 -0.33817929 151 204 236 
0.295730501 0.388023913 -0.318627596 150 200 234 
0.291849107 0.400891364 -0.283417761 152 201 234 
0.249386698 0.40588057 -0.276037633 156 206 237 
0.294109255 0.387518704 -0.238583148 156 207 239 
0.280420393 0.390552223 -0.235428691 158 209 240 
0.294212371 0.385454416 -0.220378697 156 208 239 
0.295126528 0.37902987 -0.190955177 152 205 238 
0.296483546 0.369205922 -0.144090861 150 204 238 
0.371550679 0.142196029 -0.799405932 131 166 184 
0.409905583 0.149529338 -0.747273862 140 179 197 
0.377300352 0.161941677 -0.736938834 147 186 203 
0.413020492 0.139223188 -0.775755525 142 180 197 
0.40652138 0.161311954 -0.722835302 141 180 198 
0.431552589 0.0465055108 -0.596266091 141 184 204 
0.431348383 0.0484921336 -0.608966827 141 184 203 
0.431734264 0.0412999392 -0.546760261 145 190 210 
0.431659281 0.0371027887 -0.496677727 149 195 213 
0.410034895 0.0328258574 -0.496628076 148 193 213 
0.43179065 0.0362178385 -0.49287793 149 195 214 
0.399034977 0.188288182 -0.678899527 159 203 220 
0.432323456 0.0300011337 -0.448256344 152 198 218 
0.4339028 0.0193037391 -0.401891589 152 198 220 
0.435354829 0.00910639763 -0.355240852 148 196 220 
0.419594169 0.00781401992 -0.354211986 150 197 222 
0.397409588 0.194137424 -0.669276893 161 204 221 
0.393833995 0.203950554 -0.614165902 178 223 234 
0.392978817 0.2070553 -0.609405279 178 223 235 
0.385958314 0.232853904 -0.573772788 173 223 240 
0.375873059 0.272695422 -0.553487003 165 214 230 
0.366971046 0.306679696 -0.522434056 175 220 232 
0.358504862 0.338506073 -0.487414241 156 205 229 
0.357783556 0.340854585 -0.480395079 155 204 229 
0.353393823 0.353723347 -0.421862274 149 198 230 
0.353188008 0.354419798 -0.420153201 149 198 230 
0.348368704 0.368864298 -0.359408408 145 196 232 
0.345589876 0.369618058 -0.358693033 144 196 232 
0.348192692 0.369386315 -0.357129693 145 196 232 
0.34190768 0.390415192 -0.302261174 149 198 232 
0.341298819 0.392151833 -0.293605834 149 198 234 
0.34297365 0.381079108 -0.247455746 150 202 236 
0.344368041 0.371108443 -0.200675324 157 206 238 
0.315017968 0.376086503 -0.194742143 155 206 238 
0.344040215 0.369773448 -0.170790493 154 205 238 
0.344064087 0.367810965 -0.150078163 152 205 238 
0.446635008 0.13752985 -0.757837534 137 177 196 
0.460209608 0.136604875 -0.750180006 135 175 195 
0.453432083 0.160071999 -0.699793637 145 183 200 
0.457195818 0.0487266779 -0.597875714 137 179 199 
0.477361679 0.0475791097 -0.548358321 142 186 206 
0.477624238 0.0503950417 -0.59170258 136 178 198 
0.47781074 0.0413229167 -0.499453455 147 193 214 
0.478024244 0.0383299887 -0.475998312 149 195 215 
0.452043891 0.165026516 -0.691116452 144 183 201 
0.408883244 0.18794015 -0.673908949 157 200 218 
0.446448624 0.184558362 -0.65128088 155 196 214 
0.477710903 0.0372235477 -0.449314922 153 198 218 
0.478382468 0.0300929546 -0.400910109 151 197 219 
0.4807235 0.016402483 -0.35625726 146 192 217 
0.444168925 0.191477329 -0.623504639 173 213 227 
0.396312982 0.20325163 -0.611840844 180 224 235 
0.440804005 0.202417225 -0.590584934 186 229 238 
0.432400823 0.233931512 -0.554991424 179 230 243 
0.422801971 0.271365553 -0.530279994 180 234 244 
0.412820876 0.310691506 -0.509046555 171 220 234 
0.411411405 0.315698296 -0.49997279 167 216 234 
0.366789043 0.338041127 -0.482915133 156 205 230 
0.406516343 0.331816971 -0.454355508 158 205 231 
0.430352211 0.214323968 -0.243055195 195 243 254 
0.427111924 0.215602875 -0.242003411 195 243 254 
0.429339945 0.218830347 -0.246654958 194 243 254 
0.40457803 0.338056475 -0.434701741 159 204 230 
0.35540393 0.353639454 -0.42082119 149 198 230 
0.400945038 0.349312633 -0.392991871 155 202 230 
0.427153826 0.22689113 -0.235867351 192 240 252 
0.399510354 0.353476793 -0.373398811 154 201 230 
0.396295726 0.36224395 -0.323237717 146 196 230 
0.395811915 0.363517135 -0.31517306 146 196 231 
0.34989199 0.38901335 -0.296257406 148 198 232 
0.394297272 0.364976674 -0.261855096 151 203 236 
0.375689209 0.372417569 -0.255762547 148 201 236 
0.393830389 0.36436367 -0.233608991 147 201 236 
0.393763781 0.362581044 -0.210742086 148 200 235 
0.394605756 0.354780912 -0.162720218 154 206 237 
0.361052155 0.364388943 -0.153806478 153 205 237 
0.504784703 0.143355399 -0.708700776 144 181 198 
0.4633829 0.15993759 -0.695130825 144 183 200 
0.506445467 0.138705909 -0.733280003 134 170 188 
0.500231206 0.15938428 -0.677767158 147 185 201 
0.524332821 0.0485786796 -0.552976072 136 179 198 
0.524159372 0.0510142148 -0.572078526 136 177 197 
0.524246931 0.044424504 -0.50286895 147 191 210 
0.523045421 0.0464440584 -0.470151901 151 197 215 
0.493137479 0.184628457 -0.632611334 148 190 209 
0.491564691 0.185112834 -0.632175028 148 191 209 
0.493013322 0.185031474 -0.631388187 148 191 209 
0.522479117 0.0468789041 -0.448981971 151 198 217 
0.522616863 0.0418459177 -0.399377435 149 196 218 
0.524323881 0.0306465626 -0.353299767 144 190 215 
0.489243388 0.19543758 -0.57394588 175 219 231 
0.477539003 0.20007199 -0.570138633 178 223 234 
0.488419294 0.197689086 -0.561131001 180 225 234 
0.443598747 0.233050853 -0.548468947 182 232 245 
0.480779409 0.225425065 -0.51859194 188 236 248 
0.434891224 0.272137105 -0.526249647 177 231 241 
0.469888389 0.269255728 -0.505639255 181 229 239 
0.427652299 0.31157881 -0.503998339 166 213 229 
0.459638476 0.309912592 -0.486852407 162 208 223 
0.455657184 0.322914392 -0.448551804 160 208 231 
0.432130992 0.331016868 -0.441558927 157 204 230 
0.453785062 0.32880491 -0.42805621 157 205 230 
0.47149241 0.242726654 -0.284482807 186 237 251 
0.461673319 0.246808052 -0.2811836 186 236 251 
0.469499588 0.251010954 -0.285049498 184 235 250 
0.4755916 0.222127855 -0.243781179 184 238 253 
0.451514482 0.334700286 -0.389327615 158 205 230 
0.419769406 0.346378833 -0.379486233 155 201 231 
0.449114084 0.341843367 -0.358498991 155 203 231 
0.46883291 0.253176481 -0.278505981 183 234 250 
0.428135097 0.257044375 -0.219572157 183 232 249 
0.462414026 0.276002795 -0.237465888 174 227 246 
0.447409213 0.346339375 -0.33018741 155 205 233 
0.403346837 0.360757887 -0.317502052 147 197 231 
0.444614947 0.354031205 -0.287378132 155 204 233 
0.459847748 0.283989549 -0.208399117 174 226 246 
0.44397068 0.355358303 -0.272545815 155 204 234 
0.443504333 0.352698863 -0.221583694 148 200 233 
0.417156309 0.359614551 -0.214926362 145 198 234 
0.442135096 0.356223047 -0.197881907 146 197 232 
0.442210257 0.35329181 -0.168761402 150 200 231 
0.542332709 0.137852997 -0.715820074 146 181 197 
0.553303838 0.137725413 -0.710715294 147 182 197 
0.547174156 0.157985181 -0.654432893 144 183 203 
0.569833755 0.0553550124 -0.554289818 141 182 200 
0.569938898 0.0553744733 -0.559331536 141 182 200 
0.569682062 0.0514593422 -0.504034817 141 185 204 
0.568035185 0.0547138751 -0.464591831 150 195 213 
0.546949148 0.158750027 -0.652602077 144 184 203 
0.541270375 0.177126616 -0.596094608 146 188 208 
0.567201972 0.0567124188 -0.448547095 155 200 217 
0.568190753 0.0483356714 -0.400855035 149 194 215 
0.568514049 0.0425732732 -0.351667702 150 194 215 
0.540023863 0.18146944 -0.587124467 150 192 211 
0.53551209 0.195547849 -0.536432505 182 222 234 
0.534371734 0.199186146 -0.524508119 182 222 233 
0.493506789 0.222290933 -0.507448912 187 233 245 
0.530483246 0.210358098 -0.470132381 192 233 244 
0.491631985 0.263030976 -0.485080808 182 228 238 
0.529591322 0.21347788 -0.463850766 192 235 246 
0.501803875 0.242653191 -0.444926292 185 233 247 
0.528906941 0.211675227 -0.412398636 194 239 250 
0.511284232 0.222108036 -0.404786825 192 239 251 
0.527323961 0.215913266 -0.386818856 190 238 250 
0.477467954 0.300796509 -0.46298036 175 222 234 
0.515277922 0.269718826 -0.431683511 180 227 241 
0.510168612 0.290754974 -0.430873096 179 225 236 
0.518287838 0.253400236 -0.388533831 177 226 244 
0.526320219 0.217347279 -0.356671304 186 236 250 
0.48627162 0.234407887 -0.342989713 183 234 250 
0.516137064 0.261208445 -0.376558453 173 223 242 
0.526452005 0.212337643 -0.307053417 189 238 250 
0.508897126 0.217044383 -0.302563936 189 240 251 
0.526135862 0.211709887 -0.285566419 190 241 251 
0.508712351 0.2955167 -0.416928291 181 227 239 
0.474085152 0.318331748 -0.400712103 174 221 237 
0.510034025 0.2858316 -0.369984567 172 222 239 
0.50178206 0.302195758 -0.360175878 172 221 237 
0.495869458 0.277924836 -0.320371687 172 222 241 
0.52612859 0.20911634 -0.256412655 188 243 253 
0.466679811 0.334893376 -0.338531494 161 213 236 
0.482061744 0.315776646 -0.29826349 167 216 238 
0.485985279 0.293886453 -0.258245051 169 220 241 
0.454430342 0.35028249 -0.276456386 157 205 233 
0.468846798 0.330932051 -0.236209422 160 210 235 
0.474131644 0.309371382 -0.19616133 163 215 239 
0.455783546 0.346124172 -0.174152032 150 200 232 
0.599123299 0.139305264 -0.668913066 139 177 193 
0.549422562 0.157923043 -0.65332377 144 183 203 
0.600539804 0.134874791 -0.684712768 139 177 192 
0.595191002 0.151269019 -0.62132442 137 177 195 
0.581027329 0.0558594167 -0.555245459 143 183 200 
0.615161002 0.0583219826 -0.505299151 144 185 202 
0.616084814 0.0579203069 -0.54324919 150 187 203 
0.614789903 0.0552881658 -0.45455116 148 188 206 
0.60117203 0.0562494695 -0.452531815 150 191 209 
0.614256263 0.0568878055 -0.447825819 149 189 207 
0.593592882 0.156543851 -0.606570184 139 179 197 
0.550518751 0.176542431 -0.59095794 146 187 207 
0.588430643 0.174651116 -0.570781648 149 190 209 
0.613287747 0.0566988587 -0.401261121 148 190 210 
0.588241279 0.0486339033 -0.350538582 148 192 213 
0.612327874 0.0563495755 -0.353310853 146 190 212 
0.585030615 0.185695529 -0.537413657 155 198 216 
0.547150791 0.194081217 -0.528689444 179 219 231 
0.584016323 0.18641904 -0.498888999 163 207 225 
0.612034559 0.0571309328 -0.348530859 147 191 212 
0.583440304 0.187452406 -0.483925581 164 208 227 
0.533796012 0.209202796 -0.466638416 192 233 245 
0.580377817 0.194993764 -0.427129149 176 222 236 
0.574020445 0.196099013 -0.425829291 179 225 238 
0.580073357 0.1958538 -0.42270717 176 223 237 
0.576211214 0.20687367 -0.367851198 178 226 243 
0.556966007 0.210325137 -0.363858849 182 230 245 
0.575479507 0.208510727 -0.352448642 179 227 244 
0.518281221 0.28783524 -0.42215839 180 225 237 
0.519847035 0.265374422 -0.38219136 172 221 240 
0.574308038 0.209860027 -0.313659966 177 226 243 
0.574266315 0.205531895 -0.263652265 175 226 244 
0.562017679 0.207062036 -0.261473894 178 230 246 
0.625395894 0.135118037 -0.674077868 133 172 189 
0.647709846 0.12946564 -0.627247214 136 175 191 
0.60637629 0.148868501 -0.612150252 135 175 193 
0.648056984 0.130632669 -0.656152308 133 172 189 
0.643026292 0.145452172 -0.589869201 140 178 194 
0.661499083 0.0618088543 -0.508494258 136 174 191 
0.662602603 0.0586254895 -0.523783267 137 173 191 
0.661077738 0.0589726865 -0.457633257 143 182 199 
0.659632683 0.0632432997 -0.438746661 146 184 202 
0.636784673 0.167901635 -0.55278039 135 175 195 
0.628208458 0.172506869 -0.549332798 136 176 197 
0.636178672 0.169266105 -0.540120244 134 174 195 
0.65856719 0.064345479 -0.402077109 145 185 204 
0.660154343 0.0536171794 -0.355730027 140 182 203 
0.618767321 0.0560225248 -0.349873662 145 189 210 
0.633449912 0.176512986 -0.495371908 139 181 202 
0.603868604 0.184969544 -0.487521052 155 199 218 
0.631112397 0.184261471 -0.474160463 143 185 206 
0.630502343 0.18360287 -0.438833684 150 192 212 
0.628763914 0.185941756 -0.385012776 164 204 223 
0.628047764 0.18633613 -0.384719521 165 204 223 
0.628682852 0.186203957 -0.384205818 164 204 223 
0.626887858 0.188821465 -0.330882519 161 210 227 
0.601076126 0.19816184 -0.322965086 169 220 235 
0.625805259 0.190364718 -0.298328966 162 214 232 
0.624922752 0.192050844 -0.27655229 165 216 235 
0.685364187 0.126793146 -0.632838726 137 175 193 
0.696204126 0.119988561 -0.585373938 131 166 184 
0.670423448 0.141530812 -0.570822299 138 174 192 
0.696174443 0.123418719 -0.622128725 135 173 190 
0.691693127 0.135518461 -0.550845981 133 170 189 
0.680873513 0.057186693 -0.513137698 137 173 190 
0.70881325 0.0569687188 -0.463968903 133 171 189 
0.710483193 0.0525843501 -0.491915673 133 169 186 
0.707592309 0.0572744012 -0.411310881 143 183 201 
0.703539848 0.0581870675 -0.410369098 143 183 201 
0.707373917 0.0578917563 -0.408146739 143 183 201 
0.682986438 0.168536007 -0.518015802 137 176 194 
0.706282198 0.0579301119 -0.358452678 138 179 199 
0.682673573 0.168661714 -0.505051911 138 178 198 
0.679367304 0.177161098 -0.447707534 135 172 191 
0.674715936 0.179277837 -0.446044952 136 173 192 
0.678892612 0.178717107 -0.443206102 136 172 192 
0.677942097 0.178269386 -0.394590467 151 188 207 
0.675787091 0.184006184 -0.359403402 155 197 214 
0.674904644 0.185712457 -0.337850213 152 196 215 
0.674181461 0.184061915 -0.28631103 167 210 228 
0.655191541 0.188420296 -0.281853378 165 212 231 
0.743855894 0.118313551 -0.591521382 133 169 186 
0.743872583 0.118280828 -0.591921568 133 169 186 
0.739228606 0.132003546 -0.531208158 124 160 179 
0.735530913 0.13444978 -0.529471159 124 161 180 
0.738648295 0.134058625 -0.527400076 123 160 180 
0.745644152 0.050024122 -0.47179392 135 170 187 
0.755493343 0.0546200871 -0.41801849 135 172 190 
0.757898927 0.0488443077 -0.464278162 135 169 186 
0.753240883 0.0618187189 -0.394603282 140 178 196 
0.695757747 0.166016817 -0.507928491 138 177 196 
0.731351018 0.160098612 -0.481743276 142 178 196 
0.751740277 0.064874649 -0.359670192 138 176 194 
0.730226338 0.162884086 -0.461062789 138 174 193 
0.725779593 0.177594692 -0.420380473 141 179 198 
0.724079311 0.182545424 -0.397334218 143 183 201 
0.723784983 0.179210126 -0.346758723 138 180 202 
0.70928371 0.183158904 -0.343017101 143 186 207 
0.722945392 0.181540549 -0.334108561 138 180 202 
0.722029865 0.181614578 -0.292900264 137 178 199 
0.74825424 0.119175404 -0.591535926 133 168 185 
0.790956974 0.114310861 -0.546517074 142 177 191 
0.789812922 0.12184459 -0.57771045 133 167 181 
0.785426438 0.133474797 -0.50556457 136 171 187 
0.804922104 0.0459629297 -0.428159475 133 166 183 
0.805269599 0.045327425 -0.437050819 131 164 181 
0.804120123 0.0446221232 -0.376443207 140 176 193 
0.787207484 0.0555984378 -0.36861375 139 176 193 
0.78488487 0.13367787 -0.482956886 136 170 188 
0.74598521 0.155334234 -0.466901541 138 174 192 
0.781340659 0.143616587 -0.430682451 129 166 185 
0.779713631 0.149505287 -0.42142114 129 165 185 
0.753974855 0.175622076 -0.404385567 136 172 191 
0.773495257 0.172369689 -0.390013158 127 163 183 
0.772673368 0.172676384 -0.355685145 131 169 190 
0.770039678 0.179391623 -0.309395969 136 174 194 
0.769179404 0.181913018 -0.297919005 136 174 194 
-1.03729737 0.0790735781 -0.574214756 158 198 209 
-1.05053163 0.0818618834 -0.571243703 172 209 219 
-1.04063785 0.0941437781 -0.588314891 162 201 215 
-1.03793347 0.0807560384 -0.56370455 157 196 209 
-1.04076171 0.0926860273 -0.566429019 167 206 217 
-1.04003835 0.0853516161 -0.518140852 164 198 212 
-1.05447435 0.0992615521 -0.508987665 181 210 219 
-1.04623175 0.111751646 -0.527157605 186 220 229 
-1.03532314 0.062333107 -0.478823245 169 209 219 
-1.04549766 0.0785945058 -0.468859226 177 216 223 
-1.03839993 0.0729806423 -0.455885798 176 214 221 
-1.04900837 0.120597512 -0.497981817 171 204 215 
-1.04479802 0.0995619297 -0.457530051 163 200 211 
-1.04204679 0.0842597485 -0.413799018 165 200 211 
-1.05691671 0.0941845775 -0.406766027 159 192 204 
-1.04754627 0.108173937 -0.427055389 155 190 203 
-1.04284811 0.0849155188 -0.384300023 177 210 220 
-1.0506649 0.118122518 -0.394431055 152 187 202 
-1.04569244 0.0940927565 -0.355691791 173 202 213 
-1.06312132 0.111036837 -0.344559222 154 181 193 
-1.05297875 0.124982059 -0.364427835 149 181 196 
-1.04923928 0.106470406 -0.330398351 164 192 202 
-1.05629003 0.135733366 -0.331875265 153 183 197 
-1.05597115 0.129988521 -0.282677889 159 188 201 
-1.05700862 0.130870372 -0.282084167 159 188 200 
-1.05652106 0.132433593 -0.284600347 158 188 200 
-1.05611825 0.130439699 -0.280935019 158 188 200 
-1.05636978 0.131555378 -0.281781703 158 188 200 
-1.05472362 0.116103292 -0.185653239 155 184 195 
-1.06299269 0.124936134 -0.179939628 150 178 190 
-1.0594629 0.136912495 -0.19930841 153 184 195 
-1.05582023 0.118879199 -0.166158229 150 179 192 
-1.05905271 0.133113593 -0.175924122 145 174 187 
-0.971507072 0.0240953267 -0.820781946 152 179 190 
-0.976096511 0.0264622867 -0.818990111 146 173 188 
-0.967630029 0.00436970592 -0.779580951 132 169 179 
-0.971735537 0.00467798114 -0.778962135 131 169 179 
-0.967679799 0.00429710746 -0.776491582 134 172 181 
-0.981745183 0.0508480072 -0.648031116 170 205 210 
-0.99855274 0.0760889649 -0.632453442 164 193 202 
-0.991237581 0.0906641185 -0.654681563 171 198 205 
-0.975130081 0.0203637183 -0.612983584 196 235 243 
-0.986471713 0.0561732948 -0.592257321 176 212 220 
-0.97505784 0.0155880749 -0.563231885 181 219 229 
-0.993043125 0.031742841 -0.552467525 163 204 217 
-0.974712312 0.00973856449 -0.514094353 176 209 218 
-0.980919898 0.0118373632 -0.51227051 178 212 221 
-0.974702656 0.00880894065 -0.504209161 169 203 212 
-1.00345373 0.116096556 -0.610151231 191 223 230 
-0.998705328 0.117548138 -0.610576272 194 225 231 
-1.00966358 0.0689138472 -0.530420542 161 199 212 
-0.989749432 0.0508941412 -0.490053862 158 194 205 
-0.979271948 0.0231626034 -0.453933269 170 200 210 
-0.986378312 0.028870225 -0.450047493 172 201 211 
-0.980393291 0.0268955231 -0.443931788 171 201 210 
-0.998790145 0.117822111 -0.609724998 193 224 230 
-0.999245822 0.115120381 -0.558787107 183 219 228 
-1.00190425 0.12329933 -0.527623057 187 226 234 
-1.0071218 0.0650432706 -0.428090364 176 213 222 
-0.981534004 0.0275589824 -0.398935556 159 193 205 
-1.00161076 0.0435373485 -0.388037354 178 211 221 
-0.980713069 0.0198416412 -0.350866348 147 183 198 
-0.994556189 0.0224049985 -0.347950727 151 188 202 
-0.981564105 0.0226069093 -0.342522651 147 184 199 
-1.00592899 0.136888772 -0.49385345 168 208 220 
-1.02207756 0.125457019 -0.445940107 152 188 202 
-1.00690579 0.13797459 -0.461074799 156 194 209 
-1.02819061 0.0782977045 -0.366207331 186 220 229 
-0.999148905 0.0624872148 -0.325641811 170 210 223 
-0.98974508 0.053021431 -0.304907531 166 209 220 
-1.00838006 0.142027646 -0.438431054 159 197 211 
-1.03287482 0.141197592 -0.383833379 144 180 196 
-1.01246285 0.155399472 -0.399581105 156 193 206 
-1.02438867 0.0975719392 -0.303782612 174 208 217 
-0.992798507 0.0628365576 -0.273792028 159 200 215 
-1.00565052 0.0792675316 -0.263441503 163 199 214 
-0.994176209 0.0648726225 -0.233167768 170 204 219 
-1.01476336 0.162617207 -0.374171585 148 184 197 
-1.00925517 0.136482358 -0.336636335 154 191 204 
-1.01322079 0.149067312 -0.294415385 145 178 192 
-1.00837803 0.119801193 -0.241091937 169 204 215 
-1.00686145 0.117585272 -0.236542732 169 205 216 
-1.01978076 0.173348397 -0.263067484 150 185 200 
-1.00758958 0.120954722 -0.240551084 168 204 215 
-1.00779891 0.117284954 -0.190166861 160 195 209 
-1.01355457 0.140634835 -0.185388699 145 177 192 
-1.01075768 0.126788795 -0.159935907 149 183 198 
-1.02373087 0.188869506 -0.254190117 156 193 207 
-1.03904784 0.217605352 -0.236875027 172 215 228 
-1.03254747 0.224572808 -0.246164352 169 211 224 
-1.02714539 0.19783026 -0.197004199 151 186 197 
-1.01555645 0.147766501 -0.1727328 148 180 195 
-1.03292322 0.224988729 -0.233531564 171 213 226 
-0.926780283 0.033913523 -0.820355892 132 172 183 
-0.922055662 0.0108574331 -0.781059742 105 137 150 
-0.922100723 0.00964945555 -0.765568316 113 144 155 
-0.933940649 0.0485730171 -0.654521763 176 202 207 
-0.951036632 0.0463960767 -0.653827429 174 204 209 
-0.934903979 0.0528615415 -0.657953024 176 201 206 
-0.927785695 0.0198966563 -0.618440211 192 230 235 
-0.973952353 0.0180096328 -0.614393592 197 237 245 
-0.9270069 0.0137676299 -0.586087704 180 215 221 
-0.946338832 0.0993842483 -0.649949253 177 209 216 
-0.92742753 0.0139973462 -0.569331169 180 213 220 
-0.926065564 0.00415414572 -0.522477865 170 203 211 
-0.928436935 0.0107620358 -0.487037212 167 205 214 
-0.950330853 0.112974226 -0.617687225 165 199 211 
-0.995031476 0.118135095 -0.609967768 191 222 229 
-0.952889979 0.121730685 -0.597502589 156 191 205 
-0.929809153 0.0143718123 -0.464150667 172 211 220 
-0.933151901 0.0240187049 -0.417881101 164 199 212 
-0.95622766 0.131652325 -0.554521024 148 185 200 
-0.958209753 0.137981147 -0.533850014 143 182 198 
-0.934188187 0.0270864964 -0.404395252 163 199 212 
-0.935335338 0.0271021426 -0.351903141 161 199 212 
-0.936698198 0.0314895511 -0.338089138 162 200 214 
-0.97491318 0.159712642 -0.484845757 165 205 216 
-0.965289831 0.162945777 -0.486216515 166 205 215 
-0.937315464 0.0303907692 -0.297538996 166 204 216 
-0.974799216 0.045541048 -0.285178483 168 211 222 
-0.938251972 0.0295785964 -0.245520383 172 209 222 
-0.945951104 0.0296837091 -0.244617164 171 208 221 
-0.938370407 0.0296826661 -0.2412422 172 210 223 
-0.966434419 0.167265296 -0.481668919 164 202 213 
-0.998830497 0.172277629 -0.423024803 166 204 214 
-0.973047793 0.191266447 -0.444752246 151 185 196 
-0.990033388 0.0602077544 -0.223168373 175 208 223 
-1.00174105 0.212767005 -0.400679231 148 187 204 
-0.98197484 0.225374356 -0.413926482 144 182 198 
-1.00378335 0.189432859 -0.360790759 146 183 195 
-1.00069761 0.167339861 -0.320790559 140 176 191 
-0.999685645 0.0990653336 -0.200969636 171 209 223 
-0.984369457 0.233245015 -0.391448349 141 178 194 
-1.00540733 0.23023361 -0.338417172 154 190 203 
-0.987577736 0.243026674 -0.352850884 146 181 196 
-1.01855588 0.204211235 -0.298770577 142 179 193 
-1.01980186 0.181069881 -0.25886479 151 186 201 
-0.996851921 0.163784891 -0.21843192 138 174 190 
-0.992962003 0.262515306 -0.322223872 154 191 204 
-1.01428628 0.246438533 -0.276268631 158 198 213 
-0.994578302 0.267597556 -0.304493457 155 193 207 
-1.02704167 0.197671533 -0.196680546 150 185 197 
-1.01275492 0.178289711 -0.156436384 148 184 198 
-0.994509399 0.26410377 -0.268832147 167 206 219 
-0.993918955 0.257291973 -0.220245034 167 207 220 
-1.01887155 0.240842879 -0.174093634 175 216 228 
-0.994413912 0.256698996 -0.190933466 169 209 222 
-1.00677228 0.22093159 -0.133897126 161 199 210 
-0.993401885 0.250768512 -0.171492994 161 201 214 
-0.992399156 0.24233675 -0.12383239 164 203 215 
-0.880804718 0.0433165431 -0.872650385 113 142 158 
-0.894222558 0.0691191554 -0.857139647 149 181 192 
-0.879576921 0.0340005457 -0.825495601 131 164 179 
-0.928487122 0.0412647724 -0.823686004 129 169 181 
-0.877758861 0.022365123 -0.779667318 113 139 155 
-0.877424479 0.0194709301 -0.762860596 127 154 168 
-0.889910579 0.0790957808 -0.852186322 145 178 188 
-0.890040398 0.0819253027 -0.877668977 144 181 190 
-0.887933671 0.0668363273 -0.806715012 124 150 162 
-0.929483593 0.0445354879 -0.814280629 132 171 182 
-0.881310821 0.036321491 -0.771684885 122 149 163 
-0.925099492 0.0228172243 -0.774219275 105 137 150 
-0.895888925 0.0936025679 -0.738922715 148 179 189 
-0.912974179 0.101288468 -0.732864261 149 177 188 
-0.899908304 0.110606283 -0.743341565 139 168 179 
-0.889392376 0.0635842979 -0.703608632 164 197 207 
-0.917170763 0.0774329007 -0.693022728 168 194 202 
-0.884166896 0.0385602713 -0.665438116 179 209 215 
-0.880814731 0.0208968818 -0.623057604 181 213 221 
-0.878955543 0.00909975171 -0.577321827 189 218 224 
-0.910074592 0.010630995 -0.573069274 181 212 218 
-0.87930131 0.00859251618 -0.555812061 181 212 219 
-0.900698304 0.112499863 -0.728114367 144 172 183 
-0.901748776 0.112135619 -0.675839543 167 200 211 
-0.902668059 0.114183575 -0.656392217 164 198 210 
-0.879879057 0.00823670626 -0.525332272 172 207 217 
-0.882888317 0.0162652135 -0.476391226 154 188 203 
-0.903232336 0.113473177 -0.622591317 143 177 192 
-0.906626105 0.123693019 -0.580347598 128 161 177 
-0.884190142 0.0206842422 -0.465729713 154 188 202 
-0.887421906 0.0288909078 -0.408552676 170 204 215 
-0.892453313 0.0287643075 -0.408068687 169 204 215 
-0.887509644 0.0290579796 -0.406382352 170 204 215 
-0.910036027 0.13571468 -0.557386994 128 163 179 
-0.913626432 0.148262769 -0.531988144 136 172 188 
-0.889458537 0.0324015617 -0.354061604 172 205 217 
-0.888450146 0.0239474475 -0.30641377 175 211 224 
-0.892508686 0.0242650807 -0.305795014 174 211 224 
-0.888602316 0.0243825912 -0.304262191 176 212 225 
-0.91961205 0.168849438 -0.485952318 147 186 201 
-0.941014886 0.16791752 -0.484107405 157 196 208 
-0.920357406 0.171499103 -0.481177479 148 187 202 
-0.894376218 0.0421670675 -0.243493766 190 224 234 
-0.894239783 0.0422055721 -0.243500352 190 224 234 
-0.927138448 0.194983691 -0.430823177 130 165 184 
-0.894240737 0.0422083437 -0.243486196 190 224 234 
-0.929045677 0.201424688 -0.414837599 131 165 183 
-0.96010989 0.222843558 -0.399772435 142 177 192 
-0.933582604 0.216800377 -0.377402872 129 163 179 
-0.938467681 0.23395434 -0.343748957 125 159 177 
-0.955774724 0.242246836 -0.337336093 135 168 185 
-0.939767241 0.237332165 -0.321620464 127 160 179 
-0.946457624 0.260857016 -0.275878638 134 168 184 
-0.948539615 0.262352079 -0.27483654 135 169 186 
-0.946783841 0.261982679 -0.273409396 135 169 185 
-0.946204603 0.255371243 -0.226533085 155 193 207 
-0.949698508 0.266326785 -0.187869608 169 207 218 
-0.951169431 0.270387441 -0.165461332 171 210 221 
-0.947829604 0.252772629 -0.123053014 155 193 207 
-0.950175941 0.258605599 -0.0801504776 153 191 207 
-0.828834295 0.0201807916 -0.838589311 138 167 180 
-0.832453668 0.0200362504 -0.838270247 137 166 179 
-0.829313457 0.0223737061 -0.840959787 136 165 178 
-0.82888329 0.0202441812 -0.837045133 139 168 181 
-0.841519058 0.0745141506 -0.859996259 111 136 149 
-0.833368301 0.0335043967 -0.778485656 140 174 188 
-0.833488703 0.0329584181 -0.766891956 141 174 188 
-0.843793333 0.0834504366 -0.854885101 110 135 148 
-0.844183326 0.08590132 -0.864215612 112 139 152 
-0.845164299 0.0843456089 -0.801889956 129 156 168 
-0.853037119 0.0746019781 -0.753967702 146 177 189 
-0.846703529 0.0882928967 -0.775086522 135 164 177 
-0.83768332 0.0459673703 -0.718874216 177 211 219 
-0.849251509 0.052678436 -0.713952303 179 215 222 
-0.831847131 0.018543601 -0.682076156 182 215 221 
-0.855963349 0.0282140374 -0.674165487 194 227 230 
-0.833542287 0.0231388211 -0.65531534 207 239 243 
-0.854362488 0.11612308 -0.732720613 144 178 189 
-0.834632993 0.0249980986 -0.625901341 191 221 229 
-0.833031356 0.0142128766 -0.579586804 174 207 218 
-0.834872186 0.0196375251 -0.555353582 149 184 200 
-0.854515314 0.116596252 -0.730960846 143 177 189 
-0.853738308 0.109051317 -0.682793021 160 193 205 
-0.855421424 0.11128065 -0.630293489 149 182 197 
-0.83704412 0.0254884362 -0.520654559 148 182 197 
-0.839531124 0.0326166451 -0.485687405 157 193 205 
-0.855562627 0.111727834 -0.628779054 149 182 197 
-0.86155045 0.131537229 -0.574005127 128 162 179 
-0.843782604 0.0474737287 -0.455596805 147 181 195 
-0.883124113 0.0310223699 -0.407865465 170 204 215 
-0.844779074 0.0485115945 -0.421381116 157 190 202 
-0.862287939 0.13366136 -0.563750923 128 162 179 
-0.86791414 0.152955621 -0.519852638 132 168 185 
-0.84477824 0.0468940735 -0.403445154 166 199 211 
-0.84333849 0.0367452204 -0.356766671 170 206 220 
-0.879999578 0.0272928178 -0.305522531 176 213 225 
-0.845241368 0.040715605 -0.313524544 176 211 225 
-0.874972165 0.179008931 -0.485331029 127 168 187 
-0.875917256 0.182489604 -0.480618864 127 169 188 
-0.845848262 0.0421149433 -0.301212251 176 212 225 
-0.848003924 0.0460932851 -0.246453643 172 211 226 
-0.89419806 0.0422102213 -0.243489891 190 224 234 
-0.84859848 0.047249794 -0.232010782 174 213 228 
-0.879927337 0.19398731 -0.424280882 117 154 175 
-0.902753234 0.195532501 -0.420932084 120 156 177 
-0.880703509 0.196098953 -0.412111133 114 152 175 
-0.88437593 0.206975281 -0.364369184 118 153 173 
-0.904848278 0.213379383 -0.358635783 119 153 171 
-0.885872245 0.211601809 -0.347084135 122 157 176 
-0.889512181 0.222665012 -0.302912176 123 161 181 
-0.915986478 0.229037464 -0.296536446 123 158 177 
-0.890174806 0.222816765 -0.274174899 121 160 180 
-0.891681492 0.226697057 -0.248122871 119 158 178 
-0.922198415 0.245887965 -0.234329849 135 169 186 
-0.89106226 0.219772145 -0.199600428 132 170 187 
-0.90759474 0.22658284 -0.194078788 130 167 184 
-0.891375244 0.218674392 -0.173034608 133 174 191 
-0.933384299 0.261534512 -0.172231555 157 193 205 
-0.892770171 0.221991152 -0.145848066 138 179 196 
-0.919301033 0.242103428 -0.131991848 149 183 198 
-0.786648989 0.0444769263 -0.882365704 189 230 240 
-0.801562607 0.0503529906 -0.877530336 179 219 230 
-0.789304078 0.0552982986 -0.880721986 198 242 252 
-0.821225762 0.0227538645 -0.838025689 135 163 176 
-0.786585033 0.0418379605 -0.855978131 159 196 207 
-0.800939679 0.102815151 -0.874545634 135 164 174 
-0.787213564 0.0422034562 -0.831182837 124 152 165 
-0.783296049 0.022318691 -0.790072799 170 201 209 
-0.784355819 0.0219911039 -0.737776995 165 200 209 
-0.795946419 0.0243866742 -0.735200167 165 199 209 
-0.783252895 0.0152575672 -0.713590682 162 198 208 
-0.801019788 0.100943267 -0.850069523 141 171 181 
-0.821241975 0.105137616 -0.793208122 143 178 191 
-0.8047297 0.111492664 -0.796971798 151 189 201 
-0.782845616 0.0115654469 -0.691256881 162 198 209 
-0.78360945 0.0100745857 -0.639626384 155 191 203 
-0.806776106 0.0172797143 -0.633161187 179 211 219 
-0.785076678 0.0142016113 -0.618124008 154 189 201 
-0.804820299 0.111384839 -0.791614234 151 190 203 
-0.804514468 0.105691403 -0.742387414 152 187 200 
-0.851043224 0.11627844 -0.731515288 143 177 188 
-0.806503952 0.110190839 -0.701053202 139 174 189 
-0.788422406 0.0244940817 -0.578895926 152 185 199 
-0.79068166 0.0318637192 -0.557066381 151 185 198 
-0.808103621 0.115302116 -0.684407353 136 170 186 
-0.810768008 0.121279359 -0.628505468 140 175 192 
-0.82146728 0.118951261 -0.628596187 142 177 194 
-0.810786664 0.121307462 -0.627963245 140 175 192 
-0.794213951 0.0427587032 -0.515966237 152 186 200 
-0.796494901 0.0505571067 -0.497904569 151 184 198 
-0.816660285 0.140299916 -0.569351077 143 176 193 
-0.80026269 0.0620340109 -0.452458471 154 185 199 
-0.800869524 0.0621287823 -0.425650984 147 179 195 
-0.817025781 0.14137581 -0.564528048 143 176 192 
-0.822547376 0.159358919 -0.510861278 140 175 192 
-0.801912904 0.0640264452 -0.398835689 147 181 198 
-0.801145792 0.0565204024 -0.350645632 163 197 213 
-0.80220598 0.0586600602 -0.32574904 169 202 217 
-0.823839188 0.163655639 -0.499301851 138 174 191 
-0.828787208 0.180163771 -0.45558098 132 170 188 
-0.804574549 0.0655010641 -0.293025911 166 201 216 
-0.803698301 0.0575661659 -0.245081127 167 203 219 
-0.804098845 0.0579457581 -0.23091054 163 201 217 
-0.830448866 0.185134888 -0.434533536 126 163 183 
-0.827729642 0.169958532 -0.39073056 127 165 186 
-0.854766309 0.184307575 -0.379953891 121 161 182 
-0.830042541 0.176293671 -0.354941189 126 166 187 
-0.832869232 0.185661554 -0.329265922 123 163 187 
-0.857177138 0.202078044 -0.317664444 125 165 188 
-0.831653595 0.176393241 -0.282083839 128 169 193 
-0.842079759 0.182892412 -0.277402639 127 168 193 
-0.832605422 0.178896397 -0.266200274 127 169 194 
-0.86889869 0.217594922 -0.255577862 125 167 187 
-0.83625108 0.189966053 -0.22183761 130 173 195 
-0.852263093 0.19878161 -0.21528253 132 174 195 
-0.837573767 0.193407178 -0.199349582 130 173 196 
-0.839163721 0.196918786 -0.165377796 130 172 195 
-0.876703203 0.211220086 -0.15347296 133 177 195 
-0.741337121 0.0519961119 -0.883254528 192 223 230 
-0.745433629 0.069108963 -0.885347486 190 225 231 
-0.739009261 0.0383575261 -0.838572025 181 214 220 
-0.750971317 0.0397584736 -0.836495399 168 199 206 
-0.735370874 0.0195694864 -0.796834707 165 194 209 
-0.738671243 0.0198957622 -0.79629457 166 195 210 
-0.73533076 0.019095391 -0.793408751 166 195 210 
-0.754741192 0.105100989 -0.857985377 148 183 194 
-0.73452282 0.0117454827 -0.748826504 165 199 209 
-0.736104786 0.013469696 -0.695357203 154 184 200 
-0.752535045 0.0120543242 -0.694321632 155 188 203 
-0.736371338 0.014162153 -0.690814734 153 184 200 
-0.754814446 0.104951918 -0.852966189 147 182 194 
-0.756034374 0.105253488 -0.800310552 165 200 212 
-0.792666912 0.11205402 -0.792585731 155 194 206 
-0.75812763 0.111780554 -0.776738644 164 200 213 
-0.740408123 0.0258867443 -0.63577199 146 179 194 
-0.741303325 0.0284930766 -0.623633265 141 175 191 
-0.76156795 0.122504562 -0.737960517 140 177 194 
-0.76236397 0.122667402 -0.703226328 136 173 190 
-0.744778216 0.0385660231 -0.57603687 144 178 194 
-0.746667385 0.0449623466 -0.560383022 145 179 195 
-0.762484789 0.12161532 -0.685985923 138 174 191 
-0.763018787 0.119221687 -0.63487184 138 175 193 
-0.764797211 0.124628365 -0.613305688 140 176 194 
-0.75003922 0.0547460318 -0.514299452 150 183 197 
-0.751668394 0.0596347749 -0.493829578 154 187 201 
-0.767003715 0.130387396 -0.576002359 144 177 193 
-0.80838412 0.140472025 -0.565969288 144 176 192 
-0.769727111 0.138948709 -0.546104848 140 172 189 
-0.754556 0.0680018067 -0.45423463 158 191 206 
-0.754425704 0.0631999969 -0.406857878 162 197 212 
-0.77606833 0.161512882 -0.50571686 132 165 185 
-0.78675586 0.16406101 -0.503156304 134 167 186 
-0.776556432 0.162672251 -0.496189862 132 165 186 
-0.754558802 0.0635210872 -0.40431419 162 197 213 
-0.756838977 0.0679886937 -0.349275768 168 203 219 
-0.757566392 0.0686633587 -0.323375583 167 203 220 
-0.776159048 0.157377481 -0.45559898 134 169 191 
-0.808207273 0.177222848 -0.441281646 132 169 189 
-0.780079007 0.170025617 -0.416181952 134 174 196 
-0.759316385 0.0732311904 -0.293794125 163 201 218 
-0.759102106 0.0678975582 -0.24436152 160 198 216 
-0.759599686 0.0686438382 -0.229814291 159 198 217 
-0.781419694 0.173556149 -0.393862337 134 174 197 
-0.782281697 0.172451288 -0.342011064 135 177 200 
-0.797404289 0.175351799 -0.338771462 129 171 195 
-0.783022523 0.174512535 -0.330904633 133 176 200 
-0.785388649 0.180167645 -0.285114527 134 176 202 
-0.781947494 0.162154466 -0.242934048 138 181 207 
-0.801267385 0.169930965 -0.236580729 136 178 203 
-0.783527434 0.166927308 -0.223435491 139 182 208 
-0.784847319 0.169057012 -0.186502934 133 177 205 
-0.821406066 0.183410525 -0.174677461 130 173 199 
-0.699670792 0.0795010626 -0.977585852 178 211 221 
-0.707527637 0.0319196582 -0.897891045 179 211 221 
-0.719119251 0.0931476951 -0.915667534 161 194 203 
-0.727031946 0.127940506 -0.791156054 147 183 198 
-0.749885619 0.0632718205 -0.404963285 162 197 213 
-0.721461117 0.0656659901 -0.302069306 163 203 222 
0.0766548365 0.143823773 -1.02790308 183 220 232 
0.0971284509 0.102042198 -1.00052404 180 218 226 
0.0871078968 0.145797908 -1.02670336 185 221 232 
0.103037208 0.0743333101 -0.963889003 180 217 228 
0.107904643 0.0507161319 -0.924913764 175 212 223 
0.103467524 0.0648106039 -0.877826333 166 204 216 
0.102971405 0.0656082332 -0.863913 166 204 217 
0.104125828 0.0565804541 -0.816593289 166 204 217 
0.103580073 0.054232955 -0.765452743 164 205 217 
0.14176333 0.11222136 -0.9998914 172 211 219 
0.131768554 0.155696601 -1.0241375 196 229 236 
0.146113396 0.0906369686 -0.959753513 176 214 224 
0.153978765 0.0552401841 -0.927515745 162 203 216 
0.148597747 0.0723847151 -0.870987296 151 192 210 
0.12768051 0.167556286 -0.968242407 181 216 227 
0.148559079 0.0720437467 -0.865421653 148 189 208 
0.149314493 0.0645836294 -0.81720531 158 197 214 
0.149253875 0.0603300929 -0.767154932 157 196 212 
0.192536175 0.0982829928 -1.01305306 168 209 220 
0.178133756 0.104352474 -1.0081687 168 209 219 
0.18850112 0.115918994 -1.02377832 148 185 198 
0.203969657 0.0488661528 -0.988833964 172 208 216 
0.175491154 0.0808730125 -0.96829325 170 209 220 
0.2040658 0.0439966023 -0.939135969 155 190 202 
0.156240463 0.0533736646 -0.928779602 161 202 215 
0.202315301 0.0475327075 -0.898065448 158 198 211 
0.182374954 0.142700762 -1.04013121 145 173 184 
0.135387942 0.158039719 -1.02662373 197 229 235 
0.175163925 0.171859145 -1.03308642 188 215 220 
0.199925959 0.0557712615 -0.879918218 154 193 209 
0.154027268 0.0711919367 -0.866485894 148 189 208 
0.196427613 0.0665945411 -0.839581132 150 188 205 
0.173658669 0.176949292 -1.02054262 191 217 223 
0.175828695 0.163930893 -0.975505352 184 219 230 
0.19575718 0.0676594079 -0.820635557 150 188 206 
0.195823133 0.0629085898 -0.770869613 144 184 203 
0.237147152 0.108556151 -1.01236665 185 220 227 
0.231774747 0.132684171 -1.03383505 177 206 213 
0.245920688 0.0695909262 -0.982169807 172 211 220 
0.252115428 0.0407584608 -0.946177483 156 194 205 
0.247753739 0.0535811186 -0.888421834 161 200 212 
0.186552525 0.170423776 -1.02550936 193 220 224 
0.223763406 0.162258983 -0.994676411 193 233 239 
0.247493446 0.0544275343 -0.885876238 161 199 211 
0.244003177 0.0636498034 -0.828118324 147 184 200 
0.220944792 0.0645489991 -0.825095415 149 187 204 
0.243652582 0.0637989342 -0.813679695 143 180 197 
0.222102463 0.167670608 -0.978555918 180 219 228 
0.219626606 0.172907054 -0.923077703 152 190 206 
0.240719706 0.072059691 -0.770825088 142 181 199 
0.245491117 0.0488198698 -0.731634021 142 184 202 
0.29349798 0.0682086945 -0.988149881 166 200 211 
0.293391734 0.068216145 -0.988134146 166 200 211 
0.293484658 0.06826666 -0.988181174 166 200 211 
0.30036068 0.0367517173 -0.9536587 154 189 200 
0.263010621 0.0380227864 -0.94886297 153 191 202 
0.299811989 0.0369436145 -0.930600762 146 182 194 
0.28242594 0.116205335 -1.01318121 160 197 207 
0.276794702 0.140804261 -1.02799976 165 204 215 
0.293109894 0.060750097 -0.887449503 151 185 199 
0.267234921 0.0573993027 -0.886428952 157 194 206 
0.29262352 0.0624447763 -0.883953393 151 186 199 
0.27741164 0.135907829 -1.00191224 160 196 207 
0.239490569 0.160397232 -0.98442328 178 216 226 
0.2728405 0.150294572 -0.951920271 152 188 202 
0.289592355 0.0700794756 -0.829630375 148 181 197 
0.289082259 0.0698907673 -0.804115832 145 180 196 
0.272096634 0.15230006 -0.940053403 152 187 200 
0.272352606 0.146802455 -0.890714645 143 177 193 
0.288962692 0.068061769 -0.778301239 144 181 198 
0.289588779 0.0611098707 -0.729794145 144 187 205 
0.302789807 0.0704908967 -0.987929463 168 203 213 
0.347143978 0.0384891331 -0.95785439 165 195 204 
0.337996334 0.0789026618 -0.986970782 177 215 222 
0.345447451 0.0420163572 -0.919163585 157 190 201 
0.299134314 0.133639812 -1.0055331 164 202 212 
0.337853312 0.0794862509 -0.986889064 177 214 222 
0.326405078 0.126199782 -0.98039037 153 188 200 
0.343138397 0.0497361124 -0.898938417 149 181 194 
0.342378825 0.0482288301 -0.847317338 138 172 187 
0.336393923 0.0512988865 -0.844989657 140 174 189 
0.341834545 0.0498172343 -0.839978099 139 173 188 
0.326169848 0.125393569 -0.960632145 143 177 189 
0.285534143 0.148701906 -0.943487406 150 185 199 
0.322289944 0.136486709 -0.905775249 139 174 189 
0.338040113 0.0607849956 -0.787652612 139 174 191 
0.318022162 0.0652061105 -0.783047915 140 176 194 
0.337110668 0.0631177127 -0.770902872 137 173 192 
0.322013497 0.137233168 -0.90137732 139 173 189 
0.32051748 0.138619512 -0.848101139 136 171 187 
0.334748 0.0692287385 -0.730340004 141 181 200 
0.33675316 0.0568582714 -0.684932232 145 189 207 
0.39721632 0.0273031294 -0.969441772 149 184 198 
0.391268849 0.0278730094 -0.968478203 148 182 197 
0.396308273 0.031306386 -0.972238719 150 186 200 
0.397108138 0.0273466408 -0.964959681 150 185 199 
0.386639774 0.0733529925 -0.995586514 159 194 203 
0.338183761 0.0790577531 -0.987158537 177 215 222 
0.378562599 0.109070569 -1.02166533 149 184 197 
0.390831232 0.0483354032 -0.910017371 144 176 189 
0.374993384 0.119114518 -0.969412923 148 181 193 
0.352069974 0.123612702 -0.964447021 147 180 192 
0.374956846 0.116835952 -0.942414761 145 177 189 
0.390013814 0.051111728 -0.903341115 143 174 188 
0.387979358 0.0546138585 -0.848854899 138 170 184 
0.387393415 0.0552694499 -0.829238534 137 169 182 
0.374702692 0.115764827 -0.918845654 142 172 185 
0.328031361 0.136148244 -0.902628779 139 173 189 
0.369635195 0.133095622 -0.878779173 141 173 187 
0.386368006 0.0564535856 -0.795319498 136 170 185 
0.383018374 0.0668430328 -0.756988645 136 172 190 
0.36854887 0.135452956 -0.855101764 138 172 188 
0.382082909 0.0687989295 -0.735775292 136 172 190 
0.384049982 0.0565780699 -0.690281987 136 179 198 
0.385012925 0.0483025312 -0.642531991 150 193 209 
0.436894059 0.03891626 -0.967484415 163 195 204 
0.422684491 0.0995105505 -0.985317945 160 195 206 
0.441088617 0.0404787362 -0.967095375 164 196 205 
0.427310765 0.0987344682 -0.98190248 161 197 207 
0.442464769 0.0305797756 -0.9202739 170 199 207 
0.397195458 0.0476614535 -0.90600723 142 173 187 
0.44023478 0.0348500907 -0.865348339 143 173 186 
0.439623058 0.0350909531 -0.865150094 143 173 186 
0.44018352 0.0350084901 -0.864756584 143 173 186 
0.42423743 0.106691509 -0.92922467 139 168 181 
0.393743396 0.110859662 -0.923606396 138 167 180 
0.423976243 0.105156928 -0.900183201 134 163 176 
0.437987268 0.0391893387 -0.81038332 137 169 182 
0.409919828 0.0462555289 -0.803455174 133 166 180 
0.436866283 0.0413456857 -0.782880485 142 174 187 
0.42171061 0.112128228 -0.873631954 130 162 177 
0.397734821 0.130179673 -0.861177564 131 164 180 
0.41744113 0.127424002 -0.847590864 129 162 178 
0.434028864 0.0502510965 -0.751573324 143 177 191 
0.404754311 0.0633592308 -0.741225719 135 170 188 
0.431333959 0.0586483181 -0.7211622 135 170 188 
0.41620025 0.129287869 -0.811334252 137 170 186 
0.43052572 0.0595239699 -0.693786502 136 172 191 
0.432278991 0.048143208 -0.647812605 141 183 201 
0.492022574 0.021415621 -0.930704832 175 203 210 
0.4579795 0.0211800039 -0.927092195 183 210 216 
0.485990047 0.0493194461 -0.963827133 165 203 207 
0.493061304 0.0143136084 -0.899476767 142 171 181 
0.4823699 0.0638352931 -0.958925962 163 201 207 
0.473965943 0.0987594426 -0.961186051 161 196 207 
0.491776407 0.0178910792 -0.880237579 137 167 177 
0.491523564 0.0143927336 -0.829755306 148 177 189 
0.482482195 0.0226248503 -0.8242836 148 176 188 
0.48951453 0.0217870176 -0.819689512 147 175 188 
0.474541008 0.0945968926 -0.941331685 157 193 204 
0.471698582 0.101273745 -0.885029674 141 172 184 
0.453109801 0.102389008 -0.882380366 137 168 180 
0.471394062 0.101406664 -0.872526884 138 169 182 
0.486576676 0.0293382704 -0.768723965 151 182 193 
0.459240735 0.0353535116 -0.762447894 153 185 196 
0.486228883 0.0279679298 -0.737526178 155 188 200 
0.464714229 0.124390155 -0.821251512 129 164 180 
0.484220028 0.0341064632 -0.713513613 148 183 198 
0.453249097 0.05225721 -0.700236499 135 171 190 
0.480271757 0.0473736227 -0.67967397 135 174 193 
0.464666724 0.124411851 -0.819312572 129 163 180 
0.462496161 0.128448844 -0.764520407 135 173 192 
0.479479909 0.0482398272 -0.65294677 138 179 197 
0.478360832 0.0481449962 -0.600517869 134 176 196 
0.542884827 0.00712606311 -0.944067299 135 162 171 
0.533703625 0.044105202 -0.933479548 149 177 189 
0.539972723 0.0140764415 -0.887608826 144 170 179 
0.528996825 0.015529424 -0.885612369 135 161 171 
0.544428766 -0.0079241991 -0.84770906 154 184 196 
0.521687508 -0.00907957554 -0.845838547 150 180 192 
0.54458034 -0.00973945856 -0.834498286 148 177 190 
0.482668638 0.0911895335 -0.944078445 161 196 207 
0.523020744 0.0869052708 -0.918632567 164 192 201 
0.533905566 0.0330206752 -0.819577813 159 190 199 
0.505338013 0.115030497 -0.881242752 125 157 172 
0.514558613 0.118711889 -0.883576334 122 155 171 
0.534246504 0.0275924504 -0.77491194 151 180 191 
0.534080327 0.023753792 -0.724624276 147 180 193 
0.517358601 0.0265807211 -0.721249044 147 181 195 
0.533043921 0.0272016823 -0.715355277 144 178 192 
0.514685035 0.117930025 -0.880692482 122 155 170 
0.511326432 0.126635104 -0.823230386 140 174 188 
0.477084219 0.126545817 -0.819516182 132 167 183 
0.510177672 0.130314618 -0.811380029 145 181 195 
0.526874363 0.0476588607 -0.659435987 132 172 193 
0.5102126 0.126519799 -0.770813227 148 182 197 
0.526815712 0.0478064418 -0.658384144 132 172 193 
0.525058985 0.0502172112 -0.604522109 137 177 197 
0.59016186 0.00692364573 -0.94937253 123 144 158 
0.549577057 0.00215670466 -0.947506011 132 159 168 
0.58800751 0.0163507164 -0.955222487 129 154 168 
0.589737475 0.00778648257 -0.939479053 121 143 158 
0.578021348 0.0557019413 -0.934035301 150 184 195 
0.58566469 0.0201022327 -0.889351845 153 181 194 
0.563750923 0.00110161304 -0.844922364 168 196 207 
0.585778415 0.017301023 -0.863443851 165 193 204 
0.567988515 0.0952840745 -0.913272738 135 160 173 
0.582920492 0.0263932347 -0.83327049 156 184 194 
0.583660364 0.0189941227 -0.785019279 150 180 190 
0.574435592 0.0220417678 -0.782347739 149 178 188 
0.58318013 0.0200790465 -0.775025129 149 180 190 
0.567521036 0.0958851278 -0.898490667 138 164 177 
0.517136753 0.117886335 -0.880985737 123 155 171 
0.562981546 0.109985858 -0.846773148 145 175 186 
0.582292616 0.0198765695 -0.732031345 149 183 197 
0.579556882 0.0279307067 -0.695933223 141 174 189 
0.562474191 0.111223668 -0.837234497 146 178 188 
0.556953847 0.129740864 -0.789563 142 177 191 
0.576792717 0.0369952321 -0.669757128 135 170 188 
0.528677106 0.0476742387 -0.658660591 132 172 193 
0.573156893 0.0495286584 -0.642110825 132 170 190 
0.556740046 0.129262924 -0.774433732 133 165 180 
0.55492115 0.131917745 -0.720432103 145 179 195 
0.571004808 0.0552454591 -0.606835604 142 182 199 
0.619653583 0.0191182196 -0.945979595 146 178 192 
0.628949165 0.0400793254 -0.935598493 139 172 184 
0.628308415 0.0381051004 -0.884244442 102 133 150 
0.632874548 0.0156717896 -0.844592094 135 166 178 
0.626683354 0.0163339376 -0.843551636 141 172 183 
0.633204401 0.0135100186 -0.835712612 132 163 175 
0.618899941 0.0795653164 -0.913014293 112 141 152 
0.584925652 0.0931002796 -0.901918173 129 155 168 
0.62253511 0.0663275421 -0.932805777 128 158 166 
0.614964247 0.0937220156 -0.88963896 119 148 161 
0.633830488 0.0074236691 -0.796826482 121 152 166 
0.632130086 0.00961330533 -0.743090987 160 195 206 
0.621157527 0.0105105937 -0.741397142 157 192 203 
0.63210541 0.00886562467 -0.733649552 158 193 204 
0.608091414 0.117660433 -0.840118885 138 173 185 
0.625846028 0.02981323 -0.679054379 135 168 183 
0.62548089 0.0299111605 -0.678961039 135 168 182 
0.625820279 0.0298949182 -0.678781629 135 168 183 
0.607950032 0.118098229 -0.838492036 139 173 185 
0.605328798 0.123906076 -0.782687068 137 169 184 
0.59085834 0.131244242 -0.777105093 140 171 186 
0.605014682 0.122806966 -0.756054282 145 176 190 
0.622734249 0.0375483632 -0.622147083 137 175 191 
0.610248208 0.0445780754 -0.61695087 133 171 188 
0.621250927 0.0424305201 -0.608300209 133 171 188 
0.606234848 0.115853876 -0.734809339 146 178 192 
0.617247164 0.0546165705 -0.559901655 149 186 201 
0.644968808 0.0435996354 -0.883086324 118 150 163 
0.681815445 0.00893175602 -0.853636622 122 151 163 
0.673289835 0.0460582078 -0.874782801 144 175 184 
0.680940986 0.00818148255 -0.805154979 105 132 148 
0.63609916 0.0642926395 -0.923212409 122 154 163 
0.652765036 0.0866804421 -0.860507548 103 131 146 
0.66368109 0.0835407078 -0.850160658 104 130 143 
0.680695295 0.00884118676 -0.801205218 105 133 149 
0.678708851 0.0121543705 -0.746827006 166 193 200 
0.678760469 0.00889125466 -0.712934315 159 190 200 
0.611251831 0.117826372 -0.839002788 137 171 183 
0.656175613 0.110611409 -0.806398451 128 162 174 
0.676456988 0.0165108442 -0.691852212 151 182 193 
0.672978163 0.0274312496 -0.653490424 149 181 193 
0.65553993 0.112174869 -0.794586241 131 165 177 
0.65112251 0.125541598 -0.740319014 128 163 180 
0.67226404 0.0284942985 -0.632515013 148 183 195 
0.668782949 0.0381146371 -0.579604149 144 180 195 
0.651088595 0.125173122 -0.734668612 127 163 179 
0.650694609 0.122229487 -0.683869123 137 175 191 
0.668264449 0.0397177935 -0.573612511 143 180 195 
0.728884161 0.00954782963 -0.858473659 102 130 146 
0.720141292 0.0451115072 -0.852280259 119 145 157 
0.726637959 0.0138816535 -0.803511739 92 117 129 
0.688034892 0.00834384561 -0.802282274 100 127 142 
0.727223873 0.0100496709 -0.787826896 103 129 141 
0.708320916 0.094837755 -0.862174928 146 176 186 
0.683016002 0.0940025151 -0.859848619 117 145 157 
0.705755472 0.106242925 -0.871131301 140 169 180 
0.727051556 0.00776472688 -0.754527211 133 161 173 
0.7239151 0.0163446963 -0.705873549 130 157 168 
0.705981374 0.104030341 -0.856917143 140 170 181 
0.705158889 0.102770448 -0.805154622 123 152 165 
0.682099342 0.112134695 -0.797526598 131 163 176 
0.703780591 0.105934411 -0.777038574 131 162 176 
0.709627926 0.0502783656 -0.677128136 178 217 226 
0.714393318 0.05339697 -0.680460274 177 216 225 
0.72080332 0.0233320594 -0.640657067 172 204 212 
0.703258336 0.0258967876 -0.63733393 169 202 211 
0.715960205 0.0456400216 -0.666200876 181 219 228 
0.719732106 0.0269673467 -0.631875336 176 208 216 
0.695872188 0.134999722 -0.736943364 148 185 200 
0.70467931 0.0956709087 -0.704248846 143 176 189 
0.67972815 0.107074887 -0.69530344 151 188 201 
0.697346509 0.127701253 -0.723526716 149 186 200 
0.710382283 0.0687708259 -0.667151332 171 208 217 
0.70428884 0.0933336318 -0.660349548 157 191 201 
0.715673566 0.0389964581 -0.579214513 134 167 184 
0.680630982 0.0387739241 -0.575484872 140 176 192 
0.714833736 0.0411318243 -0.564388275 128 162 180 
0.695618391 0.135765523 -0.733799696 147 184 199 
0.70179677 0.102505326 -0.647856712 151 186 198 
0.712033451 0.0488075912 -0.521119893 133 167 185 
0.778036356 0.0019775033 -0.867992997 130 165 181 
0.7367239 0.00177460909 -0.863563716 106 136 153 
0.773762822 0.020734787 -0.880232334 177 200 211 
0.77689296 0.00523915887 -0.851747096 138 176 193 
0.764769197 0.055172354 -0.850012541 154 177 187 
0.771575153 0.0228731334 -0.803558469 130 160 175 
0.772993624 0.0144579709 -0.7751683 142 171 184 
0.739981949 0.107790738 -0.858607769 133 157 167 
0.754825592 0.0943129361 -0.828438282 125 152 164 
0.759908497 0.0440943539 -0.738374889 128 154 165 
0.763837993 0.0496974587 -0.746422768 125 151 162 
0.755689025 0.0897855759 -0.817770839 124 152 166 
0.75649929 0.0821100771 -0.769677639 116 143 157 
0.717426658 0.0978456438 -0.756824136 131 161 176 
0.760074496 0.0635702312 -0.727798462 127 154 166 
0.754181445 0.0874166787 -0.72223556 125 154 167 
0.763388574 0.0460566878 -0.685332239 164 198 204 
0.73742187 0.0570057034 -0.676522732 183 222 228 
0.77203697 0.00758308172 -0.654854178 149 178 190 
0.769219458 0.0141620636 -0.598608136 144 178 190 
0.76094079 0.0170185566 -0.596144557 145 179 190 
0.76881063 0.0149960518 -0.5891065 143 176 188 
0.698982 0.13457498 -0.734816968 150 187 201 
0.751836121 0.0959407389 -0.709283948 129 160 173 
0.757178843 0.070456326 -0.671376765 177 213 219 
0.716320038 0.0930919051 -0.654573441 154 189 199 
0.750284314 0.0966245234 -0.645636797 143 178 191 
0.763900697 0.0305690467 -0.536740959 136 166 182 
0.755227864 0.0339897573 -0.533927083 133 165 182 
0.764407814 0.0267069638 -0.517109096 135 167 183 
0.761301219 0.0362911522 -0.480984986 136 170 186 
0.799213946 0.0168998837 -0.862202585 167 206 218 
0.813261807 0.0491287112 -0.846214175 157 187 195 
0.81601882 0.0338036716 -0.802496195 90 116 136 
0.822275043 0.00472953916 -0.766642094 110 142 153 
0.811932445 0.0154925883 -0.759650648 108 138 152 
0.819667637 0.0143898129 -0.754280686 107 135 149 
0.80564177 0.0790695548 -0.829089344 129 154 165 
0.758097291 0.0893356204 -0.81828022 124 151 165 
0.809347451 0.0654790699 -0.848196864 148 172 181 
0.809694409 0.0586539209 -0.78828299 110 134 149 
0.786954522 0.0734805167 -0.777718723 126 150 162 
0.81864351 0.0189986527 -0.758480847 102 131 145 
0.815344751 0.0274685621 -0.701153278 154 189 198 
0.79054445 0.0286697149 -0.697774649 143 177 186 
0.813338697 0.0356359482 -0.699811578 153 190 199 
0.818101764 0.0121438503 -0.657435119 161 198 208 
0.8144297 0.0116111636 -0.657321453 160 196 207 
0.818077266 0.0121780932 -0.656689525 161 198 208 
0.79758817 0.106222302 -0.761076093 122 149 160 
0.788948357 0.115156978 -0.755266309 118 146 158 
0.79483968 0.117129177 -0.756093085 117 145 158 
0.80015099 0.091660589 -0.716921568 121 152 164 
0.809849918 0.0490593314 -0.688804328 153 190 200 
0.772232175 0.0654312968 -0.675764501 176 212 218 
0.801313162 0.08508268 -0.697182775 134 167 178 
0.804287851 0.0703566968 -0.670112312 150 186 196 
0.817024708 0.0118839741 -0.605100572 139 171 184 
0.815396369 0.0153646469 -0.569021821 117 148 164 
0.794608772 0.117929131 -0.754380286 117 146 158 
0.798632562 0.0976268351 -0.713509083 121 152 164 
0.797814846 0.0923162997 -0.616954803 128 160 175 
0.814090729 0.0189207494 -0.548592746 115 146 163 
0.810646355 0.0287944973 -0.500184298 129 160 175 
0.795192897 0.102158666 -0.605950713 129 162 177 
0.809651375 0.0318723619 -0.48870182 132 163 178 
0.100182161 0.0226661265 -0.258675873 149 196 232 
0.0857991576 0.0277629495 -0.254322767 152 198 233 
0.0500527471 0.0377399325 -0.28767246 161 204 236 
0.0995820463 0.0235368311 -0.240800947 150 197 232 
0.0487286448 0.0392789543 -0.24398461 149 195 230 
0.0981942564 0.0259852707 -0.204294279 150 196 232 
0.0571692139 0.0391872227 -0.192604437 152 198 233 
0.0472863764 0.0413499475 -0.200783223 151 197 232 
0.0967236012 0.0276027024 -0.154749691 151 195 229 
0.0467567146 0.0425353646 -0.189638913 150 197 232 
0.0966005176 0.0277556479 -0.150798559 150 195 228 
0.0465295017 0.0389363468 -0.139214247 148 193 226 
0.0946550369 0.0309081078 -0.0965122804 150 195 229 
0.0498263687 0.0329241455 -0.0904894993 149 194 227 
0.0468086898 0.0336300135 -0.0930664167 149 194 227 
0.0948057175 0.0270122886 -0.0601389036 147 192 226 
0.0468317568 0.0332568884 -0.0899794325 149 194 227 
0.0946759582 0.0263340771 -0.0466452464 147 192 226 
0.0472176373 0.0272488594 -0.0409325734 149 194 229 
0.0949068964 0.0209348798 0.00274982303 148 193 228 
0.0474030524 0.0220285058 0.00856479257 150 196 230 
0.0950709581 0.0157983601 0.052295126 150 195 230 
0.0875551105 0.0147304833 0.052540116 149 195 230 
0.0487865806 0.0137538314 0.0369969681 149 196 231 
0.0950876921 0.0155316889 0.0544910505 149 195 230 
0.0493489206 0.00989088416 0.054105781 147 196 231 
0.0959340781 0.007915169 0.100269489 144 195 231 
0.0476152748 0.012210995 0.107915975 140 190 224 
0.0955734551 0.00484034419 0.150994033 138 187 224 
0.0782499611 0.00799244642 0.154612333 138 188 224 
0.0467924625 0.0135408342 0.130913973 139 189 224 
0.0951942801 0.00491920114 0.167525172 138 187 223 
0.0465561599 0.0118806958 0.160210252 140 189 224 
0.0943609625 0.00511273742 0.203632981 137 186 221 
0.046238631 0.00863656402 0.210837871 144 192 226 
0.0921503603 0.00990328193 0.251888514 141 189 223 
0.0454657003 0.0100241005 0.230904073 150 196 228 
0.0918378979 0.0105346739 0.259217232 143 190 223 
0.0446275771 0.0104749501 0.264372557 158 202 231 
0.0909178555 0.00965794921 0.31119898 163 204 230 
0.0464556217 -0.00119969249 0.310178369 148 194 226 
0.0897975862 0.0114657581 0.342541635 156 198 226 
0.0455029607 -0.000245124102 0.343307167 158 199 227 
0.0891885459 0.0119610131 0.364999443 152 195 225 
0.0443730205 0.00249153376 0.364772767 169 208 231 
0.0907865912 0.00119009614 0.411322087 160 200 225 
0.0447477698 -0.00347277522 0.413844615 175 210 231 
0.0888741314 0.00595250726 0.44620201 154 194 217 
0.0436017364 -0.000917941332 0.438069552 172 208 228 
0.0873771012 0.0100949407 0.468898445 149 192 216 
0.0417111665 0.00396701694 0.470582992 155 197 223 
0.0847784877 0.0161429942 0.520994604 143 189 214 
0.0401571169 0.00604966283 0.51878655 151 198 227 
0.0846472085 0.0163295567 0.524947584 143 188 213 
0.0400117934 0.00615245104 0.524316192 152 198 226 
0.150308922 0.0134900212 -0.295095325 153 200 236 
0.149915442 0.0128124654 -0.269501179 153 200 236 
0.149094149 0.0115477145 -0.21774137 152 198 234 
0.132287368 0.0161752403 -0.213377208 151 198 234 
0.14856337 0.0120464861 -0.198916197 151 198 233 
0.146896631 0.0156904757 -0.162888736 154 199 233 
0.100889087 0.0269295275 -0.151719183 152 196 229 
0.144950017 0.0198494792 -0.119734846 147 192 227 
0.14459011 0.0202615559 -0.107791089 143 190 225 
0.142445832 0.0241951346 -0.0530580953 151 197 232 
0.112241551 0.0251914561 -0.0491970405 148 194 228 
0.14257443 0.0215248764 -0.0292892233 149 194 229 
0.142337516 0.0201289356 -0.00290059298 147 192 225 
0.142716303 0.014148742 0.0461621657 150 193 226 
0.143276334 0.00796547532 0.0891621783 148 195 229 
0.143199399 0.00775876641 0.0949905738 148 195 229 
0.14373219 0.00117352605 0.143707275 141 191 228 
0.143257394 -0.00145277381 0.19468832 136 184 219 
0.137989566 -0.000387817621 0.195846498 136 184 219 
0.143134937 -0.00141939521 0.199939638 136 184 219 
0.141192317 0.00216957927 0.249243349 134 181 214 
0.1038495 0.0097027719 0.257444799 140 187 221 
0.140185535 0.00309675932 0.285163105 152 195 223 
0.140188217 0.00162324309 0.301414013 158 201 228 
0.139260262 0.000777572393 0.353413552 138 183 214 
0.114333868 0.00775465369 0.359948069 139 184 215 
0.138528138 0.00121679902 0.382144362 137 179 208 
0.130775288 0.029625386 0.422396332 142 186 211 
0.135486901 0.0066203773 0.461721689 144 186 211 
0.131487161 0.00742065907 0.462596565 144 186 211 
0.135280818 0.00720778108 0.4646568 144 186 211 
0.130799681 0.0205458403 0.52216965 147 190 214 
0.10344404 0.0189870298 0.524327695 144 188 213 
0.198231727 0.00852656364 -0.277141958 153 200 236 
0.182331145 0.00993397832 -0.274629116 153 200 236 
0.198159963 0.00759491324 -0.263496161 154 200 236 
0.197642207 0.00635093451 -0.225903153 153 200 236 
0.196641117 0.0057927072 -0.173739284 154 201 236 
0.189891428 0.00727808475 -0.172189534 153 200 236 
0.196374297 0.00635004044 -0.16768229 153 200 236 
0.194610327 0.00928047299 -0.119261242 150 197 234 
0.157803446 0.0178653896 -0.110546537 145 191 227 
0.192817837 0.0138712525 -0.0879829302 146 194 231 
0.191791981 0.0158626139 -0.0630133674 144 192 228 
0.190093517 0.0180444121 -0.00928231329 152 198 230 
0.177546471 0.018158257 -0.00784162432 150 196 229 
0.18997854 0.017842412 -0.00175753981 152 198 230 
0.188426405 0.0201031864 0.0443783626 151 195 226 
0.188995063 0.0133769512 0.0930144414 147 191 225 
0.161123872 0.00969746709 0.0940755382 147 193 228 
0.189688206 0.00919482112 0.107664593 147 191 226 
0.190834731 0.0016566813 0.138794154 146 192 227 
0.19370091 -0.0140971541 0.182266861 137 186 222 
0.19354701 -0.017984271 0.232526779 138 187 222 
0.181300908 -0.0127444565 0.236722857 137 187 222 
0.194030076 -0.0223839879 0.259240597 136 185 220 
0.193472952 -0.0221850872 0.282607257 137 185 219 
0.155684158 -0.000590801239 0.298506767 156 199 226 
0.189100713 -0.00806623697 0.326445997 147 191 221 
0.188405186 -0.00676432252 0.343910456 144 187 217 
0.186133027 -0.00232827663 0.398930818 135 181 208 
0.171572477 -0.00123098493 0.401127756 136 180 208 
0.185797393 -0.00179818273 0.408449054 134 180 207 
0.180944979 0.0135649741 0.460504204 137 178 203 
0.180197567 0.0158386528 0.469553262 138 178 203 
0.11249496 0.340916097 -0.0345471203 178 220 234 
0.112467736 0.340928793 -0.0345372148 178 220 234 
0.112439528 0.341185808 -0.0349991061 179 220 234 
0.112491727 0.340927452 -0.0345241614 178 220 234 
0.174797058 0.0332299173 0.524234891 137 177 202 
0.100949079 0.390774608 -0.058513511 174 224 243 
0.0978908539 0.401434273 -0.0523787215 167 222 244 
0.100054964 0.379118234 -0.0123986229 178 228 242 
0.103156075 0.377058238 -0.00741706789 179 227 242 
0.0980506092 0.402163416 -0.0519996285 167 222 244 
0.0854588002 0.454582691 -0.0564029217 171 220 245 
0.101793066 0.382966578 -0.0104961693 178 228 243 
0.246169865 0.00572648644 -0.283932954 152 198 233 
0.245617449 0.0036482811 -0.235478848 153 199 234 
0.245578825 0.00355690718 -0.232690662 153 199 235 
0.244582504 0.00297993422 -0.180537522 153 200 235 
0.243810028 0.00251111388 -0.139862984 154 201 236 
0.243572682 0.00245603919 -0.128353983 154 201 236 
0.241819739 0.0048519671 -0.0745004341 150 198 233 
0.218594015 0.00973948836 -0.0692894533 147 195 231 
0.240858823 0.00703606009 -0.0546556637 148 196 232 
0.239304036 0.0102448463 -0.0189327821 148 195 230 
0.237045318 0.0158298314 0.022704415 148 195 229 
0.236401111 0.0171594918 0.0375052467 143 191 227 
0.234846503 0.0187761188 0.0909130499 146 192 226 
0.236529261 0.00829985738 0.130072087 143 188 220 
0.236772031 0.00671842694 0.136499792 143 187 219 
0.238908529 -0.00616821647 0.181612372 141 186 220 
0.241879582 -0.022334218 0.224849373 142 190 224 
0.243119657 -0.0316984951 0.27197656 141 189 222 
0.207818627 -0.0291658342 0.277233392 136 185 219 
0.245055228 -0.0437956154 0.317540795 139 189 222 
0.243260771 -0.0434271395 0.317938387 139 189 223 
0.244984537 -0.0436422527 0.319081455 139 190 223 
0.201383471 -0.0123694539 0.33943519 145 189 218 
0.237719804 -0.017763406 0.365034372 141 186 214 
0.234273434 -0.00592312217 0.391685277 138 182 209 
0.231673658 0.00208291411 0.422076851 138 179 208 
0.226509392 0.0200919807 0.459047884 139 183 208 
0.228690565 0.007029742 0.504060149 141 183 208 
0.225973994 0.00745072961 0.50458765 141 183 208 
0.1553507 0.362577885 -0.0798302144 168 218 240 
0.11315164 0.363934159 -0.0744552761 188 229 240 
0.112631321 0.3409684 -0.0345336497 178 220 234 
0.155565649 0.358681351 -0.0463984162 175 219 238 
0.155002281 0.359455168 -0.0291330963 175 218 237 
0.153167322 0.362173319 0.0249047279 172 222 239 
0.145168066 0.367197722 0.0285169706 175 224 241 
0.152134717 0.365581214 0.0344431549 175 224 240 
0.107930824 0.445058227 -0.0297510736 169 217 244 
0.141259149 0.413455397 0.00175258517 170 223 245 
0.136068463 0.435031354 0.000300176442 167 219 245 
0.150413603 0.37299338 0.0310933217 174 224 241 
0.195052683 0.143693388 0.529742301 163 206 224 
0.185807526 0.144150078 0.531006634 163 207 224 
0.193814814 0.149161786 0.525807261 166 210 227 
0.199529767 0.121609986 0.5695948 163 204 221 
0.194831342 0.123494387 0.571136177 166 207 222 
0.134118319 0.441513538 0.0178005546 168 220 245 
0.192136645 0.155151188 0.536295652 166 208 225 
0.195531726 0.137319237 0.578579783 170 212 226 
0.293916076 0.00562232733 -0.311870873 151 196 230 
0.293712258 0.00448143482 -0.289834529 151 196 230 
0.293163002 0.00214758515 -0.238686174 151 197 232 
0.249525905 0.00335818529 -0.233232528 153 199 234 
0.292820603 0.000960677862 -0.209776014 152 198 233 
0.29240036 0.000652462244 -0.187058181 152 198 233 
0.291420698 1.01029873e-05 -0.134942412 153 199 234 
0.260267705 0.00147235394 -0.130723655 154 201 236 
0.29091835 0.000292867422 -0.115022905 153 199 234 
0.290164083 0.000455737114 -0.0822043344 151 199 235 
0.288784713 0.00138381124 -0.029190369 153 200 235 
0.283145547 0.00252392888 -0.0279504582 152 199 234 
0.288557768 0.0018940568 -0.0244409218 152 199 234 
0.286429256 0.00614723563 0.026017271 140 190 228 
0.253954589 0.0138125122 0.0337556079 143 192 228 
0.285030335 0.0092715919 0.0555226132 139 189 227 
0.284130335 0.0106884539 0.0810978189 140 188 225 
0.281760007 0.0155102909 0.13633889 148 192 225 
0.268137991 0.0127596855 0.136339456 147 191 223 
0.284044385 0.00406780839 0.158614069 151 193 224 
0.285913467 -0.00530150533 0.176918626 153 194 222 
0.285835534 -0.00948724151 0.227007776 138 183 218 
0.288153738 -0.0230877697 0.271712035 134 180 214 
0.289387017 -0.0324254632 0.318854541 132 179 213 
0.289377958 -0.0324205756 0.319215238 132 179 213 
0.283181101 -0.0118280947 0.374885976 137 182 213 
0.282402992 -0.00947526097 0.384464115 137 181 212 
0.277404249 0.00668510795 0.434379071 141 180 209 
0.277015477 0.00720176101 0.446485788 141 181 209 
0.277241379 0.00182238221 0.495892256 134 176 206 
0.202508986 0.362842143 -0.0848685354 167 215 239 
0.204951018 0.348754883 -0.0404426344 167 218 241 
0.17054905 0.354986995 -0.0332721025 175 219 239 
0.210106581 0.324005544 -0.00211497396 164 214 234 
0.19124189 0.33715573 0.00711157173 161 213 234 
0.207066059 0.334720254 0.0184110031 166 218 237 
0.197399169 0.372490972 0.0425034538 168 218 241 
0.245627701 0.13502419 0.46711126 141 184 207 
0.232862681 0.137185454 0.469689637 142 185 207 
0.24351114 0.144216478 0.462134868 152 195 215 
0.245513886 0.134302109 0.48036024 142 184 207 
0.145313963 0.431266725 0.0109961554 167 220 245 
0.183249176 0.417608857 0.051755406 162 215 241 
0.186537296 0.416177213 0.0557215884 163 216 241 
0.241032243 0.15308097 0.477438897 153 197 217 
0.240510464 0.150639236 0.528525531 155 200 220 
0.237918437 0.161818057 0.523303807 161 207 226 
0.247175127 0.119960278 0.563461781 157 196 214 
0.341272265 0.0031670332 -0.295775771 149 194 227 
0.326129884 0.0035456121 -0.293905884 149 194 228 
0.341185629 0.00260597467 -0.285563707 149 194 228 
0.340767741 0.00065740943 -0.244727969 151 196 229 
0.340308726 -0.00203078985 -0.19378233 151 196 231 
0.32397902 -0.00146079063 -0.191677868 152 197 232 
0.340112686 -0.0021674335 -0.183263391 151 197 231 
0.339006931 -0.00140741467 -0.140942633 153 199 233 
0.338000834 -0.00179752707 -0.0904179141 153 199 233 
0.337972641 -0.00183528662 -0.0887041613 153 199 233 
0.336994588 -0.00248411298 -0.0365921035 147 196 232 
0.336006999 -0.00201186538 0.00350155681 142 193 231 
0.335726887 -0.00199481845 0.0161709115 142 192 231 
0.333828479 0.000972718 0.0703513846 141 191 228 
0.313534379 0.0053935349 0.0749863312 141 190 227 
0.333005905 0.00276002288 0.0882549807 141 189 226 
0.331956357 0.00383701921 0.124472834 144 190 224 
0.331318915 0.00184980035 0.175819367 142 187 221 
0.29044205 -0.00468161702 0.1767582 152 193 222 
0.333148926 -0.00803264976 0.20162034 147 191 221 
0.334254026 -0.0141749084 0.219137162 150 193 221 
0.33536458 -0.0230303109 0.266555429 144 188 218 
0.290892661 -0.0318981707 0.318975896 132 179 213 
0.333005309 -0.017406553 0.312377602 142 184 214 
0.331964761 -0.0141632855 0.32411018 140 182 212 
0.329817533 -0.0102181435 0.378849775 144 185 215 
0.302493989 -0.0107361376 0.381570488 140 183 214 
0.329020023 -0.00776228309 0.388174206 143 184 214 
0.325882524 0.000751644373 0.437607139 148 187 215 
0.292963922 0.00531116128 0.443704814 146 185 213 
0.327695221 -0.0108626783 0.483447522 134 178 209 
0.324673533 -0.00985357165 0.484328479 135 178 210 
0.248699486 0.369689882 -0.118636012 154 204 236 
0.248037666 0.369509339 -0.08624468 154 207 238 
0.250775278 0.354260623 -0.0424830578 157 210 238 
0.250348866 0.351444364 0.0083893314 164 217 240 
0.250347167 0.351448357 0.00842241198 165 217 240 
0.242899269 0.378234029 0.0527083948 165 215 239 
0.253682852 0.142224848 0.470143169 146 189 211 
0.294090301 0.125671297 0.509055555 148 189 209 
0.284706622 0.126894087 0.510751903 148 189 209 
0.292585075 0.132267654 0.504862487 151 193 211 
0.294089764 0.124818742 0.518555641 148 189 209 
0.234517634 0.409641981 0.0884974375 164 216 240 
0.279346168 0.187721074 0.496449202 172 216 229 
0.292110115 0.128960192 0.563419878 144 189 209 
0.233623236 0.412671775 0.095891811 163 214 239 
0.388689876 0.00241217017 -0.301396966 151 196 226 
0.38831535 0.00028181076 -0.260528922 154 198 228 
0.388216853 -0.000221163034 -0.250419945 154 198 228 
0.387352705 -0.00131738186 -0.198563784 151 196 229 
0.386699647 -0.00180462003 -0.163168043 153 199 232 
0.386396646 -0.00205269456 -0.146501154 154 199 233 
0.385593861 -0.00339013338 -0.094782941 149 197 231 
0.340652406 -0.00191092491 -0.0890397802 153 199 233 
0.385220498 -0.00456699729 -0.0645645782 145 194 231 
0.384924144 -0.00525048375 -0.0433638021 143 193 231 
0.383994848 -0.00609079003 0.00863873214 142 192 230 
0.353321671 -0.00333026052 0.0135110393 142 192 230 
0.383530438 -0.00628516078 0.0321193263 142 192 229 
0.383017212 -0.00674128532 0.0607498661 144 193 228 
0.381633133 -0.00579461455 0.113774531 149 194 227 
0.372302473 -0.00322189927 0.116199367 148 193 226 
0.381303072 -0.00534358621 0.123913936 148 193 226 
0.380195916 -0.00463926792 0.166918457 146 191 224 
0.381376714 -0.0137708187 0.21417883 154 198 225 
0.343707532 -0.014628917 0.2178514 152 195 222 
0.381963253 -0.0186964273 0.241985559 153 195 221 
0.381536812 -0.0188916326 0.263733119 151 190 218 
0.379566997 -0.0156435072 0.318074107 154 194 219 
0.3572447 -0.0158381164 0.320421159 149 190 217 
0.378870696 -0.0134716332 0.325906456 155 195 220 
0.376285434 -0.00724127889 0.375362962 144 186 215 
0.37525636 -0.00566387177 0.405079007 144 186 213 
0.374470741 -0.00460281968 0.429355174 143 184 212 
0.374895871 -0.0107649863 0.478313953 140 184 213 
0.298267931 0.357702851 -0.0981868953 157 206 238 
0.28070417 0.363295257 -0.0932146609 155 205 237 
0.297398448 0.359597325 -0.0793207586 155 205 237 
0.296088964 0.361772656 -0.0433759801 154 206 237 
0.297438085 0.351979822 0.00350612402 160 210 239 
0.298465699 0.344229221 0.0424555019 159 212 238 
0.343620867 0.125597894 0.398857772 130 173 195 
0.316920906 0.139177144 0.409178674 137 176 199 
0.335534185 0.160723984 0.379788667 143 193 213 
0.340946168 0.133932233 0.429039329 130 170 193 
0.287108362 0.390368313 0.0511645749 170 223 243 
0.329429656 0.181358814 0.430750459 176 215 228 
0.337168396 0.14645952 0.46327278 153 193 211 
0.313908875 0.156802148 0.471455008 168 210 223 
0.329255998 0.181718975 0.434719533 178 217 230 
0.343833953 0.115776926 0.498206943 133 176 200 
0.341263294 0.122277617 0.543989182 143 186 206 
0.281843513 0.408763051 0.0884667411 161 213 238 
0.251871854 0.411378652 0.0931830928 162 214 238 
0.280730456 0.411856771 0.105188318 160 211 237 
0.284742177 0.190936387 0.493228644 174 218 231 
0.322007179 0.20751898 0.480817467 184 230 241 
0.339716464 0.127463847 0.557374537 146 191 210 
0.28051126 0.409506083 0.141374886 163 213 238 
0.283058167 0.395006716 0.185565084 163 214 240 
0.284531474 0.384725928 0.232168078 167 219 242 
0.435689569 0.00683194399 -0.34533301 148 196 220 
0.435743093 0.00308915973 -0.306199253 150 196 222 
0.435316265 0.00027436018 -0.255326003 151 196 224 
0.405526757 -7.67409801e-05 -0.252243519 153 198 227 
0.435247123 -0.00106239319 -0.237295628 151 195 225 
0.434994221 -0.00295200944 -0.204688162 150 195 226 
0.434040368 -0.00369593501 -0.152630478 148 193 227 
0.411879361 -0.00302493572 -0.149830282 151 196 230 
0.433887601 -0.00441691279 -0.137603641 149 194 227 
0.433414996 -0.00573045015 -0.101310961 150 195 227 
0.432382464 -0.00616514683 -0.0490764007 143 192 227 
0.418296695 -0.00595748425 -0.0474156067 143 192 228 
0.432296216 -0.00662383437 -0.0400212631 143 192 227 
0.432025135 -0.00925299525 0.0016406253 142 191 226 
0.43143791 -0.0114374161 0.0528744236 147 193 226 
0.419158578 -0.0102347136 0.0548780486 146 193 227 
0.43124342 -0.0114966631 0.0624618158 148 193 226 
0.430351973 -0.0116622746 0.105228998 148 194 226 
0.42918849 -0.011408776 0.155825704 151 196 225 
0.429144263 -0.0114086568 0.157857239 151 196 225 
0.42918843 -0.0160740316 0.20767203 152 196 224 
0.429816544 -0.0230338275 0.256174505 154 196 220 
0.405315459 -0.0225569308 0.259126276 154 195 220 
0.430284321 -0.0269182026 0.277861744 149 191 217 
0.429012418 -0.0243662 0.30789566 137 180 210 
0.425172806 -0.011698693 0.343409628 140 183 212 
0.424573243 -0.0114152133 0.367786199 146 186 215 
0.423557758 -0.0119169652 0.419982404 138 178 209 
0.406291634 -0.00845247507 0.423764318 140 180 210 
0.42614013 -0.0265558064 0.464092821 141 182 212 
0.426020265 -0.0265171528 0.464127034 141 182 212 
0.345189631 0.358896673 -0.102693565 153 206 237 
0.343403429 0.362841219 -0.0645216256 154 204 236 
0.342731655 0.364062726 -0.0472556204 154 203 236 
0.343647301 0.355973125 0.000600643456 156 207 236 
0.343463898 0.352456927 0.0480929986 148 200 231 
0.359574288 0.275424659 0.164463282 161 212 234 
0.341352135 0.282129556 0.170113057 166 216 234 
0.354520231 0.297723293 0.148708522 161 212 234 
0.360499859 0.268121511 0.203124702 166 215 235 
0.384945154 0.148785323 0.406930447 150 191 212 
0.382769376 0.157877624 0.405783355 148 189 211 
0.389828086 0.125107139 0.445870787 142 189 211 
0.376721025 0.130811542 0.450414151 133 177 202 
0.388804287 0.128002226 0.460702509 141 188 211 
0.333280295 0.392785549 0.0674833134 164 220 241 
0.355513513 0.291380525 0.173589319 165 216 235 
0.379586607 0.169840366 0.418972999 158 197 216 
0.374838442 0.187054664 0.445673436 171 213 228 
0.388329655 0.126503021 0.499152273 147 193 213 
0.38809365 0.122938544 0.549596846 155 194 212 
0.366234541 0.123787522 0.55246067 149 189 208 
0.33225894 0.396229088 0.0761084035 162 217 240 
0.32904312 0.40437302 0.133249551 160 211 237 
0.324784905 0.406186938 0.134704202 160 211 237 
0.329318255 0.402314603 0.143491745 161 211 237 
0.369102478 0.206543446 0.492448598 176 223 241 
0.36324656 0.209937841 0.494938582 178 224 242 
0.368263274 0.209519759 0.497901827 176 223 241 
0.331766993 0.389178336 0.177042037 162 212 237 
0.334877223 0.3724657 0.219966322 162 213 237 
0.337660193 0.357038915 0.263626099 168 219 240 
0.34070459 0.340584904 0.306698352 175 226 243 
0.341083467 0.334604383 0.355760902 172 223 241 
0.367156863 0.214188099 0.496821016 178 224 242 
0.482520223 0.00598832965 -0.323019922 147 193 216 
0.482636809 0.00439277291 -0.310643107 147 193 217 
0.481564343 0.00411486626 -0.258318841 151 195 219 
0.482206762 -0.0025447011 -0.213808417 144 190 218 
0.482166708 -0.002743572 -0.209758431 144 190 218 
0.481730521 -0.00552156568 -0.158864111 147 192 222 
0.481353164 -0.00840383768 -0.109512247 145 190 222 
0.481339931 -0.00847858191 -0.108072214 145 189 222 
0.48066473 -0.0103174746 -0.0566408262 144 190 222 
0.479960382 -0.01159361 -0.0101230964 144 189 222 
0.47987783 -0.0117172301 -0.00495824963 144 189 222 
0.4796592 -0.0153501928 0.0454470441 144 190 221 
0.479002893 -0.016938448 0.0932276174 141 190 221 
0.430194259 0.214601129 -0.238880485 195 243 254 
0.478917718 -0.0169285834 0.0970274433 142 190 221 
0.477944314 -0.0175955892 0.149129122 144 188 219 
0.43158716 -0.0117122531 0.157423645 151 195 224 
0.478574872 -0.0245649219 0.197626144 150 193 220 
0.47509557 -0.0240211785 0.198304266 150 193 220 
0.478597164 -0.0250144601 0.201598972 150 193 220 
0.426887333 0.223446682 -0.185354263 181 231 251 
0.408359706 0.229418039 -0.180069953 175 227 252 
0.421708703 0.246523544 -0.204037189 181 230 250 
0.432645142 0.196330845 -0.148380086 187 235 251 
0.408682644 0.206656367 -0.140129954 180 231 252 
0.431501865 0.19804287 -0.114916377 191 236 252 
0.477637172 -0.0253721774 0.249647588 153 195 217 
0.475303769 -0.0187956393 0.283692539 148 192 215 
0.418116987 0.257907569 -0.165644169 177 229 250 
0.396053135 0.244793355 -0.117996097 172 226 247 
0.41627112 0.263357043 -0.141456336 177 229 248 
0.428125679 0.20959729 -0.0883091316 177 228 249 
0.400416255 0.223009586 -0.0779680982 160 218 247 
0.426595509 0.21224688 -0.0475017801 166 220 246 
0.474245846 -0.0165387988 0.307183117 146 190 214 
0.472521722 -0.0142560899 0.360971868 144 187 213 
0.462086201 -0.01330176 0.362637728 145 188 214 
0.472349346 -0.0142546594 0.368870497 145 188 214 
0.417298079 0.256633341 -0.113889813 176 228 247 
0.418325454 0.248104751 -0.0662846044 168 221 246 
0.425645053 0.214852393 -0.032820262 170 222 246 
0.386521131 0.238000363 -0.0159288421 177 228 247 
0.415341586 0.257873893 -0.037851356 176 225 245 
0.422825813 0.221438199 0.0234296992 163 216 242 
0.419823289 0.223221064 0.0247294977 161 215 241 
0.422448039 0.222693965 0.0268190131 161 215 241 
0.471506119 -0.0147571862 0.41316843 151 192 217 
0.471421301 -0.0189157426 0.463273138 142 188 211 
0.392733425 0.359709352 -0.131527573 156 207 237 
0.413799942 0.261394888 -0.0062000677 172 222 244 
0.420996696 0.228625238 0.0275403485 162 215 241 
0.419740587 0.229068875 0.0802772716 172 219 242 
0.392254621 0.234902292 0.0864709243 178 222 242 
0.414393276 0.252483606 0.0655828938 170 217 242 
0.419838667 0.225526601 0.115137301 162 210 236 
0.39184472 0.361137927 -0.106601126 155 206 236 
0.393895566 0.348587751 -0.0612960756 154 203 235 
0.359600693 0.359551817 -0.0515631959 154 202 235 
0.391839117 0.354051888 -0.0276021287 152 202 234 
0.411432087 0.261715025 0.0989493802 169 216 241 
0.390316069 0.358160794 -0.00333758444 150 202 233 
0.392241806 0.346102208 0.0422486588 148 199 230 
0.349771947 0.352687001 0.0504975989 147 199 230 
0.391434193 0.345971704 0.0807769522 147 199 230 
0.401704282 0.299938023 0.120811202 157 208 236 
0.368762225 0.311603814 0.13077715 157 207 234 
0.393883377 0.333847046 0.103065349 151 202 232 
0.407785028 0.271553457 0.157059669 157 208 237 
0.409751594 0.259334624 0.202554226 163 211 235 
0.36577642 0.265201449 0.210578024 166 215 235 
0.410642743 0.251341224 0.250465572 164 213 237 
0.405575961 0.251994848 0.251377881 165 214 237 
0.414883077 0.230188012 0.290850043 166 214 237 
0.412168145 0.230750591 0.291454405 167 214 237 
0.415052533 0.229050502 0.295710325 165 214 237 
0.433789551 0.142424315 0.39810276 171 214 229 
0.425951958 0.175093591 0.394897968 155 201 222 
0.434578657 0.134831846 0.446243376 163 208 224 
0.434546471 0.132547021 0.473110288 160 208 226 
0.34256053 0.392135382 0.0727494732 163 218 241 
0.388254344 0.357278198 0.101123996 153 204 233 
0.374319106 0.37698251 0.113374196 160 211 235 
0.387975156 0.353883326 0.151665449 153 206 232 
0.386449546 0.360563189 0.147479206 154 206 232 
0.394892931 0.322209805 0.186032802 158 209 235 
0.40166074 0.291125655 0.220737249 166 215 237 
0.40941748 0.25615564 0.253219187 165 214 238 
0.413805068 0.234423786 0.293272704 166 214 237 
0.423864126 0.181423753 0.420408696 165 214 230 
0.42037788 0.192603052 0.456236213 176 226 240 
0.434006691 0.132587373 0.497442812 159 210 228 
0.434408724 0.126515895 0.546453476 154 195 215 
0.376779228 0.398350537 0.171541065 161 209 234 
0.374816239 0.212738201 0.495190591 178 224 242 
0.411007226 0.228907153 0.483024746 178 224 240 
0.376841068 0.397631884 0.176687628 161 209 234 
0.381083101 0.376472175 0.217068374 162 210 235 
0.384404421 0.358930081 0.259518296 159 209 234 
0.389612705 0.333973527 0.297727466 169 220 242 
0.392012715 0.320051581 0.342247903 172 221 241 
0.39417997 0.30704391 0.387291312 170 219 239 
0.396276593 0.294314027 0.432493538 173 220 237 
0.524638116 0.0284750164 -0.343594342 144 190 214 
0.525284171 0.0223813355 -0.3055439 145 190 214 
0.525419652 0.0173573792 -0.255934209 150 194 218 
0.527252018 0.00566568971 -0.210138172 150 192 216 
0.505691946 0.00132775307 -0.210128814 147 191 217 
0.527378201 0.00482568145 -0.206594914 150 192 216 
0.527309656 0.000947386026 -0.160353631 150 194 218 
0.52760905 -0.00472080708 -0.111112408 147 194 219 
0.483928859 -0.00842571259 -0.108327948 145 190 222 
0.528942525 -0.0130032599 -0.0802949145 142 188 217 
0.528842032 -0.01405707 -0.0639691725 140 186 217 
0.527037263 -0.0114575326 -0.00999917835 141 188 219 
0.486966133 -0.0121763647 -0.00598693639 144 189 222 
0.528211832 -0.0194708407 0.0251196995 138 186 217 
0.527658105 -0.0183890164 0.0385194942 139 187 218 
0.525513828 -0.0144554675 0.0932525173 142 188 218 
0.485904932 -0.016918987 0.0962648764 141 189 221 
0.526229322 -0.0197413564 0.119142435 143 187 216 
0.479395509 0.202689767 -0.202415735 192 246 253 
0.474190176 0.204158008 -0.201045036 191 245 253 
0.479592383 0.201047242 -0.193202376 193 246 253 
0.525519133 -0.0189680457 0.143154681 146 189 217 
0.524903238 -0.021039784 0.194452912 155 196 219 
0.524605274 -0.0217860937 0.2164267 153 195 216 
0.478011847 0.20363462 -0.149392128 188 239 253 
0.480070114 0.191055268 -0.104103796 183 235 252 
0.460163474 0.196277142 -0.0990756676 186 235 252 
0.480606735 0.185940713 -0.0719069615 184 237 253 
0.522941887 -0.0178250968 0.248774737 153 193 215 
0.522690773 -0.0213302076 0.299253196 151 192 213 
0.507859528 -0.0205766857 0.301292866 148 191 213 
0.522355258 -0.0207327008 0.308015734 150 192 213 
0.421796381 0.27386415 -0.157368332 174 228 248 
0.456909478 0.293167949 -0.17549473 165 220 244 
0.479988515 0.186884075 -0.0540063307 183 236 253 
0.437039196 0.209034085 -0.0372374281 168 221 247 
0.480496705 0.180395573 -0.00523427874 183 233 250 
0.465522647 0.193088472 0.00331594795 178 228 249 
0.478090465 0.188312799 0.0172579959 179 230 249 
0.519162297 -0.0119576752 0.357097 147 188 210 
0.518832088 -0.0133759081 0.388017386 146 187 208 
0.453977644 0.302562773 -0.145292923 162 217 243 
0.453608274 0.2995224 -0.0945486799 165 220 243 
0.445670187 0.275156826 -0.0545734391 168 220 243 
0.453866899 0.298145235 -0.0911189318 165 220 243 
0.474981368 0.197574854 0.0570746735 167 221 244 
0.459839344 0.210066855 0.0655340627 156 213 240 
0.472860575 0.20411846 0.0817282274 157 214 240 
0.518121541 -0.0123600066 0.409350038 146 188 209 
0.516262233 -0.0095461309 0.463442653 151 195 212 
0.441856325 0.350190669 -0.118051916 148 200 232 
0.42580241 0.357221454 -0.112463146 148 200 232 
0.440582633 0.353823543 -0.0999455675 146 198 230 
0.456320822 0.284372389 -0.0507306457 164 217 242 
0.445618212 0.293498248 0.00776735693 166 219 241 
0.45178771 0.298353523 0.00202365965 165 218 241 
0.426245213 0.265969306 0.0472783372 164 215 241 
0.47123605 0.207799435 0.115405805 163 217 242 
0.430701733 0.221368313 0.127241313 158 208 235 
0.468213677 0.217037842 0.151504308 160 212 239 
0.441116571 0.348605424 -0.0664754286 149 200 230 
0.440186441 0.347768366 -0.0144710317 153 203 232 
0.429282606 0.353578001 -0.010112457 151 201 231 
0.45091778 0.301110536 0.0113260075 164 217 240 
0.439099908 0.351078868 -0.00137459487 152 201 231 
0.443704307 0.311389029 0.070067592 155 207 236 
0.446852565 0.312699825 0.0691766664 155 207 236 
0.423979402 0.283774912 0.109570913 160 212 240 
0.42441988 0.261041701 0.149513453 157 208 238 
0.462026894 0.23949258 0.186016023 159 209 237 
0.454094827 0.245384485 0.190092772 160 209 237 
0.461454093 0.240415767 0.202054709 161 211 238 
0.439593017 0.345608354 0.0367767289 152 202 231 
0.402363032 0.342576474 0.091576077 149 200 231 
0.461840153 0.235734627 0.236349821 164 214 238 
0.460881948 0.235007867 0.28841731 164 213 237 
0.46404016 0.218106568 0.33123374 168 220 238 
0.456146657 0.21855545 0.332345307 166 219 237 
0.464151859 0.216975957 0.338668942 169 220 238 
0.477330446 0.156901956 0.401193857 185 229 239 
0.469569445 0.190156639 0.387970269 178 223 236 
0.480001867 0.141913533 0.445104331 172 217 232 
0.481882334 0.130032927 0.490792304 166 211 229 
0.469964683 0.130540669 0.492378145 165 211 229 
0.481445611 0.131364256 0.496046871 166 210 228 
0.388564646 0.357590705 0.153617442 153 206 232 
0.403430134 0.338348985 0.19387418 157 209 233 
0.424585342 0.320629597 0.23426792 160 210 233 
0.4452191 0.301042974 0.273703218 158 210 234 
0.444455624 0.304396331 0.271491677 157 210 233 
0.456152976 0.253589094 0.299044907 167 216 239 
0.462341964 0.224779367 0.335050255 169 221 239 
0.467644513 0.194960475 0.422961622 179 223 236 
0.463991284 0.207686156 0.449271709 170 217 234 
0.479019403 0.136790246 0.547140419 153 196 218 
0.379681498 0.396634459 0.175832897 161 209 234 
0.389623851 0.376201093 0.215982407 162 210 234 
0.418407202 0.360328078 0.256542325 163 213 236 
0.432460666 0.353691816 0.274398446 165 215 237 
0.4556247 0.239019558 0.485197693 165 212 230 
0.434264362 0.344086975 0.298322439 166 216 237 
0.437519848 0.326803505 0.34092024 166 217 238 
0.440622628 0.310119927 0.383861184 162 210 233 
0.445387065 0.286907464 0.423067838 162 212 232 
0.448357999 0.270742089 0.466305226 161 212 230 
0.568457723 0.0425373316 -0.348682404 150 194 215 
0.567855239 0.0406701267 -0.300273031 153 196 218 
0.569068074 0.0314127207 -0.25308466 157 197 218 
0.532643914 0.00785127282 -0.209541738 151 193 216 
0.569853127 0.0255447328 -0.223919898 159 197 218 
0.569757342 0.0242126882 -0.204719603 160 198 218 
0.568830788 0.0233615637 -0.152723193 161 200 221 
0.570632339 0.011790961 -0.106857888 161 201 221 
0.570717275 0.0111823082 -0.103992365 160 201 221 
0.570168078 0.00912350416 -0.0559003875 158 201 222 
0.570065498 0.00503465533 -0.00575587898 156 200 221 
0.570166588 0.00382363796 0.00306034833 157 200 221 
0.569054544 0.00451490283 0.0464300439 161 203 221 
0.56907624 -6.20186329e-05 0.0962954387 166 203 221 
0.569128931 -0.00112441182 0.10568168 164 203 220 
0.528375626 0.195795387 -0.211548477 194 244 252 
0.529131949 0.188331932 -0.163334027 195 244 252 
0.511490047 0.19034636 -0.160299599 196 247 253 
0.528608203 0.189386249 -0.151003987 194 243 252 
0.567419767 0.00195473433 0.149932086 161 203 221 
0.56578064 -0.00207147002 0.200279564 159 200 220 
0.567120254 -0.00126537681 0.199466258 160 200 220 
0.527744532 0.189291537 -0.110302024 186 235 250 
0.528568566 0.181561917 -0.0622398183 192 236 250 
0.49437958 0.181719065 -0.0583974048 188 238 253 
0.528985083 0.177435875 -0.0355104282 193 236 250 
0.567093909 -0.00125670433 0.200578481 160 200 220 
0.566528976 -0.00352856517 0.251762241 154 197 218 
0.567895114 -0.0133882761 0.298606128 148 191 214 
0.567198396 -0.0117367506 0.312241018 148 191 213 
0.523449004 0.197186261 -0.000820226967 181 230 248 
0.526833236 0.179397106 0.041488342 184 233 249 
0.513969779 0.181974918 0.0443041697 183 233 249 
0.526193857 0.181169003 0.051152505 184 232 249 
0.563895226 -0.002163589 0.357509285 150 193 213 
0.562469661 0.00158768892 0.381272435 152 198 217 
0.464094102 0.325295866 -0.134038061 158 208 237 
0.453912377 0.299991608 -0.0943268612 165 220 243 
0.523487806 0.18805021 0.0989206806 175 226 246 
0.497823 0.196420699 0.106294356 163 219 242 
0.523892581 0.182476074 0.142275214 170 224 243 
0.560990155 0.00475946069 0.413952142 151 196 215 
0.542291582 0.00162553787 0.466659635 156 198 213 
0.559165418 0.00786021352 0.463267297 158 199 214 
0.460275531 0.342725635 -0.0717792958 149 200 231 
0.464511991 0.320911199 -0.031754069 160 211 238 
0.523465157 0.183647186 0.148885548 170 224 242 
0.48913157 0.212671027 0.168446988 157 210 237 
0.517528832 0.203895003 0.196426719 164 217 238 
0.558782995 0.00893983245 0.468826324 158 199 214 
0.457827032 0.33764717 0.0304422602 153 202 232 
0.515903831 0.208865702 0.215792567 164 217 238 
0.477273881 0.228154987 0.230530649 164 214 238 
0.512835562 0.217043966 0.265780807 158 209 233 
0.512522817 0.217658937 0.273305058 158 208 233 
0.511320412 0.217891693 0.325921386 168 216 238 
0.515160203 0.198312402 0.367206067 173 223 238 
0.489729047 0.203844041 0.373009741 173 221 236 
0.520631015 0.17232421 0.404825211 184 227 240 
0.527106464 0.14238894 0.440186769 173 215 233 
0.527810931 0.135129005 0.488517553 172 214 231 
0.526628554 0.138678074 0.503364325 167 209 227 
0.44596225 0.302963912 0.274666518 158 210 234 
0.49631381 0.281348228 0.309732407 168 219 238 
0.492611349 0.296993047 0.305863261 169 218 237 
0.503354549 0.249191403 0.343823373 173 223 241 
0.500252366 0.247584969 0.395647913 171 223 239 
0.502245009 0.249302298 0.393531978 171 223 240 
0.484308124 0.220885932 0.435233623 173 220 237 
0.525701821 0.138924539 0.543171704 146 191 215 
0.438448071 0.342339009 0.296911836 165 215 236 
0.489036143 0.309943974 0.326087892 163 214 233 
0.460953653 0.324946523 0.337334961 162 215 235 
0.489518285 0.303557754 0.374918461 170 219 235 
0.483067155 0.307459086 0.377749622 169 217 234 
0.482115984 0.284389019 0.417661816 165 213 233 
0.497443497 0.263433993 0.456935853 171 217 236 
0.496106029 0.26960814 0.449729651 170 216 235 
0.497106314 0.264656186 0.45883283 170 216 235 
0.496849656 0.265767336 0.458270401 171 216 236 
0.611466169 0.054872483 -0.29733941 151 196 218 
0.613121748 0.0438754857 -0.251145989 151 197 217 
0.613124311 0.0423216224 -0.233998179 151 198 217 
0.612636209 0.0412915647 -0.200140715 149 196 216 
0.613408148 0.0337665379 -0.151961505 158 200 217 
0.577635586 0.0142553747 -0.106286861 161 202 221 
0.613970757 0.028046906 -0.114231847 161 202 219 
0.613795698 0.0277519822 -0.102918379 161 202 220 
0.612960279 0.0265427232 -0.0511268601 163 204 221 
0.614063561 0.0177159011 -0.00369223207 164 204 219 
0.614027262 0.0176824927 -0.00165372342 164 204 219 
0.57396996 0.205898434 -0.254121095 176 227 244 
0.61315912 0.016777724 0.0482543483 164 203 220 
0.612959385 0.0130707324 0.0986173078 166 204 220 
0.612896562 0.0131950378 0.100120865 166 204 220 
0.574764609 0.199082285 -0.214857966 180 231 246 
0.575892746 0.190157682 -0.167479247 182 228 245 
0.574514568 0.193117887 -0.137101471 182 230 246 
0.610907435 0.0166414976 0.15314278 166 204 220 
0.611332178 0.0108546317 0.197948664 163 203 219 
0.574189186 0.192359477 -0.113736771 179 230 247 
0.573859394 0.189163625 -0.0630814508 177 223 243 
0.57575345 0.177229553 -0.0174240246 183 231 248 
0.570168197 0.177223355 -0.0168136433 184 232 249 
0.575575769 0.177779794 -0.0153803155 183 231 248 
0.611257255 0.0107752979 0.202270776 163 203 219 
0.610134542 0.0106948316 0.254707903 159 201 221 
0.593548059 0.000163644552 0.303159297 151 195 216 
0.60964781 0.00910827518 0.29468444 155 198 218 
0.574100375 0.179233104 0.0362050757 186 230 248 
0.572414994 0.183342308 0.0679197386 186 231 248 
0.60927248 0.00959029794 0.306559354 152 196 216 
0.607692897 0.0113052428 0.360023379 157 203 220 
0.606690705 0.0136624873 0.37983796 154 201 218 
0.570840895 0.187548786 0.0934444442 180 227 246 
0.572239995 0.177559227 0.140214026 180 226 246 
0.529011667 0.181129903 0.146906674 171 225 243 
0.570444763 0.183010787 0.162054509 178 226 246 
0.605128527 0.0168894231 0.415700465 151 195 212 
0.604845941 0.0135080516 0.466249675 144 187 206 
0.579380929 0.0106027424 0.467467517 152 194 210 
0.565730095 0.198646456 0.204758167 171 220 240 
0.540284038 0.202212304 0.209494144 166 218 238 
0.56659776 0.191970378 0.239109784 166 219 239 
0.566324532 0.191819161 0.2533364 166 220 240 
0.519441843 0.215521619 0.271382064 159 209 233 
0.560836375 0.210407257 0.298743218 167 214 236 
0.560683429 0.209492639 0.315928012 165 212 234 
0.563386917 0.194378167 0.359766394 166 214 234 
0.568102121 0.171359181 0.399083823 175 222 238 
0.571518242 0.153444469 0.441320568 173 216 235 
0.574246883 0.138231128 0.485102385 161 206 228 
0.57285428 0.14082855 0.52017355 153 194 219 
0.500159085 0.293242067 0.315779984 168 218 235 
0.508380473 0.272392154 0.355892032 171 224 239 
0.571756303 0.143525511 0.54061377 148 187 212 
0.497683525 0.265317202 0.457933933 171 216 235 
0.658624053 0.058151871 -0.335861653 142 184 205 
0.656009555 0.0654111207 -0.296501249 148 191 212 
0.657725513 0.054177016 -0.250443459 148 191 210 
0.657438219 0.0539371967 -0.234588474 151 194 212 
0.655646145 0.0578556359 -0.195856303 159 202 218 
0.6578269 0.0447949469 -0.150843233 161 199 216 
0.657922089 0.0414569676 -0.118120976 161 200 216 
0.656784713 0.0443981588 -0.098586984 161 201 217 
0.657581806 0.0367745161 -0.0504642054 159 198 216 
0.632889748 0.0231434405 -0.002808474 162 203 218 
0.658100486 0.0304892957 -0.00443386286 160 202 217 
0.625831366 0.183988869 -0.228680193 169 217 236 
0.599718511 0.193347424 -0.220719755 177 225 241 
0.625188589 0.183332562 -0.191876501 175 221 239 
0.657874286 0.0311334431 -0.00120747834 160 203 217 
0.656329393 0.0327117443 0.0521784052 159 200 218 
0.654065192 0.0237830281 0.0999276862 164 203 218 
0.657247961 0.0246245861 0.0998725221 163 202 218 
0.625071883 0.182481349 -0.177059233 175 222 240 
0.628131509 0.165967464 -0.134021252 176 218 238 
0.592353225 0.187078893 -0.118605323 180 228 245 
0.624977529 0.174292743 -0.0817333236 173 220 238 
0.657239556 0.0246436298 0.100047015 163 203 218 
0.655685723 0.0262572765 0.153453082 157 200 218 
0.655577898 0.0228074193 0.196738452 153 196 213 
0.624643624 0.175180465 -0.0762686506 173 219 238 
0.625558496 0.167094052 -0.0284105316 171 216 236 
0.622786462 0.175054848 0.0103911832 176 221 240 
0.655169725 0.0237930417 0.204526871 154 196 214 
0.65474999 0.020950377 0.255384117 151 190 211 
0.653516471 0.0229277909 0.290042639 152 191 210 
0.622470438 0.174735844 0.0284433886 175 220 240 
0.621028364 0.175910562 0.0815984234 177 220 242 
0.603313982 0.180760235 0.086183168 181 225 245 
0.620279253 0.177381992 0.0996387079 177 220 241 
0.65184325 0.027880013 0.311830789 152 192 211 
0.652838886 0.0194761157 0.359507293 151 192 212 
0.651484251 0.0229035914 0.383612633 152 195 213 
0.62030983 0.174241811 0.133127183 175 218 238 
0.616922498 0.183914393 0.181155741 181 224 242 
0.648980618 0.0301445425 0.418092281 154 196 212 
0.648787916 0.0264098942 0.46843949 158 194 209 
0.616376877 0.185203463 0.191879928 181 224 241 
0.617088854 0.177914113 0.240193874 173 217 238 
0.571992695 0.187047333 0.250117749 165 219 240 
0.614945114 0.183618635 0.275224894 175 221 241 
0.613368213 0.188041657 0.298469573 177 222 239 
0.570761859 0.205103427 0.312432855 165 212 234 
0.615222335 0.176264614 0.344216794 179 223 238 
0.581989408 0.184981167 0.352610379 171 218 235 
0.614711404 0.174690753 0.385162264 178 220 236 
0.62032783 0.147220284 0.432571143 163 206 229 
0.615673065 0.147454411 0.433209985 164 207 230 
0.619254649 0.152199954 0.426506609 166 208 231 
0.620181441 0.147611827 0.434940785 163 206 229 
0.614736497 0.173681945 0.395222843 178 219 234 
0.618571997 0.149627656 0.486431211 161 204 224 
0.618840933 0.144163132 0.534805954 137 179 204 
0.618843019 0.144070536 0.535736024 137 178 204 
0.704821765 0.0604413748 -0.319308072 136 178 199 
0.703392506 0.0647926033 -0.302044481 137 180 201 
0.704743445 0.054992646 -0.255166411 139 180 201 
0.702358246 0.0625518262 -0.22966224 145 185 206 
0.699870884 0.0696464479 -0.194301963 152 192 213 
0.701735198 0.0578292012 -0.14857769 153 192 211 
0.700991094 0.0592353046 -0.130040139 155 194 212 
0.673046052 0.187490791 -0.272283584 166 210 228 
0.698441386 0.0662797391 -0.0912611857 157 198 215 
0.701106429 0.0513162017 -0.0473364964 155 197 214 
0.700656772 0.0508058071 -0.0210188851 154 196 213 
0.671941876 0.188369989 -0.231363833 168 210 228 
0.672561765 0.181442589 -0.182842821 175 218 234 
0.654325247 0.183724791 -0.179597363 177 221 237 
0.671862245 0.183266133 -0.170992047 176 219 235 
0.698757946 0.0560521781 0.0078554377 158 198 216 
0.700141191 0.0461249948 0.0546607301 159 201 219 
0.700233936 0.0428138077 0.0871980116 153 197 216 
0.671993434 0.17918396 -0.131651491 173 214 234 
0.674224377 0.165926099 -0.0867512003 167 211 231 
0.633090615 0.174099267 -0.0777850226 174 220 238 
0.671561718 0.174669117 -0.0616629049 170 215 235 
0.698954165 0.0462973416 0.107242472 154 198 216 
0.698735535 0.0426647067 0.157647938 154 197 217 
0.700538754 0.0312202871 0.202035576 150 188 208 
0.670132458 0.177512586 -0.0276410803 164 208 231 
0.671442389 0.16787374 0.0193291232 159 206 229 
0.64869833 0.173391193 0.0248298272 167 214 235 
0.669789255 0.173359066 0.0342708305 159 208 231 
0.700503945 0.0312244594 0.2035878 150 188 208 
0.697890878 0.0369999409 0.259374291 153 193 212 
0.696935296 0.0389742553 0.281307131 153 194 213 
0.669095397 0.172603875 0.0745176747 158 205 229 
0.668651462 0.16985622 0.125429332 157 204 230 
0.661120117 0.171912014 0.127375275 158 205 230 
0.668148279 0.171397984 0.131401271 158 205 230 
0.694873214 0.0443653166 0.316070169 156 197 215 
0.69709003 0.0311632752 0.361002356 154 194 211 
0.69694674 0.0288330615 0.393474907 150 187 205 
0.667521536 0.169804126 0.177882731 172 216 235 
0.628017962 0.182253867 0.188996166 179 222 240 
0.665474117 0.1745511 0.219130337 167 213 233 
0.694976687 0.0349752903 0.415665805 146 184 202 
0.696192205 0.0257071555 0.462848097 143 180 197 
0.663835943 0.179793984 0.236079603 166 210 230 
0.665315747 0.169487685 0.282668084 166 211 230 
0.638106704 0.180209935 0.291490793 172 217 235 
0.665035844 0.16663602 0.327205867 150 199 220 
0.665038764 0.166084379 0.333204716 148 197 218 
0.665712953 0.158943444 0.381603628 151 195 215 
0.62108928 0.17160517 0.393395036 175 216 232 
0.667811155 0.146207362 0.426802367 140 185 208 
0.666856945 0.147536129 0.455842346 132 176 199 
0.666517973 0.146796644 0.479622513 129 171 195 
0.66809541 0.13610661 0.525991559 125 163 186 
0.619659603 0.143933445 0.535571754 137 178 204 
0.750753343 0.0642609298 -0.307538062 136 175 194 
0.747249961 0.0642810762 -0.307142138 136 175 194 
0.750663102 0.0644954741 -0.305998325 136 175 194 
0.749649048 0.0641081631 -0.255142212 139 178 197 
0.7498945 0.0586518943 -0.205779791 135 175 196 
0.746712208 0.0596650243 -0.204878986 136 176 197 
0.74965024 0.0594245195 -0.203151107 136 175 196 
0.746450901 0.0676909089 -0.148126692 144 183 204 
0.747030556 0.0623084605 -0.114927135 143 180 202 
0.720115066 0.185467154 -0.247801274 141 186 209 
0.745359421 0.0674878061 -0.0957597122 147 183 205 
0.744222403 0.0674636662 -0.0432903543 151 188 209 
0.744033992 0.0670581162 -0.0301327929 151 187 208 
0.719434559 0.187320292 -0.237153679 141 186 209 
0.720849097 0.177270412 -0.190418586 148 189 212 
0.718512416 0.183316022 -0.150321454 144 189 213 
0.741302609 0.0744445622 0.0131855682 161 195 215 
0.744212031 0.0585206449 0.0565610006 155 190 211 
0.743557811 0.059330374 0.0775983259 154 189 210 
0.717145026 0.187332839 -0.132180184 145 188 212 
0.71889627 0.175959945 -0.0862017497 149 193 215 
0.716837168 0.181524664 -0.0535029843 150 192 217 
0.740900338 0.0670412481 0.113917567 162 198 216 
0.74299103 0.0543346703 0.159133166 154 190 209 
0.742558539 0.054192394 0.180568784 154 189 208 
0.716230154 0.181944132 -0.030295901 150 191 216 
0.717741251 0.17151472 0.0162221268 154 198 221 
0.715826094 0.176445186 0.0493599549 150 195 220 
0.739822268 0.0622936785 0.216168523 152 191 211 
0.741574287 0.0509178638 0.262145251 146 185 206 
0.741587341 0.0489155948 0.283794522 143 181 203 
0.715214968 0.176949352 0.0718136206 144 190 216 
0.716257215 0.1683622 0.119385369 144 187 214 
0.714761436 0.171630889 0.151735455 146 189 215 
0.740384996 0.0510989428 0.314732045 143 182 203 
0.741798699 0.0410525799 0.36146912 141 181 200 
0.742323339 0.0351876318 0.402555704 136 176 195 
0.714571714 0.170493096 0.173087329 148 191 216 
0.714794815 0.165124804 0.222500056 148 189 213 
0.688026011 0.173938572 0.230236173 156 200 223 
0.713278055 0.168889403 0.250300437 147 188 212 
0.741431415 0.0380038917 0.412208587 137 176 195 
0.74153024 0.0331234038 0.461900383 133 169 187 
0.713203549 0.166885346 0.275990218 145 186 209 
0.715620041 0.152898669 0.320473611 141 184 207 
0.669024169 0.164853483 0.332097143 147 196 217 
0.714113295 0.15466997 0.369965166 132 176 199 
0.71394521 0.154987663 0.374151677 133 177 199 
0.7152403 0.14540717 0.421155185 132 174 195 
0.713366151 0.148284048 0.47522971 132 173 195 
0.713365078 0.14828369 0.475283593 132 173 195 
0.715786874 0.134275943 0.519755065 122 159 180 
0.801725566 0.0527871847 -0.357238531 141 177 193 
0.799644649 0.0577156246 -0.3164711 139 175 192 
0.797070086 0.0657491386 -0.287540615 139 177 195 
0.794867337 0.0719951689 -0.255820692 140 178 195 
0.795546949 0.0648329258 -0.207433999 138 176 194 
0.794635355 0.0677169561 -0.197632611 138 176 194 
0.791435063 0.0764977336 -0.148279071 142 182 200 
0.792820156 0.0666183531 -0.10208758 140 177 196 
0.769424438 0.176458448 -0.24855563 133 174 196 
0.732384384 0.184264481 -0.240239054 140 185 207 
0.767517626 0.181792498 -0.220283955 131 172 194 
0.792810321 0.0666021109 -0.101455726 141 177 196 
0.788681388 0.0783340931 -0.0422623977 148 183 202 
0.790344536 0.0687890351 -0.0125524327 146 182 202 
0.766193926 0.184660137 -0.191381454 131 170 192 
0.766171455 0.180256724 -0.141416848 124 165 191 
0.750601351 0.184187949 -0.137567371 132 174 199 
0.765499115 0.181699842 -0.126588166 124 165 192 
0.790536702 0.0665522516 0.00348205119 147 183 203 
0.787128866 0.0754505098 0.0610546544 152 190 210 
0.787421763 0.0731731951 0.0729137138 151 189 209 
0.761015713 0.196023077 -0.0799160227 123 163 189 
0.763682306 0.181053549 -0.035994716 125 166 191 
0.760254383 0.182038546 -0.0350822136 127 168 192 
0.763498664 0.181518227 -0.0327288136 125 166 191 
0.787086189 0.071126312 0.111064591 153 192 211 
0.787990034 0.063083142 0.158947408 151 189 209 
0.786993265 0.0652097166 0.181078255 145 185 205 
0.760407805 0.189428031 0.0212782696 129 172 198 
0.762452483 0.176902384 0.0665973201 126 167 192 
0.759812236 0.17744574 0.0671830103 127 169 193 
0.762446702 0.176641464 0.0697614625 127 168 193 
0.785700619 0.0675869882 0.214006603 140 183 204 
0.787280023 0.0568894446 0.260371238 149 190 209 
0.78718698 0.0541660786 0.294904977 140 183 203 
0.76290673 0.170625448 0.115490384 135 177 202 
0.76329577 0.164605051 0.164530188 136 175 200 
0.740919352 0.168387026 0.169046372 142 183 208 
0.76254189 0.166085303 0.182692051 137 176 200 
0.786567628 0.0551967025 0.311886311 143 185 203 
0.786950707 0.0491998494 0.360939533 135 174 193 
0.78761965 0.0420796871 0.409350276 135 173 192 
0.784756601 0.0419585407 0.409598976 135 173 192 
0.787587881 0.0420968533 0.410617024 135 172 191 
0.762037873 0.165055841 0.217271149 139 179 200 
0.762741387 0.157799691 0.265604168 139 179 202 
0.740519226 0.163804322 0.271312535 143 183 205 
0.761993825 0.15871352 0.289768815 136 177 199 
0.788353503 0.0347039998 0.457614928 130 167 183 
0.760829568 0.160819978 0.319814771 131 172 195 
0.761795998 0.15253076 0.367556959 124 164 188 
0.723389745 0.155172437 0.373214334 130 173 197 
0.761122704 0.152941257 0.393905252 120 160 184 
0.761590242 0.148847431 0.417933375 121 160 182 
0.763061523 0.138574749 0.464541048 127 163 184 
0.713421106 0.148273796 0.47527203 132 173 195 
0.766017616 0.122467428 0.507811666 130 165 184 
0.737101495 0.131165653 0.515720904 125 163 183 
-0.724931598 0.147624403 0.214114457 154 200 222 
-0.741736114 0.149288505 0.216866285 148 193 216 
-0.696773887 0.153689533 0.266677231 162 208 227 
-0.741867125 0.145311266 0.267074704 141 184 206 
-0.694676876 0.14871648 0.225667536 165 210 230 
-0.696109056 0.146585524 0.315097243 153 197 218 
-0.708203912 0.147187442 0.316753715 151 196 216 
-0.742899299 0.146365374 0.302752644 146 188 209 
-0.696399868 0.147161216 0.322052002 153 197 218 
-0.669127524 0.0181092918 0.504030585 159 191 206 
-0.714330673 0.0101629496 0.50467509 150 183 198 
-0.667514682 0.0142517984 0.472850591 153 188 205 
-0.667131484 0.00577449799 0.549458802 152 184 199 
-0.714764833 0.00737711787 0.55556488 150 182 197 
-0.666990459 -0.00271600485 0.597182214 153 185 197 
-0.666172028 -0.00247970223 0.597133219 153 185 197 
-0.743264914 0.14631182 0.32013014 149 192 212 
-0.69639051 0.143199742 0.365643859 151 194 213 
-0.741531491 0.13500908 0.366148651 148 191 209 
-0.694772363 0.13234967 0.411921322 151 193 211 
-0.741223812 0.129308134 0.41537118 136 178 199 
-0.695031047 0.130300015 0.44657293 145 185 204 
-0.741416335 0.128939062 0.428312451 139 179 199 
-0.666173756 -0.00248065591 0.597220421 153 185 197 
-0.695033789 0.128885239 0.462422997 145 183 203 
-0.740518153 0.122043639 0.463699371 155 192 207 
-0.693985403 0.120273978 0.509980977 150 188 204 
-0.73973906 0.114490777 0.511862695 145 180 199 
-0.689993322 0.100096405 0.550923467 146 182 199 
-0.736996412 0.0992223918 0.555613041 147 181 196 
-0.69707638 0.0952294469 0.601411819 138 174 190 
-0.734267414 0.0840076506 0.599394083 143 180 195 
-0.690347373 0.0970290601 0.601259589 138 173 189 
-0.684873164 0.0709942877 0.639244795 155 190 203 
-0.690001428 0.0953166187 0.604407549 139 174 190 
-0.690349698 0.0970047414 0.601638377 138 173 189 
-0.651283562 0.160507649 0.265387416 171 219 238 
-0.649933815 0.158207387 0.228982866 169 218 240 
-0.670614421 0.156285703 0.317572474 165 209 228 
-0.65277189 0.162172288 0.31521973 173 217 235 
-0.627676785 0.011285454 0.49576357 161 195 210 
-0.620305359 0.00734385848 0.545166969 158 193 208 
-0.619933546 0.00969305634 0.501993239 160 195 210 
-0.61820513 -0.00540027022 0.590361118 154 187 201 
-0.666083515 -0.00249648094 0.597201943 152 185 197 
-0.652978003 0.162673712 0.31910947 173 216 235 
-0.652427197 0.156017691 0.367785692 164 210 229 
-0.649321079 0.139321089 0.410719186 154 197 218 
-0.650854528 0.14259553 0.444732696 144 189 211 
-0.65135783 0.142832369 0.465210646 147 191 212 
-0.649049699 0.12927112 0.509937465 152 195 213 
-0.646332264 0.114101857 0.553744495 148 187 203 
-0.645533144 0.106470227 0.601862729 155 190 204 
-0.682267666 0.098813802 0.60173434 141 176 192 
-0.679189026 0.076719135 0.641734421 151 186 200 
-0.645573199 0.106366009 0.604858041 154 189 203 
-0.643624365 0.0944783986 0.647487164 139 173 190 
-0.623180568 0.172252566 0.216330767 167 222 243 
-0.608819067 0.18370676 0.220983595 170 226 245 
-0.608398378 0.183577329 0.203108221 168 225 245 
-0.608201504 0.1767883 0.269509733 175 228 246 
-0.608625472 0.174616784 0.313105673 189 235 247 
-0.586326182 0.0212940872 0.496664256 155 194 212 
-0.57630676 0.024515003 0.497315377 153 193 212 
-0.576262474 0.0244906247 0.495553404 153 193 212 
-0.573972464 0.0108511746 0.541983485 168 202 215 
-0.571775317 -0.0022739768 0.58695972 159 194 210 
-0.608586609 0.173809618 0.320289254 190 236 247 
-0.608054221 0.167226017 0.369006872 183 227 240 
-0.608611882 0.164925486 0.420174271 183 228 240 
-0.608476758 0.16379562 0.426523417 182 227 239 
-0.606702387 0.152930737 0.465796977 172 215 231 
-0.605047107 0.141935021 0.511991143 169 209 225 
-0.60416615 0.133981556 0.559925318 146 190 210 
-0.636761427 0.109828264 0.602725565 151 188 202 
-0.602924049 0.126222759 0.589118242 139 180 199 
-0.601984918 0.120919138 0.604937375 139 177 195 
-0.599095881 0.105075508 0.648358762 156 193 208 
-0.586692929 0.20392397 0.177192599 175 231 248 
-0.570125341 0.221722066 0.185053974 181 236 250 
-0.570279658 0.225861341 0.146140903 177 233 251 
-0.572424531 0.225731552 0.239845276 178 228 248 
-0.572313666 0.225845665 0.239695162 178 228 248 
-0.587135196 0.199331105 0.279457837 185 234 248 
-0.574105382 0.0242520571 0.49693045 153 193 212 
-0.528556943 0.0179626644 0.540861487 163 199 215 
-0.52827847 0.0179372132 0.528362811 160 197 215 
-0.525733352 0.00237622857 0.584429979 159 193 208 
-0.572334886 0.225912109 0.23993364 178 228 248 
-0.572528958 0.222182512 0.29028368 190 236 249 
-0.578731537 0.219719186 0.341982812 186 232 245 
-0.574669063 0.227421179 0.330324382 188 233 247 
-0.568379343 0.19689402 0.380786151 191 238 248 
-0.570160508 0.205101952 0.371353269 190 237 248 
-0.602934659 0.16818133 0.421321541 185 229 241 
-0.568332076 0.196050435 0.387992442 192 237 247 
-0.574526787 0.22554104 0.34468779 188 233 246 
-0.567608833 0.189374775 0.428968698 190 231 241 
-0.562299252 0.164020389 0.466950268 188 232 241 
-0.560621858 0.15293768 0.513094723 177 218 232 
-0.587820768 0.144513875 0.563858628 144 188 208 
-0.562752485 0.158344299 0.550832212 156 198 215 
-0.562773049 0.156898499 0.567843258 147 191 210 
-0.558756709 0.136625379 0.608731151 145 186 205 
-0.555907845 0.120939821 0.652242959 157 194 210 
-0.535436869 0.262009799 0.0984431282 180 233 251 
-0.532512784 0.268477559 0.101640202 179 232 250 
-0.532332957 0.268997282 0.0876074508 178 231 250 
-0.564971328 0.232021362 0.137732774 177 233 251 
-0.546872497 0.277595907 0.160535961 166 219 243 
-0.537840247 0.286176026 0.149553657 169 221 244 
-0.547746539 0.254544556 0.200449884 182 235 250 
-0.502742052 0.0186852217 0.538417816 159 197 215 
-0.479334146 0.0056232214 0.581097662 158 194 210 
-0.480467439 0.0122403204 0.559597552 157 194 213 
-0.538004875 0.285565436 0.163896859 166 218 243 
-0.537031651 0.277249306 0.211623579 176 230 247 
-0.550121188 0.272323787 0.262740046 179 227 244 
-0.539472461 0.284171343 0.246764213 177 227 245 
-0.559536457 0.247205049 0.302467942 186 231 247 
-0.566293001 0.199890018 0.382186681 191 238 248 
-0.539319277 0.281746268 0.26667878 178 226 242 
-0.539484859 0.277905345 0.316965133 177 223 238 
-0.538970232 0.270536959 0.365257829 182 229 241 
-0.53883934 0.270952433 0.364589691 182 229 241 
-0.543628693 0.246569604 0.405089319 180 227 239 
-0.532627225 0.226392597 0.445261925 190 239 248 
-0.522369504 0.192687243 0.478156954 198 245 251 
-0.529487848 0.224658713 0.449690312 192 241 250 
-0.516891837 0.16667226 0.515760839 187 232 242 
-0.51718533 0.163755745 0.561646819 164 209 223 
-0.538801789 0.270729303 0.365343958 182 229 241 
-0.536140442 0.255780488 0.409277052 181 229 241 
-0.530490756 0.229089662 0.446494311 191 239 248 
-0.517137408 0.163145572 0.56622684 162 207 222 
-0.516276717 0.15527162 0.614206493 153 196 213 
-0.511350513 0.131423682 0.653049767 151 191 206 
-0.518406212 0.288971812 0.0588811114 174 227 248 
-0.494147122 0.307781786 0.0664477721 172 224 246 
-0.493788451 0.309173763 0.0345143303 171 223 246 
-0.510178447 0.309317291 0.121402271 168 220 244 
-0.497519881 0.31756112 0.112621494 164 217 244 
-0.434021592 0.0131396949 0.580207288 155 195 213 
-0.433957875 0.0129861534 0.578988791 155 196 213 
-0.49843061 0.320120841 0.125988334 162 214 241 
-0.501333952 0.327037007 0.182427227 153 208 239 
-0.522459149 0.301859021 0.223409623 168 222 243 
-0.501549304 0.327423871 0.188016444 154 208 239 
-0.50044179 0.319039613 0.230336249 159 213 237 
-0.503800392 0.324729264 0.286157966 164 215 236 
-0.503156006 0.325292945 0.285459191 164 215 236 
-0.526348412 0.296431839 0.32559979 177 221 236 
-0.501428366 0.211104244 0.485874444 196 246 252 
-0.47441262 0.185321838 0.521238089 197 243 251 
-0.478583515 0.203648359 0.509075463 195 244 251 
-0.470144629 0.164060086 0.561560452 182 226 236 
-0.508808315 0.163638324 0.565579653 165 210 224 
-0.470533729 0.163798422 0.582330644 173 217 231 
-0.503220081 0.325464308 0.286494046 164 215 236 
-0.501478016 0.314127654 0.332493186 173 219 237 
-0.498399138 0.297538161 0.375487953 172 222 239 
-0.498143435 0.29204163 0.424827307 178 225 237 
-0.50309217 0.274735212 0.468314201 172 220 231 
-0.497669548 0.28804791 0.447451323 174 222 234 
-0.484303176 0.228676155 0.493551522 187 236 243 
-0.494437426 0.272047341 0.476864666 170 219 231 
-0.470313668 0.160232276 0.611854315 160 205 224 
-0.4752388 0.167277753 0.668585777 154 193 208 
-0.473522365 0.168508738 0.667197227 154 193 208 
-0.496333838 0.280439436 0.470674604 170 219 232 
-0.473637998 0.168802589 0.669239342 154 193 208 
-0.454622179 0.327250123 0.0203374922 167 221 248 
-0.451099634 0.328690052 0.0207337216 166 221 248 
-0.451063544 0.328655303 0.0194641873 166 221 248 
-0.455115169 0.339976311 0.0796721056 156 211 242 
-0.455662668 0.341338158 0.0896750465 155 210 242 
-0.432424068 0.0128653347 0.579882503 155 196 213 
-0.456254333 0.339960694 0.132146358 155 209 240 
-0.492441505 0.331964403 0.18413052 153 208 239 
-0.458481729 0.345209032 0.176084727 152 208 242 
-0.458759755 0.345313221 0.187690943 152 207 241 
-0.459826022 0.345011055 0.240001261 150 202 235 
-0.460697323 0.346092433 0.267986268 149 202 235 
-0.428708255 0.191298783 0.519467115 193 243 251 
-0.434032947 0.21409215 0.510639191 188 240 250 
-0.424071491 0.168587953 0.558960736 185 230 241 
-0.423682541 0.162853032 0.604830861 176 221 232 
-0.460492373 0.343137443 0.291412801 150 204 236 
-0.459231287 0.333690584 0.338492811 152 202 231 
-0.458446681 0.326115876 0.386643618 150 201 231 
-0.481213748 0.302870572 0.428857774 170 220 237 
-0.458050191 0.322903216 0.404139906 152 204 233 
-0.443599999 0.254304051 0.503020048 182 229 239 
-0.448230684 0.274292469 0.493499845 176 223 236 
-0.423733234 0.162767023 0.6081146 175 220 232 
-0.424493104 0.161260903 0.659736395 151 192 211 
-0.469470471 0.168673933 0.668711424 153 192 207 
-0.456470311 0.313858449 0.432116121 160 212 237 
-0.45307675 0.296032339 0.47440359 167 217 234 
-0.407934099 0.344642788 0.0246684849 163 217 245 
-0.40857926 0.34932816 0.00222402811 158 212 243 
-0.423490524 0.353139341 0.0833575055 155 211 244 
-0.412079334 0.356570184 0.0824366286 156 212 245 
-0.412190765 0.356876493 0.0841487721 156 211 244 
-0.41253978 0.35375604 0.134847194 156 212 242 
-0.414366126 0.357806087 0.1736902 154 210 243 
-0.415019512 0.359007746 0.190334111 154 210 243 
-0.416870266 0.361787975 0.244407445 149 203 239 
-0.417106509 0.361287355 0.260816067 148 202 239 
-0.381363869 0.190831751 0.514010549 189 242 252 
-0.390061617 0.227403417 0.506931722 182 236 249 
-0.378144741 0.173691124 0.556690037 185 233 245 
-0.37594676 0.160562783 0.601664424 179 225 239 
-0.419310212 0.162460864 0.607461989 176 221 233 
-0.376963586 0.16256246 0.626127303 173 217 233 
-0.416277736 0.354968011 0.29298988 148 201 237 
-0.414684117 0.344214469 0.339322537 151 202 233 
-0.413853765 0.336459965 0.387370497 147 198 232 
-0.413865268 0.335157216 0.402376026 147 198 232 
-0.398494363 0.262633502 0.50259465 177 226 238 
-0.404037297 0.286504507 0.491813093 171 218 235 
-0.377598971 0.162563026 0.655291677 159 201 219 
-0.41265291 0.327249646 0.43458578 150 203 235 
-0.408904314 0.308028638 0.476075441 162 210 232 
-0.363636315 0.356146574 0.0260586515 155 210 242 
-0.363473326 0.357022673 0.00884173065 154 209 241 
-0.36669293 0.363665044 0.0828420445 155 209 241 
-0.395682931 0.359869987 0.0839632079 155 210 243 
-0.367102563 0.364904046 0.0878790393 154 209 241 
-0.36848557 0.366216898 0.136784792 157 213 244 
-0.370444864 0.371365309 0.169526935 157 212 244 
-0.372091591 0.375894099 0.19480285 154 210 242 
-0.372878283 0.374493301 0.246484846 153 208 242 
-0.373086214 0.37435627 0.257554173 152 207 242 
-0.336063206 0.198394924 0.513146877 189 243 251 
-0.346240312 0.241457298 0.501859188 180 233 247 
-0.332894504 0.181452513 0.555939734 181 228 244 
-0.329216927 0.162510425 0.597588897 175 222 239 
-0.33101809 0.166100711 0.64038533 161 202 222 
-0.372140914 0.367104292 0.294741809 151 205 239 
-0.370455503 0.355989993 0.340868145 146 199 233 
-0.368402123 0.343430012 0.386167586 152 202 234 
-0.368071765 0.339447886 0.415250868 151 201 233 
-0.351163924 0.262221336 0.497169405 174 227 241 
-0.36033085 0.301127017 0.485695213 165 215 235 
-0.331818402 0.168240517 0.653349459 158 197 217 
-0.36754787 0.335581601 0.434161812 152 201 233 
-0.363982052 0.31707868 0.476062149 159 209 233 
-0.3269144 0.406401426 -0.0553536713 168 224 247 
-0.325112551 0.398108423 -0.0459229462 166 223 246 
-0.320164979 0.370897681 0.0293061659 159 212 242 
-0.320047945 0.373036414 0.000166349113 159 213 242 
-0.320834935 0.369038224 0.0807257965 154 209 240 
-0.321981847 0.372525156 0.0946316347 154 209 241 
-0.323974639 0.37688309 0.137695879 155 210 242 
-0.325768888 0.381188154 0.172232091 158 213 242 
-0.289139599 0.204072922 0.458721727 190 246 253 
-0.317343324 0.214466915 0.467475146 189 245 253 
-0.294385612 0.225827098 0.457828552 187 241 253 
-0.284303367 0.180578262 0.497767061 190 247 254 
-0.318527937 0.191340357 0.507382393 191 247 254 
-0.285788894 0.183269739 0.53606075 185 240 251 
-0.327219248 0.38514024 0.194901764 158 212 241 
-0.341834754 0.386771768 0.249752909 156 210 243 
-0.329770237 0.390911728 0.247882932 158 211 243 
-0.313177735 0.256669015 0.489974827 173 227 245 
-0.303737372 0.262037635 0.484789103 171 226 245 
-0.286374629 0.184224993 0.552336037 180 231 246 
-0.283612728 0.16888091 0.59604305 168 217 236 
-0.284456402 0.167704195 0.647853255 158 205 229 
-0.297264338 0.169161409 0.650053382 158 203 226 
-0.329806834 0.390815496 0.250630945 158 211 242 
-0.3278898 0.378791302 0.296236783 154 208 242 
-0.324604422 0.361390412 0.338767469 152 204 236 
-0.322685748 0.349359632 0.384369612 153 203 235 
-0.323184848 0.348226488 0.419875711 154 203 233 
-0.317397982 0.319599032 0.472314209 162 212 235 
-0.317583442 0.319636315 0.472354919 162 212 235 
-0.317445934 0.319816351 0.472101361 162 212 235 
-0.323134899 0.3466326 0.435292989 154 203 231 
-0.286484659 0.43310374 -0.0452706367 156 212 240 
-0.310609818 0.384947151 -0.016458638 163 219 244 
-0.283670247 0.417553335 -0.00168158114 166 223 247 
-0.274218619 0.375923783 0.0269913971 160 217 244 
-0.275563031 0.376714408 0.0799267665 164 217 243 
-0.27728343 0.382237077 0.0975407586 164 218 244 
-0.278805673 0.38496387 0.137128264 159 213 242 
-0.280594051 0.388541311 0.179477304 158 212 243 
-0.241925672 0.204118401 0.453558296 183 241 253 
-0.250581264 0.239964962 0.452601641 181 236 251 
-0.238979101 0.18804875 0.496850401 180 239 253 
-0.239850581 0.186981231 0.548722982 177 231 249 
-0.241498694 0.187144935 0.54899317 177 231 249 
-0.239912599 0.187150538 0.549689054 176 230 249 
-0.28186506 0.392493069 0.193917781 153 207 239 
-0.285262525 0.401567727 0.249056607 153 209 242 
-0.260254443 0.277766705 0.476636976 175 228 246 
-0.238901556 0.178760439 0.596504211 164 216 238 
-0.236334622 0.164182514 0.640649557 157 202 227 
-0.285276473 0.401405573 0.251498491 154 209 242 
-0.281244159 0.381069779 0.292350531 161 214 243 
-0.279511392 0.369769394 0.338370413 158 207 237 
-0.276695281 0.354212463 0.381955743 153 203 234 
-0.277775228 0.354417562 0.429257065 155 204 232 
-0.270709515 0.321709216 0.468331724 156 207 233 
-0.275720775 0.344247133 0.447953135 154 204 232 
-0.277910829 0.354496896 0.434601575 155 204 232 
-0.243297845 0.448972881 -0.0413836688 154 209 239 
-0.259115726 0.438604802 0.00707195699 164 221 248 
-0.244375467 0.450316966 -0.00684653223 159 215 243 
-0.249371096 0.418123603 0.0472171679 166 222 248 
-0.243220985 0.396772355 0.0872840807 167 223 246 
-0.243937701 0.446995199 0.00996836275 164 221 248 
-0.239708126 0.425884336 0.0503770784 166 222 248 
-0.234713614 0.401767761 0.0890666619 166 223 246 
-0.232105553 0.387028277 0.133119553 157 212 240 
-0.234751061 0.392931283 0.18897897 157 210 240 
-0.240981996 0.392828465 0.189607739 157 210 240 
-0.234818935 0.392923236 0.192184418 157 210 240 
-0.209741235 0.240511268 0.46981892 177 235 250 
-0.192996949 0.192934364 0.494455248 177 235 253 
-0.20400241 0.240367979 0.47262302 176 235 250 
-0.19214727 0.185103893 0.542459786 180 233 249 
-0.191513479 0.178542376 0.586275518 173 226 244 
-0.236576229 0.395611018 0.242994815 160 212 240 
-0.280797124 0.401545525 0.251082391 154 209 242 
-0.233407855 0.378669858 0.285788417 160 212 241 
-0.270978183 0.381082296 0.291229218 161 214 243 
-0.232313529 0.370435715 0.327048123 167 217 243 
-0.205685541 0.247282818 0.473056883 175 233 249 
-0.216236919 0.290849507 0.473349482 169 221 245 
-0.191346228 0.177464575 0.590573609 173 225 243 
-0.191698864 0.174358338 0.641280174 157 203 227 
-0.232081488 0.36896646 0.33272168 167 218 243 
-0.230963945 0.36008352 0.380124241 162 208 234 
-0.228686705 0.346643835 0.424920529 159 208 235 
-0.270636857 0.353839278 0.43344453 156 205 232 
-0.222583413 0.318170607 0.461118311 159 209 235 
-0.198902965 0.460095078 -0.0402117521 153 207 240 
-0.19854416 0.454420507 0.00637233257 156 212 246 
-0.147676662 0.204912201 0.443633348 166 224 248 
-0.193016976 0.203365415 0.447774202 174 234 253 
-0.151360974 0.220843136 0.435751885 167 225 248 
-0.14831692 0.205773711 0.46345368 167 224 248 
-0.198459029 0.453858972 0.00870466977 157 212 247 
-0.196447223 0.441462219 0.0540974662 163 219 246 
-0.19457826 0.429626822 0.0998113081 166 221 246 
-0.188927308 0.402930975 0.137025684 172 229 250 
-0.18723315 0.391782343 0.18313235 162 218 243 
-0.187945962 0.391869992 0.21488288 163 216 243 
-0.158426315 0.247150302 0.467791647 168 225 247 
-0.149436295 0.207334384 0.49750194 170 225 250 
-0.159555271 0.25132373 0.47324571 168 225 247 
-0.145826846 0.188660175 0.539304316 164 219 245 
-0.143106461 0.173479319 0.58310473 175 222 241 
-0.188073009 0.177236408 0.590089798 173 225 243 
-0.143960088 0.174120784 0.615166008 161 211 235 
-0.188518643 0.392341554 0.23593536 163 216 241 
-0.184715226 0.372905135 0.277301788 171 218 244 
-0.182433367 0.35944736 0.322087735 166 216 242 
-0.227756351 0.368704021 0.33210364 167 217 243 
-0.183975428 0.36212939 0.363079697 164 213 239 
-0.160566628 0.25556016 0.472601682 168 225 247 
-0.172147796 0.303577483 0.470714301 172 221 245 
-0.144400269 0.174071163 0.635926485 158 206 231 
-0.183731735 0.360057116 0.374919683 165 214 238 
-0.182437792 0.350481093 0.421925753 163 210 236 
-0.176676601 0.323352039 0.458892375 168 216 240 
-0.152281165 0.462467194 -0.0440444611 159 215 246 
-0.153117761 0.461262614 0.00774974376 154 209 244 
-0.188103065 0.455792934 0.00861873478 156 211 246 
-0.153385207 0.461852551 0.0134724751 153 209 244 
-0.103330962 0.21622771 0.444915861 180 234 250 
-0.106562272 0.230058581 0.439573675 180 235 250 
-0.103199489 0.213411331 0.470175892 172 225 246 
-0.153574258 0.45856452 0.0586897358 155 210 242 
-0.152707458 0.450666755 0.106655739 159 213 243 
-0.154983819 0.436483562 0.151547968 166 222 248 
-0.151466727 0.442270517 0.142995149 163 219 247 
-0.168698698 0.410324156 0.191182196 163 219 245 
-0.137039736 0.371137083 0.271101087 164 219 241 
-0.139183566 0.371788442 0.271690965 165 220 242 
-0.137861222 0.374917269 0.266808927 165 220 242 
-0.136996701 0.370637536 0.274676293 164 219 241 
-0.109886192 0.241984874 0.459647745 175 231 248 
-0.104539178 0.21648328 0.497545213 164 216 244 
-0.113512322 0.25437963 0.488390356 166 222 245 
-0.0995117128 0.192237288 0.536160827 163 213 243 
-0.0957413986 0.172930956 0.577601612 164 211 237 
-0.0952478051 0.166499674 0.626406431 166 209 233 
-0.118292168 0.171286553 0.631542742 162 208 232 
-0.151057914 0.439693511 0.152862728 166 221 248 
-0.148388475 0.424712777 0.196777612 167 221 244 
-0.142679125 0.397787511 0.233860731 165 220 244 
-0.134621352 0.357142806 0.315580159 156 207 238 
-0.132401288 0.34392783 0.360505015 167 217 242 
-0.175738215 0.358454794 0.373169661 166 214 239 
-0.134886652 0.350107163 0.405942202 164 209 236 
-0.121035963 0.285795122 0.48470524 165 218 241 
-0.126791403 0.310032129 0.479611129 168 218 239 
-0.135154039 0.350252271 0.416605443 162 206 232 
-0.131662875 0.332042813 0.458673686 166 214 236 
-0.110859469 0.485271901 -0.0361906886 160 211 239 
-0.139115378 0.467650056 0.00968576223 153 208 242 
-0.110815503 0.482102513 -0.00299020112 156 207 238 
-0.0774730369 0.31815362 0.288090676 154 207 231 
-0.0832222998 0.321299791 0.290433913 155 208 232 
-0.0792737156 0.325956881 0.284048468 156 210 233 
-0.0779575482 0.319441259 0.296025962 153 206 231 
-0.0698732138 0.233171523 0.45045653 190 241 252 
-0.110694438 0.480131656 0.0133525059 155 207 239 
-0.110947132 0.476632684 0.0638344362 160 211 242 
-0.10854806 0.462714314 0.10835693 153 206 240 
-0.108671129 0.461402148 0.1285882 151 205 240 
-0.136407584 0.372460335 0.271751434 164 220 241 
-0.0898965821 0.36087817 0.3126975 159 214 240 
-0.0884754658 0.361424804 0.312374115 159 215 241 
-0.082324639 0.332724988 0.348908007 157 209 235 
-0.0931537375 0.337249964 0.352559537 161 213 239 
-0.0832150728 0.335383594 0.360245049 161 213 238 
-0.0797706172 0.249129921 0.512582898 177 227 247 
-0.0545232296 0.201027125 0.535998762 176 221 244 
-0.0652586594 0.246491492 0.523653328 181 227 247 
-0.0512932725 0.183844 0.578653932 163 207 233 
-0.047792688 0.165597469 0.620700955 149 196 225 
-0.107791908 0.455251426 0.156571686 155 211 245 
-0.106843948 0.447034836 0.204355329 165 216 241 
-0.105462566 0.437115192 0.251164943 163 216 240 
-0.100606531 0.413542777 0.290165752 166 219 240 
-0.0841189176 0.335283339 0.402854443 165 214 239 
-0.12401621 0.348133922 0.414229184 163 208 235 
-0.0862748101 0.340445876 0.444464654 165 211 234 
-0.0806064457 0.312498331 0.494788796 172 218 238 
-0.0807850659 0.313269198 0.494422823 172 218 238 
-0.0682969317 0.259639323 0.517039061 177 225 244 
-0.0863347501 0.339498103 0.457748264 167 212 234 
-0.0750354975 0.323281348 0.290612251 155 209 232 
-0.0296979323 0.311415166 0.331532747 162 215 232 
-0.00979317725 0.179193974 0.571564078 188 228 245 
-0.0783529207 0.477871418 0.113284148 153 204 237 
-0.0881611407 0.361298233 0.312735289 159 215 241 
-0.0616732836 0.344869614 0.353245229 167 217 239 
-0.080892846 0.427091122 0.295369595 169 221 241 
-0.0616884865 0.408899605 0.335720867 164 216 239 
-0.0681565776 0.338814527 0.45537886 165 210 233 
0.905468106 0.0175222158 -0.402322024 166 201 211 
0.861148238 0.0323014557 -0.389412135 145 179 194 
0.902209282 0.0274105966 -0.362590194 163 196 207 
0.954345047 0.0110331178 -0.411222965 148 180 193 
0.946110427 0.0116720796 -0.409970492 149 181 194 
0.953980863 0.0121917129 -0.407376885 146 178 192 
0.950228631 0.0227161348 -0.352057606 169 204 212 
0.926942885 0.0253867805 -0.348046064 166 200 209 
0.952457607 0.00964778662 -0.309174925 150 188 202 
0.961649597 0.0154332221 -0.409631997 156 185 197 
0.994596541 0.0384359956 -0.400739223 187 210 216 
0.959464133 0.0332582891 -0.347337693 173 206 215 
0.990122855 0.0541774333 -0.370270342 164 198 211 
1.02480197 0.0719127059 -0.385847479 168 198 207 
-0.661539674 0.0466882288 -0.161904871 163 207 226 
-0.678929329 0.0486348569 -0.15893504 161 205 224 
-0.661726058 0.0461039543 -0.146855146 164 208 227 
-0.663275301 0.0490160882 -0.108090267 166 210 228 
-0.662411809 0.041131556 -0.0601166859 164 208 226 
-0.683840156 0.0429604053 -0.0567671284 162 205 224 
-0.662689805 0.0407901704 -0.0435614958 164 208 226 
-0.664274514 0.0439587533 -0.00601647049 165 208 226 
-0.663378239 0.0359452367 0.0418833494 163 206 224 
-0.693721533 0.0360828638 0.0452925339 163 205 223 
-0.663218498 0.0333226025 0.0636914 163 205 223 
-0.691440344 0.16417551 -0.0947075039 156 207 235 
-0.705664277 0.165745407 -0.0922904834 155 205 232 
-0.691947997 0.16546157 -0.0856909603 156 208 235 
-0.66427511 0.0349774957 0.0938129947 163 205 223 
-0.664029598 0.0295209587 0.143175274 161 203 221 
-0.663868129 0.0264540315 0.169843197 158 200 219 
-0.691945732 0.161669552 -0.0436576083 157 206 232 
-0.692459345 0.15919584 0.00741069019 158 207 232 
-0.73672235 0.153742194 0.00930789858 147 196 220 
-0.692778587 0.159488469 0.0188146755 159 208 233 
-0.665061891 0.0290851891 0.195409209 158 201 220 
-0.664646983 0.022963196 0.244390875 154 196 216 
-0.665494561 0.0244205594 0.267106742 156 196 215 
-0.692595601 0.155239463 0.0576310232 159 208 232 
-0.692515969 0.150434852 0.107366182 157 206 232 
-0.693431139 0.152634174 0.124940209 160 208 233 
-0.667025566 0.0278174281 0.29965046 160 199 217 
-0.664678514 0.0141033828 0.344289839 158 197 215 
-0.664739668 0.0105988085 0.38604039 152 192 211 
-0.694901466 0.155316144 0.162641227 162 209 230 
-0.69355005 0.14551428 0.209518135 162 208 229 
-0.665346742 0.0122371614 0.395705611 153 192 211 
-0.666586101 0.0126152337 0.448405057 149 187 205 
-0.611835837 0.040199101 -0.20876351 168 213 231 
-0.61309588 0.0419013202 -0.16983223 168 213 232 
-0.612156212 0.0337172747 -0.122029945 170 214 231 
-0.629640579 0.0377250016 -0.11792849 170 213 230 
-0.612565577 0.0337266028 -0.103339866 172 216 232 
-0.613887489 0.0360281467 -0.0682250783 171 216 232 
-0.613584101 0.0303442776 -0.0189927965 170 213 230 
-0.628321767 0.0335584283 -0.0156248733 170 213 229 
-0.613975763 0.0306228697 -0.00410888344 171 214 231 
-0.615273118 0.0324889719 0.0347170457 171 214 231 
-0.614417493 0.0246352851 0.0827082619 166 210 227 
-0.636171162 0.0271727145 0.0864790305 165 208 225 
-0.61509496 0.026078701 0.0977699682 167 210 227 
-0.666050375 0.175333649 -0.0914276242 160 212 239 
-0.648523748 0.181481302 -0.0943773538 162 215 241 
-0.616865873 0.0297638476 0.138124704 165 208 227 
-0.616391182 0.023406595 0.186971843 161 204 225 
-0.631383777 0.0238456428 0.188858181 159 202 223 
-0.616733551 0.0241058469 0.194922119 161 204 224 
-0.648886025 0.182529777 -0.0893991664 163 215 241 
-0.648129523 0.175065637 -0.0411851257 160 213 240 
-0.648460209 0.171873212 0.00947210938 158 212 238 
-0.648661315 0.172077149 0.0164355412 158 212 238 
-0.618517816 0.0272708535 0.241665214 164 206 226 
-0.616678178 0.0155507028 0.287444979 157 199 222 
-0.632585645 0.0190689266 0.29110688 157 199 220 
-0.617298663 0.0168184638 0.301843792 158 200 222 
-0.648476899 0.167446822 0.0594236031 158 209 237 
-0.64772737 0.16001004 0.107653297 158 210 239 
-0.648670077 0.162035823 0.128419697 159 210 239 
-0.619245291 0.0211457908 0.343128324 161 203 221 
-0.617431998 0.00952899456 0.388967186 165 204 221 
-0.652322054 0.00980606675 0.392951846 155 195 214 
-0.617689312 0.00866779685 0.410352409 161 201 218 
-0.64996922 0.164326996 0.162605554 165 215 239 
-0.648370266 0.153552443 0.208926141 166 214 239 
-0.619780481 0.0142650604 0.44415924 159 198 214 
-0.619988024 0.0105888844 0.494539768 160 195 211 
-0.563136697 0.0311602652 -0.181165099 172 217 235 
-0.571158767 0.0335261524 -0.178996563 173 218 236 
-0.562936366 0.0291137099 -0.167623222 171 216 236 
-0.562797785 0.0253365934 -0.13201277 168 213 235 
-0.564321697 0.0268325806 -0.0786739811 170 215 235 
-0.57169354 0.0289109051 -0.0767333433 172 216 235 
-0.564302087 0.0257898271 -0.0679875538 169 215 236 
-0.563848257 0.0204805732 -0.0298238471 167 212 235 
-0.565268397 0.0215688348 0.0232817754 171 217 236 
-0.57353878 0.0239784122 0.0255013481 173 218 236 
-0.565395236 0.0211167634 0.0341282859 172 217 236 
-0.565729499 0.0188886225 0.0742319599 168 214 235 
-0.567507982 0.0214911699 0.126965433 172 216 234 
-0.604259253 0.193341166 -0.0954167247 170 227 249 
-0.567584872 0.021687001 0.128315687 172 216 234 
-0.56816709 0.0194832385 0.179538399 170 214 233 
-0.569793224 0.0227193534 0.218233168 172 215 234 
-0.604389846 0.193254173 -0.0884547681 170 228 250 
-0.603435099 0.185010701 -0.0406864583 170 227 249 
-0.623482823 0.181151032 0.0117744431 164 221 244 
-0.605255008 0.188185781 0.00758572668 169 228 248 
-0.570804 0.0253522098 0.235378355 172 215 234 
-0.570276022 0.0187858045 0.284105837 165 208 229 
-0.571515203 0.021158725 0.314627528 167 209 230 
-0.605284274 0.187785029 0.0133834779 169 227 248 
-0.606956363 0.189863145 0.0670552626 172 227 248 
-0.617573559 0.17809549 0.114178054 166 224 245 
-0.607160687 0.187534779 0.102307878 172 230 248 
-0.572831571 0.0243354142 0.339763135 168 210 230 
-0.571250677 0.0136319101 0.386124402 168 208 226 
-0.571862102 0.0127916634 0.423533946 169 209 225 
-0.6069327 0.185278326 0.116916128 170 229 248 
-0.606529593 0.179202706 0.165924311 169 225 247 
-0.573423684 0.0176785886 0.440922111 166 206 222 
-0.515064359 0.0278325975 -0.188257813 166 211 236 
-0.515048504 0.0232783854 -0.13837944 164 211 236 
-0.518196225 0.0235055387 -0.137909994 165 211 236 
-0.515048027 0.0230338275 -0.135684401 164 211 236 
-0.515522599 0.0206494331 -0.0873999372 166 212 238 
-0.515723705 0.0169478059 -0.0370338932 162 210 239 
-0.523139477 0.0178232193 -0.035742797 163 211 239 
-0.515725136 0.0163010955 -0.0297823772 163 210 239 
-0.51634264 0.0148878694 0.0142710805 165 212 238 
-0.516844869 0.0123693645 0.0653137788 166 213 237 
-0.523259401 0.0133083761 0.0665294752 167 214 237 
-0.516881943 0.0119431615 0.0717541948 166 213 237 
-0.518313527 0.0136484802 0.118528523 167 213 237 
-0.565576434 0.021419853 0.127949655 172 216 234 
-0.519004643 0.0123665035 0.164501369 167 213 235 
-0.519010901 0.0118966103 0.170009702 167 213 235 
-0.521146536 0.0157964826 0.224723458 168 213 235 
-0.545808315 0.0217187703 0.230655104 171 214 234 
-0.521672189 0.0154872239 0.252290159 168 212 234 
-0.563642263 0.218707219 -0.0790862367 174 228 250 
-0.574098945 0.215943903 -0.0270828381 172 227 250 
-0.565509319 0.222415447 -0.0345755219 171 227 250 
-0.521742404 0.0136458576 0.275976568 167 211 233 
-0.523843169 0.0174084008 0.330611765 169 212 232 
-0.535480082 0.0197328329 0.333154976 170 213 233 
-0.52415067 0.0176721811 0.341799051 169 212 232 
-0.566111386 0.223917291 -0.0236231387 172 227 250 
-0.563458562 0.20900178 0.0203290284 177 234 252 
-0.580395997 0.209933907 0.0750548914 175 232 251 
-0.566677868 0.218115479 0.0668544546 175 233 252 
-0.524435759 0.0152451396 0.381857604 167 210 229 
-0.523963213 0.00889644027 0.43070969 162 204 223 
-0.553708434 0.0108349621 0.435032815 166 207 223 
-0.524399519 0.00881931186 0.451598495 160 202 221 
-0.567255914 0.219430745 0.0787771121 176 233 252 
-0.569696665 0.224529326 0.134176433 178 235 251 
-0.527380526 0.01783216 0.488303632 156 197 217 
-0.4683806 0.0330832601 -0.226921171 163 211 239 
-0.468243599 0.0294229686 -0.192537665 163 212 240 
-0.468095243 0.0243480802 -0.142957091 164 213 241 
-0.468108177 0.0216497481 -0.112377748 164 213 241 
-0.468217343 0.0203361213 -0.0927685872 164 213 242 
-0.468616575 0.0174130201 -0.0419572964 162 211 242 
-0.469057977 0.0162670314 -0.00895745307 162 211 242 
-0.469236284 0.0153562129 0.00934950262 163 211 242 
-0.469709426 0.0127234161 0.0603268072 163 212 241 
-0.470157713 0.0116263926 0.0930988267 163 211 241 
-0.470502496 0.0113478005 0.112023182 164 211 240 
-0.471241742 0.00976076722 0.163598657 166 213 240 
-0.511199474 0.0117416084 0.169067025 168 213 236 
-0.471769482 0.00952059031 0.190495282 167 214 239 
-0.472455293 0.0100372136 0.216239959 167 213 238 
-0.473550797 0.00984999537 0.26861605 168 213 236 
-0.491836965 0.011942327 0.271763653 169 213 235 
-0.473792315 0.00944969058 0.284151077 169 213 236 
-0.523505926 0.24656269 -0.0683436394 175 229 250 
-0.524022222 0.248024821 -0.0608902872 176 229 251 
-0.474695683 0.00985664129 0.321103036 170 213 234 
-0.476467192 0.0126067698 0.371872932 173 216 232 
-0.531745672 0.267389059 -0.00375134498 171 227 249 
-0.53021121 0.26857844 -0.00514806807 171 226 249 
-0.534447253 0.243895322 0.0361227542 184 239 253 
-0.476501286 0.0124595463 0.375074923 174 216 232 
-0.478209019 0.0146778524 0.428826898 171 212 230 
-0.479621768 0.0181385577 0.455229491 169 210 228 
-0.53032577 0.268867612 -0.00310305506 171 226 249 
-0.529273868 0.26024273 0.044447042 181 235 251 
-0.480364799 0.0186567008 0.483585805 164 206 225 
-0.48164323 0.0191880167 0.5363729 157 197 216 
-0.421963692 0.0342878103 -0.208373189 163 211 241 
-0.421954423 0.0331020653 -0.195622861 163 212 241 
-0.42167151 0.0274985135 -0.146344647 162 211 242 
-0.421575069 0.0226278603 -0.0966472849 161 209 243 
-0.429989189 0.0220156312 -0.0960557386 161 210 242 
-0.42157951 0.0223011076 -0.0928128436 161 209 243 
-0.421878874 0.0193297267 -0.0460504815 162 211 244 
-0.422268808 0.0163701177 0.00473994762 161 210 244 
-0.435830742 0.0161158442 0.00609190017 161 210 244 
-0.422341108 0.0159865916 0.012320362 161 210 244 
-0.422684759 0.0135126114 0.0555887446 162 211 244 
-0.422892243 0.00983598828 0.105969049 161 210 244 
-0.441532552 0.0102499425 0.108242564 161 210 242 
-0.423066258 0.00949159265 0.117785491 161 210 244 
-0.423699796 0.00851732492 0.157698005 164 213 243 
-0.424775451 0.00825214386 0.210029513 166 215 242 
-0.430697799 0.00838664174 0.210753471 166 215 242 
-0.424840689 0.00819113851 0.213701516 166 215 242 
-0.425750375 0.00759103894 0.262134552 168 216 240 
-0.426625103 0.0069399178 0.30952701 173 218 238 
-0.521209121 0.251585335 -0.0658637732 177 229 251 
-0.426713079 0.00688180327 0.314212114 172 217 238 
-0.427723557 0.00636044145 0.366397053 171 215 235 
-0.472582579 0.012116909 0.374457926 173 216 232 
-0.428313434 0.00521323085 0.406226635 171 214 231 
-0.486478269 0.286632597 -0.0506149568 180 230 249 
-0.488600165 0.293574095 -0.0303346589 178 228 248 
-0.428366154 0.00439360738 0.417755336 170 213 230 
-0.430521488 0.0083706975 0.472513169 166 208 226 
-0.448892355 0.0133651793 0.477248818 166 207 225 
-0.431547582 0.0111388862 0.488859028 167 208 225 
-0.492783487 0.306915522 0.0134691447 169 221 246 
-0.432959795 0.0134594738 0.527906954 169 209 225 
-0.376527399 0.0403469205 -0.19874917 164 212 243 
-0.376502633 0.0400714874 -0.19682613 164 212 243 
-0.375940084 0.0333691239 -0.148176387 162 211 244 
-0.37561366 0.0275948346 -0.0989958718 161 211 245 
-0.375335842 0.0243633687 -0.0758415684 161 211 245 
-0.37534219 0.022036314 -0.0496919081 162 211 246 
-0.375407159 0.0177997947 0.000368185341 161 210 246 
-0.375376552 0.0144802034 0.0358518735 161 210 245 
-0.375308245 0.0129192173 0.0500598922 161 210 245 
-0.375422269 0.00887545943 0.100230195 160 209 244 
-0.37567237 0.00585973263 0.145224094 160 208 243 
-0.375712395 0.00552374125 0.150796354 160 208 243 
-0.376559407 0.00436010957 0.20261398 160 210 243 
-0.377524227 0.00494262576 0.240435451 160 209 241 
-0.377833903 0.00487604737 0.255392224 159 208 240 
-0.378561258 0.00324213505 0.306940883 160 208 237 
-0.420569658 0.00635224581 0.313248962 171 217 238 
-0.378742993 0.000891149044 0.34140867 161 207 235 
-0.378762096 -0.000460475683 0.357306331 160 207 234 
-0.378896683 -0.0044234395 0.407522917 154 201 228 
-0.417413026 0.00263047218 0.415592611 167 210 229 
-0.378956258 -0.00813773274 0.451531678 158 201 223 
-0.466439009 0.306035936 -0.042261824 173 225 248 
-0.446810067 0.317683488 -0.053892076 167 220 246 
-0.379229724 -0.00760665536 0.458185405 158 201 223 
-0.383778185 0.00577348471 0.518321455 173 213 229 
-0.384820729 0.00603342056 0.518577397 173 213 229 
-0.383815736 0.00583401322 0.519373238 173 213 229 
-0.447737545 0.319971472 -0.0367360935 165 219 245 
-0.385261446 0.00710985065 0.571569026 163 201 217 
-0.331586301 0.0491448641 -0.196826041 164 214 245 
-0.364414573 0.0423733294 -0.196902275 164 213 244 
-0.33147344 0.0482986867 -0.192604423 164 214 246 
-0.331076413 0.0426494181 -0.148057953 162 211 245 
-0.33004868 0.0341195166 -0.100453503 162 211 246 
-0.329137534 0.0266501307 -0.0592829511 162 212 248 
-0.329081774 0.0258284807 -0.0527124181 162 212 248 
-0.328409135 0.0186936855 -0.00431001931 162 211 247 
-0.328186572 0.0133274496 0.045103915 161 211 247 
-0.35379678 0.0131317973 0.0478116944 161 210 246 
-0.328119904 0.0115276873 0.0620416477 161 211 247 
-0.32776612 0.00718346238 0.0940729901 160 210 246 
-0.327854246 0.00303792953 0.144185096 155 206 243 
-0.368280262 0.00514036417 0.149771094 159 208 243 
-0.328047544 0.00108468533 0.174764246 154 205 242 
-0.328062594 -0.000635206699 0.194567412 153 205 242 
-0.329088092 -0.00109758973 0.246786118 152 204 240 
-0.359312117 0.00282523036 0.252241313 155 206 240 
-0.329823375 -0.000208824873 0.270667553 154 204 239 
-0.330024213 -0.00191116333 0.298803985 158 207 239 
-0.328823417 -0.0111212432 0.346019387 151 201 233 
-0.367245674 -0.00358086824 0.354343385 157 204 234 
-0.329688162 -0.0109631419 0.383962393 148 198 231 
-0.330331922 -0.00968572497 0.399323642 150 199 231 
-0.330535114 -0.0133791864 0.449694306 152 198 227 
-0.371860981 -0.00918376446 0.456517726 157 200 223 
-0.332439899 -0.00742551684 0.470984787 153 199 224 
-0.403090686 0.332241893 -0.0598921403 159 212 241 
-0.335202873 0.000469774008 0.510098457 160 203 224 
-0.336788237 0.00401595235 0.543477654 159 198 219 
-0.407133102 0.34598732 -0.0270456858 155 209 240 
-0.33847487 0.00883445144 0.567365944 167 204 220 
-0.289913535 0.0604057908 -0.195279539 159 212 245 
-0.287415266 0.0611800849 -0.195521653 159 212 244 
-0.287403286 0.0610994697 -0.195178032 159 212 245 
-0.286461055 0.0529054403 -0.14738144 160 209 242 
-0.285002083 0.0426809788 -0.100746222 161 211 246 
-0.283102781 0.0307263732 -0.055100508 161 211 247 
-0.315222859 0.026954174 -0.0536229685 162 212 248 
-0.282433629 0.0264338553 -0.0381230786 162 212 248 
-0.281678587 0.0206384659 -0.00838715583 162 211 248 
-0.280956596 0.0133098364 0.0399043635 162 211 248 
-0.280344248 0.00641182065 0.0884421989 161 211 247 
-0.286808223 0.0065061152 0.0892037526 161 211 247 
-0.280288875 0.00573185086 0.0934583619 161 210 247 
-0.279785395 -0.000275820494 0.137100339 157 207 245 
-0.279582798 -0.00556364655 0.186559111 150 203 242 
-0.306881964 -0.00283846259 0.19104141 152 204 242 
-0.279748887 -0.00702619553 0.210436583 150 202 241 
-0.279755831 -0.0093755424 0.236862063 150 202 240 
-0.279112667 -0.0163945854 0.285330683 150 201 238 
-0.308952659 -0.00782546401 0.293271214 154 203 238 
-0.278582811 -0.0228835046 0.33311218 144 196 233 
-0.278595358 -0.0229189694 0.334082156 144 196 233 
-0.279840112 -0.0225197971 0.386793703 146 195 229 
-0.315532684 -0.0139039159 0.395402759 147 197 230 
-0.279230654 -0.0294063389 0.43533805 137 186 221 
-0.282765627 -0.0288127065 0.436049432 138 187 222 
-0.279394686 -0.0289492607 0.437788159 137 186 221 
-0.285745859 -0.00759270787 0.492054373 165 208 231 
-0.360077173 0.350294858 -0.0723161623 157 210 238 
-0.286382288 -0.00579762459 0.501324356 167 210 231 
-0.291133791 0.00899496675 0.55508709 173 213 229 
-0.361893177 0.35378921 -0.0277728252 154 207 237 
-0.291581035 0.0101377368 0.562921882 175 213 230 
-0.244351164 0.0789823532 -0.207484841 142 192 227 
-0.244254827 0.0771192312 -0.191204906 145 196 231 
-0.242065147 0.0640235841 -0.146211833 151 201 234 
-0.239787132 0.0505808592 -0.101417296 158 207 239 
-0.237244755 0.0360994041 -0.0572168455 161 210 245 
-0.23573491 0.0262432694 -0.0170104131 163 212 249 
-0.235626981 0.0252509415 -0.0109384879 162 212 249 
-0.23398231 0.0142968297 0.0352794304 161 210 246 
-0.232911006 0.00559553504 0.0827858523 160 209 245 
-0.230957329 -0.00657269359 0.128309339 151 203 243 
-0.243060619 -0.00574493408 0.130089641 153 204 244 
-0.230769515 -0.00842228532 0.140239805 150 203 243 
-0.230812639 -0.0116330683 0.177898198 153 205 243 
-0.230383947 -0.0178093016 0.226848871 149 201 240 
-0.256569535 -0.0135004818 0.232070237 149 201 240 
-0.229795963 -0.0233264863 0.261163324 146 198 238 
-0.229815632 -0.0245341957 0.275485724 146 198 237 
-0.229202434 -0.0314354002 0.324021697 144 195 233 
-0.2777071 -0.0231024921 0.333884716 144 196 233 
-0.228151828 -0.0400553048 0.37157473 142 192 229 
-0.239561796 -0.036709547 0.374648601 143 193 229 
-0.227965027 -0.0424751937 0.389889359 139 189 225 
-0.230067089 -0.0370216072 0.425793022 140 189 222 
-0.233909965 -0.0231299996 0.447852999 148 196 226 
-0.23860389 -0.00797018409 0.494892269 161 205 230 
-0.269509763 -0.00725021958 0.498680085 166 208 231 
-0.239628389 -0.00490599871 0.507877827 160 204 229 
-0.242285594 0.00200435519 0.553080499 172 211 229 
-0.281841993 0.00811886787 0.560753465 177 214 230 
-0.317326397 0.364235878 -0.0269872621 164 218 243 
-0.197343767 0.0783547759 -0.195687681 141 186 217 
-0.21920903 0.0775193274 -0.193739474 142 189 223 
-0.197097242 0.0760433674 -0.181319863 140 185 217 
-0.196244374 0.0695431828 -0.148244351 139 187 222 
-0.194227755 0.0571275353 -0.102862366 152 201 235 
-0.191917568 0.0435584486 -0.0581400767 163 211 243 
-0.189763278 0.0306019187 -0.0130674317 161 210 245 
-0.221180812 0.0268765688 -0.0116416141 162 211 248 
-0.189207375 0.0269002616 0.00254418701 160 209 245 
-0.188096598 0.0195612907 0.033100985 160 209 244 
-0.186052531 0.00703772902 0.0784212574 158 205 242 
-0.183463141 -0.00762838125 0.122516073 159 207 244 
-0.18185243 -0.0184490979 0.168810278 159 208 243 
-0.194842905 -0.0169139802 0.17107287 158 208 244 
-0.181841731 -0.0196475685 0.181637347 157 207 243 
-0.182290629 -0.0212191045 0.219709128 151 202 240 
-0.181494504 -0.0288391411 0.267834038 147 199 237 
-0.216710448 -0.0266927183 0.272871405 146 199 237 
-0.179438919 -0.0414078832 0.313128412 143 195 233 
-0.182121292 -0.0411604643 0.313557774 143 194 233 
-0.179288521 -0.0423718989 0.316936255 143 194 233 
-0.179987937 -0.0437424481 0.364276379 141 191 228 
-0.181900173 -0.0395278037 0.405233532 139 190 226 
-0.182738781 -0.0374254882 0.420372516 142 191 226 
-0.187927753 -0.0197733939 0.462444991 162 208 234 
-0.189647466 -0.0147713125 0.485812873 164 209 233 
-0.192578465 -0.00683507323 0.53218627 171 212 232 
-0.193265602 -0.00504657626 0.54385823 175 215 233 
-0.149150491 0.0745523274 -0.203052014 141 183 215 
-0.147749394 0.0645551682 -0.156286716 145 188 220 
-0.167358309 0.0672295988 -0.152677104 141 186 219 
-0.147555128 0.0617768168 -0.134331733 141 186 218 
-0.14711298 0.0575627685 -0.107802905 138 185 220 
-0.145781025 0.0478373468 -0.0608822033 149 198 232 
-0.144534305 0.0384468138 -0.0137699768 159 206 236 
-0.143711716 0.0326654911 0.0127083734 160 206 236 
-0.14304404 0.0280993879 0.03279493 161 207 238 
-0.139455467 0.00950714946 0.0746441558 162 207 240 
-0.136831865 -0.0052934289 0.118662097 163 208 241 
-0.135864526 -0.0135861933 0.166402191 159 205 239 
-0.135117933 -0.0199621618 0.202977926 155 202 237 
-0.134920523 -0.0217871964 0.214194745 155 203 237 
-0.134184033 -0.0291728675 0.262453675 148 197 234 
-0.133809537 -0.035136193 0.31152609 151 199 234 
-0.134112239 -0.0350256264 0.324194103 152 200 235 
-0.135124654 -0.0344606042 0.364395708 151 199 232 
-0.136621028 -0.0326907337 0.413427413 151 198 231 
-0.136901826 -0.0319694579 0.418303698 152 198 231 
-0.14116329 -0.0197169483 0.477794737 163 208 232 
-0.149008065 -0.0192774534 0.478895873 164 209 232 
-0.141412228 -0.019056946 0.481890231 163 208 232 
-0.145039558 -0.00897786021 0.536420226 166 209 232 
-0.173961073 -0.00696313381 0.540694296 171 213 233 
-0.0995419621 0.0651887655 -0.213597 144 187 220 
-0.0997700095 0.0652348697 -0.213546842 144 187 220 
-0.0995239615 0.0650748312 -0.213157564 144 187 220 
-0.0983880162 0.0561627746 -0.166276246 145 189 222 
-0.0971358269 0.0467508435 -0.119176306 144 190 225 
-0.127023354 0.0541525781 -0.111865588 139 186 219 
-0.0974147022 0.0445483327 -0.0818987116 139 187 223 
-0.0974885151 0.0436447859 -0.0684696361 138 187 223 
-0.0961531848 0.033906132 -0.021556519 147 194 226 
-0.0960029364 0.0288239419 0.0280198827 160 205 232 
-0.11969842 0.0285998881 0.0305017903 161 205 234 
-0.0947107375 0.0210777819 0.0547720566 161 205 233 
-0.0937812179 0.0156024396 0.0729409233 161 205 234 
-0.0934646875 0.00986689329 0.122143649 157 204 237 
-0.0916686207 -0.00168213248 0.168021321 158 204 236 
-0.0893889815 -0.0151312351 0.212812185 155 200 231 
-0.101597309 -0.0171843469 0.213036835 155 200 232 
-0.0890879631 -0.0168421865 0.218004853 156 200 231 
-0.0878488198 -0.0256747305 0.259264976 159 204 236 
-0.0882258713 -0.0286850035 0.310026407 157 203 236 
-0.0885662213 -0.029509753 0.334816754 160 205 236 
-0.0893616155 -0.0287142098 0.362492919 164 207 235 
-0.092037946 -0.0224079788 0.415287226 162 204 234 
-0.0922162682 -0.0219893754 0.418822378 162 204 234 
-0.0954475179 -0.013784796 0.475998193 160 206 232 
-0.0959957168 -0.0129000545 0.491334468 156 203 230 
-0.0979151502 -0.00858068466 0.531457961 154 201 229 
-0.0518120863 0.0632069707 -0.21991995 144 188 220 
-0.0498384126 0.0509600639 -0.174441427 148 192 225 
-0.061965812 0.0515452623 -0.172790453 148 192 225 
-0.0490958169 0.0464220345 -0.158106297 149 193 226 
-0.048483301 0.0411437154 -0.127572775 150 194 227 
-0.0481961295 0.035523504 -0.0783040896 146 193 228 
-0.0826089755 0.0420629382 -0.0709651932 140 189 224 
-0.0479741022 0.0307843387 -0.0358343795 142 192 228 
-0.0478733778 0.0297635198 -0.0291153565 142 191 228 
-0.0484446026 0.0275161862 0.0220824406 145 192 226 
-0.0479452945 0.0210624635 0.0708743557 151 197 228 
-0.0631668121 0.0194431245 0.0716660991 154 200 229 
-0.0478868708 0.0202677548 0.077023454 151 197 228 
-0.0471260659 0.0133516788 0.118947335 150 198 229 
-0.045879744 0.00396278501 0.166060477 158 202 233 
-0.0438943319 -0.00833022594 0.211512595 160 201 231 
-0.0438926034 -0.00959035754 0.2254363 160 201 231 
-0.0448339358 -0.00913009048 0.263538271 159 204 237 
-0.0442517065 -0.015909642 0.312143862 152 198 233 
-0.044368621 -0.0173186362 0.333168417 156 200 234 
-0.045004461 -0.0174436867 0.363749653 160 204 235 
-0.0464981087 -0.016066581 0.41702047 156 201 233 
-0.0791898444 -0.0207324326 0.418074697 160 203 234 
-0.0467652455 -0.0155390799 0.423422545 157 201 233 
-0.0497136265 -0.00792381167 0.474160939 161 205 231 
-0.0504272804 -0.00749513507 0.502161026 157 202 231 
-0.0516131595 -0.00495189428 0.528343976 161 204 232 
-0.00100342929 0.0494170487 -0.236375093 151 196 231 
-0.00119183958 0.0498682261 -0.232738584 150 196 230 
-0.00220244378 0.0493473113 -0.180553317 149 194 227 
-0.00210629404 0.0447919667 -0.134347469 148 192 225 
-0.00210110843 0.0444573462 -0.130867004 148 192 225 
-0.00153304636 0.0377334356 -0.082229577 147 192 226 
-0.000605925918 0.0295987427 -0.0343990698 146 192 226 
-0.0387563407 0.0298373103 -0.0300770625 142 191 228 
-0.00040717423 0.0262958109 -0.00682099909 142 190 225 
-4.10676003e-05 0.0228874683 0.0142455474 139 188 225 
-0.000832542777 0.0215055645 0.0659383163 143 191 225 
-0.000918246806 0.018741101 0.100592114 143 192 227 
-0.000588700175 0.016055584 0.115304373 145 194 228 
0.00016888231 0.00858709216 0.163515896 158 204 233 
-0.000518038869 0.00679436326 0.214973718 149 196 230 
-0.000543788075 0.0068026185 0.216063768 149 196 230 
-0.000913538039 0.00385650992 0.265776604 152 201 235 
0.000655531883 -0.00680050254 0.312164396 156 200 233 
0.000330433249 -0.00760987401 0.336083412 160 201 232 
-0.000870756805 -0.00529518723 0.365508586 166 204 232 
-0.000233151019 -0.0122922957 0.413989723 172 209 233 
-0.0015232861 -0.00851795077 0.431278139 179 213 236 
-0.00442687422 -0.000305920839 0.473328561 167 205 231 
-0.00543563068 0.000765115023 0.507738769 157 200 228 
-0.00626894832 0.00244021416 0.527382493 158 202 227 
0.00246336311 0.0487858951 -0.233728975 151 196 231 
0.0016246736 0.0440970957 -0.131472379 148 192 225 
0.0259876102 0.0226683319 0.0112661347 145 192 228 
0.0153857619 0.0156164169 0.113310076 143 192 227 
0.85373956 0.035215795 -0.387012631 140 175 191 
0.852274537 0.0364805758 -0.333806068 143 180 195 
0.836407483 0.0446671247 -0.327609122 144 181 196 
0.851290345 0.0384083688 -0.310043961 152 190 203 
0.848825872 0.0455394089 -0.276141644 151 187 202 
0.828520715 0.0611122251 -0.265438944 141 177 194 
0.846194327 0.0535511672 -0.244355083 161 197 211 
0.845906377 0.0525188446 -0.21966657 171 206 219 
0.84319967 0.0586625934 -0.163669437 166 200 216 
0.842454195 0.0599988997 -0.162860572 165 200 216 
0.842959583 0.059479475 -0.161727548 166 200 216 
0.844328403 0.0497355759 -0.116292067 174 206 219 
0.79319936 0.0664311051 -0.10159152 141 177 196 
0.841139317 0.0584060252 -0.0662287846 163 199 214 
0.814887702 0.187874526 -0.2996988 139 175 193 
0.815113187 0.182496697 -0.250291497 135 173 193 
0.813328147 0.185998768 -0.207253933 134 173 195 
0.840730131 0.0593822896 -0.0582914427 164 199 214 
0.840330839 0.0564595163 -0.00747998804 159 194 211 
0.797742426 0.0630449355 0.000782303512 147 182 202 
0.839520395 0.0563357174 0.0311025158 150 188 206 
0.812717199 0.187419474 -0.194992706 130 169 191 
0.813817561 0.178604007 -0.147551596 122 159 182 
0.811729014 0.183830261 -0.109742202 129 166 189 
0.838938713 0.0574373603 0.0455624834 149 187 205 
0.839218259 0.0518472493 0.094848372 163 197 214 
0.810005307 0.061527282 0.103324331 154 191 209 
0.837665141 0.0554352105 0.126283288 157 195 211 
0.810060143 0.188876122 -0.0891932324 128 164 189 
0.809041917 0.188385069 -0.0369909033 129 163 188 
0.808494329 0.189758629 -0.0271147266 129 163 188 
0.836675882 0.0573451519 0.150476068 150 190 208 
0.836520433 0.0534641147 0.200739473 156 190 208 
0.823313892 0.0602627099 0.205889076 148 184 203 
0.835506141 0.0560384989 0.218699723 152 187 206 
0.808329105 0.186694264 0.0145251974 127 160 183 
0.766814053 0.179140478 0.0673355237 126 166 191 
0.805697501 0.193519473 0.0594973341 123 157 181 
0.835996091 0.051032722 0.251831979 153 192 210 
0.839487851 0.0328209102 0.29389891 158 196 212 
0.797676802 0.0495716035 0.307605565 141 183 202 
0.841105342 0.0219736099 0.340177894 155 191 208 
0.828664362 0.0342321098 0.348213464 151 186 203 
0.840572655 0.0208722651 0.376870453 155 189 204 
0.804937959 0.195527166 0.072060369 126 159 183 
0.805674911 0.188139379 0.120318078 135 169 193 
0.807623267 0.175992042 0.16585353 130 165 190 
0.807571113 0.174159646 0.188611478 129 165 190 
0.840983987 0.0179585814 0.390364617 154 188 203 
0.843232453 0.00463202596 0.435225695 154 189 203 
0.808313072 0.0248203576 0.450045079 137 174 189 
0.806918502 0.174269378 0.217351407 130 166 190 
0.805172086 0.176639825 0.271190405 124 162 187 
0.807290733 0.165462762 0.298124164 121 158 183 
0.808611691 0.158632934 0.31337443 118 155 180 
0.808705926 0.153770715 0.363076687 117 153 176 
0.807320654 0.155230016 0.410460263 115 151 172 
0.80720526 0.155175477 0.416363269 116 152 172 
0.808916748 0.143958837 0.462431043 124 161 180 
0.811810791 0.128095388 0.505841136 127 161 180 
0.900535405 0.0324122012 -0.341322452 160 194 206 
0.900108337 0.0295984447 -0.290448606 165 201 212 
0.887234688 0.0341296494 -0.286569029 165 201 211 
0.899607837 0.0302041173 -0.274200022 164 200 211 
0.900300443 0.0243518949 -0.24096626 164 201 212 
0.860632539 0.0460448563 -0.224806547 180 215 226 
0.89920938 0.0241471529 -0.188600123 180 210 221 
0.872479737 0.0260725617 -0.184615523 183 213 224 
0.898824513 0.0239973068 -0.169264644 178 208 219 
0.87448889 0.139247417 -0.332700759 141 174 189 
0.851325691 0.153505504 -0.322399169 138 172 188 
0.871411443 0.149619013 -0.306666523 142 175 190 
0.896526575 0.0301966667 -0.132656932 176 210 221 
0.864842117 0.0425778925 -0.122439988 183 217 227 
0.894987285 0.0329084694 -0.0921203569 177 210 222 
0.818285048 0.186702102 -0.300709903 139 175 194 
0.865982354 0.168180019 -0.263669461 144 176 193 
0.857253194 0.173294246 -0.259928167 144 177 195 
0.865065157 0.170951366 -0.252355784 143 175 193 
0.894276381 0.0345465839 -0.0776857957 175 208 221 
0.848228514 0.0569107234 -0.0604599342 167 203 217 
0.893439651 0.0333425701 -0.0258912966 183 213 225 
0.877022803 0.0410403311 -0.0198998079 183 215 227 
0.89261353 0.0345748365 -0.00165816396 185 214 226 
0.862028599 0.179223478 -0.204869926 138 173 193 
0.833736598 0.18595624 -0.198098451 137 175 196 
0.860590935 0.183015853 -0.181008175 137 173 193 
0.891100228 0.0380426347 0.0292801335 180 208 221 
0.851052403 0.0531084239 0.0418764576 156 194 211 
0.891132474 0.033424288 0.0791218057 180 210 224 
0.881243944 0.0375762284 0.0824670568 177 210 224 
0.890911281 0.0329171419 0.0949146226 179 210 223 
0.858904898 0.18700546 -0.147935808 143 178 196 
0.856600881 0.192683607 -0.105254717 143 179 199 
0.890492857 0.0314457715 0.130473316 177 208 221 
0.855577052 0.0497177541 0.144249886 163 202 217 
0.8915838 0.022667259 0.17793563 175 208 220 
0.871472955 0.0307253897 0.184529096 174 209 223 
0.891449869 0.0201657116 0.211880744 173 207 220 
0.855866611 0.194451898 -0.0911935791 139 175 195 
0.853849232 0.197886795 -0.0367458239 136 170 190 
0.853187561 0.19949621 -0.0242526904 138 171 191 
0.89097929 0.0205508769 0.229208291 171 206 219 
0.854455829 0.0449605584 0.246500343 159 197 214 
0.892058372 0.0118189752 0.276697278 169 203 217 
0.866594076 0.0250587165 0.286697716 171 206 221 
0.891015708 0.0122303069 0.319993585 181 213 224 
0.848635793 0.213880137 0.0248847976 146 178 197 
0.848853827 0.210865363 0.0483731106 144 176 194 
0.890857756 0.0120447576 0.329309583 181 213 224 
0.894412875 -0.00641611218 0.37123394 170 200 212 
0.847605228 0.0159767568 0.388558954 159 193 207 
0.895540297 -0.015337795 0.418614358 166 197 208 
0.866606176 -0.00226399302 0.428905815 160 194 208 
0.848165691 0.211235344 0.0758552626 143 174 192 
0.848572612 0.20514439 0.124854721 144 175 193 
0.849790394 0.194738537 0.171417803 140 174 192 
0.850045562 0.194881231 0.171281815 140 174 192 
0.850033224 0.194913685 0.171486378 140 174 192 
0.848443866 0.196666837 0.224972278 140 171 189 
0.849302709 0.188800365 0.272956192 128 159 180 
0.849349856 0.18824026 0.277015179 127 158 179 
0.849671423 0.182859808 0.322041601 125 156 175 
0.849059403 0.180772692 0.3733311 116 149 170 
0.851684868 0.166596204 0.410328358 125 157 177 
0.862778008 0.113393277 0.492242664 143 178 194 
0.852063358 0.117797494 0.495815963 144 178 194 
0.860294163 0.12397632 0.488675445 144 179 195 
0.852174759 0.164039999 0.416243941 127 159 179 
0.853541374 0.154178381 0.463086694 132 167 185 
0.952426136 0.00958946347 -0.307082266 150 187 202 
0.947868168 0.0230074525 -0.246924669 161 192 202 
0.935524166 0.0229779482 -0.245584279 161 193 203 
0.951747 0.00327450037 -0.205727816 167 197 208 
0.949865758 0.00360941887 -0.205338925 167 197 208 
0.951651514 0.00355386734 -0.20444721 167 197 208 
0.946184337 0.0206398368 -0.143312424 158 181 194 
0.944200933 0.0205923319 -0.143120348 158 181 194 
0.946338236 0.0197720528 -0.140735149 159 183 195 
0.923369944 0.132742226 -0.341610909 150 184 199 
0.921073437 0.137274206 -0.286535621 166 198 211 
0.90860498 0.14452976 -0.281218588 162 193 206 
0.919609368 0.142006755 -0.271910816 167 199 212 
0.946541846 0.0147432387 -0.0942018852 184 214 224 
0.906566501 0.0298371911 -0.081598185 176 208 221 
0.943242729 0.0250116289 -0.056841515 181 212 224 
0.915288746 0.155511945 -0.223621279 168 198 212 
0.903003812 0.161528051 -0.218998671 162 191 206 
0.91406256 0.15938127 -0.210324496 168 198 212 
0.940917194 0.0323521197 -0.0316472277 178 211 224 
0.942284167 0.0224891305 0.0151947513 190 217 228 
0.921077847 0.0288637578 0.0209927633 187 213 226 
0.941895306 0.0215971768 0.0429606214 177 207 220 
0.908932686 0.175994694 -0.159422934 155 189 205 
0.899218678 0.178965896 -0.156739205 151 185 201 
0.908197403 0.178331822 -0.151635379 156 190 205 
0.94091624 0.0233723819 0.0681831315 169 203 216 
0.94013983 0.0219314694 0.119842149 181 209 223 
0.920410275 0.0242163539 0.1232531 178 208 221 
0.940404594 0.018892318 0.141458422 182 210 223 
0.901837349 0.199731827 -0.0974490121 146 178 195 
0.939328611 0.0206267238 0.171579093 181 211 223 
0.939507544 0.0154317915 0.221090943 162 195 208 
0.910687327 0.0173771679 0.225316197 168 202 215 
0.940642416 0.00762978196 0.255687475 147 183 202 
0.901254058 0.201674193 -0.092252247 145 177 194 
0.885819674 0.212430775 -0.0323471949 147 177 193 
0.896368921 0.216718346 -0.0351494476 150 180 194 
0.94038707 0.00748425722 0.269028544 148 183 203 
0.940663993 0.00190424919 0.318320185 156 189 205 
0.897569299 0.00971624255 0.327305347 181 212 224 
0.942853153 -0.0111893117 0.36331445 164 194 206 
0.9083758 -0.010507971 0.367473692 167 197 209 
0.944015086 -0.0191513598 0.398444116 166 194 204 
0.896045446 0.217648208 -0.0306326523 150 180 194 
0.893036187 0.224980712 0.0260443762 132 164 182 
0.892726898 0.224663273 0.043771036 136 167 185 
0.943320453 -0.0175174177 0.412178278 167 196 204 
0.89232713 0.223274961 0.0775519386 145 175 192 
0.891627669 0.221531123 0.129037708 133 164 179 
0.89105463 0.22285682 0.140617251 132 161 177 
0.890598595 0.221083 0.181264579 130 159 175 
0.891118944 0.214546576 0.230009198 128 158 177 
0.855874598 0.191725343 0.273825169 129 159 180 
0.891234279 0.211882517 0.254316449 130 157 176 
0.891582787 0.20823212 0.278880805 131 159 178 
0.893110096 0.197739363 0.325362593 138 166 181 
0.896704674 0.179123372 0.367198318 137 165 181 
0.900089502 0.161331743 0.409505457 153 181 197 
0.85429436 0.1640172 0.415998608 128 160 180 
0.90225929 0.148314387 0.454543322 147 178 195 
0.895272791 0.151095897 0.456824154 145 177 194 
0.90980643 0.114167958 0.487496346 166 195 206 
0.986341059 0.0663823783 -0.332271993 170 206 219 
0.989214718 0.0505991876 -0.288816065 170 204 217 
0.951540411 0.0268545747 -0.245235413 164 195 204 
0.988069832 0.054255873 -0.276889175 175 209 219 
0.954540312 0.00474086404 -0.205237091 166 196 207 
0.972994745 0.123314738 -0.352192461 159 192 204 
0.931449831 0.131705165 -0.343062907 152 186 201 
0.971877277 0.124331325 -0.312181622 161 195 205 
0.984268606 0.0655421615 -0.227786213 165 199 212 
0.967966139 0.049184382 -0.182535678 165 195 206 
0.983588517 0.0663555562 -0.205606163 158 191 204 
0.94723767 0.0213273466 -0.143054217 159 182 194 
0.970794261 0.127469689 -0.297332823 161 195 206 
0.965619743 0.145224065 -0.257062793 164 198 211 
0.981819332 0.0706738234 -0.17236793 165 196 208 
0.978646815 0.0701235533 -0.11996112 168 201 215 
0.980392873 0.0720906556 -0.122623451 168 200 215 
0.966108382 0.044248879 -0.0803012773 181 209 219 
0.962976277 0.153696299 -0.229849219 166 201 214 
0.959656775 0.164658219 -0.199262679 160 195 211 
0.980060875 0.0730910301 -0.118502237 168 201 215 
0.980101645 0.0684394538 -0.0686795637 176 206 218 
0.980324566 0.0630716383 -0.0192665383 169 204 220 
0.955187738 0.0371198058 0.0217357352 183 209 221 
0.980227768 0.0628230274 -0.0120614991 168 202 218 
0.921953261 0.184468627 -0.15624401 149 183 199 
0.951337159 0.195759654 -0.162910163 135 172 189 
0.979072511 0.0634994805 0.0334613547 169 201 214 
0.979577124 0.0570247769 0.0822413042 161 195 215 
0.956608355 0.0329778492 0.124041565 173 201 215 
0.979752481 0.0550911427 0.0956773087 160 194 212 
0.950979054 0.19634521 -0.152972817 137 174 191 
0.945887864 0.212651312 -0.100436248 157 193 210 
0.979420722 0.0531479418 0.132507056 167 198 211 
0.978651822 0.0516771376 0.184149057 162 196 213 
0.950455964 0.0270029008 0.226182431 162 194 208 
0.978287637 0.0522582233 0.194410473 160 194 211 
0.944522202 0.217223391 -0.0885482654 153 188 206 
0.940709293 0.228202492 -0.0354981646 152 188 205 
0.977136195 0.0531404912 0.237469167 161 194 210 
0.979870975 0.0379029214 0.281237185 157 192 207 
0.982572496 0.0227960646 0.325079888 170 199 211 
0.963347256 0.0027975142 0.36867106 157 189 202 
0.982064068 0.023478657 0.340840608 168 200 212 
0.939931095 0.230771393 -0.0283162519 153 189 205 
0.912369788 0.237211078 0.0305730328 150 183 198 
0.935158551 0.245596796 0.0260517821 171 205 217 
0.981733859 0.0215995014 0.376878679 158 193 206 
0.98326534 0.0110902488 0.423351079 150 180 194 
0.934859931 0.246205404 0.0329944566 171 204 216 
0.935895622 0.237644255 0.0805810317 163 194 207 
0.897000968 0.229005367 0.132513136 136 167 182 
0.932743251 0.247468427 0.116136678 158 194 209 
0.931540191 0.250265777 0.140283138 154 189 204 
0.934063494 0.235859305 0.184526473 154 188 204 
0.910523176 0.227792501 0.235082537 134 164 182 
0.932482064 0.238676459 0.225824118 144 177 193 
0.932138503 0.238931686 0.238766909 141 173 189 
0.934326828 0.225841001 0.283762813 139 170 184 
0.937316954 0.209600285 0.326957017 154 185 200 
0.942144454 0.18614009 0.36602208 166 196 206 
0.946334422 0.165184706 0.406519711 154 184 197 
0.951515496 0.140334994 0.444789976 159 190 201 
0.958318412 0.109113008 0.479415625 153 184 198 
1.0296309 0.086337924 -0.378530979 165 197 207 
1.03008461 0.0800642669 -0.329636037 155 189 201 
1.03359675 0.0617718399 -0.287615299 172 207 220 
1.03231883 0.0661920905 -0.2780689 172 207 218 
1.02123094 0.119344175 -0.359652907 165 199 213 
1.0242877 0.102841824 -0.31660834 159 193 205 
0.980399907 0.120713383 -0.302063733 166 201 210 
1.02643108 0.0899272859 -0.271511674 168 205 216 
1.00811982 0.104582936 -0.261526972 173 211 223 
1.02934623 0.0739812851 -0.228148878 174 205 214 
1.02285028 0.102981478 -0.252172381 167 203 214 
1.02788568 0.0780542791 -0.206349373 180 210 218 
0.984344304 0.140022099 -0.239635885 177 212 222 
1.01890755 0.114998072 -0.204689145 170 203 217 
1.0012958 0.12128526 -0.199333727 174 210 223 
1.02394319 0.0907194018 -0.166092247 182 214 222 
1.01770139 0.118385613 -0.186964035 172 205 219 
1.02678847 0.0750471354 -0.122572877 160 190 203 
0.984831512 0.0716205239 -0.119826384 166 198 213 
1.02713776 0.0716713369 -0.101090305 175 204 214 
0.978865802 0.157050103 -0.177413315 168 201 216 
1.01082468 0.14234376 -0.137480259 149 179 198 
1.02406335 0.0812634826 -0.0665342435 172 202 213 
1.02468514 0.0743282139 -0.0180177614 141 173 189 
1.02440572 0.0751108229 -0.0138875768 142 174 190 
0.95832032 0.193271041 -0.155451864 142 179 194 
1.01066375 0.142897397 -0.136248827 149 179 198 
0.978128374 0.175225616 -0.115087442 170 196 207 
1.00484204 0.161875099 -0.0798587576 165 194 209 
1.01058912 0.134207189 -0.0362528786 151 180 195 
1.00786138 0.136742622 -0.0345738903 153 182 197 
1.0088861 0.141855925 -0.0430579707 154 183 198 
1.01928449 0.0955494344 -0.00588019937 148 180 195 
1.00795317 0.11392504 0.00536105782 161 194 208 
1.01982284 0.0889421105 0.0428239182 151 182 197 
1.01582313 0.107514352 0.0200712457 153 185 200 
0.993624508 0.0647771955 0.0849148855 160 194 211 
1.02033114 0.0851974785 0.0610958412 149 180 195 
0.95641619 0.211164162 -0.093151398 162 197 212 
1.00377011 0.165492982 -0.0708420053 168 198 212 
0.977246225 0.19336611 -0.0527647212 176 208 219 
1.00706363 0.148059934 -0.0283297524 160 189 202 
0.999405682 0.178702891 -0.0172674283 181 211 221 
1.01111007 0.127668291 0.0124903396 153 185 200 
1.00934505 0.130112529 0.0663715079 159 189 204 
1.00792217 0.132271528 0.0677023157 161 191 205 
1.00852728 0.13354668 0.0657420829 159 189 204 
1.00311518 0.108268172 0.107530586 161 192 207 
1.01909828 0.0828055739 0.144280434 147 175 190 
1.01510262 0.100996107 0.125579089 149 178 193 
0.986094415 0.0584687293 0.187025756 162 196 213 
1.01888251 0.0822837055 0.159977555 146 176 192 
0.945946991 0.226984173 -0.0310375169 154 190 207 
0.998836696 0.180385739 -0.00984083861 180 210 221 
0.968337119 0.209563732 0.00938313454 169 203 217 
0.999640524 0.172735244 0.0382665768 153 182 198 
0.982448995 0.190139592 0.0496234521 162 191 204 
1.00834608 0.134037524 0.0686164275 161 191 205 
0.996540964 0.182799727 0.0687269643 169 197 209 
0.999908149 0.148685783 0.129869699 148 173 187 
1.00253892 0.153107166 0.123310007 152 176 190 
1.00503039 0.140773773 0.145982176 154 180 194 
1.0129106 0.102626294 0.20810017 166 193 206 
1.01884341 0.0748229623 0.24468106 176 200 211 
1.02141547 0.0602254272 0.288815171 178 208 219 
0.988356173 0.0316905677 0.32928285 180 209 219 
1.02127934 0.0603338182 0.293853045 179 208 219 
0.943520367 0.244750872 0.0312515572 171 205 217 
0.971028626 0.228569224 0.0717836693 165 196 210 
0.99231869 0.197012782 0.104635395 159 189 202 
0.981122196 0.208172455 0.111936487 155 185 198 
1.00052524 0.160275549 0.136106551 151 177 190 
0.991173804 0.19928515 0.131947607 157 187 199 
1.01920629 0.0644133091 0.343693614 168 197 207 
1.02068543 0.0541101396 0.390283823 156 189 202 
0.983988822 0.0261476338 0.431462616 165 196 208 
1.02024126 0.0553886294 0.396469116 155 188 201 
0.972227991 0.247213557 0.134151727 166 204 219 
0.983400524 0.227681696 0.173272401 162 195 210 
1.00472713 0.125798017 0.326319695 165 194 206 
0.995666564 0.138687521 0.334327072 164 194 206 
0.997542083 0.15767464 0.301964641 162 192 205 
1.00734091 0.111035943 0.370359629 161 192 204 
1.00035882 0.116983443 0.3743622 163 194 206 
1.01193833 0.0884792805 0.409941405 162 196 208 
1.00847173 0.0961072743 0.414471865 165 198 210 
1.01568174 0.0692788064 0.451442808 168 202 213 
1.01059699 0.0930468738 0.42076835 165 199 210 
0.983485758 0.227227673 0.174400121 162 195 209 
0.977866828 0.244991302 0.23497799 163 202 215 
0.998628676 0.149760276 0.340025038 165 194 205 
0.981721699 0.153666288 0.396365225 161 192 204 
0.993755877 0.166333139 0.379573345 160 192 205 
0.980171263 0.130451173 0.436264366 167 200 212 
1.01253939 0.0816262662 0.458505005 171 205 216 
0.974197686 0.106165439 0.476067275 165 196 208 
0.977891028 0.244719133 0.236887604 162 201 214 
0.980981171 0.228085309 0.27985701 157 190 202 
0.983912528 0.212075457 0.323183268 150 182 192 
0.987790406 0.192346364 0.364382327 154 186 198 
1.03105426 0.114619911 -0.36330235 163 200 213 
1.03845811 0.0935721099 -0.323208123 158 192 202 
1.03515339 0.0699323714 -0.28334713 170 204 216 
1.0566659 0.0934933722 -0.220536619 154 185 197 
1.03174233 0.105814755 -0.15873757 164 196 207 
1.03932381 0.0848099887 -0.118639477 157 182 195 
1.01125669 0.142050236 -0.136774808 149 179 198 
1.01761103 0.12074843 -0.0967034474 179 205 217 
1.043859 0.104261786 -0.0561987683 154 182 195 
1.02723217 0.0773974955 -0.0166279897 140 172 188 
1.01030493 0.160173893 -0.0744536147 164 193 208 
1.03427601 0.0974564254 0.045867376 146 176 190 
1.00347543 0.176874846 -0.0122604594 181 211 221 
1.0131433 0.15637508 0.0278830752 146 175 192 
1.05358839 0.0976450145 0.148562908 145 172 187 
1.01251745 0.174577624 0.0902113691 178 206 216 
1.04800749 0.137488037 0.170850307 158 181 195 
1.02595448 0.109310478 0.210302919 163 190 202 
1.04234958 0.0904389918 0.250592977 150 177 191 
1.02789736 0.0641010106 0.290211171 173 201 212 
1.00202274 0.190391511 0.152324706 167 196 206 
1.01566505 0.170853645 0.192554802 158 184 197 
1.00528932 0.145502418 0.232261777 145 173 187 
1.02648735 0.127793521 0.272656441 150 178 191 
1.02448845 0.104469806 0.312545896 161 190 203 
1.03752661 0.0847858191 0.352762848 159 190 202 
1.02746463 0.059510529 0.392476618 156 187 200 
0.983912051 0.227201775 0.174339175 162 195 209 
0.998263061 0.207835495 0.214584708 148 178 193 
1.00874853 0.187533587 0.254746079 157 188 199 
0.999518692 0.162459761 0.294477969 163 193 205 
1.05966711 0.0820097029 0.453534871 129 161 178 
1.05777931 0.090462774 0.446280926 131 163 179 
0.978988945 0.244364142 0.236573845 163 201 214 
0.998170078 0.226166964 0.27692461 157 192 205 
0.997519076 0.203169614 0.316843361 158 187 198 
1.00091743 0.181152284 0.356850415 156 187 199 
1.0579741 0.0886624157 0.457339913 132 164 181 
1.1042335 0.0924586654 0.454321712 132 153 157 
1.10304475 0.0973678827 0.454349726 134 154 159 
1.10278296 0.0981576145 0.457581252 136 155 159 
1.10534215 0.0967142582 0.456514865 136 155 159 
0.804157615 0.10986656 -0.550385296 140 175 188 
0.83856678 0.10830906 -0.502656162 134 168 183 
0.811889768 0.130092084 -0.487875015 138 171 187 
0.840370953 0.102548957 -0.521477461 131 166 181 
0.833215296 0.127887696 -0.474531651 134 165 181 
0.812286675 0.0433146954 -0.430409372 132 164 181 
0.854289651 0.0336450338 -0.394813091 140 174 190 
0.83088547 0.133999079 -0.435479432 131 163 180 
0.791164994 0.143429846 -0.425984472 131 167 185 
0.827870488 0.144262254 -0.411107063 131 164 181 
0.82231611 0.163178414 -0.36630702 134 167 186 
0.814117432 0.167339325 -0.36314261 135 169 188 
0.821558952 0.165422052 -0.356479168 134 168 187 
0.815101743 0.187303394 -0.303177655 139 174 193 
0.86101526 0.100788772 -0.509213924 131 166 180 
0.884032845 0.110730559 -0.453977436 129 161 177 
0.86871016 0.121005237 -0.446704388 131 163 179 
0.887405634 0.100695223 -0.497307509 127 160 174 
0.881956279 0.117587268 -0.434834331 130 162 177 
0.878855765 0.126580715 -0.392428696 129 162 178 
0.864042938 0.138229638 -0.384464085 130 165 182 
0.876650929 0.133766264 -0.371050239 133 167 184 
0.934803545 0.0968004763 -0.467134267 124 153 170 
0.934844315 0.0968416035 -0.469461173 123 153 170 
0.92974323 0.112192154 -0.405847788 136 166 180 
0.928568423 0.112653702 -0.4054676 135 166 180 
0.929628313 0.112578392 -0.404864341 136 166 180 
0.923723161 0.131726742 -0.346538752 149 183 198 
0.938490212 0.0967012346 -0.467593402 126 155 172 
0.979145706 0.103638232 -0.415929705 152 185 197 
0.981894076 0.0949129462 -0.445153445 153 187 197 
0.97548908 0.116535902 -0.391377002 154 187 200 
1.02705789 0.100940287 -0.422662258 141 175 188 
1.02740312 0.100611627 -0.434866935 140 174 188 
1.03116703 0.0819791257 -0.400615245 156 187 197 
1.02220273 0.116271317 -0.370128304 163 199 212 
1.03516436 0.0972606838 -0.425554723 134 167 180 
-0.287682414 0.44230178 -0.0924929455 161 218 246 
-0.243158594 0.452917486 -0.0916107148 157 213 246 
0.819949627 0.0631127357 -0.839341938 147 171 179 
0.81859529 0.0399450958 -0.799438477 84 110 130 
0.826193094 0.0372982621 -0.696998119 151 187 196 
0.820001304 0.0129597187 -0.657200098 162 199 209 
0.867642045 -0.00144338608 -0.61791265 144 185 201 
0.857430756 -0.000820577145 -0.6164518 146 186 201 
0.864816248 0.0117883086 -0.635210752 161 201 212 
0.871520281 -0.0211736858 -0.576714337 202 231 238 
0.86986953 -0.0206496418 -0.576247931 203 231 239 
0.871672332 -0.0221525133 -0.57281816 202 231 238 
0.797076166 0.117124289 -0.755089283 118 146 158 
0.843836665 0.105569571 -0.714155674 126 156 167 
0.843823254 0.105627894 -0.714188218 126 156 167 
0.843860745 0.105442137 -0.713846684 127 156 167 
0.86057502 0.0308167934 -0.651944518 173 209 216 
0.849312901 0.0784516633 -0.664230764 144 173 183 
0.849374056 0.0155834258 -0.554285407 117 146 163 
0.866176665 -0.00466898084 -0.51479125 162 189 198 
0.863819659 -0.0037599504 -0.514037788 160 187 196 
0.866094649 -0.00462520123 -0.511512637 162 189 198 
0.843822598 0.105624765 -0.714124084 126 156 167 
0.845320761 0.0907545686 -0.617662847 129 159 173 
0.801986396 0.0909870267 -0.612774491 130 162 177 
0.844296038 0.0932026207 -0.597821832 131 163 176 
0.821385086 0.0271628201 -0.492553115 133 163 179 
0.861155093 0.0105702877 -0.453591913 151 182 196 
0.858357847 0.0132719874 -0.45181483 148 179 193 
0.860632122 0.0123316944 -0.449158818 149 180 194 
0.841224253 0.102358997 -0.55854243 133 166 179 
0.911645174 0.0112181306 -0.615860343 194 223 230 
0.910266876 0.017776072 -0.625455618 193 223 230 
0.916663706 -0.0129926503 -0.577224672 163 193 202 
0.916510999 -0.013135165 -0.568632245 159 189 199 
0.8440997 0.105666131 -0.714132071 127 156 167 
0.90409869 0.0453620553 -0.648814738 177 209 216 
0.89528656 0.0818505287 -0.649716556 142 172 183 
0.912256479 -0.00016734004 -0.517405987 154 186 197 
0.911002934 0.00404757261 -0.506693304 154 187 197 
0.88966614 0.102071345 -0.616379619 139 172 185 
0.893045127 0.0843026042 -0.574059367 147 178 190 
0.886291564 0.0885526538 -0.571005225 144 175 187 
0.891959131 0.0882379413 -0.567933083 144 175 187 
0.907864392 0.012598753 -0.457621187 163 195 204 
0.907218575 0.012697041 -0.429068089 166 199 209 
0.887889504 0.100068599 -0.512558758 130 164 178 
0.956865132 0.0190982819 -0.616542697 153 179 188 
0.955302298 0.0258196294 -0.619479537 154 182 190 
0.928025901 -0.00657328963 -0.574981213 169 197 205 
0.957363069 0.0156176984 -0.600725591 162 186 193 
0.929729164 0.0807124972 -0.63240099 132 165 175 
0.950474322 0.0442095995 -0.602180183 131 157 165 
0.930849493 0.0581438243 -0.592443645 133 162 169 
0.921352088 0.0330052078 -0.552717566 178 212 219 
0.92907089 0.0120336711 -0.512616456 172 202 209 
0.945773065 0.0581904352 -0.541700661 176 207 213 
0.937410414 0.0942230523 -0.55817306 149 182 193 
0.952035487 0.0290918648 -0.505860507 190 217 222 
0.955812395 0.00976002216 -0.464434296 184 215 223 
0.936430156 0.0949011147 -0.520703793 137 169 180 
1.00098062 0.0223350823 -0.514914513 194 216 224 
0.993474543 0.0276221335 -0.51121366 194 215 222 
0.999129355 0.0297604501 -0.512436032 195 215 223 
0.999556363 0.0276465118 -0.508550048 193 213 221 
0.968302429 0.0855629742 -0.529285967 142 172 184 
0.986696661 0.0812226832 -0.513512492 138 169 181 
0.970475137 0.0404092073 -0.449372709 186 221 227 
0.991689503 0.0565063953 -0.468077153 179 212 218 
0.983982861 0.0891236365 -0.476714551 148 179 189 
0.988203228 0.0680488944 -0.436285168 179 214 221 
1.01432514 0.073862642 -0.48835057 134 162 172 
1.02942729 0.0916303992 -0.427987069 139 174 188 
-0.950210333 0.257635117 -0.0677887127 156 194 209 
-1.05834031 0.0988716185 0.171873242 173 204 216 
-1.05561769 0.0836815536 0.21566838 191 220 228 
-1.06873679 0.082762748 0.268967748 202 229 233 
-1.0592072 0.0953077376 0.251274526 202 232 238 
-1.04956579 0.0509185195 0.301895797 184 221 233 
-1.05999398 0.0620390475 0.309091151 205 235 242 
-1.04941702 0.0468420684 0.340367734 181 220 228 
-1.05950892 0.0944794714 0.274327487 192 224 231 
-1.05707836 0.080437392 0.31877926 202 235 244 
-1.01188874 0.101912439 0.168422997 180 216 226 
-1.03163433 0.114582926 0.229842931 188 225 236 
-1.017869 0.121653646 0.223605782 180 220 232 
-1.00420594 0.0627410114 0.250985056 168 204 216 
-0.998922586 0.0374895632 0.289025575 191 229 241 
-0.998591304 0.0316959918 0.338195056 173 210 222 
-1.04028773 0.0439689755 0.34945333 174 215 223 
-0.998978674 0.0287264585 0.388979822 219 244 245 
-1.00226617 0.0303319991 0.390214473 220 245 246 
-0.997659504 0.0216083229 0.407516688 210 236 239 
-1.01838064 0.122929007 0.232926667 179 218 230 
-1.01506412 0.10540548 0.275387198 187 227 235 
-1.0109427 0.0847192705 0.316038817 188 226 234 
-1.01289713 0.0879072845 0.370345354 186 218 228 
-1.00879514 0.0672977865 0.411040872 186 218 227 
-0.989986837 0.223874286 -0.0294257179 153 191 204 
-0.98739028 0.209180012 0.0146530047 160 200 213 
-0.98441267 0.192988336 0.0578752533 171 210 221 
-0.984299779 0.188052893 0.107535608 161 197 210 
-0.983452797 0.171924621 0.151026517 162 198 215 
-0.983313084 0.181575805 0.13421461 161 197 212 
-0.985033929 0.148702085 0.190925002 162 200 215 
-0.990679622 0.010296613 0.430399746 194 221 229 
-0.944856942 -0.00735419989 0.468120247 156 186 195 
-0.963014483 -0.00584706664 0.470935374 167 200 209 
-0.940870762 -0.0275086462 0.509075999 176 204 214 
-0.954751432 -0.026686877 0.511048317 185 214 222 
-0.939916193 -0.0332579911 0.529138327 167 196 207 
-0.981779754 0.173659354 0.151786327 161 197 214 
-0.978389084 0.155844897 0.194080442 156 194 210 
-0.974992514 0.138007015 0.236361116 155 195 212 
-0.971849799 0.121166587 0.279212356 163 203 217 
-0.968331575 0.102850825 0.321219772 150 188 203 
-0.967187881 0.0938650668 0.368563473 143 176 191 
-1.00851727 0.070012778 0.412487268 183 215 225 
-0.96639818 0.0877545178 0.400209486 143 174 190 
-1.00128865 0.0489226282 0.45257768 177 212 218 
-0.995958447 0.0273729265 0.492626756 124 152 162 
-0.948477387 0.00237959623 0.526170731 170 198 207 
-0.952687383 0.0198800266 0.524981439 169 198 207 
-0.944314837 -0.0184678733 0.566730082 166 194 203 
-0.964507759 -0.0106942952 0.573177695 169 199 206 
-0.949671626 0.0049507916 0.552425504 169 197 205 
-0.945408046 -0.0161559284 0.591225445 196 222 226 
-0.965853095 0.0841286182 0.415477872 145 176 192 
-0.965376019 0.0777623057 0.464319795 139 173 188 
-0.96636045 0.0757307708 0.515680432 176 207 217 
-0.9660303 0.0758487582 0.515620947 176 207 217 
-0.965728581 0.0743550658 0.518366814 175 206 216 
-0.950752139 0.00682583451 0.581196904 157 184 192 
-0.966029942 0.0758398473 0.515703499 176 207 217 
-0.947375894 0.242006153 -0.0242445879 172 208 220 
-0.942936957 0.220072612 0.0156936049 174 210 221 
-0.93958956 0.202428102 0.0580849126 162 201 215 
-0.936041653 0.183995575 0.100025527 157 199 215 
-0.932826519 0.166870683 0.142714053 163 201 216 
-0.977528095 0.173358649 0.151155561 161 197 214 
-0.929049909 0.147539765 0.184140801 154 196 212 
-0.961870015 0.154308766 0.191429555 157 196 211 
-0.930212021 0.149690837 0.213590294 151 191 208 
-0.898100078 -0.00102087855 0.414069921 163 197 207 
-0.895877779 -0.0142447054 0.45898971 163 196 205 
-0.896248698 -0.0172791779 0.509737313 148 180 192 
-0.893883407 -0.0301517844 0.544190645 145 180 194 
-0.930185139 0.147508591 0.236606151 141 180 200 
-0.927299798 0.131679356 0.280035704 145 180 196 
-0.924840152 0.117522925 0.324422061 146 181 198 
-0.940413117 0.109336823 0.374037713 148 182 196 
-0.92563051 0.116925269 0.367347926 153 187 201 
-0.942508042 0.0174703896 0.53372395 169 197 206 
-0.893642664 -0.0320105851 0.553794801 145 181 195 
-0.925516725 0.115689486 0.375856578 155 189 203 
-0.922212958 0.0982164443 0.418346018 148 180 193 
-0.922305882 0.0940897167 0.468468815 137 168 184 
-0.920118928 0.0810049474 0.513468206 136 168 182 
-0.965662897 0.0758995712 0.515695632 176 207 217 
-0.953915298 0.0559031963 0.55588448 159 189 199 
-0.918686509 0.0724649727 0.542603672 142 175 189 
-0.928049624 0.0393239558 0.59638083 139 169 181 
-0.91092211 0.0340276659 0.613261998 154 184 195 
-0.917835236 0.0675398409 0.55824995 147 180 193 
-0.915670156 0.054540962 0.603298306 146 178 191 
-0.884392202 0.162121058 0.134808034 133 174 195 
-0.884152174 0.156686097 0.184182614 139 178 197 
-0.883526444 0.149735749 0.232690513 143 179 196 
-0.885526359 0.149947375 0.233025402 143 179 196 
-0.883597195 0.149915665 0.23393926 142 179 196 
-0.851066768 -0.00475767255 0.4592264 145 177 192 
-0.84858197 -0.0190126598 0.503556371 149 181 193 
-0.850201249 -0.015408963 0.537851512 137 167 182 
-0.883152664 0.143774897 0.281764358 137 176 194 
-0.882191658 0.135507077 0.329518735 139 180 197 
-0.882761359 0.135692865 0.353610158 133 172 189 
-0.851465642 -0.0121738017 0.559951067 136 165 180 
-0.882843137 0.133575201 0.380896926 129 167 184 
-0.880873322 0.121343434 0.426384121 137 175 191 
-0.878749073 0.1085051 0.471524328 142 176 190 
-0.895601213 0.0928575397 0.517221689 137 170 183 
-0.877953827 0.101808816 0.509423852 140 173 186 
-0.877455831 0.098931849 0.518532097 140 174 187 
-0.872798622 0.0761405826 0.557979703 137 170 184 
-0.870774806 0.0636967719 0.603345573 141 171 184 
-0.835381806 0.15061605 0.175521374 134 175 197 
-0.833764613 0.139769971 0.221801072 133 176 197 
-0.83638972 0.147206634 0.259681582 139 180 199 
-0.804064333 -0.00388100743 0.454538375 151 185 199 
-0.805726886 -0.0018401444 0.508188784 145 173 187 
-0.805890977 -0.003775388 0.537228107 134 163 177 
-0.837743521 0.150911957 0.280656964 142 182 200 
-0.83600992 0.139608473 0.326675057 134 174 193 
-0.836986542 0.140076131 0.366314888 140 178 196 
-0.806117356 -0.00479766726 0.558980405 135 163 176 
-0.837417841 0.140648812 0.379753262 144 183 199 
-0.835602939 0.129025847 0.425588638 138 174 192 
-0.834007502 0.118265033 0.471917123 152 189 202 
-0.830678701 0.100693554 0.514350295 143 175 188 
-0.864958882 0.100274295 0.517889142 140 172 185 
-0.829184175 0.0913663208 0.549382329 143 178 191 
-0.828584611 0.0879735649 0.559558153 145 181 194 
-0.82504791 0.0695851147 0.601523936 159 191 203 
-0.788544059 0.147647798 0.221117347 139 181 203 
-0.787381589 0.138588309 0.268418938 144 186 207 
-0.8107301 0.145211488 0.274587572 143 183 203 
-0.788474083 0.140991807 0.291868418 142 184 205 
-0.760079861 0.00436201692 0.506546676 148 181 195 
-0.758863807 -0.00490781665 0.553727925 151 183 195 
-0.773339093 -0.00561711192 0.554932714 146 176 188 
-0.759019196 -0.00482276082 0.559915781 152 183 195 
-0.789460123 0.142263412 0.323004097 142 182 201 
-0.78886205 0.135421753 0.371574134 136 175 196 
-0.817157269 0.139170051 0.376722425 139 177 196 
-0.789690077 0.136926383 0.392867208 137 176 196 
-0.78980571 0.134637743 0.423608929 144 183 202 
-0.788447917 0.124811023 0.47047165 145 181 197 
-0.786369443 0.112152249 0.515714645 148 181 196 
-0.784767687 0.102473944 0.54972589 141 175 191 
-0.78403759 0.098498106 0.560388267 139 174 190 
-0.77938509 0.0757254064 0.599846482 158 193 206 
-0.75149864 0.132222444 0.418085545 136 177 198 
-0.773517251 0.0995673239 0.559813857 140 175 191 
-0.76822865 0.078007549 0.599861979 154 190 203 
0.0844723284 0.0125249922 0.575254619 157 199 220 
0.0386354923 0.00706851482 0.577323258 162 206 226 
0.0846595615 0.00729742646 0.624747932 162 200 219 
0.0520529449 0.00206235051 0.625483155 165 205 222 
0.0392974243 0.000220805407 0.623027205 166 207 224 
0.088854 -0.0136753917 0.665235579 163 203 220 
0.0833151042 -0.0132106841 0.666097045 165 205 221 
0.0887619853 -0.0136618316 0.669309556 164 204 221 
0.039277494 5.40316105e-05 0.62579453 165 206 223 
0.0384022593 -0.000998735428 0.677675545 169 206 221 
0.0859914124 -0.0069193244 0.721583009 168 207 223 
0.0568557531 -0.00126096606 0.727862716 172 210 226 
0.0367769673 0.00261339545 0.712154388 170 209 225 
0.0844319165 -0.00231084228 0.741968751 171 211 226 
0.0356090814 0.00548458099 0.73386693 170 206 223 
0.0809901357 0.00824007392 0.782736599 177 214 227 
0.0335002393 0.00927892327 0.788520277 182 214 228 
0.130561322 0.0204865932 0.533772171 149 190 214 
0.131012976 0.0152159929 0.571604311 149 189 212 
0.131048009 0.0105865002 0.621439695 150 191 212 
0.100053892 -0.00915917754 0.666461647 162 203 220 
0.130953908 0.00845834613 0.649408877 155 197 217 
0.131310076 0.00506493449 0.670764744 157 200 220 
0.134180486 -0.0107054412 0.714228034 170 207 224 
0.129895538 0.00361290574 0.751841605 178 215 228 
0.128682509 0.00640571117 0.77649796 176 214 229 
0.174636602 0.0332830846 0.531011045 136 177 202 
0.176106334 0.0235936642 0.57120651 136 180 207 
0.176890492 0.0160206258 0.619358301 147 190 216 
0.180872768 -0.00411853194 0.660322785 152 193 218 
0.142727822 0.00116977096 0.667391181 155 199 219 
0.181628317 -0.0114136636 0.706701398 162 201 221 
0.181441069 -0.0108432472 0.708959758 163 202 222 
0.178575575 -0.00407585502 0.765313506 169 209 228 
0.153287143 -0.000760227442 0.76989609 173 212 229 
0.177617252 -0.00164180994 0.782263517 166 207 226 
0.17285794 0.0138983428 0.828077197 168 209 228 
0.228703797 0.00670042634 0.507114112 140 183 208 
0.222018689 0.0297097266 0.558342099 127 167 195 
0.221902192 0.0292112529 0.56923002 129 169 195 
0.226144135 0.00805172324 0.609610975 151 190 213 
0.227387607 -0.00132602453 0.656730473 149 192 217 
0.22789371 -0.00780639052 0.705507219 157 204 223 
0.186491162 -0.0110774636 0.708277404 162 201 222 
0.227230757 -0.00617700815 0.717837334 159 206 225 
0.199182063 0.122591466 0.574650884 163 205 221 
0.223828942 0.00367331505 0.764556229 160 202 221 
0.223640054 0.00151374936 0.797225058 167 208 226 
0.222867727 0.00295832753 0.816630542 167 209 227 
0.223350614 -0.00343093276 0.865459263 173 211 227 
0.225212991 -0.0152404606 0.911187947 170 211 225 
0.277657539 -0.00430461764 0.544871032 124 171 203 
0.273752123 -0.00382471085 0.545561254 125 172 204 
0.277548611 -0.0041141808 0.547756672 124 171 203 
0.229568779 0.0266748667 0.56700778 129 169 196 
0.274974763 0.00174483657 0.600814283 142 186 213 
0.238692641 0.00604334474 0.607139528 150 190 214 
0.274247259 0.00214400887 0.629777789 141 186 214 
0.273914427 0.00141936541 0.653111279 143 189 217 
0.273782045 -0.00255233049 0.703322828 158 203 223 
0.272279441 0.00180101395 0.723933816 161 205 224 
0.245276719 0.125391334 0.590266168 151 192 211 
0.268701524 0.0129186213 0.764654696 164 202 221 
0.270309627 0.00210812688 0.810954809 167 203 220 
0.254286438 0.000846117735 0.812029004 169 207 224 
0.270582974 0.000114411116 0.82055974 170 207 224 
0.270432204 -0.00286534429 0.860593259 172 214 229 
0.271636099 -0.0120875835 0.907801807 171 216 230 
0.328001797 -0.012806505 0.49097231 133 177 209 
0.328057766 -0.0167789757 0.532546759 128 173 207 
0.324413776 -0.00512894988 0.570384324 126 172 206 
0.323512197 -0.00341013074 0.592676401 132 177 208 
0.322930187 -0.00561517477 0.643898368 147 192 214 
0.297083169 -0.00266343355 0.648344338 144 190 216 
0.322205931 -0.00428393483 0.662356377 151 196 216 
0.320813298 -0.00178918242 0.698569894 153 197 216 
0.317799211 0.00744664669 0.734317899 155 197 216 
0.290371954 0.133138597 0.596786916 157 203 220 
0.315706939 0.0137833059 0.759959757 158 197 215 
0.317011476 0.00416558981 0.806942105 156 196 214 
0.318364322 -0.00543576479 0.851524711 170 211 226 
0.28877601 0.13756898 0.620826781 165 211 226 
0.287041485 0.13989237 0.674638867 172 218 234 
0.318374187 -0.00568071008 0.853793561 171 211 227 
0.319187164 -0.0133669078 0.901880622 169 212 226 
0.376642972 -0.0221215189 0.524301589 138 184 216 
0.368265897 -0.0221421421 0.525210917 137 182 215 
0.3765333 -0.0220700204 0.528763592 139 184 217 
0.373161197 -0.0129326284 0.582040489 150 192 214 
0.352958024 -0.00749334693 0.587219477 142 186 211 
0.371825278 -0.00884798169 0.597983301 154 195 214 
0.370791554 -0.00811356306 0.637279928 153 193 212 
0.370748907 -0.0124378502 0.687289834 165 203 218 
0.361128956 -0.010001421 0.689672351 163 202 217 
0.370244622 -0.0111079514 0.695663154 164 203 218 
0.366913259 -0.00185826421 0.745824039 160 197 214 
0.347743243 0.00511267781 0.751722693 158 195 214 
0.36638397 -0.00208055973 0.772593796 160 198 215 
0.33728224 0.132536769 0.612759113 156 198 213 
0.325337887 0.132242829 0.613911748 157 200 215 
0.337002128 0.133287519 0.617275417 154 197 212 
0.365279168 7.06613064e-05 0.799410522 157 199 216 
0.365077645 -0.00362938643 0.849777341 171 211 225 
0.322090387 -0.0055822134 0.853438795 171 212 227 
0.367406607 -0.0172278881 0.893964171 162 205 223 
0.334703267 0.1381782 0.668469012 153 195 214 
0.367421329 -0.0173301399 0.894424379 162 205 223 
0.426258862 -0.0271600783 0.465357274 141 182 212 
0.429151595 -0.0428802669 0.507239103 127 170 200 
0.423631787 -0.0242396295 0.553514183 143 186 209 
0.422281981 -0.0203795731 0.572591722 147 188 210 
0.418301463 -0.00793686509 0.617070675 156 198 215 
0.418044865 -0.00822278857 0.632027984 153 195 212 
0.417459667 -0.0104151666 0.683257282 161 200 215 
0.415878028 -0.00602462888 0.70708096 157 195 212 
0.387343019 0.125151545 0.559468448 155 193 211 
0.414729327 -0.00417873263 0.739307344 152 190 210 
0.412536114 0.000434726477 0.78873235 158 198 216 
0.381327808 0.145031571 0.614716113 171 210 223 
0.381253898 0.145210415 0.6161201 171 210 224 
0.412073761 0.00176385045 0.7951895 160 200 218 
0.412602752 -0.00480660796 0.843914568 169 207 222 
0.417041361 -0.0267387629 0.883853614 157 198 215 
0.367628545 -0.0173998773 0.894363642 162 205 223 
0.413868308 -0.0162451565 0.912919998 142 182 203 
0.380067825 0.145490348 0.667461753 157 196 215 
0.383154362 0.128870875 0.710439324 147 182 204 
0.471960485 -0.0224142075 0.477395386 142 187 210 
0.471564412 -0.0239699781 0.512865484 144 187 208 
0.468485296 -0.0152955949 0.557834864 146 190 208 
0.467798591 -0.0136648417 0.57124275 149 192 209 
0.46502322 -0.00725153089 0.62739408 151 192 210 
0.447938681 -0.00734373927 0.629221261 152 193 211 
0.464734018 -0.00680950284 0.635760665 151 192 210 
0.463805318 -0.00695800781 0.680045128 153 193 209 
0.4615646 -0.00120466948 0.718982816 148 187 207 
0.432955086 0.130340546 0.570691884 150 189 209 
0.460048854 0.00331020355 0.738401234 147 185 207 
0.460166872 -0.00164535642 0.788050115 153 194 214 
0.423982024 0.000725895166 0.793316305 159 199 218 
0.460340559 -0.00522962213 0.819907248 164 201 217 
0.429373443 0.141808957 0.60768348 151 192 212 
0.432030737 0.126875967 0.651625693 148 186 208 
0.419069588 0.132090062 0.655886352 150 187 209 
0.431091964 0.129478961 0.665801167 146 184 206 
0.460160255 -0.0061109364 0.837979078 169 203 217 
0.464829564 -0.0289497674 0.877399564 162 196 212 
0.459105432 -0.00920000672 0.920731425 150 187 203 
0.427675366 0.139497608 0.711327851 138 174 196 
0.455515623 0.00315535069 0.948245287 143 178 195 
0.515905857 -0.00897455215 0.473451883 152 195 212 
0.513548434 -0.00337484479 0.519455492 150 195 212 
0.512497425 -0.00218614936 0.554498374 144 188 205 
0.512045085 -0.00195971131 0.572748125 143 186 203 
0.510391653 4.53293324e-05 0.626378059 150 190 207 
0.509992242 0.000130683184 0.643764973 150 190 207 
0.507975817 0.00504598022 0.681721389 154 190 206 
0.505907118 0.0102690756 0.718653202 152 189 205 
0.477272511 0.141938239 0.570134461 150 191 214 
0.505061328 0.0120059252 0.738185346 150 187 203 
0.507073462 -0.000392049551 0.783577502 153 190 207 
0.506358802 -0.00205132365 0.834827006 157 192 209 
0.474424064 0.150354832 0.607381821 145 185 208 
0.47801882 0.131738245 0.649217248 142 184 206 
0.476550281 0.135428756 0.675626159 133 173 194 
0.506356955 -0.0020685792 0.835101664 157 192 209 
0.508414209 -0.0146438479 0.880392432 154 187 202 
0.505634904 -0.00821515918 0.936552525 151 183 195 
0.502419829 -0.00761434436 0.937232614 150 183 195 
0.505486012 -0.00781568885 0.93894887 151 182 195 
0.47438705 0.141516656 0.707293212 119 156 178 
0.559012473 0.00354662538 0.518224776 146 188 206 
0.557777286 0.00464740396 0.562698781 140 180 199 
0.557043016 0.00679314137 0.5725649 142 181 199 
0.556038141 0.00624975562 0.624737203 142 181 199 
0.555716157 0.00476637483 0.656005502 149 189 204 
0.555263758 0.00480079651 0.676391721 151 190 205 
0.553707778 0.0064227283 0.729802549 147 179 196 
0.54186815 0.0109054148 0.733542085 146 179 196 
0.557233393 -0.0119220614 0.771793365 154 186 201 
0.550257444 -0.00990384817 0.773657799 154 186 201 
0.556971729 -0.0115340352 0.779495656 154 185 200 
0.527092457 0.128968239 0.589960217 149 185 206 
0.510892928 0.135961324 0.595544457 144 181 203 
0.525818646 0.132602483 0.608058453 143 179 201 
0.555548549 -0.00979354978 0.825493872 156 188 203 
0.506680727 -0.00209724903 0.835050523 157 192 209 
0.556577027 -0.0183264315 0.873096704 153 187 201 
0.545998812 -0.0154204071 0.875839889 155 187 201 
0.555724204 -0.0154432356 0.880207241 154 187 200 
0.524405241 0.135035187 0.645913482 139 179 201 
0.522263348 0.140118092 0.687768102 132 167 190 
0.550552011 0.00085529685 0.936550856 146 181 196 
0.55026716 0.00148692727 0.942610383 149 184 199 
0.517871976 0.156214446 0.710510194 130 168 191 
0.518454492 0.149433643 0.7591151 121 155 176 
0.604772925 0.013071537 0.474449724 144 187 205 
0.603567064 0.0140409768 0.519037604 142 183 200 
0.601637244 0.018509835 0.557978034 141 180 199 
0.600010574 0.0235235095 0.576944411 142 181 199 
0.600969195 0.0152650774 0.624704123 144 181 199 
0.600838959 0.0123769939 0.662777424 151 185 201 
0.599939346 0.0148198903 0.676932752 148 182 198 
0.604245186 -0.0065907836 0.71716994 153 185 199 
0.606868804 -0.021391362 0.761187911 159 192 205 
0.610904813 -0.0417414904 0.802031636 179 215 225 
0.582482457 -0.0249438286 0.81429261 155 188 202 
0.608895659 -0.0375919342 0.848159552 162 195 206 
0.573523998 0.132087857 0.586555004 140 181 204 
0.571842611 0.135751992 0.62303108 130 169 194 
0.608202279 -0.0356144309 0.858019292 162 195 206 
0.603793383 -0.0224184692 0.913792014 138 166 180 
0.570495188 0.139496893 0.643275917 135 173 197 
0.574883938 0.117760688 0.68332696 136 172 192 
0.534825921 0.137268275 0.698340714 134 167 190 
0.571549475 0.12711826 0.732427776 133 169 187 
0.602054119 -0.0159488618 0.921750188 142 169 182 
0.595023751 0.0109104216 0.94604969 162 189 199 
0.569749832 0.133442104 0.744779229 132 167 185 
0.569464743 0.130070359 0.795333862 129 166 186 
0.648725748 0.0264742672 0.47057417 157 193 209 
0.647766113 0.0259327292 0.520649672 142 180 197 
0.646993577 0.0249647796 0.566874444 135 172 191 
0.646800756 0.0252339542 0.572733223 135 172 191 
0.648228765 0.0151311755 0.619438052 143 178 195 
0.650400639 0.00210574269 0.664471328 138 170 188 
0.613775849 0.00995618105 0.672766447 149 182 198 
0.65570426 -0.0232255161 0.70246613 150 182 196 
0.614700854 -0.0126597583 0.71271956 155 187 201 
0.657375932 -0.0342855453 0.74862355 180 209 217 
0.635729849 -0.0304096639 0.753110588 175 208 217 
0.65656215 -0.0324884951 0.766014874 183 213 221 
0.654511929 -0.0275240839 0.8049739 179 211 219 
0.657521665 -0.0438418388 0.848124087 178 209 219 
0.616322577 -0.0395928919 0.854962707 167 200 211 
0.659521997 -0.0561935604 0.893542647 174 207 222 
0.64605695 -0.0552356541 0.895543337 178 212 226 
0.659241259 -0.0558360517 0.902459681 183 217 230 
0.619425714 0.137289435 0.584340632 124 163 188 
0.617493987 0.140746266 0.634612501 124 162 186 
0.622845948 0.114866793 0.67648232 126 161 182 
0.617382944 0.1160568 0.677729964 125 160 181 
0.620408297 0.12631923 0.661133409 124 160 183 
0.624582708 0.105654091 0.699121654 134 166 186 
0.653631508 -0.0330484509 0.906780541 175 208 220 
0.647248685 -0.0065523684 0.905387998 172 205 213 
0.617311418 0.141105026 0.639006197 125 162 185 
0.626129329 0.0974736512 0.719017446 142 173 190 
0.581082642 0.125624567 0.739281237 131 167 186 
0.62660253 0.0911226273 0.767868102 142 176 192 
0.604452312 0.108441204 0.779723227 138 172 189 
0.628451943 0.0793639421 0.813625872 136 169 183 
0.616939485 0.0886237919 0.819928229 134 168 183 
0.62703073 0.0834504664 0.83346343 133 165 181 
0.645347476 -0.000498354435 0.925397754 172 203 210 
0.640020311 0.019146353 0.951672196 184 213 218 
0.624174654 0.0916788876 0.873152554 156 186 200 
0.695024669 0.0282630324 0.488048166 142 178 195 
0.691946208 0.0378990471 0.522304416 140 176 193 
0.696300626 0.0162975192 0.562432528 141 177 194 
0.65272665 0.0238697827 0.571339965 134 170 189 
0.696544111 0.010849148 0.611799479 134 169 185 
0.694987297 0.0112588406 0.612193406 134 169 185 
0.696521699 0.0107673705 0.613735437 134 169 185 
0.70595926 -0.0351290405 0.690468431 139 166 179 
0.699006677 -0.0334479511 0.692146897 135 162 176 
0.704269826 -0.0275891125 0.684245288 134 161 176 
0.705978632 -0.0360485613 0.699796081 141 167 180 
0.69746989 0.00271958113 0.659632981 139 171 187 
0.703479946 -0.0298790634 0.745954394 172 199 208 
0.701111078 -0.0220368207 0.767564058 159 190 201 
0.666033804 0.14152655 0.56041503 116 153 178 
0.69771874 -0.0117336214 0.808815837 177 206 213 
0.702753603 -0.036008507 0.84741497 179 211 217 
0.668324172 -0.0498460233 0.89602834 185 216 230 
0.69972229 -0.0252462029 0.866989255 205 235 237 
0.66533947 0.142443627 0.58209914 117 153 177 
0.669218242 0.122711092 0.623296261 122 157 177 
0.620807111 0.139725417 0.637871623 124 161 185 
0.671717823 0.108397752 0.667592824 129 163 180 
0.676739991 0.0841727257 0.706220448 148 180 194 
0.629547834 0.0961613953 0.717927933 142 173 190 
0.676853061 0.0792364776 0.755880296 140 168 184 
0.668583274 0.082769841 0.7587111 141 169 185 
0.676285863 0.0806893408 0.765776038 140 168 184 
0.691671312 0.0045247376 0.905787528 173 204 212 
0.677765369 0.0711600482 0.803744137 139 171 187 
0.67721653 0.0688248575 0.854891658 148 178 192 
0.667559326 0.0780361593 0.860963643 147 177 191 
0.680502057 0.0514232814 0.897421956 163 194 203 
0.673144579 0.056548208 0.901018322 161 191 200 
0.684998035 0.0292656124 0.937231898 192 218 224 
0.681727886 0.043664366 0.927363634 184 211 218 
0.6833812 0.0354795754 0.942409515 198 223 228 
0.682520866 0.0389989913 0.942798972 196 222 227 
0.742231369 0.0258767307 0.510238707 136 169 186 
0.740136921 0.0266728699 0.510901928 136 169 186 
0.742118239 0.0261179507 0.512753785 136 169 186 
0.741439283 0.0244974196 0.561933041 136 168 184 
0.745491087 0.00408509374 0.602741301 142 173 187 
0.749527156 -0.0162655413 0.643584847 147 178 191 
0.724242091 -0.00450006127 0.652763605 139 170 186 
0.751298368 -0.0277168155 0.689518392 162 191 199 
0.751293123 -0.0293864906 0.708311677 163 191 200 
0.750145972 -0.0276806653 0.742022336 167 194 202 
0.746475995 -0.0156241953 0.776538253 152 182 192 
0.718627393 0.11862275 0.563285232 120 157 177 
0.682188272 0.136228323 0.576866627 111 148 171 
0.722881615 0.097415179 0.603638709 135 169 186 
0.686694145 0.114479065 0.616897762 123 158 177 
0.720764875 0.101572394 0.654624104 136 171 186 
0.728841364 0.0104813576 0.817480564 177 202 206 
0.738177419 0.0153726339 0.813082933 170 195 200 
0.74793005 -0.0279572904 0.846830368 153 186 195 
0.739438236 0.00913101435 0.824556768 172 200 204 
0.744138539 -0.0141375065 0.86733079 192 227 230 
0.720656753 0.101665467 0.658552825 137 172 187 
0.725066304 0.0798472166 0.698557019 140 171 187 
0.728813052 0.0606336296 0.740050852 157 184 199 
0.724382222 0.0735799372 0.799607337 172 203 213 
0.7350775 0.0270353854 0.825800478 162 190 197 
0.735322595 0.0215806067 0.875163853 162 190 198 
0.725443244 0.0280129015 0.879748523 162 188 197 
0.731310666 0.0392811596 0.862658024 152 181 192 
0.724344552 0.073699683 0.800007284 172 203 213 
0.727471173 0.0569227636 0.842894673 151 185 197 
0.688088536 0.0373254716 0.941276789 192 218 224 
0.793110669 0.0115201771 0.496837944 146 179 194 
0.794886649 5.00977039e-05 0.542760849 140 173 188 
0.774982393 0.0122670829 0.551593959 139 170 185 
0.796973646 -0.0126420557 0.587984622 149 180 190 
0.778990686 -0.00960254669 0.591614187 142 173 184 
0.797177792 -0.0154622793 0.609951973 158 188 198 
0.796625793 -0.0157669187 0.638680577 172 201 209 
0.796913207 -0.0213880837 0.687948704 155 188 198 
0.796083272 -0.0201286972 0.712055564 167 207 216 
0.769586563 0.103952378 0.549704969 131 166 184 
0.747259855 0.11078462 0.555875063 132 168 187 
0.770237684 0.097733587 0.588917613 129 165 183 
0.793389082 -0.0120327771 0.745782733 156 191 200 
0.790752113 -0.00382176042 0.775604486 128 155 167 
0.770514667 0.095813781 0.597533286 127 163 181 
0.774492145 0.0756935775 0.638508618 134 169 185 
0.724209189 0.100719482 0.657647848 138 173 187 
0.777323902 0.0600750744 0.682058752 137 169 184 
0.728903055 0.0790157616 0.697683096 141 173 188 
0.779367805 0.0475523174 0.727379441 152 182 194 
0.739227772 0.0586749613 0.737840891 157 185 199 
0.7775262 0.0515676141 0.76730895 161 189 198 
0.787272394 0.00750949979 0.809443116 118 143 156 
0.751323164 0.0159229338 0.817970276 155 180 186 
0.753483534 -0.00639399886 0.85795033 169 209 216 
0.783773065 0.0206426978 0.824157417 118 144 158 
0.777198434 0.051584512 0.782168925 171 197 205 
0.72470361 0.0735135376 0.799866498 172 204 213 
0.780243933 0.0351262093 0.825238585 126 150 162 
0.738818944 0.0540902317 0.840106845 147 180 191 
-0.663256645 -0.0184344947 0.640578687 152 185 196 
-0.663870692 -0.0205135047 0.691872776 146 178 191 
-0.683364153 -0.0111649334 0.699100375 151 182 194 
-0.665098727 -0.0178778768 0.718964815 133 162 176 
-0.700707078 -0.0610423386 0.778588593 139 169 177 
-0.685264587 0.0718671381 0.647514224 153 188 202 
-0.66675657 -0.0136659443 0.748272419 153 181 192 
-0.709810913 0.000787824392 0.760866225 152 182 193 
-0.665194213 -0.0242966115 0.79467541 137 164 175 
-0.701684713 -0.0429249406 0.840909183 120 150 163 
-0.666434526 -0.0213498175 0.818872571 129 156 168 
-0.7044155 0.0889672935 0.703526795 143 178 193 
-0.691499352 0.0926474035 0.702839792 131 169 184 
-0.689067602 0.069842279 0.743794084 134 170 184 
-0.708158135 0.0195418894 0.823244214 185 214 220 
-0.709312439 -0.00357732177 0.863152027 143 165 177 
-0.674686372 0.00941583514 0.855842352 136 166 176 
-0.691580534 0.0928573906 0.704232514 131 168 184 
-0.687033713 0.0704999864 0.743928373 134 170 184 
-0.683109164 0.0505876243 0.785022557 137 164 177 
-0.683468878 0.0475092828 0.835745096 144 174 184 
-0.61367166 -0.0277054012 0.63008666 155 187 201 
-0.654196322 -0.02245906 0.637393773 153 186 198 
-0.613544881 -0.0320185423 0.672196031 149 179 190 
-0.615742445 -0.0240605772 0.684654593 146 176 188 
-0.617373526 -0.0221433938 0.738234282 154 187 198 
-0.629140854 -0.0208803713 0.740214407 146 178 190 
-0.6177935 -0.021070838 0.745596647 154 186 197 
-0.620597541 -0.013967216 0.795393884 131 157 170 
-0.619143009 -0.024174124 0.842039168 179 204 211 
-0.622934163 -0.0238639116 0.842624485 175 200 208 
-0.617544591 -0.0323876441 0.859925508 163 192 202 
-0.642290711 0.084746033 0.694403768 136 172 188 
-0.687292516 0.0931118131 0.703899741 130 167 183 
-0.640669525 0.0738842487 0.740674555 138 169 184 
-0.684557855 0.0709338486 0.743892312 134 169 184 
-0.640780985 0.0725578368 0.76053226 140 170 184 
-0.66359973 0.00748711824 0.864147723 135 167 178 
-0.626306772 0.000904172659 0.892251432 166 192 196 
-0.639304101 0.0640272796 0.787519932 149 178 191 
-0.638420999 0.0560657084 0.835449517 130 160 173 
-0.633643329 0.0328011811 0.874626458 145 176 185 
-0.567882895 -0.0220597684 0.628126264 153 188 202 
-0.568520725 -0.0239190757 0.678069293 162 192 203 
-0.568611383 -0.0236894786 0.679677367 162 192 204 
-0.568880081 -0.0271253586 0.730195343 171 201 210 
-0.570871055 -0.0223688781 0.768745065 158 185 194 
-0.563905299 -0.0556562841 0.818843365 165 203 211 
-0.572249711 -0.0527898967 0.82131952 161 198 206 
-0.567396402 -0.0395700932 0.800365686 159 191 200 
-0.564662099 -0.0531060398 0.82524848 168 206 213 
-0.572108805 -0.0189308226 0.787365437 151 177 186 
-0.570245981 -0.0352339447 0.883007228 146 172 180 
-0.596956909 -0.0404161513 0.883123338 142 173 185 
-0.569427192 -0.0396014154 0.893948674 145 172 180 
-0.595839381 0.087788105 0.690954208 150 184 196 
-0.595277667 0.0810891092 0.739605904 151 185 198 
-0.592716217 0.0665328205 0.783763528 159 192 201 
-0.603072166 0.0678170621 0.785600185 157 189 199 
-0.59290266 0.0665277541 0.792379558 156 189 199 
-0.602011621 -0.000445753336 0.905422211 153 177 181 
-0.579019904 -0.00219795108 0.918716192 167 187 192 
-0.591239154 0.056237191 0.830358148 142 173 184 
-0.58994782 0.0466714203 0.877370119 130 160 173 
-0.583760083 0.0178664923 0.913378239 132 157 166 
-0.521588087 -0.0184030831 0.625028253 160 192 205 
-0.521503389 -0.0232279003 0.674751878 152 186 199 
-0.565606415 -0.0238563418 0.67925638 161 192 203 
-0.522755504 -0.0194888711 0.690687656 153 187 198 
-0.525258124 -0.012966454 0.73310411 162 193 201 
-0.525379539 -0.0165833235 0.778871953 140 170 182 
-0.534306943 -0.0436061323 0.822145998 143 175 185 
-0.525696993 -0.0157338083 0.784004569 136 166 178 
-0.52760303 -0.0127361417 0.838202238 174 205 214 
-0.524229586 -0.0304832757 0.880534887 170 197 206 
-0.520739436 -0.0486887395 0.922605276 182 217 219 
-0.546268463 -0.0509871542 0.924160242 160 194 200 
-0.517047048 -0.0676886737 0.964221358 192 221 225 
-0.518575311 -0.0671240389 0.964696527 192 221 225 
-0.517154574 -0.0673854649 0.965785742 192 221 225 
-0.552437305 0.102811277 0.694357336 146 183 198 
-0.549621403 0.0872548521 0.737942994 149 187 203 
-0.578668475 0.0737238228 0.78613174 155 189 199 
-0.550255537 0.086394161 0.776621878 144 182 194 
-0.536752284 0.0232135355 0.858763814 177 208 217 
-0.543311417 0.0366020799 0.866767764 166 196 206 
-0.540857792 0.0398711264 0.862144053 166 196 206 
-0.539265335 0.0319878161 0.87663573 169 201 209 
-0.523811817 -0.0366167128 0.929509878 184 218 221 
-0.535618067 0.0139324963 0.909826398 171 205 212 
-0.549768507 0.0833410323 0.788187623 146 183 195 
-0.545758188 0.0630918145 0.829089224 138 170 183 
-0.538944304 0.0273346901 0.91360414 164 199 206 
-0.538907051 0.0226962566 0.963434219 150 178 184 
-0.548157573 0.0309433043 0.968937039 130 157 165 
-0.544282913 0.0467425585 0.943037868 148 179 187 
-0.545073986 0.0469277501 0.977293611 140 170 178 
-0.475725859 -0.0130463541 0.622902572 163 195 208 
-0.477472305 -0.0106759965 0.67674154 151 182 197 
-0.477920592 -0.0104525387 0.694838703 157 187 200 
-0.479110777 -0.00872984529 0.730337799 161 190 201 
-0.477846235 -0.0181903839 0.77741003 154 187 198 
-0.519759774 -0.0172452629 0.782529891 139 170 182 
-0.478501081 -0.0176635683 0.801620007 147 181 194 
-0.480484098 -0.0123173296 0.833252311 142 174 189 
-0.476980746 -0.0305746496 0.875293195 166 201 208 
-0.487141877 -0.0366759598 0.925448179 171 208 215 
-0.477661818 -0.0319028199 0.921321154 168 205 213 
-0.510542631 -0.065179795 0.964871407 185 214 219 
-0.508292079 0.114914358 0.696090281 150 186 200 
-0.503148019 0.0902103186 0.734443903 137 176 193 
-0.502049208 0.0814009309 0.781888485 128 162 179 
-0.531072199 0.0852441788 0.787168443 136 172 186 
-0.499448776 0.066691488 0.82595861 127 159 172 
-0.510912955 0.0672837198 0.827540517 127 160 172 
-0.495544314 0.0468581021 0.867097974 154 184 196 
-0.495705068 0.0473341048 0.869187355 155 184 196 
-0.483273774 -0.0103397071 0.939349771 150 186 194 
-0.489164978 0.0040282011 0.947813034 142 176 184 
-0.517616868 -0.0654498041 0.965501904 191 219 223 
-0.486901432 0.0037522018 0.949302793 141 176 184 
-0.497028053 0.048196286 0.920346618 149 186 200 
-0.497555733 0.0464110374 0.96440959 144 179 189 
-0.496109307 0.0392506123 0.977572441 144 178 186 
-0.54071039 0.0290568471 0.975549102 145 173 179 
-0.49785164 0.0469404757 0.972111344 148 182 190 
-0.434853703 0.0119176507 0.631991386 161 197 211 
-0.45411247 0.00313001871 0.681684911 142 177 194 
-0.436050117 0.0132589042 0.672012866 141 178 196 
-0.436813712 0.0151270926 0.686310291 137 174 192 
-0.436523199 0.00949379802 0.735571444 145 180 195 
-0.434994847 -0.00100332499 0.782050788 146 178 192 
-0.434427232 -0.0048596859 0.798845291 149 182 195 
-0.434405416 -0.00781112909 0.830640197 154 187 199 
-0.431457013 -0.0238879323 0.873928189 157 192 202 
-0.431742758 -0.027257055 0.924484372 138 170 181 
-0.45139876 -0.0280245841 0.926226735 148 182 192 
-0.431874156 -0.0275833309 0.934143066 143 176 186 
-0.464530855 0.128526568 0.698686361 146 185 201 
-0.472865433 0.165256649 0.673175454 153 191 206 
-0.458630204 0.100849658 0.735339701 150 187 202 
-0.455186576 0.0828268826 0.777514577 137 173 189 
-0.47441721 0.0761172771 0.828335464 130 162 176 
-0.456157058 0.0825428665 0.825226188 133 167 181 
-0.487367332 0.0501429737 0.867986321 152 182 194 
-0.442321956 0.0140531361 0.951129198 177 209 216 
-0.455998003 0.0815233886 0.829252303 133 167 181 
-0.451997101 0.0613110363 0.870174885 143 174 187 
-0.450057447 0.0491978526 0.91572994 148 182 194 
-0.452741265 0.0555484295 0.968374968 163 196 206 
-0.447134852 0.0287305117 1.00898993 125 158 169 
-0.461756468 0.0290162563 1.01075208 124 156 166 
-0.44778654 0.0310203433 1.01346421 123 155 166 
-0.452912509 0.0559242666 0.972060204 163 197 207 
-0.449012667 0.0361090004 1.01321006 123 156 167 
-0.389288157 0.0184400082 0.630532384 159 198 213 
-0.387033284 0.011677593 0.60215652 162 201 215 
-0.390535116 0.0189283788 0.682353079 132 172 191 
-0.390613914 0.0191574395 0.683426023 132 171 191 
-0.392791778 0.0232229531 0.738234401 141 178 196 
-0.399243951 0.0119247735 0.785154939 136 171 188 
-0.391857177 0.0153885186 0.782385826 135 171 189 
-0.391892523 0.0151976645 0.786127567 135 171 188 
-0.389948219 0.00306630135 0.831672132 141 175 190 
-0.386524707 -0.0148773491 0.873892367 152 184 196 
-0.385994405 -0.0214529335 0.922614574 151 183 193 
-0.385897815 -0.024197787 0.948681831 165 196 203 
-0.426849276 0.156150311 0.709572673 141 175 192 
-0.424659073 0.157602638 0.708008051 141 175 192 
-0.413787901 0.110213906 0.735506117 154 192 207 
-0.424384892 0.156245381 0.710503042 142 175 192 
-0.411743134 0.0976875722 0.78082478 146 182 196 
-0.411994517 0.094907552 0.823258877 132 167 181 
-0.397362053 0.0224704444 0.956418157 172 205 213 
-0.4246099 0.157228082 0.709912896 141 175 192 
-0.41173768 0.0931743383 0.830726624 131 165 180 
-0.408652723 0.0765610039 0.873707712 141 175 188 
-0.4049685 0.0575930178 0.915342152 143 179 192 
-0.408364624 0.0668531656 0.968356013 169 202 211 
-0.402125269 0.0374375582 1.00878048 151 184 195 
-0.403207153 0.0413213968 1.01529038 145 179 191 
-0.408678234 0.0676775873 0.973593116 171 204 213 
-0.404607266 0.0471898615 1.01435828 143 178 190 
-0.342434496 0.019901067 0.626178622 163 202 217 
-0.341531813 0.0174140632 0.61237365 165 204 219 
-0.34371382 0.0204359889 0.678967774 153 192 210 
-0.388489664 0.0190135539 0.68311429 133 172 191 
-0.344580173 0.0224198103 0.696697176 149 188 206 
-0.347361118 0.030275315 0.737078547 147 182 200 
-0.347278208 0.0256916285 0.784208119 147 181 199 
-0.347277552 0.0254551768 0.786804914 146 181 198 
-0.344451517 0.00985917449 0.830367863 149 184 197 
-0.340507179 -0.0101309121 0.871417642 152 186 200 
-0.34032321 -0.015345633 0.920918226 167 202 214 
-0.342089176 -0.0100810826 0.943493724 161 196 208 
-0.374325603 0.145209372 0.697849274 155 192 210 
-0.423055917 0.157068461 0.709655285 142 175 192 
-0.368281126 0.116967112 0.734179199 148 186 202 
-0.367154896 0.108050197 0.781562269 141 178 194 
-0.368199795 0.1090931 0.817944169 153 186 198 
-0.350623965 0.0220850408 0.977888942 164 199 207 
-0.369142681 0.111368775 0.83594358 166 197 207 
-0.365098774 0.0909875333 0.876769602 137 174 190 
-0.362383336 0.0758261085 0.920581222 160 195 208 
-0.361043364 0.0660690963 0.96748364 159 194 206 
-0.395789474 0.067822963 0.972255945 167 200 210 
-0.3527596 0.0290282667 0.998781204 151 186 197 
-0.362252712 0.06956774 0.984128118 150 184 198 
-0.358158886 0.0493014455 1.02138317 146 183 198 
-0.36185959 0.064784497 1.01923215 148 185 198 
-0.319733888 0.0173014402 0.622269928 163 202 217 
-0.295674503 0.0172383189 0.671949387 162 199 215 
-0.294533074 0.0157382488 0.636216521 166 203 218 
-0.297827959 0.0219645202 0.718296409 152 189 208 
-0.298723906 0.0247284472 0.728716552 151 187 206 
-0.298386216 0.0189097226 0.777871728 150 184 201 
-0.344714254 0.0251232982 0.78634268 147 182 199 
-0.299120486 0.0182785392 0.818597794 156 192 206 
-0.291334987 -0.0177798569 0.861853361 153 190 203 
-0.313594729 -0.0130241215 0.866886497 150 186 200 
-0.29648146 0.00521415472 0.842613697 156 192 205 
-0.288900077 -0.0318391323 0.90629518 153 184 196 
-0.293776542 -0.0310670435 0.907251 154 186 197 
-0.288452327 -0.0345336199 0.915681005 161 194 204 
-0.29928124 0.0179347694 0.829797268 156 192 206 
-0.297194541 -0.00134065747 0.948188663 171 206 215 
-0.329099119 0.153064042 0.697152257 157 198 218 
-0.325203955 0.133267134 0.738312602 146 182 202 
-0.323019326 0.120191246 0.78331697 135 171 188 
-0.322018981 0.111768842 0.830982924 137 173 190 
-0.326383859 0.111947745 0.831559896 139 175 191 
-0.322020978 0.111476392 0.834325314 136 173 189 
-0.304793715 0.0261940062 0.991097808 154 183 189 
-0.321728677 0.106136471 0.880244613 143 178 192 
-0.318233013 0.0879093111 0.922302723 150 187 200 
-0.315849602 0.0740523636 0.966860294 178 213 221 
-0.335312605 0.0596211255 1.01350617 152 189 202 
-0.257425547 0.00954288244 0.663560152 166 200 216 
-0.250406265 0.0204370618 0.721072614 160 196 213 
-0.278880715 0.0227038562 0.725434721 155 192 210 
-0.246373355 0.00831505656 0.670624733 164 198 214 
-0.251141846 0.0218364 0.739294231 151 188 206 
-0.251154006 0.0188832879 0.77266717 143 178 195 
-0.24860394 0.00437164307 0.816850305 156 196 212 
-0.291786313 0.01509431 0.82742852 157 194 208 
-0.24681738 -0.00713995099 0.862749398 161 201 212 
-0.243193388 -0.0258713961 0.904518962 151 188 199 
-0.24380064 -0.0245904922 0.918165088 149 184 194 
-0.284552634 0.167064816 0.65937525 156 202 226 
-0.252312958 0.00746431947 0.952764988 160 194 203 
-0.283401221 0.159066379 0.695395887 148 190 213 
-0.280817509 0.144422382 0.739503443 148 187 206 
-0.279735029 0.135677159 0.786984682 133 166 187 
-0.317516387 0.114094049 0.831753016 136 172 189 
-0.2799052 0.13397333 0.813732028 129 163 182 
-0.259711862 0.0345421135 0.991555929 154 189 199 
-0.291078091 0.0291339457 0.992060781 153 184 192 
-0.260143161 0.0361426771 0.993571758 154 190 199 
-0.279489011 0.130218774 0.836345971 136 171 187 
-0.276950926 0.115754217 0.880556047 147 181 194 
-0.274811536 0.102856159 0.92566216 146 181 197 
-0.28202638 0.0953585207 0.974733829 165 201 210 
-0.27491048 0.0991624594 0.971249461 160 196 206 
-0.264414638 0.0530204177 1.00212479 169 205 214 
-0.271668971 0.0831155181 1.00074816 180 216 225 
-0.274796426 0.0983049273 0.975542188 163 199 208 
-0.198656678 0.00266081095 0.705715954 157 193 207 
-0.198387116 0.00175070763 0.703454137 158 194 208 
-0.203493565 0.0171744525 0.766500294 146 180 195 
-0.206876516 0.0172921121 0.766936064 145 179 194 
-0.203527436 0.0171127617 0.768739879 148 182 196 
-0.203764409 0.013746798 0.817022979 174 209 222 
-0.200030029 -0.00541836023 0.858544648 171 205 218 
-0.200360984 -0.00860971212 0.909202397 171 210 219 
-0.200359493 -0.00865471363 0.90963304 171 210 219 
-0.237956673 0.167383105 0.679552555 150 196 219 
-0.207671493 0.017458111 0.955155969 168 202 210 
-0.238783598 0.169313371 0.696067214 147 190 213 
-0.237017244 0.157881051 0.742011726 138 178 199 
-0.250904113 0.153056949 0.793270946 134 170 190 
-0.238387778 0.159432441 0.787693501 137 174 193 
-0.233176887 0.133807659 0.833209217 146 183 198 
-0.235846698 0.133861631 0.833531976 145 182 197 
-0.233839363 0.136915833 0.829085231 145 182 197 
-0.23316057 0.133555502 0.835262477 145 183 198 
-0.211410135 0.0303134024 0.983947873 165 200 208 
-0.214788333 0.0426048934 1.00245476 169 207 217 
-0.238413066 0.158873767 0.795062661 139 176 195 
-0.231075883 0.12106052 0.878401577 149 186 201 
-0.251886994 0.125493377 0.935457468 163 197 212 
-0.23531121 0.134117335 0.927755117 176 211 224 
-0.221324265 0.0692684948 1.00622845 159 196 207 
-0.227764219 0.0967565179 0.996434569 175 210 218 
-0.235906601 0.135549903 0.939172029 173 208 222 
-0.231414378 0.113406867 0.978990316 199 232 237 
-0.196432978 0.00146591663 0.704821587 158 194 208 
-0.15599364 0.0160962939 0.760694206 161 199 212 
-0.150893822 -0.00237321854 0.731797338 153 193 208 
-0.157758355 0.0215244591 0.781392276 169 203 215 
-0.158063293 0.019736588 0.815259457 161 191 204 
-0.1580199 0.0150743127 0.865076065 170 206 220 
-0.198702961 -0.00805515051 0.909321904 171 210 219 
-0.158005893 0.0126651525 0.891203642 165 202 215 
-0.18914029 0.159813255 0.685444117 144 190 215 
-0.216201454 0.165942341 0.691751957 146 192 215 
-0.189346164 0.157728523 0.718062639 145 186 210 
-0.157578111 0.00884661078 0.913997173 162 199 210 
-0.16277653 0.0261972249 0.95985353 167 204 215 
-0.189582229 0.157057911 0.73635143 143 181 204 
-0.187579483 0.144696802 0.781764627 146 184 203 
-0.23218739 0.1575872 0.793678641 136 172 191 
-0.187968135 0.141732067 0.832552135 141 177 194 
-0.186947942 0.135771483 0.851951122 156 192 205 
-0.165239304 0.0344575644 0.981128693 162 198 208 
-0.169702366 0.0503982604 1.00889063 164 201 209 
-0.185377985 0.127063006 0.876645267 177 213 222 
-0.184506744 0.119147867 0.924601316 164 201 215 
-0.222374618 0.132636636 0.936100245 178 214 227 
-0.180783063 0.10002473 0.966146946 186 220 228 
-0.214824289 0.11162433 0.9761976 197 229 236 
-0.205795497 0.0909698308 1.01632726 163 198 207 
-0.182808071 0.105192482 1.0016892 182 215 223 
-0.18022418 0.0924010873 1.02520335 169 203 212 
-0.182638615 0.102823853 1.02023113 177 212 219 
-0.122440897 -0.00346466899 0.746366262 159 197 210 
-0.110223241 0.0173218548 0.808688819 153 186 201 
-0.113169484 0.0171334445 0.808910131 153 187 201 
-0.10437116 -0.00169220567 0.751307726 169 204 218 
-0.110195927 0.0170581639 0.810364842 153 187 201 
-0.11183884 0.0191781521 0.862233818 158 194 209 
-0.107766129 -0.00131636858 0.902994931 175 213 224 
-0.144439608 0.00507894158 0.910503864 163 200 211 
-0.109946452 0.00573843718 0.924699068 153 189 198 
-0.141935915 0.159896225 0.680302143 151 191 217 
-0.13994348 0.147575647 0.725738525 140 182 208 
-0.174757585 0.153133661 0.732587636 143 182 205 
-0.141199127 0.150368065 0.752355516 130 172 198 
-0.115277477 0.0237058103 0.969789743 153 182 190 
-0.131582886 0.0265448093 0.973125815 162 193 201 
-0.116240159 0.0268102586 0.97948873 164 195 202 
-0.142522991 0.153219402 0.781449676 128 170 194 
-0.141234428 0.143664509 0.828467965 153 190 207 
-0.140137374 0.1350272 0.874081731 152 193 209 
-0.126015961 0.0651200116 1.0025903 170 213 224 
-0.140160114 0.134951383 0.875967562 152 193 209 
-0.138458163 0.123772204 0.922056794 175 215 226 
-0.135298014 0.106863409 0.964868784 178 213 220 
-0.130262226 0.0825847089 1.00346577 175 215 224 
-0.155360043 0.103177398 1.01742589 176 211 219 
-0.083484754 0.00596439838 0.747214794 166 200 214 
-0.0618635938 0.017357409 0.751036584 162 196 212 
-0.0612711459 0.0159324706 0.739671052 166 199 215 
-0.0616808161 0.0121473968 0.800539851 168 206 220 
-0.0608291104 0.00430902839 0.848539829 178 215 226 
-0.0678533018 0.00526207685 0.849830151 179 216 227 
-0.0602459982 0.000772833824 0.861064136 173 210 222 
-0.0957737118 0.166565776 0.649816453 159 204 228 
-0.0604042262 -0.00185227394 0.897498965 162 198 214 
-0.064017348 0.00935786963 0.938807845 150 182 195 
-0.095970884 0.164849043 0.677945435 152 198 222 
-0.0942573696 0.153624326 0.724008679 154 195 218 
-0.0952215493 0.153747588 0.766905308 139 177 200 
-0.0662704781 0.0167059004 0.960596681 152 183 194 
-0.0712700859 0.0351773798 0.984870076 175 212 222 
-0.0956493989 0.1546022 0.777051091 141 179 201 
-0.0959538966 0.151306838 0.827649534 152 191 210 
-0.0957887396 0.146470636 0.873807728 171 206 218 
-0.0820280463 0.0783492029 0.999033809 179 217 230 
-0.0961415395 0.147552282 0.877985239 171 206 218 
-0.0963262394 0.143786222 0.928314447 177 214 225 
-0.0907685235 0.117456704 0.965738297 176 215 225 
-0.0825302675 0.0805947185 0.997138143 179 218 231 
-0.0250020996 0.0201197267 0.748488665 166 200 216 
-0.0137433857 0.00935009122 0.793750405 163 198 215 
-0.0150132775 0.0179243982 0.756771624 165 200 216 
-0.0152272135 0.0106886625 0.846999228 177 215 230 
-0.012491554 -0.00455230474 0.89076519 168 205 219 
-0.0143865049 -0.0046364665 0.890927672 167 204 219 
-0.0124936476 -0.00463357568 0.891764879 167 204 219 
-0.0477455631 0.16092056 0.67050904 149 194 221 
-0.0611232668 0.162284106 0.67272085 148 193 221 
-0.0481379554 0.161736548 0.679456294 147 192 220 
-0.015704304 0.00357961655 0.94789958 165 200 213 
-0.0357340947 0.00855049491 0.952804685 159 191 203 
-0.0174468458 0.00980216265 0.958753467 176 211 223 
-0.0488662794 0.160832256 0.722941816 142 184 210 
-0.0468056798 0.148243874 0.768224955 141 180 204 
-0.0815564916 0.152852505 0.774550676 139 176 199 
-0.0479223356 0.15058437 0.793482482 137 175 198 
-0.0254552811 0.0393626392 0.997938633 167 206 219 
-0.0503169 0.157548517 0.826030016 143 186 206 
-0.0500289574 0.151925296 0.87529695 152 193 210 
-0.0838940069 0.147800952 0.876774669 167 204 217 
-0.0503771305 0.152651936 0.883207142 155 197 212 
-0.0368289128 0.0855823457 1.00649953 174 210 222 
-0.068066366 0.16998592 0.93946135 151 184 197 
-0.0578495041 0.179558694 0.927270532 152 184 196 
-0.0462400839 0.128054231 0.966610074 190 223 229 
-0.0556018949 0.168432027 0.947724462 154 186 198 
-0.0387049541 0.0939549804 0.999590158 175 212 224 
-0.0572932288 0.175976664 0.941536427 153 184 197 
0.0223751739 0.00874724984 0.789453566 178 210 225 
0.0360928476 -0.0152581334 0.931960225 164 201 217 
-0.008793585 0.152110249 0.713793695 126 170 200 
0.0146237686 0.0390933454 1.01624346 157 197 211 
-0.028102953 0.161304802 0.877989888 158 199 214 
-0.0457770154 0.175380886 0.93994689 153 188 201 
0.846037328 -0.0108811259 0.478835911 153 185 199 
0.813648522 0.00327202678 0.490094155 149 183 198 
0.849898458 -0.0305443108 0.520072758 155 188 201 
0.822794676 -0.0173541009 0.530226409 147 183 198 
0.849079907 -0.0313269794 0.566352606 200 224 229 
0.848653615 -0.0301446021 0.572784543 201 225 229 
0.842597723 -0.00932243466 0.619427562 188 215 221 
0.840418637 -0.0022791326 0.641205549 180 206 212 
0.841283739 -0.0101700723 0.689175427 179 209 216 
0.845396221 -0.0308210254 0.729847252 152 175 184 
0.828169227 -0.0250248909 0.734893322 152 182 191 
0.84332037 -0.0229845345 0.738067687 143 166 176 
0.818094075 0.0989151001 0.541634381 123 155 173 
0.822075784 0.0787781775 0.582600236 121 152 169 
0.774773121 0.0946041346 0.596407294 128 164 181 
0.821847677 0.0751825869 0.633026898 141 171 186 
0.799314439 0.07770437 0.636874795 136 168 184 
0.822188854 0.0715410411 0.657829106 145 176 188 
0.838929176 -0.00990214944 0.794294953 101 128 141 
0.814530313 -0.00997206569 0.796938062 104 129 143 
0.841011822 -0.0216406882 0.829122782 83 105 120 
0.823826194 0.0629166961 0.678494573 153 184 195 
0.823432922 0.0599702299 0.729292452 142 176 187 
0.831434369 0.0240387022 0.761224508 102 127 140 
0.788915455 0.0478616953 0.778856218 166 193 201 
0.827779233 0.0339089334 0.819352925 129 157 168 
0.82681483 0.0341951549 0.819614589 130 157 169 
0.896953762 -0.0253835618 0.46535179 171 198 209 
0.879128337 -0.0220729113 0.469111472 167 196 207 
0.897215188 -0.0285445154 0.488474458 175 203 213 
0.896308482 -0.0273399651 0.516716003 180 209 218 
0.895242095 -0.0276417434 0.569026589 184 212 216 
0.85751456 -0.0317902267 0.570915639 201 225 228 
0.895092607 -0.0281214416 0.581222296 189 218 221 
0.889930665 -0.0112633407 0.630877495 192 228 235 
0.874411583 -0.00934639573 0.633625627 192 226 232 
0.888985455 -0.00797322392 0.637709677 188 225 232 
0.864020646 0.105528742 0.52258718 130 162 178 
0.852205098 0.00363269448 0.695483804 179 212 218 
0.880976558 0.0215894878 0.676890671 162 193 200 
0.850017786 -0.019736588 0.735369205 131 155 166 
0.893449008 -0.0385632217 0.772712708 130 152 164 
0.886901259 -0.0336490273 0.776105464 130 152 165 
0.890854716 -0.0273115933 0.76678431 115 137 151 
0.892427862 -0.0350992382 0.781100154 128 152 165 
0.86480552 0.100934952 0.537600219 123 153 169 
0.869090378 0.0796067715 0.577884674 134 166 180 
0.872774601 0.0606387854 0.619518995 147 178 191 
0.872337997 0.0578624904 0.670414329 158 187 195 
0.833810687 0.0632140934 0.677559197 154 185 195 
0.874196351 0.0460687578 0.716152012 125 152 165 
0.8725335 0.0533016622 0.712120533 126 153 166 
0.844899535 0.0202184021 0.757666647 96 121 134 
0.873776913 0.0471461713 0.723435998 118 144 158 
0.880818427 0.0122876167 0.78751564 138 159 168 
0.884431899 -0.00560039282 0.820398688 155 179 189 
0.872537673 0.0525862277 0.719879687 123 150 163 
0.880852163 0.0109329522 0.801022232 149 168 176 
0.941444933 -0.0146394968 0.466307372 155 184 195 
0.941339195 -0.015989095 0.486156434 146 177 189 
0.937855542 -0.00502768159 0.524288177 152 185 195 
0.917218924 -0.0173391998 0.572216094 172 205 212 
0.93583113 0.00119355321 0.548095465 163 198 207 
0.935584128 -0.000594705343 0.579306781 170 206 214 
0.899073541 -0.00337716937 0.634162784 192 228 235 
0.931145966 0.0143022239 0.617523551 196 227 231 
0.914808095 0.0900232494 0.526169717 136 167 182 
0.869619131 0.099206984 0.536131263 122 153 169 
0.916876733 0.0774030387 0.571434796 157 187 198 
0.884735942 0.0800260305 0.576393545 143 174 186 
0.919570088 0.0623286068 0.615296066 166 196 206 
0.908418596 0.0629184544 0.61684233 161 192 202 
0.925842106 0.033192426 0.651114702 171 198 204 
0.919813335 0.0603190362 0.626457453 163 192 201 
0.92358464 0.0416493714 0.66077745 162 189 195 
0.941240966 -0.0407890379 0.766250134 165 186 192 
0.935592234 -0.0177934468 0.770049691 151 176 183 
0.941723168 -0.047175616 0.815080523 140 155 165 
0.934934556 -0.0448627472 0.81708467 141 158 168 
0.941526949 -0.0471728146 0.824057102 147 165 173 
0.90058291 0.0793758631 0.67901361 139 167 177 
0.913025856 0.0838353336 0.676753461 132 160 170 
0.898088396 0.0559322536 0.718892217 118 144 156 
0.91653192 0.0664788783 0.70865941 120 147 156 
0.934327781 -0.013625294 0.781786561 170 192 199 
0.885314167 0.00716069341 0.798479855 155 174 182 
0.928367555 -0.00525838137 0.839350641 86 106 116 
0.930881917 -0.00455960631 0.839247704 83 102 112 
0.912731528 0.0847070813 0.680578768 133 161 171 
0.930751741 -0.00406596065 0.839737296 83 102 112 
0.95180732 -0.00448146462 0.470694512 147 179 191 
0.980598867 0.0206468403 0.439571768 159 191 203 
0.980901897 0.0158849657 0.478576511 147 184 194 
0.946265519 0.0125311613 0.532915831 163 196 204 
0.977254212 0.0271200836 0.521197617 169 201 209 
0.974522889 0.0364578068 0.542826533 174 205 212 
0.979286611 0.0132481456 0.582034826 162 195 204 
0.974305689 0.0316312015 0.606430411 155 184 191 
0.961198032 0.0933065116 0.522858143 169 203 213 
0.962775409 0.0826165378 0.569227219 169 198 206 
0.927886426 0.0676304698 0.617266357 163 193 203 
0.961777508 0.0835668743 0.604483783 157 187 197 
0.967681944 0.0543542206 0.658028841 165 192 199 
0.967670858 0.0543920398 0.658115149 165 192 199 
0.967278659 -0.0141942203 0.777856231 92 120 138 
0.990002215 -0.0513152182 0.80752337 162 169 178 
0.981367409 -0.0134116113 0.782756925 68 95 117 
0.962507784 0.0791764855 0.619742811 155 187 197 
0.967645109 0.0544988811 0.658111572 165 192 199 
0.91723007 0.0834051967 0.679376245 134 162 171 
0.981196582 -0.0167156756 0.827312768 138 154 160 
0.931038201 -0.00461196899 0.839408815 82 101 111 
1.01918769 0.05101192 0.49347809 151 186 199 
1.01892066 0.0518418252 0.496514589 151 186 199 
1.01795816 0.0558423102 0.496240824 153 188 201 
0.985810816 0.0861365497 0.516253114 175 210 220 
0.995056808 0.0655345917 0.556387544 185 223 232 
0.999621332 0.0437995791 0.59641993 150 179 189 
0.966380775 0.0769477785 0.618104815 160 191 200 
0.967722237 0.0544326007 0.658067048 165 192 199 
1.02204347 0.0537125766 0.494633347 150 185 198 
1.0597136 0.0808872879 0.46388337 130 161 177 
1.10352778 0.0949761868 0.458746344 137 156 160 
-0.294159979 0.0157793462 0.618631721 167 204 220 
-0.243797034 0.00564578176 0.582006216 182 217 230 
-0.245005786 0.00820091367 0.609107733 178 215 227 
-0.246200264 0.00840243697 0.661706209 167 201 216 
-0.197106481 0.00555342436 0.602403998 174 213 226 
-0.197677612 0.00565049052 0.602519572 174 213 226 
-0.197047055 0.00520154834 0.603585064 174 213 226 
-0.195206285 -0.0064048171 0.648047686 171 207 220 
-0.145853847 -0.00715368986 0.553534269 168 209 230 
-0.148366988 -0.000395357609 0.593812108 172 212 227 
-0.14832817 -0.00498944521 0.643081307 172 211 224 
-0.148337409 -0.0050034225 0.643659711 172 211 224 
-0.14591077 -0.0190301239 0.688120246 171 210 222 
-0.10009715 -0.00268089771 0.566074371 159 204 227 
-0.101259723 6.92307949e-05 0.588888347 165 208 226 
-0.102065623 -0.00125601888 0.640613616 171 211 227 
-0.147202805 -0.00497230887 0.643552005 172 211 224 
-0.102516174 -0.000790446997 0.656124592 171 211 226 
-0.10375616 0.00089469552 0.694326878 170 207 219 
-0.103796251 -0.00343957543 0.744331121 166 202 215 
-0.05397892 2.29477882e-06 0.581904233 165 206 229 
-0.0540393069 8.92579556e-05 0.583710372 165 206 228 
-0.0559072234 0.00293692946 0.63782233 168 207 224 
-0.0573088005 0.00640186667 0.663665473 170 208 224 
-0.0581715107 0.00734207034 0.692825019 169 207 223 
-0.00772856176 0.00368365645 0.580576718 166 208 228 
-0.0463008657 0.00109633803 0.583407879 165 207 229 
-0.0085221231 0.00595986843 0.591714859 169 210 228 
-0.00887113065 0.00368121266 0.633058548 161 202 220 
-0.0110222474 0.00825184584 0.681027055 173 206 223 
-0.0113133341 0.00878545642 0.688461125 173 206 223 
-0.0154459551 0.0205317438 0.747662663 167 201 217 
-0.000467576087 0.00770413876 0.686681092 172 205 222 
3 2 0 1 
3 0 5 4 
3 0 4 1 
3 1 4 3 
3 6 2 1 
3 8 6 1 
3 8 1 7 
3 7 1 3 
3 9 8 7 
3 4 10 3 
3 11 10 4 
3 13 12 14 
3 13 15 12 
3 17 16 18 
3 17 19 16 
3 10 11 21 
3 20 10 21 
3 20 21 22 
3 21 23 22 
3 23 24 22 
3 25 24 23 
3 12 26 14 
3 12 15 26 
3 30 27 29 
3 28 27 30 
3 18 16 31 
3 18 31 28 
3 28 31 27 
3 16 19 33 
3 16 33 31 
3 31 33 32 
3 24 25 35 
3 34 24 35 
3 34 35 36 
3 35 37 36 
3 36 37 38 
3 37 39 38 
3 38 39 40 
3 39 41 40 
3 43 41 44 
3 43 42 41 
3 42 40 41 
3 42 43 45 
3 49 46 48 
3 47 46 49 
3 46 47 50 
3 47 51 50 
3 50 51 52 
3 51 53 52 
3 52 53 54 
3 53 55 54 
3 54 55 56 
3 55 57 56 
3 56 57 30 
3 29 56 30 
3 43 44 58 
3 45 43 58 
3 45 58 59 
3 59 58 60 
3 59 60 49 
3 48 59 49 
3 3 61 7 
3 10 61 3 
3 64 63 62 
3 61 10 20 
3 65 61 20 
3 65 20 66 
3 20 22 66 
3 68 22 24 
3 68 67 22 
3 67 66 22 
3 67 70 69 
3 68 70 67 
3 69 70 71 
3 29 72 73 
3 27 72 29 
3 72 27 74 
3 27 31 74 
3 63 64 74 
3 63 74 32 
3 32 74 31 
3 68 24 34 
3 70 68 34 
3 36 70 34 
3 71 70 36 
3 71 36 75 
3 75 36 38 
3 75 38 76 
3 38 40 76 
3 76 40 77 
3 40 42 77 
3 79 42 45 
3 79 78 42 
3 78 77 42 
3 48 78 79 
3 48 46 78 
3 46 80 78 
3 80 46 81 
3 46 50 81 
3 81 50 82 
3 50 52 82 
3 82 52 83 
3 52 54 83 
3 83 54 84 
3 54 56 84 
3 84 56 29 
3 73 84 29 
3 79 45 59 
3 79 59 48 
3 7 61 86 
3 9 7 86 
3 9 86 85 
3 9 85 87 
3 85 89 88 
3 86 89 85 
3 88 89 90 
3 64 91 92 
3 62 91 64 
3 86 61 65 
3 89 86 65 
3 66 89 65 
3 90 89 66 
3 90 66 93 
3 93 66 67 
3 93 67 94 
3 67 69 94 
3 96 69 71 
3 96 95 69 
3 95 94 69 
3 95 96 97 
3 73 98 99 
3 72 98 73 
3 98 72 100 
3 72 74 100 
3 100 74 64 
3 92 100 64 
3 96 71 75 
3 97 96 75 
3 97 75 101 
3 101 75 76 
3 101 76 102 
3 76 77 102 
3 102 77 103 
3 77 78 103 
3 103 78 104 
3 78 80 104 
3 104 80 105 
3 80 81 105 
3 105 81 106 
3 81 82 106 
3 106 82 107 
3 82 83 107 
3 107 83 108 
3 83 84 108 
3 108 84 73 
3 99 108 73 
3 109 87 85 
3 110 109 85 
3 88 110 85 
3 88 90 112 
3 110 88 112 
3 110 112 111 
3 110 111 113 
3 111 115 114 
3 112 115 111 
3 114 115 116 
3 92 117 118 
3 91 117 92 
3 112 90 93 
3 115 112 93 
3 94 115 93 
3 116 115 94 
3 116 94 119 
3 119 94 95 
3 121 95 97 
3 121 120 95 
3 120 119 95 
3 120 123 122 
3 121 123 120 
3 122 123 124 
3 99 125 126 
3 98 125 99 
3 125 98 127 
3 98 100 127 
3 127 100 92 
3 118 127 92 
3 121 97 101 
3 123 121 101 
3 102 123 101 
3 124 123 102 
3 124 102 128 
3 128 102 103 
3 128 103 129 
3 103 104 129 
3 129 104 130 
3 104 105 130 
3 130 105 131 
3 105 106 131 
3 131 106 132 
3 106 107 132 
3 132 107 133 
3 107 108 133 
3 133 108 99 
3 126 133 99 
3 134 113 111 
3 136 134 111 
3 136 111 135 
3 135 111 114 
3 138 114 116 
3 138 137 114 
3 137 135 114 
3 137 138 139 
3 142 141 140 
3 141 144 118 
3 141 118 143 
3 141 143 140 
3 117 143 118 
3 138 116 119 
3 139 138 119 
3 139 119 145 
3 145 119 120 
3 145 120 146 
3 120 122 146 
3 148 122 124 
3 148 147 122 
3 147 146 122 
3 147 150 149 
3 148 150 147 
3 149 150 151 
3 154 153 152 
3 126 152 153 
3 126 125 152 
3 125 155 152 
3 155 125 156 
3 125 127 156 
3 156 127 118 
3 144 156 118 
3 148 124 128 
3 150 148 128 
3 129 150 128 
3 151 150 129 
3 151 129 157 
3 157 129 130 
3 157 130 158 
3 130 131 158 
3 158 131 159 
3 131 132 159 
3 153 154 159 
3 153 159 133 
3 133 159 132 
3 153 133 126 
3 160 136 135 
3 162 160 135 
3 162 135 161 
3 161 135 137 
3 164 137 139 
3 164 163 137 
3 163 161 137 
3 163 166 165 
3 164 166 163 
3 165 166 167 
3 170 169 168 
3 168 169 171 
3 168 171 142 
3 168 142 172 
3 142 171 141 
3 141 171 144 
3 164 139 145 
3 166 164 145 
3 146 166 145 
3 167 166 146 
3 167 146 173 
3 173 146 147 
3 173 147 174 
3 147 149 174 
3 176 149 151 
3 176 175 149 
3 175 174 149 
3 175 178 177 
3 176 178 175 
3 177 180 179 
3 178 180 177 
3 154 179 180 
3 154 152 179 
3 152 181 179 
3 169 170 181 
3 169 181 155 
3 155 181 152 
3 171 169 155 
3 156 171 155 
3 171 156 144 
3 176 151 157 
3 178 176 157 
3 158 178 157 
3 180 178 158 
3 159 180 158 
3 180 159 154 
3 182 162 161 
3 183 182 161 
3 163 183 161 
3 184 183 163 
3 165 184 163 
3 165 167 186 
3 184 165 186 
3 184 186 185 
3 184 185 187 
3 185 186 188 
3 189 170 168 
3 189 190 170 
3 190 191 170 
3 189 168 172 
3 186 167 173 
3 188 186 173 
3 188 173 192 
3 192 173 174 
3 192 174 193 
3 174 175 193 
3 193 175 194 
3 175 177 194 
3 194 177 195 
3 177 179 195 
3 195 179 196 
3 179 181 196 
3 196 181 170 
3 191 196 170 
3 197 187 185 
3 185 188 199 
3 185 199 197 
3 197 199 198 
3 198 199 200 
3 200 199 201 
3 204 203 202 
3 204 200 203 
3 200 201 203 
3 202 203 205 
3 208 207 206 
3 206 207 191 
3 206 191 209 
3 209 191 190 
3 199 188 192 
3 201 199 192 
3 193 201 192 
3 203 201 193 
3 194 203 193 
3 205 203 194 
3 205 194 210 
3 210 194 195 
3 207 208 210 
3 207 210 196 
3 196 210 195 
3 207 196 191 
3 211 204 202 
3 202 205 213 
3 202 213 211 
3 211 213 212 
3 215 206 214 
3 215 213 206 
3 215 212 213 
3 213 208 206 
3 214 206 209 
3 216 214 209 
3 213 205 210 
3 213 210 208 
3 217 215 214 
3 217 214 216 
3 218 220 219 
3 221 223 222 
3 226 220 218 
3 226 218 225 
3 225 218 224 
3 225 227 226 
3 231 226 230 
3 231 228 226 
3 220 226 229 
3 229 226 228 
3 226 233 230 
3 226 234 233 
3 226 227 234 
3 232 233 234 
3 232 236 235 
3 232 235 233 
3 233 235 221 
3 221 235 237 
3 223 221 237 
3 228 231 240 
3 228 240 238 
3 238 240 239 
3 232 234 239 
3 232 239 241 
3 241 239 240 
3 232 241 243 
3 232 243 244 
3 232 244 236 
3 242 244 243 
3 246 242 245 
3 246 247 242 
3 245 242 237 
3 243 223 242 
3 237 242 223 
3 246 245 248 
3 249 246 248 
3 244 242 250 
3 242 247 252 
3 242 252 250 
3 250 252 251 
3 253 254 224 
3 224 254 225 
3 256 227 225 
3 256 225 255 
3 255 225 254 
3 255 257 256 
3 260 259 258 
3 261 258 256 
3 261 262 258 
3 256 258 227 
3 259 234 258 
3 227 258 234 
3 257 263 235 
3 257 235 261 
3 257 261 256 
3 261 235 236 
3 265 237 235 
3 265 235 264 
3 264 235 263 
3 264 266 265 
3 270 268 269 
3 267 239 260 
3 267 238 239 
3 239 259 260 
3 239 234 259 
3 268 272 269 
3 261 271 262 
3 261 273 271 
3 261 236 273 
3 236 244 273 
3 265 245 237 
3 245 275 248 
3 265 275 245 
3 265 274 275 
3 265 266 274 
3 270 269 276 
3 269 272 276 
3 273 244 250 
3 277 273 250 
3 277 250 278 
3 250 251 278 
3 279 280 253 
3 253 280 254 
3 282 281 255 
3 282 255 280 
3 280 255 254 
3 255 281 257 
3 258 283 260 
3 282 284 281 
3 283 258 262 
3 281 263 257 
3 281 284 263 
3 284 285 263 
3 285 286 263 
3 263 286 264 
3 288 266 264 
3 288 264 287 
3 287 264 286 
3 287 289 288 
3 267 283 290 
3 267 260 283 
3 290 283 291 
3 268 270 283 
3 291 283 270 
3 271 283 262 
3 271 292 283 
3 268 283 272 
3 272 283 292 
3 271 273 292 
3 288 274 266 
3 289 274 288 
3 289 293 274 
3 293 294 274 
3 296 297 294 
3 296 294 295 
3 295 294 293 
3 295 298 296 
3 291 270 276 
3 299 291 276 
3 272 292 300 
3 272 300 276 
3 276 300 299 
3 292 273 277 
3 292 277 300 
3 300 277 301 
3 301 277 302 
3 277 278 302 
3 302 278 303 
3 278 304 303 
3 305 307 306 
3 307 279 306 
3 307 308 279 
3 308 280 279 
3 280 308 309 
3 282 280 309 
3 312 310 311 
3 310 313 311 
3 314 315 316 
3 309 284 282 
3 317 284 309 
3 319 318 285 
3 319 285 317 
3 317 285 284 
3 318 320 312 
3 318 312 286 
3 318 286 285 
3 286 312 311 
3 313 286 311 
3 313 321 286 
3 321 287 286 
3 287 321 322 
3 289 287 322 
3 290 291 324 
3 315 290 324 
3 315 324 323 
3 315 323 316 
3 323 326 325 
3 324 326 323 
3 327 326 328 
3 327 318 326 
3 325 326 319 
3 319 326 318 
3 331 318 327 
3 331 330 318 
3 320 318 329 
3 329 318 330 
3 329 330 332 
3 324 291 299 
3 326 324 299 
3 300 326 299 
3 328 326 300 
3 328 300 333 
3 333 300 301 
3 330 331 333 
3 330 333 302 
3 302 333 301 
3 332 330 302 
3 332 302 334 
3 334 302 303 
3 337 335 336 
3 335 338 336 
3 343 340 339 
3 343 339 342 
3 342 339 341 
3 345 346 342 
3 345 342 344 
3 344 342 341 
3 336 347 348 
3 337 336 348 
3 337 348 345 
3 337 345 344 
3 347 350 351 
3 336 350 347 
3 336 349 350 
3 336 338 349 
3 349 352 350 
3 340 343 355 
3 340 355 353 
3 353 355 354 
3 355 345 354 
3 355 346 345 
3 354 345 357 
3 356 358 345 
3 357 345 358 
3 345 348 356 
3 350 359 351 
3 352 359 350 
3 352 360 359 
3 360 361 359 
3 363 364 361 
3 363 361 362 
3 362 361 360 
3 362 365 363 
3 357 358 367 
3 366 357 367 
3 367 368 366 
3 369 368 367 
3 363 370 364 
3 363 372 370 
3 363 373 372 
3 363 365 373 
3 371 372 373 
3 372 371 374 
3 368 369 376 
3 375 368 376 
3 376 377 375 
3 378 377 376 
3 373 379 371 
3 382 380 381 
3 379 382 381 
3 379 381 374 
3 379 374 371 
3 381 380 383 
3 377 378 385 
3 384 377 385 
3 384 385 386 
3 385 387 386 
3 387 388 386 
3 389 388 387 
3 382 390 380 
3 380 392 383 
3 380 390 392 
3 390 391 392 
3 392 391 393 
3 394 392 393 
3 388 389 396 
3 395 388 396 
3 395 396 397 
3 396 398 397 
3 398 399 397 
3 400 399 398 
3 393 402 394 
3 401 402 393 
3 402 401 403 
3 404 402 403 
3 399 400 406 
3 405 399 406 
3 406 407 405 
3 408 407 406 
3 403 410 404 
3 409 410 403 
3 409 411 410 
3 410 411 412 
3 414 415 412 
3 414 412 413 
3 413 412 411 
3 413 416 414 
3 407 408 418 
3 417 407 418 
3 418 419 417 
3 420 419 418 
3 414 421 415 
3 416 421 414 
3 416 422 421 
3 422 423 421 
3 425 426 423 
3 425 423 424 
3 424 423 422 
3 424 427 425 
3 419 420 429 
3 428 419 429 
3 429 430 428 
3 431 430 429 
3 425 432 426 
3 427 432 425 
3 427 433 432 
3 433 434 432 
3 430 431 436 
3 435 430 436 
3 435 436 437 
3 436 438 437 
3 438 439 437 
3 440 439 438 
3 439 440 442 
3 441 439 442 
3 441 442 443 
3 442 444 443 
3 444 445 443 
3 446 445 444 
3 445 446 448 
3 447 445 448 
3 447 448 449 
3 448 450 449 
3 335 337 451 
3 335 451 338 
3 452 453 339 
3 339 453 341 
3 453 454 341 
3 341 454 344 
3 337 455 451 
3 337 344 455 
3 344 454 455 
3 451 349 338 
3 451 455 349 
3 455 456 349 
3 349 456 457 
3 352 349 457 
3 460 354 459 
3 460 458 354 
3 458 353 354 
3 354 357 459 
3 457 360 352 
3 461 360 457 
3 461 462 360 
3 360 462 362 
3 362 462 463 
3 365 362 463 
3 460 459 464 
3 459 357 366 
3 459 366 464 
3 464 366 465 
3 366 466 465 
3 368 466 366 
3 463 467 365 
3 467 373 365 
3 466 368 375 
3 468 466 375 
3 470 375 377 
3 470 469 375 
3 469 468 375 
3 469 470 471 
3 467 379 373 
3 472 379 467 
3 379 472 473 
3 382 379 473 
3 470 377 384 
3 471 470 384 
3 471 384 474 
3 474 384 386 
3 386 475 474 
3 388 475 386 
3 473 390 382 
3 476 390 473 
3 476 477 390 
3 390 477 391 
3 479 393 391 
3 479 391 478 
3 478 391 477 
3 478 480 479 
3 475 388 395 
3 481 475 395 
3 483 397 482 
3 483 481 397 
3 481 395 397 
3 397 399 482 
3 479 401 393 
3 401 485 403 
3 479 485 401 
3 479 484 485 
3 479 480 484 
3 484 486 487 
3 485 484 487 
3 486 488 487 
3 483 482 489 
3 482 399 405 
3 482 405 489 
3 489 405 490 
3 405 491 490 
3 407 491 405 
3 485 409 403 
3 487 409 485 
3 411 409 487 
3 488 411 487 
3 488 492 411 
3 492 413 411 
3 494 416 413 
3 494 413 493 
3 493 413 492 
3 493 495 494 
3 491 407 417 
3 496 491 417 
3 417 497 496 
3 419 497 417 
3 494 422 416 
3 495 422 494 
3 495 498 422 
3 498 424 422 
3 500 427 424 
3 500 424 499 
3 499 424 498 
3 497 419 428 
3 501 497 428 
3 428 502 501 
3 430 502 428 
3 500 433 427 
3 502 430 435 
3 503 502 435 
3 503 435 504 
3 435 437 504 
3 437 505 504 
3 439 505 437 
3 505 439 441 
3 506 505 441 
3 506 441 507 
3 441 443 507 
3 443 508 507 
3 445 508 443 
3 508 445 447 
3 509 508 447 
3 509 447 510 
3 447 449 510 
3 513 511 512 
3 511 514 515 
3 512 511 515 
3 514 516 515 
3 517 519 518 
3 517 518 452 
3 452 518 453 
3 512 518 513 
3 512 454 518 
3 454 453 518 
3 515 454 512 
3 455 454 515 
3 516 455 515 
3 516 520 455 
3 520 456 455 
3 456 520 521 
3 457 456 521 
3 458 519 517 
3 458 460 519 
3 460 522 519 
3 521 461 457 
3 523 461 521 
3 523 524 461 
3 461 524 462 
3 462 524 525 
3 463 462 525 
3 464 526 527 
3 464 527 460 
3 460 527 522 
3 465 526 464 
3 528 526 465 
3 465 466 528 
3 530 525 529 
3 530 467 525 
3 467 463 525 
3 529 531 530 
3 527 526 532 
3 526 528 533 
3 532 526 533 
3 528 466 468 
3 528 468 533 
3 533 468 534 
3 536 469 535 
3 536 534 469 
3 534 468 469 
3 469 471 535 
3 530 472 467 
3 472 538 473 
3 530 538 472 
3 530 537 538 
3 530 531 537 
3 537 539 540 
3 538 537 540 
3 539 541 540 
3 536 535 542 
3 544 474 543 
3 542 474 544 
3 542 471 474 
3 542 535 471 
3 474 475 543 
3 538 476 473 
3 540 476 538 
3 477 476 540 
3 541 477 540 
3 541 545 477 
3 545 478 477 
3 547 480 478 
3 547 478 546 
3 546 478 545 
3 546 548 547 
3 544 543 549 
3 543 475 481 
3 543 481 549 
3 549 481 550 
3 481 551 550 
3 483 551 481 
3 547 484 480 
3 548 484 547 
3 548 552 484 
3 552 486 484 
3 554 488 486 
3 554 486 553 
3 553 486 552 
3 553 555 554 
3 551 483 489 
3 556 551 489 
3 556 489 557 
3 489 490 557 
3 490 558 557 
3 491 558 490 
3 554 492 488 
3 555 492 554 
3 555 559 492 
3 559 493 492 
3 493 559 560 
3 495 493 560 
3 558 491 496 
3 561 558 496 
3 496 562 561 
3 497 562 496 
3 560 498 495 
3 563 498 560 
3 563 564 498 
3 498 564 499 
3 562 497 501 
3 565 562 501 
3 501 566 565 
3 502 566 501 
3 566 502 503 
3 567 566 503 
3 567 503 568 
3 503 504 568 
3 504 569 568 
3 505 569 504 
3 569 505 506 
3 570 569 506 
3 570 506 571 
3 506 507 571 
3 507 572 571 
3 508 572 507 
3 572 508 509 
3 573 572 509 
3 573 509 574 
3 509 510 574 
3 513 576 575 
3 511 513 575 
3 575 577 511 
3 511 577 514 
3 514 577 578 
3 516 514 578 
3 519 580 579 
3 518 519 579 
3 579 513 518 
3 576 513 579 
3 578 520 516 
3 581 520 578 
3 583 521 520 
3 583 520 582 
3 582 520 581 
3 582 584 583 
3 580 519 585 
3 585 519 522 
3 583 523 521 
3 583 524 523 
3 583 587 524 
3 583 584 587 
3 586 524 587 
3 524 586 525 
3 585 522 588 
3 588 522 527 
3 587 589 586 
3 586 529 525 
3 586 589 529 
3 589 590 529 
3 529 590 591 
3 531 529 591 
3 592 594 593 
3 592 527 594 
3 592 588 527 
3 527 532 594 
3 533 594 532 
3 595 594 533 
3 534 595 533 
3 596 595 534 
3 534 536 596 
3 591 537 531 
3 597 537 591 
3 597 598 537 
3 537 598 539 
3 600 541 539 
3 600 539 599 
3 599 539 598 
3 599 601 600 
3 593 594 602 
3 594 603 602 
3 604 605 603 
3 604 603 595 
3 595 603 594 
3 595 596 606 
3 604 595 606 
3 596 536 542 
3 596 542 606 
3 606 542 607 
3 609 542 544 
3 609 608 542 
3 608 607 542 
3 608 609 610 
3 600 545 541 
3 601 545 600 
3 601 611 545 
3 611 546 545 
3 613 548 546 
3 613 546 612 
3 612 546 611 
3 612 614 613 
3 617 615 602 
3 617 602 616 
3 616 602 603 
3 605 618 616 
3 603 605 616 
3 609 544 549 
3 610 609 549 
3 610 549 619 
3 619 549 550 
3 550 620 619 
3 551 620 550 
3 613 552 548 
3 614 552 613 
3 614 621 552 
3 621 553 552 
3 553 621 622 
3 555 553 622 
3 617 616 623 
3 616 618 623 
3 620 551 556 
3 624 620 556 
3 624 556 625 
3 556 557 625 
3 557 626 625 
3 558 626 557 
3 622 559 555 
3 627 559 622 
3 629 560 559 
3 629 559 628 
3 628 559 627 
3 628 630 629 
3 626 558 561 
3 631 626 561 
3 561 632 631 
3 562 632 561 
3 629 563 560 
3 630 563 629 
3 630 633 563 
3 633 564 563 
3 632 562 565 
3 634 632 565 
3 565 635 634 
3 566 635 565 
3 635 566 567 
3 636 635 567 
3 638 568 637 
3 638 636 568 
3 636 567 568 
3 568 569 637 
3 638 637 639 
3 637 569 570 
3 637 570 639 
3 639 570 640 
3 640 570 641 
3 570 571 641 
3 571 642 641 
3 572 642 571 
3 642 572 573 
3 643 642 573 
3 645 574 644 
3 645 643 574 
3 643 573 574 
3 645 644 646 
3 649 647 648 
3 576 648 647 
3 576 647 575 
3 575 647 650 
3 650 651 575 
3 575 651 577 
3 577 651 652 
3 578 577 652 
3 648 579 580 
3 648 580 649 
3 649 580 653 
3 648 576 579 
3 652 581 578 
3 654 581 652 
3 654 655 581 
3 581 655 582 
3 582 655 656 
3 584 582 656 
3 653 580 657 
3 657 580 585 
3 656 658 584 
3 658 587 584 
3 657 585 659 
3 659 585 588 
3 658 589 587 
3 660 589 658 
3 660 661 589 
3 589 661 590 
3 663 591 590 
3 663 590 662 
3 662 590 661 
3 662 664 663 
3 665 588 592 
3 659 588 665 
3 663 597 591 
3 664 597 663 
3 664 666 597 
3 666 598 597 
3 666 667 598 
3 598 667 599 
3 669 601 599 
3 669 599 668 
3 668 599 667 
3 668 670 669 
3 604 671 605 
3 606 671 604 
3 672 671 606 
3 672 673 674 
3 672 606 673 
3 606 607 673 
3 673 607 675 
3 607 608 675 
3 608 676 675 
3 610 676 608 
3 669 611 601 
3 670 611 669 
3 670 677 611 
3 677 612 611 
3 612 677 678 
3 614 612 678 
3 681 615 617 
3 681 680 615 
3 680 679 615 
3 681 682 680 
3 681 605 682 
3 681 618 605 
3 671 682 605 
3 671 672 683 
3 682 671 683 
3 672 674 683 
3 676 610 619 
3 684 676 619 
3 686 619 620 
3 686 685 619 
3 685 684 619 
3 685 686 687 
3 678 621 614 
3 688 621 678 
3 690 622 621 
3 690 621 689 
3 689 621 688 
3 689 691 690 
3 681 617 623 
3 681 623 618 
3 686 620 624 
3 687 686 624 
3 687 624 692 
3 692 624 625 
3 625 693 692 
3 626 693 625 
3 690 627 622 
3 691 627 690 
3 691 694 627 
3 694 628 627 
3 696 630 628 
3 696 628 695 
3 695 628 694 
3 693 626 631 
3 697 693 631 
3 631 698 697 
3 632 698 631 
3 696 633 630 
3 698 632 634 
3 699 698 634 
3 634 700 699 
3 635 700 634 
3 703 701 702 
3 701 704 702 
3 701 635 704 
3 701 700 635 
3 635 636 704 
3 636 638 704 
3 703 702 705 
3 702 704 706 
3 705 702 706 
3 704 638 639 
3 704 639 706 
3 706 639 707 
3 707 639 708 
3 639 640 708 
3 708 640 709 
3 640 641 709 
3 641 710 709 
3 642 710 641 
3 710 642 643 
3 711 710 643 
3 643 712 711 
3 645 712 643 
3 712 645 646 
3 713 712 646 
3 649 715 714 
3 647 649 714 
3 714 716 647 
3 647 716 650 
3 716 717 650 
3 650 717 651 
3 719 652 651 
3 719 651 718 
3 718 651 717 
3 718 720 719 
3 715 649 721 
3 721 649 653 
3 719 654 652 
3 720 654 719 
3 720 722 654 
3 722 655 654 
3 655 722 723 
3 656 655 723 
3 721 653 724 
3 724 653 657 
3 726 723 725 
3 726 658 723 
3 658 656 723 
3 725 727 726 
3 728 659 729 
3 728 724 659 
3 724 657 659 
3 726 660 658 
3 727 660 726 
3 727 730 660 
3 730 661 660 
3 730 731 661 
3 661 731 662 
3 733 664 662 
3 733 662 732 
3 732 662 731 
3 732 734 735 
3 733 732 735 
3 734 736 735 
3 729 659 665 
3 739 738 737 
3 737 741 740 
3 738 741 737 
3 740 741 742 
3 733 666 664 
3 735 666 733 
3 667 666 735 
3 736 667 735 
3 736 743 667 
3 743 668 667 
3 668 743 744 
3 670 668 744 
3 746 738 739 
3 745 738 746 
3 674 673 741 
3 674 741 745 
3 745 741 738 
3 742 741 673 
3 742 673 747 
3 747 673 675 
3 749 675 676 
3 749 748 675 
3 748 747 675 
3 748 749 750 
3 744 677 670 
3 751 677 744 
3 753 678 677 
3 753 677 752 
3 752 677 751 
3 752 754 753 
3 755 679 756 
3 679 680 756 
3 756 680 757 
3 680 682 757 
3 745 746 757 
3 745 757 683 
3 683 757 682 
3 745 683 674 
3 749 676 684 
3 750 749 684 
3 750 684 758 
3 758 684 685 
3 685 759 758 
3 687 759 685 
3 753 688 678 
3 754 688 753 
3 754 760 688 
3 760 689 688 
3 689 760 761 
3 691 689 761 
3 759 687 692 
3 762 759 692 
3 764 692 693 
3 764 763 692 
3 763 762 692 
3 763 764 765 
3 761 694 691 
3 766 694 761 
3 766 767 694 
3 694 767 695 
3 768 769 770 
3 764 693 697 
3 697 765 764 
3 697 698 765 
3 768 765 769 
3 769 765 698 
3 772 770 769 
3 771 772 769 
3 699 769 698 
3 699 773 769 
3 773 771 769 
3 699 700 773 
3 775 772 771 
3 774 775 771 
3 703 773 701 
3 703 774 773 
3 774 771 773 
3 773 700 701 
3 775 774 776 
3 778 705 777 
3 776 705 778 
3 776 703 705 
3 776 774 703 
3 706 777 705 
3 779 777 706 
3 779 780 781 
3 779 706 780 
3 706 707 780 
3 780 707 782 
3 707 708 782 
3 784 709 783 
3 784 782 709 
3 782 708 709 
3 709 710 783 
3 778 777 785 
3 777 779 786 
3 785 777 786 
3 779 781 786 
3 784 783 787 
3 789 711 788 
3 787 711 789 
3 787 710 711 
3 787 783 710 
3 711 712 788 
3 789 788 790 
3 792 713 791 
3 790 713 792 
3 790 712 713 
3 790 788 712 
3 792 791 793 
3 715 795 794 
3 714 715 794 
3 794 796 714 
3 714 796 716 
3 797 796 798 
3 797 717 796 
3 717 716 796 
3 800 717 797 
3 800 799 717 
3 799 718 717 
3 718 799 801 
3 720 718 801 
3 795 715 802 
3 802 715 721 
3 801 722 720 
3 803 722 801 
3 722 803 804 
3 723 722 804 
3 802 721 805 
3 805 721 724 
3 804 725 723 
3 806 725 804 
3 808 727 725 
3 808 725 807 
3 807 725 806 
3 807 809 808 
3 810 724 728 
3 810 811 724 
3 811 805 724 
3 808 730 727 
3 809 730 808 
3 809 812 730 
3 812 731 730 
3 812 813 731 
3 731 813 732 
3 815 814 734 
3 815 734 813 
3 813 734 732 
3 734 814 736 
3 810 816 811 
3 737 817 739 
3 740 817 737 
3 818 817 740 
3 820 740 742 
3 820 819 740 
3 818 740 821 
3 821 740 819 
3 819 820 822 
3 815 823 814 
3 814 743 736 
3 814 823 743 
3 823 824 743 
3 743 824 825 
3 744 743 825 
3 826 739 817 
3 826 827 739 
3 827 746 739 
3 817 818 828 
3 826 817 828 
3 818 821 828 
3 742 747 820 
3 822 820 747 
3 822 747 829 
3 829 747 748 
3 748 830 829 
3 750 830 748 
3 825 751 744 
3 831 751 825 
3 833 832 752 
3 833 752 831 
3 831 752 751 
3 752 832 754 
3 836 756 835 
3 836 834 756 
3 834 755 756 
3 835 837 838 
3 835 756 837 
3 756 757 837 
3 837 757 746 
3 827 837 746 
3 830 750 758 
3 839 830 758 
3 758 840 839 
3 759 840 758 
3 833 841 832 
3 832 760 754 
3 832 841 760 
3 841 842 760 
3 760 842 843 
3 761 760 843 
3 836 835 844 
3 835 838 844 
3 840 759 762 
3 845 840 762 
3 845 762 846 
3 762 763 846 
3 763 847 846 
3 765 847 763 
3 843 766 761 
3 848 766 843 
3 848 849 766 
3 766 849 767 
3 770 851 850 
3 768 770 850 
3 850 765 768 
3 847 765 850 
3 851 770 852 
3 852 770 772 
3 852 772 853 
3 853 772 775 
3 853 775 776 
3 854 853 776 
3 776 855 854 
3 778 855 776 
3 780 856 781 
3 856 857 858 
3 856 780 857 
3 780 782 857 
3 782 859 857 
3 784 859 782 
3 855 778 785 
3 860 855 785 
3 860 785 861 
3 785 786 861 
3 781 856 862 
3 781 862 786 
3 786 862 861 
3 856 858 862 
3 859 784 787 
3 863 859 787 
3 787 864 863 
3 789 864 787 
3 864 789 790 
3 865 864 790 
3 790 866 865 
3 792 866 790 
3 866 792 793 
3 867 866 793 
3 795 869 868 
3 794 795 868 
3 868 870 794 
3 794 870 796 
3 870 798 796 
3 871 798 870 
3 873 799 800 
3 872 799 873 
3 799 872 874 
3 801 799 874 
3 869 795 875 
3 875 795 802 
3 874 803 801 
3 876 803 874 
3 803 876 877 
3 804 803 877 
3 875 802 878 
3 878 802 805 
3 877 806 804 
3 879 806 877 
3 879 880 806 
3 806 880 807 
3 807 880 881 
3 809 807 881 
3 878 805 882 
3 882 805 811 
3 881 812 809 
3 883 812 881 
3 883 884 812 
3 812 884 813 
3 813 884 885 
3 815 813 885 
3 886 811 816 
3 886 887 811 
3 887 882 811 
3 819 888 821 
3 819 822 888 
3 885 823 815 
3 889 823 885 
3 889 890 823 
3 823 890 824 
3 824 890 891 
3 825 824 891 
3 887 892 893 
3 886 892 887 
3 827 894 895 
3 826 894 827 
3 894 826 896 
3 826 828 896 
3 821 888 897 
3 821 897 828 
3 828 897 896 
3 888 822 829 
3 888 829 897 
3 897 829 898 
3 900 829 830 
3 900 899 829 
3 899 898 829 
3 899 900 901 
3 891 831 825 
3 902 831 891 
3 831 902 903 
3 833 831 903 
3 834 893 892 
3 834 836 893 
3 836 904 893 
3 837 905 838 
3 905 837 827 
3 905 827 906 
3 906 827 895 
3 900 830 839 
3 839 840 908 
3 900 839 908 
3 900 908 907 
3 900 907 901 
3 907 908 909 
3 903 841 833 
3 910 841 903 
3 910 911 841 
3 841 911 842 
3 842 911 912 
3 843 842 912 
3 904 836 844 
3 913 904 844 
3 838 905 914 
3 838 914 844 
3 844 914 913 
3 905 906 914 
3 908 840 845 
3 909 908 845 
3 909 845 915 
3 915 845 846 
3 846 916 915 
3 847 916 846 
3 912 848 843 
3 917 848 912 
3 917 918 848 
3 848 918 849 
3 851 920 919 
3 850 851 919 
3 919 847 850 
3 916 847 919 
3 920 851 921 
3 921 851 852 
3 921 852 922 
3 922 852 853 
3 922 853 854 
3 923 922 854 
3 854 924 923 
3 855 924 854 
3 858 925 926 
3 857 925 858 
3 857 927 925 
3 859 927 857 
3 924 855 860 
3 928 924 860 
3 930 861 929 
3 930 928 861 
3 928 860 861 
3 862 929 861 
3 931 929 862 
3 932 858 926 
3 932 931 858 
3 932 933 931 
3 862 858 931 
3 927 859 863 
3 927 863 934 
3 935 933 932 
3 863 936 934 
3 864 936 863 
3 930 929 937 
3 929 931 938 
3 937 929 938 
3 940 938 931 
3 940 931 939 
3 939 931 933 
3 935 941 939 
3 933 935 939 
3 936 864 865 
3 942 936 865 
3 865 943 942 
3 866 943 865 
3 940 939 944 
3 939 941 944 
3 943 866 867 
3 945 943 867 
3 946 868 869 
3 946 869 947 
3 947 869 948 
3 949 868 946 
3 870 868 949 
3 949 871 870 
3 951 872 873 
3 950 872 951 
3 872 950 952 
3 874 872 952 
3 948 869 953 
3 953 869 875 
3 952 876 874 
3 954 876 952 
3 956 877 876 
3 956 876 955 
3 955 876 954 
3 955 957 956 
3 953 875 958 
3 958 875 878 
3 956 879 877 
3 957 879 956 
3 957 959 879 
3 959 880 879 
3 961 881 880 
3 961 880 960 
3 960 880 959 
3 960 962 961 
3 958 878 963 
3 963 878 882 
3 961 883 881 
3 962 883 961 
3 962 964 883 
3 964 884 883 
3 884 964 965 
3 885 884 965 
3 966 887 967 
3 966 963 887 
3 963 882 887 
3 970 969 968 
3 968 972 971 
3 969 972 968 
3 971 972 973 
3 965 889 885 
3 974 889 965 
3 976 975 890 
3 976 890 974 
3 974 890 889 
3 890 975 891 
3 967 893 977 
3 887 893 967 
3 969 895 894 
3 969 970 895 
3 970 978 895 
3 972 969 894 
3 896 972 894 
3 973 972 896 
3 973 896 979 
3 979 896 897 
3 979 897 980 
3 897 898 980 
3 982 899 981 
3 982 980 899 
3 980 898 899 
3 899 901 981 
3 976 983 975 
3 975 902 891 
3 975 983 902 
3 983 984 902 
3 902 984 985 
3 903 902 985 
3 977 904 986 
3 893 904 977 
3 978 987 895 
3 987 906 895 
3 982 981 988 
3 981 901 907 
3 981 907 988 
3 988 907 989 
3 991 907 909 
3 991 990 907 
3 990 989 907 
3 990 991 992 
3 985 910 903 
3 993 910 985 
3 995 994 911 
3 995 911 993 
3 993 911 910 
3 911 994 912 
3 986 904 913 
3 986 913 996 
3 996 913 997 
3 997 913 998 
3 913 914 998 
3 998 914 906 
3 987 998 906 
3 991 909 915 
3 915 992 991 
3 915 916 992 
3 916 999 992 
3 995 1000 994 
3 994 917 912 
3 994 1000 917 
3 1000 1001 917 
3 1001 1002 917 
3 917 1002 918 
3 1005 1003 1004 
3 920 1004 1003 
3 920 1003 919 
3 919 1003 1006 
3 1006 916 919 
3 999 916 1006 
3 1005 1004 1007 
3 1004 1008 1007 
3 1004 920 1008 
3 920 921 1008 
3 1008 921 1009 
3 1009 921 922 
3 1009 922 923 
3 1010 1009 923 
3 923 1011 1010 
3 924 1011 923 
3 925 1012 926 
3 925 927 1012 
3 1011 924 928 
3 1013 1011 928 
3 928 1014 1013 
3 930 1014 928 
3 1012 932 926 
3 934 1012 927 
3 934 1015 1012 
3 932 1012 935 
3 935 1012 1015 
3 934 936 1015 
3 1014 930 937 
3 1016 1014 937 
3 1018 938 1017 
3 1018 1016 938 
3 1016 937 938 
3 938 940 1017 
3 1019 935 1015 
3 941 935 1019 
3 936 1019 1015 
3 936 1020 1019 
3 936 942 1020 
3 1021 1019 1020 
3 942 1022 1020 
3 943 1022 942 
3 1018 1017 1023 
3 1017 940 944 
3 1017 944 1023 
3 1023 944 1024 
3 941 1024 944 
3 941 1025 1024 
3 941 1019 1025 
3 1025 1026 1024 
3 1021 1027 1028 
3 1021 1028 1019 
3 1019 1028 1025 
3 1022 943 945 
3 1022 945 1029 
3 1030 1028 1027 
3 1026 1025 1031 
3 1025 1028 1032 
3 1031 1025 1032 
3 1028 1030 1032 
3 1033 947 1034 
3 1034 947 948 
3 1035 950 951 
3 950 1037 952 
3 1035 1037 950 
3 1035 1036 1037 
3 1035 1038 1036 
3 1036 1039 1037 
3 1034 948 1040 
3 1040 948 953 
3 1037 954 952 
3 1039 954 1037 
3 1039 1041 954 
3 1041 955 954 
3 1043 957 955 
3 1043 955 1042 
3 1042 955 1041 
3 1042 1044 1043 
3 1046 1045 1040 
3 1046 1040 958 
3 958 1040 953 
3 1045 1046 1047 
3 1043 959 957 
3 1044 959 1043 
3 1044 1048 959 
3 1048 960 959 
3 960 1048 1049 
3 962 960 1049 
3 1050 1046 958 
3 1050 958 1051 
3 1051 958 963 
3 1046 1050 1047 
3 1049 964 962 
3 1052 964 1049 
3 964 1052 1053 
3 965 964 1053 
3 1054 963 966 
3 1054 1055 963 
3 1055 1051 963 
3 968 1056 970 
3 1056 1057 1058 
3 1056 968 1057 
3 968 971 1057 
3 971 1059 1057 
3 973 1059 971 
3 1053 974 965 
3 1060 974 1053 
3 974 1060 1061 
3 976 974 1061 
3 1054 1062 1055 
3 1063 970 1056 
3 1063 1064 970 
3 1064 978 970 
3 1056 1058 1063 
3 1059 973 979 
3 1065 1059 979 
3 1065 979 1066 
3 979 980 1066 
3 1068 980 982 
3 1068 1067 980 
3 1067 1066 980 
3 1067 1070 1069 
3 1068 1070 1067 
3 1069 1070 1071 
3 1061 983 976 
3 1072 983 1061 
3 1074 1073 984 
3 1074 984 1072 
3 1072 984 983 
3 984 1073 985 
3 1077 1076 1075 
3 1075 1076 987 
3 1075 987 1064 
3 1064 987 978 
3 1068 982 988 
3 1070 1068 988 
3 989 1070 988 
3 1071 1070 989 
3 1071 989 1078 
3 1078 989 990 
3 990 1079 1078 
3 992 1079 990 
3 1074 1080 1073 
3 1073 993 985 
3 1073 1080 993 
3 1080 1081 993 
3 993 1081 1082 
3 995 993 1082 
3 1083 996 1084 
3 996 997 1084 
3 1076 1077 1084 
3 1076 1084 998 
3 998 1084 997 
3 1076 998 987 
3 1079 992 1085 
3 1085 992 999 
3 1082 1000 995 
3 1086 1000 1082 
3 1086 1087 1000 
3 1000 1087 1001 
3 1087 1088 1001 
3 1001 1088 1002 
3 1005 1090 1089 
3 1003 1005 1089 
3 1089 1091 1003 
3 1003 1091 1006 
3 1091 999 1006 
3 1085 999 1091 
3 1090 1005 1007 
3 1092 1090 1007 
3 1007 1093 1092 
3 1008 1093 1007 
3 1093 1008 1094 
3 1094 1008 1009 
3 1094 1009 1010 
3 1095 1094 1010 
3 1010 1096 1095 
3 1011 1096 1010 
3 1096 1011 1013 
3 1097 1096 1013 
3 1013 1098 1097 
3 1014 1098 1013 
3 1098 1014 1016 
3 1099 1098 1016 
3 1016 1100 1099 
3 1018 1100 1016 
3 1020 1101 1021 
3 1020 1022 1101 
3 1100 1018 1023 
3 1102 1100 1023 
3 1102 1023 1103 
3 1023 1024 1103 
3 1024 1104 1103 
3 1026 1104 1024 
3 1101 1027 1021 
3 1029 1101 1022 
3 1029 1105 1101 
3 1027 1101 1030 
3 1030 1101 1105 
3 1104 1026 1031 
3 1106 1104 1031 
3 1106 1031 1107 
3 1031 1032 1107 
3 1030 1107 1032 
3 1030 1108 1107 
3 1030 1105 1108 
3 1108 1109 1107 
3 1111 1110 1033 
3 1111 1033 1112 
3 1112 1033 1034 
3 1110 1111 1113 
3 1115 1036 1038 
3 1114 1036 1115 
3 1036 1114 1116 
3 1039 1036 1116 
3 1118 1117 1112 
3 1118 1112 1040 
3 1040 1112 1034 
3 1117 1118 1119 
3 1116 1041 1039 
3 1120 1041 1116 
3 1120 1121 1041 
3 1041 1121 1042 
3 1042 1121 1122 
3 1044 1042 1122 
3 1123 1124 1125 
3 1118 1040 1045 
3 1045 1119 1118 
3 1045 1047 1119 
3 1123 1119 1124 
3 1124 1119 1047 
3 1122 1048 1044 
3 1126 1048 1122 
3 1048 1126 1127 
3 1049 1048 1127 
3 1124 1128 1125 
3 1050 1051 1129 
3 1129 1047 1050 
3 1129 1130 1047 
3 1124 1047 1128 
3 1128 1047 1130 
3 1127 1052 1049 
3 1131 1052 1127 
3 1052 1131 1132 
3 1053 1052 1132 
3 1133 1129 1051 
3 1133 1051 1134 
3 1134 1051 1055 
3 1137 1129 1133 
3 1137 1136 1129 
3 1130 1129 1135 
3 1135 1129 1136 
3 1135 1139 1138 
3 1136 1139 1135 
3 1058 1138 1139 
3 1058 1057 1138 
3 1057 1140 1138 
3 1142 1057 1059 
3 1142 1141 1057 
3 1141 1140 1057 
3 1141 1144 1143 
3 1142 1144 1141 
3 1143 1144 1145 
3 1132 1060 1053 
3 1146 1060 1132 
3 1060 1146 1147 
3 1061 1060 1147 
3 1148 1055 1062 
3 1134 1055 1148 
3 1150 1136 1137 
3 1149 1136 1150 
3 1064 1063 1139 
3 1064 1139 1149 
3 1149 1139 1136 
3 1139 1063 1058 
3 1142 1059 1065 
3 1144 1142 1065 
3 1066 1144 1065 
3 1145 1144 1066 
3 1145 1066 1151 
3 1151 1066 1067 
3 1151 1067 1152 
3 1067 1069 1152 
3 1069 1153 1152 
3 1071 1153 1069 
3 1147 1072 1061 
3 1154 1072 1147 
3 1156 1074 1072 
3 1156 1072 1155 
3 1155 1072 1154 
3 1155 1157 1156 
3 1149 1077 1075 
3 1149 1150 1077 
3 1150 1158 1077 
3 1149 1075 1064 
3 1153 1071 1078 
3 1159 1153 1078 
3 1078 1160 1159 
3 1079 1160 1078 
3 1156 1080 1074 
3 1157 1080 1156 
3 1157 1161 1080 
3 1161 1081 1080 
3 1081 1161 1162 
3 1082 1081 1162 
3 1163 1083 1164 
3 1083 1084 1164 
3 1164 1084 1077 
3 1158 1164 1077 
3 1167 1165 1166 
3 1165 1085 1166 
3 1165 1160 1085 
3 1160 1079 1085 
3 1162 1086 1082 
3 1168 1086 1162 
3 1168 1169 1086 
3 1086 1169 1087 
3 1169 1170 1087 
3 1087 1170 1088 
3 1090 1172 1171 
3 1089 1090 1171 
3 1166 1171 1167 
3 1166 1091 1171 
3 1091 1089 1171 
3 1166 1085 1091 
3 1172 1090 1092 
3 1173 1172 1092 
3 1092 1174 1173 
3 1093 1174 1092 
3 1174 1093 1175 
3 1175 1093 1094 
3 1175 1094 1095 
3 1176 1175 1095 
3 1095 1177 1176 
3 1096 1177 1095 
3 1177 1096 1097 
3 1178 1177 1097 
3 1097 1179 1178 
3 1098 1179 1097 
3 1179 1098 1099 
3 1180 1179 1099 
3 1099 1181 1180 
3 1100 1181 1099 
3 1181 1100 1102 
3 1182 1181 1102 
3 1184 1103 1183 
3 1184 1182 1103 
3 1182 1102 1103 
3 1103 1104 1183 
3 1184 1183 1185 
3 1183 1104 1106 
3 1183 1106 1185 
3 1185 1106 1186 
3 1188 1107 1187 
3 1188 1186 1107 
3 1186 1106 1107 
3 1107 1109 1187 
3 1189 1111 1112 
3 1189 1112 1190 
3 1190 1112 1191 
3 1189 1113 1111 
3 1193 1114 1115 
3 1192 1114 1193 
3 1195 1116 1114 
3 1195 1114 1194 
3 1194 1114 1192 
3 1194 1196 1197 
3 1195 1194 1197 
3 1196 1198 1197 
3 1191 1112 1117 
3 1199 1191 1117 
3 1117 1200 1199 
3 1119 1200 1117 
3 1195 1120 1116 
3 1197 1120 1195 
3 1121 1120 1197 
3 1121 1202 1122 
3 1197 1202 1121 
3 1197 1201 1202 
3 1197 1198 1201 
3 1201 1203 1202 
3 1123 1125 1204 
3 1204 1119 1123 
3 1204 1205 1119 
3 1205 1200 1119 
3 1202 1126 1122 
3 1126 1207 1127 
3 1202 1207 1126 
3 1202 1206 1207 
3 1202 1203 1206 
3 1206 1208 1207 
3 1204 1125 1128 
3 1128 1205 1204 
3 1128 1130 1205 
3 1130 1209 1205 
3 1212 1211 1210 
3 1210 1214 1213 
3 1211 1214 1210 
3 1213 1214 1215 
3 1207 1131 1127 
3 1131 1217 1132 
3 1207 1217 1131 
3 1207 1216 1217 
3 1207 1208 1216 
3 1216 1218 1217 
3 1133 1134 1219 
3 1135 1220 1209 
3 1135 1209 1130 
3 1133 1219 1137 
3 1220 1135 1221 
3 1135 1138 1221 
3 1211 1212 1221 
3 1211 1221 1140 
3 1140 1221 1138 
3 1214 1211 1140 
3 1141 1214 1140 
3 1215 1214 1141 
3 1215 1141 1222 
3 1222 1141 1143 
3 1224 1143 1145 
3 1224 1223 1143 
3 1223 1222 1143 
3 1223 1224 1225 
3 1217 1146 1132 
3 1146 1227 1147 
3 1217 1227 1146 
3 1217 1226 1227 
3 1217 1218 1226 
3 1226 1228 1227 
3 1134 1148 1229 
3 1134 1229 1230 
3 1134 1230 1219 
3 1230 1229 1231 
3 1219 1230 1150 
3 1137 1219 1150 
3 1224 1145 1151 
3 1225 1224 1151 
3 1225 1151 1232 
3 1232 1151 1152 
3 1152 1233 1232 
3 1153 1233 1152 
3 1227 1154 1147 
3 1228 1154 1227 
3 1228 1234 1154 
3 1234 1155 1154 
3 1236 1157 1155 
3 1236 1155 1235 
3 1235 1155 1234 
3 1235 1237 1236 
3 1238 1230 1231 
3 1238 1239 1230 
3 1239 1240 1230 
3 1230 1240 1158 
3 1150 1230 1158 
3 1233 1153 1159 
3 1241 1233 1159 
3 1159 1242 1241 
3 1160 1242 1159 
3 1236 1161 1157 
3 1161 1244 1162 
3 1236 1244 1161 
3 1236 1243 1244 
3 1236 1237 1243 
3 1243 1245 1244 
3 1240 1239 1163 
3 1164 1240 1163 
3 1240 1164 1158 
3 1248 1246 1247 
3 1167 1247 1246 
3 1167 1246 1165 
3 1165 1246 1249 
3 1249 1160 1165 
3 1242 1160 1249 
3 1244 1168 1162 
3 1245 1168 1244 
3 1245 1250 1168 
3 1250 1169 1168 
3 1250 1251 1169 
3 1169 1251 1170 
3 1247 1171 1172 
3 1247 1172 1248 
3 1248 1172 1252 
3 1247 1167 1171 
3 1252 1172 1173 
3 1253 1252 1173 
3 1173 1254 1253 
3 1174 1254 1173 
3 1256 1255 1254 
3 1256 1254 1175 
3 1175 1254 1174 
3 1255 1256 1257 
3 1256 1175 1176 
3 1176 1257 1256 
3 1176 1177 1257 
3 1177 1258 1257 
3 1258 1177 1178 
3 1259 1258 1178 
3 1178 1260 1259 
3 1179 1260 1178 
3 1260 1179 1180 
3 1261 1260 1180 
3 1263 1180 1181 
3 1263 1262 1180 
3 1262 1261 1180 
3 1262 1263 1264 
3 1263 1181 1182 
3 1182 1184 1266 
3 1263 1182 1266 
3 1263 1266 1265 
3 1263 1265 1264 
3 1265 1266 1267 
3 1266 1184 1185 
3 1267 1266 1185 
3 1267 1185 1268 
3 1268 1185 1186 
3 1186 1269 1268 
3 1188 1269 1186 
3 1271 1270 1272 
3 1271 1272 1191 
3 1191 1272 1190 
3 1270 1271 1273 
3 1275 1192 1193 
3 1274 1192 1275 
3 1274 1276 1192 
3 1192 1276 1194 
3 1276 1277 1194 
3 1194 1277 1196 
3 1196 1277 1278 
3 1198 1196 1278 
3 1271 1191 1199 
3 1199 1273 1271 
3 1199 1200 1273 
3 1200 1279 1273 
3 1278 1201 1198 
3 1280 1201 1278 
3 1282 1203 1201 
3 1282 1201 1281 
3 1281 1201 1280 
3 1281 1283 1282 
3 1279 1200 1284 
3 1284 1200 1205 
3 1282 1206 1203 
3 1206 1286 1208 
3 1282 1286 1206 
3 1282 1285 1286 
3 1282 1283 1285 
3 1285 1287 1286 
3 1289 1288 1284 
3 1289 1284 1209 
3 1209 1284 1205 
3 1288 1291 1290 
3 1289 1291 1288 
3 1212 1290 1291 
3 1212 1210 1290 
3 1210 1292 1290 
3 1292 1210 1293 
3 1210 1213 1293 
3 1295 1213 1215 
3 1295 1294 1213 
3 1294 1293 1213 
3 1294 1295 1296 
3 1286 1216 1208 
3 1216 1298 1218 
3 1286 1298 1216 
3 1286 1297 1298 
3 1286 1287 1297 
3 1297 1299 1298 
3 1289 1209 1220 
3 1291 1289 1220 
3 1221 1291 1220 
3 1291 1221 1212 
3 1295 1215 1222 
3 1296 1295 1222 
3 1296 1222 1300 
3 1300 1222 1223 
3 1223 1301 1300 
3 1225 1301 1223 
3 1298 1226 1218 
3 1226 1303 1228 
3 1298 1303 1226 
3 1298 1302 1303 
3 1298 1299 1302 
3 1302 1304 1305 
3 1303 1302 1305 
3 1304 1306 1305 
3 1307 1231 1229 
3 1301 1225 1232 
3 1308 1301 1232 
3 1232 1309 1308 
3 1233 1309 1232 
3 1303 1234 1228 
3 1305 1234 1303 
3 1235 1234 1305 
3 1235 1311 1237 
3 1305 1311 1235 
3 1305 1310 1311 
3 1305 1306 1310 
3 1310 1312 1311 
3 1307 1238 1231 
3 1241 1313 1314 
3 1241 1314 1233 
3 1233 1314 1309 
3 1241 1242 1313 
3 1311 1243 1237 
3 1243 1316 1245 
3 1311 1316 1243 
3 1311 1315 1316 
3 1311 1312 1315 
3 1315 1317 1318 
3 1316 1315 1318 
3 1246 1248 1319 
3 1319 1320 1314 
3 1319 1314 1249 
3 1319 1249 1246 
3 1249 1314 1313 
3 1313 1242 1249 
3 1316 1250 1245 
3 1318 1250 1316 
3 1251 1250 1318 
3 1321 1319 1248 
3 1321 1248 1322 
3 1322 1248 1252 
3 1319 1321 1320 
3 1322 1252 1253 
3 1323 1322 1253 
3 1253 1324 1323 
3 1254 1324 1253 
3 1324 1254 1255 
3 1325 1324 1255 
3 1255 1326 1325 
3 1257 1326 1255 
3 1328 1327 1326 
3 1328 1326 1258 
3 1258 1326 1257 
3 1327 1328 1329 
3 1328 1258 1259 
3 1259 1329 1328 
3 1259 1260 1329 
3 1260 1330 1329 
3 1330 1260 1261 
3 1331 1330 1261 
3 1331 1261 1332 
3 1261 1262 1332 
3 1262 1333 1332 
3 1264 1333 1262 
3 1333 1264 1265 
3 1334 1333 1265 
3 1265 1335 1334 
3 1267 1335 1265 
3 1335 1267 1268 
3 1336 1335 1268 
3 1338 1268 1269 
3 1338 1337 1268 
3 1337 1336 1268 
3 1337 1338 1339 
3 1341 1272 1270 
3 1340 1341 1270 
3 1270 1342 1340 
3 1273 1342 1270 
3 1343 1274 1275 
3 1345 1274 1343 
3 1345 1344 1274 
3 1344 1276 1274 
3 1344 1346 1276 
3 1276 1346 1277 
3 1277 1346 1347 
3 1278 1277 1347 
3 1342 1273 1348 
3 1348 1273 1279 
3 1347 1280 1278 
3 1349 1280 1347 
3 1349 1350 1280 
3 1280 1350 1281 
3 1281 1350 1351 
3 1283 1281 1351 
3 1354 1352 1353 
3 1352 1284 1353 
3 1352 1348 1284 
3 1348 1279 1284 
3 1351 1285 1283 
3 1355 1285 1351 
3 1285 1355 1356 
3 1287 1285 1356 
3 1354 1353 1357 
3 1353 1284 1288 
3 1353 1288 1357 
3 1357 1288 1358 
3 1358 1288 1359 
3 1288 1290 1359 
3 1359 1290 1360 
3 1290 1292 1360 
3 1360 1292 1361 
3 1292 1293 1361 
3 1363 1294 1362 
3 1363 1361 1294 
3 1361 1293 1294 
3 1294 1296 1362 
3 1356 1297 1287 
3 1364 1297 1356 
3 1366 1299 1297 
3 1366 1297 1365 
3 1365 1297 1364 
3 1365 1367 1366 
3 1363 1362 1368 
3 1362 1296 1300 
3 1362 1300 1368 
3 1368 1300 1369 
3 1300 1370 1369 
3 1301 1370 1300 
3 1366 1302 1299 
3 1367 1302 1366 
3 1367 1371 1302 
3 1371 1304 1302 
3 1373 1306 1304 
3 1373 1304 1372 
3 1372 1304 1371 
3 1372 1374 1373 
3 1370 1301 1308 
3 1375 1370 1308 
3 1308 1376 1375 
3 1309 1376 1308 
3 1373 1310 1306 
3 1310 1378 1312 
3 1373 1378 1310 
3 1373 1377 1378 
3 1373 1374 1377 
3 1377 1379 1378 
3 1382 1380 1381 
3 1380 1314 1381 
3 1380 1376 1314 
3 1376 1309 1314 
3 1378 1315 1312 
3 1379 1315 1378 
3 1379 1383 1315 
3 1383 1317 1315 
3 1385 1382 1381 
3 1384 1385 1381 
3 1381 1320 1384 
3 1314 1320 1381 
3 1384 1321 1322 
3 1384 1322 1385 
3 1385 1322 1386 
3 1384 1320 1321 
3 1386 1322 1323 
3 1387 1386 1323 
3 1323 1388 1387 
3 1324 1388 1323 
3 1388 1324 1325 
3 1389 1388 1325 
3 1325 1390 1389 
3 1326 1390 1325 
3 1390 1326 1327 
3 1391 1390 1327 
3 1327 1392 1391 
3 1329 1392 1327 
3 1394 1393 1392 
3 1394 1392 1330 
3 1330 1392 1329 
3 1393 1394 1395 
3 1394 1330 1331 
3 1395 1394 1331 
3 1395 1331 1396 
3 1396 1331 1332 
3 1332 1397 1396 
3 1333 1397 1332 
3 1397 1333 1334 
3 1398 1397 1334 
3 1334 1399 1398 
3 1335 1399 1334 
3 1399 1335 1336 
3 1400 1399 1336 
3 1400 1336 1401 
3 1336 1337 1401 
3 1337 1402 1401 
3 1339 1402 1337 
3 1403 1341 1340 
3 1340 1404 1403 
3 1340 1342 1404 
3 1342 1405 1404 
3 1407 1344 1345 
3 1406 1344 1407 
3 1406 1408 1344 
3 1344 1408 1346 
3 1410 1347 1346 
3 1410 1346 1409 
3 1409 1346 1408 
3 1409 1411 1410 
3 1414 1412 1413 
3 1412 1348 1413 
3 1412 1405 1348 
3 1405 1342 1348 
3 1410 1349 1347 
3 1411 1349 1410 
3 1411 1415 1349 
3 1415 1350 1349 
3 1417 1351 1350 
3 1417 1350 1416 
3 1416 1350 1415 
3 1416 1418 1417 
3 1413 1419 1414 
3 1352 1354 1420 
3 1419 1348 1421 
3 1419 1413 1348 
3 1421 1348 1422 
3 1352 1420 1348 
3 1422 1348 1420 
3 1421 1424 1423 
3 1422 1424 1421 
3 1423 1426 1425 
3 1424 1426 1423 
3 1425 1428 1427 
3 1426 1428 1425 
3 1427 1428 1429 
3 1417 1355 1351 
3 1355 1431 1356 
3 1417 1431 1355 
3 1417 1430 1431 
3 1417 1418 1430 
3 1430 1432 1431 
3 1354 1357 1420 
3 1422 1420 1357 
3 1358 1422 1357 
3 1424 1422 1358 
3 1359 1424 1358 
3 1426 1424 1359 
3 1360 1426 1359 
3 1428 1426 1360 
3 1361 1428 1360 
3 1361 1363 1434 
3 1428 1361 1434 
3 1428 1434 1433 
3 1428 1433 1429 
3 1433 1434 1435 
3 1431 1364 1356 
3 1432 1364 1431 
3 1432 1436 1364 
3 1436 1365 1364 
3 1438 1367 1365 
3 1438 1365 1437 
3 1437 1365 1436 
3 1437 1439 1438 
3 1434 1363 1368 
3 1435 1434 1368 
3 1435 1368 1440 
3 1440 1368 1369 
3 1369 1441 1440 
3 1370 1441 1369 
3 1438 1371 1367 
3 1439 1371 1438 
3 1439 1442 1371 
3 1442 1372 1371 
3 1444 1374 1372 
3 1444 1372 1443 
3 1443 1372 1442 
3 1443 1445 1444 
3 1441 1370 1375 
3 1446 1441 1375 
3 1375 1447 1446 
3 1376 1447 1375 
3 1444 1377 1374 
3 1377 1449 1379 
3 1444 1449 1377 
3 1444 1448 1449 
3 1444 1445 1448 
3 1380 1382 1450 
3 1450 1376 1380 
3 1450 1451 1376 
3 1451 1447 1376 
3 1449 1383 1379 
3 1452 1450 1382 
3 1452 1382 1453 
3 1453 1382 1385 
3 1450 1452 1451 
3 1453 1385 1454 
3 1454 1385 1386 
3 1454 1386 1387 
3 1455 1454 1387 
3 1387 1456 1455 
3 1388 1456 1387 
3 1456 1388 1389 
3 1457 1456 1389 
3 1459 1389 1390 
3 1459 1458 1389 
3 1458 1457 1389 
3 1458 1459 1460 
3 1459 1390 1391 
3 1391 1460 1459 
3 1391 1392 1460 
3 1392 1461 1460 
3 1461 1392 1393 
3 1462 1461 1393 
3 1393 1463 1462 
3 1395 1463 1393 
3 1463 1395 1396 
3 1464 1463 1396 
3 1396 1465 1464 
3 1397 1465 1396 
3 1465 1397 1398 
3 1466 1465 1398 
3 1398 1467 1466 
3 1399 1467 1398 
3 1467 1399 1400 
3 1468 1467 1400 
3 1468 1400 1469 
3 1400 1401 1469 
3 1401 1470 1469 
3 1402 1470 1401 
3 1471 1404 1472 
3 1472 1404 1405 
3 1473 1406 1407 
3 1475 1406 1473 
3 1475 1474 1406 
3 1474 1408 1406 
3 1474 1476 1408 
3 1408 1476 1409 
3 1478 1411 1409 
3 1478 1409 1477 
3 1477 1409 1476 
3 1477 1479 1478 
3 1412 1414 1480 
3 1480 1405 1412 
3 1480 1481 1405 
3 1481 1472 1405 
3 1478 1415 1411 
3 1479 1415 1478 
3 1479 1482 1415 
3 1482 1416 1415 
3 1416 1482 1483 
3 1418 1416 1483 
3 1480 1414 1419 
3 1481 1480 1419 
3 1481 1419 1484 
3 1484 1419 1421 
3 1484 1421 1485 
3 1421 1423 1485 
3 1485 1423 1486 
3 1423 1425 1486 
3 1486 1425 1487 
3 1425 1427 1487 
3 1427 1488 1487 
3 1429 1488 1427 
3 1483 1430 1418 
3 1489 1430 1483 
3 1491 1432 1430 
3 1491 1430 1490 
3 1490 1430 1489 
3 1490 1492 1491 
3 1488 1429 1433 
3 1493 1488 1433 
3 1433 1494 1493 
3 1435 1494 1433 
3 1491 1436 1432 
3 1492 1436 1491 
3 1492 1495 1436 
3 1495 1437 1436 
3 1497 1439 1437 
3 1497 1437 1496 
3 1496 1437 1495 
3 1496 1498 1497 
3 1494 1435 1440 
3 1499 1494 1440 
3 1440 1500 1499 
3 1441 1500 1440 
3 1497 1442 1439 
3 1498 1442 1497 
3 1498 1501 1442 
3 1501 1443 1442 
3 1503 1445 1443 
3 1503 1443 1502 
3 1502 1443 1501 
3 1446 1504 1505 
3 1446 1505 1441 
3 1441 1505 1500 
3 1446 1447 1504 
3 1503 1448 1445 
3 1505 1504 1506 
3 1504 1507 1506 
3 1504 1447 1507 
3 1447 1451 1507 
3 1453 1509 1508 
3 1452 1453 1508 
3 1508 1451 1452 
3 1507 1451 1508 
3 1511 1510 1509 
3 1511 1509 1454 
3 1454 1509 1453 
3 1510 1511 1512 
3 1511 1454 1455 
3 1455 1512 1511 
3 1455 1456 1512 
3 1456 1513 1512 
3 1513 1456 1457 
3 1514 1513 1457 
3 1516 1458 1515 
3 1516 1514 1458 
3 1514 1457 1458 
3 1458 1460 1515 
3 1516 1515 1517 
3 1515 1518 1517 
3 1515 1460 1518 
3 1460 1461 1518 
3 1518 1461 1462 
3 1519 1518 1462 
3 1462 1520 1519 
3 1463 1520 1462 
3 1520 1463 1464 
3 1521 1520 1464 
3 1464 1522 1521 
3 1465 1522 1464 
3 1522 1465 1466 
3 1523 1522 1466 
3 1466 1524 1523 
3 1467 1524 1466 
3 1524 1467 1468 
3 1525 1524 1468 
3 1525 1468 1526 
3 1468 1469 1526 
3 1469 5 1526 
3 1470 5 1469 
3 1527 339 340 
3 1527 340 353 
3 1527 1528 452 
3 339 1527 452 
3 1528 1527 353 
3 458 1528 353 
3 452 1528 517 
3 517 1528 458 
3 1529 592 593 
3 1530 1529 593 
3 602 1530 593 
3 1530 602 615 
3 1529 1531 665 
3 592 1529 665 
3 1531 1529 1532 
3 1532 1529 1530 
3 1532 1530 615 
3 679 1532 615 
3 1533 728 729 
3 729 665 1531 
3 729 1531 1533 
3 1533 1531 1534 
3 1534 1531 1535 
3 1535 1531 1532 
3 1535 1532 679 
3 755 1535 679 
3 728 1533 810 
3 816 810 1533 
3 816 1533 1536 
3 1536 1533 1534 
3 1536 1534 1537 
3 1537 1534 1535 
3 1537 1535 755 
3 834 1537 755 
3 816 1536 886 
3 892 886 1536 
3 1537 892 1536 
3 892 1537 834 
3 1538 966 967 
3 1539 1538 967 
3 977 1539 967 
3 1540 1539 977 
3 986 1540 977 
3 1540 986 996 
3 966 1538 1054 
3 1062 1054 1538 
3 1062 1538 1541 
3 1541 1538 1539 
3 1544 1542 1543 
3 1542 1540 1543 
3 1542 1541 1540 
3 1541 1539 1540 
3 1544 1543 1545 
3 1543 1540 996 
3 1543 996 1545 
3 1545 996 1083 
3 1548 1546 1547 
3 1541 1547 1546 
3 1541 1546 1062 
3 1062 1546 1148 
3 1547 1542 1544 
3 1547 1544 1548 
3 1548 1544 1549 
3 1547 1541 1542 
3 1549 1544 1545 
3 1550 1549 1545 
3 1550 1545 1163 
3 1545 1083 1163 
3 1548 1552 1551 
3 1546 1548 1551 
3 1551 1229 1546 
3 1546 1229 1148 
3 1554 1553 1552 
3 1554 1552 1549 
3 1549 1552 1548 
3 1553 1239 1238 
3 1554 1239 1553 
3 1554 1549 1550 
3 1239 1554 1550 
3 1163 1239 1550 
3 1551 1552 1555 
3 1229 1551 1555 
3 1229 1555 1307 
3 1555 1552 1553 
3 1307 1555 1553 
3 1238 1307 1553 
3 798 1556 797 
3 1556 800 797 
3 798 871 1557 
3 1556 798 1557 
3 1556 1557 873 
3 800 1556 873 
3 947 1558 946 
3 1558 1559 949 
3 946 1558 949 
3 871 949 1559 
3 871 1559 1557 
3 1557 1559 1560 
3 1557 1560 951 
3 873 1557 951 
3 947 1033 1561 
3 1558 947 1561 
3 1561 1562 1558 
3 1558 1562 1559 
3 1562 1563 1559 
3 1559 1563 1560 
3 1035 951 1560 
3 1035 1560 1564 
3 1564 1560 1563 
3 1564 1038 1035 
3 1561 1033 1110 
3 1110 1113 1565 
3 1110 1565 1561 
3 1561 1565 1562 
3 1565 1566 1562 
3 1562 1566 1563 
3 1566 1567 1563 
3 1563 1567 1564 
3 1564 1567 1115 
3 1038 1564 1115 
3 1570 1568 1569 
3 1568 1571 1569 
3 1190 1572 1189 
3 1113 1189 1572 
3 1113 1572 1565 
3 1565 1572 1573 
3 1569 1573 1570 
3 1569 1566 1573 
3 1566 1565 1573 
3 1571 1566 1569 
3 1571 1574 1566 
3 1574 1567 1566 
3 1567 1574 1193 
3 1115 1567 1193 
3 1577 1575 1576 
3 1570 1576 1575 
3 1570 1575 1568 
3 1568 1575 1578 
3 1568 1578 1579 
3 1571 1568 1579 
3 1190 1272 1580 
3 1572 1190 1580 
3 1576 1580 1577 
3 1576 1573 1580 
3 1573 1572 1580 
3 1576 1570 1573 
3 1579 1574 1571 
3 1581 1574 1579 
3 1574 1581 1275 
3 1193 1574 1275 
3 1584 1582 1583 
3 1577 1583 1582 
3 1577 1582 1575 
3 1575 1582 1585 
3 1585 1586 1575 
3 1575 1586 1578 
3 1588 1579 1578 
3 1588 1578 1587 
3 1587 1578 1586 
3 1587 1589 1588 
3 1583 1580 1272 
3 1583 1272 1584 
3 1584 1272 1341 
3 1583 1577 1580 
3 1588 1581 1579 
3 1581 1343 1275 
3 1588 1343 1581 
3 1588 1590 1343 
3 1588 1589 1590 
3 1590 1345 1343 
3 1584 1592 1591 
3 1582 1584 1591 
3 1591 1593 1582 
3 1582 1593 1585 
3 1593 1594 1585 
3 1585 1594 1586 
3 1594 1595 1586 
3 1586 1595 1587 
3 1597 1589 1587 
3 1597 1587 1596 
3 1596 1587 1595 
3 1596 1598 1597 
3 1403 1599 1592 
3 1403 1592 1341 
3 1341 1592 1584 
3 1599 1403 1404 
3 1597 1590 1589 
3 1590 1597 1598 
3 1590 1598 1345 
3 1345 1598 1407 
3 1592 1601 1600 
3 1591 1592 1600 
3 1600 1602 1591 
3 1591 1602 1593 
3 1602 1603 1593 
3 1593 1603 1594 
3 1603 1604 1594 
3 1594 1604 1595 
3 1606 1605 1596 
3 1606 1596 1604 
3 1604 1596 1595 
3 1596 1605 1598 
3 1601 1592 1599 
3 1607 1601 1599 
3 1599 1471 1607 
3 1404 1471 1599 
3 1606 1608 1605 
3 1605 1407 1598 
3 1605 1609 1407 
3 1605 1608 1609 
3 1609 1473 1407 
3 1609 1475 1473 
3 1613 1611 1612 
3 1610 1611 1613 
3 1610 1614 1611 
3 1611 1614 1615 
3 1614 1616 1615 
3 1615 1616 1617 
3 1617 1616 1618 
3 1619 1617 1618 
3 32 33 1620 
3 33 1621 1620 
3 1620 1621 1622 
3 1621 1623 1622 
3 1623 1624 1622 
3 1625 1624 1623 
3 1618 1626 1619 
3 1626 1627 1619 
3 1624 1625 1629 
3 1628 1624 1629 
3 1631 1629 1632 
3 1631 1630 1629 
3 1630 1628 1629 
3 1630 1631 1633 
3 1635 1636 1634 
3 1635 1627 1636 
3 1627 1626 1636 
3 1635 1634 1637 
3 1631 1632 1638 
3 1638 1641 1640 
3 1631 1638 1640 
3 1631 1640 1639 
3 1631 1639 1633 
3 1639 1640 1642 
3 1645 1644 1643 
3 1643 1647 1646 
3 1644 1647 1643 
3 1634 1649 1648 
3 1636 1649 1634 
3 1636 1647 1649 
3 1636 1646 1647 
3 1634 1648 1637 
3 1640 1641 1650 
3 1640 1650 1652 
3 1640 1652 1653 
3 1640 1653 1642 
3 1651 1653 1652 
3 1651 1645 1655 
3 1651 1654 1645 
3 1651 1652 1654 
3 1654 1644 1645 
3 1647 1644 1654 
3 1656 1647 1654 
3 1647 1656 1649 
3 1653 1651 1657 
3 1651 1655 1657 
3 62 63 1658 
3 1660 1610 1613 
3 1659 1610 1660 
3 1659 1661 1610 
3 1610 1661 1614 
3 1661 1662 1614 
3 1614 1662 1616 
3 1616 1662 1663 
3 1618 1616 1663 
3 1658 63 32 
3 1658 32 1664 
3 1664 32 1620 
3 1664 1620 1665 
3 1620 1622 1665 
3 1622 1666 1665 
3 1624 1666 1622 
3 1663 1667 1618 
3 1667 1626 1618 
3 1666 1624 1628 
3 1668 1666 1628 
3 1670 1630 1669 
3 1670 1668 1630 
3 1668 1628 1630 
3 1630 1633 1669 
3 1667 1671 1626 
3 1671 1636 1626 
3 1670 1669 1672 
3 1674 1639 1673 
3 1672 1639 1674 
3 1672 1633 1639 
3 1672 1669 1633 
3 1639 1642 1673 
3 1645 1675 1676 
3 1643 1675 1645 
3 1675 1643 1677 
3 1643 1646 1677 
3 1677 1646 1636 
3 1671 1677 1636 
3 1679 1674 1673 
3 1678 1679 1673 
3 1673 1653 1678 
3 1642 1653 1673 
3 1676 1680 1645 
3 1680 1655 1645 
3 1679 1678 1681 
3 1678 1653 1657 
3 1678 1657 1681 
3 1681 1657 1682 
3 1682 1657 1655 
3 1680 1682 1655 
3 62 1683 91 
3 1658 1683 62 
3 1684 1659 1660 
3 1686 1659 1684 
3 1686 1685 1659 
3 1685 1661 1659 
3 1685 1687 1661 
3 1661 1687 1662 
3 1662 1687 1688 
3 1663 1662 1688 
3 1683 1658 1664 
3 1689 1683 1664 
3 1689 1664 1690 
3 1664 1665 1690 
3 1692 1665 1666 
3 1692 1691 1665 
3 1691 1690 1665 
3 1691 1692 1693 
3 1688 1694 1663 
3 1694 1667 1663 
3 1692 1666 1668 
3 1668 1670 1696 
3 1692 1668 1696 
3 1692 1696 1695 
3 1692 1695 1693 
3 1695 1696 1697 
3 1694 1698 1667 
3 1698 1671 1667 
3 1696 1670 1672 
3 1672 1697 1696 
3 1672 1674 1697 
3 1674 1699 1697 
3 1676 1700 1701 
3 1675 1700 1676 
3 1700 1675 1702 
3 1675 1677 1702 
3 1702 1677 1671 
3 1698 1702 1671 
3 1699 1674 1703 
3 1703 1674 1679 
3 1701 1704 1676 
3 1704 1680 1676 
3 1681 1705 1706 
3 1681 1706 1679 
3 1679 1706 1703 
3 1705 1707 1708 
3 1705 1681 1707 
3 1681 1682 1707 
3 1707 1682 1680 
3 1704 1707 1680 
3 1706 1705 1709 
3 1705 1708 1709 
3 91 1710 117 
3 1683 1710 91 
3 1711 1685 1686 
3 1712 1685 1711 
3 1687 1685 1712 
3 1687 1712 1713 
3 1687 1713 1688 
3 1688 1713 1714 
3 1710 1683 1689 
3 1715 1710 1689 
3 1715 1689 1716 
3 1689 1690 1716 
3 1716 1690 1717 
3 1690 1691 1717 
3 1691 1718 1717 
3 1693 1718 1691 
3 1720 1714 1719 
3 1720 1694 1714 
3 1694 1688 1714 
3 1719 1721 1720 
3 1695 1722 1723 
3 1695 1723 1693 
3 1693 1723 1718 
3 1695 1697 1722 
3 1726 1725 1724 
3 1724 1728 1727 
3 1725 1728 1724 
3 1728 1729 1727 
3 1728 1694 1729 
3 1728 1698 1694 
3 1720 1729 1694 
3 1720 1721 1729 
3 1723 1722 1730 
3 1722 1731 1730 
3 1722 1697 1731 
3 1697 1699 1731 
3 1725 1701 1700 
3 1725 1726 1701 
3 1726 1732 1701 
3 1728 1725 1700 
3 1702 1728 1700 
3 1728 1702 1698 
3 1734 1733 1731 
3 1734 1731 1703 
3 1703 1731 1699 
3 1733 1736 1735 
3 1734 1736 1733 
3 1735 1736 1704 
3 1735 1704 1732 
3 1732 1704 1701 
3 1739 1737 1738 
3 1738 1737 1740 
3 1738 1740 1703 
3 1738 1703 1706 
3 1734 1703 1740 
3 1740 1741 1708 
3 1740 1708 1736 
3 1740 1736 1734 
3 1707 1736 1708 
3 1736 1707 1704 
3 1739 1738 1742 
3 1738 1706 1709 
3 1738 1709 1742 
3 1742 1709 1743 
3 1743 1709 1708 
3 1741 1743 1708 
3 117 1744 143 
3 117 1710 1744 
3 1710 1745 1744 
3 1746 1747 1713 
3 1747 1714 1713 
3 1745 1710 1715 
3 1748 1745 1715 
3 1748 1715 1749 
3 1715 1716 1749 
3 1749 1716 1750 
3 1716 1717 1750 
3 1717 1751 1750 
3 1718 1751 1717 
3 1719 1753 1752 
3 1719 1714 1753 
3 1714 1747 1753 
3 1719 1752 1721 
3 1751 1718 1754 
3 1754 1718 1723 
3 1726 1755 1756 
3 1724 1755 1726 
3 1755 1724 1757 
3 1724 1727 1757 
3 1752 1753 1757 
3 1752 1757 1729 
3 1729 1757 1727 
3 1752 1729 1721 
3 1754 1723 1730 
3 1758 1754 1730 
3 1760 1730 1731 
3 1760 1759 1730 
3 1759 1758 1730 
3 1759 1760 1761 
3 1756 1762 1726 
3 1762 1732 1726 
3 1765 1763 1764 
3 1767 1764 1763 
3 1767 1763 1766 
3 1760 1731 1733 
3 1769 1767 1766 
3 1761 1760 1768 
3 1768 1760 1733 
3 1768 1733 1735 
3 1768 1735 1732 
3 1762 1768 1732 
3 1764 1737 1739 
3 1764 1739 1765 
3 1765 1739 1770 
3 1767 1737 1764 
3 1740 1737 1767 
3 1740 1767 1769 
3 1740 1769 1741 
3 1741 1769 1771 
3 1770 1739 1742 
3 1772 1770 1742 
3 1774 1743 1773 
3 1774 1772 1743 
3 1772 1742 1743 
3 1773 1743 1741 
3 1773 1741 1775 
3 1775 1741 1771 
3 1774 1773 1776 
3 1773 1775 1776 
3 1778 1777 1744 
3 1745 1778 1744 
3 1777 1778 1779 
3 1779 1778 1780 
3 1781 1780 1782 
3 1779 1780 1781 
3 1783 1784 1746 
3 1784 1747 1746 
3 1778 1745 1748 
3 1780 1778 1748 
3 1749 1780 1748 
3 1782 1780 1749 
3 1782 1749 1785 
3 1785 1749 1750 
3 1750 1786 1785 
3 1751 1786 1750 
3 1784 1787 1747 
3 1787 1753 1747 
3 1786 1751 1788 
3 1788 1751 1754 
3 1755 1789 1756 
3 1789 1790 1791 
3 1789 1755 1790 
3 1755 1757 1790 
3 1790 1757 1753 
3 1787 1790 1753 
3 1758 1792 1793 
3 1758 1793 1754 
3 1754 1793 1788 
3 1759 1792 1758 
3 1794 1792 1759 
3 1759 1761 1794 
3 1795 1756 1789 
3 1795 1796 1756 
3 1796 1762 1756 
3 1789 1791 1795 
3 1792 1763 1765 
3 1792 1765 1793 
3 1793 1765 1797 
3 1794 1763 1792 
3 1766 1763 1794 
3 1769 1794 1799 
3 1769 1766 1794 
3 1799 1794 1798 
3 1761 1768 1794 
3 1798 1794 1768 
3 1798 1768 1762 
3 1796 1798 1762 
3 1797 1765 1800 
3 1800 1765 1770 
3 1799 1801 1769 
3 1801 1771 1769 
3 1800 1770 1772 
3 1802 1800 1772 
3 1772 1803 1802 
3 1774 1803 1772 
3 1801 1804 1771 
3 1804 1775 1771 
3 1803 1774 1776 
3 1805 1803 1776 
3 1805 1776 1775 
3 1804 1805 1775 
3 1807 1806 1808 
3 1807 1808 1782 
3 1782 1808 1781 
3 1806 1807 1809 
3 1811 1812 1810 
3 1811 1784 1812 
3 1784 1783 1812 
3 1810 1813 1811 
3 1807 1782 1785 
3 1785 1809 1807 
3 1785 1786 1809 
3 1786 1814 1809 
3 1815 1784 1811 
3 1815 1816 1784 
3 1816 1787 1784 
3 1811 1813 1815 
3 1814 1786 1817 
3 1817 1786 1788 
3 1791 1818 1819 
3 1790 1818 1791 
3 1818 1790 1787 
3 1816 1818 1787 
3 1817 1788 1820 
3 1820 1788 1793 
3 1823 1822 1821 
3 1796 1821 1822 
3 1796 1795 1821 
3 1795 1824 1821 
3 1824 1795 1791 
3 1819 1824 1791 
3 1827 1825 1826 
3 1825 1797 1826 
3 1825 1820 1797 
3 1820 1793 1797 
3 1822 1799 1798 
3 1822 1823 1799 
3 1823 1828 1799 
3 1822 1798 1796 
3 1830 1827 1826 
3 1829 1830 1826 
3 1826 1800 1829 
3 1797 1800 1826 
3 1833 1832 1831 
3 1831 1832 1801 
3 1831 1801 1828 
3 1828 1801 1799 
3 1830 1829 1834 
3 1836 1802 1835 
3 1834 1802 1836 
3 1834 1800 1802 
3 1834 1829 1800 
3 1833 1837 1832 
3 1835 1802 1803 
3 1832 1837 1838 
3 1832 1838 1801 
3 1801 1838 1804 
3 1836 1835 1839 
3 1835 1803 1805 
3 1835 1805 1839 
3 1839 1805 1840 
3 1840 1805 1804 
3 1838 1840 1804 
3 1841 1808 1806 
3 1806 1842 1841 
3 1806 1809 1842 
3 1809 1843 1842 
3 1845 1810 1812 
3 1844 1810 1845 
3 1810 1844 1846 
3 1813 1810 1846 
3 1848 1847 1843 
3 1848 1843 1814 
3 1814 1843 1809 
3 1847 1848 1849 
3 1852 1851 1850 
3 1816 1850 1851 
3 1816 1815 1850 
3 1815 1853 1850 
3 1853 1815 1813 
3 1846 1853 1813 
3 1854 1848 1814 
3 1854 1814 1855 
3 1855 1814 1817 
3 1848 1854 1849 
3 1851 1819 1818 
3 1851 1852 1819 
3 1852 1856 1819 
3 1851 1818 1816 
3 1859 1857 1858 
3 1857 1820 1858 
3 1857 1855 1820 
3 1855 1817 1820 
3 1823 1860 1861 
3 1821 1860 1823 
3 1860 1821 1862 
3 1821 1824 1862 
3 1862 1824 1819 
3 1856 1862 1819 
3 1858 1825 1827 
3 1858 1827 1859 
3 1859 1827 1863 
3 1858 1820 1825 
3 1861 1864 1823 
3 1864 1828 1823 
3 1866 1865 1863 
3 1866 1863 1830 
3 1830 1863 1827 
3 1865 1866 1867 
3 1833 1868 1869 
3 1831 1868 1833 
3 1868 1831 1828 
3 1864 1868 1828 
3 1866 1830 1834 
3 1834 1836 1871 
3 1866 1834 1871 
3 1866 1871 1870 
3 1866 1870 1867 
3 1870 1871 1872 
3 1870 1872 1833 
3 1870 1833 1869 
3 1833 1872 1837 
3 1837 1872 1838 
3 1871 1836 1839 
3 1872 1871 1839 
3 1840 1872 1839 
3 1872 1840 1838 
3 1874 1873 1875 
3 1874 1875 1843 
3 1843 1875 1842 
3 1873 1874 1876 
3 1877 1844 1845 
3 1844 1877 1878 
3 1844 1878 1846 
3 1846 1878 1879 
3 1874 1843 1847 
3 1847 1876 1874 
3 1847 1849 1876 
3 1849 1880 1876 
3 1852 1881 1882 
3 1850 1881 1852 
3 1881 1850 1883 
3 1850 1853 1883 
3 1883 1853 1846 
3 1879 1883 1846 
3 1855 1885 1884 
3 1854 1855 1884 
3 1884 1849 1854 
3 1880 1849 1884 
3 1888 1887 1886 
3 1886 1887 1856 
3 1886 1856 1882 
3 1882 1856 1852 
3 1859 1890 1889 
3 1857 1859 1889 
3 1889 1855 1857 
3 1885 1855 1889 
3 1860 1891 1861 
3 1891 1888 1892 
3 1891 1862 1888 
3 1891 1860 1862 
3 1862 1887 1888 
3 1887 1862 1856 
3 1894 1893 1890 
3 1894 1890 1863 
3 1863 1890 1859 
3 1893 1894 1895 
3 1898 1897 1896 
3 1897 1899 1896 
3 1897 1861 1899 
3 1897 1864 1861 
3 1891 1899 1861 
3 1891 1892 1899 
3 1894 1863 1865 
3 1865 1867 1901 
3 1894 1865 1901 
3 1894 1901 1900 
3 1894 1900 1895 
3 1897 1869 1868 
3 1898 1869 1897 
3 1898 1901 1869 
3 1898 1900 1901 
3 1897 1868 1864 
3 1901 1867 1870 
3 1901 1870 1869 
3 1903 1875 1873 
3 1902 1903 1873 
3 1873 1904 1902 
3 1876 1904 1873 
3 1905 1906 1878 
3 1906 1879 1878 
3 1904 1876 1907 
3 1907 1876 1880 
3 1882 1908 1909 
3 1881 1908 1882 
3 1908 1881 1910 
3 1881 1883 1910 
3 1910 1883 1879 
3 1906 1910 1879 
3 1884 1885 1911 
3 1911 1880 1884 
3 1911 1912 1880 
3 1912 1907 1880 
3 1886 1913 1888 
3 1913 1886 1882 
3 1913 1882 1914 
3 1914 1882 1909 
3 1889 1890 1915 
3 1885 1889 1915 
3 1885 1915 1911 
3 1911 1915 1916 
3 1912 1916 1917 
3 1911 1916 1912 
3 1920 1919 1918 
3 1919 1921 1918 
3 1919 1888 1921 
3 1919 1892 1888 
3 1913 1921 1888 
3 1913 1914 1921 
3 1915 1890 1893 
3 1893 1895 1922 
3 1893 1922 1915 
3 1915 1922 1916 
3 1917 1896 1923 
3 1917 1922 1896 
3 1917 1916 1922 
3 1922 1898 1896 
3 1919 1920 1923 
3 1919 1923 1899 
3 1899 1923 1896 
3 1919 1899 1892 
3 1922 1895 1900 
3 1922 1900 1898 
3 1925 1926 1927 
3 1924 1903 1902 
3 1902 1928 1924 
3 1902 1904 1928 
3 1925 1928 1926 
3 1926 1928 1904 
3 1931 1930 1929 
3 1929 1933 1932 
3 1930 1933 1929 
3 1932 1933 1906 
3 1932 1906 1934 
3 1934 1906 1905 
3 1927 1926 1935 
3 1926 1936 1935 
3 1926 1904 1936 
3 1904 1907 1936 
3 1930 1909 1908 
3 1930 1931 1909 
3 1931 1937 1909 
3 1933 1930 1908 
3 1910 1933 1908 
3 1933 1910 1906 
3 1936 1907 1938 
3 1938 1907 1912 
3 1937 1939 1909 
3 1939 1914 1909 
3 1941 1940 1938 
3 1941 1938 1917 
3 1917 1938 1912 
3 1920 1940 1941 
3 1920 1918 1940 
3 1918 1942 1940 
3 1942 1918 1943 
3 1918 1921 1943 
3 1943 1921 1914 
3 1939 1943 1914 
3 1941 1917 1923 
3 1941 1923 1920 
3 1925 1927 1944 
3 1928 1925 1944 
3 1928 1944 1945 
3 1945 1944 1946 
3 1947 1946 1948 
3 1945 1946 1947 
3 1929 1949 1931 
3 1949 1950 1951 
3 1949 1929 1950 
3 1929 1932 1950 
3 1950 1932 1934 
3 1952 1950 1934 
3 1944 1927 1935 
3 1953 1946 1944 
3 1953 1944 1936 
3 1953 1936 1954 
3 1936 1944 1935 
3 1946 1953 1948 
3 1955 1931 1949 
3 1955 1956 1931 
3 1956 1937 1931 
3 1949 1951 1955 
3 1954 1936 1957 
3 1957 1936 1938 
3 1960 1959 1958 
3 1958 1962 1961 
3 1959 1962 1958 
3 1961 1962 1939 
3 1961 1939 1956 
3 1956 1939 1937 
3 1957 1938 1940 
3 1963 1957 1940 
3 1959 1960 1963 
3 1959 1963 1942 
3 1942 1963 1940 
3 1962 1959 1942 
3 1943 1962 1942 
3 1962 1943 1939 
3 1965 1964 1947 
3 1948 1965 1947 
3 1964 1965 1966 
3 1966 1965 1967 
3 1970 1969 1968 
3 1970 1966 1969 
3 1966 1967 1969 
3 1951 1968 1969 
3 1951 1950 1968 
3 1950 1971 1968 
3 1971 1950 1952 
3 1972 1971 1952 
3 1953 1954 1973 
3 1948 1953 1973 
3 1948 1973 1965 
3 1965 1973 1974 
3 1965 1974 1967 
3 1967 1974 1975 
3 1956 1955 1969 
3 1956 1969 1975 
3 1975 1969 1967 
3 1969 1955 1951 
3 1976 1973 1954 
3 1976 1954 1977 
3 1977 1954 1957 
3 1976 1978 1960 
3 1976 1960 1974 
3 1976 1974 1973 
3 1958 1974 1960 
3 1975 1974 1958 
3 1961 1975 1958 
3 1975 1961 1956 
3 1977 1957 1963 
3 1979 1977 1963 
3 1979 1963 1960 
3 1978 1979 1960 
3 1980 1970 1968 
3 1981 1980 1968 
3 1971 1981 1968 
3 1981 1971 1972 
3 1976 1977 1982 
3 1976 1982 1978 
3 1982 1977 1979 
3 1982 1979 1978 
3 1985 1983 1984 
3 1983 1986 1987 
3 1984 1983 1987 
3 1986 1988 1989 
3 1987 1986 1989 
3 1988 1990 1989 
3 1985 1984 1991 
3 1984 1987 1992 
3 1991 1984 1992 
3 1987 1989 1993 
3 1992 1987 1993 
3 1990 1993 1989 
3 1994 1995 1996 
3 1994 1997 1998 
3 1995 1994 1998 
3 1997 1999 2000 
3 1998 1997 2000 
3 1999 2001 2000 
3 2004 2002 2003 
3 2002 2005 2006 
3 2003 2002 2006 
3 2005 2007 2008 
3 2006 2005 2008 
3 2007 2009 2008 
3 2003 2010 2004 
3 2003 2011 2010 
3 2003 2006 2011 
3 2011 2012 2010 
3 2006 2008 2011 
3 2008 2013 2011 
3 2009 2014 2013 
3 2008 2009 2013 
3 2012 2011 2015 
3 2016 2015 2011 
3 2016 2011 2013 
3 1983 1985 2017 
3 2014 2016 2013 
3 2018 1983 2019 
3 2018 1986 1983 
3 1983 2017 2019 
3 2018 2020 1986 
3 1986 2020 1988 
3 2022 1990 1988 
3 2022 1988 2021 
3 2021 1988 2020 
3 2021 2023 2022 
3 2017 1985 1991 
3 2019 2017 1991 
3 2019 1991 2024 
3 2024 1991 1992 
3 2024 1992 2025 
3 1992 1993 2025 
3 1993 2022 2025 
3 1993 1990 2022 
3 2025 2022 2026 
3 1994 1996 2022 
3 2026 2022 1996 
3 2023 1994 2022 
3 2023 2027 1994 
3 2027 1997 1994 
3 2029 2028 1999 
3 2029 1999 2027 
3 2027 1999 1997 
3 1999 2028 2001 
3 2030 2032 2031 
3 2032 2034 2035 
3 2032 2035 2031 
3 2031 2035 2033 
3 2034 2036 2037 
3 2035 2034 2037 
3 2036 2038 2037 
3 2004 2035 2002 
3 2004 2039 2035 
3 2039 2033 2035 
3 2037 2002 2035 
3 2005 2002 2037 
3 2038 2005 2037 
3 2038 2040 2005 
3 2040 2007 2005 
3 2042 2009 2007 
3 2042 2007 2041 
3 2041 2007 2040 
3 2041 2043 2042 
3 2010 2039 2004 
3 2010 2045 2039 
3 2045 2044 2039 
3 2010 2012 2045 
3 2046 2009 2042 
3 2014 2009 2046 
3 2043 2047 2048 
3 2043 2048 2042 
3 2042 2048 2046 
3 2047 2049 2050 
3 2048 2047 2050 
3 2049 2051 2050 
3 2044 2045 2052 
3 2045 2053 2052 
3 2015 2045 2012 
3 2015 2054 2045 
3 2054 2053 2045 
3 2016 2054 2015 
3 2055 2054 2016 
3 2019 2046 2018 
3 2019 2055 2046 
3 2014 2046 2016 
3 2016 2046 2055 
3 2048 2018 2046 
3 2020 2018 2048 
3 2050 2020 2048 
3 2021 2020 2050 
3 2021 2057 2023 
3 2050 2057 2021 
3 2050 2056 2057 
3 2050 2051 2056 
3 2056 2058 2059 
3 2057 2056 2059 
3 2058 2060 2059 
3 2063 2061 2052 
3 2063 2052 2062 
3 2062 2052 2053 
3 2053 2054 2062 
3 2054 2064 2062 
3 2054 2055 2064 
3 2055 2065 2064 
3 2024 2055 2019 
3 2024 2066 2055 
3 2066 2065 2055 
3 2025 2066 2024 
3 2067 2066 2025 
3 2025 2026 2067 
3 2057 2027 2023 
3 2027 2068 2029 
3 2027 2057 2068 
3 2057 2059 2068 
3 2060 2069 2070 
3 2060 2070 2059 
3 2059 2070 2068 
3 2069 2071 2072 
3 2070 2069 2072 
3 2071 2073 2074 
3 2072 2071 2074 
3 2073 2075 2076 
3 2074 2073 2076 
3 2075 2077 2076 
3 2080 2032 2030 
3 2080 2030 2079 
3 2079 2030 2078 
3 2079 2081 2080 
3 2080 2034 2032 
3 2081 2034 2080 
3 2081 2082 2034 
3 2082 2036 2034 
3 2084 2038 2036 
3 2084 2036 2083 
3 2083 2036 2082 
3 2083 2085 2084 
3 2084 2040 2038 
3 2085 2040 2084 
3 2085 2086 2040 
3 2086 2041 2040 
3 2088 2043 2041 
3 2088 2041 2087 
3 2087 2041 2086 
3 2087 2089 2088 
3 2088 2047 2043 
3 2089 2047 2088 
3 2089 2090 2047 
3 2090 2049 2047 
3 2092 2051 2049 
3 2092 2049 2091 
3 2091 2049 2090 
3 2091 2093 2092 
3 2092 2056 2051 
3 2093 2056 2092 
3 2093 2094 2056 
3 2094 2058 2056 
3 2096 2060 2058 
3 2096 2058 2095 
3 2095 2058 2094 
3 2095 2097 2096 
3 2061 2063 2098 
3 2096 2069 2060 
3 2097 2069 2096 
3 2097 2099 2069 
3 2099 2071 2069 
3 2099 2100 2071 
3 2071 2100 2073 
3 2102 2101 2075 
3 2102 2075 2100 
3 2100 2075 2073 
3 2075 2101 2077 
3 2103 2104 2078 
3 2078 2104 2079 
3 2079 2104 2105 
3 2081 2079 2105 
3 2105 2082 2081 
3 2106 2082 2105 
3 2106 2107 2082 
3 2082 2107 2083 
3 2083 2107 2108 
3 2085 2083 2108 
3 2108 2086 2085 
3 2109 2086 2108 
3 2109 2110 2086 
3 2086 2110 2087 
3 2087 2110 2111 
3 2089 2087 2111 
3 2111 2090 2089 
3 2112 2090 2111 
3 2112 2113 2090 
3 2090 2113 2091 
3 2091 2113 2114 
3 2093 2091 2114 
3 2115 2116 2117 
3 2114 2094 2093 
3 2118 2094 2114 
3 2118 2119 2094 
3 2094 2119 2095 
3 2095 2119 2120 
3 2097 2095 2120 
3 2117 2123 2122 
3 2117 2116 2123 
3 2116 2121 2123 
3 2122 2125 2124 
3 2123 2125 2122 
3 2124 2127 2126 
3 2125 2127 2124 
3 2126 2129 2128 
3 2127 2129 2126 
3 2128 2129 2130 
3 2120 2099 2097 
3 2131 2099 2120 
3 2131 2132 2099 
3 2099 2132 2100 
3 2134 2102 2100 
3 2134 2100 2133 
3 2133 2100 2132 
3 2133 2135 2134 
3 2138 2137 2104 
3 2138 2104 2136 
3 2136 2104 2103 
3 2104 2137 2105 
3 2138 2139 2137 
3 2137 2106 2105 
3 2137 2139 2106 
3 2139 2140 2106 
3 2140 2141 2106 
3 2106 2141 2107 
3 2107 2141 2142 
3 2108 2107 2142 
3 2142 2109 2108 
3 2143 2109 2142 
3 2143 2144 2109 
3 2109 2144 2110 
3 2146 2111 2110 
3 2146 2110 2145 
3 2145 2110 2144 
3 2145 2147 2146 
3 2148 2149 2150 
3 2146 2112 2111 
3 2147 2112 2146 
3 2147 2151 2112 
3 2151 2113 2112 
3 2153 2114 2113 
3 2153 2113 2152 
3 2152 2113 2151 
3 2152 2154 2153 
3 2115 2117 2156 
3 2149 2115 2156 
3 2149 2156 2155 
3 2149 2155 2150 
3 2155 2158 2157 
3 2156 2158 2155 
3 2157 2158 2159 
3 2153 2118 2114 
3 2154 2118 2153 
3 2154 2160 2118 
3 2160 2119 2118 
3 2162 2120 2119 
3 2162 2119 2161 
3 2161 2119 2160 
3 2161 2163 2162 
3 2156 2117 2122 
3 2158 2156 2122 
3 2124 2158 2122 
3 2159 2158 2124 
3 2159 2124 2164 
3 2164 2124 2126 
3 2164 2126 2165 
3 2126 2128 2165 
3 2167 2128 2130 
3 2167 2166 2128 
3 2166 2165 2128 
3 2166 2167 2168 
3 2162 2131 2120 
3 2163 2131 2162 
3 2163 2169 2131 
3 2169 2132 2131 
3 2169 2170 2132 
3 2132 2170 2133 
3 2133 2170 2171 
3 2135 2133 2171 
3 2174 2138 2136 
3 2174 2136 2173 
3 2173 2136 2172 
3 2173 2175 2174 
3 2174 2139 2138 
3 2175 2139 2174 
3 2175 2176 2139 
3 2176 2140 2139 
3 2176 2177 2140 
3 2140 2177 2141 
3 2141 2177 2178 
3 2142 2141 2178 
3 2179 2180 2181 
3 2178 2143 2142 
3 2182 2143 2178 
3 2182 2183 2143 
3 2143 2183 2144 
3 2183 2184 2144 
3 2144 2184 2145 
3 2145 2184 2185 
3 2147 2145 2185 
3 2148 2150 2187 
3 2180 2148 2187 
3 2180 2187 2186 
3 2180 2186 2181 
3 2186 2189 2188 
3 2187 2189 2186 
3 2188 2189 2190 
3 2185 2151 2147 
3 2191 2151 2185 
3 2191 2192 2151 
3 2151 2192 2152 
3 2152 2192 2193 
3 2154 2152 2193 
3 2187 2150 2155 
3 2189 2187 2155 
3 2157 2189 2155 
3 2157 2159 2195 
3 2189 2157 2195 
3 2189 2195 2194 
3 2189 2194 2190 
3 2194 2197 2196 
3 2195 2197 2194 
3 2196 2197 2198 
3 2193 2160 2154 
3 2199 2160 2193 
3 2199 2200 2160 
3 2160 2200 2161 
3 2202 2163 2161 
3 2202 2161 2201 
3 2201 2161 2200 
3 2201 2203 2202 
3 2195 2159 2164 
3 2197 2195 2164 
3 2165 2197 2164 
3 2198 2197 2165 
3 2198 2165 2204 
3 2204 2165 2166 
3 2206 2166 2168 
3 2206 2205 2166 
3 2205 2204 2166 
3 2205 2206 2207 
3 2202 2169 2163 
3 2203 2169 2202 
3 2203 2208 2169 
3 2208 2170 2169 
3 2210 2171 2170 
3 2210 2170 2209 
3 2209 2170 2208 
3 2209 2211 2210 
3 434 2213 2212 
3 2213 2172 2212 
3 2213 2214 2172 
3 2214 2173 2172 
3 2216 2175 2173 
3 2216 2173 2215 
3 2215 2173 2214 
3 2215 2217 2216 
3 2216 2176 2175 
3 2217 2176 2216 
3 2217 2218 2176 
3 2218 2177 2176 
3 2220 2178 2177 
3 2220 2177 2219 
3 2219 2177 2218 
3 2219 2221 2220 
3 2179 2222 450 
3 2181 2222 2179 
3 2220 2182 2178 
3 2221 2182 2220 
3 2221 2223 2182 
3 2223 2183 2182 
3 2223 2224 2183 
3 2183 2224 2184 
3 2226 2185 2184 
3 2226 2184 2225 
3 2225 2184 2224 
3 2225 2227 2226 
3 2222 2181 2186 
3 2228 2222 2186 
3 2228 2186 2229 
3 2186 2188 2229 
3 2188 2230 2229 
3 2190 2230 2188 
3 2226 2191 2185 
3 2227 2191 2226 
3 2227 2231 2191 
3 2231 2192 2191 
3 2233 2193 2192 
3 2233 2192 2232 
3 2232 2192 2231 
3 2232 2234 2233 
3 2230 2190 2194 
3 2235 2230 2194 
3 2235 2194 2236 
3 2194 2196 2236 
3 2238 2196 2198 
3 2238 2237 2196 
3 2237 2236 2196 
3 2237 2238 2239 
3 2233 2199 2193 
3 2234 2199 2233 
3 2234 2240 2199 
3 2240 2200 2199 
3 2240 2241 2200 
3 2200 2241 2201 
3 2201 2241 2242 
3 2203 2201 2242 
3 2238 2198 2204 
3 2239 2238 2204 
3 2239 2204 2243 
3 2243 2204 2205 
3 2205 2244 2243 
3 2207 2244 2205 
3 2242 2208 2203 
3 2245 2208 2242 
3 2245 2246 2208 
3 2208 2246 2209 
3 2209 2246 2247 
3 2211 2209 2247 
3 2248 1471 2249 
3 2249 1471 1472 
3 2250 1474 1475 
3 2252 1474 2250 
3 2252 2251 1474 
3 2251 1476 1474 
3 2251 2253 1476 
3 1476 2253 1477 
3 2255 1479 1477 
3 2255 1477 2254 
3 2254 1477 2253 
3 2254 2256 2255 
3 2249 1472 2257 
3 2257 1472 1481 
3 2260 2259 2258 
3 2258 2262 2261 
3 2259 2262 2258 
3 2261 2262 2263 
3 2255 1482 1479 
3 1482 2265 1483 
3 2255 2265 1482 
3 2255 2264 2265 
3 2255 2256 2264 
3 2264 2266 2265 
3 2257 1481 1484 
3 2267 2257 1484 
3 2259 2260 2267 
3 2259 2267 1485 
3 1485 2267 1484 
3 2262 2259 1485 
3 1486 2262 1485 
3 2263 2262 1486 
3 2263 1486 2268 
3 2268 1486 1487 
3 1487 2269 2268 
3 1488 2269 1487 
3 2265 1489 1483 
3 2266 1489 2265 
3 2266 2270 1489 
3 2270 1490 1489 
3 2272 1492 1490 
3 2272 1490 2271 
3 2271 1490 2270 
3 2271 2273 2272 
3 2269 1488 1493 
3 2274 2269 1493 
3 1493 2275 2274 
3 1494 2275 1493 
3 2272 1495 1492 
3 2273 1495 2272 
3 2273 2276 1495 
3 2276 1496 1495 
3 2278 1498 1496 
3 2278 1496 2277 
3 2277 1496 2276 
3 2277 2279 2278 
3 2275 1494 1499 
3 2280 2275 1499 
3 1499 2281 2280 
3 1500 2281 1499 
3 2278 1501 1498 
3 2279 1501 2278 
3 2279 2282 1501 
3 2282 1502 1501 
3 2284 2283 2281 
3 2284 2281 1505 
3 1505 2281 1500 
3 2283 2284 2285 
3 2284 1505 1506 
3 1506 2285 2284 
3 1506 1507 2285 
3 1507 2286 2285 
3 1508 1509 2287 
3 2287 1507 1508 
3 2287 2288 1507 
3 2288 2286 1507 
3 2287 1509 1510 
3 1510 2288 2287 
3 1510 1512 2288 
3 1512 2289 2288 
3 2291 2290 2289 
3 2291 2289 1513 
3 1513 2289 1512 
3 2290 2293 2292 
3 2291 2293 2290 
3 2292 2293 2294 
3 2291 1513 1514 
3 2295 2293 2291 
3 2295 2291 1516 
3 2295 1516 2296 
3 1516 2291 1514 
3 2293 2295 2294 
3 2296 1516 1517 
3 2297 2296 1517 
3 1517 2298 2297 
3 1518 2298 1517 
3 2298 1518 1519 
3 2299 2298 1519 
3 1519 2300 2299 
3 1520 2300 1519 
3 2300 1520 1521 
3 2301 2300 1521 
3 1521 2302 2301 
3 1522 2302 1521 
3 2302 1522 1523 
3 2303 2302 1523 
3 1523 2304 2303 
3 1524 2304 1523 
3 2304 1524 1525 
3 2305 2304 1525 
3 2 1526 0 
3 2 2305 1526 
3 2305 1525 1526 
3 1526 5 0 
3 2307 2306 2248 
3 2249 2307 2248 
3 2308 2307 2309 
3 2306 2307 2308 
3 2311 2251 2252 
3 2310 2251 2311 
3 2310 2312 2251 
3 2251 2312 2253 
3 2312 2313 2253 
3 2253 2313 2254 
3 2254 2313 2314 
3 2256 2254 2314 
3 2315 2307 2249 
3 2257 2315 2249 
3 2309 2258 2316 
3 2309 2315 2258 
3 2309 2307 2315 
3 2315 2260 2258 
3 2316 2258 2317 
3 2258 2261 2317 
3 2261 2318 2317 
3 2263 2318 2261 
3 2314 2264 2256 
3 2319 2264 2314 
3 2264 2319 2320 
3 2266 2264 2320 
3 2315 2257 2267 
3 2315 2267 2260 
3 2318 2263 2268 
3 2321 2318 2268 
3 2323 2268 2269 
3 2323 2322 2268 
3 2322 2321 2268 
3 2322 2323 2324 
3 2320 2270 2266 
3 2325 2270 2320 
3 2325 2326 2270 
3 2270 2326 2271 
3 2328 2273 2271 
3 2328 2271 2327 
3 2327 2271 2326 
3 2327 2329 2328 
3 2323 2269 2274 
3 2274 2275 2331 
3 2323 2274 2331 
3 2323 2331 2330 
3 2323 2330 2324 
3 2330 2331 2332 
3 2328 2276 2273 
3 2329 2276 2328 
3 2329 2333 2276 
3 2333 2277 2276 
3 2335 2279 2277 
3 2335 2277 2334 
3 2334 2277 2333 
3 2331 2275 2280 
3 2280 2281 2337 
3 2331 2280 2337 
3 2331 2337 2336 
3 2331 2336 2332 
3 2336 2337 2338 
3 2335 2282 2279 
3 2337 2281 2283 
3 2283 2285 2340 
3 2337 2283 2340 
3 2337 2340 2339 
3 2337 2339 2338 
3 2339 2340 2341 
3 2342 2340 2285 
3 2342 2285 2343 
3 2343 2285 2286 
3 2340 2342 2341 
3 2343 2286 2344 
3 2344 2286 2288 
3 2346 2345 2344 
3 2346 2344 2289 
3 2289 2344 2288 
3 2345 2346 2347 
3 2346 2289 2290 
3 2347 2346 2290 
3 2347 2290 2348 
3 2348 2290 2292 
3 2292 2349 2348 
3 2294 2349 2292 
3 2295 2296 2350 
3 2351 2349 2294 
3 2351 2294 2350 
3 2351 2350 2352 
3 2295 2350 2294 
3 2351 2352 2353 
3 2350 2296 2297 
3 2297 2298 2354 
3 2297 2354 2350 
3 2350 2354 2352 
3 2353 2354 2355 
3 2352 2354 2353 
3 2354 2298 2299 
3 2299 2300 2357 
3 2354 2299 2357 
3 2354 2357 2356 
3 2354 2356 2355 
3 2356 2357 2358 
3 2357 2300 2301 
3 2301 2302 2360 
3 2357 2301 2360 
3 2357 2360 2359 
3 2357 2359 2358 
3 2359 2362 2361 
3 2360 2362 2359 
3 2361 2362 2363 
3 2360 2302 2303 
3 2303 2304 2364 
3 2303 2364 2360 
3 2360 2364 2362 
3 2363 2364 2365 
3 2362 2364 2363 
3 2364 2304 2305 
3 2305 2 6 
3 2364 2305 6 
3 2364 6 2366 
3 2364 2366 2365 
3 2366 6 8 
3 2368 2367 2369 
3 2368 2369 2309 
3 2309 2369 2308 
3 2367 2368 2370 
3 2372 2310 2311 
3 2371 2310 2372 
3 2371 2373 2310 
3 2310 2373 2312 
3 2373 2374 2312 
3 2312 2374 2313 
3 2313 2374 2375 
3 2314 2313 2375 
3 2368 2309 2316 
3 2370 2368 2316 
3 2370 2316 2376 
3 2376 2316 2317 
3 2317 2377 2376 
3 2318 2377 2317 
3 2375 2319 2314 
3 2378 2319 2375 
3 2380 2320 2319 
3 2380 2319 2379 
3 2379 2319 2378 
3 2379 2381 2380 
3 2377 2318 2321 
3 2382 2377 2321 
3 2382 2321 2383 
3 2321 2322 2383 
3 2322 2384 2383 
3 2324 2384 2322 
3 2380 2325 2320 
3 2381 2325 2380 
3 2381 2385 2325 
3 2385 2326 2325 
3 2385 2386 2326 
3 2326 2386 2327 
3 2388 2329 2327 
3 2388 2327 2387 
3 2387 2327 2386 
3 2387 2389 2388 
3 2384 2324 2330 
3 2390 2384 2330 
3 2330 2391 2390 
3 2332 2391 2330 
3 2388 2333 2329 
3 2389 2333 2388 
3 2389 2392 2333 
3 2392 2334 2333 
3 2391 2332 2336 
3 2393 2391 2336 
3 2336 2394 2393 
3 2338 2394 2336 
3 2339 2395 2396 
3 2339 2396 2338 
3 2338 2396 2394 
3 2339 2341 2395 
3 2395 2342 2343 
3 2395 2343 2396 
3 2396 2343 2397 
3 2395 2341 2342 
3 2397 2343 2398 
3 2398 2343 2344 
3 2398 2344 2345 
3 2399 2398 2345 
3 2345 2400 2399 
3 2347 2400 2345 
3 2400 2347 2348 
3 2401 2400 2348 
3 2348 2402 2401 
3 2349 2402 2348 
3 2402 2349 2351 
3 2403 2402 2351 
3 2351 2404 2403 
3 2353 2404 2351 
3 2404 2353 2405 
3 2405 2353 2355 
3 2405 2355 2356 
3 2406 2405 2356 
3 2408 2356 2358 
3 2408 2407 2356 
3 2407 2406 2356 
3 2407 2410 2409 
3 2408 2410 2407 
3 2409 2410 2411 
3 2408 2358 2359 
3 2410 2408 2359 
3 2361 2410 2359 
3 2361 2363 2413 
3 2410 2361 2413 
3 2410 2413 2412 
3 2410 2412 2411 
3 2412 2415 2414 
3 2413 2415 2412 
3 2416 2413 2363 
3 2365 2416 2363 
3 2413 2416 2415 
3 2415 2416 2417 
3 2416 2365 2366 
3 2366 8 9 
3 2366 9 2416 
3 2416 9 2417 
3 2418 2369 2367 
3 2367 2370 2420 
3 2418 2367 2420 
3 2418 2420 2419 
3 2418 2419 2421 
3 2419 2420 2422 
3 2423 2371 2372 
3 2425 2371 2423 
3 2425 2424 2371 
3 2424 2373 2371 
3 2424 2426 2373 
3 2373 2426 2374 
3 2428 2375 2374 
3 2428 2374 2427 
3 2427 2374 2426 
3 2427 2429 2428 
3 2420 2370 2376 
3 2376 2377 2431 
3 2420 2376 2431 
3 2420 2431 2430 
3 2420 2430 2422 
3 2430 2431 2432 
3 2428 2378 2375 
3 2429 2378 2428 
3 2429 2433 2378 
3 2433 2379 2378 
3 2435 2381 2379 
3 2435 2379 2434 
3 2434 2379 2433 
3 2434 2436 2435 
3 2431 2377 2382 
3 2432 2431 2382 
3 2432 2382 2437 
3 2437 2382 2383 
3 2383 2438 2437 
3 2384 2438 2383 
3 2435 2385 2381 
3 2436 2385 2435 
3 2436 2439 2385 
3 2439 2386 2385 
3 2439 2440 2386 
3 2386 2440 2387 
3 2387 2440 2441 
3 2389 2387 2441 
3 2438 2384 2390 
3 2442 2438 2390 
3 2444 2390 2391 
3 2444 2443 2390 
3 2443 2442 2390 
3 2443 2444 2445 
3 2441 2392 2389 
3 2446 2392 2441 
3 2444 2391 2393 
3 2393 2394 2448 
3 2444 2393 2448 
3 2444 2448 2447 
3 2444 2447 2445 
3 2447 2448 2449 
3 2450 2448 2394 
3 2396 2450 2394 
3 2449 2450 2451 
3 2448 2450 2449 
3 2452 2450 2396 
3 2452 2396 2453 
3 2453 2396 2397 
3 2450 2452 2451 
3 2455 2454 2453 
3 2455 2453 2398 
3 2398 2453 2397 
3 2454 2455 2456 
3 2455 2398 2399 
3 2399 2456 2455 
3 2399 2400 2456 
3 2400 2457 2456 
3 2457 2400 2401 
3 2458 2457 2401 
3 2460 2401 2402 
3 2460 2459 2401 
3 2459 2458 2401 
3 2459 2460 2461 
3 2460 2402 2403 
3 2403 2404 2463 
3 2460 2403 2463 
3 2460 2463 2462 
3 2460 2462 2461 
3 2462 2463 2464 
3 2465 2463 2404 
3 2405 2465 2404 
3 2464 2467 2466 
3 2464 2463 2467 
3 2463 2465 2467 
3 2466 2469 2468 
3 2467 2469 2466 
3 2468 2469 2470 
3 2465 2405 2406 
3 2467 2465 2406 
3 2407 2467 2406 
3 2469 2467 2407 
3 2409 2469 2407 
3 2409 2411 2472 
3 2469 2409 2472 
3 2469 2472 2471 
3 2469 2471 2470 
3 2471 2474 2473 
3 2472 2474 2471 
3 2472 2411 2412 
3 2474 2472 2412 
3 2414 2474 2412 
3 2475 2421 2419 
3 2419 2422 2477 
3 2475 2419 2477 
3 2475 2477 2476 
3 2475 2476 2478 
3 2476 2477 2479 
3 2481 2424 2425 
3 2480 2424 2481 
3 2480 2482 2424 
3 2424 2482 2426 
3 2482 2483 2426 
3 2426 2483 2427 
3 2427 2483 2484 
3 2429 2427 2484 
3 2477 2422 2430 
3 2430 2432 2486 
3 2477 2430 2486 
3 2477 2486 2485 
3 2477 2485 2479 
3 2485 2486 2487 
3 2484 2433 2429 
3 2488 2433 2484 
3 2488 2489 2433 
3 2433 2489 2434 
3 2491 2436 2434 
3 2491 2434 2490 
3 2490 2434 2489 
3 2490 2492 2491 
3 2486 2432 2437 
3 2437 2487 2486 
3 2437 2438 2487 
3 2438 2493 2487 
3 2491 2439 2436 
3 2492 2439 2491 
3 2492 2494 2439 
3 2494 2440 2439 
3 2496 2441 2440 
3 2496 2440 2495 
3 2495 2440 2494 
3 2493 2438 2442 
3 2497 2493 2442 
3 2497 2442 2498 
3 2442 2443 2498 
3 2443 2499 2498 
3 2445 2499 2443 
3 2496 2446 2441 
3 2447 2500 2501 
3 2447 2501 2445 
3 2445 2501 2499 
3 2447 2449 2500 
3 2501 2500 2502 
3 2500 2503 2502 
3 2500 2449 2503 
3 2449 2451 2503 
3 2452 2453 2504 
3 2504 2451 2452 
3 2504 2505 2451 
3 2505 2503 2451 
3 2504 2453 2454 
3 2454 2505 2504 
3 2454 2456 2505 
3 2456 2506 2505 
3 2508 2507 2506 
3 2508 2506 2457 
3 2457 2506 2456 
3 2507 2508 2509 
3 2508 2457 2458 
3 2509 2508 2458 
3 2509 2458 2510 
3 2510 2458 2459 
3 2459 2511 2510 
3 2461 2511 2459 
3 2511 2461 2462 
3 2512 2511 2462 
3 2462 2513 2512 
3 2464 2513 2462 
3 2513 2464 2466 
3 2514 2513 2466 
3 2514 2466 2515 
3 2466 2468 2515 
3 2468 2516 2515 
3 2470 2516 2468 
3 2516 2470 2471 
3 2517 2516 2471 
3 2517 2471 2518 
3 2471 2473 2518 
3 2519 2478 2476 
3 2476 2479 2521 
3 2519 2476 2521 
3 2519 2521 2520 
3 2519 2520 2522 
3 2520 2521 2523 
3 2524 2480 2481 
3 2526 2480 2524 
3 2526 2525 2480 
3 2525 2482 2480 
3 2525 2527 2482 
3 2482 2527 2483 
3 2529 2484 2483 
3 2529 2483 2528 
3 2528 2483 2527 
3 2528 2530 2529 
3 2521 2479 2485 
3 2485 2487 2532 
3 2521 2485 2532 
3 2521 2532 2531 
3 2521 2531 2523 
3 2531 2532 2533 
3 2529 2488 2484 
3 2530 2488 2529 
3 2530 2534 2488 
3 2534 2489 2488 
3 2534 2535 2489 
3 2489 2535 2490 
3 2537 2492 2490 
3 2537 2490 2536 
3 2536 2490 2535 
3 2536 2538 2537 
3 2539 2532 2487 
3 2493 2539 2487 
3 2533 2539 2540 
3 2532 2539 2533 
3 2537 2494 2492 
3 2538 2494 2537 
3 2538 2541 2494 
3 2541 2495 2494 
3 2539 2493 2497 
3 2540 2539 2497 
3 2540 2497 2542 
3 2542 2497 2498 
3 2544 2498 2499 
3 2544 2543 2498 
3 2543 2542 2498 
3 2543 2544 2545 
3 2546 2544 2499 
3 2501 2546 2499 
3 2545 2546 2547 
3 2544 2546 2545 
3 2546 2501 2502 
3 2502 2547 2546 
3 2502 2503 2547 
3 2503 2548 2547 
3 2548 2503 2549 
3 2549 2503 2505 
3 2549 2505 2550 
3 2550 2505 2506 
3 2550 2506 2507 
3 2551 2550 2507 
3 2507 2552 2551 
3 2509 2552 2507 
3 2552 2509 2510 
3 2553 2552 2510 
3 2510 2554 2553 
3 2511 2554 2510 
3 2554 2511 2512 
3 2555 2554 2512 
3 2512 2556 2555 
3 2513 2556 2512 
3 2556 2513 2514 
3 2557 2556 2514 
3 2557 2514 2558 
3 2514 2515 2558 
3 2560 2515 2516 
3 2560 2559 2515 
3 2559 2558 2515 
3 2559 2562 2561 
3 2560 2562 2559 
3 2560 2516 2517 
3 2562 2560 2517 
3 2518 2562 2517 
3 2564 2522 2520 
3 2563 2564 2520 
3 2520 2565 2563 
3 2523 2565 2520 
3 2566 2525 2526 
3 2568 2525 2566 
3 2568 2567 2525 
3 2567 2527 2525 
3 2567 2569 2527 
3 2527 2569 2528 
3 2528 2569 2570 
3 2530 2528 2570 
3 2565 2523 2531 
3 2571 2565 2531 
3 2531 2572 2571 
3 2533 2572 2531 
3 2570 2534 2530 
3 2573 2534 2570 
3 2573 2574 2534 
3 2534 2574 2535 
3 2574 2575 2535 
3 2535 2575 2536 
3 2536 2575 2576 
3 2538 2536 2576 
3 2578 2577 2572 
3 2578 2572 2540 
3 2540 2572 2533 
3 2577 2578 2579 
3 2576 2541 2538 
3 2580 2541 2576 
3 2578 2540 2542 
3 2579 2578 2542 
3 2579 2542 2581 
3 2581 2542 2543 
3 2543 2582 2581 
3 2545 2582 2543 
3 2582 2545 2583 
3 2583 2545 2547 
3 2583 2547 2584 
3 2584 2547 2548 
3 2584 2548 2585 
3 2585 2548 2549 
3 2587 2586 2585 
3 2587 2585 2550 
3 2550 2585 2549 
3 2586 2587 2588 
3 2587 2550 2551 
3 2551 2552 2590 
3 2587 2551 2590 
3 2587 2590 2589 
3 2587 2589 2588 
3 2589 2590 2591 
3 2590 2552 2553 
3 2553 2554 2593 
3 2590 2553 2593 
3 2590 2593 2592 
3 2590 2592 2591 
3 2592 2593 2594 
3 2593 2554 2555 
3 2555 2556 2596 
3 2593 2555 2596 
3 2593 2596 2595 
3 2593 2595 2594 
3 2595 2598 2597 
3 2596 2598 2595 
3 2597 2598 2599 
3 2596 2556 2557 
3 2598 2596 2557 
3 2558 2598 2557 
3 2599 2598 2558 
3 2599 2558 2600 
3 2600 2558 2559 
3 2600 2559 2601 
3 2559 2561 2601 
3 2602 2564 2563 
3 2563 2565 2604 
3 2602 2563 2604 
3 2602 2604 2603 
3 2602 2603 2605 
3 2603 2604 2606 
3 2608 2567 2568 
3 2607 2567 2608 
3 2607 2609 2567 
3 2567 2609 2569 
3 2611 2570 2569 
3 2611 2569 2610 
3 2610 2569 2609 
3 2610 2612 2611 
3 2604 2565 2571 
3 2571 2606 2604 
3 2571 2572 2606 
3 2572 2613 2606 
3 2611 2573 2570 
3 2612 2573 2611 
3 2612 2614 2573 
3 2614 2574 2573 
3 2614 2615 2574 
3 2574 2615 2575 
3 2617 2576 2575 
3 2617 2575 2616 
3 2616 2575 2615 
3 2613 2572 2577 
3 2618 2613 2577 
3 2577 2619 2618 
3 2579 2619 2577 
3 2617 2580 2576 
3 2619 2579 2581 
3 2620 2619 2581 
3 2581 2621 2620 
3 2582 2621 2581 
3 2621 2582 2622 
3 2622 2582 2583 
3 2622 2583 2623 
3 2623 2583 2584 
3 2623 2584 2624 
3 2624 2584 2585 
3 2624 2585 2586 
3 2625 2624 2586 
3 2586 2626 2625 
3 2588 2626 2586 
3 2626 2588 2589 
3 2627 2626 2589 
3 2629 2589 2591 
3 2629 2628 2589 
3 2628 2627 2589 
3 2628 2629 2630 
3 2629 2591 2592 
3 2592 2630 2629 
3 2592 2594 2630 
3 2594 2631 2630 
3 2631 2594 2595 
3 2632 2631 2595 
3 2632 2595 2633 
3 2595 2597 2633 
3 2635 2597 2599 
3 2635 2634 2597 
3 2634 2633 2597 
3 2634 2635 2636 
3 2635 2599 2600 
3 2636 2635 2600 
3 2636 2600 2637 
3 2637 2600 2601 
3 2638 2605 2603 
3 2603 2639 2638 
3 2603 2606 2639 
3 2606 2640 2639 
3 2641 2607 2608 
3 2643 2607 2641 
3 2643 2642 2607 
3 2642 2609 2607 
3 2642 2644 2609 
3 2609 2644 2610 
3 2610 2644 2645 
3 2612 2610 2645 
3 2647 2646 2640 
3 2647 2640 2613 
3 2613 2640 2606 
3 2646 2647 2648 
3 2645 2614 2612 
3 2649 2614 2645 
3 2649 2650 2614 
3 2614 2650 2615 
3 2650 2651 2615 
3 2615 2651 2616 
3 2647 2613 2618 
3 2618 2619 2653 
3 2647 2618 2653 
3 2647 2653 2652 
3 2647 2652 2648 
3 2652 2653 2654 
3 2653 2619 2620 
3 2620 2654 2653 
3 2620 2621 2654 
3 2621 2655 2654 
3 2655 2621 2656 
3 2656 2621 2622 
3 2656 2622 2657 
3 2657 2622 2623 
3 2659 2658 2657 
3 2659 2657 2624 
3 2624 2657 2623 
3 2658 2659 2660 
3 2663 2662 2661 
3 2659 2624 2625 
3 2625 2626 2665 
3 2659 2625 2665 
3 2659 2665 2664 
3 2659 2664 2660 
3 2664 2665 2666 
3 2663 2667 2662 
3 2665 2626 2627 
3 2666 2665 2627 
3 2666 2627 2668 
3 2668 2627 2628 
3 2628 2669 2668 
3 2630 2669 2628 
3 2671 2670 2669 
3 2671 2669 2631 
3 2631 2669 2630 
3 2670 2673 2672 
3 2671 2673 2670 
3 2672 2673 2674 
3 2671 2631 2632 
3 2673 2671 2632 
3 2633 2673 2632 
3 2674 2673 2633 
3 2674 2633 2675 
3 2675 2633 2634 
3 2677 2634 2636 
3 2677 2676 2634 
3 2676 2675 2634 
3 2677 2636 2637 
3 2679 2678 2680 
3 2679 2680 2640 
3 2640 2680 2639 
3 2678 2679 2681 
3 2683 2642 2643 
3 2682 2642 2683 
3 2682 2684 2642 
3 2642 2684 2644 
3 2644 2684 2685 
3 2645 2644 2685 
3 2679 2640 2646 
3 2646 2648 2687 
3 2679 2646 2687 
3 2679 2687 2686 
3 2679 2686 2681 
3 2686 2687 2688 
3 2685 2649 2645 
3 2689 2649 2685 
3 2689 2690 2649 
3 2649 2690 2650 
3 2690 2691 2650 
3 2650 2691 2651 
3 2687 2648 2652 
3 2652 2654 2693 
3 2687 2652 2693 
3 2687 2693 2692 
3 2687 2692 2688 
3 2692 2693 2694 
3 2695 2693 2654 
3 2655 2695 2654 
3 2694 2695 2696 
3 2693 2695 2694 
3 2697 2695 2655 
3 2656 2697 2655 
3 2696 2697 2698 
3 2695 2697 2696 
3 2699 2697 2656 
3 2657 2699 2656 
3 2698 2699 2700 
3 2697 2699 2698 
3 2699 2657 2658 
3 2658 2660 2702 
3 2699 2658 2702 
3 2699 2702 2701 
3 2699 2701 2700 
3 2701 2702 2703 
3 2706 2705 2704 
3 2663 2704 2705 
3 2663 2661 2704 
3 2661 2707 2704 
3 2702 2660 2664 
3 2664 2666 2709 
3 2702 2664 2709 
3 2702 2709 2708 
3 2702 2708 2703 
3 2708 2709 2710 
3 2706 2711 2705 
3 2713 2712 2667 
3 2711 2713 2667 
3 2711 2667 2663 
3 2711 2663 2705 
3 2709 2666 2668 
3 2668 2669 2715 
3 2709 2668 2715 
3 2709 2715 2714 
3 2709 2714 2710 
3 2714 2715 2716 
3 2713 2717 2712 
3 2715 2669 2670 
3 2716 2715 2670 
3 2716 2670 2718 
3 2718 2670 2672 
3 2720 2672 2674 
3 2720 2719 2672 
3 2719 2718 2672 
3 2719 2720 2721 
3 2720 2674 2675 
3 2721 2720 2675 
3 2721 2675 2722 
3 2722 2675 2676 
3 2723 2680 2678 
3 2678 2724 2723 
3 2678 2681 2724 
3 2681 2725 2724 
3 2727 2682 2683 
3 2726 2682 2727 
3 2726 2728 2682 
3 2682 2728 2684 
3 2684 2728 2729 
3 2685 2684 2729 
3 2725 2681 2686 
3 2730 2725 2686 
3 2686 2731 2730 
3 2688 2731 2686 
3 2729 2689 2685 
3 2732 2689 2729 
3 2732 2733 2689 
3 2689 2733 2690 
3 2733 2734 2690 
3 2690 2734 2691 
3 2731 2688 2692 
3 2735 2731 2692 
3 2692 2736 2735 
3 2694 2736 2692 
3 2738 2737 2736 
3 2738 2736 2696 
3 2696 2736 2694 
3 2737 2738 2739 
3 2740 2738 2696 
3 2698 2740 2696 
3 2739 2742 2741 
3 2739 2738 2742 
3 2738 2740 2742 
3 2741 2744 2743 
3 2742 2744 2741 
3 2743 2744 2745 
3 2746 2740 2698 
3 2700 2746 2698 
3 2747 2746 2748 
3 2747 2742 2746 
3 2742 2740 2746 
3 2742 2749 2744 
3 2747 2749 2742 
3 2752 2744 2749 
3 2752 2751 2744 
3 2745 2744 2750 
3 2750 2744 2751 
3 2750 2754 2753 
3 2751 2754 2750 
3 2753 2754 2755 
3 2746 2700 2701 
3 2701 2703 2757 
3 2746 2701 2757 
3 2746 2757 2756 
3 2746 2756 2748 
3 2756 2759 2758 
3 2757 2759 2756 
3 2758 2751 2752 
3 2758 2759 2751 
3 2759 2760 2751 
3 2706 2704 2754 
3 2706 2754 2760 
3 2760 2754 2751 
3 2755 2754 2704 
3 2755 2704 2761 
3 2761 2704 2707 
3 2757 2703 2708 
3 2708 2710 2762 
3 2708 2762 2757 
3 2757 2762 2759 
3 2759 2762 2760 
3 2760 2762 2763 
3 2711 2706 2760 
3 2711 2760 2764 
3 2764 2760 2763 
3 2711 2764 2713 
3 2762 2710 2714 
3 2714 2716 2765 
3 2714 2765 2762 
3 2762 2765 2763 
3 2763 2765 2764 
3 2764 2765 2766 
3 2717 2713 2764 
3 2717 2764 2767 
3 2767 2764 2766 
3 2765 2716 2718 
3 2766 2765 2718 
3 2719 2766 2718 
3 2719 2721 2768 
3 2719 2768 2766 
3 2766 2768 2767 
3 2768 2721 2722 
3 2770 2769 2771 
3 2770 2771 2725 
3 2725 2771 2724 
3 2769 2770 2772 
3 2773 2726 2727 
3 2775 2726 2773 
3 2775 2774 2726 
3 2774 2728 2726 
3 2777 2729 2728 
3 2777 2728 2776 
3 2776 2728 2774 
3 2776 2778 2777 
3 2770 2725 2730 
3 2730 2731 2780 
3 2770 2730 2780 
3 2770 2780 2779 
3 2770 2779 2772 
3 2779 2780 2781 
3 2777 2732 2729 
3 2778 2732 2777 
3 2778 2782 2732 
3 2782 2733 2732 
3 2784 2783 2734 
3 2784 2734 2782 
3 2782 2734 2733 
3 2780 2731 2735 
3 2735 2736 2786 
3 2780 2735 2786 
3 2780 2786 2785 
3 2780 2785 2781 
3 2785 2786 2787 
3 2784 2788 2783 
3 2786 2736 2737 
3 2737 2739 2790 
3 2786 2737 2790 
3 2786 2790 2789 
3 2786 2789 2787 
3 2789 2792 2791 
3 2790 2792 2789 
3 2791 2792 2793 
3 2790 2739 2741 
3 2792 2790 2741 
3 2743 2792 2741 
3 2743 2745 2795 
3 2792 2743 2795 
3 2792 2795 2794 
3 2792 2794 2793 
3 2794 2795 2796 
3 2747 2748 2797 
3 2749 2747 2797 
3 2798 2749 2797 
3 2745 2750 2795 
3 2749 2798 2752 
3 2796 2795 2750 
3 2796 2750 2799 
3 2799 2750 2753 
3 2801 2753 2755 
3 2801 2800 2753 
3 2800 2799 2753 
3 2797 2748 2756 
3 2798 2797 2756 
3 2758 2798 2756 
3 2798 2758 2752 
3 2801 2755 2761 
3 2802 2771 2769 
3 2769 2772 2804 
3 2802 2769 2804 
3 2802 2804 2803 
3 2802 2803 2805 
3 2803 2804 2806 
3 2808 2774 2775 
3 2807 2774 2808 
3 2807 2809 2774 
3 2774 2809 2776 
3 2776 2809 2810 
3 2778 2776 2810 
3 2804 2772 2779 
3 2779 2781 2812 
3 2804 2779 2812 
3 2804 2812 2811 
3 2804 2811 2806 
3 2811 2812 2813 
3 2810 2782 2778 
3 2814 2782 2810 
3 2816 2784 2782 
3 2816 2782 2815 
3 2815 2782 2814 
3 2812 2781 2785 
3 2785 2787 2818 
3 2812 2785 2818 
3 2812 2818 2817 
3 2812 2817 2813 
3 2817 2818 2819 
3 2816 2788 2784 
3 2818 2787 2789 
3 2819 2818 2789 
3 2819 2789 2820 
3 2820 2789 2791 
3 2822 2791 2793 
3 2822 2821 2791 
3 2821 2820 2791 
3 2821 2822 2823 
3 2822 2793 2794 
3 2794 2796 2825 
3 2822 2794 2825 
3 2822 2825 2824 
3 2822 2824 2823 
3 2824 2825 2826 
3 2825 2796 2799 
3 2826 2825 2799 
3 2826 2799 2827 
3 2827 2799 2800 
3 2828 2805 2803 
3 2803 2806 2830 
3 2828 2803 2830 
3 2828 2830 2829 
3 2828 2829 2831 
3 2829 2830 2832 
3 2833 2807 2808 
3 2835 2807 2833 
3 2835 2834 2807 
3 2834 2809 2807 
3 2837 2810 2809 
3 2837 2809 2836 
3 2836 2809 2834 
3 2836 2838 2837 
3 2830 2806 2811 
3 2811 2832 2830 
3 2811 2813 2832 
3 2813 2839 2832 
3 2837 2814 2810 
3 2838 2814 2837 
3 2838 2840 2814 
3 2840 2815 2814 
3 2839 2813 2817 
3 2841 2839 2817 
3 2843 2817 2819 
3 2843 2842 2817 
3 2842 2841 2817 
3 2842 2843 2844 
3 2843 2819 2820 
3 2844 2843 2820 
3 2844 2820 2845 
3 2845 2820 2821 
3 2821 2846 2845 
3 2823 2846 2821 
3 2846 2823 2824 
3 2847 2846 2824 
3 2849 2824 2826 
3 2849 2848 2824 
3 2848 2847 2824 
3 2849 2826 2827 
3 2851 2831 2829 
3 2850 2851 2829 
3 2853 2829 2832 
3 2853 2852 2829 
3 2852 2850 2829 
3 2852 2853 2854 
3 2855 2834 2835 
3 2857 2834 2855 
3 2857 2856 2834 
3 2856 2836 2834 
3 2836 2856 2858 
3 2838 2836 2858 
3 2859 2853 2832 
3 2839 2859 2832 
3 2854 2859 2860 
3 2853 2859 2854 
3 2858 2840 2838 
3 2861 2840 2858 
3 2859 2839 2841 
3 2860 2859 2841 
3 2860 2841 2862 
3 2862 2841 2842 
3 2842 2863 2862 
3 2844 2863 2842 
3 2863 2844 2845 
3 2864 2863 2845 
3 2866 2845 2846 
3 2866 2865 2845 
3 2865 2864 2845 
3 2865 2866 2867 
3 2866 2846 2847 
3 2867 2866 2847 
3 2867 2847 2868 
3 2868 2847 2848 
3 2869 2851 2850 
3 2871 2869 2850 
3 2871 2850 2870 
3 2870 2850 2852 
3 2852 2872 2870 
3 2854 2872 2852 
3 2874 2856 2857 
3 2873 2856 2874 
3 2876 2858 2856 
3 2876 2856 2875 
3 2875 2856 2873 
3 2878 2877 2872 
3 2878 2872 2860 
3 2860 2872 2854 
3 2877 2878 2879 
3 2876 2861 2858 
3 2878 2860 2862 
3 2862 2863 2881 
3 2878 2862 2881 
3 2878 2881 2880 
3 2878 2880 2879 
3 2880 2881 2882 
3 2881 2863 2864 
3 2882 2881 2864 
3 2882 2864 2883 
3 2883 2864 2865 
3 2865 2884 2883 
3 2867 2884 2865 
3 2884 2867 2868 
3 2885 2884 2868 
3 2886 2887 2888 
3 2886 2889 2887 
3 2888 2887 2890 
3 2889 2890 2887 
3 2891 2892 2893 
3 2891 2894 2895 
3 2892 2891 2895 
3 2894 2896 2895 
3 2893 2892 2897 
3 2892 2895 2898 
3 2897 2892 2898 
3 2896 2898 2895 
3 2899 2900 2901 
3 2899 2902 2900 
3 2901 2900 2903 
3 2902 2903 2900 
3 2904 2905 2906 
3 2904 2907 2905 
3 2906 2905 2908 
3 2907 2908 2905 
3 2909 2910 2911 
3 2909 2912 2910 
3 2911 2910 2913 
3 2910 2912 2913 
3 2916 2914 2915 
3 2914 2917 2915 
3 2916 2915 2918 
3 2915 2917 2918 
3 2919 2921 2922 
3 2920 2919 2922 
3 2921 2923 2922 
3 2926 2924 2925 
3 2924 2927 2928 
3 2925 2924 2928 
3 2927 2929 2930 
3 2928 2927 2930 
3 2929 2931 2932 
3 2930 2929 2932 
3 2931 2933 2932 
3 2935 2926 2925 
3 2934 2935 2925 
3 2888 2928 2886 
3 2888 2934 2928 
3 2934 2925 2928 
3 2886 2936 2889 
3 2886 2928 2936 
3 2928 2930 2936 
3 2930 2932 2936 
3 2932 2937 2936 
3 2933 2938 2939 
3 2933 2939 2932 
3 2932 2939 2937 
3 2938 2940 2939 
3 2935 2934 2941 
3 2934 2888 2890 
3 2934 2890 2941 
3 2941 2890 2942 
3 2890 2936 2942 
3 2890 2889 2936 
3 2942 2936 2943 
3 2891 2893 2936 
3 2943 2936 2893 
3 2937 2891 2936 
3 2894 2891 2937 
3 2894 2944 2896 
3 2894 2937 2944 
3 2937 2939 2944 
3 2940 2945 2946 
3 2940 2946 2939 
3 2939 2946 2944 
3 2945 2947 2948 
3 2946 2945 2948 
3 2947 2949 2948 
3 2943 2893 2897 
3 2950 2943 2897 
3 2952 2898 2951 
3 2952 2950 2898 
3 2950 2897 2898 
3 2901 2944 2899 
3 2901 2951 2944 
3 2896 2944 2898 
3 2898 2944 2951 
3 2899 2953 2902 
3 2899 2944 2953 
3 2944 2946 2953 
3 2946 2948 2953 
3 2948 2954 2953 
3 2949 2955 2954 
3 2948 2949 2954 
3 2952 2951 2956 
3 2958 2903 2957 
3 2956 2903 2958 
3 2956 2901 2903 
3 2956 2951 2901 
3 2906 2953 2904 
3 2906 2957 2953 
3 2902 2953 2903 
3 2903 2953 2957 
3 2904 2959 2907 
3 2904 2953 2959 
3 2953 2954 2959 
3 2955 2960 2961 
3 2955 2961 2954 
3 2954 2961 2959 
3 2960 2962 2961 
3 2958 2957 2963 
3 2957 2906 2908 
3 2957 2908 2963 
3 2963 2908 2964 
3 2908 2959 2964 
3 2908 2907 2959 
3 2964 2959 2965 
3 2909 2911 2959 
3 2965 2959 2911 
3 2909 2966 2912 
3 2909 2959 2966 
3 2959 2961 2966 
3 2962 2967 2966 
3 2961 2962 2966 
3 2965 2911 2913 
3 2968 2965 2913 
3 2912 2966 2969 
3 2912 2969 2913 
3 2913 2969 2968 
3 2970 2914 2916 
3 2970 2916 2971 
3 2969 2966 2967 
3 2914 2970 2972 
3 2917 2914 2972 
3 2975 2973 2974 
3 2973 2976 2974 
3 2971 2916 2918 
3 2977 2971 2918 
3 2977 2918 2917 
3 2972 2977 2917 
3 2975 2974 2978 
3 2974 2976 2978 
3 2979 2980 2919 
3 2919 2980 2921 
3 2921 2980 2981 
3 2923 2921 2981 
3 2982 2983 2984 
3 2982 2985 2986 
3 2983 2982 2986 
3 2985 2987 2986 
3 2983 2924 2926 
3 2983 2926 2984 
3 2984 2926 2988 
3 2986 2924 2983 
3 2927 2924 2986 
3 2987 2927 2986 
3 2987 2989 2927 
3 2989 2929 2927 
3 2989 2990 2929 
3 2929 2990 2931 
3 2931 2990 2991 
3 2933 2931 2991 
3 2993 2992 2988 
3 2993 2988 2935 
3 2935 2988 2926 
3 2992 2993 2994 
3 2991 2938 2933 
3 2995 2938 2991 
3 2938 2995 2996 
3 2940 2938 2996 
3 2993 2935 2941 
3 2994 2993 2941 
3 2994 2941 2997 
3 2997 2941 2942 
3 2942 2998 2997 
3 2943 2998 2942 
3 2996 2945 2940 
3 2999 2945 2996 
3 2999 3000 2945 
3 2945 3000 2947 
3 2947 3000 3001 
3 2949 2947 3001 
3 2950 3002 3003 
3 2950 3003 2943 
3 2943 3003 2998 
3 2950 2952 3002 
3 3005 3001 3004 
3 3005 2955 3001 
3 2955 2949 3001 
3 3004 3006 3007 
3 3005 3004 3007 
3 3006 3008 3007 
3 3003 3002 3009 
3 3011 2956 3010 
3 3009 2956 3011 
3 3009 2952 2956 
3 3009 3002 2952 
3 2956 2958 3010 
3 3005 2960 2955 
3 2960 3012 2962 
3 2960 3005 3012 
3 3005 3007 3012 
3 3008 2030 2031 
3 3008 2031 3007 
3 3007 2031 3012 
3 3014 3011 3010 
3 3013 3014 3010 
3 2963 3010 2958 
3 2963 3015 3010 
3 3015 3013 3010 
3 2964 3015 2963 
3 3016 3015 2964 
3 2964 2965 3016 
3 3017 2962 3012 
3 2967 2962 3017 
3 3012 2031 3017 
3 2031 2033 3017 
3 3014 3013 3018 
3 3020 3018 3013 
3 3020 3013 3019 
3 3019 3013 3015 
3 3015 3016 3019 
3 3016 3021 3019 
3 2968 3016 2965 
3 2968 3022 3016 
3 3022 3021 3016 
3 2969 3022 2968 
3 3023 3022 2969 
3 2971 3017 2970 
3 2971 3023 3017 
3 2967 3017 2969 
3 2969 3017 3023 
3 2970 2039 2972 
3 2970 3017 2039 
3 3017 2033 2039 
3 3020 3019 3024 
3 3026 3024 3019 
3 3026 3019 3025 
3 3025 3019 3021 
3 2975 3022 2973 
3 2975 3025 3022 
3 3025 3021 3022 
3 2973 3027 2976 
3 2973 3022 3027 
3 3022 3023 3027 
3 2977 3023 2971 
3 2977 3028 3023 
3 3028 3027 3023 
3 2972 3028 2977 
3 2972 2039 3028 
3 2039 2044 3028 
3 3026 3025 3029 
3 3025 2975 2978 
3 3025 2978 3029 
3 3029 2978 3030 
3 2976 3030 2978 
3 2976 3031 3030 
3 2976 3027 3031 
3 3031 3032 3030 
3 3027 3028 3031 
3 3028 3033 3031 
3 3028 2044 3033 
3 2044 2052 3033 
3 3032 3031 3034 
3 3031 3033 3035 
3 3034 3031 3035 
3 3033 2052 2061 
3 3035 3033 2061 
3 3039 3037 3036 
3 3039 3036 2979 
3 2979 3036 3038 
3 3038 3040 2979 
3 2979 3040 2980 
3 2980 3040 3041 
3 2981 2980 3041 
3 3043 3037 3042 
3 3037 3039 3045 
3 3037 3045 3042 
3 3042 3045 3044 
3 3044 3045 3046 
3 3045 3047 3046 
3 2981 3041 3046 
3 2981 3046 3047 
3 3050 3048 3049 
3 3052 3049 3048 
3 3052 3048 3051 
3 3051 2982 3052 
3 3051 3053 2982 
3 2982 2984 3052 
3 3053 3054 2982 
3 2982 3054 2985 
3 3056 2987 2985 
3 3056 2985 3055 
3 3055 2985 3054 
3 3055 3057 3056 
3 3050 3049 3058 
3 3049 3052 3059 
3 3058 3049 3059 
3 3052 3060 3059 
3 3052 2984 3060 
3 2984 2988 3060 
3 3056 2989 2987 
3 3057 2989 3056 
3 3057 3061 2989 
3 3061 2990 2989 
3 2990 3061 3062 
3 2991 2990 3062 
3 3060 2988 2992 
3 3063 3060 2992 
3 2992 3064 3063 
3 2994 3064 2992 
3 3062 2995 2991 
3 3065 2995 3062 
3 3067 2996 2995 
3 3067 2995 3066 
3 3066 2995 3065 
3 3066 3068 3067 
3 3064 2994 2997 
3 3069 3064 2997 
3 2997 3070 3069 
3 2998 3070 2997 
3 3067 2999 2996 
3 3068 2999 3067 
3 3068 3071 2999 
3 3071 3000 2999 
3 3073 3001 3000 
3 3073 3000 3072 
3 3072 3000 3071 
3 3072 3074 3073 
3 3076 3075 3070 
3 3076 3070 3003 
3 3003 3070 2998 
3 3075 3076 3077 
3 3073 3004 3001 
3 3073 3006 3004 
3 3073 3079 3006 
3 3073 3074 3079 
3 3078 3006 3079 
3 3006 3078 3008 
3 3076 3003 3009 
3 3009 3077 3076 
3 3009 3011 3077 
3 3011 3080 3077 
3 3079 3081 3078 
3 3078 2030 3008 
3 3078 3081 2030 
3 3081 2078 2030 
3 3083 3082 3080 
3 3083 3080 3014 
3 3014 3080 3011 
3 3082 3083 3084 
3 3083 3014 3018 
3 3018 3020 3086 
3 3083 3018 3086 
3 3083 3086 3085 
3 3083 3085 3084 
3 3085 3086 3087 
3 3086 3020 3024 
3 3024 3026 3089 
3 3086 3024 3089 
3 3086 3089 3088 
3 3086 3088 3087 
3 3088 3089 3090 
3 3089 3026 3029 
3 3090 3089 3029 
3 3090 3029 3091 
3 3091 3029 3030 
3 3030 3092 3091 
3 3032 3092 3030 
3 3092 3032 3034 
3 3093 3092 3034 
3 3093 3034 3094 
3 3034 3035 3094 
3 3095 2061 2098 
3 3095 3094 2061 
3 3094 3035 2061 
3 3098 3096 3097 
3 3096 3099 3097 
3 3097 3100 3098 
3 3097 3038 3100 
3 3038 3036 3100 
3 3099 3038 3097 
3 3099 3101 3038 
3 3101 3040 3038 
3 3040 3101 3102 
3 3041 3040 3102 
3 3104 3043 3042 
3 3103 3104 3042 
3 3103 3042 3105 
3 3042 3044 3105 
3 3107 3046 3106 
3 3107 3105 3046 
3 3105 3044 3046 
3 3108 3041 3102 
3 3108 3106 3041 
3 3108 3109 3106 
3 3046 3041 3106 
3 3108 3110 3111 
3 3109 3108 3111 
3 3110 3112 3111 
3 3106 3048 3050 
3 3106 3050 3107 
3 3107 3050 3113 
3 3109 3048 3106 
3 3051 3048 3109 
3 3111 3051 3109 
3 3053 3051 3111 
3 3112 3053 3111 
3 3112 3114 3053 
3 3114 3054 3053 
3 3114 3115 3054 
3 3054 3115 3055 
3 3055 3115 3116 
3 3057 3055 3116 
3 3113 3050 3058 
3 3117 3113 3058 
3 3117 3058 3118 
3 3058 3059 3118 
3 3059 3119 3118 
3 3060 3119 3059 
3 3116 3061 3057 
3 3120 3061 3116 
3 3061 3120 3121 
3 3062 3061 3121 
3 3119 3060 3063 
3 3122 3119 3063 
3 3063 3123 3122 
3 3064 3123 3063 
3 3121 3065 3062 
3 3124 3065 3121 
3 3126 3125 3066 
3 3126 3066 3124 
3 3124 3066 3065 
3 3066 3125 3068 
3 3123 3064 3069 
3 3127 3123 3069 
3 3069 3128 3127 
3 3070 3128 3069 
3 3126 3129 3125 
3 3125 3071 3068 
3 3125 3129 3071 
3 3129 3130 3071 
3 3132 3131 3072 
3 3132 3072 3130 
3 3130 3072 3071 
3 3072 3131 3074 
3 3128 3070 3075 
3 3133 3128 3075 
3 3075 3134 3133 
3 3077 3134 3075 
3 3132 3135 3131 
3 3131 3079 3074 
3 3131 3136 3079 
3 3131 3135 3136 
3 3136 3137 3079 
3 3136 3138 3137 
3 3140 3139 3134 
3 3140 3134 3080 
3 3080 3134 3077 
3 3139 3140 3141 
3 3137 3081 3079 
3 3138 3081 3137 
3 3138 2103 3081 
3 2103 2078 3081 
3 3140 3080 3082 
3 3082 3084 3143 
3 3140 3082 3143 
3 3140 3143 3142 
3 3140 3142 3141 
3 3142 3143 3144 
3 3143 3084 3085 
3 3085 3087 3146 
3 3143 3085 3146 
3 3143 3146 3145 
3 3143 3145 3144 
3 3145 3146 3147 
3 3146 3087 3088 
3 3088 3090 3149 
3 3146 3088 3149 
3 3146 3149 3148 
3 3146 3148 3147 
3 3148 3151 3150 
3 3149 3151 3148 
3 3150 3151 3152 
3 3149 3090 3091 
3 3091 3092 3153 
3 3091 3153 3149 
3 3149 3153 3151 
3 3152 3155 3154 
3 3152 3151 3155 
3 3151 3153 3155 
3 3154 2116 2115 
3 3155 2116 3154 
3 3153 3092 3093 
3 3155 3153 3093 
3 3094 3155 3093 
3 3094 3095 2121 
3 3094 2121 3155 
3 3155 2121 2116 
3 3156 3157 3158 
3 3160 3157 3156 
3 3159 3096 3098 
3 3096 3159 3099 
3 3157 3100 3104 
3 3157 3104 3158 
3 3158 3104 3161 
3 3098 3162 3159 
3 3098 3100 3162 
3 3160 3162 3157 
3 3157 3162 3100 
3 3159 3101 3099 
3 3159 3162 3101 
3 3162 3163 3101 
3 3165 3102 3101 
3 3165 3101 3164 
3 3164 3101 3163 
3 3164 3166 3165 
3 3161 3104 3103 
3 3167 3161 3103 
3 3169 3105 3168 
3 3169 3167 3105 
3 3167 3103 3105 
3 3105 3107 3168 
3 3165 3108 3102 
3 3166 3108 3165 
3 3166 3170 3108 
3 3170 3110 3108 
3 3172 3112 3110 
3 3172 3110 3171 
3 3171 3110 3170 
3 3171 3173 3172 
3 3169 3168 3174 
3 3168 3107 3113 
3 3168 3113 3175 
3 3168 3175 3174 
3 3175 3113 3176 
3 3175 3176 3177 
3 3172 3114 3112 
3 3173 3114 3172 
3 3173 3178 3114 
3 3178 3115 3114 
3 3115 3178 3179 
3 3116 3115 3179 
3 3176 3113 3117 
3 3177 3176 3117 
3 3177 3117 3180 
3 3180 3117 3118 
3 3182 3118 3119 
3 3182 3181 3118 
3 3181 3180 3118 
3 3181 3182 3183 
3 3179 3120 3116 
3 3184 3120 3179 
3 3120 3184 3185 
3 3121 3120 3185 
3 3182 3119 3122 
3 3122 3183 3182 
3 3122 3123 3183 
3 3123 3186 3183 
3 3185 3124 3121 
3 3187 3124 3185 
3 3124 3187 3188 
3 3126 3124 3188 
3 3186 3123 3127 
3 3189 3186 3127 
3 3127 3190 3189 
3 3128 3190 3127 
3 3188 3129 3126 
3 3191 3129 3188 
3 3191 3192 3129 
3 3129 3192 3130 
3 3130 3192 3193 
3 3132 3130 3193 
3 3190 3128 3133 
3 3194 3190 3133 
3 3133 3195 3194 
3 3134 3195 3133 
3 3193 3135 3132 
3 3196 3135 3193 
3 3196 3197 3135 
3 3135 3197 3136 
3 3136 3197 3198 
3 3138 3136 3198 
3 3195 3134 3139 
3 3199 3195 3139 
3 3201 3139 3141 
3 3201 3200 3139 
3 3200 3199 3139 
3 3200 3201 3202 
3 3198 2103 3138 
3 2136 2103 3198 
3 3201 3141 3142 
3 3142 3144 3204 
3 3201 3142 3204 
3 3201 3204 3203 
3 3201 3203 3202 
3 3203 3206 3205 
3 3204 3206 3203 
3 3205 3206 3207 
3 3204 3144 3145 
3 3145 3147 3208 
3 3145 3208 3204 
3 3204 3208 3206 
3 3207 3210 3209 
3 3207 3206 3210 
3 3206 3208 3210 
3 3209 3210 3211 
3 3208 3147 3148 
3 3210 3208 3148 
3 3150 3210 3148 
3 3150 3152 3213 
3 3210 3150 3213 
3 3210 3213 3212 
3 3210 3212 3211 
3 3212 2149 2148 
3 3213 2149 3212 
3 3213 3152 3154 
3 2149 3213 3154 
3 2115 2149 3154 
3 3158 3215 3214 
3 3156 3158 3214 
3 3217 3160 3156 
3 3217 3156 3216 
3 3216 3156 3214 
3 3216 3218 3219 
3 3217 3216 3219 
3 3218 3220 3219 
3 3215 3158 3221 
3 3221 3158 3161 
3 3217 3162 3160 
3 3219 3162 3217 
3 3163 3162 3219 
3 3220 3163 3219 
3 3220 3222 3163 
3 3222 3164 3163 
3 3224 3166 3164 
3 3224 3164 3223 
3 3223 3164 3222 
3 3223 3225 3224 
3 3221 3161 3167 
3 3226 3221 3167 
3 3228 3167 3169 
3 3228 3227 3167 
3 3227 3226 3167 
3 3227 3228 3229 
3 3224 3170 3166 
3 3225 3170 3224 
3 3225 3230 3170 
3 3230 3171 3170 
3 3171 3230 3231 
3 3173 3171 3231 
3 3228 3169 3174 
3 3229 3228 3174 
3 3229 3174 3232 
3 3232 3174 3175 
3 3175 3233 3232 
3 3177 3233 3175 
3 3231 3178 3173 
3 3234 3178 3231 
3 3178 3234 3235 
3 3179 3178 3235 
3 3233 3177 3180 
3 3236 3233 3180 
3 3236 3180 3237 
3 3180 3181 3237 
3 3181 3238 3237 
3 3183 3238 3181 
3 3235 3184 3179 
3 3239 3184 3235 
3 3184 3239 3240 
3 3185 3184 3240 
3 3242 3241 3238 
3 3242 3238 3186 
3 3186 3238 3183 
3 3241 3242 3243 
3 3240 3187 3185 
3 3244 3187 3240 
3 3187 3244 3245 
3 3188 3187 3245 
3 3242 3186 3189 
3 3189 3190 3247 
3 3242 3189 3247 
3 3242 3247 3246 
3 3242 3246 3243 
3 3246 3247 3248 
3 3245 3191 3188 
3 3249 3191 3245 
3 3249 3250 3191 
3 3191 3250 3192 
3 3192 3250 3251 
3 3193 3192 3251 
3 3247 3190 3194 
3 3194 3195 3253 
3 3247 3194 3253 
3 3247 3253 3252 
3 3247 3252 3248 
3 3252 3253 3254 
3 3251 3196 3193 
3 3255 3196 3251 
3 3255 3256 3196 
3 3196 3256 3197 
3 3197 3256 3257 
3 3198 3197 3257 
3 3253 3195 3199 
3 3254 3253 3199 
3 3254 3199 3258 
3 3258 3199 3200 
3 3260 3200 3202 
3 3260 3259 3200 
3 3259 3258 3200 
3 3259 3260 3261 
3 3257 2136 3198 
3 2172 2136 3257 
3 3260 3202 3203 
3 3261 3260 3203 
3 3261 3203 3262 
3 3262 3203 3205 
3 3264 3205 3207 
3 3264 3263 3205 
3 3263 3262 3205 
3 3263 3264 3265 
3 3264 3207 3209 
3 3209 3211 3267 
3 3264 3209 3267 
3 3264 3267 3266 
3 3264 3266 3265 
3 3266 2180 2179 
3 3267 2180 3266 
3 3267 3211 3212 
3 2180 3267 3212 
3 2148 2180 3212 
3 343 342 3268 
3 342 346 3268 
3 348 347 3269 
3 347 351 3269 
3 343 3268 355 
3 346 355 3268 
3 356 3270 358 
3 3269 3214 3215 
3 348 3269 3215 
3 348 3215 3270 
3 348 3270 356 
3 351 3214 3269 
3 351 359 3214 
3 359 3216 3214 
3 359 361 3216 
3 3216 361 3218 
3 3218 361 364 
3 3220 3218 364 
3 358 3270 367 
3 3270 369 367 
3 3270 3215 369 
3 3215 3221 369 
3 364 3222 3220 
3 370 3222 364 
3 370 372 3222 
3 3222 372 3223 
3 3223 372 374 
3 3225 3223 374 
3 369 3221 3226 
3 376 369 3226 
3 378 3227 3271 
3 378 376 3227 
3 376 3226 3227 
3 3227 3229 3271 
3 374 3230 3225 
3 381 3230 374 
3 3230 381 383 
3 3231 3230 383 
3 378 3271 385 
3 3271 3229 3232 
3 3271 3232 385 
3 385 3232 387 
3 3232 389 387 
3 3233 389 3232 
3 383 3234 3231 
3 392 3234 383 
3 3234 392 394 
3 3235 3234 394 
3 389 3233 3236 
3 396 389 3236 
3 396 3236 398 
3 3236 3237 398 
3 3237 400 398 
3 3238 400 3237 
3 394 3239 3235 
3 402 3239 394 
3 3239 402 404 
3 3240 3239 404 
3 400 3238 3241 
3 406 400 3241 
3 3241 408 406 
3 3243 408 3241 
3 404 3244 3240 
3 410 3244 404 
3 3272 3245 3244 
3 3272 3244 412 
3 412 3244 410 
3 412 415 3272 
3 408 3243 3246 
3 418 408 3246 
3 3246 420 418 
3 3248 420 3246 
3 3272 3249 3245 
3 415 3249 3272 
3 415 421 3249 
3 421 3250 3249 
3 3273 3251 3250 
3 3273 3250 423 
3 423 3250 421 
3 423 426 3273 
3 420 3248 3252 
3 429 420 3252 
3 3252 431 429 
3 3254 431 3252 
3 3273 3255 3251 
3 426 3255 3273 
3 426 432 3255 
3 432 3256 3255 
3 2212 3257 3256 
3 2212 3256 434 
3 434 3256 432 
3 431 3254 3258 
3 436 431 3258 
3 436 3258 438 
3 3258 3259 438 
3 3259 440 438 
3 3261 440 3259 
3 2212 2172 3257 
3 440 3261 3262 
3 442 440 3262 
3 442 3262 444 
3 3262 3263 444 
3 3263 446 444 
3 3265 446 3263 
3 446 3265 3266 
3 448 446 3266 
3 448 3266 450 
3 3266 2179 450 
3 1600 1601 3274 
3 3274 3276 3275 
3 3274 3275 1600 
3 1600 3275 1602 
3 3275 3277 1602 
3 1602 3277 1603 
3 3277 3278 1603 
3 1603 3278 1604 
3 1604 3278 3279 
3 1606 1604 3279 
3 3274 1601 1607 
3 1607 3276 3274 
3 1607 1471 3276 
3 1471 2248 3276 
3 3279 1608 1606 
3 3280 1608 3279 
3 3280 3281 1608 
3 1608 3281 1609 
3 2250 1475 1609 
3 2250 1609 3282 
3 3282 1609 3281 
3 3282 2252 2250 
3 3276 3284 3283 
3 3275 3276 3283 
3 3283 3285 3275 
3 3275 3285 3277 
3 3285 3286 3277 
3 3277 3286 3278 
3 3278 3286 3287 
3 3279 3278 3287 
3 2306 3288 3284 
3 2306 3284 2248 
3 2248 3284 3276 
3 3288 2306 2308 
3 3287 3280 3279 
3 3289 3280 3287 
3 3289 3290 3280 
3 3280 3290 3281 
3 3290 3291 3281 
3 3281 3291 3282 
3 3282 3291 2311 
3 2252 3282 2311 
3 3294 3292 3293 
3 3292 3295 3296 
3 3293 3292 3296 
3 3295 3297 3298 
3 3296 3295 3298 
3 3297 3299 3298 
3 3302 3300 3301 
3 3293 3283 3284 
3 3294 3293 3284 
3 3294 3284 3301 
3 3294 3301 3300 
3 3296 3283 3293 
3 3285 3283 3296 
3 3298 3285 3296 
3 3286 3285 3298 
3 3286 3304 3287 
3 3298 3304 3286 
3 3298 3303 3304 
3 3298 3299 3303 
3 3303 3305 3304 
3 3302 3301 3306 
3 3301 3284 3288 
3 3301 3288 3306 
3 3306 3288 3307 
3 3288 2369 3307 
3 2308 2369 3288 
3 3304 3289 3287 
3 3305 3289 3304 
3 3305 3308 3289 
3 3308 3290 3289 
3 3308 3309 3290 
3 3290 3309 3291 
3 3291 3309 2372 
3 2311 3291 2372 
3 3294 3311 3310 
3 3292 3294 3310 
3 3310 3312 3292 
3 3292 3312 3295 
3 3312 3313 3295 
3 3295 3313 3297 
3 3297 3313 3314 
3 3299 3297 3314 
3 3300 3302 3315 
3 3315 3294 3300 
3 3315 3316 3294 
3 3316 3311 3294 
3 3314 3303 3299 
3 3317 3303 3314 
3 3319 3305 3303 
3 3319 3303 3318 
3 3318 3303 3317 
3 3318 3320 3319 
3 3315 3302 3306 
3 3316 3315 3306 
3 3316 3306 3321 
3 3321 3306 3307 
3 2418 3307 2369 
3 2418 3322 3307 
3 3322 3321 3307 
3 3322 2418 2421 
3 3319 3308 3305 
3 3320 3308 3319 
3 3320 3323 3308 
3 3323 3309 3308 
3 2423 2372 3309 
3 2423 3309 3324 
3 3324 3309 3323 
3 3324 2425 2423 
3 3327 3325 3326 
3 3325 3328 3329 
3 3326 3325 3329 
3 3328 3330 3329 
3 3311 3332 3331 
3 3310 3311 3331 
3 3326 3331 3327 
3 3326 3312 3331 
3 3312 3310 3331 
3 3329 3312 3326 
3 3313 3312 3329 
3 3313 3334 3314 
3 3329 3334 3313 
3 3329 3333 3334 
3 3329 3330 3333 
3 3333 3335 3334 
3 3337 3336 3332 
3 3337 3332 3316 
3 3316 3332 3311 
3 3336 3337 3338 
3 3334 3317 3314 
3 3335 3317 3334 
3 3335 3339 3317 
3 3339 3318 3317 
3 3318 3339 3340 
3 3320 3318 3340 
3 3337 3316 3321 
3 3338 3337 3321 
3 3338 3321 3341 
3 3341 3321 3322 
3 2475 3322 2421 
3 2475 3342 3322 
3 3342 3341 3322 
3 3342 2475 2478 
3 3340 3323 3320 
3 3343 3323 3340 
3 3343 3344 3323 
3 3323 3344 3324 
3 3324 3344 2481 
3 2425 3324 2481 
3 3325 3327 3345 
3 3346 3325 3347 
3 3346 3328 3325 
3 3325 3345 3347 
3 3328 3346 3348 
3 3330 3328 3348 
3 3331 3332 3349 
3 3331 3349 3351 
3 3331 3351 3350 
3 3331 3350 3327 
3 3345 3327 3350 
3 3345 3350 3347 
3 3348 3333 3330 
3 3352 3333 3348 
3 3354 3335 3333 
3 3354 3333 3353 
3 3353 3333 3352 
3 3353 3355 3354 
3 3349 3332 3336 
3 3336 3338 3357 
3 3349 3336 3357 
3 3349 3357 3356 
3 3349 3356 3351 
3 3356 3357 3358 
3 3354 3339 3335 
3 3339 3360 3340 
3 3354 3360 3339 
3 3354 3359 3360 
3 3354 3355 3359 
3 3359 3361 3360 
3 3357 3338 3341 
3 3358 3357 3341 
3 3358 3341 3362 
3 3362 3341 3342 
3 2519 3342 2478 
3 2519 3363 3342 
3 3363 3362 3342 
3 3363 2519 2522 
3 3360 3343 3340 
3 3361 3343 3360 
3 3361 3364 3343 
3 3364 3344 3343 
3 2524 2481 3344 
3 2524 3344 3365 
3 3365 3344 3364 
3 3365 2526 2524 
3 3368 3366 3367 
3 3366 3369 3367 
3 3372 3370 3371 
3 3368 3367 3346 
3 3368 3346 3347 
3 3368 3347 3370 
3 3371 3370 3347 
3 3346 3367 3369 
3 3346 3369 3348 
3 3348 3369 3373 
3 3371 3374 3372 
3 3351 3375 3350 
3 3375 3347 3350 
3 3375 3376 3347 
3 3371 3347 3374 
3 3374 3347 3376 
3 3373 3352 3348 
3 3377 3352 3373 
3 3377 3378 3352 
3 3352 3378 3353 
3 3353 3378 3379 
3 3355 3353 3379 
3 3375 3351 3356 
3 3356 3358 3381 
3 3375 3356 3381 
3 3375 3381 3380 
3 3375 3380 3376 
3 3380 3381 3382 
3 3379 3359 3355 
3 3383 3359 3379 
3 3359 3383 3384 
3 3361 3359 3384 
3 3381 3358 3362 
3 3382 3381 3362 
3 3382 3362 3385 
3 3385 3362 3363 
3 3363 2564 3385 
3 2522 2564 3363 
3 3384 3364 3361 
3 3386 3364 3384 
3 3386 3387 3364 
3 3364 3387 3365 
3 2566 2526 3365 
3 2566 3365 3388 
3 3388 3365 3387 
3 3388 2568 2566 
3 3366 3368 3389 
3 3389 3369 3366 
3 3370 3372 3390 
3 3390 3392 3391 
3 3370 3390 3391 
3 3370 3391 3389 
3 3370 3389 3368 
3 3389 3373 3369 
3 3389 3393 3373 
3 3389 3391 3393 
3 3393 3394 3373 
3 3393 3395 3396 
3 3394 3393 3396 
3 3395 3397 3396 
3 3390 3372 3374 
3 3374 3376 3399 
3 3390 3374 3399 
3 3390 3399 3398 
3 3390 3398 3392 
3 3398 3399 3400 
3 3373 3394 3377 
3 3396 3377 3394 
3 3378 3377 3396 
3 3378 3402 3379 
3 3396 3402 3378 
3 3396 3401 3402 
3 3396 3397 3401 
3 3401 3403 3402 
3 3399 3376 3380 
3 3380 3382 3405 
3 3399 3380 3405 
3 3399 3405 3404 
3 3399 3404 3400 
3 3404 3405 3406 
3 3402 3383 3379 
3 3383 3408 3384 
3 3402 3408 3383 
3 3402 3407 3408 
3 3402 3403 3407 
3 3407 3409 3408 
3 3405 3382 3385 
3 3385 2564 2602 
3 3405 3385 2602 
3 3405 2602 3410 
3 3405 3410 3406 
3 3410 2602 2605 
3 3408 3386 3384 
3 3409 3386 3408 
3 3409 3411 3386 
3 3411 3387 3386 
3 3411 3412 3387 
3 3387 3412 3388 
3 3388 3412 2608 
3 2568 3388 2608 
3 3413 3414 3415 
3 3413 3416 3414 
3 3392 3418 3417 
3 3391 3392 3417 
3 3414 3417 3415 
3 3414 3393 3417 
3 3393 3391 3417 
3 3416 3393 3414 
3 3416 3419 3393 
3 3419 3395 3393 
3 3421 3397 3395 
3 3421 3395 3420 
3 3420 3395 3419 
3 3420 3422 3421 
3 3418 3392 3398 
3 3423 3418 3398 
3 3425 3398 3400 
3 3425 3424 3398 
3 3424 3423 3398 
3 3424 3425 3426 
3 3421 3401 3397 
3 3401 3428 3403 
3 3421 3428 3401 
3 3421 3427 3428 
3 3421 3422 3427 
3 3427 3429 3428 
3 3425 3400 3404 
3 3404 3426 3425 
3 3404 3406 3426 
3 3406 3430 3426 
3 3428 3407 3403 
3 3407 3432 3409 
3 3428 3432 3407 
3 3428 3431 3432 
3 3428 3429 3431 
3 3431 3433 3432 
3 3430 3406 3410 
3 3434 3430 3410 
3 2638 3410 2605 
3 2638 3435 3410 
3 3435 3434 3410 
3 3435 2638 2639 
3 3432 3411 3409 
3 3433 3411 3432 
3 3433 3436 3411 
3 3436 3412 3411 
3 2641 2608 3412 
3 2641 3412 3437 
3 3437 3412 3436 
3 3437 2643 2641 
3 3415 3439 3438 
3 3415 3438 3413 
3 3441 3416 3413 
3 3441 3413 3440 
3 3440 3413 3438 
3 3440 3442 3443 
3 3441 3440 3443 
3 3442 3444 3443 
3 3417 3418 3445 
3 3445 3415 3417 
3 3445 3446 3415 
3 3446 3439 3415 
3 3441 3419 3416 
3 3443 3419 3441 
3 3420 3419 3443 
3 3420 3443 3444 
3 3420 3444 3422 
3 3422 3444 3447 
3 3445 3418 3423 
3 3445 3423 3424 
3 3445 3424 3449 
3 3445 3449 3446 
3 3448 3449 3424 
3 3424 3426 3448 
3 3447 3427 3422 
3 3450 3427 3447 
3 3452 3429 3427 
3 3452 3427 3451 
3 3451 3427 3450 
3 3451 3453 3452 
3 3449 3448 3454 
3 3448 3426 3430 
3 3448 3430 3455 
3 3448 3455 3454 
3 3455 3430 3456 
3 3455 3456 3457 
3 3452 3431 3429 
3 3431 3452 3453 
3 3431 3453 3433 
3 3433 3453 3458 
3 3456 3430 3434 
3 3457 3456 3434 
3 3457 3434 3459 
3 3459 3434 3435 
3 3435 2680 3459 
3 2639 2680 3435 
3 3458 3436 3433 
3 3460 3436 3458 
3 3460 3461 3436 
3 3436 3461 3437 
3 3437 3461 2683 
3 2643 3437 2683 
3 3464 3462 3463 
3 3462 3465 3463 
3 3463 3438 3439 
3 3463 3439 3464 
3 3464 3439 3466 
3 3465 3438 3463 
3 3465 3467 3438 
3 3467 3440 3438 
3 3469 3468 3442 
3 3469 3442 3467 
3 3467 3442 3440 
3 3442 3468 3444 
3 3466 3439 3470 
3 3470 3439 3446 
3 3469 3471 3468 
3 3468 3447 3444 
3 3468 3472 3447 
3 3468 3471 3472 
3 3472 3473 3447 
3 3472 3474 3473 
3 3476 3475 3470 
3 3476 3470 3449 
3 3449 3470 3446 
3 3475 3476 3477 
3 3473 3450 3447 
3 3474 3450 3473 
3 3474 3478 3450 
3 3478 3451 3450 
3 3451 3478 3479 
3 3453 3451 3479 
3 3476 3449 3454 
3 3477 3476 3454 
3 3477 3454 3480 
3 3480 3454 3455 
3 3455 3481 3480 
3 3457 3481 3455 
3 3483 3479 3482 
3 3483 3458 3479 
3 3458 3453 3479 
3 3482 3484 3483 
3 3481 3457 3459 
3 3485 3481 3459 
3 2723 3459 2680 
3 2723 3486 3459 
3 3486 3485 3459 
3 3486 2723 2724 
3 3483 3460 3458 
3 3484 3460 3483 
3 3484 3487 3460 
3 3487 3461 3460 
3 3461 3487 2727 
3 2683 3461 2727 
3 3462 3488 3465 
3 3488 3467 3465 
3 3488 3489 3467 
3 3489 3490 3467 
3 3492 3469 3467 
3 3492 3467 3491 
3 3491 3467 3490 
3 3491 3493 3492 
3 3495 3494 3496 
3 3495 3496 3470 
3 3470 3496 3466 
3 3494 3495 3497 
3 3492 3471 3469 
3 3493 3471 3492 
3 3493 3498 3471 
3 3498 3472 3471 
3 3500 3474 3472 
3 3500 3472 3499 
3 3499 3472 3498 
3 3499 3501 3500 
3 3495 3470 3475 
3 3475 3497 3495 
3 3475 3477 3497 
3 3477 3502 3497 
3 3500 3478 3474 
3 3478 3504 3479 
3 3500 3504 3478 
3 3500 3503 3504 
3 3500 3501 3503 
3 3503 3505 3504 
3 3502 3477 3480 
3 3506 3502 3480 
3 3508 3480 3481 
3 3508 3507 3480 
3 3507 3506 3480 
3 3507 3508 3509 
3 3504 3482 3479 
3 3482 3511 3484 
3 3504 3511 3482 
3 3504 3510 3511 
3 3504 3505 3510 
3 3510 3512 3511 
3 3508 3481 3485 
3 3509 3508 3485 
3 3509 3485 3513 
3 3513 3485 3486 
3 3486 2771 3513 
3 2724 2771 3486 
3 3511 3487 3484 
3 3487 2773 2727 
3 3511 2773 3487 
3 3511 3514 2773 
3 3511 3512 3514 
3 3514 2775 2773 
3 3515 3517 3516 
3 3515 3516 3490 
3 3490 3516 3491 
3 3491 3516 3518 
3 3493 3491 3518 
3 3519 3496 3494 
3 3494 3497 3520 
3 3494 3520 3519 
3 3519 3520 3515 
3 3517 3520 3521 
3 3515 3520 3517 
3 3518 3498 3493 
3 3522 3498 3518 
3 3522 3523 3498 
3 3498 3523 3499 
3 3499 3523 3524 
3 3501 3499 3524 
3 3525 3520 3497 
3 3502 3525 3497 
3 3521 3525 3526 
3 3520 3525 3521 
3 3524 3503 3501 
3 3527 3503 3524 
3 3503 3527 3528 
3 3505 3503 3528 
3 3525 3502 3506 
3 3526 3525 3506 
3 3526 3506 3529 
3 3529 3506 3507 
3 3507 3530 3529 
3 3509 3530 3507 
3 3528 3510 3505 
3 3531 3510 3528 
3 3510 3531 3532 
3 3512 3510 3532 
3 3530 3509 3513 
3 3533 3530 3513 
3 2802 3513 2771 
3 2802 3534 3513 
3 3534 3533 3513 
3 3534 2802 2805 
3 3532 3514 3512 
3 3535 3514 3532 
3 3514 3535 2808 
3 2775 3514 2808 
3 3536 3516 3517 
3 3536 3517 3537 
3 3539 3518 3516 
3 3539 3516 3538 
3 3538 3516 3536 
3 3538 3540 3539 
3 3543 3541 3542 
3 3541 3521 3542 
3 3541 3537 3521 
3 3537 3517 3521 
3 3539 3522 3518 
3 3540 3522 3539 
3 3540 3544 3522 
3 3544 3523 3522 
3 3523 3544 3545 
3 3524 3523 3545 
3 3543 3542 3546 
3 3542 3521 3526 
3 3542 3526 3547 
3 3542 3547 3546 
3 3547 3526 3548 
3 3547 3548 3549 
3 3527 3551 3550 
3 3527 3524 3551 
3 3524 3545 3551 
3 3550 3528 3527 
3 3554 3552 3553 
3 3552 3555 3553 
3 3548 3526 3529 
3 3529 3549 3548 
3 3529 3530 3549 
3 3530 3556 3549 
3 3559 3558 3557 
3 3560 3558 3561 
3 3560 3550 3558 
3 3557 3558 3551 
3 3551 3558 3550 
3 3553 3560 3554 
3 3553 3531 3560 
3 3550 3560 3528 
3 3528 3560 3531 
3 3531 3563 3532 
3 3553 3563 3531 
3 3553 3562 3563 
3 3553 3555 3562 
3 3562 3564 3563 
3 3556 3530 3533 
3 3565 3556 3533 
3 3558 3559 3565 
3 3558 3565 3534 
3 3534 3565 3533 
3 3534 2805 2828 
3 3558 3534 2828 
3 3558 2828 3566 
3 3558 3566 3561 
3 3566 2828 2831 
3 3563 3535 3532 
3 3535 2833 2808 
3 3563 2833 3535 
3 3563 3567 2833 
3 3563 3564 3567 
3 3567 2835 2833 
3 3570 3568 3569 
3 3568 3571 3569 
3 3569 3536 3570 
3 3570 3536 3537 
3 3570 3537 3572 
3 3571 3536 3569 
3 3571 3573 3536 
3 3573 3538 3536 
3 3538 3573 3574 
3 3540 3538 3574 
3 3541 3543 3575 
3 3575 3537 3541 
3 3575 3576 3537 
3 3576 3572 3537 
3 3544 3578 3577 
3 3544 3540 3578 
3 3540 3574 3578 
3 3577 3545 3544 
3 3575 3543 3546 
3 3576 3575 3546 
3 3576 3546 3579 
3 3579 3546 3547 
3 3581 3547 3549 
3 3581 3580 3547 
3 3580 3579 3547 
3 3582 3581 3583 
3 3582 3577 3581 
3 3580 3581 3578 
3 3578 3581 3577 
3 3577 3551 3545 
3 3577 3584 3551 
3 3577 3582 3584 
3 3584 3585 3551 
3 3554 3585 3584 
3 3554 3584 3552 
3 3552 3584 3586 
3 3588 3555 3552 
3 3588 3552 3587 
3 3587 3552 3586 
3 3587 3589 3588 
3 3590 3581 3549 
3 3556 3590 3549 
3 3583 3557 3591 
3 3583 3590 3557 
3 3583 3581 3590 
3 3590 3559 3557 
3 3561 3593 3560 
3 3551 3585 3557 
3 3557 3585 3592 
3 3557 3592 3591 
3 3593 3554 3560 
3 3593 3594 3554 
3 3585 3554 3592 
3 3592 3554 3594 
3 3588 3562 3555 
3 3562 3596 3564 
3 3588 3596 3562 
3 3588 3595 3596 
3 3588 3589 3595 
3 3595 3597 3596 
3 3590 3556 3565 
3 3590 3565 3559 
3 3593 3561 3566 
3 3566 3594 3593 
3 3566 2831 3594 
3 2831 2851 3594 
3 3596 3567 3564 
3 3567 2855 2835 
3 3596 2855 3567 
3 3596 3598 2855 
3 3596 3597 3598 
3 3598 2857 2855 
3 3568 3599 3571 
3 3599 3573 3571 
3 3599 3600 3573 
3 3600 3601 3573 
3 3603 3574 3573 
3 3603 3573 3602 
3 3602 3573 3601 
3 3604 3603 3602 
3 3606 3605 3607 
3 3606 3607 3576 
3 3576 3607 3572 
3 3605 3609 3608 
3 3606 3609 3605 
3 3609 3610 3608 
3 3609 3574 3610 
3 3609 3578 3574 
3 3603 3610 3574 
3 3610 3603 3604 
3 3611 3612 3613 
3 3611 3614 3615 
3 3611 3615 3612 
3 3614 3616 3615 
3 3606 3576 3579 
3 3609 3606 3579 
3 3609 3579 3580 
3 3618 3619 3617 
3 3609 3580 3578 
3 3617 3582 3618 
3 3617 3620 3582 
3 3582 3583 3618 
3 3613 3612 3621 
3 3623 3622 3620 
3 3620 3622 3584 
3 3620 3584 3582 
3 3584 3624 3586 
3 3584 3622 3624 
3 3586 3624 3615 
3 3621 3612 3624 
3 3615 3624 3612 
3 3616 3586 3615 
3 3616 3625 3586 
3 3625 3587 3586 
3 3587 3625 3626 
3 3589 3587 3626 
3 3619 3618 3627 
3 3618 3583 3591 
3 3618 3591 3627 
3 3627 3591 3628 
3 3622 3623 3628 
3 3622 3628 3592 
3 3592 3628 3591 
3 3592 3624 3622 
3 3592 3594 3624 
3 3594 3629 3624 
3 3626 3595 3589 
3 3630 3595 3626 
3 3595 3630 3631 
3 3597 3595 3631 
3 2869 3632 3629 
3 2869 3629 2851 
3 2851 3629 3594 
3 3632 2869 2871 
3 3631 3598 3597 
3 3633 3598 3631 
3 3598 3633 2874 
3 2857 3598 2874 
3 3635 3636 1502 
3 3635 1502 3634 
3 3634 1502 2282 
3 3634 3637 3635 
3 3635 3638 3636 
3 3638 3640 3641 
3 3635 3640 3638 
3 3635 3639 3640 
3 3635 3637 3639 
3 3639 3642 3640 
3 3640 3643 3641 
3 3642 3643 3640 
3 3642 3644 3643 
3 3644 3645 3643 
3 3647 3648 3645 
3 3647 3645 3646 
3 3646 3645 3644 
3 3646 3649 3647 
3 3647 3650 3648 
3 3649 3650 3647 
3 3649 3651 3650 
3 3651 3652 3650 
3 3651 3653 3652 
3 3652 3653 3654 
3 3656 3657 3654 
3 3656 3654 3655 
3 3655 3654 3653 
3 3655 3658 3656 
3 3656 3659 3657 
3 3658 3659 3656 
3 3658 3660 3659 
3 3660 3661 3659 
3 3663 3664 3661 
3 3663 3661 3662 
3 3662 3661 3660 
3 3662 3665 3663 
3 3663 3666 3664 
3 3665 3666 3663 
3 3665 3667 3666 
3 3667 3668 3666 
3 3668 3667 3669 
3 3670 3668 3669 
3 3669 3672 3670 
3 3671 3672 3669 
3 3671 3673 3672 
3 3672 3673 3674 
3 3674 3673 3675 
3 3676 3674 3675 
3 3675 3678 3676 
3 3677 3678 3675 
3 3677 3679 3678 
3 3678 3679 3680 
3 3680 3679 3681 
3 3682 3680 3681 
3 3681 3684 3682 
3 3683 3684 3681 
3 3684 3683 3685 
3 3686 3684 3685 
3 3685 3688 3686 
3 3687 3688 3685 
3 2334 3689 2335 
3 3689 2282 2335 
3 3689 3690 2282 
3 3690 3634 2282 
3 3692 3637 3634 
3 3692 3634 3691 
3 3691 3634 3690 
3 3691 3693 3692 
3 3692 3639 3637 
3 3639 3695 3642 
3 3692 3695 3639 
3 3692 3694 3695 
3 3692 3693 3694 
3 3694 3696 3695 
3 3695 3644 3642 
3 3696 3644 3695 
3 3696 3697 3644 
3 3697 3646 3644 
3 3699 3649 3646 
3 3699 3646 3698 
3 3698 3646 3697 
3 3698 3700 3699 
3 3699 3651 3649 
3 3700 3651 3699 
3 3700 3701 3651 
3 3701 3653 3651 
3 3701 3702 3653 
3 3653 3702 3655 
3 3655 3702 3703 
3 3658 3655 3703 
3 3703 3660 3658 
3 3704 3660 3703 
3 3704 3705 3660 
3 3660 3705 3662 
3 3707 3665 3662 
3 3707 3662 3706 
3 3706 3662 3705 
3 3706 3708 3707 
3 3707 3667 3665 
3 3667 3710 3669 
3 3707 3710 3667 
3 3707 3709 3710 
3 3707 3708 3709 
3 3709 3711 3710 
3 3710 3671 3669 
3 3711 3671 3710 
3 3711 3712 3671 
3 3712 3673 3671 
3 3714 3675 3673 
3 3714 3673 3713 
3 3713 3673 3712 
3 3713 3715 3714 
3 3714 3677 3675 
3 3715 3677 3714 
3 3715 3716 3677 
3 3716 3679 3677 
3 3718 3681 3679 
3 3718 3679 3717 
3 3717 3679 3716 
3 3717 3719 3718 
3 3718 3683 3681 
3 3683 3721 3685 
3 3718 3721 3683 
3 3718 3720 3721 
3 3718 3719 3720 
3 3721 3687 3685 
3 3723 3689 2334 
3 3723 2334 3722 
3 3722 2334 2392 
3 3722 3724 3723 
3 3723 3690 3689 
3 3724 3690 3723 
3 3724 3725 3690 
3 3725 3691 3690 
3 3727 3693 3691 
3 3727 3691 3726 
3 3726 3691 3725 
3 3726 3728 3727 
3 3727 3694 3693 
3 3694 3730 3696 
3 3727 3730 3694 
3 3727 3729 3730 
3 3727 3728 3729 
3 3729 3731 3730 
3 3730 3697 3696 
3 3731 3697 3730 
3 3731 3732 3697 
3 3732 3698 3697 
3 3734 3700 3698 
3 3734 3698 3733 
3 3733 3698 3732 
3 3733 3735 3734 
3 3734 3701 3700 
3 3735 3701 3734 
3 3735 3736 3701 
3 3736 3702 3701 
3 3738 3703 3702 
3 3738 3702 3737 
3 3737 3702 3736 
3 3737 3739 3738 
3 3738 3704 3703 
3 3739 3704 3738 
3 3739 3740 3704 
3 3740 3705 3704 
3 3740 3741 3705 
3 3705 3741 3706 
3 3743 3708 3706 
3 3743 3706 3742 
3 3742 3706 3741 
3 3742 3744 3743 
3 3743 3709 3708 
3 3709 3746 3711 
3 3743 3746 3709 
3 3743 3745 3746 
3 3743 3744 3745 
3 3745 3747 3746 
3 3746 3712 3711 
3 3747 3712 3746 
3 3747 3748 3712 
3 3748 3713 3712 
3 3750 3715 3713 
3 3750 3713 3749 
3 3749 3713 3748 
3 3749 3751 3750 
3 3750 3716 3715 
3 3751 3716 3750 
3 3751 3752 3716 
3 3752 3717 3716 
3 3717 3752 3753 
3 3719 3717 3753 
3 3756 3755 3754 
3 3754 3755 3757 
3 3753 3720 3719 
3 3758 3720 3753 
3 2414 3760 3759 
3 2415 3760 2414 
3 3759 3755 3756 
3 3759 3760 3755 
3 3760 3761 3755 
3 3757 3761 3762 
3 3755 3761 3757 
3 3763 2417 3764 
3 3763 3760 2417 
3 3760 2415 2417 
3 3760 3765 3761 
3 3763 3765 3760 
3 3761 3765 3762 
3 3764 9 87 
3 2417 9 3764 
3 2446 3766 2392 
3 2392 3766 3722 
3 3722 3766 3767 
3 3724 3722 3767 
3 3767 3725 3724 
3 3768 3725 3767 
3 3768 3769 3725 
3 3725 3769 3726 
3 3726 3769 3770 
3 3728 3726 3770 
3 3770 3729 3728 
3 3771 3729 3770 
3 3773 3731 3729 
3 3773 3729 3772 
3 3772 3729 3771 
3 3772 3774 3773 
3 3773 3732 3731 
3 3774 3732 3773 
3 3774 3775 3732 
3 3775 3733 3732 
3 3733 3775 3776 
3 3735 3733 3776 
3 3776 3736 3735 
3 3777 3736 3776 
3 3777 3778 3736 
3 3736 3778 3737 
3 3737 3778 3779 
3 3739 3737 3779 
3 3779 3740 3739 
3 3780 3740 3779 
3 3780 3781 3740 
3 3740 3781 3741 
3 3781 3782 3741 
3 3741 3782 3742 
3 3784 3744 3742 
3 3784 3742 3783 
3 3783 3742 3782 
3 3783 3785 3786 
3 3784 3783 3786 
3 3785 3787 3786 
3 3784 3745 3744 
3 3745 3788 3747 
3 3745 3784 3788 
3 3784 3786 3788 
3 3787 3789 3788 
3 3786 3787 3788 
3 3788 3748 3747 
3 3789 3748 3788 
3 3789 3790 3748 
3 3790 3749 3748 
3 3749 3790 3791 
3 3751 3749 3791 
3 3791 3752 3751 
3 3792 3752 3791 
3 3794 3753 3752 
3 3794 3752 3793 
3 3793 3752 3792 
3 2473 3796 3795 
3 2474 3796 2473 
3 3756 3795 3796 
3 3756 3754 3795 
3 3798 3795 3797 
3 3797 3795 3754 
3 3754 3757 3797 
3 3794 3758 3753 
3 3796 2474 2414 
3 3759 3796 2414 
3 3798 3797 3799 
3 3796 3759 3756 
3 3797 3757 3762 
3 3797 3762 3800 
3 3797 3800 3799 
3 3800 3762 3801 
3 3800 3801 3802 
3 3763 3764 3803 
3 3803 3805 3804 
3 3803 3804 3763 
3 3763 3804 3765 
3 3762 3806 3801 
3 3762 3765 3806 
3 3765 3804 3806 
3 3801 3806 3802 
3 3809 3808 3807 
3 3807 3811 3810 
3 3808 3811 3807 
3 109 3803 3764 
3 87 109 3764 
3 3805 110 3812 
3 3805 3803 110 
3 3803 109 110 
3 3812 110 113 
3 3809 3813 3808 
3 3808 3814 3811 
3 3813 3814 3808 
3 2495 3815 2496 
3 3815 2446 2496 
3 3815 3816 2446 
3 3816 3766 2446 
3 3818 3767 3766 
3 3818 3766 3817 
3 3817 3766 3816 
3 3817 3819 3818 
3 3818 3768 3767 
3 3819 3768 3818 
3 3819 3820 3768 
3 3820 3769 3768 
3 3822 3770 3769 
3 3822 3769 3821 
3 3821 3769 3820 
3 3821 3823 3822 
3 3822 3771 3770 
3 3823 3771 3822 
3 3823 3824 3771 
3 3824 3772 3771 
3 3826 3774 3772 
3 3826 3772 3825 
3 3825 3772 3824 
3 3825 3827 3826 
3 3826 3775 3774 
3 3775 3829 3776 
3 3826 3829 3775 
3 3826 3828 3829 
3 3826 3827 3828 
3 3828 3830 3829 
3 3829 3777 3776 
3 3830 3777 3829 
3 3830 3831 3777 
3 3831 3778 3777 
3 3833 3779 3778 
3 3833 3778 3832 
3 3832 3778 3831 
3 3832 3834 3833 
3 3833 3780 3779 
3 3834 3780 3833 
3 3834 3835 3780 
3 3835 3781 3780 
3 3835 3836 3781 
3 3781 3836 3782 
3 3836 3837 3782 
3 3782 3837 3783 
3 3837 3838 3783 
3 3783 3838 3785 
3 3785 3838 3839 
3 3787 3785 3839 
3 3839 3840 3787 
3 3840 3789 3787 
3 3840 3790 3789 
3 3841 3790 3840 
3 3790 3841 3842 
3 3791 3790 3842 
3 3842 3792 3791 
3 3843 3792 3842 
3 3843 3844 3792 
3 3792 3844 3793 
3 2518 2473 3845 
3 2473 3795 3845 
3 3847 3795 3798 
3 3847 3846 3795 
3 3846 3845 3795 
3 3846 3849 3848 
3 3847 3849 3846 
3 3848 3849 3850 
3 3847 3798 3799 
3 3849 3847 3799 
3 3800 3849 3799 
3 3800 3850 3849 
3 3800 3802 3850 
3 3802 3851 3850 
3 3854 3853 3852 
3 3852 3853 3855 
3 3804 3805 3856 
3 3806 3804 3856 
3 3857 3806 3856 
3 3857 3802 3806 
3 3857 3858 3802 
3 3858 3851 3802 
3 3854 3859 3853 
3 3860 3853 3807 
3 3860 3855 3853 
3 3807 3853 3809 
3 3859 3861 3853 
3 3809 3853 3861 
3 3860 3807 3862 
3 3807 3810 3862 
3 3856 3805 3812 
3 3812 113 134 
3 3812 134 3856 
3 3856 134 3857 
3 3858 134 136 
3 3857 134 3858 
3 3813 142 140 
3 3813 3809 142 
3 3809 3861 142 
3 3814 3813 140 
3 143 3814 140 
3 3864 3815 2495 
3 3864 2495 3863 
3 3863 2495 2541 
3 3863 3865 3864 
3 3864 3816 3815 
3 3865 3816 3864 
3 3865 3866 3816 
3 3866 3817 3816 
3 3868 3819 3817 
3 3868 3817 3867 
3 3867 3817 3866 
3 3867 3869 3868 
3 3868 3820 3819 
3 3869 3820 3868 
3 3869 3870 3820 
3 3870 3821 3820 
3 3821 3870 3871 
3 3823 3821 3871 
3 3871 3824 3823 
3 3872 3824 3871 
3 3872 3873 3824 
3 3824 3873 3825 
3 3825 3873 3874 
3 3827 3825 3874 
3 3874 3828 3827 
3 3875 3828 3874 
3 3877 3830 3828 
3 3877 3828 3876 
3 3876 3828 3875 
3 3876 3878 3877 
3 3877 3831 3830 
3 3878 3831 3877 
3 3878 3879 3831 
3 3879 3832 3831 
3 3881 3834 3832 
3 3881 3832 3880 
3 3880 3832 3879 
3 3880 3882 3881 
3 3881 3835 3834 
3 3882 3835 3881 
3 3882 3883 3835 
3 3883 3836 3835 
3 3883 3884 3836 
3 3836 3884 3837 
3 3886 3885 3838 
3 3886 3838 3884 
3 3884 3838 3837 
3 3838 3885 3839 
3 3886 3887 3885 
3 3885 3840 3839 
3 3885 3888 3840 
3 3885 3887 3888 
3 3888 3889 3840 
3 3888 3890 3889 
3 3889 3841 3840 
3 3841 3892 3842 
3 3889 3892 3841 
3 3889 3891 3892 
3 3889 3890 3891 
3 3891 3893 3894 
3 3892 3891 3894 
3 2561 2562 3895 
3 3892 3843 3842 
3 3894 3843 3892 
3 3844 3843 3894 
3 3895 2562 2518 
3 3895 2518 3896 
3 3896 2518 3845 
3 3896 3845 3897 
3 3845 3846 3897 
3 3897 3846 3898 
3 3846 3848 3898 
3 3848 3899 3898 
3 3850 3899 3848 
3 3899 3850 3900 
3 3900 3850 3851 
3 3852 3901 3854 
3 3903 3852 3855 
3 3903 3902 3852 
3 3901 3852 3904 
3 3904 3852 3902 
3 3902 3903 3905 
3 3900 3851 3906 
3 3906 3851 3858 
3 3901 3859 3854 
3 3903 3855 3860 
3 3904 3861 3901 
3 3904 3907 3861 
3 3861 3859 3901 
3 3905 3903 3860 
3 3905 3860 3908 
3 3908 3860 3862 
3 160 3909 3906 
3 160 3906 136 
3 136 3906 3858 
3 3909 160 162 
3 3907 172 3861 
3 172 142 3861 
3 2580 3910 2541 
3 2541 3910 3863 
3 3863 3910 3911 
3 3865 3863 3911 
3 3911 3866 3865 
3 3912 3866 3911 
3 3912 3913 3866 
3 3866 3913 3867 
3 3867 3913 3914 
3 3869 3867 3914 
3 3914 3870 3869 
3 3915 3870 3914 
3 3917 3871 3870 
3 3917 3870 3916 
3 3916 3870 3915 
3 3916 3918 3917 
3 3917 3872 3871 
3 3918 3872 3917 
3 3918 3919 3872 
3 3919 3873 3872 
3 3921 3874 3873 
3 3921 3873 3920 
3 3920 3873 3919 
3 3920 3922 3921 
3 3921 3875 3874 
3 3922 3875 3921 
3 3922 3923 3875 
3 3923 3876 3875 
3 3925 3878 3876 
3 3925 3876 3924 
3 3924 3876 3923 
3 3924 3926 3925 
3 3925 3879 3878 
3 3926 3879 3925 
3 3926 3927 3879 
3 3927 3880 3879 
3 3929 3882 3880 
3 3929 3880 3928 
3 3928 3880 3927 
3 3928 3930 3929 
3 3929 3883 3882 
3 3930 3883 3929 
3 3930 3931 3883 
3 3931 3884 3883 
3 3933 3886 3884 
3 3933 3884 3932 
3 3932 3884 3931 
3 3932 3934 3933 
3 3933 3887 3886 
3 3934 3887 3933 
3 3934 3935 3887 
3 3935 3888 3887 
3 3888 3935 3936 
3 3890 3888 3936 
3 3936 3891 3890 
3 3937 3891 3936 
3 3937 3938 3891 
3 3891 3938 3893 
3 3940 2561 3895 
3 3940 3939 2561 
3 3939 2601 2561 
3 3939 3940 3941 
3 3940 3895 3896 
3 3941 3940 3896 
3 3941 3896 3942 
3 3942 3896 3897 
3 3942 3897 3943 
3 3897 3898 3943 
3 3898 3944 3943 
3 3899 3944 3898 
3 3947 3946 3945 
3 3945 3946 3948 
3 3944 3899 3949 
3 3949 3899 3900 
3 3947 3950 3946 
3 3953 3946 3950 
3 3953 3952 3946 
3 3948 3946 3951 
3 3951 3946 3952 
3 3904 3951 3952 
3 3904 3902 3951 
3 3902 3954 3951 
3 3902 3955 3954 
3 3905 3955 3902 
3 3957 3956 3949 
3 3957 3949 3906 
3 3906 3949 3900 
3 3956 3957 3958 
3 3960 3952 3953 
3 3959 3952 3960 
3 3952 3959 3907 
3 3904 3952 3907 
3 3955 3905 3908 
3 3961 3955 3908 
3 3957 3906 3909 
3 3909 162 182 
3 3957 3909 182 
3 3957 182 3962 
3 3957 3962 3958 
3 3962 183 3963 
3 182 183 3962 
3 3963 184 3964 
3 183 184 3963 
3 3964 184 187 
3 190 3959 3960 
3 189 3959 190 
3 3959 189 172 
3 3907 3959 172 
3 2616 3965 2617 
3 3965 2580 2617 
3 3965 3966 2580 
3 3966 3910 2580 
3 3968 3911 3910 
3 3968 3910 3967 
3 3967 3910 3966 
3 3967 3969 3968 
3 3968 3912 3911 
3 3969 3912 3968 
3 3969 3970 3912 
3 3970 3913 3912 
3 3972 3914 3913 
3 3972 3913 3971 
3 3971 3913 3970 
3 3971 3973 3972 
3 3972 3915 3914 
3 3973 3915 3972 
3 3973 3974 3915 
3 3974 3916 3915 
3 3976 3918 3916 
3 3976 3916 3975 
3 3975 3916 3974 
3 3975 3977 3976 
3 3976 3919 3918 
3 3977 3919 3976 
3 3977 3978 3919 
3 3978 3920 3919 
3 3980 3922 3920 
3 3980 3920 3979 
3 3979 3920 3978 
3 3979 3981 3980 
3 3980 3923 3922 
3 3981 3923 3980 
3 3981 3982 3923 
3 3982 3924 3923 
3 3924 3982 3983 
3 3926 3924 3983 
3 3983 3927 3926 
3 3984 3927 3983 
3 3984 3985 3927 
3 3927 3985 3928 
3 3987 3930 3928 
3 3987 3928 3986 
3 3986 3928 3985 
3 3986 3988 3987 
3 3987 3931 3930 
3 3988 3931 3987 
3 3988 3989 3931 
3 3989 3932 3931 
3 3932 3989 3990 
3 3934 3932 3990 
3 3990 3935 3934 
3 3991 3935 3990 
3 3993 3936 3935 
3 3993 3935 3992 
3 3992 3935 3991 
3 3992 3994 3995 
3 3993 3992 3995 
3 3993 3937 3936 
3 3995 3937 3993 
3 3938 3937 3995 
3 2637 2601 3996 
3 2601 3939 3996 
3 3939 3997 3996 
3 3941 3997 3939 
3 3997 3941 3942 
3 3998 3997 3942 
3 3998 3942 3999 
3 3942 3943 3999 
3 3943 4000 3999 
3 3944 4000 3943 
3 4003 4002 4001 
3 4001 4002 4004 
3 3947 4005 4006 
3 3945 4005 3947 
3 4008 3945 3948 
3 4008 4007 3945 
3 4007 4005 3945 
3 4007 4008 4009 
3 4000 3944 4010 
3 4010 3944 3949 
3 4003 4011 4002 
3 4002 4011 4004 
3 4006 3950 3947 
3 4012 3950 4006 
3 3950 4012 4013 
3 3950 4013 3953 
3 3951 4008 3948 
3 4009 4008 3951 
3 4009 3951 4014 
3 4014 3951 3954 
3 4016 3954 3955 
3 4016 4015 3954 
3 4015 4014 3954 
3 4010 3949 3956 
3 4017 4010 3956 
3 4019 3956 3958 
3 4019 4018 3956 
3 4018 4017 3956 
3 4018 4019 4020 
3 4022 4013 4021 
3 4022 3960 4013 
3 3960 3953 4013 
3 4021 4023 4022 
3 4016 3955 3961 
3 4019 3958 3962 
3 4020 4019 3962 
3 4020 3962 4024 
3 4024 3962 3963 
3 4024 3963 4025 
3 3963 3964 4025 
3 197 3964 187 
3 197 4026 3964 
3 4026 4025 3964 
3 4026 198 4027 
3 197 198 4026 
3 4027 200 4028 
3 198 200 4027 
3 4028 200 204 
3 4029 3960 4022 
3 4029 209 3960 
3 209 190 3960 
3 4022 4023 4029 
3 2616 2651 4030 
3 3965 2616 4030 
3 4030 3966 3965 
3 4031 3966 4030 
3 4031 4032 3966 
3 3966 4032 3967 
3 3967 4032 4033 
3 3969 3967 4033 
3 4033 3970 3969 
3 4034 3970 4033 
3 4034 4035 3970 
3 3970 4035 3971 
3 3971 4035 4036 
3 3973 3971 4036 
3 4036 3974 3973 
3 4037 3974 4036 
3 4037 4038 3974 
3 3974 4038 3975 
3 3975 4038 4039 
3 3977 3975 4039 
3 4039 3978 3977 
3 4040 3978 4039 
3 4040 4041 3978 
3 3978 4041 3979 
3 3979 4041 4042 
3 3981 3979 4042 
3 2661 2662 4043 
3 4042 3982 3981 
3 4044 3982 4042 
3 4046 3983 3982 
3 4046 3982 4045 
3 4045 3982 4044 
3 4045 4047 4048 
3 4046 4045 4048 
3 4047 4049 4048 
3 4052 2662 2667 
3 4052 4051 2662 
3 4043 2662 4050 
3 4050 2662 4051 
3 4050 4054 4053 
3 4051 4054 4050 
3 4053 4054 4055 
3 4046 3984 3983 
3 4048 3984 4046 
3 3985 3984 4048 
3 4049 3985 4048 
3 4049 4056 3985 
3 4056 3986 3985 
3 3986 4056 4057 
3 3988 3986 4057 
3 4052 4058 4051 
3 4060 4051 4058 
3 4060 4059 4051 
3 4059 4054 4051 
3 4055 4062 4061 
3 4055 4054 4062 
3 4054 4059 4062 
3 4061 4062 4063 
3 4057 3989 3988 
3 4064 3989 4057 
3 4066 3990 3989 
3 4066 3989 4065 
3 4065 3989 4064 
3 4065 4067 4066 
3 4060 4068 4059 
3 4059 4069 4062 
3 4068 4069 4059 
3 4072 4062 4069 
3 4072 4071 4062 
3 4063 4062 4070 
3 4070 4062 4071 
3 4070 4074 4073 
3 4071 4074 4070 
3 4073 4074 4075 
3 4066 3991 3990 
3 4067 3991 4066 
3 4067 4076 3991 
3 4076 3992 3991 
3 4076 4077 3992 
3 3992 4077 3994 
3 2676 2677 4078 
3 4072 4079 4071 
3 4071 4080 4074 
3 4079 4080 4071 
3 4083 4074 4080 
3 4083 4082 4074 
3 4075 4074 4081 
3 4081 4074 4082 
3 4081 4082 4084 
3 4078 2677 2637 
3 4078 2637 4085 
3 4085 2637 3996 
3 4087 3996 3997 
3 4087 4086 3996 
3 4086 4085 3996 
3 4086 4087 4088 
3 4083 4089 4082 
3 4082 4089 4084 
3 4087 3997 3998 
3 4088 4087 3998 
3 4088 3998 4090 
3 4090 3998 3999 
3 4092 3999 4000 
3 4092 4091 3999 
3 4091 4090 3999 
3 4091 4092 4093 
3 4096 4095 4094 
3 4003 4094 4095 
3 4003 4001 4094 
3 4001 4097 4094 
3 4099 4001 4004 
3 4099 4098 4001 
3 4098 4097 4001 
3 4098 4101 4100 
3 4099 4101 4098 
3 4100 4103 4102 
3 4101 4103 4100 
3 4102 4103 4104 
3 4006 4105 4106 
3 4005 4105 4006 
3 4105 4005 4107 
3 4005 4007 4107 
3 4007 4108 4107 
3 4009 4108 4007 
3 4109 4092 4000 
3 4010 4109 4000 
3 4093 4111 4110 
3 4093 4092 4111 
3 4092 4109 4111 
3 4112 4111 4113 
3 4112 4095 4111 
3 4110 4111 4096 
3 4096 4111 4095 
3 4095 4011 4003 
3 4095 4112 4011 
3 4112 4114 4011 
3 4004 4115 4099 
3 4004 4011 4115 
3 4011 4114 4115 
3 4099 4116 4101 
3 4115 4116 4099 
3 4101 4117 4103 
3 4116 4117 4101 
3 4103 4117 4104 
3 4106 4012 4006 
3 4118 4012 4106 
3 4012 4118 4119 
3 4013 4012 4119 
3 4108 4009 4014 
3 4120 4108 4014 
3 4120 4014 4121 
3 4014 4015 4121 
3 4109 4010 4017 
3 4111 4109 4017 
3 4018 4111 4017 
3 4018 4113 4111 
3 4018 4020 4113 
3 4020 4122 4113 
3 4021 4124 4123 
3 4021 4013 4124 
3 4013 4119 4124 
3 4021 4123 4023 
3 4122 4020 4024 
3 4125 4122 4024 
3 4125 4024 4126 
3 4024 4025 4126 
3 4126 4025 4127 
3 4025 4026 4127 
3 4127 4026 4128 
3 4026 4027 4128 
3 4128 4027 4129 
3 4027 4028 4129 
3 211 4028 204 
3 211 4130 4028 
3 4130 4129 4028 
3 4130 212 4131 
3 211 212 4130 
3 4131 212 215 
3 4123 209 4029 
3 4123 4124 209 
3 4124 216 209 
3 4123 4029 4023 
3 2651 2691 4132 
3 4030 2651 4132 
3 4132 4031 4030 
3 4133 4031 4132 
3 4133 4134 4031 
3 4031 4134 4032 
3 4136 4033 4032 
3 4136 4032 4135 
3 4135 4032 4134 
3 4135 4137 4136 
3 4136 4034 4033 
3 4137 4034 4136 
3 4137 4138 4034 
3 4138 4035 4034 
3 4140 4036 4035 
3 4140 4035 4139 
3 4139 4035 4138 
3 4139 4141 4140 
3 4140 4037 4036 
3 4141 4037 4140 
3 4141 4142 4037 
3 4142 4038 4037 
3 4144 4039 4038 
3 4144 4038 4143 
3 4143 4038 4142 
3 4143 4145 4144 
3 4144 4040 4039 
3 4145 4040 4144 
3 4145 4146 4040 
3 4146 4041 4040 
3 4148 4042 4041 
3 4148 4041 4147 
3 4147 4041 4146 
3 4147 4149 4148 
3 4151 2661 4043 
3 4151 4150 2661 
3 4150 2707 2661 
3 4150 4151 4152 
3 4148 4044 4042 
3 4149 4044 4148 
3 4149 4153 4044 
3 4153 4045 4044 
3 4153 4154 4045 
3 4045 4154 4047 
3 4047 4154 4155 
3 4049 4047 4155 
3 4043 4050 4151 
3 2667 2712 4052 
3 4152 4151 4050 
3 4152 4050 4156 
3 4156 4050 4053 
3 4158 4053 4055 
3 4158 4157 4053 
3 4157 4156 4053 
3 4157 4158 4159 
3 4155 4056 4049 
3 4160 4056 4155 
3 4162 4057 4056 
3 4162 4056 4161 
3 4161 4056 4160 
3 4161 4163 4162 
3 4165 4164 4058 
3 2717 4165 4058 
3 2717 4058 4052 
3 2717 4052 2712 
3 4058 4164 4060 
3 4158 4055 4061 
3 4061 4063 4167 
3 4158 4061 4167 
3 4158 4167 4166 
3 4158 4166 4159 
3 4166 4169 4168 
3 4167 4169 4166 
3 4168 4169 4170 
3 4162 4064 4057 
3 4163 4064 4162 
3 4163 4171 4064 
3 4171 4065 4064 
3 4065 4171 4172 
3 4067 4065 4172 
3 4165 4173 4164 
3 4164 4068 4060 
3 4164 4173 4068 
3 4173 4174 4068 
3 4176 4175 4069 
3 4176 4069 4174 
3 4174 4069 4068 
3 4063 4070 4167 
3 4069 4175 4072 
3 4169 4167 4070 
3 4073 4169 4070 
3 4073 4075 4178 
3 4169 4073 4178 
3 4169 4178 4177 
3 4169 4177 4170 
3 4177 4178 4179 
3 4172 4076 4067 
3 4180 4076 4172 
3 4180 4181 4076 
3 4076 4181 4077 
3 4183 2676 4078 
3 4183 4182 2676 
3 4182 2722 2676 
3 4182 4183 4184 
3 4176 4185 4175 
3 4187 4186 4079 
3 4185 4187 4079 
3 4185 4079 4072 
3 4185 4072 4175 
3 4080 4079 4186 
3 4188 4080 4186 
3 4075 4081 4178 
3 4080 4188 4083 
3 4081 4084 4190 
3 4178 4081 4190 
3 4178 4190 4189 
3 4178 4189 4179 
3 4189 4190 4191 
3 4183 4078 4085 
3 4184 4183 4085 
3 4184 4085 4192 
3 4192 4085 4086 
3 4194 4086 4088 
3 4194 4193 4086 
3 4193 4192 4086 
3 4195 4194 4196 
3 4195 4186 4194 
3 4193 4194 4187 
3 4187 4194 4186 
3 4198 4186 4195 
3 4198 4197 4186 
3 4197 4188 4186 
3 4089 4083 4188 
3 4089 4188 4199 
3 4199 4188 4197 
3 4084 4089 4199 
3 4084 4199 4190 
3 4190 4199 4200 
3 4191 4202 4201 
3 4191 4190 4202 
3 4190 4200 4202 
3 4201 4202 4203 
3 4194 4088 4090 
3 4196 4194 4090 
3 4196 4090 4204 
3 4204 4090 4091 
3 4198 4205 4197 
3 4198 4091 4205 
3 4198 4204 4091 
3 4093 4205 4091 
3 4096 4094 4199 
3 4096 4199 4205 
3 4205 4199 4197 
3 4200 4199 4094 
3 4097 4200 4094 
3 4202 4200 4097 
3 4098 4202 4097 
3 4203 4202 4098 
3 4203 4098 4206 
3 4206 4098 4100 
3 4206 4100 4207 
3 4100 4102 4207 
3 4209 4102 4104 
3 4209 4208 4102 
3 4208 4207 4102 
3 4208 4209 4210 
3 4106 4211 4212 
3 4105 4211 4106 
3 4211 4105 4213 
3 4105 4107 4213 
3 4215 4107 4108 
3 4215 4214 4107 
3 4214 4213 4107 
3 4214 4215 4216 
3 4205 4093 4110 
3 4110 4096 4205 
3 4113 4217 4112 
3 4114 4112 4217 
3 4218 4114 4217 
3 4115 4114 4218 
3 4219 4115 4218 
3 4219 4221 4220 
3 4219 4220 4115 
3 4115 4220 4116 
3 4220 4222 4116 
3 4116 4222 4117 
3 4104 4223 4209 
3 4104 4117 4223 
3 4117 4222 4223 
3 4209 4223 4210 
3 4212 4118 4106 
3 4224 4118 4212 
3 4118 4224 4225 
3 4119 4118 4225 
3 4215 4108 4120 
3 4216 4215 4120 
3 4216 4120 4226 
3 4226 4120 4121 
3 4227 4217 4113 
3 4122 4227 4113 
3 4217 4227 4218 
3 4218 4227 4228 
3 4218 4228 4219 
3 4219 4228 4229 
3 4221 4229 4230 
3 4219 4229 4221 
3 4225 4231 4119 
3 4231 4124 4119 
3 4227 4122 4125 
3 4228 4227 4125 
3 4126 4228 4125 
3 4229 4228 4126 
3 4127 4229 4126 
3 4230 4229 4127 
3 4230 4127 4232 
3 4232 4127 4128 
3 4232 4128 4233 
3 4128 4129 4233 
3 4233 4129 4234 
3 4129 4130 4234 
3 4234 4130 4235 
3 4130 4131 4235 
3 217 4131 215 
3 217 4236 4131 
3 4236 4235 4131 
3 4236 217 216 
3 4236 216 4231 
3 4231 216 4124 
3 2691 2734 4237 
3 4132 2691 4237 
3 4237 4133 4132 
3 4238 4133 4237 
3 4238 4239 4133 
3 4133 4239 4134 
3 4241 4240 4135 
3 4241 4135 4239 
3 4239 4135 4134 
3 4135 4240 4137 
3 4241 4242 4240 
3 4240 4138 4137 
3 4240 4242 4138 
3 4242 4243 4138 
3 4243 4244 4138 
3 4138 4244 4139 
3 4139 4244 4245 
3 4141 4139 4245 
3 4245 4142 4141 
3 4246 4142 4245 
3 4246 4247 4142 
3 4142 4247 4143 
3 4143 4247 4248 
3 4145 4143 4248 
3 4248 4146 4145 
3 4249 4146 4248 
3 4249 4250 4146 
3 4146 4250 4147 
3 4147 4250 4251 
3 4149 4147 4251 
3 2761 2707 4252 
3 2707 4150 4252 
3 4254 4150 4152 
3 4254 4253 4150 
3 4253 4252 4150 
3 4253 4254 4255 
3 4251 4153 4149 
3 4256 4153 4251 
3 4258 4257 4154 
3 4258 4154 4256 
3 4256 4154 4153 
3 4154 4257 4155 
3 4254 4152 4156 
3 4255 4254 4156 
3 4255 4156 4259 
3 4259 4156 4157 
3 4261 4157 4159 
3 4261 4260 4157 
3 4260 4259 4157 
3 4260 4261 4262 
3 4258 4263 4257 
3 4257 4160 4155 
3 4257 4263 4160 
3 4263 4264 4160 
3 4264 4265 4160 
3 4160 4265 4161 
3 4161 4265 4266 
3 4163 4161 4266 
3 2717 2767 4165 
3 4261 4159 4166 
3 4262 4261 4166 
3 4262 4166 4267 
3 4267 4166 4168 
3 4269 4168 4170 
3 4269 4268 4168 
3 4268 4267 4168 
3 4268 4269 4270 
3 4266 4171 4163 
3 4271 4171 4266 
3 4171 4271 4272 
3 4172 4171 4272 
3 4173 4165 2767 
3 4173 2767 4273 
3 4273 2767 2768 
3 4174 4173 4273 
3 4274 4174 4273 
3 4174 4274 4176 
3 4269 4170 4177 
3 4177 4179 4276 
3 4269 4177 4276 
3 4269 4276 4275 
3 4269 4275 4270 
3 4275 4276 4277 
3 4272 4180 4172 
3 4278 4180 4272 
3 4280 4279 4181 
3 4280 4181 4278 
3 4278 4181 4180 
3 4273 2768 2722 
3 4182 4273 2722 
3 4182 4184 4281 
3 4182 4281 4273 
3 4273 4281 4274 
3 4185 4176 4274 
3 4185 4274 4282 
3 4282 4274 4281 
3 4185 4282 4187 
3 4276 4179 4189 
3 4189 4191 4284 
3 4276 4189 4284 
3 4276 4284 4283 
3 4276 4283 4277 
3 4283 4284 4285 
3 4280 4286 4279 
3 4281 4184 4192 
3 4282 4281 4192 
3 4193 4282 4192 
3 4193 4187 4282 
3 4196 4287 4195 
3 4195 4287 4198 
3 4284 4191 4201 
3 4201 4203 4289 
3 4284 4201 4289 
3 4284 4289 4288 
3 4284 4288 4285 
3 4288 4289 4290 
3 4287 4196 4204 
3 4287 4204 4198 
3 4289 4203 4206 
3 4290 4289 4206 
3 4290 4206 4291 
3 4291 4206 4207 
3 4291 4207 4292 
3 4207 4208 4292 
3 4294 4208 4210 
3 4294 4293 4208 
3 4293 4292 4208 
3 4212 4293 4294 
3 4212 4211 4293 
3 4211 4295 4293 
3 4295 4211 4296 
3 4211 4213 4296 
3 4296 4213 4297 
3 4213 4214 4297 
3 4214 4298 4297 
3 4216 4298 4214 
3 4220 4221 4299 
3 4299 4301 4300 
3 4299 4300 4220 
3 4220 4300 4222 
3 4300 4302 4222 
3 4222 4302 4223 
3 4210 4223 4302 
3 4210 4302 4303 
3 4210 4303 4294 
3 4303 4302 4304 
3 4224 4212 4294 
3 4224 4294 4305 
3 4305 4294 4303 
3 4224 4305 4225 
3 4298 4216 4226 
3 4306 4298 4226 
3 4307 4299 4221 
3 4230 4307 4221 
3 4301 4309 4308 
3 4301 4299 4309 
3 4299 4307 4309 
3 4308 4311 4310 
3 4309 4311 4308 
3 4310 4303 4304 
3 4310 4311 4303 
3 4311 4312 4303 
3 4313 4312 4314 
3 4313 4305 4312 
3 4305 4303 4312 
3 4305 4313 4315 
3 4305 4315 4225 
3 4225 4315 4231 
3 4307 4230 4232 
3 4309 4307 4232 
3 4233 4309 4232 
3 4311 4309 4233 
3 4234 4311 4233 
3 4312 4311 4234 
3 4235 4312 4234 
3 4314 4312 4235 
3 4314 4235 4316 
3 4316 4235 4236 
3 4316 4236 4231 
3 4315 4316 4231 
3 2734 2783 4237 
3 2783 4238 4237 
3 2783 2788 4238 
3 2788 4317 4238 
3 4317 4318 4238 
3 4238 4318 4239 
3 4239 4318 4319 
3 4241 4239 4319 
3 4319 4242 4241 
3 4320 4242 4319 
3 4320 4321 4242 
3 4242 4321 4243 
3 4323 4322 4244 
3 4323 4244 4321 
3 4321 4244 4243 
3 4244 4322 4245 
3 4323 4324 4322 
3 4322 4246 4245 
3 4322 4324 4246 
3 4324 4325 4246 
3 4325 4326 4246 
3 4246 4326 4247 
3 4247 4326 4327 
3 4248 4247 4327 
3 2800 2801 4328 
3 4327 4249 4248 
3 4329 4249 4327 
3 4329 4330 4249 
3 4249 4330 4250 
3 4250 4330 4331 
3 4251 4250 4331 
3 4328 2801 2761 
3 4328 2761 4332 
3 4332 2761 4252 
3 4332 4252 4333 
3 4252 4253 4333 
3 4253 4334 4333 
3 4255 4334 4253 
3 4331 4256 4251 
3 4335 4256 4331 
3 4256 4335 4336 
3 4258 4256 4336 
3 4334 4255 4259 
3 4337 4334 4259 
3 4337 4259 4338 
3 4259 4260 4338 
3 4340 4260 4262 
3 4340 4339 4260 
3 4339 4338 4260 
3 4339 4340 4341 
3 4336 4263 4258 
3 4342 4263 4336 
3 4342 4343 4263 
3 4263 4343 4264 
3 4345 4344 4265 
3 4345 4265 4343 
3 4343 4265 4264 
3 4265 4344 4266 
3 4340 4262 4267 
3 4341 4340 4267 
3 4341 4267 4346 
3 4346 4267 4268 
3 4268 4347 4346 
3 4270 4347 4268 
3 4345 4348 4344 
3 4344 4271 4266 
3 4344 4348 4271 
3 4348 4349 4271 
3 4271 4349 4350 
3 4272 4271 4350 
3 4347 4270 4275 
3 4351 4347 4275 
3 4353 4275 4277 
3 4353 4352 4275 
3 4352 4351 4275 
3 4352 4353 4354 
3 4350 4278 4272 
3 4355 4278 4350 
3 4357 4280 4278 
3 4357 4278 4356 
3 4356 4278 4355 
3 4353 4277 4283 
3 4283 4285 4359 
3 4353 4283 4359 
3 4353 4359 4358 
3 4353 4358 4354 
3 4358 4359 4360 
3 4357 4286 4280 
3 4359 4285 4288 
3 4288 4290 4362 
3 4359 4288 4362 
3 4359 4362 4361 
3 4359 4361 4360 
3 4361 4362 4363 
3 4362 4290 4291 
3 4363 4362 4291 
3 4363 4291 4364 
3 4364 4291 4292 
3 4364 4292 4365 
3 4292 4293 4365 
3 4365 4293 4366 
3 4293 4295 4366 
3 4366 4295 4367 
3 4295 4296 4367 
3 4367 4296 4368 
3 4296 4297 4368 
3 4297 4369 4368 
3 4298 4369 4297 
3 4300 4301 4370 
3 4302 4300 4370 
3 4371 4302 4370 
3 4302 4371 4304 
3 4369 4298 4306 
3 4372 4369 4306 
3 4370 4301 4308 
3 4371 4370 4308 
3 4310 4371 4308 
3 4371 4310 4304 
3 4313 4314 4373 
3 4313 4373 4315 
3 4373 4314 4316 
3 4373 4316 4315 
3 2815 4374 2816 
3 4374 2788 2816 
3 4374 4375 2788 
3 4375 4317 2788 
3 4375 4376 4317 
3 4317 4376 4318 
3 4318 4376 4377 
3 4319 4318 4377 
3 4377 4320 4319 
3 4378 4320 4377 
3 4378 4379 4320 
3 4320 4379 4321 
3 4321 4379 4380 
3 4323 4321 4380 
3 4380 4324 4323 
3 4381 4324 4380 
3 4381 4382 4324 
3 4324 4382 4325 
3 4384 4383 4326 
3 4384 4326 4382 
3 4382 4326 4325 
3 4326 4383 4327 
3 4386 2800 4328 
3 4386 4385 2800 
3 4385 2827 2800 
3 4385 4386 4387 
3 4384 4388 4383 
3 4383 4329 4327 
3 4383 4388 4329 
3 4388 4389 4329 
3 4391 4390 4330 
3 4391 4330 4389 
3 4389 4330 4329 
3 4330 4390 4331 
3 4386 4328 4332 
3 4387 4386 4332 
3 4387 4332 4392 
3 4392 4332 4333 
3 4394 4333 4334 
3 4394 4393 4333 
3 4393 4392 4333 
3 4393 4394 4395 
3 4391 4396 4390 
3 4390 4335 4331 
3 4390 4396 4335 
3 4396 4397 4335 
3 4335 4397 4398 
3 4336 4335 4398 
3 4394 4334 4337 
3 4395 4394 4337 
3 4395 4337 4399 
3 4399 4337 4338 
3 4399 4338 4400 
3 4338 4339 4400 
3 4339 4401 4400 
3 4341 4401 4339 
3 4398 4342 4336 
3 4402 4342 4398 
3 4402 4403 4342 
3 4342 4403 4343 
3 4343 4403 4404 
3 4345 4343 4404 
3 4401 4341 4346 
3 4405 4401 4346 
3 4407 4346 4347 
3 4407 4406 4346 
3 4406 4405 4346 
3 4406 4407 4408 
3 4404 4348 4345 
3 4409 4348 4404 
3 4409 4410 4348 
3 4348 4410 4349 
3 4349 4410 4411 
3 4350 4349 4411 
3 4407 4347 4351 
3 4408 4407 4351 
3 4408 4351 4412 
3 4412 4351 4352 
3 4352 4413 4412 
3 4354 4413 4352 
3 4411 4355 4350 
3 4414 4355 4411 
3 4414 4415 4355 
3 4355 4415 4356 
3 4413 4354 4358 
3 4416 4413 4358 
3 4418 4358 4360 
3 4418 4417 4358 
3 4417 4416 4358 
3 4417 4418 4419 
3 4418 4360 4361 
3 4361 4363 4421 
3 4418 4361 4421 
3 4418 4421 4420 
3 4418 4420 4419 
3 4420 4423 4422 
3 4421 4423 4420 
3 4422 4423 4424 
3 4427 4426 4425 
3 4425 4426 4428 
3 4421 4363 4364 
3 4423 4421 4364 
3 4365 4423 4364 
3 4424 4423 4365 
3 4424 4365 4429 
3 4429 4365 4366 
3 4426 4427 4429 
3 4426 4429 4367 
3 4367 4429 4366 
3 4428 4426 4367 
3 4428 4367 4430 
3 4430 4367 4368 
3 4368 4431 4430 
3 4369 4431 4368 
3 4431 4369 4372 
3 4432 4431 4372 
3 2815 2840 4433 
3 4374 2815 4433 
3 4433 4375 4374 
3 4434 4375 4433 
3 4434 4435 4375 
3 4375 4435 4376 
3 4376 4435 4436 
3 4377 4376 4436 
3 4436 4378 4377 
3 4437 4378 4436 
3 4437 4438 4378 
3 4378 4438 4379 
3 4379 4438 4439 
3 4380 4379 4439 
3 2848 2849 4440 
3 4439 4381 4380 
3 4441 4381 4439 
3 4441 4442 4381 
3 4381 4442 4382 
3 4382 4442 4443 
3 4384 4382 4443 
3 4440 2849 2827 
3 4440 2827 4444 
3 4444 2827 4385 
3 4446 4385 4387 
3 4446 4445 4385 
3 4445 4444 4385 
3 4445 4446 4447 
3 4443 4388 4384 
3 4448 4388 4443 
3 4448 4449 4388 
3 4388 4449 4389 
3 4389 4449 4450 
3 4391 4389 4450 
3 4446 4387 4392 
3 4447 4446 4392 
3 4447 4392 4451 
3 4451 4392 4393 
3 4453 4393 4395 
3 4453 4452 4393 
3 4452 4451 4393 
3 4452 4453 4454 
3 4450 4396 4391 
3 4455 4396 4450 
3 4455 4456 4396 
3 4396 4456 4397 
3 4397 4456 4457 
3 4398 4397 4457 
3 4453 4395 4399 
3 4454 4453 4399 
3 4454 4399 4458 
3 4458 4399 4400 
3 4460 4400 4401 
3 4460 4459 4400 
3 4459 4458 4400 
3 4459 4460 4461 
3 4457 4402 4398 
3 4462 4402 4457 
3 4462 4463 4402 
3 4402 4463 4403 
3 4403 4463 4464 
3 4404 4403 4464 
3 4460 4401 4405 
3 4461 4460 4405 
3 4461 4405 4465 
3 4465 4405 4406 
3 4467 4406 4408 
3 4467 4466 4406 
3 4466 4465 4406 
3 4466 4467 4468 
3 4464 4409 4404 
3 4469 4409 4464 
3 4469 4470 4409 
3 4409 4470 4410 
3 4410 4470 4471 
3 4411 4410 4471 
3 4467 4408 4412 
3 4412 4413 4473 
3 4467 4412 4473 
3 4467 4473 4472 
3 4467 4472 4468 
3 4472 4473 4474 
3 4471 4414 4411 
3 4475 4414 4471 
3 4475 4476 4414 
3 4414 4476 4415 
3 4473 4413 4416 
3 4474 4473 4416 
3 4474 4416 4477 
3 4477 4416 4417 
3 4479 4417 4419 
3 4479 4478 4417 
3 4478 4477 4417 
3 4478 4479 4480 
3 4479 4419 4420 
3 4480 4479 4420 
3 4480 4420 4481 
3 4481 4420 4422 
3 4483 4422 4424 
3 4483 4482 4422 
3 4482 4481 4422 
3 4427 4482 4483 
3 4427 4425 4482 
3 4425 4484 4482 
3 4425 4485 4484 
3 4428 4485 4425 
3 4483 4424 4429 
3 4483 4429 4427 
3 4485 4428 4430 
3 4486 4485 4430 
3 4488 4430 4431 
3 4488 4487 4430 
3 4487 4486 4430 
3 4488 4431 4432 
3 4490 4433 2840 
3 4490 2840 4489 
3 4489 2840 2861 
3 4489 4491 4490 
3 4490 4434 4433 
3 4491 4434 4490 
3 4491 4492 4434 
3 4492 4435 4434 
3 4494 4436 4435 
3 4494 4435 4493 
3 4493 4435 4492 
3 4493 4495 4494 
3 4494 4437 4436 
3 4495 4437 4494 
3 4495 4496 4437 
3 4496 4438 4437 
3 4438 4496 4497 
3 4439 4438 4497 
3 2848 4498 2868 
3 4440 4498 2848 
3 4497 4441 4439 
3 4499 4441 4497 
3 4499 4500 4441 
3 4441 4500 4442 
3 4442 4500 4501 
3 4443 4442 4501 
3 4498 4440 4444 
3 4502 4498 4444 
3 4502 4444 4503 
3 4444 4445 4503 
3 4445 4504 4503 
3 4447 4504 4445 
3 4501 4448 4443 
3 4505 4448 4501 
3 4505 4506 4448 
3 4448 4506 4449 
3 4449 4506 4507 
3 4450 4449 4507 
3 4504 4447 4451 
3 4508 4504 4451 
3 4508 4451 4509 
3 4451 4452 4509 
3 4452 4510 4509 
3 4454 4510 4452 
3 4507 4455 4450 
3 4511 4455 4507 
3 4511 4512 4455 
3 4455 4512 4456 
3 4456 4512 4513 
3 4457 4456 4513 
3 4510 4454 4458 
3 4514 4510 4458 
3 4514 4458 4515 
3 4458 4459 4515 
3 4459 4516 4515 
3 4461 4516 4459 
3 4513 4462 4457 
3 4517 4462 4513 
3 4517 4518 4462 
3 4462 4518 4463 
3 4463 4518 4519 
3 4464 4463 4519 
3 4516 4461 4465 
3 4520 4516 4465 
3 4520 4465 4521 
3 4465 4466 4521 
3 4466 4522 4521 
3 4468 4522 4466 
3 4519 4469 4464 
3 4523 4469 4519 
3 4523 4524 4469 
3 4469 4524 4470 
3 4470 4524 4525 
3 4471 4470 4525 
3 4522 4468 4472 
3 4526 4522 4472 
3 4528 4472 4474 
3 4528 4527 4472 
3 4527 4526 4472 
3 4527 4528 4529 
3 4525 4475 4471 
3 4530 4475 4525 
3 4530 4531 4475 
3 4475 4531 4476 
3 4528 4474 4477 
3 4529 4528 4477 
3 4529 4477 4532 
3 4532 4477 4478 
3 4534 4478 4480 
3 4534 4533 4478 
3 4533 4532 4478 
3 4533 4534 4535 
3 4534 4480 4481 
3 4535 4534 4481 
3 4535 4481 4536 
3 4536 4481 4482 
3 4536 4482 4537 
3 4482 4484 4537 
3 4484 4538 4537 
3 4485 4538 4484 
3 4538 4485 4486 
3 4539 4538 4486 
3 4539 4486 4540 
3 4486 4487 4540 
3 2875 4541 2876 
3 4541 2861 2876 
3 4541 4542 2861 
3 4542 4489 2861 
3 4489 4542 4543 
3 4491 4489 4543 
3 4543 4492 4491 
3 4544 4492 4543 
3 4544 4545 4492 
3 4492 4545 4493 
3 4493 4545 4546 
3 4495 4493 4546 
3 4546 4496 4495 
3 4547 4496 4546 
3 4496 4547 4548 
3 4497 4496 4548 
3 4550 2868 4498 
3 4550 4549 2868 
3 4549 2885 2868 
3 4549 4550 4551 
3 4548 4499 4497 
3 4552 4499 4548 
3 4552 4553 4499 
3 4499 4553 4500 
3 4500 4553 4554 
3 4501 4500 4554 
3 4550 4498 4502 
3 4551 4550 4502 
3 4551 4502 4555 
3 4555 4502 4503 
3 4557 4503 4504 
3 4557 4556 4503 
3 4556 4555 4503 
3 4556 4557 4558 
3 4554 4505 4501 
3 4559 4505 4554 
3 4559 4560 4505 
3 4505 4560 4506 
3 4506 4560 4561 
3 4507 4506 4561 
3 4557 4504 4508 
3 4558 4557 4508 
3 4558 4508 4562 
3 4562 4508 4509 
3 4564 4509 4510 
3 4564 4563 4509 
3 4563 4562 4509 
3 4563 4564 4565 
3 4561 4511 4507 
3 4566 4511 4561 
3 4566 4567 4511 
3 4511 4567 4512 
3 4512 4567 4568 
3 4513 4512 4568 
3 4564 4510 4514 
3 4565 4564 4514 
3 4565 4514 4569 
3 4569 4514 4515 
3 4571 4515 4516 
3 4571 4570 4515 
3 4570 4569 4515 
3 4570 4571 4572 
3 4568 4517 4513 
3 4573 4517 4568 
3 4573 4574 4517 
3 4517 4574 4518 
3 4518 4574 4575 
3 4519 4518 4575 
3 4571 4516 4520 
3 4572 4571 4520 
3 4572 4520 4576 
3 4576 4520 4521 
3 4578 4521 4522 
3 4578 4577 4521 
3 4577 4576 4521 
3 4577 4578 4579 
3 4575 4523 4519 
3 4580 4523 4575 
3 4580 4581 4523 
3 4523 4581 4524 
3 4583 4525 4524 
3 4583 4524 4582 
3 4582 4524 4581 
3 4582 4584 4583 
3 4578 4522 4526 
3 4579 4578 4526 
3 4579 4526 4585 
3 4585 4526 4527 
3 4587 4527 4529 
3 4587 4586 4527 
3 4586 4585 4527 
3 4586 4587 4588 
3 4583 4530 4525 
3 4584 4530 4583 
3 4584 4589 4530 
3 4589 4531 4530 
3 4587 4529 4532 
3 4588 4587 4532 
3 4588 4532 4590 
3 4590 4532 4533 
3 4592 4533 4535 
3 4592 4591 4533 
3 4591 4590 4533 
3 4591 4592 4593 
3 4592 4535 4536 
3 4593 4592 4536 
3 4593 4536 4594 
3 4594 4536 4537 
3 4596 4537 4538 
3 4596 4595 4537 
3 4595 4594 4537 
3 4595 4598 4597 
3 4596 4598 4595 
3 4596 4538 4539 
3 4598 4596 4539 
3 4540 4598 4539 
3 4599 2244 4600 
3 4603 4599 4600 
3 4603 4600 4601 
3 4601 4600 4602 
3 4605 4602 4606 
3 4605 4604 4602 
3 4604 4601 4602 
3 4604 4605 4607 
3 4610 4609 2247 
3 4608 4609 4610 
3 4608 4611 4609 
3 4609 4611 4612 
3 4614 4613 305 
3 4614 305 4611 
3 4611 305 4612 
3 4605 4606 4615 
3 4607 4605 4615 
3 4607 4615 4616 
3 4616 4615 4617 
3 4616 4617 4618 
3 4617 4619 4618 
3 4619 4620 4618 
3 4621 4620 4619 
3 4614 4622 4613 
3 4620 4621 4624 
3 4623 4620 4624 
3 4623 4624 4625 
3 4624 4626 4625 
3 4625 4626 4627 
3 4626 4628 4627 
3 4631 4630 4629 
3 4631 4627 4630 
3 4627 4628 4630 
3 4629 4632 4633 
3 4629 4630 4632 
3 4630 314 4632 
3 4631 4629 4634 
3 4629 4633 4634 
3 4636 4603 4601 
3 4635 4636 4601 
3 4638 4604 4637 
3 4638 4635 4604 
3 4635 4601 4604 
3 4604 4607 4637 
3 4639 4608 4610 
3 4641 4608 4639 
3 4641 4640 4608 
3 4640 4611 4608 
3 4643 4614 4611 
3 4643 4611 4642 
3 4642 4611 4640 
3 4638 4637 4644 
3 4637 4607 4616 
3 4637 4616 4644 
3 4644 4616 4645 
3 4645 4616 4646 
3 4616 4618 4646 
3 4618 4647 4646 
3 4620 4647 4618 
3 4643 4622 4614 
3 4647 4620 4623 
3 4648 4647 4623 
3 4648 4623 4649 
3 4623 4625 4649 
3 4649 4625 4650 
3 4625 4627 4650 
3 4652 4627 4631 
3 4652 4651 4627 
3 4651 4650 4627 
3 4633 4651 4652 
3 4633 4632 4651 
3 4654 4651 4653 
3 4653 4651 4632 
3 4652 4631 4634 
3 4654 4653 4655 
3 4652 4634 4633 
3 4658 4656 4657 
3 4656 4636 4635 
3 4656 4635 4657 
3 4657 4635 4659 
3 4635 4660 4659 
3 4638 4660 4635 
3 4663 4662 4661 
3 4661 4640 4641 
3 4661 4662 4640 
3 4662 4664 4640 
3 4664 4665 4640 
3 4640 4665 4642 
3 4660 4638 4644 
3 4666 4660 4644 
3 4666 4644 4667 
3 4644 4645 4667 
3 4667 4645 4668 
3 4645 4646 4668 
3 4646 4669 4668 
3 4647 4669 4646 
3 4669 4647 4648 
3 4670 4669 4648 
3 4670 4648 4671 
3 4648 4649 4671 
3 4671 4649 4672 
3 4649 4650 4672 
3 4674 4651 4673 
3 4674 4672 4651 
3 4672 4650 4651 
3 4651 4654 4673 
3 4674 4673 4675 
3 4673 4654 4655 
3 4673 4655 4675 
3 4675 4655 4676 
3 4679 4677 4678 
3 4681 4657 4680 
3 4678 4657 4681 
3 4678 4658 4657 
3 4678 4677 4658 
3 4659 4680 4657 
3 4682 4680 4659 
3 4659 4660 4682 
3 4683 4662 4663 
3 4685 4662 4683 
3 4685 4684 4662 
3 4684 4664 4662 
3 4684 4686 4664 
3 4664 4686 4665 
3 4681 4680 4687 
3 4680 4682 4688 
3 4687 4680 4688 
3 4690 4666 4689 
3 4688 4666 4690 
3 4688 4660 4666 
3 4688 4682 4660 
3 4689 4691 4692 
3 4689 4666 4691 
3 4666 4667 4691 
3 4694 4668 4693 
3 4694 4691 4668 
3 4691 4667 4668 
3 4668 4669 4693 
3 4690 4689 4695 
3 4689 4692 4695 
3 4694 4693 4696 
3 4693 4669 4670 
3 4693 4670 4696 
3 4696 4670 4697 
3 4697 4670 4698 
3 4670 4671 4698 
3 4700 4672 4699 
3 4700 4698 4672 
3 4698 4671 4672 
3 4672 4674 4699 
3 4700 4699 4701 
3 4699 4674 4675 
3 4699 4675 4701 
3 4701 4675 4702 
3 4702 4675 4703 
3 4675 4676 4703 
3 4706 4704 4705 
3 4709 4705 4704 
3 4709 4704 4708 
3 4708 4704 4707 
3 4678 4707 4679 
3 4678 4710 4707 
3 4710 4708 4707 
3 4678 4681 4710 
3 4711 4684 4685 
3 4713 4684 4711 
3 4713 4712 4684 
3 4712 4686 4684 
3 4709 4708 4714 
3 4708 4710 4715 
3 4714 4708 4715 
3 4717 4687 4716 
3 4715 4687 4717 
3 4715 4681 4687 
3 4715 4710 4681 
3 4688 4716 4687 
3 4718 4716 4688 
3 4688 4690 4718 
3 4691 4719 4692 
3 4691 4694 4719 
3 4717 4716 4720 
3 4716 4718 4721 
3 4720 4716 4721 
3 4723 4695 4722 
3 4721 4695 4723 
3 4721 4690 4695 
3 4721 4718 4690 
3 4692 4722 4695 
3 4692 4719 4722 
3 4719 4724 4722 
3 4696 4719 4694 
3 4696 4725 4719 
3 4725 4724 4719 
3 4725 4726 4727 
3 4725 4696 4726 
3 4696 4697 4726 
3 4726 4697 4728 
3 4697 4698 4728 
3 4698 4729 4728 
3 4700 4729 4698 
3 4723 4722 4730 
3 4722 4724 4731 
3 4730 4722 4731 
3 4724 4725 4732 
3 4731 4724 4732 
3 4725 4727 4732 
3 4729 4700 4701 
3 4733 4729 4701 
3 4733 4701 4734 
3 4701 4702 4734 
3 4734 4702 4735 
3 4702 4703 4735 
3 4738 4736 4737 
3 4740 4705 4739 
3 4737 4705 4740 
3 4737 4706 4705 
3 4737 4736 4706 
3 4705 4709 4739 
3 4742 4712 4713 
3 4741 4712 4742 
3 4740 4739 4743 
3 4739 4709 4714 
3 4739 4714 4743 
3 4743 4714 4744 
3 4746 4715 4745 
3 4746 4744 4715 
3 4744 4714 4715 
3 4715 4717 4745 
3 4746 4745 4747 
3 4749 4720 4748 
3 4747 4720 4749 
3 4747 4717 4720 
3 4747 4745 4717 
3 4721 4748 4720 
3 4750 4748 4721 
3 4721 4723 4750 
3 4726 4751 4727 
3 4751 4752 4753 
3 4751 4726 4752 
3 4726 4728 4752 
3 4755 4728 4729 
3 4755 4754 4728 
3 4754 4752 4728 
3 4754 4755 4756 
3 4749 4748 4757 
3 4748 4750 4758 
3 4757 4748 4758 
3 4750 4723 4730 
3 4750 4730 4758 
3 4758 4730 4759 
3 4759 4730 4760 
3 4730 4731 4760 
3 4762 4732 4761 
3 4762 4760 4732 
3 4760 4731 4732 
3 4761 4763 4764 
3 4732 4763 4761 
3 4732 4751 4763 
3 4732 4727 4751 
3 4751 4753 4763 
3 4755 4729 4733 
3 4756 4755 4733 
3 4756 4733 4765 
3 4765 4733 4734 
3 4767 4735 4766 
3 4767 4765 4735 
3 4765 4734 4735 
3 4762 4761 4768 
3 4761 4764 4768 
3 4767 4766 4769 
3 4772 4770 4771 
3 4770 4738 4737 
3 4770 4737 4771 
3 4771 4737 4773 
3 4737 4774 4773 
3 4740 4774 4737 
3 4775 4741 4742 
3 4774 4740 4743 
3 4776 4774 4743 
3 4778 4744 4777 
3 4778 4776 4744 
3 4776 4743 4744 
3 4744 4746 4777 
3 4778 4777 4779 
3 4777 4746 4747 
3 4777 4747 4779 
3 4779 4747 4780 
3 4747 4781 4780 
3 4749 4781 4747 
3 4753 4782 4783 
3 4752 4782 4753 
3 4782 4752 4784 
3 4752 4754 4784 
3 4754 4785 4784 
3 4756 4785 4754 
3 4781 4749 4757 
3 4786 4781 4757 
3 4786 4757 4787 
3 4757 4758 4787 
3 4787 4758 4788 
3 4758 4759 4788 
3 4790 4760 4789 
3 4790 4788 4760 
3 4788 4759 4760 
3 4760 4762 4789 
3 4764 4791 4792 
3 4763 4791 4764 
3 4791 4763 4753 
3 4783 4791 4753 
3 4785 4756 4765 
3 4793 4785 4765 
3 4795 4765 4767 
3 4795 4794 4765 
3 4794 4793 4765 
3 4790 4789 4796 
3 4789 4762 4768 
3 4789 4768 4796 
3 4796 4768 4797 
3 4797 4768 4764 
3 4792 4797 4764 
3 4795 4767 4769 
3 4799 4772 4771 
3 4798 4799 4771 
3 4801 4773 4800 
3 4801 4798 4773 
3 4798 4771 4773 
3 4773 4774 4800 
3 4801 4800 4802 
3 4800 4774 4776 
3 4800 4776 4802 
3 4802 4776 4803 
3 4776 4804 4803 
3 4778 4804 4776 
3 4804 4778 4779 
3 4805 4804 4779 
3 4805 4779 4806 
3 4779 4780 4806 
3 4780 4807 4806 
3 4781 4807 4780 
3 4783 4808 4809 
3 4782 4808 4783 
3 4808 4782 4810 
3 4782 4784 4810 
3 4812 4784 4785 
3 4812 4811 4784 
3 4811 4810 4784 
3 4811 4812 4813 
3 4807 4781 4786 
3 4814 4807 4786 
3 4814 4786 4815 
3 4786 4787 4815 
3 4815 4787 4816 
3 4787 4788 4816 
3 4788 4817 4816 
3 4790 4817 4788 
3 4792 4818 4819 
3 4791 4818 4792 
3 4818 4791 4783 
3 4809 4818 4783 
3 4812 4785 4793 
3 4813 4812 4793 
3 4813 4793 4820 
3 4820 4793 4794 
3 4817 4790 4796 
3 4821 4817 4796 
3 4821 4796 4822 
3 4796 4797 4822 
3 4822 4797 4792 
3 4819 4822 4792 
3 4824 4799 4798 
3 4823 4824 4798 
3 4826 4798 4801 
3 4826 4825 4798 
3 4825 4823 4798 
3 4825 4826 4827 
3 4826 4801 4802 
3 4827 4826 4802 
3 4827 4802 4828 
3 4828 4802 4803 
3 4803 4829 4828 
3 4804 4829 4803 
3 4829 4804 4805 
3 4830 4829 4805 
3 4830 4805 4831 
3 4805 4806 4831 
3 4806 4832 4831 
3 4807 4832 4806 
3 4809 4833 4834 
3 4808 4833 4809 
3 4833 4808 4835 
3 4808 4810 4835 
3 4835 4810 4836 
3 4810 4811 4836 
3 4811 4837 4836 
3 4813 4837 4811 
3 4832 4807 4814 
3 4838 4832 4814 
3 4838 4814 4839 
3 4814 4815 4839 
3 4839 4815 4840 
3 4815 4816 4840 
3 4816 4841 4840 
3 4817 4841 4816 
3 4819 4842 4843 
3 4818 4842 4819 
3 4842 4818 4809 
3 4834 4842 4809 
3 4837 4813 4820 
3 4844 4837 4820 
3 4841 4817 4821 
3 4845 4841 4821 
3 4845 4821 4846 
3 4821 4822 4846 
3 4846 4822 4819 
3 4843 4846 4819 
3 1108 4848 4847 
3 4850 4824 4823 
3 4849 4850 4823 
3 4849 4823 4851 
3 4823 4825 4851 
3 4825 4852 4851 
3 4827 4852 4825 
3 4852 4827 4828 
3 4853 4852 4828 
3 4828 4854 4853 
3 4829 4854 4828 
3 4857 4856 4855 
3 4855 4859 4858 
3 4856 4859 4855 
3 4858 4859 4860 
3 4854 4829 4830 
3 4861 4854 4830 
3 4863 4831 4862 
3 4863 4861 4831 
3 4861 4830 4831 
3 4831 4832 4862 
3 4865 4856 4857 
3 4864 4856 4865 
3 4834 4833 4859 
3 4834 4859 4864 
3 4864 4859 4856 
3 4860 4859 4833 
3 4860 4833 4866 
3 4866 4833 4835 
3 4866 4835 4867 
3 4835 4836 4867 
3 4869 4836 4837 
3 4869 4868 4836 
3 4868 4867 4836 
3 4863 4862 4870 
3 4862 4832 4838 
3 4862 4838 4870 
3 4870 4838 4871 
3 4871 4838 4872 
3 4838 4839 4872 
3 4872 4839 4873 
3 4839 4840 4873 
3 4840 4874 4873 
3 4841 4874 4840 
3 4877 4876 4875 
3 4864 4843 4842 
3 4865 4843 4864 
3 4865 4876 4843 
3 4865 4875 4876 
3 4864 4842 4834 
3 4869 4837 4844 
3 4874 4841 4845 
3 4878 4874 4845 
3 4876 4877 4878 
3 4876 4878 4846 
3 4846 4878 4845 
3 4876 4846 4843 
3 4848 4880 4881 
3 4848 4881 4847 
3 4847 4881 4879 
3 4880 4850 4849 
3 4880 4849 4881 
3 4881 4849 4882 
3 4882 4849 4883 
3 4849 4851 4883 
3 4851 4884 4883 
3 4852 4884 4851 
3 4884 4852 4853 
3 4885 4884 4853 
3 4853 4886 4885 
3 4854 4886 4853 
3 4857 4887 4888 
3 4855 4887 4857 
3 4887 4855 4889 
3 4855 4858 4889 
3 4891 4858 4860 
3 4891 4890 4858 
3 4890 4889 4858 
3 4890 4891 4892 
3 4886 4854 4861 
3 4893 4886 4861 
3 4861 4894 4893 
3 4863 4894 4861 
3 4888 4895 4857 
3 4895 4865 4857 
3 4891 4860 4866 
3 4892 4891 4866 
3 4892 4866 4896 
3 4896 4866 4867 
3 4896 4867 4897 
3 4867 4868 4897 
3 4894 4863 4870 
3 4898 4894 4870 
3 4898 4870 4899 
3 4870 4871 4899 
3 4899 4871 4900 
3 4871 4872 4900 
3 4900 4872 4901 
3 4872 4873 4901 
3 4873 4902 4901 
3 4874 4902 4873 
3 4877 4903 4904 
3 4875 4903 4877 
3 4903 4875 4865 
3 4895 4903 4865 
3 4902 4874 4878 
3 4905 4902 4878 
3 4905 4878 4877 
3 4904 4905 4877 
3 4908 4881 4907 
3 4908 4906 4881 
3 4906 4879 4881 
3 4882 4907 4881 
3 4909 4907 4882 
3 4883 4909 4882 
3 4910 4909 4883 
3 4883 4884 4910 
3 4908 4907 4911 
3 4907 4909 4912 
3 4911 4907 4912 
3 4909 4910 4913 
3 4912 4909 4913 
3 4910 4884 4885 
3 4910 4885 4913 
3 4913 4885 4914 
3 4916 4885 4886 
3 4916 4915 4885 
3 4915 4914 4885 
3 4915 4916 4917 
3 4887 4918 4888 
3 4918 4919 4920 
3 4918 4887 4919 
3 4887 4889 4919 
3 4919 4889 4921 
3 4889 4890 4921 
3 4890 4922 4921 
3 4892 4922 4890 
3 4916 4886 4893 
3 4893 4894 4924 
3 4916 4893 4924 
3 4916 4924 4923 
3 4916 4923 4917 
3 4923 4926 4925 
3 4924 4926 4923 
3 4925 4926 4927 
3 4928 4888 4918 
3 4928 4929 4888 
3 4929 4895 4888 
3 4918 4920 4928 
3 4922 4892 4896 
3 4930 4922 4896 
3 4930 4896 4931 
3 4896 4897 4931 
3 4924 4894 4898 
3 4926 4924 4898 
3 4899 4926 4898 
3 4927 4926 4899 
3 4927 4899 4932 
3 4932 4899 4900 
3 4932 4900 4933 
3 4900 4901 4933 
3 4935 4901 4902 
3 4935 4934 4901 
3 4934 4933 4901 
3 4904 4934 4935 
3 4904 4903 4934 
3 4903 4936 4934 
3 4936 4903 4895 
3 4929 4936 4895 
3 4935 4902 4905 
3 4935 4905 4904 
3 4906 4938 4937 
3 4908 4938 4906 
3 4941 4940 4939 
3 4939 4940 4942 
3 4938 4908 4911 
3 4943 4938 4911 
3 4943 4911 4944 
3 4911 4912 4944 
3 4944 4912 4945 
3 4912 4913 4945 
3 4945 4913 4946 
3 4913 4914 4946 
3 4946 4914 4947 
3 4914 4915 4947 
3 4915 4948 4947 
3 4917 4948 4915 
3 4941 4949 4940 
3 4950 4940 4919 
3 4950 4942 4940 
3 4919 4940 4920 
3 4949 4951 4940 
3 4920 4940 4951 
3 4950 4919 4952 
3 4919 4921 4952 
3 4954 4921 4922 
3 4954 4953 4921 
3 4953 4952 4921 
3 4953 4954 4955 
3 4948 4917 4923 
3 4956 4948 4923 
3 4956 4923 4957 
3 4923 4925 4957 
3 4959 4925 4927 
3 4959 4958 4925 
3 4958 4957 4925 
3 4958 4959 4960 
3 4929 4961 4962 
3 4928 4961 4929 
3 4961 4928 4920 
3 4951 4961 4920 
3 4954 4922 4930 
3 4955 4954 4930 
3 4955 4930 4963 
3 4963 4930 4931 
3 4959 4927 4932 
3 4960 4959 4932 
3 4960 4932 4964 
3 4964 4932 4933 
3 4964 4933 4965 
3 4933 4934 4965 
3 4965 4934 4966 
3 4934 4936 4966 
3 4966 4936 4929 
3 4962 4966 4929 
3 4969 4937 4938 
3 4969 4968 4937 
3 4968 4967 4937 
3 4968 4969 4970 
3 4941 4971 4972 
3 4939 4971 4941 
3 4939 4973 4971 
3 4942 4973 4939 
3 4969 4938 4943 
3 4970 4969 4943 
3 4970 4943 4974 
3 4974 4943 4944 
3 4974 4944 4975 
3 4944 4945 4975 
3 4977 4946 4976 
3 4977 4975 4946 
3 4975 4945 4946 
3 4947 4976 4946 
3 4978 4976 4947 
3 4947 4948 4978 
3 4981 4980 4979 
3 4979 4980 4982 
3 4972 4949 4941 
3 4983 4949 4972 
3 4973 4942 4984 
3 4942 4950 4984 
3 4985 4949 4983 
3 4985 4951 4949 
3 4984 4950 4986 
3 4950 4952 4986 
3 4986 4952 4987 
3 4952 4953 4987 
3 4989 4953 4955 
3 4989 4988 4953 
3 4988 4987 4953 
3 4977 4976 4990 
3 4976 4978 4991 
3 4990 4976 4991 
3 4978 4948 4956 
3 4978 4956 4991 
3 4991 4956 4992 
3 4980 4981 4992 
3 4980 4992 4957 
3 4957 4992 4956 
3 4982 4980 4957 
3 4982 4957 4993 
3 4993 4957 4958 
3 4995 4958 4960 
3 4995 4994 4958 
3 4994 4993 4958 
3 4994 4995 4996 
3 4962 4997 4998 
3 4961 4997 4962 
3 4997 4961 4951 
3 4985 4997 4951 
3 4989 4955 4963 
3 4995 4960 4964 
3 4996 4995 4964 
3 4996 4964 4999 
3 4999 4964 4965 
3 4999 4965 5000 
3 4965 4966 5000 
3 5000 4966 4962 
3 4998 5000 4962 
3 5003 4968 5002 
3 5003 5001 4968 
3 5001 4967 4968 
3 4968 4970 5002 
3 5006 5005 5004 
3 5004 5005 5007 
3 4971 5008 4972 
3 4971 4973 5008 
3 5003 5002 5009 
3 5002 4970 4974 
3 5002 4974 5009 
3 5009 4974 5010 
3 5010 4974 5011 
3 4974 4975 5011 
3 4975 5012 5011 
3 4977 5012 4975 
3 4979 5013 4981 
3 5015 4979 5006 
3 5015 5013 4979 
3 5006 4979 5005 
3 4982 5014 4979 
3 5005 4979 5014 
3 5007 5017 5016 
3 5007 5005 5017 
3 5005 5014 5017 
3 5016 5017 5018 
3 5008 4983 4972 
3 4984 5008 4973 
3 4984 5019 5008 
3 4983 5008 4985 
3 4985 5008 5019 
3 5019 5020 5021 
3 5019 4984 5020 
3 4984 4986 5020 
3 5020 4986 5022 
3 4986 4987 5022 
3 5022 4987 5023 
3 4987 4988 5023 
3 5012 4977 4990 
3 5024 5012 4990 
3 5024 4990 5025 
3 4990 4991 5025 
3 5025 4991 5026 
3 4991 4992 5026 
3 4981 5013 5027 
3 4981 5027 4992 
3 4992 5027 5026 
3 5013 5015 5027 
3 4982 4993 5014 
3 5017 5014 4993 
3 4994 5017 4993 
3 4994 4996 5029 
3 5017 4994 5029 
3 5017 5029 5028 
3 5017 5028 5018 
3 5028 5029 5030 
3 4998 5031 5032 
3 4997 5031 4998 
3 4985 5019 5033 
3 4985 5033 4997 
3 4997 5033 5031 
3 5019 5021 5033 
3 5029 4996 4999 
3 5030 5029 4999 
3 5030 4999 5034 
3 5034 4999 5000 
3 5034 5000 4998 
3 5032 5034 4998 
3 5001 11 4 
3 5003 11 5001 
3 5004 5035 5006 
3 5036 5004 5007 
3 5036 13 5004 
3 5035 5004 14 
3 14 5004 13 
3 13 5036 15 
3 18 5037 17 
3 17 5037 19 
3 11 5003 5009 
3 21 11 5009 
3 21 5009 23 
3 5009 5010 23 
3 25 5011 5038 
3 25 23 5011 
3 23 5010 5011 
3 5011 5012 5038 
3 5039 5006 5035 
3 5015 5006 5039 
3 5007 5016 5036 
3 14 26 5035 
3 5035 26 5040 
3 5035 5040 5039 
3 5016 15 5036 
3 5016 5018 15 
3 26 15 5040 
3 5040 15 5018 
3 5021 28 30 
3 5020 28 5021 
3 5037 18 28 
3 5037 28 5022 
3 5022 28 5020 
3 19 5037 5022 
3 19 5022 33 
3 33 5022 5023 
3 25 5038 35 
3 5038 5012 5024 
3 5038 5024 35 
3 35 5024 37 
3 37 5024 39 
3 5024 5025 39 
3 39 5025 41 
3 5025 5026 41 
3 44 5027 5041 
3 44 41 5027 
3 41 5026 5027 
3 5015 5041 5027 
3 5015 5039 5041 
3 5039 5042 5041 
3 47 49 5042 
3 47 5042 5040 
3 5040 5042 5039 
3 5040 5018 5028 
3 5040 5028 47 
3 47 5028 51 
3 5043 5028 5030 
3 5043 53 5028 
3 53 51 5028 
3 5032 53 5043 
3 5032 5031 53 
3 5031 55 53 
3 55 5031 57 
3 5031 5033 57 
3 57 5033 5021 
3 30 57 5021 
3 44 5041 58 
3 5041 5042 60 
3 58 5041 60 
3 5042 49 60 
3 5043 5030 5034 
3 5043 5034 5032 
3 5044 5046 5045 
3 5047 5049 5048 
3 5044 5051 5046 
3 5048 5051 5044 
3 5048 5050 5051 
3 5048 5049 5050 
3 5050 5052 5051 
3 5047 5053 5049 
3 5056 5055 5050 
3 5054 5056 5050 
3 5054 5050 5049 
3 5054 5049 5053 
3 5050 5055 5052 
3 5054 5057 5056 
3 5059 2213 434 
3 5059 434 5058 
3 5058 434 433 
3 5058 5060 5059 
3 5059 2214 2213 
3 5060 2214 5059 
3 5060 5061 2214 
3 5061 2215 2214 
3 5063 2217 2215 
3 5063 2215 5062 
3 5062 2215 5061 
3 5062 5064 5063 
3 5063 2218 2217 
3 5064 2218 5063 
3 5064 5065 2218 
3 5065 2219 2218 
3 5067 2221 2219 
3 5067 2219 5066 
3 5066 2219 5065 
3 5066 5068 5067 
3 5070 450 2222 
3 5070 5069 450 
3 5069 449 450 
3 5069 5070 5071 
3 5067 2223 2221 
3 5068 2223 5067 
3 5068 5072 2223 
3 5072 2224 2223 
3 5072 5073 2224 
3 2224 5073 2225 
3 2225 5073 5074 
3 2227 2225 5074 
3 5070 2222 2228 
3 5071 5070 2228 
3 5071 2228 5075 
3 5075 2228 2229 
3 5077 2229 2230 
3 5077 5076 2229 
3 5076 5075 2229 
3 5076 5077 5078 
3 5074 2231 2227 
3 5079 2231 5074 
3 5079 5080 2231 
3 2231 5080 2232 
3 2232 5080 5081 
3 2234 2232 5081 
3 5077 2230 2235 
3 5078 5077 2235 
3 5078 2235 5082 
3 5082 2235 2236 
3 5082 2236 5083 
3 2236 2237 5083 
3 2237 5084 5083 
3 2239 5084 2237 
3 5081 2240 2234 
3 5085 2240 5081 
3 5085 5086 2240 
3 2240 5086 2241 
3 2241 5086 5087 
3 2242 2241 5087 
3 5084 2239 2243 
3 5088 5084 2243 
3 4599 2243 2244 
3 4599 5089 2243 
3 5089 5088 2243 
3 5089 4599 4603 
3 5087 2245 2242 
3 5090 2245 5087 
3 5090 5091 2245 
3 2245 5091 2246 
3 2246 5091 4610 
3 2247 2246 4610 
3 499 5092 500 
3 5092 433 500 
3 5092 5093 433 
3 5093 5058 433 
3 5095 5060 5058 
3 5095 5058 5094 
3 5094 5058 5093 
3 5094 5096 5095 
3 5095 5061 5060 
3 5096 5061 5095 
3 5096 5097 5061 
3 5097 5062 5061 
3 5099 5064 5062 
3 5099 5062 5098 
3 5098 5062 5097 
3 5098 5100 5099 
3 5099 5065 5064 
3 5100 5065 5099 
3 5100 5101 5065 
3 5101 5066 5065 
3 5103 5068 5066 
3 5103 5066 5102 
3 5102 5066 5101 
3 5102 5104 5103 
3 5106 5069 5105 
3 5106 510 5069 
3 510 449 5069 
3 5069 5071 5105 
3 5103 5072 5068 
3 5104 5072 5103 
3 5104 5107 5072 
3 5107 5073 5072 
3 5109 5074 5073 
3 5109 5073 5108 
3 5108 5073 5107 
3 5108 5110 5109 
3 5106 5105 5111 
3 5105 5071 5075 
3 5105 5075 5111 
3 5111 5075 5112 
3 5112 5075 5113 
3 5075 5076 5113 
3 5076 5114 5113 
3 5078 5114 5076 
3 5109 5079 5074 
3 5110 5079 5109 
3 5110 5115 5079 
3 5115 5080 5079 
3 5117 5081 5080 
3 5117 5080 5116 
3 5116 5080 5115 
3 5116 5118 5117 
3 5114 5078 5082 
3 5119 5114 5082 
3 5119 5082 5120 
3 5082 5083 5120 
3 5083 5121 5120 
3 5084 5121 5083 
3 5117 5085 5081 
3 5118 5085 5117 
3 5118 5122 5085 
3 5122 5086 5085 
3 5124 5087 5086 
3 5124 5086 5123 
3 5123 5086 5122 
3 5123 5125 5124 
3 5121 5084 5088 
3 5126 5121 5088 
3 5126 5088 5127 
3 5088 5089 5127 
3 5089 4636 5127 
3 4603 4636 5089 
3 5124 5090 5087 
3 5125 5090 5124 
3 5125 5128 5090 
3 5128 5091 5090 
3 4639 4610 5091 
3 4639 5091 5129 
3 5129 5091 5128 
3 5129 4641 4639 
3 5131 5092 499 
3 5131 499 5130 
3 5130 499 564 
3 5130 5132 5131 
3 5131 5093 5092 
3 5132 5093 5131 
3 5132 5133 5093 
3 5133 5094 5093 
3 5135 5096 5094 
3 5135 5094 5134 
3 5134 5094 5133 
3 5134 5136 5135 
3 5135 5097 5096 
3 5136 5097 5135 
3 5136 5137 5097 
3 5137 5098 5097 
3 5139 5100 5098 
3 5139 5098 5138 
3 5138 5098 5137 
3 5138 5140 5139 
3 5139 5101 5100 
3 5140 5101 5139 
3 5140 5141 5101 
3 5141 5102 5101 
3 5102 5141 5142 
3 5104 5102 5142 
3 510 5143 574 
3 5106 5143 510 
3 5142 5107 5104 
3 5144 5107 5142 
3 5144 5145 5107 
3 5107 5145 5108 
3 5108 5145 5146 
3 5110 5108 5146 
3 5143 5106 5111 
3 5147 5143 5111 
3 5147 5111 5148 
3 5111 5112 5148 
3 5150 5113 5149 
3 5150 5148 5113 
3 5148 5112 5113 
3 5113 5114 5149 
3 5146 5115 5110 
3 5151 5115 5146 
3 5151 5152 5115 
3 5115 5152 5116 
3 5116 5152 5153 
3 5118 5116 5153 
3 5150 5149 5154 
3 5149 5114 5119 
3 5149 5119 5154 
3 5154 5119 5155 
3 5157 5120 5156 
3 5157 5155 5120 
3 5155 5119 5120 
3 5120 5121 5156 
3 5153 5122 5118 
3 5158 5122 5153 
3 5158 5159 5122 
3 5122 5159 5123 
3 5123 5159 5160 
3 5125 5123 5160 
3 5157 5156 5161 
3 5156 5121 5126 
3 5156 5126 5161 
3 5161 5126 5162 
3 4658 5127 4656 
3 4658 5162 5127 
3 5162 5126 5127 
3 5127 4636 4656 
3 5160 5128 5125 
3 5163 5128 5160 
3 4663 4661 5129 
3 4663 5129 5163 
3 5163 5129 5128 
3 5129 4661 4641 
3 633 5164 564 
3 564 5164 5130 
3 5166 5132 5130 
3 5166 5130 5165 
3 5165 5130 5164 
3 5165 5167 5166 
3 5166 5133 5132 
3 5167 5133 5166 
3 5167 5168 5133 
3 5168 5134 5133 
3 5170 5136 5134 
3 5170 5134 5169 
3 5169 5134 5168 
3 5169 5171 5170 
3 5170 5137 5136 
3 5171 5137 5170 
3 5171 5172 5137 
3 5172 5138 5137 
3 5174 5140 5138 
3 5174 5138 5173 
3 5173 5138 5172 
3 5173 5175 5174 
3 5174 5141 5140 
3 5141 5177 5142 
3 5174 5177 5141 
3 5174 5176 5177 
3 5174 5175 5176 
3 5176 5178 5177 
3 574 5143 644 
3 5177 5144 5142 
3 5178 5144 5177 
3 5178 5179 5144 
3 5179 5145 5144 
3 5181 5146 5145 
3 5181 5145 5180 
3 5180 5145 5179 
3 5180 5182 5181 
3 644 5143 5147 
3 644 5147 646 
3 646 5147 5183 
3 5185 5148 5184 
3 5185 5183 5148 
3 5183 5147 5148 
3 5148 5150 5184 
3 5181 5151 5146 
3 5182 5151 5181 
3 5182 5186 5151 
3 5186 5152 5151 
3 5188 5153 5152 
3 5188 5152 5187 
3 5187 5152 5186 
3 5187 5189 5188 
3 5185 5184 5190 
3 5184 5150 5154 
3 5184 5154 5190 
3 5190 5154 5191 
3 5193 5155 5192 
3 5193 5191 5155 
3 5191 5154 5155 
3 5155 5157 5192 
3 5188 5158 5153 
3 5189 5158 5188 
3 5189 5194 5158 
3 5194 5159 5158 
3 5196 5160 5159 
3 5196 5159 5195 
3 5195 5159 5194 
3 5195 5197 5196 
3 5193 5192 5198 
3 5192 5157 5161 
3 5192 5161 5198 
3 5198 5161 5199 
3 4679 5162 4677 
3 4679 5199 5162 
3 5199 5161 5162 
3 5162 4658 4677 
3 5196 5163 5160 
3 5163 4683 4663 
3 5196 4683 5163 
3 5196 5200 4683 
3 5196 5197 5200 
3 5200 4685 4683 
3 695 5201 696 
3 5201 633 696 
3 5201 5202 633 
3 5202 5164 633 
3 5202 5203 5164 
3 5164 5203 5165 
3 5165 5203 5204 
3 5167 5165 5204 
3 5204 5168 5167 
3 5205 5168 5204 
3 5205 5206 5168 
3 5168 5206 5169 
3 5169 5206 5207 
3 5171 5169 5207 
3 5207 5172 5171 
3 5208 5172 5207 
3 5208 5209 5172 
3 5172 5209 5173 
3 5173 5209 5210 
3 5175 5173 5210 
3 5210 5176 5175 
3 5211 5176 5210 
3 5213 5178 5176 
3 5213 5176 5212 
3 5212 5176 5211 
3 5212 5214 5213 
3 5213 5179 5178 
3 5214 5179 5213 
3 5214 5215 5179 
3 5215 5180 5179 
3 5217 5182 5180 
3 5217 5180 5216 
3 5216 5180 5215 
3 5216 5218 5217 
3 713 646 5219 
3 646 5183 5219 
3 5183 5220 5219 
3 5185 5220 5183 
3 5217 5186 5182 
3 5218 5186 5217 
3 5218 5221 5186 
3 5221 5187 5186 
3 5187 5221 5222 
3 5189 5187 5222 
3 5190 5223 5224 
3 5190 5224 5185 
3 5185 5224 5220 
3 5191 5223 5190 
3 5225 5223 5191 
3 5191 5193 5225 
3 5222 5194 5189 
3 5226 5194 5222 
3 5226 5227 5194 
3 5194 5227 5195 
3 5195 5227 5228 
3 5197 5195 5228 
3 5224 5223 5229 
3 5223 5225 5230 
3 5229 5223 5230 
3 4706 5198 4704 
3 5230 5198 4706 
3 5230 5193 5198 
3 5230 5225 5193 
3 5199 4704 5198 
3 4707 4704 5199 
3 5199 4679 4707 
3 5228 5200 5197 
3 5231 5200 5228 
3 4711 4685 5200 
3 4711 5200 5232 
3 5232 5200 5231 
3 5232 4713 4711 
3 695 767 5233 
3 5201 695 5233 
3 5233 5202 5201 
3 5234 5202 5233 
3 5234 5235 5202 
3 5202 5235 5203 
3 5237 5204 5203 
3 5237 5203 5236 
3 5236 5203 5235 
3 5236 5238 5237 
3 5237 5205 5204 
3 5238 5205 5237 
3 5238 5239 5205 
3 5239 5206 5205 
3 5241 5207 5206 
3 5241 5206 5240 
3 5240 5206 5239 
3 5240 5242 5241 
3 5241 5208 5207 
3 5242 5208 5241 
3 5242 5243 5208 
3 5243 5209 5208 
3 5245 5210 5209 
3 5245 5209 5244 
3 5244 5209 5243 
3 5244 5246 5245 
3 5245 5211 5210 
3 5246 5211 5245 
3 5246 5247 5211 
3 5247 5212 5211 
3 5249 5214 5212 
3 5249 5212 5248 
3 5248 5212 5247 
3 5248 5250 5249 
3 5249 5215 5214 
3 5250 5215 5249 
3 5250 5251 5215 
3 5251 5216 5215 
3 5216 5251 5252 
3 5218 5216 5252 
3 5219 791 713 
3 5253 791 5219 
3 5219 5220 5253 
3 5252 5221 5218 
3 5254 5221 5252 
3 5256 5222 5221 
3 5256 5221 5255 
3 5255 5221 5254 
3 5255 5257 5256 
3 791 5253 5258 
3 793 791 5258 
3 5253 5259 5258 
3 5253 5220 5259 
3 5220 5224 5259 
3 5256 5226 5222 
3 5257 5226 5256 
3 5257 5260 5226 
3 5260 5227 5226 
3 5262 5228 5227 
3 5262 5227 5261 
3 5261 5227 5260 
3 5261 5263 5262 
3 5259 5224 5229 
3 5264 5259 5229 
3 4738 5230 4736 
3 4738 5264 5230 
3 5264 5229 5230 
3 5230 4706 4736 
3 5262 5231 5228 
3 5263 5231 5262 
3 5263 5265 5231 
3 5265 5232 5231 
3 5232 5265 4742 
3 4713 5232 4742 
3 767 849 5266 
3 5233 767 5266 
3 5266 5234 5233 
3 5267 5234 5266 
3 5267 5268 5234 
3 5234 5268 5235 
3 5268 5269 5235 
3 5235 5269 5236 
3 5236 5269 5270 
3 5238 5236 5270 
3 5270 5239 5238 
3 5271 5239 5270 
3 5271 5272 5239 
3 5239 5272 5240 
3 5240 5272 5273 
3 5242 5240 5273 
3 5273 5243 5242 
3 5274 5243 5273 
3 5274 5275 5243 
3 5243 5275 5244 
3 5244 5275 5276 
3 5246 5244 5276 
3 5276 5247 5246 
3 5277 5247 5276 
3 5277 5278 5247 
3 5247 5278 5248 
3 5248 5278 5279 
3 5250 5248 5279 
3 5279 5251 5250 
3 5280 5251 5279 
3 5282 5252 5251 
3 5282 5251 5281 
3 5281 5251 5280 
3 5281 5283 5282 
3 5282 5254 5252 
3 5283 5254 5282 
3 5283 5284 5254 
3 5284 5255 5254 
3 5286 5257 5255 
3 5286 5255 5285 
3 5285 5255 5284 
3 5285 5287 5286 
3 5289 5258 5288 
3 5289 867 5258 
3 867 793 5258 
3 5258 5259 5288 
3 5286 5260 5257 
3 5287 5260 5286 
3 5287 5290 5260 
3 5290 5261 5260 
3 5292 5263 5261 
3 5292 5261 5291 
3 5291 5261 5290 
3 5291 5293 5292 
3 5289 5288 5294 
3 4772 5264 4770 
3 5294 5264 4772 
3 5294 5259 5264 
3 5294 5288 5259 
3 5264 4738 4770 
3 5292 5265 5263 
3 5265 4775 4742 
3 5292 4775 5265 
3 5292 5295 4775 
3 5292 5293 5295 
3 5297 5266 849 
3 5297 849 5296 
3 5296 849 918 
3 5296 5298 5297 
3 5297 5267 5266 
3 5298 5267 5297 
3 5298 5299 5267 
3 5299 5268 5267 
3 5299 5300 5268 
3 5268 5300 5269 
3 5269 5300 5301 
3 5270 5269 5301 
3 5301 5271 5270 
3 5302 5271 5301 
3 5302 5303 5271 
3 5271 5303 5272 
3 5305 5273 5272 
3 5305 5272 5304 
3 5304 5272 5303 
3 5304 5306 5305 
3 5305 5274 5273 
3 5306 5274 5305 
3 5306 5307 5274 
3 5307 5275 5274 
3 5309 5276 5275 
3 5309 5275 5308 
3 5308 5275 5307 
3 5308 5310 5309 
3 5309 5277 5276 
3 5310 5277 5309 
3 5310 5311 5277 
3 5311 5278 5277 
3 5313 5279 5278 
3 5313 5278 5312 
3 5312 5278 5311 
3 5312 5314 5313 
3 5313 5280 5279 
3 5314 5280 5313 
3 5314 5315 5280 
3 5315 5281 5280 
3 5317 5283 5281 
3 5317 5281 5316 
3 5316 5281 5315 
3 5316 5318 5317 
3 5317 5284 5283 
3 5318 5284 5317 
3 5318 5319 5284 
3 5319 5285 5284 
3 5321 5287 5285 
3 5321 5285 5320 
3 5320 5285 5319 
3 5320 5322 5321 
3 867 5323 945 
3 5289 5323 867 
3 5321 5290 5287 
3 5322 5290 5321 
3 5322 5324 5290 
3 5324 5291 5290 
3 5291 5324 5325 
3 5293 5291 5325 
3 5323 5289 5294 
3 5326 5323 5294 
3 5294 4799 5326 
3 4772 4799 5294 
3 5325 5295 5293 
3 5327 5295 5325 
3 5329 5328 5296 
3 5329 5296 1002 
3 1002 5296 918 
3 5296 5328 5298 
3 5329 5330 5328 
3 5328 5299 5298 
3 5328 5330 5299 
3 5330 5331 5299 
3 5331 5332 5299 
3 5299 5332 5300 
3 5334 5301 5300 
3 5334 5300 5333 
3 5333 5300 5332 
3 5333 5335 5334 
3 5334 5302 5301 
3 5335 5302 5334 
3 5335 5336 5302 
3 5336 5303 5302 
3 5336 5337 5303 
3 5303 5337 5304 
3 5339 5306 5304 
3 5339 5304 5338 
3 5338 5304 5337 
3 5338 5340 5339 
3 5339 5307 5306 
3 5340 5307 5339 
3 5340 5341 5307 
3 5341 5308 5307 
3 5343 5310 5308 
3 5343 5308 5342 
3 5342 5308 5341 
3 5342 5344 5343 
3 5343 5311 5310 
3 5344 5311 5343 
3 5344 5345 5311 
3 5345 5312 5311 
3 5347 5314 5312 
3 5347 5312 5346 
3 5346 5312 5345 
3 5346 5348 5347 
3 5347 5315 5314 
3 5348 5315 5347 
3 5348 5349 5315 
3 5349 5316 5315 
3 5351 5318 5316 
3 5351 5316 5350 
3 5350 5316 5349 
3 5350 5352 5353 
3 5351 5350 5353 
3 5352 5354 5353 
3 5351 5319 5318 
3 5353 5319 5351 
3 5320 5319 5353 
3 5320 5353 5354 
3 5320 5354 5322 
3 5322 5354 5355 
3 945 5356 1029 
3 5323 5356 945 
3 5355 5324 5322 
3 5357 5324 5355 
3 5324 5357 5358 
3 5325 5324 5358 
3 5356 5323 5326 
3 5359 5356 5326 
3 5326 4824 5359 
3 4799 4824 5326 
3 5358 5327 5325 
3 5360 5327 5358 
3 1002 1088 5361 
3 5329 1002 5361 
3 5361 5330 5329 
3 5362 5330 5361 
3 5362 5363 5330 
3 5330 5363 5331 
3 5363 5364 5331 
3 5331 5364 5332 
3 5364 5365 5332 
3 5332 5365 5333 
3 5333 5365 5366 
3 5335 5333 5366 
3 5366 5336 5335 
3 5367 5336 5366 
3 5367 5368 5336 
3 5336 5368 5337 
3 5368 5369 5337 
3 5337 5369 5338 
3 5371 5340 5338 
3 5371 5338 5370 
3 5370 5338 5369 
3 5370 5372 5371 
3 5371 5341 5340 
3 5372 5341 5371 
3 5372 5373 5341 
3 5373 5342 5341 
3 5375 5344 5342 
3 5375 5342 5374 
3 5374 5342 5373 
3 5374 5376 5375 
3 5375 5345 5344 
3 5376 5345 5375 
3 5376 5377 5345 
3 5377 5346 5345 
3 5379 5348 5346 
3 5379 5346 5378 
3 5378 5346 5377 
3 5378 5380 5381 
3 5379 5378 5381 
3 5380 5382 5381 
3 5379 5349 5348 
3 5381 5349 5379 
3 5350 5349 5381 
3 5382 5350 5381 
3 5382 5383 5350 
3 5383 5352 5350 
3 5352 5383 5384 
3 5354 5352 5384 
3 5386 5384 5385 
3 5386 5355 5384 
3 5355 5354 5384 
3 5385 5387 5386 
3 1029 5356 1105 
3 5386 5357 5355 
3 5357 5389 5358 
3 5386 5389 5357 
3 5386 5388 5389 
3 5386 5387 5388 
3 5356 1108 1105 
3 5356 5390 1108 
3 5356 5359 5390 
3 4848 1108 5390 
3 5359 4850 5390 
3 4824 4850 5359 
3 5389 5360 5358 
3 5392 5361 1088 
3 5392 1088 5391 
3 5391 1088 1170 
3 5391 5393 5392 
3 5392 5362 5361 
3 5393 5362 5392 
3 5393 5394 5362 
3 5394 5363 5362 
3 5394 5395 5363 
3 5363 5395 5364 
3 5395 5396 5364 
3 5364 5396 5365 
3 5398 5366 5365 
3 5398 5365 5397 
3 5397 5365 5396 
3 5397 5399 5398 
3 5398 5367 5366 
3 5399 5367 5398 
3 5399 5400 5367 
3 5400 5368 5367 
3 5400 5401 5368 
3 5368 5401 5369 
3 5401 5402 5369 
3 5369 5402 5370 
3 5404 5372 5370 
3 5404 5370 5403 
3 5403 5370 5402 
3 5403 5405 5404 
3 5404 5373 5372 
3 5405 5373 5404 
3 5405 5406 5373 
3 5406 5374 5373 
3 5408 5376 5374 
3 5408 5374 5407 
3 5407 5374 5406 
3 5407 5409 5410 
3 5408 5407 5410 
3 5409 5411 5410 
3 5408 5377 5376 
3 5410 5377 5408 
3 5378 5377 5410 
3 5411 5378 5410 
3 5411 5412 5378 
3 5412 5380 5378 
3 5380 5412 5413 
3 5382 5380 5413 
3 5413 5383 5382 
3 5414 5383 5413 
3 5383 5414 5415 
3 5384 5383 5415 
3 5415 5385 5384 
3 5416 5385 5415 
3 5385 5416 5417 
3 5387 5385 5417 
3 5417 5388 5387 
3 5418 5388 5417 
3 5390 4880 4848 
3 5390 4850 4880 
3 1251 5419 1170 
3 1170 5419 5391 
3 5421 5393 5391 
3 5421 5391 5420 
3 5420 5391 5419 
3 5420 5422 5421 
3 5421 5394 5393 
3 5422 5394 5421 
3 5422 5423 5394 
3 5423 5395 5394 
3 5423 5424 5395 
3 5395 5424 5396 
3 5424 5425 5396 
3 5396 5425 5397 
3 5397 5425 5426 
3 5399 5397 5426 
3 5426 5400 5399 
3 5427 5400 5426 
3 5427 5428 5400 
3 5400 5428 5401 
3 5428 5429 5401 
3 5401 5429 5402 
3 5429 5430 5402 
3 5402 5430 5403 
3 5403 5430 5431 
3 5405 5403 5431 
3 5431 5406 5405 
3 5432 5406 5431 
3 5432 5433 5406 
3 5406 5433 5407 
3 5433 5434 5407 
3 5407 5434 5409 
3 5409 5434 5435 
3 5411 5409 5435 
3 5435 5412 5411 
3 5436 5412 5435 
3 5412 5436 5437 
3 5413 5412 5437 
3 5437 5414 5413 
3 5438 5414 5437 
3 5440 5415 5414 
3 5440 5414 5439 
3 5439 5414 5438 
3 5439 5441 5440 
3 5440 5416 5415 
3 5416 5443 5417 
3 5440 5443 5416 
3 5440 5442 5443 
3 5440 5441 5442 
3 5443 5418 5417 
3 1317 5444 5445 
3 1318 1317 5445 
3 5444 5446 5445 
3 5445 1251 1318 
3 5419 1251 5445 
3 5446 5419 5445 
3 5446 5447 5419 
3 5447 5420 5419 
3 5449 5422 5420 
3 5449 5420 5448 
3 5448 5420 5447 
3 5448 5450 5449 
3 5449 5423 5422 
3 5450 5423 5449 
3 5450 5451 5423 
3 5451 5424 5423 
3 5451 5452 5424 
3 5424 5452 5425 
3 5454 5426 5425 
3 5454 5425 5453 
3 5453 5425 5452 
3 5453 5455 5454 
3 5454 5427 5426 
3 5455 5427 5454 
3 5455 5456 5427 
3 5456 5428 5427 
3 5456 5457 5428 
3 5428 5457 5429 
3 5457 5458 5429 
3 5429 5458 5430 
3 5460 5431 5430 
3 5460 5430 5459 
3 5459 5430 5458 
3 5459 5461 5460 
3 5460 5432 5431 
3 5461 5432 5460 
3 5461 5462 5432 
3 5462 5433 5432 
3 5462 5463 5433 
3 5433 5463 5434 
3 5434 5463 5464 
3 5435 5434 5464 
3 5464 5436 5435 
3 5465 5436 5464 
3 5436 5465 5466 
3 5437 5436 5466 
3 5466 5438 5437 
3 5467 5438 5466 
3 5467 5468 5438 
3 5438 5468 5439 
3 5439 5468 5469 
3 5441 5439 5469 
3 5469 5442 5441 
3 5470 5442 5469 
3 1383 5471 1317 
3 1317 5471 5444 
3 5473 5446 5444 
3 5473 5444 5472 
3 5472 5444 5471 
3 5472 5474 5473 
3 5473 5447 5446 
3 5474 5447 5473 
3 5474 5475 5447 
3 5475 5448 5447 
3 5477 5450 5448 
3 5477 5448 5476 
3 5476 5448 5475 
3 5476 5478 5477 
3 5477 5451 5450 
3 5478 5451 5477 
3 5478 5479 5451 
3 5479 5452 5451 
3 5479 5480 5452 
3 5452 5480 5453 
3 5482 5455 5453 
3 5482 5453 5481 
3 5481 5453 5480 
3 5481 5483 5482 
3 5482 5456 5455 
3 5483 5456 5482 
3 5483 5484 5456 
3 5484 5457 5456 
3 5484 5485 5457 
3 5457 5485 5458 
3 5485 5486 5458 
3 5458 5486 5459 
3 5459 5486 5487 
3 5461 5459 5487 
3 5487 5462 5461 
3 5488 5462 5487 
3 5488 5489 5462 
3 5462 5489 5463 
3 5463 5489 5490 
3 5464 5463 5490 
3 5490 5465 5464 
3 5491 5465 5490 
3 5493 5466 5465 
3 5493 5465 5492 
3 5492 5465 5491 
3 5492 5494 5493 
3 5493 5467 5466 
3 5494 5467 5493 
3 5494 5495 5467 
3 5495 5468 5467 
3 5468 5495 5496 
3 5469 5468 5496 
3 5496 5470 5469 
3 5497 5470 5496 
3 1448 5498 1449 
3 5498 1383 1449 
3 5498 5499 1383 
3 5499 5471 1383 
3 5499 5500 5471 
3 5471 5500 5472 
3 5472 5500 5501 
3 5474 5472 5501 
3 5501 5475 5474 
3 5502 5475 5501 
3 5502 5503 5475 
3 5475 5503 5476 
3 5505 5478 5476 
3 5505 5476 5504 
3 5504 5476 5503 
3 5504 5506 5505 
3 5505 5479 5478 
3 5506 5479 5505 
3 5506 5507 5479 
3 5507 5480 5479 
3 5507 5508 5480 
3 5480 5508 5481 
3 5481 5508 5509 
3 5483 5481 5509 
3 5509 5484 5483 
3 5510 5484 5509 
3 5510 5511 5484 
3 5484 5511 5485 
3 5511 5512 5485 
3 5485 5512 5486 
3 5486 5512 5513 
3 5487 5486 5513 
3 5513 5488 5487 
3 5514 5488 5513 
3 5514 5515 5488 
3 5488 5515 5489 
3 5489 5515 5516 
3 5490 5489 5516 
3 5516 5491 5490 
3 5517 5491 5516 
3 5517 5518 5491 
3 5491 5518 5492 
3 5492 5518 5519 
3 5494 5492 5519 
3 5519 5495 5494 
3 5520 5495 5519 
3 5495 5520 5521 
3 5496 5495 5521 
3 5521 5497 5496 
3 5522 5497 5521 
3 1502 3636 1503 
3 1448 5523 5498 
3 1503 5523 1448 
3 1503 3638 5523 
3 1503 3636 3638 
3 3638 3641 5523 
3 5523 5499 5498 
3 3641 5499 5523 
3 3641 3643 5499 
3 3643 5500 5499 
3 5524 5501 5500 
3 5524 5500 3645 
3 3645 5500 3643 
3 3645 3648 5524 
3 5524 5502 5501 
3 3648 5502 5524 
3 3648 3650 5502 
3 3650 5503 5502 
3 3650 3652 5503 
3 5503 3652 5504 
3 5525 5506 5504 
3 5525 5504 3654 
3 3654 5504 3652 
3 3654 3657 5525 
3 5525 5507 5506 
3 3657 5507 5525 
3 3657 3659 5507 
3 3659 5508 5507 
3 5526 5509 5508 
3 5526 5508 3661 
3 3661 5508 3659 
3 3661 3664 5526 
3 5526 5510 5509 
3 3664 5510 5526 
3 3664 3666 5510 
3 3666 5511 5510 
3 3666 3668 5511 
3 5511 3668 5512 
3 5512 3668 3670 
3 5513 5512 3670 
3 3670 5514 5513 
3 3672 5514 3670 
3 3672 3674 5514 
3 5514 3674 5515 
3 5515 3674 3676 
3 5516 5515 3676 
3 3676 5517 5516 
3 3678 5517 3676 
3 3678 3680 5517 
3 5517 3680 5518 
3 5518 3680 3682 
3 5519 5518 3682 
3 3682 5520 5519 
3 3684 5520 3682 
3 5520 3684 3686 
3 5521 5520 3686 
3 3686 5522 5521 
3 3688 5522 3686 
3 5529 4541 2875 
3 5529 2875 5528 
3 5528 2875 5527 
3 5528 5530 5529 
3 5529 4542 4541 
3 4542 5532 4543 
3 5529 5532 4542 
3 5529 5531 5532 
3 5529 5530 5531 
3 5531 5533 5532 
3 5532 4544 4543 
3 5533 4544 5532 
3 5533 5534 4544 
3 5534 4545 4544 
3 5536 4546 4545 
3 5536 4545 5535 
3 5535 4545 5534 
3 5535 5537 5536 
3 5536 4547 4546 
3 4547 5539 4548 
3 5536 5539 4547 
3 5536 5538 5539 
3 5536 5537 5538 
3 5538 5540 5539 
3 5541 2885 5542 
3 2885 4549 5542 
3 4549 5543 5542 
3 4551 5543 4549 
3 5539 4552 4548 
3 5540 4552 5539 
3 5540 5544 4552 
3 5544 4553 4552 
3 5546 4554 4553 
3 5546 4553 5545 
3 5545 4553 5544 
3 5545 5547 5546 
3 5543 4551 4555 
3 5548 5543 4555 
3 5548 4555 5549 
3 4555 4556 5549 
3 4556 5550 5549 
3 4558 5550 4556 
3 5546 4559 4554 
3 5547 4559 5546 
3 5547 5551 4559 
3 5551 4560 4559 
3 5553 4561 4560 
3 5553 4560 5552 
3 5552 4560 5551 
3 5552 5554 5553 
3 5550 4558 4562 
3 5555 5550 4562 
3 5555 4562 5556 
3 4562 4563 5556 
3 4563 5557 5556 
3 4565 5557 4563 
3 5553 4566 4561 
3 5554 4566 5553 
3 5554 5558 4566 
3 5558 4567 4566 
3 5560 4568 4567 
3 5560 4567 5559 
3 5559 4567 5558 
3 5559 5561 5560 
3 5557 4565 4569 
3 5562 5557 4569 
3 5564 4570 5563 
3 5564 5562 4570 
3 5562 4569 4570 
3 4570 4572 5563 
3 5560 4573 4568 
3 5561 4573 5560 
3 5561 5565 4573 
3 5565 4574 4573 
3 5567 4575 4574 
3 5567 4574 5566 
3 5566 4574 5565 
3 5566 5568 5569 
3 5567 5566 5569 
3 5568 5570 5569 
3 5564 5563 5571 
3 5563 4572 4576 
3 5563 4576 5571 
3 5571 4576 5572 
3 5572 4576 5573 
3 4576 4577 5573 
3 4577 5574 5573 
3 4579 5574 4577 
3 5567 4580 4575 
3 5569 4580 5567 
3 4581 4580 5569 
3 5570 4581 5569 
3 5570 5575 4581 
3 5575 4582 4581 
3 5577 4584 4582 
3 5577 4582 5576 
3 5576 4582 5575 
3 5574 4579 4585 
3 5578 5574 4585 
3 5578 4585 5579 
3 4585 4586 5579 
3 4586 5580 5579 
3 4588 5580 4586 
3 5577 4589 4584 
3 5580 4588 4590 
3 5581 5580 4590 
3 5581 4590 5582 
3 4590 4591 5582 
3 4591 5583 5582 
3 4593 5583 4591 
3 5583 4593 4594 
3 5584 5583 4594 
3 5584 4594 5585 
3 4594 4595 5585 
3 5585 4595 5586 
3 4595 4597 5586 
3 5046 5527 5045 
3 5046 5587 5527 
3 5587 5528 5527 
3 5589 5530 5528 
3 5589 5528 5588 
3 5588 5528 5587 
3 5588 5590 5589 
3 5589 5531 5530 
3 5531 5592 5533 
3 5589 5592 5531 
3 5589 5591 5592 
3 5589 5590 5591 
3 5591 5593 5594 
3 5592 5591 5594 
3 5593 5595 5594 
3 5596 5597 5598 
3 5592 5534 5533 
3 5594 5534 5592 
3 5535 5534 5594 
3 5535 5600 5537 
3 5594 5600 5535 
3 5594 5599 5600 
3 5594 5595 5599 
3 5599 5601 5600 
3 5598 5604 5603 
3 5598 5597 5604 
3 5597 5602 5604 
3 5603 5604 5605 
3 5600 5538 5537 
3 5538 5607 5540 
3 5600 5607 5538 
3 5600 5606 5607 
3 5600 5601 5606 
3 5606 5608 5609 
3 5607 5606 5609 
3 5608 5610 5609 
3 5604 5602 5541 
3 5542 5604 5541 
3 5542 5543 5612 
3 5604 5542 5612 
3 5604 5612 5611 
3 5604 5611 5605 
3 5611 5612 5613 
3 5607 5544 5540 
3 5609 5544 5607 
3 5545 5544 5609 
3 5545 5615 5547 
3 5609 5615 5545 
3 5609 5614 5615 
3 5609 5610 5614 
3 5614 5616 5617 
3 5615 5614 5617 
3 5616 5618 5617 
3 5612 5543 5548 
3 5613 5612 5548 
3 5613 5548 5619 
3 5619 5548 5549 
3 5549 5620 5619 
3 5550 5620 5549 
3 5615 5551 5547 
3 5617 5551 5615 
3 5552 5551 5617 
3 5552 5622 5554 
3 5617 5622 5552 
3 5617 5621 5622 
3 5617 5618 5621 
3 5621 5623 5624 
3 5622 5621 5624 
3 5623 5625 5624 
3 5620 5550 5555 
3 5626 5620 5555 
3 5626 5555 5627 
3 5555 5556 5627 
3 5556 5628 5627 
3 5557 5628 5556 
3 5622 5558 5554 
3 5624 5558 5622 
3 5559 5558 5624 
3 5559 5630 5561 
3 5624 5630 5559 
3 5624 5629 5630 
3 5624 5625 5629 
3 5629 5631 5632 
3 5630 5629 5632 
3 5631 5633 5632 
3 5628 5557 5562 
3 5634 5628 5562 
3 5562 5635 5634 
3 5564 5635 5562 
3 5630 5565 5561 
3 5632 5565 5630 
3 5566 5565 5632 
3 5633 5566 5632 
3 5633 5636 5566 
3 5636 5568 5566 
3 5638 5570 5568 
3 5638 5568 5637 
3 5637 5568 5636 
3 5637 5639 5640 
3 5638 5637 5640 
3 5635 5564 5571 
3 5641 5635 5571 
3 5641 5571 5642 
3 5571 5572 5642 
3 5644 5573 5643 
3 5644 5642 5573 
3 5642 5572 5573 
3 5573 5574 5643 
3 5638 5575 5570 
3 5640 5575 5638 
3 5576 5575 5640 
3 5644 5643 5645 
3 5643 5574 5578 
3 5643 5578 5645 
3 5645 5578 5646 
3 5646 5578 5647 
3 5578 5579 5647 
3 5579 5648 5647 
3 5580 5648 5579 
3 5648 5580 5581 
3 5649 5648 5581 
3 5649 5581 5650 
3 5581 5582 5650 
3 5582 5651 5650 
3 5583 5651 5582 
3 5654 5653 5652 
3 5651 5583 5584 
3 5655 5651 5584 
3 5655 5584 5656 
3 5584 5585 5656 
3 5653 5654 5656 
3 5653 5656 5586 
3 5586 5656 5585 
3 5051 5587 5046 
3 5052 5587 5051 
3 5052 5657 5587 
3 5657 5588 5587 
3 5659 5590 5588 
3 5659 5588 5658 
3 5658 5588 5657 
3 5658 5660 5661 
3 5659 5658 5661 
3 5660 5662 5661 
3 5659 5591 5590 
3 5661 5591 5659 
3 5593 5591 5661 
3 5593 5664 5595 
3 5661 5664 5593 
3 5661 5663 5664 
3 5661 5662 5663 
3 5663 5665 5664 
3 5668 5596 5598 
3 5668 5667 5596 
3 5667 5666 5596 
3 5667 5668 5669 
3 5664 5599 5595 
3 5599 5671 5601 
3 5664 5671 5599 
3 5664 5670 5671 
3 5664 5665 5670 
3 5670 5672 5671 
3 5668 5598 5603 
3 5603 5605 5674 
3 5668 5603 5674 
3 5668 5674 5673 
3 5668 5673 5669 
3 5673 5674 5675 
3 5671 5606 5601 
3 5672 5606 5671 
3 5672 5676 5606 
3 5676 5608 5606 
3 5678 5610 5608 
3 5678 5608 5677 
3 5677 5608 5676 
3 5677 5679 5678 
3 5674 5605 5611 
3 5611 5613 5681 
3 5674 5611 5681 
3 5674 5681 5680 
3 5674 5680 5675 
3 5680 5681 5682 
3 5678 5614 5610 
3 5679 5614 5678 
3 5679 5683 5614 
3 5683 5616 5614 
3 5685 5618 5616 
3 5685 5616 5684 
3 5684 5616 5683 
3 5684 5686 5685 
3 5681 5613 5619 
3 5619 5682 5681 
3 5619 5620 5682 
3 5620 5687 5682 
3 5685 5621 5618 
3 5686 5621 5685 
3 5686 5688 5621 
3 5688 5623 5621 
3 5690 5625 5623 
3 5690 5623 5689 
3 5689 5623 5688 
3 5689 5691 5690 
3 5687 5620 5626 
3 5692 5687 5626 
3 5694 5627 5693 
3 5694 5692 5627 
3 5692 5626 5627 
3 5627 5628 5693 
3 5690 5629 5625 
3 5691 5629 5690 
3 5691 5695 5629 
3 5695 5631 5629 
3 5697 5633 5631 
3 5697 5631 5696 
3 5696 5631 5695 
3 5696 5698 5699 
3 5697 5696 5699 
3 5698 5700 5699 
3 5694 5693 5701 
3 5693 5628 5634 
3 5693 5634 5701 
3 5701 5634 5702 
3 5634 5703 5702 
3 5635 5703 5634 
3 5697 5636 5633 
3 5699 5636 5697 
3 5637 5636 5699 
3 5700 5637 5699 
3 5700 5704 5637 
3 5704 5639 5637 
3 5703 5635 5641 
3 5705 5703 5641 
3 5705 5641 5706 
3 5641 5642 5706 
3 5642 5707 5706 
3 5644 5707 5642 
3 5707 5644 5645 
3 5708 5707 5645 
3 5708 5645 5709 
3 5645 5646 5709 
3 5711 5647 5710 
3 5711 5709 5647 
3 5709 5646 5647 
3 5647 5648 5710 
3 5711 5710 5712 
3 5710 5648 5649 
3 5710 5649 5712 
3 5712 5649 5713 
3 5713 5649 5714 
3 5649 5650 5714 
3 5716 5650 5651 
3 5716 5715 5650 
3 5715 5714 5650 
3 5715 5718 5717 
3 5716 5718 5715 
3 5654 5717 5718 
3 5654 5652 5717 
3 5652 5719 5717 
3 5716 5651 5655 
3 5718 5716 5655 
3 5656 5718 5655 
3 5718 5656 5654 
3 5056 5720 5055 
3 5055 5657 5052 
3 5055 5720 5657 
3 5720 5721 5657 
3 5723 5722 5658 
3 5723 5658 5721 
3 5721 5658 5657 
3 5660 5658 5722 
3 5724 5660 5722 
3 5660 5724 5662 
3 5725 5726 5727 
3 5723 5728 5722 
3 5730 5722 5728 
3 5730 5729 5722 
3 5729 5724 5722 
3 5663 5662 5724 
3 5663 5724 5731 
3 5731 5724 5729 
3 5663 5731 5665 
3 5727 5726 5666 
3 5727 5666 5732 
3 5732 5666 5667 
3 5667 5733 5732 
3 5669 5733 5667 
3 5730 5734 5729 
3 5736 5729 5734 
3 5736 5735 5729 
3 5735 5731 5729 
3 5670 5665 5731 
3 5670 5731 5737 
3 5737 5731 5735 
3 5670 5737 5672 
3 5733 5669 5673 
3 5738 5733 5673 
3 5673 5739 5738 
3 5675 5739 5673 
3 5736 5740 5735 
3 5735 5741 5737 
3 5740 5741 5735 
3 5737 5676 5672 
3 5737 5741 5676 
3 5741 5742 5676 
3 5744 5743 5677 
3 5744 5677 5742 
3 5742 5677 5676 
3 5677 5743 5679 
3 5680 5745 5746 
3 5680 5746 5675 
3 5675 5746 5739 
3 5680 5682 5745 
3 5744 5747 5743 
3 5743 5683 5679 
3 5743 5747 5683 
3 5747 5748 5683 
3 5750 5749 5684 
3 5750 5684 5748 
3 5748 5684 5683 
3 5684 5749 5686 
3 5746 5745 5751 
3 5745 5752 5751 
3 5745 5682 5752 
3 5682 5687 5752 
3 5750 5753 5749 
3 5749 5688 5686 
3 5749 5753 5688 
3 5753 5754 5688 
3 5756 5755 5689 
3 5756 5689 5754 
3 5754 5689 5688 
3 5689 5755 5691 
3 5752 5687 5692 
3 5757 5752 5692 
3 5692 5758 5757 
3 5694 5758 5692 
3 5756 5759 5755 
3 5755 5695 5691 
3 5755 5759 5695 
3 5759 5760 5695 
3 5760 5761 5695 
3 5695 5761 5696 
3 5763 5762 5698 
3 5763 5698 5761 
3 5761 5698 5696 
3 5698 5762 5700 
3 5758 5694 5701 
3 5764 5758 5701 
3 5766 5702 5765 
3 5766 5764 5702 
3 5764 5701 5702 
3 5702 5703 5765 
3 5763 5767 5762 
3 5762 5704 5700 
3 5762 5767 5704 
3 5767 5768 5704 
3 5766 5765 5769 
3 5765 5703 5705 
3 5765 5705 5769 
3 5769 5705 5770 
3 5772 5706 5771 
3 5772 5770 5706 
3 5770 5705 5706 
3 5706 5707 5771 
3 5772 5771 5773 
3 5771 5707 5708 
3 5771 5708 5773 
3 5773 5708 5774 
3 5776 5709 5775 
3 5776 5774 5709 
3 5774 5708 5709 
3 5709 5711 5775 
3 5776 5775 5777 
3 5775 5711 5712 
3 5775 5712 5777 
3 5777 5712 5778 
3 5778 5712 5779 
3 5712 5713 5779 
3 5779 5713 5780 
3 5713 5714 5780 
3 5780 5714 5781 
3 5714 5715 5781 
3 5781 5715 5782 
3 5715 5717 5782 
3 5782 5717 5783 
3 5717 5719 5783 
3 5057 5720 5056 
3 5057 5784 5720 
3 5784 5785 5720 
3 5785 5786 5720 
3 5720 5786 5721 
3 5721 5786 5787 
3 5723 5721 5787 
3 5790 5725 5727 
3 5790 5789 5725 
3 5789 5788 5725 
3 5789 5792 5791 
3 5790 5792 5789 
3 5787 5792 5723 
3 5787 5791 5792 
3 5723 5792 5728 
3 5794 5793 5792 
3 5728 5792 5793 
3 5728 5793 5795 
3 5730 5728 5795 
3 5790 5727 5732 
3 5732 5733 5796 
3 5732 5796 5790 
3 5790 5796 5792 
3 5794 5798 5797 
3 5794 5792 5798 
3 5792 5796 5798 
3 5795 5798 5730 
3 5795 5797 5798 
3 5730 5798 5734 
3 5800 5799 5798 
3 5734 5798 5799 
3 5802 5736 5734 
3 5802 5734 5801 
3 5801 5734 5799 
3 5801 5803 5802 
3 5796 5733 5738 
3 5738 5739 5804 
3 5738 5804 5796 
3 5796 5804 5798 
3 5800 5804 5805 
3 5798 5804 5800 
3 5802 5740 5736 
3 5803 5740 5802 
3 5803 5806 5740 
3 5806 5741 5740 
3 5806 5807 5741 
3 5741 5807 5742 
3 5742 5807 5808 
3 5744 5742 5808 
3 5809 5804 5739 
3 5746 5809 5739 
3 5805 5811 5810 
3 5805 5804 5811 
3 5804 5809 5811 
3 5810 5811 5812 
3 5815 5814 5813 
3 5813 5817 5816 
3 5814 5817 5813 
3 5808 5817 5744 
3 5808 5816 5817 
3 5744 5817 5747 
3 5819 5818 5817 
3 5747 5817 5818 
3 5821 5820 5748 
3 5821 5748 5818 
3 5818 5748 5747 
3 5748 5820 5750 
3 5809 5746 5751 
3 5751 5752 5822 
3 5751 5822 5809 
3 5809 5822 5811 
3 5812 5824 5823 
3 5812 5811 5824 
3 5811 5822 5824 
3 5825 5824 5826 
3 5825 5814 5824 
3 5823 5824 5815 
3 5815 5824 5814 
3 5814 5827 5817 
3 5825 5827 5814 
3 5830 5817 5827 
3 5830 5829 5817 
3 5819 5817 5828 
3 5828 5817 5829 
3 5828 5820 5821 
3 5828 5829 5820 
3 5829 5831 5820 
3 5750 5820 5831 
3 5750 5831 5832 
3 5750 5832 5753 
3 5833 5832 5831 
3 5835 5834 5754 
3 5835 5754 5832 
3 5832 5754 5753 
3 5754 5834 5756 
3 5822 5752 5757 
3 5757 5758 5836 
3 5757 5836 5822 
3 5822 5836 5824 
3 5826 5838 5837 
3 5826 5824 5838 
3 5824 5836 5838 
3 5837 5840 5839 
3 5838 5840 5837 
3 5841 5840 5842 
3 5841 5829 5840 
3 5839 5840 5830 
3 5830 5840 5829 
3 5844 5829 5841 
3 5844 5843 5829 
3 5843 5831 5829 
3 5833 5843 5845 
3 5831 5843 5833 
3 5835 5846 5834 
3 5834 5759 5756 
3 5834 5846 5759 
3 5846 5847 5759 
3 5847 5848 5759 
3 5759 5848 5760 
3 5850 5849 5761 
3 5850 5761 5848 
3 5848 5761 5760 
3 5761 5849 5763 
3 5836 5758 5764 
3 5764 5766 5851 
3 5764 5851 5836 
3 5836 5851 5838 
3 5838 5851 5840 
3 5840 5851 5852 
3 5842 5854 5853 
3 5842 5840 5854 
3 5840 5852 5854 
3 5855 5854 5856 
3 5855 5843 5854 
3 5853 5854 5844 
3 5844 5854 5843 
3 5843 5855 5845 
3 5850 5857 5849 
3 5849 5767 5763 
3 5849 5857 5767 
3 5857 5858 5767 
3 5860 5859 5768 
3 5860 5768 5858 
3 5858 5768 5767 
3 5851 5766 5769 
3 5852 5851 5769 
3 5770 5852 5769 
3 5770 5772 5861 
3 5770 5861 5852 
3 5852 5861 5854 
3 5856 5861 5862 
3 5854 5861 5856 
3 5865 5864 5863 
3 5863 5867 5866 
3 5864 5867 5863 
3 5866 5869 5868 
3 5867 5869 5866 
3 5870 5869 5871 
3 5870 5859 5869 
3 5868 5869 5860 
3 5860 5869 5859 
3 5861 5772 5773 
3 5862 5861 5773 
3 5862 5773 5872 
3 5872 5773 5774 
3 5774 5873 5872 
3 5776 5873 5774 
3 5865 5874 5864 
3 5876 5864 5874 
3 5876 5875 5864 
3 5875 5867 5864 
3 5867 5875 5869 
3 5869 5875 5877 
3 5871 5879 5878 
3 5871 5869 5879 
3 5869 5877 5879 
3 5873 5776 5777 
3 5880 5873 5777 
3 5880 5777 5881 
3 5777 5778 5881 
3 5881 5778 5882 
3 5778 5779 5882 
3 5882 5779 5883 
3 5779 5780 5883 
3 5875 5876 5883 
3 5875 5883 5781 
3 5781 5883 5780 
3 5877 5875 5781 
3 5782 5877 5781 
3 5879 5877 5782 
3 5783 5879 5782 
3 5785 5784 5884 
3 5885 5785 5884 
3 5786 5785 5885 
3 5886 5786 5885 
3 5786 5886 5787 
3 5885 5884 5788 
3 5789 5885 5788 
3 5886 5885 5789 
3 5791 5886 5789 
3 5791 5787 5886 
3 5794 5887 5793 
3 5793 5887 5795 
3 5887 5794 5797 
3 5797 5795 5887 
3 5800 5888 5799 
3 5801 5799 5888 
3 5889 5801 5888 
3 5801 5889 5803 
3 5890 5888 5800 
3 5805 5890 5800 
3 5888 5890 5889 
3 5889 5890 5891 
3 5806 5803 5889 
3 5806 5889 5892 
3 5892 5889 5891 
3 5807 5806 5892 
3 5893 5807 5892 
3 5807 5893 5808 
3 5890 5805 5810 
3 5810 5812 5894 
3 5810 5894 5890 
3 5890 5894 5891 
3 5815 5813 5892 
3 5815 5892 5894 
3 5894 5892 5891 
3 5893 5892 5813 
3 5816 5893 5813 
3 5816 5808 5893 
3 5819 5895 5818 
3 5818 5895 5821 
3 5894 5812 5823 
3 5823 5815 5894 
3 5826 5896 5825 
3 5827 5825 5896 
3 5897 5827 5896 
3 5819 5828 5895 
3 5827 5897 5830 
3 5895 5828 5821 
3 5832 5833 5898 
3 5832 5898 5835 
3 5896 5826 5837 
3 5897 5896 5837 
3 5839 5897 5837 
3 5839 5830 5897 
3 5842 5899 5841 
3 5841 5899 5844 
3 5900 5898 5833 
3 5845 5900 5833 
3 5846 5835 5898 
3 5846 5898 5901 
3 5901 5898 5900 
3 5847 5846 5901 
3 5902 5847 5901 
3 5848 5847 5902 
3 5903 5848 5902 
3 5848 5903 5850 
3 5899 5842 5853 
3 5853 5844 5899 
3 5856 5904 5855 
3 5845 5855 5904 
3 5845 5904 5900 
3 5900 5904 5905 
3 5900 5905 5901 
3 5901 5905 5906 
3 5901 5906 5902 
3 5902 5906 5907 
3 5902 5907 5903 
3 5903 5907 5908 
3 5857 5850 5903 
3 5857 5903 5909 
3 5909 5903 5908 
3 5858 5857 5909 
3 5910 5858 5909 
3 5858 5910 5860 
3 5911 5904 5856 
3 5862 5911 5856 
3 5904 5911 5905 
3 5905 5911 5912 
3 5905 5912 5906 
3 5906 5912 5913 
3 5906 5913 5907 
3 5907 5913 5914 
3 5865 5863 5908 
3 5865 5908 5914 
3 5914 5908 5907 
3 5909 5908 5863 
3 5866 5909 5863 
3 5910 5909 5866 
3 5868 5910 5866 
3 5871 5916 5915 
3 5871 5915 5870 
3 5860 5910 5868 
3 5911 5862 5872 
3 5872 5873 5917 
3 5872 5917 5911 
3 5911 5917 5912 
3 5912 5917 5913 
3 5913 5917 5918 
3 5913 5918 5914 
3 5914 5918 5919 
3 5874 5865 5914 
3 5874 5914 5920 
3 5920 5914 5919 
3 5874 5920 5876 
3 5916 5871 5878 
3 5921 5916 5878 
3 5917 5873 5880 
3 5918 5917 5880 
3 5881 5918 5880 
3 5919 5918 5881 
3 5882 5919 5881 
3 5920 5919 5882 
3 5883 5920 5882 
3 5920 5883 5876 
3 5916 5923 5922 
3 5915 5916 5922 
3 5923 5916 5921 
3 5924 5923 5921 
3 5922 5923 5925 
3 5925 5923 5924 
3 5926 2871 2870 
3 2870 2872 5928 
3 5926 2870 5928 
3 5926 5928 5927 
3 5926 5927 5929 
3 5927 5928 5930 
3 5931 2873 2874 
3 5932 2873 5931 
3 5932 5527 2873 
3 5527 2875 2873 
3 5928 2872 2877 
3 2877 2879 5934 
3 5928 2877 5934 
3 5928 5934 5933 
3 5928 5933 5930 
3 5933 5934 5935 
3 5934 2879 2880 
3 2880 2882 5937 
3 5934 2880 5937 
3 5934 5937 5936 
3 5934 5936 5935 
3 5936 5937 5938 
3 5937 2882 2883 
3 2883 5938 5937 
3 2883 2884 5938 
3 2884 5939 5938 
3 5939 2884 2885 
3 5541 5939 2885 
3 5940 5929 5927 
3 5927 5930 5942 
3 5940 5927 5942 
3 5940 5942 5941 
3 5940 5941 5943 
3 5941 5942 5944 
3 5045 5527 5932 
3 5942 5930 5933 
3 5933 5935 5946 
3 5942 5933 5946 
3 5942 5946 5945 
3 5942 5945 5944 
3 5945 5946 5947 
3 5946 5935 5936 
3 5936 5938 5597 
3 5946 5936 5597 
3 5946 5597 5596 
3 5946 5596 5947 
3 5602 5597 5938 
3 5939 5602 5938 
3 5602 5939 5541 
3 5949 5943 5941 
3 5948 5949 5941 
3 5951 5941 5944 
3 5951 5950 5941 
3 5950 5948 5941 
3 5950 5951 5952 
3 5951 5944 5945 
3 5945 5952 5951 
3 5945 5947 5952 
3 5947 5953 5952 
3 5953 5947 5596 
3 5666 5953 5596 
3 5954 5949 5948 
3 5956 5954 5948 
3 5956 5948 5955 
3 5955 5948 5950 
3 5950 5957 5955 
3 5952 5957 5950 
3 5726 5725 5957 
3 5726 5957 5953 
3 5953 5957 5952 
3 5726 5953 5666 
3 5959 5956 5955 
3 5958 5959 5955 
3 5961 5057 5957 
3 5961 5784 5057 
3 5957 5057 5955 
3 5960 5958 5057 
3 5955 5057 5958 
3 5961 5957 5725 
3 5788 5961 5725 
3 5962 5959 5958 
3 5958 5960 5962 
3 5961 5884 5784 
3 5884 5961 5788 
3 1109 1108 4847 
3 1188 1187 5963 
3 1187 1109 4847 
3 1187 4847 5963 
3 5963 4847 4879 
3 1269 1188 5963 
3 5964 1269 5963 
3 5964 5963 4906 
3 5963 4879 4906 
3 1338 1269 5964 
3 1339 1338 5964 
3 1339 5964 4937 
3 4937 5964 4906 
3 1402 1339 4937 
3 4967 1402 4937 
3 1470 1402 4967 
3 5001 1470 4967 
3 5 1470 5001 
3 4 5 5001 
3 5965 3607 3605 
3 5966 5965 3605 
3 3608 5966 3605 
3 3614 3611 5967 
3 5968 3614 5967 
3 5968 3616 3614 
3 5971 5969 5970 
3 5969 5972 5973 
3 5970 5969 5973 
3 5972 5974 5973 
3 3617 3619 5975 
3 5975 5977 5976 
3 5975 5976 3617 
3 3617 5976 3620 
3 3620 5976 5978 
3 3620 5978 3623 
3 3621 5967 3613 
3 5979 5968 5967 
3 5979 5967 3624 
3 5979 3624 5980 
3 3624 5967 3621 
3 5970 5979 5971 
3 5970 3625 5979 
3 5968 5979 3616 
3 3616 5979 3625 
3 3625 5981 3626 
3 3625 5970 5981 
3 5970 5973 5981 
3 5974 5982 5983 
3 5974 5983 5973 
3 5973 5983 5981 
3 5982 5984 5983 
3 5975 3619 3627 
3 5977 5975 3627 
3 5977 3627 5985 
3 5985 3627 3628 
3 5985 3628 3623 
3 5985 3623 5978 
3 5980 3629 5986 
3 5980 3624 3629 
3 3629 5987 5986 
3 5986 5987 5988 
3 5981 3630 3626 
3 3630 5989 3631 
3 3630 5981 5989 
3 5981 5983 5989 
3 5984 5990 5991 
3 5984 5991 5983 
3 5983 5991 5989 
3 5990 5992 5991 
3 3629 3632 5987 
3 3632 2871 5926 
3 5987 3632 5926 
3 5987 5926 5993 
3 5987 5993 5988 
3 5993 5926 5929 
3 5989 3633 3631 
3 3633 5931 2874 
3 3633 5989 5931 
3 5989 5991 5931 
3 5992 5932 5931 
3 5991 5992 5931 
3 5971 5995 5994 
3 5969 5971 5994 
3 5994 5996 5969 
3 5969 5996 5972 
3 5972 5996 5997 
3 5974 5972 5997 
3 5976 5977 5998 
3 5976 5998 5978 
3 5980 6000 5999 
3 5979 5980 5999 
3 5999 5971 5979 
3 5995 5971 5999 
3 5997 5982 5974 
3 6001 5982 5997 
3 5982 6001 6002 
3 5984 5982 6002 
3 5998 5977 5985 
3 5985 5978 5998 
3 5986 6003 6000 
3 5986 6000 5980 
3 6005 5986 5988 
3 6005 6004 5986 
3 6004 6003 5986 
3 6004 6005 6006 
3 6002 5990 5984 
3 6007 5990 6002 
3 5990 6007 6008 
3 5992 5990 6008 
3 6005 5988 5993 
3 5993 5929 5940 
3 6005 5993 5940 
3 6005 5940 6009 
3 6005 6009 6006 
3 6009 5940 5943 
3 5045 6008 5044 
3 5045 5932 6008 
3 5932 5992 6008 
3 6010 5994 5995 
3 6010 5995 6011 
3 6013 6012 5996 
3 6013 5996 6010 
3 6010 5996 5994 
3 5996 6012 5997 
3 5999 6000 6014 
3 6015 6011 5995 
3 6015 5995 6014 
3 6015 6014 6016 
3 5999 6014 5995 
3 6015 6012 6013 
3 6015 6016 6012 
3 6016 6017 6012 
3 6001 5997 6012 
3 6001 6012 6018 
3 6018 6012 6017 
3 6001 6018 6002 
3 6014 6000 6003 
3 6016 6014 6003 
3 6004 6016 6003 
3 6019 6017 6016 
3 6019 6016 6006 
3 6019 6006 6020 
3 6006 6016 6004 
3 6017 6021 6018 
3 6019 6021 6017 
3 6018 6007 6002 
3 6018 6021 6007 
3 6021 6022 6007 
3 5048 6008 6007 
3 5048 6007 5047 
3 5047 6007 6022 
3 6020 6006 6009 
3 6023 6020 6009 
3 6009 5949 6023 
3 5943 5949 6009 
3 5048 5044 6008 
3 6026 6024 6025 
3 6024 6027 6025 
3 6019 6020 6028 
3 6028 6029 6026 
3 6028 6026 6021 
3 6028 6021 6019 
3 6021 6026 6025 
3 6025 6022 6021 
3 6025 6031 6022 
3 6025 6027 6031 
3 6030 6022 6031 
3 5047 6022 6030 
3 5053 5047 6030 
3 6028 6020 6023 
3 6023 5949 5954 
3 6028 6023 5954 
3 6028 5954 6032 
3 6028 6032 6029 
3 6033 5954 5956 
3 6033 6030 5954 
3 6032 5954 6031 
3 6031 5954 6030 
3 6030 5054 5053 
3 6033 5054 6030 
3 6034 6029 6032 
3 5956 5959 6035 
3 5956 6035 6033 
3 6031 6034 6032 
3 5960 5057 5054 
3 5960 5054 6035 
3 6035 5054 6033 
3 6035 5959 5962 
3 6035 5962 5960 
3 3095 2098 6036 
3 2121 3095 6036 
3 1996 1995 6037 
3 1995 1998 6038 
3 6037 1995 6038 
3 6040 6038 1998 
3 6040 1998 6039 
3 6039 1998 2000 
3 2001 6041 6042 
3 2001 6042 2000 
3 2000 6042 6039 
3 6041 6043 6042 
3 6040 6039 6044 
3 6039 6042 6045 
3 6044 6039 6045 
3 6042 6043 6045 
3 2026 1996 6037 
3 6046 2026 6037 
3 6048 6038 6047 
3 6048 6046 6038 
3 6046 6037 6038 
3 2029 6049 2028 
3 6047 6038 6040 
3 2028 6041 2001 
3 2028 6049 6041 
3 6049 6050 6041 
3 6052 6043 6041 
3 6052 6041 6051 
3 6051 6041 6050 
3 6051 6053 6054 
3 6052 6051 6054 
3 6053 6055 6054 
3 6048 6047 6056 
3 6047 6040 6044 
3 6047 6044 6056 
3 6056 6044 6057 
3 6057 6044 6058 
3 6044 6045 6058 
3 6043 6052 6059 
3 6043 6059 6045 
3 6045 6059 6058 
3 6052 6054 6060 
3 6059 6052 6060 
3 6054 6055 6060 
3 2063 2062 6061 
3 2062 2064 6062 
3 6061 2062 6062 
3 2064 2065 6063 
3 6062 2064 6063 
3 2065 2066 6064 
3 6063 2065 6064 
3 6066 6064 2066 
3 6066 2066 6065 
3 6065 2066 2067 
3 6046 2067 2026 
3 6046 6067 2067 
3 6067 6065 2067 
3 6046 6048 6067 
3 2068 6049 2029 
3 2070 6049 2068 
3 6050 6049 2070 
3 2072 6050 2070 
3 6051 6050 2072 
3 2074 6051 2072 
3 6053 6051 2074 
3 6053 6068 6055 
3 6053 2074 6068 
3 2074 2076 6068 
3 2077 6069 6070 
3 2077 6070 2076 
3 2076 6070 6068 
3 6069 6071 6072 
3 6070 6069 6072 
3 6071 6073 6072 
3 6066 6065 6074 
3 6065 6067 6075 
3 6074 6065 6075 
3 6067 6048 6056 
3 6067 6056 6075 
3 6075 6056 6076 
3 6076 6056 6077 
3 6056 6057 6077 
3 6077 6057 6078 
3 6057 6058 6078 
3 6078 6058 6079 
3 6058 6059 6079 
3 6081 6060 6080 
3 6081 6079 6060 
3 6079 6059 6060 
3 6055 6080 6060 
3 6055 6068 6080 
3 6068 6082 6080 
3 6068 6070 6082 
3 6070 6083 6082 
3 6084 6085 6072 
3 6072 6085 6083 
3 6072 6083 6070 
3 6072 6073 6084 
3 6086 6087 6088 
3 6086 6089 6087 
3 6081 6080 6090 
3 6080 6082 6091 
3 6090 6080 6091 
3 6093 6091 6082 
3 6093 6082 6092 
3 6092 6082 6083 
3 6085 6094 6092 
3 6085 6092 6083 
3 6088 6087 6095 
3 6093 6092 6096 
3 6092 6094 6096 
3 2098 2063 6061 
3 2098 6061 6036 
3 6036 6061 6097 
3 6097 6061 6098 
3 6061 6062 6098 
3 6098 6062 6099 
3 6062 6063 6099 
3 6099 6063 6100 
3 6063 6064 6100 
3 6102 6064 6066 
3 6102 6101 6064 
3 6101 6100 6064 
3 6101 6104 6103 
3 6102 6104 6101 
3 6103 6104 6105 
3 2102 6106 2101 
3 2101 6069 2077 
3 2101 6106 6069 
3 6106 6107 6069 
3 6107 6108 6069 
3 6069 6108 6071 
3 6071 6108 6109 
3 6073 6071 6109 
3 6102 6066 6074 
3 6104 6102 6074 
3 6075 6104 6074 
3 6105 6104 6075 
3 6105 6075 6110 
3 6110 6075 6076 
3 6110 6076 6111 
3 6076 6077 6111 
3 6111 6077 6112 
3 6077 6078 6112 
3 6114 6079 6113 
3 6114 6112 6079 
3 6112 6078 6079 
3 6079 6081 6113 
3 6084 6115 6085 
3 6086 6115 6116 
3 6086 6088 6115 
3 6116 6115 6109 
3 6084 6073 6115 
3 6109 6115 6073 
3 219 6089 6086 
3 219 6086 218 
3 218 6086 6116 
3 6114 6113 6117 
3 6113 6081 6090 
3 6113 6090 6117 
3 6117 6090 6118 
3 6118 6090 6119 
3 6090 6091 6119 
3 6121 6091 6093 
3 6121 6120 6091 
3 6120 6119 6091 
3 6122 6120 6115 
3 6122 6123 6120 
3 6115 6120 6085 
3 6121 6094 6120 
3 6085 6120 6094 
3 6095 6115 6088 
3 6095 6124 6115 
3 6124 6122 6115 
3 6124 229 6125 
3 6095 229 6124 
3 6095 219 229 
3 6095 6089 219 
3 6121 6093 6096 
3 6123 6122 6126 
3 6121 6096 6094 
3 6122 6124 6127 
3 6126 6122 6127 
3 6124 6125 6127 
3 2123 2121 6036 
3 6097 2123 6036 
3 2125 2123 6097 
3 6098 2125 6097 
3 2127 2125 6098 
3 6099 2127 6098 
3 2129 2127 6099 
3 6100 2129 6099 
3 2130 2129 6100 
3 2130 6100 6128 
3 6128 6100 6101 
3 6128 6101 6129 
3 6101 6103 6129 
3 6131 6103 6105 
3 6131 6130 6103 
3 6130 6129 6103 
3 6130 6131 6132 
3 2134 6106 2102 
3 2135 6106 2134 
3 2135 6133 6106 
3 6133 6107 6106 
3 6133 6134 6107 
3 6107 6134 6108 
3 6108 6134 6135 
3 6109 6108 6135 
3 6131 6105 6110 
3 6132 6131 6110 
3 6132 6110 6136 
3 6136 6110 6111 
3 6136 6111 6137 
3 6111 6112 6137 
3 6112 6138 6137 
3 6114 6138 6112 
3 6135 6116 6109 
3 6139 6116 6135 
3 6139 224 6116 
3 6116 224 218 
3 6138 6114 6117 
3 6140 6138 6117 
3 6140 6117 6141 
3 6117 6118 6141 
3 6141 6118 6142 
3 6118 6119 6142 
3 6144 6120 6143 
3 6144 6142 6120 
3 6142 6119 6120 
3 6120 6123 6143 
3 229 228 6125 
3 6144 6143 6145 
3 6143 6123 6126 
3 6143 6126 6145 
3 6145 6126 6146 
3 6146 6126 6147 
3 6126 6127 6147 
3 6125 228 238 
3 6125 238 6127 
3 6127 238 6147 
3 2167 2130 6128 
3 2168 2167 6128 
3 2168 6128 6148 
3 6148 6128 6129 
3 6148 6129 6149 
3 6129 6130 6149 
3 6130 6150 6149 
3 6132 6150 6130 
3 2171 6133 2135 
3 6151 6133 2171 
3 6151 6152 6133 
3 6133 6152 6134 
3 6134 6152 6153 
3 6135 6134 6153 
3 6150 6132 6136 
3 6154 6150 6136 
3 6154 6136 6155 
3 6136 6137 6155 
3 6137 6156 6155 
3 6138 6156 6137 
3 6153 6139 6135 
3 6157 6139 6153 
3 6157 253 6139 
3 6139 253 224 
3 6156 6138 6140 
3 6158 6156 6140 
3 6158 6140 6159 
3 6140 6141 6159 
3 6159 6141 6160 
3 6141 6142 6160 
3 6162 6142 6144 
3 6162 6161 6142 
3 6161 6160 6142 
3 6161 6162 6163 
3 6162 6144 6145 
3 6163 6162 6145 
3 6163 6145 6164 
3 6164 6145 6146 
3 6164 6146 6165 
3 6146 6147 6165 
3 6165 6147 267 
3 6147 238 267 
3 2206 2168 6148 
3 2207 2206 6148 
3 2207 6148 6166 
3 6166 6148 6149 
3 6168 6149 6150 
3 6168 6167 6149 
3 6167 6166 6149 
3 6167 6168 6169 
3 2210 6151 2171 
3 2211 6151 2210 
3 2211 6170 6151 
3 6170 6152 6151 
3 6172 6153 6152 
3 6172 6152 6171 
3 6171 6152 6170 
3 6171 6173 6172 
3 6168 6150 6154 
3 6169 6168 6154 
3 6169 6154 6174 
3 6174 6154 6155 
3 6176 6155 6156 
3 6176 6175 6155 
3 6175 6174 6155 
3 6175 6176 6177 
3 6172 6157 6153 
3 6173 6157 6172 
3 6173 279 6157 
3 279 253 6157 
3 6176 6156 6158 
3 6177 6176 6158 
3 6177 6158 6178 
3 6178 6158 6159 
3 6178 6159 6179 
3 6159 6160 6179 
3 6179 6160 6180 
3 6160 6161 6180 
3 6161 6181 6180 
3 6163 6181 6161 
3 6181 6163 6164 
3 6182 6181 6164 
3 6182 6164 6183 
3 6164 6165 6183 
3 6183 6165 290 
3 6165 267 290 
3 2244 2207 6166 
3 4600 2244 6166 
3 4600 6166 4602 
3 6166 6167 4602 
3 6167 4606 4602 
3 6169 4606 6167 
3 2247 6170 2211 
3 4609 6170 2247 
3 4609 4612 6170 
3 6170 4612 6171 
3 306 6173 6171 
3 306 6171 305 
3 305 6171 4612 
3 4606 6169 6174 
3 4615 4606 6174 
3 4615 6174 4617 
3 6174 6175 4617 
3 6184 6175 6177 
3 6184 4619 6175 
3 4619 4617 6175 
3 4619 6184 4621 
3 306 279 6173 
3 6184 6177 6178 
3 4621 6184 6178 
3 4621 6178 4624 
3 4624 6178 6179 
3 4624 6179 4626 
3 6179 6180 4626 
3 6185 6180 6181 
3 6185 4628 6180 
3 4628 4626 6180 
3 4628 6186 4630 
3 6185 6186 4628 
3 4630 315 314 
3 6186 315 4630 
3 6185 6181 6182 
3 6186 6185 6182 
3 6183 6186 6182 
3 315 6186 6183 
3 290 315 6183 
3 3687 6187 3688 
3 3688 6187 6188 
3 6190 6191 6188 
3 6190 6188 6189 
3 6189 6188 6187 
3 6189 6192 6193 
3 6190 6189 6193 
3 6192 6194 6193 
3 6190 6195 6191 
3 6193 6195 6190 
3 6196 6195 6193 
3 6196 6198 6199 
3 6193 6198 6196 
3 6193 6197 6198 
3 6193 6194 6197 
3 6197 6200 6198 
3 6198 6201 6199 
3 6200 6201 6198 
3 6200 6202 6201 
3 6202 6203 6201 
3 6203 6202 1613 
3 1612 6203 1613 
3 3720 6204 3721 
3 6204 3687 3721 
3 6204 6205 3687 
3 6205 6187 3687 
3 6205 6206 6187 
3 6187 6206 6189 
3 6208 6207 6192 
3 6208 6192 6206 
3 6206 6192 6189 
3 6192 6207 6194 
3 6208 6209 6207 
3 6207 6197 6194 
3 6207 6209 6197 
3 6209 6210 6197 
3 6197 6210 6211 
3 6200 6197 6211 
3 6211 6202 6200 
3 6212 6202 6211 
3 6202 6212 1660 
3 1613 6202 1660 
3 3720 3758 6213 
3 6204 3720 6213 
3 6213 6205 6204 
3 6214 6205 6213 
3 6214 6215 6205 
3 6205 6215 6206 
3 6217 6208 6206 
3 6217 6206 6216 
3 6216 6206 6215 
3 6216 6218 6217 
3 6217 6209 6208 
3 6218 6209 6217 
3 6218 6219 6209 
3 6219 6210 6209 
3 6221 6211 6210 
3 6221 6210 6220 
3 6220 6210 6219 
3 6220 6222 6221 
3 6221 6212 6211 
3 6212 1684 1660 
3 6221 1684 6212 
3 6221 6223 1684 
3 6221 6222 6223 
3 6223 1686 1684 
3 3793 6224 3794 
3 3758 3794 6224 
3 3758 6224 6213 
3 6213 6224 6225 
3 6225 6214 6213 
3 6226 6214 6225 
3 6226 6227 6214 
3 6214 6227 6215 
3 6227 6228 6215 
3 6215 6228 6216 
3 6230 6218 6216 
3 6230 6216 6229 
3 6229 6216 6228 
3 6229 6231 6230 
3 3810 3811 6232 
3 6230 6219 6218 
3 6231 6219 6230 
3 6231 6233 6219 
3 6233 6220 6219 
3 6220 6233 6234 
3 6222 6220 6234 
3 3811 3814 6232 
3 6234 6223 6222 
3 6235 6223 6234 
3 1711 1686 6223 
3 1711 6223 6236 
3 6236 6223 6235 
3 6236 6237 1712 
3 1711 6236 1712 
3 6237 1713 1712 
3 6239 6224 3793 
3 6239 3793 6238 
3 6238 3793 3844 
3 6238 6240 6239 
3 6241 6224 6239 
3 6225 6224 6241 
3 6240 6242 6243 
3 6240 6243 6239 
3 6239 6243 6241 
3 6242 6244 6243 
3 6241 6226 6225 
3 6243 6226 6241 
3 6227 6226 6243 
3 6244 6227 6243 
3 6244 6245 6227 
3 6245 6228 6227 
3 6245 6246 6228 
3 6228 6246 6229 
3 6229 6246 6247 
3 6231 6229 6247 
3 3810 6248 3862 
3 6232 6248 3810 
3 6247 6233 6231 
3 6249 6233 6247 
3 6251 6234 6233 
3 6251 6233 6250 
3 6250 6233 6249 
3 6250 6252 6251 
3 143 6232 3814 
3 143 1744 6232 
3 1744 6248 6232 
3 6251 6235 6234 
3 6252 6235 6251 
3 6252 6253 6235 
3 6253 6236 6235 
3 6253 6254 6236 
3 6236 6254 6237 
3 6237 6254 1746 
3 1713 6237 1746 
3 3893 6255 3894 
3 6255 3844 3894 
3 6255 6256 3844 
3 6256 6238 3844 
3 6238 6256 6257 
3 6240 6238 6257 
3 6257 6242 6240 
3 6258 6242 6257 
3 6260 6244 6242 
3 6260 6242 6259 
3 6259 6242 6258 
3 6259 6261 6260 
3 6260 6245 6244 
3 6261 6245 6260 
3 6261 6262 6245 
3 6262 6246 6245 
3 6246 6262 6263 
3 6247 6246 6263 
3 3862 6264 3908 
3 6248 6264 3862 
3 6263 6249 6247 
3 6265 6249 6263 
3 6265 6266 6249 
3 6249 6266 6250 
3 6250 6266 6267 
3 6252 6250 6267 
3 1777 6268 6264 
3 1777 6264 1744 
3 1744 6264 6248 
3 6268 1779 6269 
3 1777 1779 6268 
3 6269 1779 1781 
3 6267 6253 6252 
3 6270 6253 6267 
3 6270 6271 6253 
3 6253 6271 6254 
3 6254 6271 1783 
3 1746 6254 1783 
3 6273 6255 3893 
3 6273 3893 6272 
3 6272 3893 3938 
3 6272 6274 6273 
3 6273 6256 6255 
3 6256 6276 6257 
3 6273 6276 6256 
3 6273 6275 6276 
3 6273 6274 6275 
3 6275 6277 6276 
3 6276 6258 6257 
3 6277 6258 6276 
3 6277 6278 6258 
3 6278 6259 6258 
3 6280 6261 6259 
3 6280 6259 6279 
3 6279 6259 6278 
3 6279 6281 6280 
3 6280 6262 6261 
3 6262 6283 6263 
3 6280 6283 6262 
3 6280 6282 6283 
3 6280 6281 6282 
3 6282 6284 6283 
3 6286 3908 6264 
3 6286 6285 3908 
3 6285 3961 3908 
3 6285 6286 6287 
3 6283 6265 6263 
3 6284 6265 6283 
3 6284 6288 6265 
3 6288 6266 6265 
3 6290 6267 6266 
3 6290 6266 6289 
3 6289 6266 6288 
3 6289 6291 6290 
3 6286 6264 6268 
3 6287 6286 6268 
3 6287 6268 6292 
3 6292 6268 6269 
3 6269 1808 6292 
3 1781 1808 6269 
3 6290 6270 6267 
3 6291 6270 6290 
3 6291 6293 6270 
3 6293 6271 6270 
3 6271 6293 1812 
3 1783 6271 1812 
3 3994 6294 3995 
3 6294 3938 3995 
3 6294 6295 3938 
3 6295 6272 3938 
3 6272 6295 6296 
3 6274 6272 6296 
3 6296 6275 6274 
3 6297 6275 6296 
3 6275 6297 6298 
3 6277 6275 6298 
3 6298 6278 6277 
3 6299 6278 6298 
3 6299 6300 6278 
3 6278 6300 6279 
3 6279 6300 6301 
3 6281 6279 6301 
3 4015 4016 6302 
3 6301 6282 6281 
3 6303 6282 6301 
3 6282 6303 6304 
3 6284 6282 6304 
3 6302 4016 3961 
3 6302 3961 6305 
3 6305 3961 6285 
3 6285 6306 6305 
3 6287 6306 6285 
3 6304 6288 6284 
3 6307 6288 6304 
3 6307 6308 6288 
3 6288 6308 6289 
3 6310 6291 6289 
3 6310 6289 6309 
3 6309 6289 6308 
3 6309 6311 6310 
3 6306 6287 6292 
3 6312 6306 6292 
3 1841 6292 1808 
3 1841 6313 6292 
3 6313 6312 6292 
3 6313 1841 1842 
3 6310 6293 6291 
3 6293 6310 6311 
3 6293 6311 1812 
3 1812 6311 1845 
3 3994 4077 6314 
3 6294 3994 6314 
3 6314 6295 6294 
3 6315 6295 6314 
3 6295 6315 6316 
3 6296 6295 6316 
3 6316 6297 6296 
3 6317 6297 6316 
3 6319 6298 6297 
3 6319 6297 6318 
3 6318 6297 6317 
3 6318 6320 6319 
3 6319 6299 6298 
3 6320 6299 6319 
3 6320 6321 6299 
3 6321 6300 6299 
3 6300 6321 6322 
3 6301 6300 6322 
3 4015 6323 4121 
3 6302 6323 4015 
3 6322 6303 6301 
3 6324 6303 6322 
3 6326 6304 6303 
3 6326 6303 6325 
3 6325 6303 6324 
3 6325 6327 6326 
3 6323 6302 6305 
3 6328 6323 6305 
3 6330 6305 6306 
3 6330 6329 6305 
3 6329 6328 6305 
3 6329 6330 6331 
3 6326 6307 6304 
3 6327 6307 6326 
3 6327 6332 6307 
3 6332 6308 6307 
3 6332 6333 6308 
3 6308 6333 6309 
3 6309 6333 6334 
3 6311 6309 6334 
3 6330 6306 6312 
3 6331 6330 6312 
3 6331 6312 6335 
3 6335 6312 6313 
3 6313 1875 6335 
3 1842 1875 6313 
3 1877 6334 6336 
3 1877 1845 6334 
3 1845 6311 6334 
3 6336 1878 1877 
3 4077 4181 6337 
3 6314 4077 6337 
3 6337 6315 6314 
3 6338 6315 6337 
3 6315 6338 6339 
3 6316 6315 6339 
3 6339 6317 6316 
3 6340 6317 6339 
3 6340 6341 6317 
3 6317 6341 6318 
3 6318 6341 6342 
3 6320 6318 6342 
3 6342 6321 6320 
3 6343 6321 6342 
3 6321 6343 6344 
3 6322 6321 6344 
3 4121 6345 4226 
3 6323 6345 4121 
3 6344 6324 6322 
3 6346 6324 6344 
3 6346 6347 6324 
3 6324 6347 6325 
3 6325 6347 6348 
3 6327 6325 6348 
3 6345 6323 6328 
3 6349 6345 6328 
3 6349 6328 6350 
3 6328 6329 6350 
3 6329 6351 6350 
3 6331 6351 6329 
3 6348 6332 6327 
3 6352 6332 6348 
3 6352 6353 6332 
3 6332 6353 6333 
3 6355 6334 6333 
3 6355 6333 6354 
3 6354 6333 6353 
3 6354 6356 6355 
3 6351 6331 6335 
3 6357 6351 6335 
3 6335 1903 6357 
3 1875 1903 6335 
3 6355 6336 6334 
3 6336 6355 6356 
3 6336 6356 1878 
3 1878 6356 1905 
3 4181 4279 6337 
3 4279 6338 6337 
3 4279 4286 6338 
3 4286 6358 6338 
3 6338 6358 6359 
3 6339 6338 6359 
3 6359 6340 6339 
3 6360 6340 6359 
3 6360 6361 6340 
3 6340 6361 6341 
3 6341 6361 6362 
3 6342 6341 6362 
3 6362 6343 6342 
3 6363 6343 6362 
3 6365 6344 6343 
3 6365 6343 6364 
3 6364 6343 6363 
3 6364 6366 6367 
3 6365 6364 6367 
3 6366 6368 6367 
3 6370 4226 6345 
3 6370 6369 4226 
3 6369 4306 4226 
3 6369 6370 6371 
3 6365 6346 6344 
3 6367 6346 6365 
3 6347 6346 6367 
3 6347 6373 6348 
3 6367 6373 6347 
3 6367 6372 6373 
3 6367 6368 6372 
3 6372 6374 6375 
3 6373 6372 6375 
3 6374 6376 6375 
3 6370 6345 6349 
3 6371 6370 6349 
3 6371 6349 6377 
3 6377 6349 6350 
3 6350 6378 6377 
3 6351 6378 6350 
3 6373 6352 6348 
3 6375 6352 6373 
3 6353 6352 6375 
3 6376 6353 6375 
3 6376 6379 6353 
3 6379 6354 6353 
3 6354 6379 6380 
3 6356 6354 6380 
3 6378 6351 6357 
3 6381 6378 6357 
3 1924 6357 1903 
3 1924 6382 6357 
3 6382 6381 6357 
3 6382 1924 1928 
3 6380 1934 6356 
3 1934 1905 6356 
3 4356 6383 4357 
3 6383 4286 4357 
3 6383 6384 4286 
3 6384 6358 4286 
3 6358 6384 6385 
3 6359 6358 6385 
3 6385 6360 6359 
3 6386 6360 6385 
3 6386 6387 6360 
3 6360 6387 6361 
3 6361 6387 6388 
3 6362 6361 6388 
3 6388 6363 6362 
3 6389 6363 6388 
3 6389 6390 6363 
3 6363 6390 6364 
3 6390 6391 6364 
3 6364 6391 6366 
3 6393 6368 6366 
3 6393 6366 6392 
3 6392 6366 6391 
3 6392 6394 6393 
3 4372 4306 6395 
3 4306 6369 6395 
3 6369 6396 6395 
3 6371 6396 6369 
3 6393 6372 6368 
3 6394 6372 6393 
3 6394 6397 6372 
3 6397 6374 6372 
3 6374 6397 6398 
3 6376 6374 6398 
3 6396 6371 6377 
3 6399 6396 6377 
3 6401 6377 6378 
3 6401 6400 6377 
3 6400 6399 6377 
3 6400 6401 6402 
3 6398 6379 6376 
3 6403 6379 6398 
3 6404 6380 6379 
3 6404 6379 6403 
3 6401 6378 6381 
3 6402 6401 6381 
3 6402 6381 6405 
3 6405 6381 6382 
3 1945 6382 1928 
3 1945 6406 6382 
3 6406 6405 6382 
3 6406 1945 1947 
3 6404 1952 6380 
3 1952 1934 6380 
3 4356 4415 6407 
3 6383 4356 6407 
3 6407 6384 6383 
3 6408 6384 6407 
3 6384 6408 6409 
3 6385 6384 6409 
3 6409 6386 6385 
3 6410 6386 6409 
3 6410 6411 6386 
3 6386 6411 6387 
3 6413 6388 6387 
3 6413 6387 6412 
3 6412 6387 6411 
3 6412 6414 6415 
3 6413 6412 6415 
3 6414 6416 6417 
3 6415 6414 6417 
3 6416 6418 6417 
3 6413 6389 6388 
3 6415 6389 6413 
3 6390 6389 6415 
3 6417 6390 6415 
3 6391 6390 6417 
3 6418 6391 6417 
3 6418 6419 6391 
3 6419 6392 6391 
3 6421 6394 6392 
3 6421 6392 6420 
3 6420 6392 6419 
3 6420 6422 6423 
3 6421 6420 6423 
3 6422 6424 6423 
3 4432 4372 6425 
3 4372 6395 6425 
3 6395 6426 6425 
3 6396 6426 6395 
3 6429 6428 6427 
3 6427 6428 6430 
3 6421 6397 6394 
3 6431 6421 6423 
3 6431 6398 6421 
3 6431 6432 6398 
3 6398 6397 6421 
3 6423 6424 6431 
3 6426 6396 6399 
3 6433 6426 6399 
3 6428 6429 6433 
3 6428 6433 6400 
3 6400 6433 6399 
3 6400 6402 6435 
3 6428 6400 6435 
3 6428 6435 6434 
3 6428 6434 6430 
3 6434 6437 6436 
3 6435 6437 6434 
3 6436 6439 6438 
3 6437 6439 6436 
3 6438 6439 6440 
3 6432 6403 6398 
3 6441 6403 6432 
3 6403 6441 6442 
3 6403 6442 6404 
3 6435 6402 6405 
3 6437 6435 6405 
3 6406 6437 6405 
3 6406 1947 1964 
3 6406 1964 6437 
3 6437 1964 6439 
3 6440 1966 6443 
3 6440 6439 1966 
3 6439 1964 1966 
3 6443 1966 1970 
3 6442 1972 6404 
3 1972 1952 6404 
3 4415 4476 6444 
3 6407 4415 6444 
3 6444 6408 6407 
3 6445 6408 6444 
3 6447 6409 6408 
3 6447 6408 6446 
3 6446 6408 6445 
3 6446 6448 6449 
3 6447 6446 6449 
3 6448 6450 6449 
3 6453 6451 6452 
3 6451 6454 6452 
3 6447 6410 6409 
3 6449 6410 6447 
3 6411 6410 6449 
3 6450 6411 6449 
3 6450 6455 6411 
3 6455 6412 6411 
3 6452 6455 6453 
3 6452 6414 6455 
3 6414 6412 6455 
3 6454 6414 6452 
3 6454 6456 6414 
3 6456 6416 6414 
3 6416 6456 6457 
3 6418 6416 6457 
3 4487 4488 6458 
3 6457 6419 6418 
3 6459 6419 6457 
3 6459 6460 6419 
3 6419 6460 6420 
3 6462 6461 6422 
3 6462 6422 6460 
3 6460 6422 6420 
3 6422 6461 6424 
3 6458 4488 4432 
3 6458 4432 6463 
3 6463 4432 6425 
3 6465 6425 6426 
3 6465 6464 6425 
3 6464 6463 6425 
3 6429 6464 6465 
3 6429 6427 6464 
3 6427 6466 6464 
3 6468 6427 6430 
3 6468 6467 6427 
3 6467 6466 6427 
3 6467 6470 6469 
3 6468 6470 6467 
3 6469 6470 6471 
3 6461 6432 6431 
3 6461 6462 6432 
3 6462 6472 6432 
3 6461 6431 6424 
3 6465 6426 6433 
3 6465 6433 6429 
3 6468 6430 6434 
3 6470 6468 6434 
3 6436 6470 6434 
3 6471 6470 6436 
3 6471 6436 6473 
3 6473 6436 6438 
3 6475 6438 6440 
3 6475 6474 6438 
3 6474 6473 6438 
3 6474 6477 6476 
3 6475 6477 6474 
3 6472 6477 6432 
3 6472 6476 6477 
3 6432 6477 6441 
3 6479 6478 6477 
3 6441 6477 6478 
3 6441 6478 6480 
3 6442 6441 6480 
3 6475 6440 6443 
3 6443 1970 1980 
3 6443 1980 6475 
3 6475 1980 6477 
3 6479 1981 6481 
3 6479 6477 1981 
3 6477 1980 1981 
3 6481 1981 1972 
3 6481 1972 6480 
3 6480 1972 6442 
3 6483 6444 4476 
3 6483 4476 6482 
3 6482 4476 4531 
3 6482 6484 6483 
3 6483 6445 6444 
3 6484 6445 6483 
3 6484 6485 6445 
3 6485 6446 6445 
3 6485 6486 6446 
3 6446 6486 6448 
3 6488 6450 6448 
3 6488 6448 6487 
3 6487 6448 6486 
3 6453 6488 6487 
3 6453 6487 6451 
3 6451 6487 6489 
3 6451 6489 6490 
3 6454 6451 6490 
3 6488 6455 6450 
3 6488 6453 6455 
3 6490 6456 6454 
3 6491 6456 6490 
3 6456 6491 6492 
3 6457 6456 6492 
3 6494 4487 6458 
3 6494 6493 4487 
3 6493 4540 4487 
3 6493 6496 6495 
3 6494 6496 6493 
3 6495 6496 6497 
3 6459 6499 6498 
3 6459 6457 6499 
3 6457 6492 6499 
3 6498 6501 6500 
3 6498 6500 6459 
3 6459 6500 6460 
3 6460 6500 6502 
3 6462 6460 6502 
3 6494 6458 6463 
3 6496 6494 6463 
3 6464 6496 6463 
3 6497 6496 6464 
3 6497 6464 6503 
3 6503 6464 6466 
3 6503 6466 6504 
3 6466 6467 6504 
3 6504 6467 6505 
3 6467 6469 6505 
3 6469 6506 6505 
3 6471 6506 6469 
3 6499 6507 6498 
3 6510 6498 6507 
3 6510 6509 6498 
3 6501 6498 6508 
3 6508 6498 6509 
3 6508 6509 6472 
3 6508 6472 6502 
3 6502 6472 6462 
3 6506 6471 6473 
3 6511 6506 6473 
3 6511 6473 6512 
3 6473 6474 6512 
3 6509 6510 6512 
3 6509 6512 6476 
3 6476 6512 6474 
3 6476 6472 6509 
3 6479 6513 6478 
3 6478 6513 6480 
3 6513 6479 6481 
3 6513 6481 6480 
3 4589 6514 4531 
3 4531 6514 6482 
3 6516 6484 6482 
3 6516 6482 6515 
3 6515 6482 6514 
3 6515 6517 6518 
3 6516 6515 6518 
3 6517 6519 6518 
3 6516 6485 6484 
3 6518 6485 6516 
3 6486 6485 6518 
3 6519 6486 6518 
3 6519 6520 6486 
3 6520 6487 6486 
3 6520 6521 6487 
3 6487 6521 6489 
3 6489 6521 6522 
3 6490 6489 6522 
3 4597 6524 6523 
3 4598 6524 4597 
3 6523 6524 6525 
3 6522 6491 6490 
3 6526 6491 6522 
3 6491 6526 6527 
3 6492 6491 6527 
3 6524 4598 4540 
3 6493 6524 4540 
3 6525 6524 6493 
3 6525 6493 6528 
3 6528 6493 6495 
3 6530 6495 6497 
3 6530 6529 6495 
3 6529 6528 6495 
3 6529 6532 6531 
3 6530 6532 6529 
3 6531 6534 6533 
3 6532 6534 6531 
3 6533 6534 6535 
3 6537 6527 6536 
3 6537 6499 6527 
3 6499 6492 6527 
3 6539 6537 6536 
3 6538 6500 6501 
3 6500 6538 6502 
3 6530 6497 6503 
3 6532 6530 6503 
3 6504 6532 6503 
3 6534 6532 6504 
3 6505 6534 6504 
3 6505 6506 6541 
3 6534 6505 6541 
3 6534 6541 6540 
3 6534 6540 6535 
3 6543 6499 6541 
3 6543 6507 6499 
3 6541 6499 6540 
3 6537 6542 6499 
3 6540 6499 6542 
3 6539 6542 6537 
3 6501 6508 6538 
3 6543 6510 6507 
3 6538 6508 6502 
3 6541 6506 6511 
3 6543 6541 6511 
3 6512 6543 6511 
3 6543 6512 6510 
3 305 4613 307 
3 4613 308 307 
3 4613 4622 308 
3 4622 6544 308 
3 6546 309 308 
3 6546 308 6545 
3 6545 308 6544 
3 6545 6547 6546 
3 310 312 6548 
3 310 6548 313 
3 314 6549 4632 
3 316 6549 314 
3 6546 317 309 
3 317 6551 319 
3 6546 6551 317 
3 6546 6550 6551 
3 6546 6547 6550 
3 6551 6550 6552 
3 6551 6552 312 
3 6551 312 320 
3 6548 312 6552 
3 6554 6553 321 
3 6552 6554 321 
3 6552 321 313 
3 6552 313 6548 
3 321 6553 322 
3 323 6555 6556 
3 323 6556 316 
3 316 6556 6549 
3 325 6555 323 
3 6557 6555 325 
3 328 6551 327 
3 328 6557 6551 
3 319 6551 325 
3 325 6551 6557 
3 329 6551 320 
3 329 6558 6551 
3 327 6551 331 
3 331 6551 6558 
3 6560 329 6554 
3 6560 6558 329 
3 6554 329 6553 
3 332 6559 329 
3 6553 329 6559 
3 6556 6555 6561 
3 6555 6557 6562 
3 6561 6555 6562 
3 6557 328 333 
3 6557 333 6562 
3 6562 333 6563 
3 331 6558 6564 
3 331 6564 333 
3 333 6564 6563 
3 6558 6560 6564 
3 332 334 6559 
3 4642 6565 6566 
3 4643 4642 6566 
3 6565 6567 6566 
3 6566 4622 4643 
3 6544 4622 6566 
3 6567 6544 6566 
3 6567 6568 6544 
3 6568 6545 6544 
3 6570 6547 6545 
3 6570 6545 6569 
3 6569 6545 6568 
3 6569 6571 6570 
3 4632 6549 4653 
3 6570 6550 6547 
3 6571 6550 6570 
3 6571 6572 6550 
3 6572 6552 6550 
3 6574 6554 6552 
3 6574 6552 6573 
3 6573 6552 6572 
3 6573 6575 6574 
3 4653 6549 6556 
3 4653 6556 6576 
3 4653 6576 4655 
3 6576 6556 6577 
3 6576 6579 6578 
3 6577 6579 6576 
3 6578 6579 6580 
3 6581 6554 6574 
3 6560 6554 6581 
3 6581 6574 6575 
3 6581 6575 6582 
3 6577 6556 6561 
3 6579 6577 6561 
3 6562 6579 6561 
3 6580 6579 6562 
3 6580 6562 6583 
3 6583 6562 6563 
3 6583 6563 6584 
3 6563 6564 6584 
3 6560 6581 6585 
3 6560 6585 6564 
3 6564 6585 6584 
3 6585 6581 6582 
3 4665 6586 4642 
3 4642 6586 6565 
3 6565 6586 6587 
3 6567 6565 6587 
3 6587 6568 6567 
3 6588 6568 6587 
3 6588 6589 6568 
3 6568 6589 6569 
3 6569 6589 6590 
3 6571 6569 6590 
3 6593 6591 6592 
3 6591 6594 6592 
3 6590 6572 6571 
3 6595 6572 6590 
3 6592 6595 6593 
3 6592 6573 6595 
3 6573 6572 6595 
3 6573 6597 6575 
3 6592 6597 6573 
3 6592 6596 6597 
3 6592 6594 6596 
3 6596 6598 6597 
3 4676 4655 6599 
3 4655 6576 6599 
3 6599 6576 6600 
3 6576 6578 6600 
3 6602 6578 6580 
3 6602 6601 6578 
3 6601 6600 6578 
3 6601 6602 6603 
3 6604 6575 6597 
3 6582 6575 6604 
3 6598 6605 6604 
3 6597 6598 6604 
3 6602 6580 6583 
3 6603 6602 6583 
3 6603 6583 6606 
3 6606 6583 6584 
3 6606 6584 6607 
3 6584 6585 6607 
3 6582 6604 6585 
3 6585 6604 6608 
3 6585 6608 6607 
3 6608 6604 6605 
3 4686 6609 4665 
3 4665 6609 6586 
3 6611 6587 6586 
3 6611 6586 6610 
3 6610 6586 6609 
3 6610 6612 6611 
3 6611 6588 6587 
3 6612 6588 6611 
3 6612 6613 6588 
3 6613 6589 6588 
3 6589 6613 6614 
3 6590 6589 6614 
3 6591 6593 6615 
3 6591 6615 6594 
3 6614 6595 6590 
3 6616 6595 6614 
3 6593 6617 6615 
3 6593 6595 6617 
3 6595 6616 6617 
3 6615 6596 6594 
3 6615 6617 6596 
3 6617 6618 6596 
3 6620 6598 6596 
3 6620 6596 6619 
3 6619 6596 6618 
3 6619 6621 6622 
3 6620 6619 6622 
3 6621 6623 6622 
3 4703 4676 6624 
3 4676 6599 6624 
3 6624 6599 6625 
3 6599 6600 6625 
3 6627 6601 6626 
3 6627 6625 6601 
3 6625 6600 6601 
3 6601 6603 6626 
3 6630 6629 6628 
3 6628 6629 6631 
3 6632 6598 6620 
3 6632 6633 6598 
3 6633 6605 6598 
3 6627 6626 6634 
3 6626 6603 6606 
3 6626 6606 6634 
3 6634 6606 6635 
3 6629 6630 6635 
3 6629 6635 6607 
3 6607 6635 6606 
3 6631 6629 6607 
3 6631 6607 6636 
3 6636 6607 6608 
3 6636 6608 6605 
3 6636 6605 6633 
3 6637 6638 6639 
3 6638 6640 6639 
3 4712 6641 4686 
3 4686 6641 6609 
3 6641 6642 6609 
3 6609 6642 6610 
3 6610 6642 6643 
3 6612 6610 6643 
3 6643 6613 6612 
3 6644 6613 6643 
3 6646 6614 6613 
3 6646 6613 6645 
3 6645 6613 6644 
3 6645 6647 6646 
3 6646 6616 6614 
3 6647 6616 6646 
3 6647 6648 6616 
3 6648 6617 6616 
3 6648 6649 6617 
3 6617 6649 6618 
3 6651 6650 6619 
3 6651 6619 6649 
3 6649 6619 6618 
3 6621 6619 6650 
3 6652 6621 6650 
3 6621 6652 6623 
3 4735 4703 6653 
3 4703 6624 6653 
3 6653 6624 6654 
3 6624 6625 6654 
3 6656 6625 6627 
3 6656 6655 6625 
3 6655 6654 6625 
3 6655 6658 6657 
3 6656 6658 6655 
3 6630 6657 6658 
3 6630 6628 6657 
3 6628 6659 6657 
3 6628 6660 6659 
3 6631 6660 6628 
3 6662 6651 6661 
3 6662 6633 6651 
3 6650 6651 6632 
3 6632 6651 6633 
3 6632 6663 6652 
3 6632 6652 6650 
3 6661 6664 6662 
3 6656 6627 6634 
3 6658 6656 6634 
3 6635 6658 6634 
3 6658 6635 6630 
3 6660 6631 6636 
3 6665 6660 6636 
3 6636 6662 6665 
3 6636 6633 6662 
3 6665 6662 6666 
3 6637 6639 6662 
3 6666 6662 6639 
3 6637 6662 6664 
3 6637 6664 6668 
3 6668 6664 6667 
3 6666 6639 6640 
3 6669 6666 6640 
3 6669 6640 6668 
3 6667 6669 6668 
3 4741 6670 4712 
3 4712 6670 6641 
3 6672 6671 6642 
3 6672 6642 6670 
3 6670 6642 6641 
3 6642 6671 6643 
3 6672 6673 6671 
3 6671 6644 6643 
3 6671 6673 6644 
3 6673 6674 6644 
3 6674 6675 6644 
3 6644 6675 6645 
3 6645 6675 6676 
3 6647 6645 6676 
3 6676 6648 6647 
3 6677 6648 6676 
3 6677 6678 6648 
3 6648 6678 6649 
3 6680 6651 6649 
3 6680 6649 6679 
3 6679 6649 6678 
3 6679 6681 6680 
3 4766 6682 6683 
3 4766 4735 6682 
3 4735 6653 6682 
3 6682 6653 6684 
3 6653 6654 6684 
3 6684 6654 6685 
3 6654 6655 6685 
3 6687 6657 6686 
3 6687 6685 6657 
3 6685 6655 6657 
3 6659 6686 6657 
3 6688 6686 6659 
3 6659 6660 6688 
3 6680 6661 6651 
3 6661 6680 6681 
3 6661 6681 6664 
3 6664 6681 6689 
3 4766 6683 4769 
3 6687 6686 6690 
3 6686 6688 6691 
3 6690 6686 6691 
3 6688 6660 6665 
3 6688 6665 6691 
3 6691 6665 6692 
3 6665 6693 6692 
3 6666 6693 6665 
3 6695 6689 6694 
3 6695 6667 6689 
3 6667 6664 6689 
3 6694 6696 6695 
3 6693 6666 6669 
3 6697 6693 6669 
3 6667 6695 6698 
3 6667 6698 6669 
3 6669 6698 6697 
3 6695 6696 6698 
3 6700 4741 4775 
3 6700 6699 4741 
3 6699 6670 4741 
3 6670 6699 6701 
3 6672 6670 6701 
3 6701 6673 6672 
3 6702 6673 6701 
3 6702 6703 6673 
3 6673 6703 6674 
3 6705 6704 6675 
3 6705 6675 6703 
3 6703 6675 6674 
3 6675 6704 6676 
3 6705 6706 6704 
3 6704 6677 6676 
3 6704 6706 6677 
3 6706 6707 6677 
3 6707 6708 6677 
3 6677 6708 6678 
3 6708 6709 6678 
3 6678 6709 6679 
3 6679 6709 6710 
3 6681 6679 6710 
3 6683 4794 4795 
3 6683 6682 4794 
3 6712 4794 6711 
3 6711 4794 6682 
3 6711 6713 6714 
3 6711 6682 6713 
3 6682 6684 6713 
3 6713 6684 6715 
3 6684 6685 6715 
3 6685 6716 6715 
3 6687 6716 6685 
3 6710 6717 6681 
3 6717 6689 6681 
3 6712 6711 6718 
3 4795 4769 6683 
3 6711 6714 6718 
3 6716 6687 6690 
3 6719 6716 6690 
3 6719 6690 6720 
3 6690 6691 6720 
3 6720 6691 6721 
3 6691 6692 6721 
3 6692 6722 6721 
3 6693 6722 6692 
3 6717 6694 6689 
3 6723 6694 6717 
3 6694 6723 6724 
3 6696 6694 6724 
3 6722 6693 6697 
3 6725 6722 6697 
3 6725 6697 6726 
3 6697 6698 6726 
3 6726 6698 6696 
3 6724 6726 6696 
3 6728 6699 6700 
3 6727 6699 6728 
3 6730 6701 6699 
3 6730 6699 6729 
3 6729 6699 6727 
3 6729 6731 6730 
3 6730 6702 6701 
3 6731 6702 6730 
3 6731 6732 6702 
3 6732 6703 6702 
3 6703 6732 6733 
3 6705 6703 6733 
3 6733 6706 6705 
3 6734 6706 6733 
3 6734 6735 6706 
3 6706 6735 6707 
3 6735 6736 6707 
3 6707 6736 6708 
3 6736 6737 6708 
3 6708 6737 6709 
3 6709 6737 6738 
3 6710 6709 6738 
3 6740 4794 6712 
3 6740 6739 4794 
3 6739 4820 4794 
3 6714 6739 6740 
3 6714 6713 6739 
3 6713 6741 6739 
3 6741 6713 6742 
3 6713 6715 6742 
3 6715 6743 6742 
3 6716 6743 6715 
3 6738 6744 6710 
3 6744 6717 6710 
3 6740 6712 6718 
3 6740 6718 6714 
3 6743 6716 6719 
3 6745 6743 6719 
3 6745 6719 6746 
3 6719 6720 6746 
3 6746 6720 6747 
3 6720 6721 6747 
3 6749 6721 6722 
3 6749 6748 6721 
3 6748 6747 6721 
3 6744 6749 6717 
3 6744 6748 6749 
3 6717 6749 6723 
3 6751 6750 6749 
3 6723 6749 6750 
3 6723 6750 6752 
3 6724 6723 6752 
3 6749 6722 6725 
3 6751 6749 6725 
3 6751 6725 6753 
3 6753 6725 6726 
3 6753 6726 6724 
3 6752 6753 6724 
3 6754 6727 6728 
3 6756 6727 6754 
3 6756 6755 6727 
3 6755 6729 6727 
3 6729 6755 6757 
3 6731 6729 6757 
3 6757 6732 6731 
3 6758 6732 6757 
3 6760 6733 6732 
3 6760 6732 6759 
3 6759 6732 6758 
3 6759 6761 6760 
3 6764 6762 6763 
3 6762 6765 6766 
3 6763 6762 6766 
3 6765 6767 6766 
3 6760 6734 6733 
3 6761 6734 6760 
3 6761 6768 6734 
3 6768 6735 6734 
3 6763 6768 6764 
3 6763 6736 6768 
3 6736 6735 6768 
3 6766 6736 6763 
3 6737 6736 6766 
3 6737 6766 6767 
3 6737 6767 6738 
3 6738 6767 6769 
3 4844 4820 6770 
3 4820 6739 6770 
3 6770 6739 6771 
3 6739 6741 6771 
3 6771 6741 6772 
3 6741 6742 6772 
3 6774 6742 6743 
3 6774 6773 6742 
3 6773 6772 6742 
3 6773 6774 6775 
3 6769 6776 6738 
3 6776 6744 6738 
3 6774 6743 6745 
3 6775 6774 6745 
3 6775 6745 6777 
3 6777 6745 6746 
3 6777 6746 6778 
3 6746 6747 6778 
3 6778 6747 6779 
3 6747 6748 6779 
3 6744 6776 6779 
3 6744 6779 6748 
3 6751 6780 6750 
3 6750 6780 6752 
3 6780 6751 6753 
3 6780 6753 6752 
3 6781 6755 6756 
3 6755 6783 6757 
3 6781 6783 6755 
3 6781 6782 6783 
3 6781 6784 6782 
3 6782 6785 6783 
3 6783 6758 6757 
3 6785 6758 6783 
3 6785 6786 6758 
3 6786 6759 6758 
3 6788 6761 6759 
3 6788 6759 6787 
3 6787 6759 6786 
3 6764 6788 6787 
3 6764 6787 6762 
3 6762 6787 6789 
3 6789 6790 6762 
3 6762 6790 6765 
3 6765 6790 6791 
3 6767 6765 6791 
3 4868 4869 6792 
3 6788 6768 6761 
3 6788 6764 6768 
3 6791 6793 6767 
3 6793 6769 6767 
3 6792 4869 4844 
3 6792 4844 6794 
3 6794 4844 6770 
3 6794 6770 6795 
3 6770 6771 6795 
3 6795 6771 6796 
3 6771 6772 6796 
3 6798 6773 6797 
3 6798 6796 6773 
3 6796 6772 6773 
3 6773 6775 6797 
3 6800 6793 6799 
3 6800 6776 6793 
3 6776 6769 6793 
3 6799 6801 6800 
3 6798 6797 6802 
3 6797 6775 6777 
3 6797 6777 6802 
3 6802 6777 6803 
3 6803 6777 6804 
3 6777 6778 6804 
3 6806 6779 6805 
3 6806 6804 6779 
3 6804 6778 6779 
3 6805 6807 6808 
3 6779 6807 6805 
3 6779 6800 6807 
3 6779 6776 6800 
3 6800 6801 6807 
3 6806 6805 6809 
3 6805 6808 6809 
3 6811 6782 6784 
3 6810 6782 6811 
3 6813 6785 6782 
3 6813 6782 6812 
3 6812 6782 6810 
3 6812 6814 6813 
3 6813 6786 6785 
3 6814 6786 6813 
3 6814 6815 6786 
3 6815 6787 6786 
3 6815 6816 6787 
3 6787 6816 6789 
3 6816 6817 6789 
3 6789 6817 6790 
3 6790 6817 6818 
3 6791 6790 6818 
3 4868 6819 4897 
3 6792 6819 4868 
3 6818 6820 6791 
3 6820 6793 6791 
3 6819 6792 6794 
3 6821 6819 6794 
3 6821 6794 6822 
3 6794 6795 6822 
3 6824 6796 6823 
3 6824 6822 6796 
3 6822 6795 6796 
3 6826 6796 6798 
3 6826 6825 6796 
3 6823 6796 6827 
3 6827 6796 6825 
3 6825 6826 6828 
3 6820 6799 6793 
3 6829 6799 6820 
3 6799 6829 6830 
3 6801 6799 6830 
3 6824 6823 6831 
3 6823 6827 6831 
3 6798 6802 6826 
3 6828 6826 6802 
3 6828 6802 6832 
3 6832 6802 6803 
3 6834 6804 6833 
3 6834 6832 6804 
3 6832 6803 6804 
3 6804 6806 6833 
3 6808 6835 6836 
3 6807 6835 6808 
3 6835 6807 6801 
3 6830 6835 6801 
3 6834 6833 6837 
3 6833 6806 6809 
3 6833 6809 6837 
3 6837 6809 6838 
3 6838 6809 6808 
3 6836 6838 6808 
3 6839 6810 6811 
3 6841 6810 6839 
3 6841 6840 6810 
3 6840 6812 6810 
3 6812 6840 6842 
3 6814 6812 6842 
3 6842 6815 6814 
3 6843 6815 6842 
3 6843 6844 6815 
3 6815 6844 6816 
3 6846 6845 6817 
3 6846 6817 6844 
3 6844 6817 6816 
3 6817 6845 6818 
3 6848 4897 6819 
3 6848 6847 4897 
3 6847 4931 4897 
3 6847 6848 6849 
3 6846 6850 6845 
3 6845 6850 6851 
3 6845 6851 6818 
3 6818 6851 6820 
3 6848 6819 6821 
3 6849 6848 6821 
3 6849 6821 6852 
3 6852 6821 6822 
3 6854 6822 6824 
3 6854 6853 6822 
3 6853 6852 6822 
3 6827 6853 6854 
3 6827 6825 6853 
3 6825 6855 6853 
3 6825 6856 6855 
3 6828 6856 6825 
3 6851 6829 6820 
3 6857 6829 6851 
3 6829 6857 6858 
3 6830 6829 6858 
3 6854 6824 6831 
3 6854 6831 6827 
3 6856 6828 6832 
3 6859 6856 6832 
3 6861 6832 6834 
3 6861 6860 6832 
3 6860 6859 6832 
3 6860 6863 6862 
3 6861 6863 6860 
3 6836 6862 6863 
3 6836 6835 6862 
3 6865 6862 6864 
3 6864 6862 6835 
3 6864 6835 6830 
3 6864 6830 6866 
3 6866 6830 6858 
3 6861 6834 6837 
3 6863 6861 6837 
3 6838 6863 6837 
3 6865 6864 6867 
3 6863 6838 6836 
3 6864 6866 6867 
3 6868 6840 6841 
3 6840 6870 6842 
3 6868 6870 6840 
3 6868 6869 6870 
3 6868 6871 6869 
3 6869 6872 6870 
3 6870 6843 6842 
3 6872 6843 6870 
3 6872 6873 6843 
3 6873 6844 6843 
3 6875 6846 6844 
3 6875 6844 6874 
3 6874 6844 6873 
3 6874 6876 6875 
3 4963 4931 6877 
3 4931 6847 6877 
3 6879 6847 6849 
3 6879 6878 6847 
3 6878 6877 6847 
3 6878 6879 6880 
3 6875 6850 6846 
3 6850 6882 6851 
3 6875 6882 6850 
3 6875 6881 6882 
3 6875 6876 6881 
3 6881 6883 6882 
3 6879 6849 6852 
3 6880 6879 6852 
3 6880 6852 6884 
3 6884 6852 6853 
3 6884 6853 6885 
3 6853 6855 6885 
3 6855 6886 6885 
3 6856 6886 6855 
3 6882 6857 6851 
3 6857 6882 6883 
3 6857 6883 6858 
3 6858 6883 6887 
3 6886 6856 6859 
3 6888 6886 6859 
3 6888 6859 6889 
3 6859 6860 6889 
3 6889 6860 6890 
3 6860 6862 6890 
3 6892 6862 6865 
3 6892 6891 6862 
3 6891 6890 6862 
3 6891 6892 6866 
3 6891 6866 6887 
3 6887 6866 6858 
3 6892 6865 6867 
3 6892 6867 6866 
3 6895 6894 6893 
3 6893 6869 6871 
3 6893 6894 6869 
3 6894 6896 6869 
3 6898 6872 6869 
3 6898 6869 6897 
3 6897 6869 6896 
3 6897 6899 6898 
3 4988 4989 6900 
3 6898 6873 6872 
3 6899 6873 6898 
3 6899 6901 6873 
3 6901 6874 6873 
3 6874 6901 6902 
3 6876 6874 6902 
3 6900 4989 4963 
3 6900 4963 6903 
3 6903 4963 6877 
3 6903 6877 6904 
3 6877 6878 6904 
3 6878 6905 6904 
3 6880 6905 6878 
3 6902 6881 6876 
3 6906 6881 6902 
3 6881 6906 6907 
3 6883 6881 6907 
3 6905 6880 6884 
3 6908 6905 6884 
3 6908 6884 6909 
3 6884 6885 6909 
3 6885 6910 6909 
3 6886 6910 6885 
3 6907 6911 6883 
3 6911 6887 6883 
3 6910 6886 6888 
3 6912 6910 6888 
3 6912 6888 6913 
3 6888 6889 6913 
3 6913 6889 6914 
3 6889 6890 6914 
3 6914 6890 6915 
3 6890 6891 6915 
3 6915 6891 6887 
3 6911 6915 6887 
3 6916 6894 6895 
3 6918 6894 6916 
3 6918 6917 6894 
3 6917 6896 6894 
3 6917 6919 6896 
3 6896 6919 6897 
3 6921 6899 6897 
3 6921 6897 6920 
3 6920 6897 6919 
3 6920 6922 6921 
3 6924 4988 6900 
3 6924 6923 4988 
3 6923 5023 4988 
3 6923 6924 6925 
3 6921 6901 6899 
3 6901 6927 6902 
3 6921 6927 6901 
3 6921 6926 6927 
3 6921 6922 6926 
3 6926 6928 6927 
3 6924 6900 6903 
3 6925 6924 6903 
3 6925 6903 6929 
3 6929 6903 6904 
3 6931 6904 6905 
3 6931 6930 6904 
3 6930 6929 6904 
3 6930 6931 6932 
3 6927 6906 6902 
3 6906 6927 6928 
3 6906 6928 6907 
3 6907 6928 6933 
3 6931 6905 6908 
3 6932 6931 6908 
3 6932 6908 6934 
3 6934 6908 6909 
3 6936 6909 6910 
3 6936 6935 6909 
3 6935 6934 6909 
3 6935 6936 6937 
3 6933 6938 6907 
3 6938 6911 6907 
3 6936 6910 6912 
3 6936 6912 6913 
3 6936 6913 6940 
3 6936 6940 6937 
3 6939 6940 6913 
3 6939 6941 6942 
3 6939 6913 6941 
3 6913 6914 6941 
3 6941 6914 6943 
3 6914 6915 6943 
3 6943 6915 6911 
3 6938 6943 6911 
3 6940 6939 6944 
3 6939 6942 6944 
3 6945 6917 6918 
3 1612 6917 6945 
3 1612 1611 6917 
3 1611 6919 6917 
3 1611 1615 6919 
3 6919 1615 6920 
3 6946 6922 6920 
3 6946 6920 1617 
3 1617 6920 1615 
3 1617 1619 6946 
3 33 5023 1621 
3 5023 6923 1621 
3 6947 6923 6925 
3 6947 1623 6923 
3 1623 1621 6923 
3 1623 6947 1625 
3 6946 6926 6922 
3 6926 6946 1619 
3 6926 1619 6928 
3 6928 1619 1627 
3 6947 6925 6929 
3 1625 6947 6929 
3 1625 6929 1629 
3 1629 6929 6930 
3 6930 1632 1629 
3 6932 1632 6930 
3 6948 1627 1635 
3 6948 6933 1627 
3 6933 6928 1627 
3 1635 1637 6948 
3 1632 6932 6934 
3 1638 1632 6934 
3 1641 6935 6949 
3 1641 1638 6935 
3 1638 6934 6935 
3 6935 6937 6949 
3 1648 6933 6948 
3 1648 1649 6933 
3 1649 6938 6933 
3 6948 1637 1648 
3 1641 6949 1650 
3 6949 6937 6940 
3 6949 6940 1652 
3 6949 1652 1650 
3 1652 6940 6950 
3 6942 1652 6950 
3 6942 6941 1652 
3 6941 1654 1652 
3 1654 6941 1656 
3 6941 6943 1656 
3 1656 6943 6938 
3 1649 1656 6938 
3 6950 6940 6944 
3 6950 6944 6942 
3 5576 6951 6952 
3 5577 5576 6952 
3 6951 6953 6954 
3 6952 6951 6954 
3 6953 6955 6954 
3 6952 4589 5577 
3 6514 4589 6952 
3 6954 6514 6952 
3 6515 6514 6954 
3 6955 6515 6954 
3 6955 6956 6515 
3 6956 6517 6515 
3 6517 6956 6957 
3 6519 6517 6957 
3 6957 6520 6519 
3 6958 6520 6957 
3 6958 6959 6520 
3 6520 6959 6521 
3 6961 6522 6521 
3 6961 6521 6960 
3 6960 6521 6959 
3 6960 6962 6961 
3 5586 4597 6963 
3 4597 6523 6963 
3 6965 6523 6525 
3 6965 6964 6523 
3 6964 6963 6523 
3 6964 6967 6966 
3 6965 6967 6964 
3 6966 6967 6968 
3 6961 6526 6522 
3 6526 6970 6527 
3 6961 6970 6526 
3 6961 6969 6970 
3 6961 6962 6969 
3 6969 6971 6970 
3 6965 6525 6528 
3 6967 6965 6528 
3 6529 6967 6528 
3 6968 6967 6529 
3 6968 6529 6972 
3 6972 6529 6531 
3 6972 6531 6973 
3 6531 6533 6973 
3 6975 6533 6535 
3 6975 6974 6533 
3 6974 6973 6533 
3 6977 6527 6975 
3 6977 6536 6527 
3 6975 6527 6974 
3 6970 6976 6527 
3 6974 6527 6976 
3 6976 6970 6971 
3 6977 6539 6536 
3 6975 6535 6540 
3 6977 6975 6540 
3 6542 6977 6540 
3 6977 6542 6539 
3 5639 6978 6979 
3 5640 5639 6979 
3 6978 6980 6979 
3 6979 5576 5640 
3 6951 5576 6979 
3 6980 6951 6979 
3 6980 6981 6951 
3 6981 6953 6951 
3 6983 6955 6953 
3 6983 6953 6982 
3 6982 6953 6981 
3 6982 6984 6983 
3 6983 6956 6955 
3 6956 6986 6957 
3 6983 6986 6956 
3 6983 6985 6986 
3 6983 6984 6985 
3 6985 6987 6986 
3 5652 5653 6988 
3 6986 6958 6957 
3 6986 6959 6958 
3 6986 6990 6959 
3 6986 6987 6990 
3 6989 6959 6990 
3 6960 6959 6989 
3 6991 6960 6989 
3 6991 6962 6960 
3 6994 6992 6993 
3 6992 6995 6993 
3 6988 5653 5586 
3 6988 5586 6996 
3 6996 5586 6963 
3 6996 6963 6997 
3 6963 6964 6997 
3 6997 6964 6998 
3 6964 6966 6998 
3 7000 6966 6968 
3 7000 6999 6966 
3 6999 6998 6966 
3 7001 7000 7002 
3 7001 6989 7000 
3 6999 7000 6990 
3 6990 7000 6989 
3 7004 6989 7001 
3 7004 7003 6989 
3 7003 6991 6989 
3 6994 6969 7005 
3 6994 6993 6969 
3 7005 6969 7003 
3 6962 6991 6969 
3 7003 6969 6991 
3 6969 6993 6995 
3 6969 6995 6971 
3 6971 6995 7006 
3 7000 6968 6972 
3 7002 7000 6972 
3 7002 6972 7007 
3 7007 6972 6973 
3 7003 7004 7007 
3 7003 7007 6974 
3 6974 7007 6973 
3 7005 7003 6974 
3 7005 6974 7008 
3 7008 6974 6976 
3 7008 6976 6971 
3 7006 7008 6971 
3 5704 7009 5639 
3 5639 7009 6978 
3 6978 7009 7010 
3 6980 6978 7010 
3 7010 6981 6980 
3 7011 6981 7010 
3 7013 7012 6982 
3 7013 6982 7011 
3 7011 6982 6981 
3 6982 7012 6984 
3 7013 7014 7012 
3 7016 7015 6985 
3 7014 7016 6985 
3 7014 6985 6984 
3 7014 6984 7012 
3 6985 7015 6987 
3 7018 5652 6988 
3 7018 7017 5652 
3 7017 5719 5652 
3 7017 7020 7019 
3 7018 7020 7017 
3 7019 7022 7021 
3 7020 7022 7019 
3 7023 7022 7024 
3 7023 7015 7022 
3 7021 7022 7016 
3 7016 7022 7015 
3 7015 7023 7025 
3 7015 7025 6987 
3 6987 7025 6990 
3 6994 7027 7026 
3 6992 6994 7026 
3 7029 6995 6992 
3 7029 6992 7028 
3 7028 6992 7026 
3 7028 7030 7029 
3 7018 6988 6996 
3 7020 7018 6996 
3 6997 7020 6996 
3 7022 7020 6997 
3 6998 7022 6997 
3 7022 6998 6999 
3 7022 6999 7032 
3 7022 7032 7024 
3 7031 7032 6999 
3 7033 7001 7002 
3 7031 6999 7034 
3 7034 6999 6990 
3 7034 6990 7025 
3 7001 7033 7004 
3 7036 7035 7027 
3 7036 7027 7005 
3 7005 7027 6994 
3 7037 7035 7029 
3 7037 7038 7035 
3 7029 7035 6995 
3 7036 7006 7035 
3 6995 7035 7006 
3 7032 7031 7039 
3 7031 7034 7039 
3 7002 7007 7033 
3 7033 7007 7004 
3 7036 7005 7008 
3 7038 7037 7040 
3 7036 7008 7006 
3 7042 7041 7009 
3 7042 7009 5768 
3 5768 7009 5704 
3 7009 7041 7010 
3 7042 7043 7041 
3 7045 7044 7011 
3 7043 7045 7011 
3 7043 7011 7010 
3 7043 7010 7041 
3 7011 7044 7013 
3 7045 7046 7044 
3 7044 7014 7013 
3 7044 7046 7014 
3 7046 7047 7014 
3 7014 7047 7048 
3 7016 7014 7048 
3 5783 5719 7049 
3 5719 7017 7049 
3 7049 7017 7050 
3 7017 7019 7050 
3 7052 7021 7051 
3 7052 7050 7021 
3 7050 7019 7021 
3 7023 7051 7053 
3 7023 7024 7051 
3 7053 7051 7048 
3 7021 7016 7051 
3 7048 7051 7016 
3 7023 7053 7054 
3 7025 7023 7054 
3 7026 7027 7055 
3 7055 7057 7056 
3 7055 7056 7026 
3 7026 7056 7028 
3 7052 7051 7058 
3 7051 7024 7032 
3 7051 7032 7059 
3 7051 7059 7058 
3 7059 7032 7060 
3 7059 7060 7034 
3 7059 7034 7054 
3 7054 7034 7025 
3 7055 7027 7035 
3 7035 7038 7062 
3 7055 7035 7062 
3 7055 7062 7061 
3 7055 7061 7057 
3 7060 7032 7039 
3 7060 7039 7034 
3 7062 7038 7040 
3 5768 5859 7042 
3 5859 7043 7042 
3 5859 5870 7043 
3 5870 7063 7043 
3 7043 7063 7064 
3 7045 7043 7064 
3 5878 7066 7065 
3 5879 7066 5878 
3 7065 7066 7067 
3 7065 7067 7045 
3 7065 7045 7064 
3 7045 7067 7046 
3 7047 7046 7067 
3 7068 7047 7067 
3 7047 7068 7048 
3 7066 5879 5783 
3 7049 7066 5783 
3 7067 7066 7049 
3 7050 7067 7049 
3 7050 7052 7069 
3 7050 7069 7067 
3 7067 7069 7068 
3 7053 7048 7068 
3 7053 7068 7070 
3 7070 7068 7069 
3 7053 7070 7054 
3 7069 7052 7058 
3 7070 7069 7058 
3 7059 7070 7058 
3 7070 7059 7054 
3 7072 7071 7063 
3 7072 7063 5915 
3 5915 7063 5870 
3 7063 7071 7064 
3 7071 7072 5921 
3 7071 5921 7065 
3 7065 5921 5878 
3 7071 7065 7064 
3 5915 5922 7073 
3 7072 5915 7073 
3 5924 5921 7072 
3 7073 5924 7072 
3 5922 5925 7073 
3 5925 5924 7073 
3 5295 6700 4775 
3 5295 5327 6728 
3 6700 5295 6728 
3 6754 6728 5327 
3 6754 5327 7074 
3 7074 5327 5360 
3 7074 6756 6754 
3 5388 7075 5389 
3 7075 5360 5389 
3 7075 7076 5360 
3 7076 7074 5360 
3 6781 6756 7074 
3 6781 7074 7077 
3 7077 7074 7076 
3 7077 6784 6781 
3 7079 7075 5388 
3 7079 5388 7078 
3 7078 5388 5418 
3 7078 7080 7079 
3 7079 7076 7075 
3 7080 7076 7079 
3 7080 7081 7076 
3 7081 7077 7076 
3 7077 7081 6811 
3 6784 7077 6811 
3 5442 7082 5443 
3 7082 5418 5443 
3 7082 7083 5418 
3 7083 7078 5418 
3 7078 7083 7084 
3 7080 7078 7084 
3 7084 7081 7080 
3 7085 7081 7084 
3 6839 6811 7081 
3 6839 7081 7086 
3 7086 7081 7085 
3 7086 6841 6839 
3 5442 5470 7087 
3 7082 5442 7087 
3 7087 7083 7082 
3 7088 7083 7087 
3 7090 7084 7083 
3 7090 7083 7089 
3 7089 7083 7088 
3 7089 7091 7090 
3 7090 7085 7084 
3 7091 7085 7090 
3 7091 7092 7085 
3 7092 7086 7085 
3 6868 6841 7086 
3 6868 7086 7093 
3 7093 7086 7092 
3 7093 6871 6868 
3 5470 5497 7094 
3 7087 5470 7094 
3 7094 7088 7087 
3 7095 7088 7094 
3 7095 7096 7088 
3 7088 7096 7089 
3 7089 7096 7097 
3 7091 7089 7097 
3 7097 7092 7091 
3 7098 7092 7097 
3 6895 6893 7093 
3 6895 7093 7098 
3 7098 7093 7092 
3 7093 6893 6871 
3 7100 7094 5497 
3 7100 5497 7099 
3 7099 5497 5522 
3 7099 7101 7100 
3 7100 7095 7094 
3 7101 7095 7100 
3 7101 7102 7095 
3 7102 7096 7095 
3 7096 7102 7103 
3 7097 7096 7103 
3 7103 7098 7097 
3 7104 7098 7103 
3 6916 6895 7098 
3 6916 7098 7105 
3 7105 7098 7104 
3 7105 6918 6916 
3 3688 6188 5522 
3 5522 6188 7099 
3 7099 6188 6191 
3 7101 7099 6191 
3 6191 7102 7101 
3 6195 7102 6191 
3 7106 7103 7102 
3 7106 7102 6196 
3 6196 7102 6195 
3 6196 6199 7106 
3 7106 7104 7103 
3 6199 7104 7106 
3 6199 6201 7104 
3 6201 7105 7104 
3 6945 6918 7105 
3 6945 7105 6203 
3 6203 7105 6201 
3 6203 1612 6945 
