ply
format ascii 1.0
comment created by gply, a Houdini tool.
comment converted from .[b]geo
comment for more information about Houdini, try:
comment www.sidefx.com
element vertex 3860
property float x
property float y
property float z
property uchar red
property uchar green
property uchar blue
element face 7720
property list uchar int vertex_indices
end_header
-0.297902107 0.0349747837 0.577127576 162 211 225 
-0.310988218 0.0422580838 0.582527578 167 217 229 
-0.299283773 0.0392562747 0.592983961 166 216 228 
-0.249321029 0.0296483338 0.568891585 129 164 182 
-0.249630451 0.0263724029 0.619500995 143 188 202 
-0.262808055 0.0310799479 0.623509884 150 195 207 
-0.2507779 0.0301195085 0.630542159 148 194 204 
-0.20108518 0.0256784856 0.561431587 129 163 182 
-0.20667702 0.0263120234 0.562390685 128 162 180 
-0.201367974 0.026592046 0.564263463 130 165 183 
-0.204043925 0.0328123271 0.617994845 154 198 213 
-0.20643428 0.0415877104 0.630222738 159 205 218 
-0.152594447 0.0207072198 0.553398728 130 164 182 
-0.146910608 -0.00611785054 0.590539098 149 188 205 
-0.176330179 0.010817498 0.602984548 153 195 210 
-0.150563449 0.00607609749 0.622739792 171 218 227 
-0.16219002 0.0539188385 0.624877334 155 191 204 
-0.166583091 0.0543705523 0.625605822 155 192 204 
-0.162772313 0.0564305186 0.623699903 155 190 203 
-0.102573261 0.00972220302 0.541926384 153 184 202 
-0.103774376 0.0100250542 0.542223096 153 184 201 
-0.102525786 0.00934189558 0.543973148 153 184 202 
-0.101188764 -0.000209569931 0.588728905 152 191 205 
-0.104344644 0.00826129317 0.639485002 172 214 218 
-0.115407802 0.0556606352 0.620684087 156 197 212 
-0.120282829 0.077077508 0.606507301 155 196 211 
-0.0520560443 -0.00321170688 0.529339314 138 179 199 
-0.0513676703 -0.0104082525 0.577706277 169 215 232 
-0.0794723257 -0.00693258643 0.582685351 158 199 215 
-0.0518126786 -0.0107215345 0.601617575 178 228 241 
-0.0606241673 0.0228144228 0.633494735 159 194 207 
-0.0771209225 0.0952745378 0.585668921 154 198 212 
-0.0883635208 0.0961428583 0.587376714 154 198 213 
-0.0673671141 0.052457571 0.61366266 153 190 206 
-0.00212351233 -0.0138482749 0.518066227 158 206 227 
-0.0228677019 -0.0115858614 0.521576405 148 193 214 
-0.00218255818 -0.0153389871 0.537342548 169 217 236 
-0.00767965615 0.00349149108 0.580466807 168 211 229 
-0.0089404881 0.00803098083 0.587907612 166 208 226 
-0.0190492123 0.047988832 0.607979536 164 202 218 
-0.0286632627 0.0904331207 0.57771039 147 190 206 
-0.0197720565 0.0510055721 0.60764271 163 200 218 
0.0413062125 0.0010663569 0.521407187 185 233 246 
0.0411090478 0.0013372004 0.527449369 187 234 246 
-0.00152392685 0.0119343102 0.58438319 169 212 229 
0.0330329463 0.0312326849 0.56601876 177 225 239 
-0.0150791854 0.0498471856 0.606496871 162 200 217 
0.0219457895 0.0760342181 0.577186704 145 191 208 
0.0197850838 0.0856283009 0.56977278 145 190 207 
-0.304399133 0.0605032742 0.591728687 157 203 216 
-0.26991415 0.0933936238 0.605831206 158 197 213 
-0.255725622 0.0503218472 0.633198977 148 189 202 
-0.265353471 0.0921901166 0.609964788 158 197 214 
-0.266248763 0.0961617529 0.606934249 157 196 213 
-0.215708837 0.0831385553 0.594296098 147 188 204 
-0.260903329 0.0955746174 0.606027484 157 197 214 
-0.209866703 0.0556915402 0.631080747 154 197 211 
-0.171572715 0.0952776074 0.596049607 149 192 208 
-0.125798732 0.100980937 0.594122171 155 197 211 
0.0613871217 0.00880742073 0.523411632 184 232 242 
0.0727184713 0.0527439415 0.546067417 165 218 236 
0.0296782181 0.0835202038 0.567538917 146 191 208 
0.372437298 -0.00110468268 0.483839184 192 245 254 
0.368416399 0.000734061003 0.485281318 192 246 254 
0.372472584 -0.00196775794 0.491810054 192 246 254 
0.370018125 0.00840094686 0.489275962 190 243 252 
0.380657285 0.00369688869 0.48554793 188 242 252 
-0.52088809 0.0731745362 -0.424740165 183 243 253 
-0.523627639 0.0768421888 -0.422443986 183 242 253 
-0.522256076 0.0788863003 -0.425407588 182 241 253 
-0.521689057 0.0760792196 -0.420247406 183 242 253 
-0.541971207 0.113596082 -0.400434583 182 239 252 
-0.532686651 0.120437443 -0.408264577 184 241 252 
-0.528184056 0.0981476605 -0.367289811 180 240 252 
-0.532518446 0.118873 -0.398602754 183 240 251 
-0.476036012 0.0914840102 -0.524423838 169 228 245 
-0.477580309 0.0924734473 -0.523715854 169 228 245 
-0.476667345 0.094275713 -0.526460707 169 228 245 
-0.470231593 0.0641851723 -0.487554342 184 239 250 
-0.476736516 0.0698378384 -0.483764559 182 236 249 
-0.465309441 0.0403529704 -0.448702067 186 243 253 
-0.495489359 0.0424589813 -0.444240063 187 245 251 
-0.462782145 0.0259308815 -0.404467702 186 243 252 
-0.470575929 0.0256493092 -0.403764427 189 245 253 
-0.462562025 0.0244482458 -0.398098618 185 242 252 
-0.50009656 0.128217399 -0.501797318 173 230 243 
-0.48694405 0.135065049 -0.507917285 174 230 242 
-0.512194812 0.102449268 -0.462127954 177 237 246 
-0.500731826 0.0595441163 -0.382012337 189 246 253 
-0.4633843 0.0238049328 -0.353200465 181 239 251 
-0.496651411 0.037691921 -0.341990501 184 243 253 
-0.463567585 0.0200332701 -0.302874506 179 239 251 
-0.470864862 0.0210935473 -0.30149585 183 241 251 
-0.463533103 0.0191706717 -0.294871509 179 238 250 
-0.494039297 0.162223399 -0.483964115 179 228 241 
-0.510903716 0.143955618 -0.439690858 189 245 253 
-0.495086282 0.165287942 -0.469949812 182 232 243 
-0.526331067 0.0945418775 -0.360160947 179 240 252 
-0.508888364 0.0759238899 -0.319848061 180 238 251 
-0.489983708 0.0576598346 -0.279503316 184 242 252 
-0.466877937 0.0285487473 -0.24552083 185 241 251 
-0.485165328 0.0359862447 -0.239465386 190 246 253 
-0.50346148 0.186950803 -0.417119771 184 240 251 
-0.502260566 0.190719038 -0.423173696 183 239 250 
-0.496224433 0.161825836 -0.379225135 184 243 253 
-0.500362456 0.181322485 -0.40590027 184 241 252 
-0.503537536 0.141252726 -0.337255508 179 242 252 
-0.495170087 0.155618072 -0.358648479 181 243 253 
-0.522925735 0.113720119 -0.29774487 179 238 252 
-0.508708775 0.0943214297 -0.257502228 185 241 253 
-0.50300312 0.0728625953 -0.217444986 184 240 252 
-0.504600644 0.199229687 -0.410315007 182 238 250 
-0.494703114 0.151356429 -0.332729995 178 241 252 
-0.492841452 0.139549494 -0.286999822 184 242 252 
-0.500065982 0.137607157 -0.234905034 179 239 253 
-0.494610131 0.14276126 -0.241488695 180 241 253 
-0.516674519 0.110747337 -0.195333824 180 238 252 
-0.495241135 0.144486666 -0.231692851 179 240 253 
-0.494731307 0.137991697 -0.182924479 181 239 253 
-0.417451322 0.0423590541 -0.505227327 196 251 254 
-0.418042094 0.0428506136 -0.504895031 196 250 254 
-0.417629689 0.0430867672 -0.50512445 196 251 254 
-0.416380763 0.0369039476 -0.493758768 193 248 254 
-0.431359112 0.101498187 -0.523885608 184 242 251 
-0.432097018 0.104621589 -0.524716973 183 241 250 
-0.413436681 0.0220927596 -0.464335531 186 242 253 
-0.410585999 0.00639995933 -0.420827955 178 237 249 
-0.414978117 0.0198756456 -0.368930608 181 238 254 
-0.435693055 0.118527323 -0.514145732 184 240 249 
-0.453069657 0.139599949 -0.500773013 182 235 245 
-0.441314638 0.140168101 -0.496535838 185 239 246 
-0.415385872 0.0207679272 -0.360126942 181 238 253 
-0.417831838 0.0258870423 -0.304715902 184 242 253 
-0.418591917 0.0276806355 -0.289752841 186 244 254 
-0.444146663 0.151743621 -0.495147556 185 240 248 
-0.487235159 0.172524273 -0.479108244 181 232 243 
-0.452936769 0.187618017 -0.490236372 184 244 253 
-0.42109713 0.0342252851 -0.247463584 188 245 254 
-0.465710372 0.24096483 -0.49660024 170 220 239 
-0.466475666 0.241582632 -0.496180087 170 220 239 
-0.466029704 0.242348969 -0.497321457 170 220 239 
-0.495141834 0.21180439 -0.456871539 177 235 247 
-0.493835628 0.166440845 -0.376977146 184 244 253 
-0.48304233 0.278766602 -0.474131972 171 227 246 
-0.477933317 0.291192412 -0.493583798 170 224 243 
-0.495631099 0.252879769 -0.434473217 179 238 252 
-0.507938027 0.227061123 -0.394808322 177 236 248 
-0.49429366 0.207523793 -0.354578167 180 241 253 
-0.487354428 0.186363578 -0.314494073 181 241 253 
-0.479561955 0.165409833 -0.274391353 187 245 253 
-0.495105088 0.317040741 -0.451985747 169 223 247 
-0.487469375 0.328315139 -0.468300104 164 219 241 
-0.502171457 0.292490572 -0.412206709 174 231 250 
-0.502664447 0.269531399 -0.372284502 173 233 251 
-0.490496248 0.249636769 -0.332086474 174 235 251 
-0.478574514 0.229682535 -0.29189387 177 238 253 
-0.481122911 0.206225887 -0.252016395 179 239 253 
-0.481221318 0.183362246 -0.212085575 176 236 251 
-0.478305906 0.161228061 -0.17208913 179 237 252 
-0.503238499 0.356265962 -0.429753929 168 222 247 
-0.496669024 0.36377281 -0.439955622 169 223 248 
-0.505340338 0.332917422 -0.389866769 165 224 248 
-0.500333726 0.3112894 -0.349824756 163 222 248 
-0.489650697 0.291035295 -0.309659094 164 223 248 
-0.482558757 0.269912034 -0.269571662 167 228 250 
-0.487122297 0.245967641 -0.229738116 170 227 248 
-0.48700732 0.223155618 -0.189802647 176 233 250 
-0.481801659 0.201575786 -0.149756297 177 232 248 
-0.500183523 0.376418591 -0.419126838 168 221 246 
-0.497233093 0.360333651 -0.375843555 162 219 246 
-0.491328716 0.332642078 -0.339198679 159 217 245 
-0.48880896 0.318249553 -0.294947356 161 219 246 
-0.494226664 0.308281749 -0.247416854 161 219 246 
-0.490737796 0.32432574 -0.273915589 160 218 245 
-0.487796158 0.286998391 -0.207343817 169 226 249 
-0.490132987 0.263592929 -0.167461753 172 227 247 
-0.490989327 0.240545809 -0.127547458 173 228 247 
-0.495281547 0.339190185 -0.230487108 162 221 247 
-0.495289922 0.326378405 -0.185098082 171 229 251 
-0.495352656 0.337086737 -0.203848362 167 226 250 
-0.496737212 0.303188264 -0.145196646 174 228 250 
-0.497008175 0.280282855 -0.105269596 171 225 247 
-0.506118834 0.364951193 -0.162925005 168 224 248 
-0.503996849 0.36979419 -0.170448244 168 224 248 
-0.5027951 0.342915863 -0.122919641 174 229 250 
-0.502858579 0.320060641 -0.0829880685 174 229 249 
-0.505315065 0.37412256 -0.158024222 169 224 248 
-0.504769683 0.367487758 -0.10933584 173 228 251 
-0.510944128 0.359297454 -0.0607552193 170 225 248 
-0.507439375 0.37675184 -0.0897127911 172 227 250 
-0.372988582 0.0532147884 -0.50420779 195 247 250 
-0.373213619 0.0541963279 -0.504784524 195 246 250 
-0.366112709 0.0217059851 -0.469746262 188 243 253 
-0.411489785 0.0215966702 -0.464819342 186 242 253 
-0.365402967 0.0155302584 -0.433705717 185 241 253 
-0.387083143 0.113087654 -0.522446454 188 245 250 
-0.387697697 0.115814179 -0.524529696 187 244 249 
-0.366061956 0.0170146823 -0.419946283 185 241 253 
-0.366723806 0.0151233971 -0.368544847 183 239 252 
-0.405007899 0.018679738 -0.362403303 181 238 253 
-0.368544787 0.0209989548 -0.350233257 183 240 252 
-0.402086109 0.151940167 -0.499662548 185 243 248 
-0.397348195 0.153503567 -0.500287771 185 243 248 
-0.37167725 0.0300948918 -0.307498664 178 239 253 
-0.371075541 0.0234424174 -0.261199564 187 242 254 
-0.408994466 0.20107308 -0.494208187 186 244 252 
-0.371162176 0.0235792398 -0.258742094 187 242 254 
-0.463410646 0.242324501 -0.49611333 170 221 240 
-0.420238584 0.246651426 -0.484468281 181 238 250 
-0.425299346 0.267740697 -0.48647514 178 236 250 
-0.433585554 0.30264014 -0.49386555 173 234 252 
-0.444760829 0.347877741 -0.483499289 166 225 248 
-0.448801309 0.364577532 -0.483572036 166 225 249 
-0.473178446 0.386381626 -0.469032139 170 227 252 
-0.456590205 0.396353662 -0.479085952 166 225 250 
-0.487020522 0.424225092 -0.446924657 168 225 250 
-0.468488097 0.445168614 -0.475295842 163 218 238 
-0.495738864 0.399275035 -0.40718165 169 224 247 
-0.493808448 0.376902491 -0.367206633 162 220 246 
-0.487529725 0.355582356 -0.327136904 159 217 245 
-0.486469299 0.33299917 -0.287180841 162 219 245 
-0.476857483 0.479309201 -0.470433921 168 221 243 
-0.481877357 0.489503652 -0.464336663 171 223 247 
-0.48000294 0.492087394 -0.468019992 170 223 246 
-0.490314931 0.464621544 -0.424587458 173 230 251 
-0.498905599 0.439702392 -0.384841651 174 231 251 
-0.490034223 0.419009835 -0.344715446 169 227 250 
-0.480858207 0.398391008 -0.304582626 170 228 250 
-0.484020084 0.374785841 -0.264718533 166 225 248 
-0.493820429 0.34957391 -0.22499904 163 222 248 
-0.494431496 0.52765888 -0.442201138 170 224 247 
-0.490427583 0.533609211 -0.450823098 170 224 245 
-0.481497884 0.493050694 -0.410091251 173 229 249 
-0.487327814 0.518263936 -0.422614306 172 226 248 
-0.477264255 0.471923977 -0.36969161 173 230 249 
-0.473500252 0.452642351 -0.328236639 170 229 251 
-0.466932029 0.42234233 -0.293083698 173 232 253 
-0.474067271 0.418388724 -0.242092788 168 228 253 
-0.468607992 0.425592721 -0.252259016 169 230 254 
-0.48683995 0.392457336 -0.202438027 169 228 250 
-0.491880327 0.538337767 -0.4366723 171 225 248 
-0.469428688 0.427660495 -0.237558752 169 230 254 
-0.478628308 0.435638756 -0.179850221 173 230 252 
-0.473782957 0.441126317 -0.187288538 173 231 253 
-0.493550211 0.409187198 -0.140242279 173 228 250 
-0.504297614 0.383746028 -0.10054341 172 227 251 
-0.327362657 0.0594999492 -0.505802453 182 234 247 
-0.329567403 0.0691171587 -0.511450887 183 235 249 
-0.322034776 0.0340735614 -0.46786201 182 241 253 
-0.32136485 0.0285108984 -0.436805397 180 236 252 
-0.385209411 0.114831209 -0.521703839 187 245 250 
-0.341315508 0.117190599 -0.506297708 185 242 249 
-0.322948635 0.0331723988 -0.41589427 182 237 253 
-0.32420367 0.0336120725 -0.363159627 181 238 252 
-0.32465449 0.0347113609 -0.354678124 180 239 252 
-0.389973968 0.154871821 -0.499398708 186 244 249 
-0.352537781 0.162660927 -0.496359259 190 248 254 
-0.329272658 0.0490375161 -0.301853806 176 238 252 
-0.330003977 0.0511088967 -0.291295826 178 239 253 
-0.354142964 0.169218361 -0.495531708 189 247 254 
-0.364260882 0.210610852 -0.490978926 188 247 254 
-0.330882519 0.0508713126 -0.248321742 186 243 254 
-0.374659508 0.254324913 -0.499337822 177 238 251 
-0.396940202 0.258413225 -0.494665474 177 236 249 
-0.37785542 0.267824888 -0.502628624 175 235 250 
-0.38884145 0.312125742 -0.490540445 173 234 251 
-0.400719851 0.360844284 -0.48657304 169 229 248 
-0.402343899 0.367595613 -0.487035275 169 229 249 
-0.412915289 0.411132365 -0.485490948 166 225 246 
-0.424017608 0.456008852 -0.47446084 162 220 241 
-0.429221362 0.477695793 -0.476546198 163 222 244 
-0.437186807 0.511117458 -0.4822402 166 225 246 
-0.448493421 0.557005286 -0.473069221 171 228 248 
-0.470778406 0.510544062 -0.401752979 174 231 250 
-0.465198845 0.489054739 -0.361698508 174 231 251 
-0.464645714 0.466348827 -0.321753472 169 229 251 
-0.452647626 0.44641304 -0.281559199 169 228 253 
-0.452247232 0.572662055 -0.474712998 169 226 248 
-0.468488038 0.597971976 -0.45916006 166 225 249 
-0.460781425 0.607751608 -0.472829401 167 224 247 
-0.469855934 0.574801028 -0.419256896 171 229 250 
-0.458496451 0.554710686 -0.379076481 176 234 253 
-0.450746715 0.53374666 -0.338974744 176 232 254 
-0.437773585 0.497824252 -0.307584107 171 231 254 
-0.445320427 0.531212986 -0.332130373 175 232 254 
-0.433812499 0.477768242 -0.266572058 168 228 253 
-0.449901521 0.46543172 -0.219157428 168 228 252 
-0.435297608 0.481595635 -0.240920007 168 228 253 
-0.282419205 0.0684666932 -0.505863369 184 242 251 
-0.285529077 0.0820966363 -0.514548421 186 243 253 
-0.275857806 0.0381935537 -0.470695049 185 241 252 
-0.274835765 0.0296857953 -0.423077941 181 241 254 
-0.286485732 0.0290132463 -0.422163606 180 239 254 
-0.27497828 0.0298656523 -0.418533504 181 240 254 
-0.297224402 0.129908979 -0.508915246 186 243 250 
-0.279209197 0.0423783362 -0.363335192 180 239 253 
-0.279910445 0.0441972613 -0.351353526 179 238 252 
-0.307022721 0.168330133 -0.486018509 196 252 254 
-0.283194125 0.0535442829 -0.304465592 176 236 253 
-0.28350991 0.05193156 -0.272045821 183 242 254 
-0.322198033 0.212470382 -0.475513488 188 246 253 
-0.317992926 0.212552875 -0.473786622 188 246 253 
-0.283349216 0.0496619344 -0.254202932 187 244 254 
-0.350478321 0.269659013 -0.493653446 178 237 251 
-0.318888187 0.216254443 -0.47381869 188 246 253 
-0.331487775 0.269273311 -0.484528929 181 239 251 
-0.336524367 0.290043324 -0.484097987 180 238 252 
-0.342992455 0.316141814 -0.477160752 180 237 252 
-0.355969936 0.370301306 -0.483195364 172 233 252 
-0.358876675 0.382362962 -0.483778507 173 234 252 
-0.367942035 0.419483662 -0.480080634 174 233 251 
-0.37945205 0.46637845 -0.472760707 168 227 246 
-0.385303766 0.49069348 -0.474301577 169 229 248 
-0.391930103 0.518065572 -0.474250466 172 234 253 
-0.403088003 0.563217163 -0.463726103 169 230 251 
-0.410023272 0.592314482 -0.468662173 168 228 250 
-0.416903585 0.621525645 -0.477387697 167 227 250 
-0.419966877 0.51835686 -0.298371345 172 231 254 
-0.418583989 0.495851755 -0.258408248 167 228 253 
-0.236120075 0.0721066296 -0.508970916 189 245 253 
-0.241977453 0.0974855721 -0.522075176 187 241 250 
-0.228252381 0.0367006361 -0.476738393 181 238 250 
-0.229103908 0.0355546772 -0.424910665 179 238 252 
-0.229466856 0.0355526805 -0.408225507 176 235 251 
-0.253456771 0.144228548 -0.514476299 182 237 246 
-0.229597822 0.0330035686 -0.373886585 174 234 251 
-0.234463528 0.0502037108 -0.341632724 174 235 253 
-0.261323452 0.173087269 -0.47400108 196 250 254 
-0.23680307 0.0568229854 -0.307779789 171 233 254 
-0.235414267 0.0468742549 -0.260986835 175 235 254 
-0.264440656 0.0482172966 -0.257066607 183 241 254 
-0.272245586 0.217071861 -0.461331457 189 247 253 
-0.281329691 0.254238397 -0.45728305 186 244 253 
-0.283990502 0.265129447 -0.456149042 184 243 253 
-0.329353422 0.31596598 -0.470784366 181 239 254 
-0.295738637 0.313203156 -0.450996369 183 243 254 
-0.305924714 0.355370373 -0.451923341 173 237 254 
-0.308206528 0.364839971 -0.452393621 172 236 254 
-0.341276973 0.418307483 -0.466159075 176 237 254 
-0.320705026 0.416628242 -0.454069257 175 237 254 
-0.325844586 0.438132375 -0.45707041 175 237 254 
-0.33477208 0.476181507 -0.470019162 175 234 254 
-0.343512267 0.512045026 -0.467278928 175 235 254 
-0.346535772 0.524332166 -0.465007871 175 236 254 
-0.358888924 0.575400829 -0.465360761 170 230 251 
-0.365163684 0.601610661 -0.468534619 170 231 252 
-0.371656299 0.62852037 -0.469483554 172 234 254 
-0.182786286 0.0481055975 -0.527887881 177 233 245 
-0.199907869 0.0544546247 -0.522552669 182 235 246 
-0.186648369 0.0646558106 -0.534488261 176 232 243 
-0.180001259 0.0326707065 -0.484232783 174 233 246 
-0.199316174 0.0317580104 -0.482606828 176 235 247 
-0.179522365 0.0293789804 -0.469639748 172 232 245 
-0.198411897 0.112805665 -0.52947551 180 235 244 
-0.182369798 0.0374855399 -0.428995758 174 233 248 
-0.183638915 0.0396729708 -0.395037442 174 234 249 
-0.207945615 0.149916977 -0.504170835 185 244 252 
-0.184042096 0.0395645499 -0.375323445 173 233 250 
-0.188700199 0.0546437502 -0.329032451 171 231 252 
-0.216644838 0.18289718 -0.471272141 186 245 252 
-0.189367875 0.0559991598 -0.313440442 170 230 252 
-0.188069165 0.0464043617 -0.266445041 169 229 253 
-0.227784127 0.227956831 -0.46057871 182 244 252 
-0.237767354 0.268631995 -0.454240054 179 240 252 
-0.239293098 0.274846435 -0.453249305 179 239 252 
-0.250629872 0.320883691 -0.444353074 181 241 254 
-0.294724047 0.365541607 -0.447621137 174 237 254 
-0.262166858 0.367911994 -0.437278569 182 240 253 
-0.269878745 0.399297535 -0.431988478 179 240 253 
-0.273800135 0.415417194 -0.431080729 177 240 253 
-0.296130717 0.470428646 -0.442766756 176 237 254 
-0.286880791 0.47008726 -0.438053936 175 237 254 
-0.339805841 0.523891091 -0.46124211 176 236 254 
-0.28928262 0.480032235 -0.438295066 175 236 254 
-0.29935813 0.521770775 -0.439537048 176 236 254 
-0.310151517 0.566523194 -0.441309363 175 236 254 
-0.312336385 0.575934052 -0.445578635 174 235 254 
-0.325087756 0.629703164 -0.457656473 169 231 252 
-0.325948715 0.633236408 -0.457390606 169 230 252 
-0.131444886 0.0319333673 -0.542327166 194 245 251 
-0.14326638 0.0808846951 -0.543559134 172 226 236 
-0.132309452 0.0308386683 -0.490470111 171 229 243 
-0.132819057 0.029165864 -0.448485672 166 223 239 
-0.154032052 0.124094725 -0.529465556 174 228 240 
-0.133706123 0.0318347216 -0.437417269 167 224 241 
-0.138333917 0.0463820994 -0.386608362 173 233 248 
-0.16312103 0.159004301 -0.500113606 185 242 249 
-0.138484165 0.0461170375 -0.376765221 173 232 248 
-0.142054483 0.0556539297 -0.318827391 169 227 251 
-0.157907456 0.0556488931 -0.317088068 170 228 252 
-0.141620606 0.0525678396 -0.304454029 169 227 252 
-0.172529295 0.195494622 -0.473667383 177 239 248 
-0.140800059 0.0462330878 -0.271732479 168 225 252 
-0.183354497 0.238999337 -0.460115582 177 240 250 
-0.194255084 0.283222318 -0.451084524 184 246 254 
-0.194641501 0.284790158 -0.450766236 184 246 254 
-0.205863848 0.330260962 -0.440828711 178 238 253 
-0.217033297 0.375469863 -0.430409729 180 240 254 
-0.249046877 0.417791307 -0.424217224 177 239 254 
-0.228196308 0.420646906 -0.419932038 176 238 254 
-0.231383353 0.433600515 -0.417558193 175 238 254 
-0.240070209 0.469343126 -0.415923715 174 236 254 
-0.248579547 0.505660594 -0.428826302 173 235 254 
-0.25403446 0.528387547 -0.430938125 173 234 254 
-0.299675375 0.574798226 -0.437959015 174 235 254 
-0.26589188 0.577002168 -0.426779777 172 233 255 
-0.322509527 0.633305073 -0.45598039 169 231 253 
-0.270431399 0.596013784 -0.429631561 172 234 254 
-0.279333174 0.63345772 -0.437035143 173 234 254 
-0.0831650198 0.0277904868 -0.549886167 167 224 240 
-0.127534285 0.0307782888 -0.543385208 193 244 251 
-0.0885344893 0.0510111749 -0.561406493 164 217 233 
-0.0823395103 0.0203433037 -0.505030513 167 224 240 
-0.0994851291 0.0964081287 -0.563123167 164 213 229 
-0.105889045 0.100051105 -0.560437739 165 215 230 
-0.101006299 0.102667302 -0.56283927 164 214 229 
-0.0823138431 0.019954145 -0.501884997 167 224 240 
-0.0852798447 0.0271165371 -0.445305318 172 227 242 
-0.118775398 0.0284125209 -0.440919578 167 224 240 
-0.0865302458 0.0310045183 -0.431103319 170 225 241 
-0.102812998 0.109484196 -0.555644274 164 214 229 
-0.109835252 0.136289716 -0.531121016 165 217 231 
-0.0901840553 0.0418945849 -0.384369731 169 225 244 
-0.125794306 0.045067668 -0.378730506 173 231 248 
-0.0918284804 0.0471483171 -0.367254615 171 227 246 
-0.118396737 0.168588012 -0.496968836 185 240 247 
-0.09514305 0.0568879247 -0.323311061 169 222 247 
-0.0946372077 0.0509679914 -0.280750751 167 221 249 
-0.129595071 0.213939965 -0.486812741 184 241 249 
-0.0946436375 0.0504337549 -0.274519354 166 220 249 
-0.140101865 0.255868405 -0.470363289 191 248 254 
-0.144285977 0.272442013 -0.462439805 185 243 253 
-0.150273889 0.296139598 -0.450867385 178 236 252 
-0.161160067 0.33994621 -0.437870532 175 237 254 
-0.17208223 0.383930981 -0.425201237 177 239 253 
-0.182965353 0.427722394 -0.41217649 174 235 254 
-0.192142695 0.464974999 -0.404802889 172 233 253 
-0.194288373 0.473691553 -0.403154999 172 232 253 
-0.234258115 0.526598334 -0.419010133 172 233 254 
-0.205990657 0.521538198 -0.397584826 170 232 254 
-0.213881388 0.554883599 -0.405862421 169 230 254 
-0.219882011 0.580221772 -0.411935955 169 229 254 
-0.229202822 0.619577229 -0.421343803 167 228 254 
-0.234282389 0.641425133 -0.4309192 168 229 254 
-0.0419969782 0.0560836196 -0.591376424 162 210 228 
-0.0728076696 0.0668643713 -0.582126141 157 208 225 
-0.0487630963 0.0851139724 -0.603334546 147 197 216 
-0.0344014764 0.0217471719 -0.558532119 164 219 240 
-0.0348945148 0.0191925764 -0.507510006 161 212 231 
-0.0806347281 0.0192901492 -0.502430677 166 224 240 
-0.0354920849 0.0194166601 -0.482564837 157 209 228 
-0.0582601875 0.122043937 -0.577696562 141 188 207 
-0.03810459 0.0273140073 -0.450381815 160 211 229 
-0.0407785736 0.0355023146 -0.418609202 166 216 233 
-0.0629204288 0.13829717 -0.544354022 157 209 225 
-0.0653891191 0.147250503 -0.530507684 164 217 232 
-0.0447183736 0.0488094091 -0.385604233 165 215 236 
-0.0475486442 0.058932364 -0.368154615 167 215 238 
-0.0747761577 0.183635712 -0.503868282 177 233 245 
-0.0512958206 0.0701620579 -0.320908308 164 214 241 
-0.049586501 0.0589538813 -0.274835676 153 205 236 
-0.0514639281 0.0585729778 -0.27483657 154 205 236 
-0.0841850713 0.221851349 -0.496564835 180 236 246 
-0.0987016559 0.225372285 -0.493054301 181 238 247 
-0.0861171931 0.229694024 -0.495010704 180 236 245 
-0.118010856 0.261892498 -0.471065909 185 243 253 
-0.0958391428 0.26773715 -0.471419007 179 237 251 
-0.105168901 0.304302096 -0.449406773 181 240 254 
-0.107068449 0.305734873 -0.448418647 181 240 254 
-0.105616957 0.306056857 -0.448335737 181 240 254 
-0.105686709 0.306336731 -0.448243052 181 240 254 
-0.116361491 0.349162251 -0.434049875 176 237 253 
-0.127188429 0.392675579 -0.420513958 176 237 253 
-0.13783446 0.435293347 -0.405331671 172 232 253 
-0.179792583 0.475747705 -0.400299788 171 231 253 
-0.148945779 0.480214477 -0.394383639 170 229 253 
-0.153181523 0.49744767 -0.39141947 168 228 253 
-0.160456926 0.527114868 -0.387074023 167 228 253 
-0.187738717 0.579051912 -0.395587891 167 227 254 
-0.172756761 0.577919722 -0.38694188 166 226 253 
-0.186817065 0.638593853 -0.415656626 165 225 253 
-0.190086126 0.653622866 -0.432579637 165 225 253 
-0.175622031 0.590113878 -0.390901774 165 225 253 
0.0110693052 0.0331338048 -0.609692097 159 204 223 
-0.0113899931 0.0405362844 -0.603197277 162 204 221 
0.00459676981 0.0620326698 -0.633667827 169 211 229 
0.0116848871 0.0269433558 -0.569164097 141 184 209 
0.00062340498 0.0786701739 -0.636130571 162 204 222 
-0.0260270722 0.101027101 -0.621040106 138 182 200 
-0.00731068105 0.110894948 -0.629964828 138 180 197 
0.0114510059 0.0271421671 -0.560635924 141 184 209 
0.00807901472 0.0358997285 -0.503143787 151 194 212 
0.00775116682 0.0363322496 -0.492898017 152 194 213 
-0.00997439027 0.120311588 -0.612313569 137 178 196 
-0.0140708834 0.134276122 -0.579420388 138 181 199 
0.00699852407 0.0356534719 -0.450801492 155 198 218 
0.00303388387 0.0496000648 -0.42376247 157 199 220 
-0.019751206 0.154235363 -0.540427566 157 207 222 
-0.0210637823 0.158809304 -0.53099364 162 213 227 
-0.00298643857 0.0703950524 -0.378447682 158 204 231 
-0.00371968746 0.0729484856 -0.373157769 158 205 232 
-0.0311475769 0.198643714 -0.510694861 168 222 235 
-0.00750727952 0.0836668015 -0.31837368 159 205 232 
-0.0492805727 0.0591014624 -0.274789006 153 205 236 
-0.00721435249 0.0801638067 -0.292896092 159 206 232 
-0.0334545001 0.20807907 -0.509631395 169 224 238 
-0.0421951786 0.243249446 -0.499166995 177 235 250 
-0.00809402764 0.0814804733 -0.267140955 160 207 232 
-0.0507447571 0.276016861 -0.470774084 179 240 254 
-0.0679360628 0.274012744 -0.469975203 179 239 253 
-0.0511969291 0.277727276 -0.469021291 179 240 254 
-0.061013516 0.31623894 -0.44629088 179 239 254 
-0.0637060776 0.326945156 -0.441645414 178 238 254 
-0.071372062 0.357433528 -0.428492486 176 236 254 
-0.0819021165 0.399477154 -0.412254781 174 233 253 
-0.0925931185 0.442317516 -0.39748171 170 230 253 
-0.103779882 0.487612128 -0.387220263 167 227 253 
-0.113515332 0.527150154 -0.379620463 165 225 253 
-0.115160704 0.533867419 -0.378724754 165 225 253 
-0.127636567 0.585543633 -0.380194426 163 222 252 
-0.147217199 0.673048735 -0.453622639 166 224 251 
-0.167558894 0.670809805 -0.452605307 166 225 252 
-0.148529857 0.678889751 -0.458264887 166 223 251 
-0.139389053 0.63779819 -0.421301156 166 223 252 
-0.132220477 0.605139256 -0.387497395 162 220 252 
0.0539813042 0.0545744598 -0.655101657 173 217 230 
0.0136354268 0.0694333017 -0.642585158 168 210 228 
0.0466546118 0.0848164856 -0.654788494 147 188 205 
0.0603175312 0.0251860619 -0.619427323 161 207 226 
0.0560206473 0.0384505689 -0.569555163 134 171 190 
0.0380588323 0.117284626 -0.620948434 134 174 194 
0.0552070141 0.040774703 -0.558028162 134 171 191 
0.0227176175 0.0443059206 -0.50017947 150 191 210 
0.0504058748 0.0561614037 -0.508587122 146 185 206 
0.0375987887 0.118945509 -0.618284345 135 174 194 
0.0306294039 0.143978715 -0.576494098 142 185 203 
0.0492488742 0.0596939623 -0.494724005 146 185 206 
0.0461112559 0.0675306022 -0.437758654 136 174 199 
0.0459511727 0.0681293011 -0.437061965 136 174 199 
0.0241812095 0.167174757 -0.538216293 153 200 215 
0.0233948454 0.169708222 -0.530266523 155 202 217 
0.00494799763 0.0767129362 -0.375882715 155 201 228 
0.0389489755 0.0927084684 -0.388719797 148 190 215 
0.0202236772 0.182724923 -0.529322267 159 208 223 
-0.021194689 0.202938467 -0.513774991 167 223 236 
0.0119310692 0.216374159 -0.522525966 166 222 238 
0.0363724232 0.101305127 -0.365958005 152 196 222 
0.0240553766 0.0996917784 -0.313124597 160 207 236 
0.0342730135 0.10577178 -0.319208354 161 209 237 
0.00261881202 0.252389193 -0.495206058 181 240 253 
0.0322558731 0.112988353 -0.306792557 158 207 239 
0.0349589437 0.0978754461 -0.262953252 157 207 236 
-0.0250765383 0.284386605 -0.469041675 179 241 254 
-0.00681769848 0.289019287 -0.46901679 179 241 254 
-0.00912003219 0.29802379 -0.463376611 179 240 254 
-0.0165006854 0.326869547 -0.445070535 178 238 253 
-0.0315066651 0.365217924 -0.424363822 174 234 254 
-0.0264829881 0.36620152 -0.423848182 174 234 254 
-0.0277197808 0.371106893 -0.421576411 174 233 254 
-0.036746867 0.406927466 -0.405188203 171 230 253 
-0.0476358794 0.450748086 -0.392217129 168 228 253 
-0.0583067536 0.493488789 -0.377260923 165 225 252 
-0.10423322 0.53523016 -0.376245022 165 224 252 
-0.0697576404 0.540090919 -0.369403005 165 224 252 
-0.0736407414 0.55603379 -0.368289798 163 222 251 
-0.082292892 0.592061162 -0.371413171 161 219 250 
-0.102856614 0.684305787 -0.452373594 163 221 251 
-0.103853442 0.68871057 -0.455555916 162 220 250 
-0.0948944166 0.648528457 -0.420353383 163 221 251 
-0.0881402791 0.617497981 -0.38561824 163 220 250 
0.103475854 0.0456588566 -0.665390491 163 210 227 
0.0890978575 0.0465045869 -0.663350463 171 216 230 
0.101884246 0.0524790585 -0.668106556 161 207 223 
0.104662761 0.0387240946 -0.642821193 149 193 212 
0.0911059529 0.095751524 -0.654127777 139 179 196 
0.105305538 0.0339778066 -0.619588315 135 177 198 
0.100258708 0.0504414141 -0.570835352 129 162 181 
0.0875886083 0.108083874 -0.629686177 145 185 201 
0.0421866924 0.117537767 -0.619554281 135 175 195 
0.0844049752 0.118839592 -0.603044569 138 180 199 
0.0988769084 0.0547456145 -0.555226862 127 159 178 
0.094982326 0.0664770305 -0.506787777 126 163 185 
0.0753977746 0.153344363 -0.572948396 149 188 203 
0.0935933143 0.0710144341 -0.493438691 126 163 185 
0.0468895286 0.068510592 -0.437311113 136 174 198 
0.0884006917 0.088974297 -0.454618514 128 160 182 
0.0396047756 0.176460743 -0.534859657 154 200 216 
0.0663633943 0.187983721 -0.543099642 152 197 214 
0.0862485319 0.0953821242 -0.427018344 140 175 197 
0.0821205378 0.109978974 -0.39970544 146 187 209 
0.055990994 0.22924687 -0.525427282 172 230 250 
0.0800005645 0.1154401 -0.363062888 140 187 215 
0.0802082121 0.110132456 -0.313615471 143 193 219 
0.0557824969 0.107371092 -0.312433541 152 201 229 
0.0804870427 0.107980758 -0.302506715 145 195 221 
0.0468973517 0.264179617 -0.49611786 182 244 253 
0.0789894462 0.110429406 -0.260962427 154 208 236 
0.0388794318 0.294982702 -0.470305413 181 242 253 
0.00706178695 0.292165458 -0.468341619 180 241 253 
0.0378073081 0.299094588 -0.466775686 180 241 253 
0.028228581 0.336428642 -0.441880554 176 236 253 
0.0185033083 0.374488324 -0.418319285 170 230 253 
0.0131827518 0.39595148 -0.412555873 169 228 253 
0.00758671761 0.418445438 -0.405599147 167 227 252 
-0.00228283554 0.457219243 -0.383350641 167 226 253 
-0.013135992 0.50086236 -0.370053291 164 224 251 
-0.024530299 0.547184408 -0.361680478 164 222 250 
-0.0319731124 0.577872157 -0.360988736 159 216 249 
-0.0371642858 0.599643469 -0.364589185 158 214 248 
-0.0557428598 0.684744895 -0.457311898 162 219 249 
-0.0603792593 0.704482913 -0.463787585 159 215 245 
-0.0505026765 0.659663081 -0.419174373 163 221 250 
-0.0430660062 0.625950754 -0.385973126 162 220 250 
0.147861496 0.0568174422 -0.664197683 172 216 229 
0.146249905 0.0638382733 -0.668225646 173 217 229 
0.149962023 0.0454616547 -0.634444356 150 190 207 
0.136237204 0.103320718 -0.647279739 131 175 192 
0.15019317 0.0431639552 -0.619523704 139 177 197 
0.144225895 0.0637732148 -0.57458055 119 154 174 
0.129987419 0.127049237 -0.624028325 141 182 200 
0.127900466 0.134506434 -0.611082196 141 181 199 
0.140849233 0.0753867626 -0.548610568 115 149 169 
0.13869971 0.0810454488 -0.512806237 116 151 173 
0.119638562 0.165321738 -0.574203849 136 178 198 
0.133519694 0.0996945798 -0.482224435 120 157 180 
0.130778164 0.110175848 -0.472830504 122 159 182 
0.11016044 0.202157766 -0.54839313 152 197 220 
0.127746299 0.117887914 -0.419335514 140 185 209 
0.126460433 0.121465683 -0.400058866 146 194 221 
0.100145593 0.241650939 -0.527467072 176 233 250 
0.123825088 0.128803492 -0.360609114 152 204 235 
0.124337345 0.122298926 -0.311846256 159 215 242 
0.125025928 0.118482411 -0.301049352 158 213 241 
0.0908974409 0.277348518 -0.499563575 176 238 252 
0.12696588 0.107478917 -0.267839432 154 206 236 
0.0467411727 0.301769584 -0.467477351 179 240 253 
0.0819056481 0.311777115 -0.46932736 175 236 253 
0.0750091523 0.338580966 -0.450558692 175 235 253 
0.0724976659 0.348265916 -0.442878395 174 235 253 
0.0626456738 0.386952877 -0.420470268 169 228 253 
0.0321538523 0.421820343 -0.400568217 168 227 252 
0.0531333089 0.42395848 -0.394971311 167 226 252 
0.0428722575 0.464854896 -0.378335744 164 223 251 
0.0426830947 0.465606868 -0.378007084 164 223 251 
0.0318877399 0.508963823 -0.364183664 162 221 250 
0.0204321146 0.555589437 -0.356368899 160 218 248 
0.0106801391 0.595837712 -0.355902702 155 211 246 
0.00693122298 0.612339973 -0.367166609 158 213 246 
-0.00836251676 0.68413651 -0.462849319 161 219 249 
-0.0166298635 0.718892932 -0.469514728 161 217 246 
-0.00467790663 0.665166974 -0.421215862 162 220 249 
0.00291547179 0.630838871 -0.388366818 163 218 248 
0.191564888 0.070656687 -0.661471725 176 226 239 
0.191299349 0.0718122423 -0.662121713 175 225 238 
0.19177407 0.0694622397 -0.657801747 174 223 237 
0.190024853 0.0767079294 -0.658010721 169 218 232 
0.163453683 0.105695784 -0.639321864 130 172 189 
0.190138519 0.0717694163 -0.608352125 134 171 190 
0.183415502 0.1007559 -0.621802628 124 162 179 
0.188592672 0.0751267374 -0.57468915 114 150 168 
0.17210567 0.147116899 -0.617739975 149 188 206 
0.168304011 0.1480636 -0.616807222 149 189 207 
0.17163226 0.149003416 -0.616969407 150 189 207 
0.179696947 0.105141521 -0.536693215 121 159 181 
0.180406421 0.105567455 -0.53712219 121 159 181 
0.17133227 0.150155783 -0.616001844 150 189 208 
0.163095161 0.181180984 -0.58259517 152 194 212 
0.180386364 0.105596244 -0.536521554 121 159 181 
0.179173291 0.105870903 -0.483881325 117 158 184 
0.176502228 0.114810139 -0.460587293 124 164 190 
0.154584303 0.213228792 -0.547982454 152 203 223 
0.174634516 0.119213253 -0.423766941 137 179 204 
0.171695799 0.128519356 -0.392263174 147 195 223 
0.145228907 0.24945721 -0.521054864 172 232 249 
0.170557961 0.130739152 -0.364691466 149 201 229 
0.173706532 0.113875777 -0.321853369 153 204 232 
0.175906152 0.100741148 -0.276882589 152 203 230 
0.140517086 0.105040669 -0.270654887 155 207 236 
0.136097506 0.284576982 -0.492089182 173 233 251 
0.130542621 0.305936843 -0.474419087 174 235 252 
0.10364826 0.315543562 -0.466237813 175 236 252 
0.127091974 0.319073528 -0.461977899 176 237 253 
0.118008539 0.353955805 -0.432575673 173 234 253 
0.108475611 0.391063213 -0.407263905 169 229 253 
0.0985305607 0.430210769 -0.385702431 166 224 252 
0.0433535352 0.465725005 -0.377915293 164 223 251 
0.0879385769 0.472560853 -0.370028108 163 221 251 
0.0825487226 0.494516969 -0.366559833 162 220 250 
0.0766705722 0.518257797 -0.360506207 161 218 250 
0.065656364 0.562698126 -0.348674327 156 213 246 
0.0446003526 0.657101154 -0.431018621 164 219 249 
0.0415509045 0.65738976 -0.430526525 164 219 249 
0.0438477397 0.660575628 -0.435074717 164 219 249 
0.0506429374 0.628866494 -0.394684374 156 211 244 
0.0212898254 0.629645824 -0.391034901 161 216 246 
0.0545078516 0.609188437 -0.35345614 154 210 244 
0.0359356329 0.695638835 -0.461459994 166 223 249 
0.0276175886 0.730837107 -0.470709264 157 212 236 
0.237347513 0.0763262212 -0.663418531 153 196 208 
0.235309631 0.084930867 -0.665475011 149 190 202 
0.23707971 0.0761681497 -0.649366796 149 191 206 
0.218497247 0.119018704 -0.638122916 141 179 198 
0.225850075 0.121675044 -0.639495492 143 181 201 
0.234910697 0.0814092755 -0.608028054 137 181 203 
0.234249026 0.0800964534 -0.563062549 116 156 179 
0.216026485 0.160221189 -0.616828501 154 201 218 
0.233810812 0.0812391639 -0.555642188 116 156 180 
0.180935502 0.105441302 -0.536666214 121 159 181 
0.227635235 0.102752894 -0.511185884 127 169 194 
0.214938045 0.164378732 -0.613056481 155 201 219 
0.210567772 0.177159607 -0.554440498 135 176 198 
0.226058483 0.107208192 -0.488305897 124 167 192 
0.226244152 0.101986885 -0.438809097 126 168 191 
0.215550393 0.109333783 -0.433637381 126 169 192 
0.227071613 0.0954582989 -0.404251009 132 176 199 
0.199987292 0.219452679 -0.538661361 162 216 234 
0.22761941 0.0920912623 -0.391985804 136 180 202 
0.19481197 0.122668236 -0.371747166 150 200 225 
0.224559516 0.0996225774 -0.335195035 137 183 209 
0.215773672 0.104902029 -0.331357628 143 190 216 
0.225256175 0.0943607092 -0.308707863 143 191 216 
0.189828545 0.259658307 -0.519044995 174 232 248 
0.226511925 0.0874592364 -0.289668709 145 194 218 
0.182311714 0.28808403 -0.489819556 175 236 250 
0.169851884 0.290373832 -0.48720476 174 235 250 
0.181270778 0.291938096 -0.484858662 175 236 250 
0.172321886 0.326154381 -0.454232156 171 233 251 
0.163328454 0.360590994 -0.424010664 173 234 253 
0.153703779 0.398152649 -0.399533957 170 230 253 
0.143614918 0.438012183 -0.379281312 166 225 252 
0.133211389 0.479429424 -0.361892134 165 223 251 
0.122329712 0.523768485 -0.355018795 158 215 248 
0.121719331 0.526235402 -0.354408979 157 214 248 
0.110520542 0.57158947 -0.344256818 156 212 246 
0.0896911025 0.665489197 -0.431410491 160 215 248 
0.0874578804 0.675674915 -0.442069143 161 216 248 
0.0962382555 0.635272026 -0.396210164 159 213 244 
0.0998879224 0.6164397 -0.354498237 154 210 244 
0.0800724924 0.707774997 -0.459708154 163 220 249 
0.0724780709 0.739746869 -0.466325492 171 226 250 
0.24209556 0.0835366547 -0.660017848 150 191 203 
0.230103195 0.121827841 -0.637870073 142 180 200 
0.284523875 0.0720275044 -0.618583441 171 216 232 
0.272863895 0.119924635 -0.615515411 130 171 193 
0.284647673 0.0670492649 -0.568947613 152 198 219 
0.239596784 0.0784460604 -0.557797432 117 157 180 
0.28217718 0.0738197267 -0.530761898 132 176 198 
0.218549639 0.160225213 -0.615712821 154 200 218 
0.264449656 0.151493937 -0.58002311 131 172 194 
0.280442178 0.0790820122 -0.509582281 128 172 195 
0.246441543 0.0984567404 -0.495306432 124 166 192 
0.280242831 0.075373441 -0.45922026 123 163 184 
0.271307111 0.0816354752 -0.454831868 124 163 184 
0.279042214 0.079254359 -0.447226882 123 163 185 
0.254772246 0.18931669 -0.55602628 141 183 202 
0.279203713 0.0749644339 -0.406970978 130 172 193 
0.23146075 0.0903449655 -0.393357873 135 179 201 
0.280913621 0.0637540519 -0.360899627 125 170 195 
0.250604421 0.0721387267 -0.353007913 123 167 193 
0.282981545 0.0511367917 -0.315632939 130 175 200 
0.274293751 0.0550327301 -0.312558949 131 176 202 
0.244335681 0.230897367 -0.538937569 168 222 240 
0.231095314 0.0857706964 -0.291090935 144 193 217 
0.234853953 0.267751426 -0.51315999 177 235 250 
0.230479777 0.284380436 -0.497127324 175 233 249 
0.226313531 0.299945354 -0.478815883 174 232 249 
0.217325509 0.334355325 -0.448545426 175 234 252 
0.208337009 0.368767589 -0.418279201 172 233 253 
0.198130399 0.409210056 -0.399098188 168 228 253 
0.188424915 0.447171539 -0.375356406 168 228 253 
0.178454459 0.48644495 -0.354026318 163 220 251 
0.133717939 0.528790951 -0.353538036 158 214 248 
0.166517749 0.535452127 -0.350589544 159 215 249 
0.164354786 0.544202328 -0.348521024 157 214 248 
0.155412763 0.580341935 -0.339583963 154 210 246 
0.135387838 0.671496153 -0.433164269 157 212 246 
0.131224811 0.689998031 -0.447636634 158 214 247 
0.142300397 0.639843166 -0.398785144 156 210 244 
0.147368088 0.615439057 -0.36026001 152 207 243 
0.124434352 0.719027042 -0.45846194 159 215 247 
0.117341831 0.74864018 -0.461911619 163 217 242 
0.340086937 0.0302833915 -0.54268229 162 208 227 
0.32485193 0.0350477397 -0.538416445 154 199 220 
0.334823012 0.0542729199 -0.56759268 169 214 232 
0.33956039 0.0308208168 -0.524481297 158 204 224 
0.306849599 0.117563963 -0.596265495 135 178 200 
0.331499517 0.0685173869 -0.573297381 166 211 230 
0.320368588 0.115744084 -0.587068141 138 182 204 
0.294363379 0.0688620806 -0.516671538 133 177 199 
0.336264312 0.0408116877 -0.48417747 137 182 203 
0.306095928 0.04886204 -0.476483077 126 166 189 
0.337758303 0.030449599 -0.437620908 117 160 182 
0.334418148 0.0328774154 -0.435933203 117 159 182 
0.337208688 0.0323781371 -0.433818549 116 159 181 
0.279671133 0.15217942 -0.574448526 129 171 193 
0.310294032 0.155532807 -0.566685319 130 174 196 
0.333431095 0.0474523008 -0.427896142 123 165 187 
0.326614052 0.0747416019 -0.418168873 134 175 196 
0.259195 0.188417196 -0.552485585 141 183 202 
0.301174432 0.190593988 -0.537612021 142 188 207 
0.326284677 0.0755323768 -0.411835611 136 178 198 
0.328122079 0.0638209879 -0.36605081 125 168 191 
0.330459803 0.0501436889 -0.32139042 120 163 189 
0.293187588 0.223546445 -0.537111044 152 203 225 
0.289147496 0.240047753 -0.534996212 157 212 235 
0.282579541 0.265228152 -0.513270974 171 231 248 
0.265428305 0.272313595 -0.507531881 177 237 252 
0.280299902 0.273762465 -0.503447652 177 238 253 
0.270929903 0.310063273 -0.476653129 177 233 250 
0.262022257 0.344075412 -0.445651323 175 230 250 
0.251665443 0.385261238 -0.427836806 174 232 253 
0.242534518 0.420378625 -0.398866773 170 229 253 
0.232280314 0.46105665 -0.380118787 165 222 251 
0.22250995 0.499339581 -0.356967837 163 218 250 
0.211860359 0.541974843 -0.341817766 161 216 248 
0.206279427 0.565030634 -0.34179762 157 212 246 
0.19918263 0.594650507 -0.345124722 152 207 245 
0.182209551 0.673082709 -0.437446296 159 214 248 
0.173417956 0.71211195 -0.46752578 158 215 247 
0.187655538 0.64719224 -0.399771273 155 210 244 
0.19372946 0.618834496 -0.363507479 152 206 244 
0.17337516 0.712287009 -0.467506409 158 214 247 
0.162258923 0.757269382 -0.457012147 164 221 247 
0.381070495 0.0593014956 -0.583757937 163 211 232 
0.350275397 0.0640411675 -0.577795625 167 214 234 
0.377124995 0.0758482218 -0.586491764 157 207 230 
0.387852788 0.0281603932 -0.549086034 180 226 245 
0.387735248 0.0241304338 -0.498907834 178 224 242 
0.37919122 0.0253603756 -0.49729991 174 220 239 
0.387666821 0.0236616731 -0.490558535 173 219 238 
0.365179688 0.124898165 -0.583133519 146 191 210 
0.383181661 0.03753075 -0.438760281 130 171 194 
0.383009464 0.0366329849 -0.420877814 127 164 186 
0.356642663 0.157075435 -0.548758864 147 192 212 
0.3320342 0.0734942257 -0.413576156 134 176 196 
0.382024109 0.0375872254 -0.386244804 125 163 186 
0.354161054 0.0560100675 -0.373161227 121 164 187 
0.379476607 0.0440374911 -0.34096393 119 161 185 
0.346145034 0.198958397 -0.532225788 152 198 218 
0.379164189 0.0443328023 -0.329903454 119 160 185 
0.312059671 0.242406577 -0.528925121 164 218 239 
0.335225999 0.242927581 -0.519527793 174 226 244 
0.330354095 0.263070822 -0.519694328 174 227 245 
0.288646966 0.277933538 -0.507026136 177 237 252 
0.323439568 0.291190833 -0.514723539 178 233 251 
0.295321286 0.320742846 -0.484471828 176 231 250 
0.314016789 0.327753007 -0.4884094 175 231 251 
0.300477296 0.36318469 -0.461950541 174 232 252 
0.304331332 0.365615577 -0.464485794 174 232 252 
0.276136845 0.398487121 -0.440071762 174 230 252 
0.293547541 0.408915222 -0.450557023 174 228 251 
0.264635205 0.436897039 -0.417913347 168 227 252 
0.283516556 0.448488206 -0.429777652 167 225 251 
0.25052014 0.474674433 -0.395811826 164 222 251 
0.273595333 0.487517774 -0.407999307 160 219 250 
0.244524181 0.514416993 -0.373533458 162 218 249 
0.262912929 0.530315697 -0.393148184 163 219 249 
0.254837602 0.564286232 -0.399896055 164 219 249 
0.238814056 0.577068567 -0.391181827 163 217 248 
0.249917626 0.584563255 -0.399344742 164 218 248 
0.222402543 0.550256431 -0.351606339 162 217 248 
0.232535928 0.660898685 -0.449604481 164 219 249 
0.228711665 0.661496878 -0.448858827 164 219 248 
0.23149693 0.665669084 -0.454914093 164 219 248 
0.239050865 0.630807996 -0.414331764 159 213 245 
0.222898334 0.637249947 -0.409052461 157 211 245 
0.232565343 0.616749942 -0.368908972 153 208 245 
0.222287625 0.705658555 -0.476487041 161 217 247 
0.173558295 0.712181091 -0.467584163 158 215 247 
0.216980696 0.727446079 -0.474951774 162 219 247 
0.20756647 0.763965845 -0.448559761 152 200 228 
0.389294028 0.0734853446 -0.576945782 160 211 234 
0.429103732 0.0516360402 -0.540848494 180 230 244 
0.425725639 0.0662424266 -0.548071325 169 222 240 
0.433474243 0.0299712121 -0.500756621 177 228 244 
0.43399626 0.0252991319 -0.472806334 171 220 238 
0.398661911 0.116946667 -0.554332733 144 191 211 
0.413544595 0.11645934 -0.546858311 144 192 212 
0.433422923 0.0256811082 -0.450727195 161 207 227 
0.431950569 0.026974678 -0.397504151 134 172 196 
0.418626517 0.0304196477 -0.394166023 128 164 188 
0.430822074 0.0309282541 -0.389628649 129 166 189 
0.408757806 0.13607204 -0.545038104 147 195 214 
0.402004451 0.163503259 -0.539812624 152 199 217 
0.424770772 0.0507999659 -0.332632929 128 169 188 
0.390470743 0.21051544 -0.532708526 153 202 222 
0.424548745 0.0515661538 -0.330955774 128 169 188 
0.380279601 0.250881225 -0.513386488 166 221 240 
0.374835789 0.27385205 -0.518717468 170 224 243 
0.367371619 0.304696679 -0.518788695 182 235 252 
0.35693571 0.346274137 -0.501694083 174 228 248 
0.34594956 0.390575677 -0.489607036 175 229 252 
0.335566342 0.431892276 -0.472032875 173 227 252 
0.326059878 0.46999681 -0.459014744 170 226 251 
0.324268222 0.474170625 -0.456547379 170 225 251 
0.32476151 0.475296289 -0.458296001 170 225 251 
0.300276935 0.509557545 -0.434661001 161 219 250 
0.312094063 0.527920842 -0.461509019 164 220 250 
0.27676028 0.545059323 -0.412764251 162 219 249 
0.302707493 0.564303756 -0.434865266 162 219 250 
0.293077201 0.604085922 -0.434805065 161 218 250 
0.28521812 0.611140192 -0.430104017 161 217 250 
0.290008128 0.617086291 -0.438368738 160 217 250 
0.273709685 0.689169347 -0.491107583 160 215 248 
0.259285182 0.691736817 -0.488125861 161 216 247 
0.27162829 0.697989821 -0.493566304 159 214 246 
0.282585442 0.649802446 -0.461140484 159 216 249 
0.261597663 0.737561107 -0.472783715 158 212 244 
0.254650325 0.764058352 -0.448274493 153 206 234 
0.23289749 0.767737508 -0.443882704 151 201 229 
0.25308159 0.769634604 -0.438218236 154 207 233 
0.472787142 0.0655537844 -0.538077652 175 219 233 
0.468791604 0.0840355754 -0.560017765 167 211 228 
0.47825253 0.0395871699 -0.5004462 189 232 247 
0.481646895 0.0217579305 -0.458160549 175 222 241 
0.456765175 0.0212967694 -0.455677241 171 218 237 
0.481493831 0.0211541057 -0.444424301 175 224 242 
0.458202958 0.126369506 -0.544313669 149 197 217 
0.479019821 0.0275887847 -0.402342379 156 204 224 
0.477640629 0.0301445723 -0.36742574 141 185 206 
0.449446142 0.161758184 -0.535536289 153 201 221 
0.447179675 0.170854896 -0.53256464 154 201 221 
0.472953081 0.046934396 -0.33879441 128 168 190 
0.428492665 0.0511616468 -0.33160919 127 168 187 
0.436067283 0.215781003 -0.521625757 161 212 231 
0.424228728 0.264302313 -0.517295837 166 220 240 
0.420315087 0.280713409 -0.519982517 167 220 241 
0.411497533 0.317242682 -0.521089375 178 229 250 
0.400351375 0.362336338 -0.510458469 171 224 248 
0.39538303 0.383169532 -0.513865471 173 225 250 
0.359870136 0.400400132 -0.500589788 174 227 251 
0.387311488 0.416804701 -0.517060876 171 223 247 
0.342399687 0.437365383 -0.478561401 172 227 251 
0.377206445 0.456744283 -0.496955395 165 220 247 
0.366367966 0.500314653 -0.483524382 166 221 247 
0.356856436 0.539042115 -0.477196604 164 219 246 
0.346667111 0.543625772 -0.47358349 164 219 247 
0.354831874 0.547338545 -0.476441711 163 218 247 
0.322106421 0.578874886 -0.451709479 163 220 250 
0.341092288 0.605270803 -0.489411771 166 220 250 
0.327415854 0.66370523 -0.510861337 160 217 249 
0.321435124 0.665585935 -0.509181082 160 217 249 
0.326008886 0.669855416 -0.514610589 159 216 248 
0.340383947 0.608258486 -0.490091175 166 220 250 
0.309787899 0.63992697 -0.469501823 162 218 250 
0.315526962 0.711660862 -0.497935057 164 216 247 
0.305582821 0.750803947 -0.476365358 160 216 245 
0.302987427 0.759690642 -0.455962092 155 210 242 
0.299048752 0.773065805 -0.423763335 155 210 243 
0.475385427 0.0714833438 -0.535137594 172 217 231 
0.498833418 0.0543189347 -0.494693905 184 223 238 
0.528753757 0.0222240984 -0.463083386 177 226 240 
0.52274394 0.0479365289 -0.472895473 184 225 238 
0.529643416 0.0142367482 -0.415168613 168 218 237 
0.524023414 0.0147363544 -0.414279282 168 218 237 
0.529416978 0.0149020553 -0.412169039 167 218 236 
0.49949193 0.118512034 -0.512203515 148 196 214 
0.513192534 0.0878599584 -0.478025854 165 208 225 
0.508226156 0.109721303 -0.49294737 153 200 218 
0.521639049 0.0433217287 -0.370886654 169 214 234 
0.448560238 0.17021805 -0.53083688 154 201 221 
0.488912821 0.157145262 -0.490024984 154 198 218 
0.501272023 0.134698659 -0.451236248 157 202 221 
0.500330865 0.137069106 -0.449843347 156 202 221 
0.500791132 0.136443317 -0.448544383 157 203 221 
0.519076347 0.0512652993 -0.341506809 158 202 222 
0.464858949 0.215356916 -0.508072913 165 215 233 
0.489035606 0.187270522 -0.473650694 160 209 227 
0.485452771 0.202289969 -0.476063281 163 213 230 
0.479911149 0.173320532 -0.427879155 172 218 233 
0.487165332 0.193812072 -0.460478514 164 214 231 
0.497333109 0.145683765 -0.392470092 172 217 229 
0.492469192 0.153520256 -0.387672663 173 218 230 
0.499599457 0.132286966 -0.347649276 159 207 223 
0.499512017 0.132385105 -0.347586304 159 207 223 
0.499584436 0.132331938 -0.347461075 159 207 223 
0.478057384 0.234898359 -0.498892933 169 220 239 
0.470864952 0.264421314 -0.496752322 170 223 242 
0.476577461 0.213707477 -0.405542791 180 232 247 
0.479530394 0.221523628 -0.417894542 177 230 247 
0.473399282 0.190098375 -0.365679055 177 225 239 
0.463731885 0.164918631 -0.325956672 169 217 232 
0.493225813 0.153725117 -0.293262184 152 200 217 
0.459187448 0.313535064 -0.506399512 180 228 245 
0.456084311 0.327507168 -0.519196033 177 227 246 
0.469150543 0.253103673 -0.383295596 176 233 249 
0.470172524 0.257764339 -0.390989512 176 232 249 
0.463299215 0.228847578 -0.343490094 172 228 244 
0.458764791 0.204910219 -0.303655893 172 226 242 
0.492428303 0.155972272 -0.281619161 154 202 220 
0.465283453 0.183648169 -0.263580948 179 233 245 
0.444567978 0.374433488 -0.511934102 165 219 245 
0.468238115 0.264497191 -0.376997411 177 233 249 
0.455761135 0.268216878 -0.321245313 181 232 248 
0.462198734 0.287153423 -0.351489305 179 231 248 
0.47152704 0.242590547 -0.284560651 169 226 244 
0.468783736 0.254554778 -0.291563988 171 227 245 
0.464794815 0.224723756 -0.241182625 172 231 248 
0.471403539 0.241585642 -0.267723173 169 226 245 
0.436218262 0.408278435 -0.504693747 163 212 238 
0.433431268 0.419480026 -0.50121659 162 211 236 
0.458980739 0.296380103 -0.306278676 179 229 246 
0.471301734 0.23898387 -0.234140337 172 229 247 
0.421493471 0.468492627 -0.4977898 168 219 244 
0.413008958 0.503965676 -0.502448201 160 213 240 
0.388558716 0.512571514 -0.495079964 162 216 243 
0.408221275 0.524111152 -0.506506562 160 213 241 
0.436109483 0.390738845 -0.304792941 172 221 245 
0.423411131 0.406808168 -0.294656038 175 222 246 
0.430491924 0.413861752 -0.303837746 172 220 245 
0.43396455 0.39667058 -0.272235662 175 223 246 
0.396647543 0.571321428 -0.499766618 159 213 242 
0.408928633 0.444496602 -0.272562534 170 220 246 
0.419130951 0.460018754 -0.295161635 168 218 245 
0.424888611 0.431515932 -0.242765605 174 222 246 
0.390043527 0.598694444 -0.50075084 158 211 241 
0.345756441 0.607439041 -0.491127312 165 219 249 
0.38346827 0.626479685 -0.507637203 160 212 243 
0.399327427 0.483366549 -0.250362694 166 218 247 
0.409262806 0.498785406 -0.272899956 163 215 245 
0.421510816 0.44360882 -0.222070545 172 222 247 
0.406880617 0.462354928 -0.210265219 170 222 248 
0.418928862 0.450934261 -0.184936345 173 225 250 
0.372585386 0.671783566 -0.511430383 160 216 246 
0.369970381 0.683215499 -0.518407822 161 216 246 
0.397526026 0.524124384 -0.227992982 163 214 245 
0.401065171 0.529282629 -0.235436767 162 213 244 
0.408110827 0.496260613 -0.191956103 166 218 246 
0.404986918 0.509868264 -0.199747831 164 216 246 
0.359021097 0.727334499 -0.5059852 161 215 248 
0.398525536 0.53841567 -0.22032854 162 212 244 
0.348798692 0.767855048 -0.486947805 164 220 247 
0.346638471 0.773735583 -0.453118473 161 215 244 
0.344272852 0.780175209 -0.416070074 161 215 248 
0.530556619 0.03915748 -0.454069942 185 231 243 
0.532040656 0.016676873 -0.41410464 169 219 237 
0.521897316 0.101095289 -0.471782535 159 204 224 
0.540173292 0.0826790333 -0.431451499 162 207 227 
0.534304857 0.0584188104 -0.391646355 172 217 235 
0.51361537 0.117444694 -0.40962103 163 207 220 
0.535749972 0.0999624133 -0.369205922 155 202 215 
0.547180772 0.0798892975 -0.329023957 158 204 221 
0.488280773 0.198186159 -0.46762982 162 213 230 
0.535920739 0.118357778 -0.306860268 151 200 216 
0.480285823 0.260284722 -0.485327929 176 228 248 
0.484168291 0.238384604 -0.445310414 172 225 244 
0.497665167 0.150292099 -0.285284579 151 199 217 
0.461265802 0.319714725 -0.503266215 184 231 248 
0.480507731 0.301532269 -0.462914139 175 230 249 
0.473005474 0.276876569 -0.423144579 175 229 247 
0.463999569 0.361570269 -0.480797738 180 229 249 
0.477457941 0.341987938 -0.440571636 178 228 248 
0.47969979 0.319690704 -0.400589824 174 228 247 
0.465067625 0.293309271 -0.360975593 178 230 248 
0.472843111 0.249511629 -0.280940294 169 226 244 
0.436739206 0.419005781 -0.498915464 163 211 236 
0.475635886 0.40558064 -0.458135277 181 228 250 
0.476090014 0.382850707 -0.418192446 167 219 243 
0.474182665 0.359549195 -0.378301024 165 220 245 
0.457960665 0.332782954 -0.338721424 174 225 245 
0.459637046 0.310348868 -0.29875192 179 228 245 
0.477570355 0.291849673 -0.258428365 177 229 246 
0.477412462 0.268971622 -0.218498826 173 229 247 
0.4702968 0.45993638 -0.480337262 168 215 240 
0.467540741 0.471527368 -0.482606173 168 216 242 
0.480084717 0.416985482 -0.452420056 179 226 249 
0.463668942 0.421038121 -0.396054059 165 218 244 
0.475008726 0.434557557 -0.414645463 166 218 244 
0.458688855 0.396992892 -0.356229544 165 218 244 
0.446852326 0.371288121 -0.316554427 171 221 245 
0.449310601 0.34904331 -0.276567906 173 225 245 
0.468869746 0.330937624 -0.236208916 177 229 247 
0.490963519 0.313445419 -0.195794702 178 228 246 
0.434384763 0.523663402 -0.494081795 153 203 230 
0.455569685 0.520704448 -0.479481757 156 204 231 
0.45641768 0.460476846 -0.37380302 165 217 243 
0.465865612 0.469735146 -0.385786176 163 215 242 
0.444032788 0.434639305 -0.334139824 165 216 244 
0.439922035 0.387964666 -0.254363447 176 225 246 
0.453241289 0.368348658 -0.214140356 171 225 247 
0.46917361 0.349365175 -0.173860371 174 224 246 
0.450151801 0.543583035 -0.484978348 156 205 231 
0.441704035 0.579260707 -0.493598849 159 211 239 
0.453824997 0.501043141 -0.351450533 161 215 244 
0.456792116 0.5045681 -0.356293231 160 214 243 
0.42796129 0.47194317 -0.31208092 166 218 245 
0.429704666 0.426685452 -0.232177049 175 224 247 
0.433795094 0.404835701 -0.192154974 177 227 249 
0.448031306 0.385441661 -0.151911929 180 229 250 
0.434514523 0.609517753 -0.499749869 155 206 234 
0.428957283 0.632278025 -0.497533888 156 205 234 
0.440933585 0.539116681 -0.329322368 155 211 244 
0.446543276 0.54521966 -0.337496519 155 211 243 
0.41299963 0.509515643 -0.289997846 162 214 244 
0.423253536 0.443478048 -0.169975609 176 227 252 
0.43173629 0.422691405 -0.129857898 177 227 252 
0.418264657 0.677859426 -0.513144732 156 207 239 
0.41419518 0.695272267 -0.519809127 154 204 238 
0.441874206 0.562632322 -0.316633523 153 208 242 
0.409448624 0.549849987 -0.267666221 159 211 243 
0.437897086 0.577937484 -0.304115444 151 206 241 
0.407386959 0.503671348 -0.18784523 165 217 246 
0.414742708 0.482611895 -0.147752047 170 223 249 
0.420589805 0.461187303 -0.10769172 172 225 251 
0.404889226 0.73125577 -0.492431313 154 203 236 
0.412646055 0.591817737 -0.24518761 158 208 240 
0.428257465 0.615572691 -0.279773921 154 207 239 
0.399482429 0.565791786 -0.205541402 160 209 242 
0.400916696 0.543299079 -0.165577188 161 211 243 
0.405004144 0.521448612 -0.125555187 167 218 247 
0.417361975 0.501599908 -0.0853530616 168 221 249 
0.393345088 0.778319597 -0.485422134 165 222 249 
0.418301284 0.63438046 -0.222655475 159 209 241 
0.421971679 0.636605382 -0.224912435 159 209 240 
0.417806983 0.611420989 -0.182733297 155 205 239 
0.412922472 0.587398887 -0.142906725 158 209 241 
0.408934116 0.563593686 -0.103060633 163 214 244 
0.412194729 0.541543067 -0.0630566478 165 217 247 
0.39289543 0.777541399 -0.45613116 170 222 248 
0.390313089 0.783244729 -0.400950432 158 208 238 
0.421760738 0.637171388 -0.221517354 159 209 240 
0.425394475 0.618401945 -0.179769486 154 203 238 
0.42567569 0.612805128 -0.130487427 155 205 239 
0.42453742 0.608564198 -0.080311805 158 208 240 
0.42528677 0.610109687 -0.0826804489 158 208 240 
0.430609167 0.584436357 -0.0417467095 162 214 244 
0.426727295 0.602978408 -0.0695712715 159 210 241 
0.473579347 0.469116539 -0.475704104 170 215 241 
0.4853459 0.449124724 -0.435514838 168 218 244 
0.474903464 0.510630846 -0.453266293 164 215 243 
0.47910279 0.48880747 -0.413241863 165 217 245 
0.45394659 0.569592059 -0.471246749 167 218 245 
0.469561279 0.550531626 -0.430973679 161 217 246 
0.471007586 0.528041899 -0.391009241 159 214 244 
0.444189548 0.631264091 -0.488983274 160 211 239 
0.466098845 0.613727272 -0.448573083 166 218 246 
0.468874216 0.591559231 -0.408579677 153 208 239 
0.459962845 0.566562474 -0.368840843 154 209 242 
0.46014148 0.698875666 -0.50631386 154 208 239 
0.460051179 0.699253321 -0.50636518 154 208 239 
0.468783438 0.660427392 -0.475821346 162 215 242 
0.473103166 0.638961971 -0.435615391 159 212 242 
0.45684582 0.629841685 -0.386432737 152 207 240 
0.470396638 0.648038685 -0.412218571 150 205 238 
0.451926231 0.605811119 -0.34660694 152 207 240 
0.439453363 0.57995224 -0.306945652 151 206 241 
0.448327839 0.747203827 -0.50098592 139 187 218 
0.467019618 0.658373952 -0.372029483 151 206 237 
0.450776517 0.646726668 -0.324223012 149 203 237 
0.464745879 0.665927589 -0.351577818 151 205 236 
0.429484606 0.618733287 -0.284753829 153 207 239 
0.444914222 0.758707285 -0.472092927 138 183 208 
0.43047148 0.774365127 -0.461988151 143 190 210 
0.441262484 0.772095919 -0.453218967 140 187 207 
0.459218502 0.684534907 -0.30458343 152 207 238 
0.449313879 0.664726615 -0.261912942 154 206 237 
0.458691776 0.685813367 -0.294607878 153 207 238 
0.434369385 0.796135187 -0.403884292 166 214 243 
0.45758903 0.686445594 -0.251007408 152 204 235 
0.456988752 0.684312403 -0.199744314 151 201 234 
0.451937735 0.660875916 -0.159580916 151 202 237 
0.456983924 0.684183121 -0.198085561 151 201 234 
0.435626328 0.634088039 -0.120003231 152 202 237 
0.431411743 0.587388277 -0.0402291082 162 214 243 
0.460401356 0.69922173 -0.50615412 154 208 239 
0.481061935 0.681382656 -0.465771168 160 210 238 
0.494372666 0.661764622 -0.425548255 157 210 240 
0.453403175 0.738721728 -0.483897626 141 187 217 
0.478618085 0.721984982 -0.443415433 150 203 234 
0.490284741 0.701969028 -0.403228343 152 206 238 
0.477791369 0.676105261 -0.363567531 153 208 239 
0.464835405 0.759842873 -0.42130667 165 222 244 
0.480407953 0.740772247 -0.381034523 156 212 241 
0.481353402 0.718161225 -0.341080993 148 201 232 
0.461425364 0.690497994 -0.301582098 153 207 238 
0.443348706 0.795835972 -0.399365753 163 211 239 
0.459790289 0.776975751 -0.359074652 184 231 251 
0.459923565 0.754168153 -0.319138795 161 213 240 
0.460846543 0.731551766 -0.279185742 153 203 233 
0.466378212 0.710050821 -0.239132285 149 199 230 
0.457256854 0.685003221 -0.199397981 151 201 234 
-0.0710803494 0.747373223 -0.449106336 166 219 246 
-0.116874702 0.743086696 -0.461988837 157 208 235 
-0.0751891136 0.761154175 -0.413609296 160 217 247 
-0.1152668 0.765854478 -0.406648368 166 219 248 
-0.123344027 0.765028 -0.408797413 167 220 249 
-0.0770769045 0.766974092 -0.391612619 161 218 248 
-0.12398912 0.767340779 -0.404881388 166 219 248 
-0.0781816989 0.768420935 -0.356969833 161 218 250 
-0.123292953 0.760113537 -0.356531829 162 220 250 
-0.0766747296 0.758007884 -0.310442418 160 216 249 
-0.108059958 0.763113022 -0.304216504 161 216 248 
-0.125308275 0.764667153 -0.314608693 162 218 249 
-0.074388817 0.744534135 -0.26566565 164 219 250 
-0.090666078 0.744483232 -0.263904691 165 220 250 
-0.0689646304 0.718729377 -0.227941662 164 215 249 
-0.101917386 0.718920112 -0.224216789 177 227 251 
-0.0666038319 0.705043077 -0.184240833 167 217 248 
-0.12508437 0.762660623 -0.302591801 162 217 248 
-0.121093385 0.742487192 -0.261646926 166 221 251 
-0.116604544 0.720357656 -0.221820891 181 230 252 
-0.0665819719 0.704875469 -0.183382273 167 217 248 
-0.116083451 0.713818312 -0.173077911 171 221 250 
-0.0679405108 0.705721676 -0.130415082 162 212 246 
-0.115933508 0.708737314 -0.123500809 171 222 251 
-0.0693215057 0.708411932 -0.0969083682 163 212 248 
-0.116046607 0.708733082 -0.11826092 171 222 251 
-0.0703098699 0.710539699 -0.0751762465 164 213 249 
-0.117798269 0.711572647 -0.0693959817 165 215 250 
-0.0729356483 0.716365218 -0.019361116 169 219 252 
-0.0750936344 0.716440976 -0.0190827623 169 219 252 
-0.11930798 0.714793503 -0.0358762443 167 218 251 
-0.0729898736 0.716487229 -0.0182275102 169 219 252 
-0.120237023 0.716663301 -0.0140011683 169 221 252 
-0.075450629 0.721755385 0.0362050086 171 222 251 
-0.122602627 0.721466541 0.041229248 170 222 253 
-0.0761126727 0.72186172 0.0654181615 172 224 252 
-0.122700408 0.721502781 0.0453156605 171 223 253 
-0.0761569142 0.720038772 0.0877063349 171 223 252 
-0.123758391 0.721516013 0.0937407389 177 227 253 
-0.0263480246 0.756917238 -0.445888609 164 222 245 
-0.0298943445 0.768740535 -0.414459705 164 220 248 
-0.0320802666 0.775209665 -0.385989517 165 219 248 
-0.0325482748 0.774676681 -0.358581275 164 217 248 
-0.0299504809 0.75997746 -0.314505368 156 213 248 
-0.0279459022 0.747609258 -0.269096315 155 210 246 
-0.0239682049 0.727487981 -0.228121579 159 210 245 
-0.0199875459 0.707355142 -0.187153459 164 214 246 
-0.0656923726 0.704848289 -0.183494806 167 217 248 
-0.0189527348 0.700137854 -0.154461473 163 211 244 
-0.019024048 0.699077487 -0.139404714 162 210 243 
-0.022006955 0.706306338 -0.0827869996 162 210 245 
-0.0359725654 0.707556009 -0.0805725604 162 211 246 
-0.0224474818 0.707353592 -0.0742005259 162 210 245 
-0.0245378911 0.71175921 -0.0271850303 163 211 247 
-0.0261337012 0.715517282 0.00431785733 165 214 248 
-0.027116023 0.717397511 0.028523013 169 218 249 
-0.0281995572 0.717163146 0.0808721557 171 220 250 
-0.0480121486 0.718510032 0.0837820098 172 222 251 
0.0188387632 0.764211416 -0.438534915 162 217 245 
0.0161404088 0.773419321 -0.416973114 162 218 247 
0.0164809078 0.767589569 -0.367824286 160 217 250 
0.00143347681 0.771261096 -0.364173472 161 217 250 
0.0158254355 0.769043922 -0.353892952 158 215 249 
0.0162087828 0.764167011 -0.317298621 155 211 246 
0.0192271471 0.747815251 -0.274167925 154 209 245 
0.0224863067 0.730517387 -0.23157835 156 207 241 
0.0260634199 0.71197021 -0.189703345 168 217 248 
0.0278649628 0.700399637 -0.143837973 163 210 243 
0.00361026824 0.698782682 -0.142052293 162 210 243 
0.0276722163 0.700312495 -0.134020194 162 210 244 
0.0256532729 0.704598129 -0.0889534652 164 212 245 
0.0239147544 0.708828807 -0.0561500415 163 211 247 
0.0230444893 0.710356832 -0.0331765562 163 211 247 
0.0204341412 0.716121793 0.0226038992 171 221 250 
0.0183238685 0.716212273 0.0228849947 171 221 250 
0.0203960687 0.716163039 0.023893021 171 221 250 
0.0186487287 0.718645334 0.0765304342 170 219 250 
0.0653554797 0.765601873 -0.426633805 156 210 244 
0.0603367686 0.76716423 -0.425232381 157 210 244 
0.0649963766 0.766699672 -0.422346741 156 210 244 
0.0637985617 0.76722759 -0.373220772 161 218 249 
0.0623792857 0.769570708 -0.334099025 158 214 247 
0.0626039803 0.76742959 -0.320622027 157 213 246 
0.0671886951 0.744923234 -0.281011492 153 207 243 
0.0699030906 0.729765952 -0.237197608 155 208 242 
0.0722677559 0.715982676 -0.192597836 167 213 240 
0.0739303827 0.704958081 -0.14642024 165 215 245 
0.0734412223 0.70472455 -0.121368445 164 214 246 
0.0727290809 0.705186427 -0.093806453 163 213 247 
0.0706516653 0.708857298 -0.0392236933 162 212 246 
0.0639679432 0.708906054 -0.0384627283 162 212 247 
0.0705189407 0.709106326 -0.0358979069 163 213 247 
0.0683356524 0.713465631 0.01589524 173 222 249 
0.0672938079 0.714987397 0.0468164608 176 222 248 
0.0652300715 0.721176505 0.072788693 176 223 249 
0.112526745 0.76581502 -0.431701362 153 208 242 
0.110966146 0.77011776 -0.407867879 154 209 243 
0.110903695 0.767700613 -0.378139704 159 215 248 
0.11230801 0.757690907 -0.331381589 159 216 248 
0.0781517923 0.766990423 -0.32256943 158 214 247 
0.115786627 0.739530683 -0.289285272 158 212 246 
0.0777958184 0.74406445 -0.282644242 154 208 244 
0.117234468 0.729349971 -0.242624998 158 210 244 
0.112944931 0.729732275 -0.241945684 158 209 244 
0.11729911 0.72868216 -0.238172323 159 210 244 
0.118428439 0.720166683 -0.195394218 161 211 241 
0.119565606 0.711206675 -0.148035765 162 211 241 
0.118757471 0.711377859 -0.112836793 162 212 244 
0.118595228 0.710527658 -0.095940955 164 215 247 
0.117856652 0.708938003 -0.0443670228 161 213 246 
0.116735309 0.711303711 -0.0191750154 163 214 248 
0.11511229 0.715229452 0.0117145851 164 216 248 
0.112772748 0.720835388 0.0568285957 166 217 250 
0.111223534 0.726017535 0.0703680739 167 217 250 
0.160911828 0.761258602 -0.439496905 157 212 244 
0.158055007 0.767995834 -0.383204758 158 212 246 
0.158053875 0.76799643 -0.383159965 158 212 246 
0.161298364 0.750756323 -0.340537339 156 212 246 
0.161404029 0.745849252 -0.290860772 156 212 246 
0.163991883 0.731189132 -0.246762544 159 210 242 
0.164219052 0.727396488 -0.215046525 159 210 241 
0.164662898 0.724060774 -0.198356479 161 211 241 
0.165516764 0.716213882 -0.150361359 153 203 239 
0.164643049 0.715212584 -0.099123843 162 213 246 
0.164645359 0.715145946 -0.0984889716 162 213 246 
0.162828341 0.717793703 -0.0444914326 161 212 248 
0.161547065 0.720454395 -0.0152341649 159 210 247 
0.160321325 0.723152578 0.0110567883 163 213 246 
0.157204941 0.731865048 0.0573153719 166 217 248 
0.156335935 0.734320343 0.0699274465 163 215 247 
0.207113504 0.765281558 -0.442385435 149 197 227 
0.207025141 0.761137009 -0.392272741 157 215 247 
0.158110827 0.767989993 -0.38316974 158 212 246 
0.207675427 0.754089952 -0.343820095 156 212 246 
0.195352882 0.754164338 -0.342425585 156 212 246 
0.207422227 0.754595041 -0.337808251 156 212 246 
0.208203077 0.747524977 -0.295091838 161 213 245 
0.210049242 0.735779107 -0.249326766 153 205 242 
0.211998671 0.723627508 -0.203793734 150 203 239 
0.183456689 0.723959327 -0.20047687 155 207 240 
0.211718082 0.723244071 -0.186650977 149 201 239 
0.208697587 0.732106447 -0.14646098 164 212 244 
0.20965293 0.72386086 -0.0986939296 150 204 242 
0.169934675 0.71620059 -0.0984965265 161 212 246 
0.209529132 0.723995447 -0.0945068374 150 204 242 
0.208481729 0.72397095 -0.0461477712 153 205 242 
0.206675261 0.728038669 -0.00841382891 158 209 245 
0.206085652 0.728893995 0.00915113837 161 211 246 
0.202631921 0.737972677 0.0668269321 161 213 247 
0.202588707 0.737972438 0.0668315664 161 213 247 
0.252927244 0.766337037 -0.394488007 159 215 246 
0.253799051 0.758419752 -0.346533149 163 217 248 
0.253088593 0.759515107 -0.326090306 160 214 246 
0.253774971 0.754022539 -0.296564966 156 209 243 
0.255045623 0.74453789 -0.249506593 158 208 241 
0.257389724 0.730835497 -0.204860568 150 202 238 
0.256966323 0.730234027 -0.178738192 153 204 239 
0.255774438 0.732690632 -0.151316315 158 207 241 
0.255811691 0.728052378 -0.101485997 153 205 243 
0.255624712 0.726790786 -0.078883037 148 202 240 
0.255010754 0.726707697 -0.049771972 148 201 240 
0.253998756 0.726192236 0.0024163872 157 210 245 
0.236189425 0.727751255 0.00522151589 158 210 245 
0.253537625 0.727038145 0.0141876116 158 210 245 
0.251526028 0.731416464 0.0578876063 168 216 249 
0.296999007 0.778728843 -0.392589897 157 213 247 
0.298604578 0.767928362 -0.346284121 162 216 249 
0.2977539 0.769390941 -0.323482513 159 213 247 
0.297987074 0.765862882 -0.294982314 156 209 246 
0.300783545 0.75038296 -0.251352936 160 211 244 
0.288796812 0.749456167 -0.198182374 153 203 238 
0.298713148 0.754557669 -0.202689394 156 206 240 
0.298441887 0.755092263 -0.196176291 156 205 239 
0.300214738 0.743634462 -0.150246412 158 207 240 
0.290281713 0.745329738 -0.0958751589 153 203 239 
0.297903985 0.748478532 -0.0979887545 154 203 238 
0.297872186 0.748347163 -0.0950678289 154 203 238 
0.297641009 0.744763494 -0.0446343347 156 205 238 
0.29888314 0.73539108 0.0024882704 157 205 240 
0.29842025 0.735838056 0.0187733024 157 206 241 
0.296629786 0.739753366 0.0574664697 161 210 244 
0.340492994 0.793390989 -0.38939327 160 210 241 
0.342709541 0.780189872 -0.344460547 163 221 251 
0.344674736 0.768100977 -0.300348908 154 211 248 
0.344748467 0.767686605 -0.299128711 154 210 247 
0.345157534 0.761587381 -0.250133991 161 212 245 
0.343292654 0.764858127 -0.20086211 160 208 240 
0.343113899 0.765125513 -0.195627153 160 207 240 
0.343531966 0.758991003 -0.146652609 155 204 239 
0.34210971 0.760629416 -0.0995631814 155 202 235 
0.341870427 0.761027932 -0.0930044502 155 201 235 
0.342879206 0.752572298 -0.0453575179 156 205 240 
0.341895401 0.751946092 0.00676749647 160 209 242 
0.341861933 0.75177139 0.0102457628 160 209 242 
0.342574686 0.74478519 0.0551549867 157 207 241 
0.390264779 0.783386111 -0.400305092 158 207 238 
0.388427287 0.786114335 -0.346261531 160 214 249 
0.392866045 0.764181614 -0.306322843 158 212 244 
0.345364332 0.767633736 -0.299225122 154 210 247 
0.393456876 0.757596731 -0.260276824 159 210 244 
0.425391257 0.609430909 -0.0799341202 158 208 240 
0.393416405 0.757527113 -0.257645726 159 210 244 
0.392797202 0.755468369 -0.206340075 157 205 239 
0.349382252 0.76412046 -0.196862727 159 207 240 
0.391832024 0.755555868 -0.16299969 153 201 236 
0.391595483 0.755698383 -0.153725326 151 199 233 
0.390942514 0.753772259 -0.102343798 155 202 237 
0.349915385 0.759763658 -0.0945762396 155 201 235 
0.390126705 0.753913105 -0.066454418 155 203 236 
0.389591932 0.754587173 -0.0493945107 153 200 232 
0.390954345 0.744742215 -0.00254224986 160 209 241 
0.390474468 0.742135882 0.048450239 157 207 240 
0.390112966 0.742167592 0.0485071912 157 207 240 
0.434035301 0.796961665 -0.397729993 167 215 242 
0.434355378 0.791211843 -0.348535448 166 217 245 
0.438796818 0.769268632 -0.30860275 158 212 241 
0.438035667 0.767900586 -0.258455902 160 209 239 
0.457582235 0.677488744 -0.15116398 150 200 234 
0.459472358 0.66557014 -0.105497688 149 198 233 
0.459944367 0.658328056 -0.0571316183 152 202 236 
0.460093439 0.658705115 -0.0577246174 152 202 236 
0.441536307 0.631032705 -0.0175996199 156 206 239 
0.438106239 0.767490268 -0.257136762 160 208 239 
0.437934458 0.763673425 -0.206836641 155 202 235 
0.436755121 0.764155149 -0.158045232 149 191 216 
0.460045457 0.65882647 -0.0568715781 152 202 236 
0.458177924 0.661672652 -0.00276053697 152 202 237 
0.436682522 0.764100909 -0.154108956 149 190 215 
0.436970294 0.758478343 -0.10484162 154 203 234 
0.435254514 0.761498928 -0.0596369058 149 196 225 
0.435000718 0.761725426 -0.0505012274 147 194 224 
0.435770392 0.754209399 -0.0023168847 152 200 231 
0.391628891 0.742534459 0.0485402122 157 206 240 
0.434316933 0.756055593 0.0438948646 136 181 211 
0.43405664 0.75645107 0.0514484271 136 180 210 
0.438674569 0.767379045 -0.257259727 161 209 239 
0.452764988 0.74794966 -0.217019856 156 206 236 
0.460952282 0.727091491 -0.176908538 144 193 225 
0.468016982 0.705961585 -0.136821717 146 194 228 
0.470414758 0.683702171 -0.0968365222 149 197 231 
0.438413322 0.762829959 -0.154990509 150 191 215 
0.452234387 0.743335426 -0.114756517 158 206 235 
0.462279558 0.722926974 -0.0746047497 146 194 225 
0.468319237 0.701548994 -0.034540236 150 199 230 
0.468542397 0.678763151 0.00539758056 151 202 236 
0.439945757 0.758715034 -0.0526822582 152 198 226 
0.456754506 0.739943683 -0.0123831779 161 210 238 
0.461984158 0.718369603 0.0276636928 149 200 231 
0.438854992 0.753965259 0.0495688692 138 182 212 
-0.518985868 0.398544848 -0.0385214165 167 220 245 
-0.515351653 0.405836016 -0.0496520922 168 221 245 
-0.517280936 0.412155747 -0.0313045979 167 220 244 
-0.474620789 0.443569839 -0.175976172 174 232 253 
-0.485051572 0.452438086 -0.117648192 176 231 252 
-0.479379594 0.458747238 -0.126155227 177 232 253 
-0.497027457 0.426699579 -0.0779760852 173 227 248 
-0.480442315 0.461952209 -0.112979114 177 232 253 
-0.491353601 0.469266742 -0.0554435402 172 226 249 
-0.484906852 0.476025015 -0.064391084 173 228 251 
-0.507264853 0.442575693 -0.0158571526 167 220 244 
-0.486768156 0.482316196 -0.0488486737 172 227 250 
-0.497647226 0.486097425 0.00676129013 167 221 247 
-0.490360767 0.492939442 -0.00195902586 167 222 248 
-0.492488503 0.500301182 0.0139210969 166 221 248 
-0.477656215 0.636946738 -0.436950803 166 224 249 
-0.472759753 0.656964719 -0.469771326 168 222 244 
-0.464462727 0.616168022 -0.397346377 172 229 250 
-0.464855522 0.617835343 -0.397840738 172 228 250 
-0.462710172 0.594884634 -0.35675931 169 226 249 
-0.464118212 0.614185333 -0.391130954 172 228 250 
-0.449565202 0.548648357 -0.330998212 176 233 254 
-0.459272116 0.590195119 -0.347030342 171 228 251 
-0.437320411 0.48706001 -0.208774418 170 229 252 
-0.453747243 0.482854903 -0.156899303 175 232 253 
-0.440302014 0.496284842 -0.174397379 175 232 253 
-0.475883365 0.670026183 -0.471508324 169 220 243 
-0.49429363 0.696953416 -0.454837173 165 214 238 
-0.485490024 0.709900379 -0.473556221 164 217 242 
-0.500947833 0.672502995 -0.415049165 165 222 247 
-0.474958241 0.6577636 -0.377714425 167 224 247 
-0.461048514 0.598260939 -0.355105221 169 227 250 
-0.442050755 0.5011549 -0.148229599 175 231 253 
-0.451645017 0.501717746 -0.0945115834 176 231 253 
-0.444729358 0.508117437 -0.102623478 176 231 253 
-0.491224408 0.730305135 -0.437031507 171 221 245 
-0.50083226 0.713724852 -0.3926377 158 215 243 
-0.492240161 0.733231723 -0.422920167 169 221 246 
-0.47681576 0.66470623 -0.369584769 165 222 247 
-0.492467076 0.692909718 -0.352522522 163 220 247 
-0.483602345 0.690470815 -0.3443138 162 219 246 
-0.446509868 0.514183998 -0.088294372 175 230 253 
-0.465198517 0.516791224 -0.0324648768 171 226 250 
-0.451114327 0.529640913 -0.0486640669 171 226 251 
-0.506371439 0.753577948 -0.370349377 164 219 243 
-0.500624061 0.764651179 -0.387152314 172 229 246 
-0.497736067 0.732828259 -0.330228299 162 216 242 
-0.493007839 0.726947546 -0.317842603 162 216 244 
-0.456520855 0.54902792 -0.0158820599 168 223 250 
-0.479451984 0.531695306 0.029566586 167 221 248 
-0.458256096 0.554911196 -0.00159242004 168 222 250 
-0.500841856 0.763602734 -0.365503669 167 224 245 
-0.495214403 0.736999154 -0.32823649 163 218 243 
-0.46858415 0.575519621 0.0522122756 165 219 247 
-0.465147108 0.578939855 0.0477618054 165 219 248 
-0.465961218 0.581629634 0.0552478358 165 219 247 
-0.424926579 0.655365229 -0.485083163 165 224 249 
-0.463815391 0.663136661 -0.476582259 168 222 245 
-0.431167781 0.682054877 -0.495131582 166 225 248 
-0.464024842 0.617406249 -0.396720916 172 228 250 
-0.432983369 0.579239964 -0.316178858 175 232 254 
-0.40122965 0.539794862 -0.288768291 172 230 254 
-0.410632402 0.580395818 -0.308254182 173 231 254 
-0.397548109 0.520837307 -0.24712801 168 227 253 
-0.415824831 0.514873624 -0.196006238 173 230 253 
-0.400011241 0.527816355 -0.211598694 172 229 252 
-0.441303819 0.722148061 -0.475308448 164 223 249 
-0.473298907 0.656355381 -0.374513954 167 224 247 
-0.437043697 0.64229089 -0.333791286 167 225 250 
-0.413484305 0.59243834 -0.311141819 173 230 253 
-0.424500167 0.638962686 -0.322390854 168 226 251 
-0.401606143 0.532290578 -0.18809405 173 229 252 
-0.41427806 0.533601999 -0.133630633 178 231 252 
-0.404815555 0.541515172 -0.143255383 178 231 253 
-0.486655235 0.739996076 -0.432261825 172 224 247 
-0.451457351 0.762327671 -0.45564425 170 230 246 
-0.469866246 0.675540268 -0.312097251 166 222 248 
-0.429227233 0.654296279 -0.275761873 169 225 251 
-0.436823219 0.660698295 -0.271444589 170 225 250 
-0.430751383 0.659824014 -0.267214298 169 225 250 
-0.406098694 0.545451105 -0.128083646 179 232 252 
-0.425535232 0.549231291 -0.0715339035 173 228 253 
-0.410487682 0.559509873 -0.0828091726 174 229 253 
-0.45396924 0.769481063 -0.41981414 162 220 247 
-0.456383407 0.77662909 -0.38840872 163 218 246 
-0.481478184 0.713923573 -0.289941221 165 219 247 
-0.463033944 0.695547998 -0.24960652 168 222 248 
-0.436992437 0.680635333 -0.211945742 171 223 250 
-0.415223509 0.576812923 -0.0576629415 170 223 252 
-0.45088762 0.561448932 -0.00974418968 168 222 250 
-0.417994916 0.586589336 -0.0390632264 167 220 250 
-0.456476182 0.774839759 -0.364266038 170 226 251 
-0.454691947 0.763337255 -0.318361759 168 224 249 
-0.456210792 0.761233211 -0.26698187 157 211 241 
-0.455441236 0.761880159 -0.267770648 157 211 242 
-0.479620308 0.73272723 -0.227558821 166 218 243 
-0.437624514 0.682799459 -0.206976205 171 223 250 
-0.464312345 0.713592649 -0.187292442 171 220 247 
-0.434882998 0.667535543 -0.163223282 169 221 250 
-0.457385302 0.692429423 -0.147208601 167 219 248 
-0.43854323 0.678227603 -0.113994204 166 219 248 
-0.431582361 0.645582974 -0.0708128065 169 220 249 
-0.440810382 0.650761604 -0.0669816509 169 220 248 
-0.436286271 0.667054653 -0.093455188 167 220 248 
-0.432008266 0.645876706 -0.0545243323 167 219 248 
-0.430969208 0.607463896 0.0130986273 166 218 248 
-0.425459296 0.613456368 0.00507326424 165 217 248 
-0.455486894 0.76196897 -0.266661167 157 210 241 
-0.455088854 0.755913258 -0.217641622 166 220 247 
-0.456515014 0.756673694 -0.164713651 163 217 245 
-0.456441045 0.756744981 -0.164805293 163 217 245 
-0.46884948 0.730848432 -0.125049353 160 212 240 
-0.439258575 0.680236459 -0.103475742 167 219 248 
-0.467314184 0.708380163 -0.0850829408 170 219 245 
-0.466630012 0.68570596 -0.0451350957 166 217 245 
-0.432746142 0.645663857 -0.0182833597 163 215 247 
-0.46656251 0.662882447 -0.00520066172 162 215 245 
-0.457631469 0.642204285 0.0349268317 161 215 245 
-0.45222649 0.620672703 0.0749775246 164 217 245 
-0.456453532 0.756783366 -0.164660752 163 217 245 
-0.457148194 0.755021214 -0.113185473 166 219 245 
-0.465099692 0.75011003 -0.0626257583 152 203 232 
-0.45896247 0.75914222 -0.0756866857 158 209 237 
-0.476276308 0.72456497 -0.0229362547 158 210 238 
-0.47893092 0.701082647 0.0169388875 164 211 239 
-0.476049781 0.678940177 0.0569346026 166 217 244 
-0.481124312 0.65487206 0.0967570469 158 211 243 
-0.459061772 0.758048296 -0.0589709207 154 206 234 
-0.459276676 0.754400849 -0.00857391953 157 212 240 
-0.465854645 0.745441496 0.0396326855 151 202 232 
-0.460415184 0.75624907 0.0231571347 153 205 235 
-0.476954073 0.719915152 0.0793238804 158 209 237 
-0.482349515 0.69576937 0.119139321 160 208 235 
-0.459835619 0.752105117 0.0425962284 152 203 235 
-0.461221278 0.753058076 0.0956243947 159 213 241 
-0.466354549 0.740834713 0.141896665 150 200 230 
-0.461886227 0.753446698 0.121834286 155 207 235 
-0.460958362 0.747533202 0.144947648 154 204 233 
-0.381406307 0.669923842 -0.481945783 169 229 252 
-0.387135565 0.695064664 -0.498284847 165 224 251 
-0.362308353 0.572424054 -0.275295377 174 228 254 
-0.362803966 0.574612558 -0.276860654 174 228 254 
-0.367215753 0.549478948 -0.234880418 165 223 252 
-0.361766428 0.569476247 -0.267418772 172 227 253 
-0.396648705 0.732074082 -0.472792953 165 224 250 
-0.383972257 0.632296681 -0.292702347 173 228 253 
-0.376339078 0.631532669 -0.287970096 173 229 253 
-0.360104561 0.559273005 -0.230334014 166 223 252 
-0.367372036 0.567795098 -0.172541887 172 224 252 
-0.36409235 0.570905924 -0.17652142 171 224 252 
-0.406919539 0.77283442 -0.454196215 169 225 250 
-0.378032386 0.634207845 -0.239957839 171 227 252 
-0.397510052 0.647373915 -0.230655313 173 227 251 
-0.380009025 0.639615655 -0.209303468 174 226 252 
-0.364636093 0.572586715 -0.170235962 172 224 252 
-0.374124825 0.584514678 -0.110347062 174 226 251 
-0.369729877 0.588729382 -0.115760446 174 225 251 
-0.41171217 0.789003253 -0.413837761 162 217 247 
-0.41076836 0.781803131 -0.377157658 165 224 251 
-0.433545917 0.679845572 -0.209031254 172 223 250 
-0.382811844 0.648495674 -0.179302692 174 226 252 
-0.423711419 0.659386098 -0.168884099 171 223 251 
-0.377785653 0.624254704 -0.140684232 176 228 251 
-0.399833173 0.642325819 -0.128431022 174 226 250 
-0.376386225 0.61426419 -0.0939151868 172 224 251 
-0.379182905 0.625441372 -0.0897216648 172 223 251 
-0.408763438 0.594484687 -0.0487596169 167 220 251 
-0.378779799 0.623445749 -0.0860531926 171 223 251 
-0.410176009 0.778475523 -0.367376029 166 226 253 
-0.410899132 0.776824951 -0.315836877 162 219 249 
-0.407326788 0.75829649 -0.273951083 170 225 252 
-0.453711212 0.761838198 -0.266927421 158 211 242 
-0.407728463 0.756669402 -0.237429589 168 222 252 
-0.43196404 0.675742626 -0.106721915 168 221 248 
-0.379335016 0.625850737 -0.0872882009 171 223 251 
-0.416184425 0.633882284 -0.026512295 166 217 248 
-0.40839234 0.757991672 -0.221642315 166 220 251 
-0.406837434 0.747390151 -0.175222725 170 224 251 
-0.456273705 0.756732106 -0.164708406 163 217 245 
-0.40836063 0.749714255 -0.131118596 168 222 249 
-0.409272015 0.752464414 -0.119837292 166 220 249 
-0.40912655 0.747400999 -0.0702501312 166 220 249 
-0.439020663 0.756422281 -0.0620577112 158 210 240 
-0.410354316 0.749499083 -0.0371976122 164 217 248 
-0.41156438 0.752488136 -0.0148573965 160 214 246 
-0.411563843 0.747994184 0.0350554511 165 217 247 
-0.435114264 0.752882004 0.0403022543 159 210 240 
-0.412584811 0.750456393 0.0545680597 165 218 247 
-0.414638251 0.755582452 0.0918787941 158 212 244 
-0.414239913 0.749525428 0.140897632 166 219 250 
-0.426723748 0.750427067 0.142759889 162 214 245 
-0.337741315 0.683914125 -0.479133427 167 227 253 
-0.342110604 0.703159988 -0.492404014 163 221 248 
-0.361222893 0.573769331 -0.27468282 174 228 254 
-0.352549702 0.744753242 -0.475338429 172 230 253 
-0.341039151 0.61984849 -0.251834244 173 226 252 
-0.327348292 0.600322425 -0.211603075 168 219 252 
-0.362942636 0.78742826 -0.472411275 168 225 247 
-0.371914864 0.790608048 -0.469695568 167 225 247 
-0.364515036 0.793902159 -0.472162306 167 224 246 
-0.35989818 0.633637786 -0.18990311 174 225 252 
-0.331761271 0.617608309 -0.149357259 171 219 249 
-0.36507082 0.795790434 -0.467628509 166 223 246 
-0.362950504 0.782967448 -0.422479481 164 220 248 
-0.364789128 0.785699964 -0.368433446 167 227 253 
-0.388205767 0.782179117 -0.36777553 167 227 253 
-0.364902258 0.785734415 -0.363622099 168 227 253 
-0.377809167 0.624816775 -0.0880183429 172 223 251 
-0.363863528 0.777571201 -0.320599496 169 226 252 
-0.362592429 0.768085003 -0.273542017 170 226 253 
-0.362582147 0.764163971 -0.230444312 170 223 251 
-0.362847894 0.764597058 -0.223053813 169 223 251 
-0.361854196 0.756200492 -0.175373077 174 227 252 
-0.363753855 0.759879827 -0.12904346 168 221 249 
-0.364089847 0.760493219 -0.120434649 167 220 248 
-0.363061398 0.751960397 -0.0728318617 168 221 249 
-0.364921808 0.755576849 -0.0276079178 164 216 246 
-0.365422547 0.756746173 -0.0176114589 162 215 245 
-0.364777625 0.749720156 0.0308531895 165 217 247 
-0.366866857 0.755121112 0.0667553172 166 218 249 
-0.368569165 0.760126352 0.0892882273 166 219 249 
-0.368483514 0.755298018 0.139009833 165 218 249 
-0.291701972 0.68857491 -0.481657177 169 230 253 
-0.296156764 0.706656992 -0.47807014 167 228 251 
-0.284018904 0.653894305 -0.449009717 172 234 254 
-0.307997376 0.755188465 -0.473758996 174 235 252 
-0.362499386 0.792886972 -0.469490469 166 224 247 
-0.315529048 0.782388806 -0.430235237 165 218 241 
-0.315699816 0.782868505 -0.427725524 165 218 240 
-0.31617105 0.780228257 -0.376752466 168 225 250 
-0.314221859 0.768077612 -0.331218898 167 227 253 
-0.332183123 0.77289927 -0.326622277 168 227 252 
-0.315233797 0.770842433 -0.315484226 167 227 252 
-0.316426486 0.772248387 -0.27635023 169 225 252 
-0.313328743 0.755584598 -0.233397961 177 228 252 
-0.353618264 0.763225198 -0.224814296 171 224 251 
-0.31443274 0.756792009 -0.196130306 178 229 252 
-0.31486094 0.757113338 -0.180040449 177 229 252 
-0.314160347 0.749868631 -0.131700933 173 224 251 
-0.353516102 0.758764029 -0.122537203 168 221 249 
-0.313962013 0.744597554 -0.0822325423 174 224 250 
-0.316001445 0.745004416 -0.0817871019 174 224 250 
-0.314010978 0.744619489 -0.080228366 174 224 250 
-0.315480649 0.746072829 -0.0289055705 170 219 246 
-0.352870911 0.754434407 -0.020248279 163 215 244 
-0.315518409 0.741997182 0.0181175619 170 221 248 
-0.315493703 0.741632223 0.0210378096 171 222 249 
-0.318282962 0.748100162 0.0772203133 172 222 249 
-0.337920874 0.753567159 0.0823522583 168 220 248 
-0.318635315 0.747342467 0.101816989 169 220 249 
-0.31835562 0.743893921 0.127297729 168 220 249 
-0.273539186 0.70919168 -0.47243771 167 227 251 
-0.240294307 0.667650223 -0.446331412 169 230 253 
-0.250602692 0.712132931 -0.467374146 166 226 250 
-0.2542063 0.726805806 -0.464980274 165 223 248 
-0.261843741 0.75769639 -0.457606912 168 224 246 
-0.263174891 0.762045741 -0.444824666 162 215 241 
-0.31202054 0.782265246 -0.428458005 165 217 239 
-0.267479002 0.775508523 -0.396825016 166 223 246 
-0.268487066 0.778426766 -0.38297227 168 226 251 
-0.267839849 0.771391869 -0.33451277 166 225 253 
-0.268612623 0.77103579 -0.295077354 166 223 251 
-0.268278837 0.768625021 -0.283612102 167 223 251 
-0.264252484 0.748312473 -0.242746741 189 234 253 
-0.264734983 0.745716691 -0.191748276 184 230 253 
-0.299393952 0.753509998 -0.183700234 179 229 252 
-0.263488114 0.736325502 -0.144636393 177 225 252 
-0.269502163 0.737905264 -0.143116191 176 225 252 
-0.263541281 0.735845566 -0.136862636 176 225 252 
-0.264085382 0.73418057 -0.0933800563 175 223 252 
-0.26497817 0.733196735 -0.0414595753 173 220 251 
-0.268159837 0.733744264 -0.0408120751 173 220 251 
-0.265027106 0.733116508 -0.0383205041 172 220 251 
-0.265584409 0.731087089 0.00981696695 171 221 251 
-0.313571036 0.741106868 0.0205407068 171 222 249 
-0.266716599 0.731395304 0.0583690181 169 221 252 
-0.266739666 0.731134474 0.0623272583 170 221 252 
-0.266092002 0.724097788 0.11078579 174 226 253 
-0.305416882 0.738594651 0.122993223 170 222 250 
-0.194209874 0.672133863 -0.44895646 167 226 252 
-0.205744043 0.721051693 -0.463006943 169 223 249 
-0.228722945 0.761232972 -0.449052572 163 213 236 
-0.216007501 0.761775553 -0.444343209 164 213 235 
-0.218708903 0.768396735 -0.393898457 166 223 250 
-0.248042852 0.774910808 -0.387131512 167 225 251 
-0.220063642 0.771770477 -0.36919111 165 221 250 
-0.220227569 0.769872189 -0.340571433 169 224 252 
-0.217891529 0.756201506 -0.295907229 172 227 252 
-0.260443777 0.767423391 -0.285126716 168 225 251 
-0.215719476 0.743175089 -0.250874579 182 232 253 
-0.251141101 0.746835232 -0.244991124 189 235 253 
-0.21566008 0.739886045 -0.217053384 191 235 253 
-0.21536912 0.737306714 -0.201747864 191 234 253 
-0.215740725 0.734274983 -0.150998682 183 228 252 
-0.215571687 0.72936368 -0.104184948 176 224 252 
-0.215600997 0.729234159 -0.101398624 175 224 252 
-0.215208054 0.723198295 -0.0523676723 168 219 252 
-0.214853719 0.717314243 -0.0032498911 167 218 251 
-0.228344887 0.720541358 -1.18687749e-05 169 219 251 
-0.215248376 0.717678547 0.0108210966 168 219 251 
-0.216881156 0.720788717 0.051220499 170 222 253 
-0.262720346 0.730575085 0.0615812764 169 221 252 
-0.218363702 0.723015964 0.0945348814 170 222 253 
-0.218774796 0.723737478 0.105390243 171 223 253 
-0.161950633 0.735243738 -0.468333542 161 213 239 
-0.16942358 0.762153387 -0.424275368 168 226 251 
-0.171394408 0.768047094 -0.399287909 160 217 246 
-0.171986118 0.765880346 -0.348044008 163 218 247 
-0.180360794 0.768452883 -0.345724314 164 219 248 
-0.172442973 0.767015934 -0.339688629 163 218 247 
-0.171369165 0.7589643 -0.299516469 162 220 250 
-0.168370277 0.742689133 -0.256341994 177 228 253 
-0.165778339 0.728012919 -0.212252915 183 227 252 
-0.20189932 0.735914052 -0.203985602 190 232 253 
-0.164020181 0.716612935 -0.166290075 170 222 250 
-0.175540313 0.719454169 -0.163478494 174 223 250 
-0.164101616 0.715637803 -0.151716053 170 222 250 
-0.164492145 0.713975489 -0.115315348 170 221 252 
-0.214053288 0.728486419 -0.101975448 175 223 252 
-0.165254593 0.712479472 -0.0636878163 168 219 252 
-0.178306311 0.714298904 -0.0612638667 168 219 252 
-0.165488169 0.712417006 -0.0522699878 169 219 253 
-0.166954368 0.714666605 -0.00995372981 170 221 252 
-0.168649048 0.717980027 0.0310290679 171 223 252 
-0.16935131 0.719592929 0.0453470871 171 223 253 
-0.171278 0.722671628 0.0995911434 170 222 254 
-0.198117375 0.723371983 0.102921419 170 223 253 
-0.122607201 0.709426463 -0.122392558 172 223 252 
-0.131058589 0.721249044 0.0420401543 170 222 253 
-0.560180902 0.118981719 0.337501884 168 214 229 
-0.552045166 0.13271293 0.344077498 171 217 232 
-0.552400112 0.137349755 0.308849573 174 220 235 
-0.5504421 0.0984990597 0.377646983 160 211 226 
-0.546317339 0.105715185 0.381119192 160 210 225 
-0.544936061 0.0769919455 0.417699844 163 211 228 
-0.542239666 0.085201025 0.421869189 161 208 225 
-0.538012683 0.0558278561 0.457783669 165 217 235 
-0.536988616 0.0600766242 0.459982425 164 216 234 
-0.535695434 0.0546542704 0.460866719 164 217 234 
-0.518355608 0.174784899 0.258547008 157 212 232 
-0.522827148 0.21245271 0.279529214 166 220 240 
-0.516793847 0.192072064 0.229017198 163 217 236 
-0.545834184 0.14529407 0.297881454 173 220 236 
-0.522236705 0.192199528 0.320804417 175 227 245 
-0.522978306 0.212602898 0.284801334 167 221 241 
-0.516405046 0.170771211 0.360864371 177 227 239 
-0.514242351 0.148454815 0.400844455 163 212 227 
-0.523056269 0.123481661 0.440585405 157 204 224 
-0.521531999 0.10101074 0.48055163 163 209 224 
-0.489926398 0.0446270108 0.498764008 170 222 237 
-0.505772352 0.0819854438 0.52082783 161 212 229 
-0.486935914 0.044262141 0.50073266 171 223 237 
-0.49650985 0.0815724432 0.525671422 158 208 226 
-0.519961894 0.196702749 0.323004156 175 228 245 
-0.515510678 0.174720913 0.362914711 176 227 239 
-0.511271596 0.153572589 0.403302014 165 215 229 
-0.509078383 0.140463084 0.4482871 164 212 230 
-0.509902358 0.139209002 0.500053108 147 192 212 
-0.498275459 0.0890322328 0.523837388 157 205 224 
-0.517527819 0.33486408 -0.0209656619 169 223 246 
-0.520800471 0.375265807 0.00137201697 169 222 245 
-0.518100619 0.311885595 0.0189548284 171 225 246 
-0.524145365 0.351616383 0.041232124 168 222 246 
-0.520965695 0.288352311 0.0588253662 171 226 247 
-0.530440331 0.327252865 0.0810279623 172 226 247 
-0.520679951 0.265581638 0.0987645611 171 227 246 
-0.537041724 0.302815229 0.120817132 171 226 247 
-0.520777762 0.242718101 0.138695389 174 227 242 
-0.530526757 0.281552315 0.16089201 173 229 248 
-0.515629292 0.22112444 0.178740472 169 224 243 
-0.516200125 0.26218015 0.201137006 168 226 246 
-0.51611805 0.198166311 0.218662769 165 218 237 
-0.515981793 0.239393145 0.241074711 163 218 240 
-0.522868752 0.214886367 0.280857652 166 220 241 
-0.451785564 0.0919225216 0.520301044 150 198 217 
-0.464832008 0.0918947756 0.521719575 152 201 219 
-0.45276019 0.0959810913 0.519946635 150 198 217 
-0.439391613 0.0398856103 0.529540181 160 214 233 
-0.5214504 0.416302353 0.0237668231 165 217 241 
-0.520200491 0.41975528 0.0182858929 166 218 242 
-0.525498748 0.392482638 0.0636116043 165 217 241 
-0.532535911 0.367939532 0.103391267 171 222 244 
-0.532940865 0.345001668 0.143315434 171 225 245 
-0.52728498 0.323530793 0.183371574 171 225 245 
-0.518610418 0.302790582 0.223493487 173 228 245 
-0.508594096 0.282375127 0.263644576 170 228 247 
-0.492853284 0.263345242 0.303920418 169 229 250 
-0.507726192 0.236905545 0.343529433 173 233 251 
-0.50681448 0.214286387 0.383482248 174 230 246 
-0.498534918 0.19345054 0.423595518 180 232 246 
-0.500045419 0.170245141 0.463495582 166 217 232 
-0.495154738 0.148589045 0.503535151 148 196 215 
-0.46565488 0.149730772 0.514665425 151 201 220 
-0.521029949 0.422394782 0.0270348415 166 218 242 
-0.523731589 0.428518325 0.0830203965 167 219 243 
-0.523099661 0.411417335 0.126005769 166 219 245 
-0.523317695 0.425102115 0.101982422 167 219 244 
-0.515203238 0.386024714 0.163682342 168 222 246 
-0.518494248 0.401223868 0.145877182 167 220 245 
-0.510525942 0.363154888 0.203085035 170 224 245 
-0.507353663 0.346198291 0.245869786 173 228 248 
-0.500561953 0.315019995 0.28052038 174 231 249 
-0.49171564 0.275768846 0.3105537 170 230 250 
-0.504279494 0.278933644 0.366013467 172 231 250 
-0.496678203 0.293224931 0.344409019 170 230 249 
-0.502288401 0.256575733 0.405989766 178 235 252 
-0.496904224 0.235039085 0.446040004 183 239 251 
-0.483044207 0.215553999 0.486274868 167 221 237 
-0.46823895 0.16106391 0.507363617 155 206 225 
-0.480826318 0.214751109 0.488665551 167 220 237 
-0.522203505 0.418022394 0.129500359 166 218 244 
-0.507217526 0.336679727 0.345391959 170 230 249 
-0.509597063 0.341680229 0.348373622 171 230 249 
-0.508750796 0.342904955 0.346608907 171 230 249 
-0.503329873 0.316912144 0.386568993 168 228 246 
-0.505964994 0.329113841 0.371960789 169 229 247 
-0.499005973 0.295430779 0.42676577 176 228 244 
-0.493325651 0.268619418 0.463914067 175 234 250 
-0.481626689 0.218159556 0.48753652 167 221 237 
-0.509426832 0.345360577 0.350356996 171 231 249 
-0.446930647 0.0962276757 0.522109509 150 198 217 
-0.421344936 0.0383868515 0.540190816 168 220 238 
-0.399346322 0.0669445693 0.553308487 161 211 227 
-0.40555644 0.0932903886 0.545655251 151 201 220 
-0.392795503 0.0402030647 0.549718916 174 226 240 
-0.412534237 0.123255074 0.533032417 152 202 219 
-0.420908958 0.159207404 0.51800704 159 211 228 
-0.50938189 0.4604173 0.0464386567 167 220 243 
-0.522434354 0.434418201 0.0860873237 167 219 244 
-0.51253289 0.391135097 0.166168898 169 222 247 
-0.506055474 0.369863093 0.206242949 171 225 246 
-0.506667912 0.346875012 0.246162564 173 228 248 
-0.496794939 0.326424897 0.286310554 175 231 249 
-0.491934657 0.30476144 0.326349378 171 231 249 
-0.42352578 0.170935601 0.507820308 162 216 234 
-0.435529709 0.221501783 0.497018188 181 239 250 
-0.505275726 0.502605021 0.0689370707 163 215 242 
-0.496268541 0.512100816 0.0563425496 165 217 245 
-0.519789457 0.476252228 0.108553894 160 212 238 
-0.506263852 0.456686199 0.148781449 165 216 243 
-0.489653677 0.437866718 0.189076215 172 224 248 
-0.484701991 0.416225404 0.229117036 172 225 249 
-0.469378382 0.382544667 0.261468798 181 237 254 
-0.47575134 0.41053164 0.243054688 175 230 251 
-0.486128241 0.370200545 0.308951855 178 234 251 
-0.471535802 0.389663011 0.281417042 180 237 253 
-0.502821386 0.320480406 0.388454199 169 229 246 
-0.497912526 0.298828721 0.428494066 175 228 244 
-0.488442183 0.278281122 0.468633324 173 232 250 
-0.441515237 0.246112466 0.498334795 178 236 249 
-0.448325843 0.274763525 0.492633969 173 233 248 
-0.500319719 0.526580095 0.081434615 163 215 244 
-0.497344822 0.510399163 0.124663033 160 213 242 
-0.492942214 0.48860833 0.164682835 164 215 243 
-0.485171258 0.453582615 0.197132915 170 223 247 
-0.479651481 0.427402139 0.234642059 172 226 249 
-0.480500728 0.42624718 0.286464632 175 231 250 
-0.484419942 0.434647709 0.291465074 173 229 249 
-0.483407557 0.438348532 0.285445035 173 228 249 
-0.479731858 0.412942588 0.331500143 176 235 253 
-0.491259873 0.387312472 0.371182024 175 236 253 
-0.491490185 0.364416897 0.411109954 180 236 252 
-0.482313693 0.34379819 0.451242775 178 236 253 
-0.461890072 0.325901747 0.49162063 169 223 245 
-0.460611463 0.325497895 0.492895693 169 223 245 
-0.483847231 0.439396381 0.293985397 173 229 250 
-0.479760498 0.418846786 0.334715098 176 234 253 
-0.48254025 0.425277352 0.390876263 176 234 253 
-0.488003075 0.406454742 0.433594912 178 234 252 
-0.483123511 0.426857591 0.400093943 177 234 253 
-0.477331698 0.386197865 0.473760277 176 228 247 
-0.461070716 0.327442706 0.492368847 169 223 245 
-0.47473973 0.385354221 0.476388603 175 228 247 
-0.482296735 0.419828773 0.440243095 178 233 251 
-0.475988209 0.390549004 0.475979596 177 228 248 
-0.356244832 0.0831489265 0.557387233 148 192 212 
-0.362918019 0.113200188 0.529817879 158 200 220 
-0.347926408 0.0490700305 0.554181278 166 213 227 
-0.376905113 0.173312098 0.503990114 158 211 231 
-0.3926256 0.173405498 0.505768418 159 213 232 
-0.378296077 0.179243714 0.501937091 161 215 234 
-0.364156544 0.118727863 0.525253534 159 202 221 
-0.391815841 0.236087516 0.490967959 180 240 251 
-0.465947509 0.397924989 0.269458503 181 237 253 
-0.393054962 0.241260737 0.490370363 181 241 252 
-0.404156774 0.287095964 0.490725845 178 239 253 
-0.490739495 0.547317266 0.0916626528 164 216 245 
-0.490250915 0.524595678 0.131606251 161 214 243 
-0.487077206 0.502524018 0.171608329 164 216 244 
-0.481640756 0.481000036 0.2116597 167 220 246 
-0.472382545 0.460401088 0.251794338 171 225 250 
-0.413612455 0.326528132 0.486656278 173 232 252 
-0.454337329 0.327729821 0.491785139 169 224 246 
-0.417452037 0.342828393 0.481799692 174 233 252 
-0.46672371 0.580133855 0.106875487 162 217 246 
-0.468539089 0.571044683 0.154488117 162 215 245 
-0.466711968 0.576601863 0.14558512 161 215 245 
-0.465363503 0.548973501 0.194490224 164 218 246 
-0.466474533 0.52586472 0.234399021 167 221 248 
-0.471576601 0.501789987 0.274220854 168 224 249 
-0.475601137 0.477976054 0.314066142 173 230 253 
-0.480244666 0.454012275 0.353897929 172 231 253 
-0.482061833 0.430732608 0.393791318 177 233 253 
-0.428874046 0.389287651 0.489920229 171 231 253 
-0.466771454 0.575829625 0.15689683 161 215 245 
-0.463820606 0.559743226 0.200179309 163 217 246 
-0.468101889 0.566664696 0.256772518 163 217 246 
-0.467345655 0.569654047 0.251882523 163 217 246 
-0.47089988 0.543147624 0.296644539 166 221 248 
-0.47726965 0.518766046 0.336438745 171 226 251 
-0.490136683 0.492811859 0.376091421 167 222 248 
-0.477871746 0.472940683 0.416291565 174 230 252 
-0.467596173 0.452587962 0.456448346 170 227 249 
-0.43521136 0.415887505 0.48528263 172 231 252 
-0.442697883 0.447636843 0.476183802 171 229 252 
-0.467736065 0.570636272 0.258892834 163 217 246 
-0.472322434 0.58399713 0.319022506 162 217 247 
-0.472297102 0.584081292 0.318886817 162 217 247 
-0.480262607 0.559235513 0.35878253 167 223 252 
-0.487695068 0.534596682 0.39855358 170 225 251 
-0.475134224 0.514797091 0.438760132 169 225 251 
-0.461958289 0.495146453 0.478980094 166 224 251 
-0.453843027 0.492725492 0.486823887 168 225 252 
-0.483822733 0.633844852 0.295045257 159 213 243 
-0.490958661 0.643520117 0.301092595 160 214 243 
-0.488777637 0.655582309 0.280973643 161 212 241 
-0.472504437 0.58488059 0.319523066 162 217 247 
-0.483388096 0.62890166 0.330019981 159 214 244 
-0.473220974 0.58320415 0.371047407 161 218 249 
-0.479765475 0.577709854 0.421135277 163 217 246 
-0.476103395 0.592839301 0.396312505 159 215 246 
-0.476200551 0.555732846 0.461145848 169 221 247 
-0.465470821 0.535490096 0.501312613 154 208 236 
-0.464388251 0.534844279 0.502923489 154 208 236 
-0.494371474 0.675293505 0.318751961 165 216 243 
-0.484372377 0.631512702 0.346194535 159 214 244 
-0.506272018 0.658167601 0.363100976 163 214 244 
-0.495710224 0.679816902 0.32994917 166 215 243 
-0.480385423 0.611355066 0.38714847 157 213 246 
-0.498214245 0.63727808 0.403209418 159 213 246 
-0.477928847 0.597210824 0.431541711 164 217 245 
-0.485043019 0.62700963 0.4270235 162 214 244 
-0.474020571 0.577362359 0.472672552 169 220 246 
-0.464784622 0.536580265 0.50183022 155 209 236 
-0.510119796 0.698430121 0.385426134 159 210 242 
-0.503102303 0.706326008 0.374743581 159 211 242 
-0.508626997 0.6759516 0.425391585 158 210 242 
-0.49143517 0.650280535 0.461895198 159 209 238 
-0.49491328 0.656431139 0.46562323 158 208 237 
-0.492925078 0.655944467 0.467358857 159 209 237 
-0.507391393 0.721960306 0.39792642 167 217 244 
-0.49842751 0.682247043 0.427695423 159 210 242 
-0.493472993 0.658287644 0.466474921 158 208 237 
-0.310061604 0.0872443914 0.554540157 156 194 211 
-0.318350226 0.12355873 0.531538248 152 194 213 
-0.329270571 0.171704948 0.497881383 171 219 235 
-0.33503747 0.196083248 0.491743654 180 233 244 
-0.319763064 0.129855841 0.526428819 152 196 214 
-0.344553083 0.236245587 0.482312471 182 242 252 
-0.379987568 0.240498155 0.488519639 180 241 251 
-0.348611683 0.253196657 0.480278939 179 240 252 
-0.36172387 0.308023036 0.473018378 184 241 254 
-0.362824142 0.312529057 0.473459989 183 240 254 
-0.375359327 0.365439713 0.460996181 179 237 253 
-0.462035209 0.595458746 0.114696838 160 215 245 
-0.378271639 0.377717912 0.458261877 179 237 253 
-0.401516557 0.404548407 0.475411624 172 233 253 
-0.387247443 0.414206386 0.464874953 172 233 253 
-0.4669227 0.635469615 0.136999339 157 212 244 
-0.458862603 0.614580691 0.177107841 160 213 245 
-0.462533683 0.59085232 0.216960818 160 213 243 
-0.398898691 0.461800277 0.470909804 168 228 252 
-0.483494908 0.672652304 0.159047335 162 212 242 
-0.478903204 0.650923848 0.199080318 158 210 241 
-0.470415354 0.630138457 0.239198118 156 210 242 
-0.464485139 0.608734012 0.279260278 158 214 245 
-0.405700684 0.489985466 0.469990641 167 227 253 
-0.435216576 0.501619101 0.47956261 165 224 252 
-0.411744028 0.515305638 0.466077596 165 225 252 
-0.477234066 0.715361595 0.181592673 154 203 233 
-0.483245313 0.691066742 0.221394688 165 213 242 
-0.485911399 0.667581618 0.26126954 163 212 240 
-0.480347306 0.623248696 0.341256678 158 215 245 
-0.473993838 0.601946712 0.381328017 156 213 246 
-0.462330103 0.536250293 0.50138098 155 209 237 
-0.42287147 0.560306609 0.476878911 165 224 253 
-0.463294059 0.752218962 0.200110823 150 201 231 
-0.4667373 0.736256242 0.244163215 149 199 229 
-0.46337676 0.750740767 0.220333874 148 198 228 
-0.479177833 0.710405231 0.283825189 159 208 235 
-0.494658172 0.68381846 0.323420972 167 216 244 
-0.47612074 0.619785845 0.443623632 163 215 244 
-0.443606555 0.604815841 0.484264821 160 215 245 
-0.434130132 0.60595721 0.486485988 157 213 245 
-0.462047666 0.742829621 0.247223735 151 201 231 
-0.473980457 0.752857089 0.30634737 160 212 237 
-0.467074633 0.758962035 0.298746377 157 211 238 
-0.486440569 0.727001369 0.346008927 156 209 239 
-0.445394695 0.645576954 0.506634831 159 212 239 
-0.444127232 0.645362258 0.507574081 159 211 239 
-0.467623085 0.760245144 0.309667766 156 209 236 
-0.468745261 0.760162652 0.36210379 161 218 244 
-0.489493191 0.744616508 0.408284336 177 230 248 
-0.468881965 0.757824242 0.394363433 175 231 250 
-0.475945503 0.725055814 0.448512405 162 210 236 
-0.466123372 0.70459336 0.488659292 158 209 237 
-0.445832998 0.652167261 0.510268092 158 210 238 
-0.455711514 0.692624688 0.514218152 158 207 236 
-0.468590885 0.755064249 0.411670893 180 235 251 
-0.465020001 0.73654151 0.453559846 165 214 238 
-0.460579604 0.714602232 0.493494838 164 217 241 
-0.269627988 0.113931328 0.564614415 141 188 207 
-0.270854682 0.119423449 0.55990237 142 189 208 
-0.267928302 0.10493663 0.586533129 150 193 211 
-0.291500956 0.21335122 0.464028448 190 247 254 
-0.310563534 0.216107935 0.467622846 189 247 254 
-0.294388056 0.225839376 0.457805961 187 246 254 
-0.286278486 0.188339055 0.502205908 182 233 246 
-0.277148843 0.147974551 0.531602383 152 198 216 
-0.302978635 0.262941718 0.439908832 179 239 253 
-0.329979986 0.275441974 0.449675888 177 238 253 
-0.309370935 0.289926171 0.433522254 176 237 253 
-0.320496559 0.336265862 0.429363698 175 236 254 
-0.327481747 0.340080351 0.432206362 175 236 254 
-0.322508067 0.344876081 0.426034659 175 236 254 
-0.360792577 0.309177846 0.471413761 184 241 254 
-0.368582547 0.371326029 0.453720063 180 238 254 
-0.333112121 0.387285918 0.441599101 178 237 254 
-0.342776805 0.428302467 0.429521292 174 234 254 
-0.360551715 0.437303483 0.436370999 174 234 253 
-0.347173542 0.446811438 0.425700217 173 234 254 
-0.37786743 0.474306196 0.458402783 169 229 254 
-0.357399821 0.487351239 0.444702357 168 229 253 
-0.369555831 0.537444055 0.446143419 166 225 253 
-0.414570391 0.750200987 0.148562998 165 218 249 
-0.372030616 0.547739923 0.445350915 165 225 253 
-0.399017781 0.574414432 0.462827057 163 222 253 
-0.381401449 0.586000264 0.450409204 163 222 253 
-0.415425301 0.749691367 0.193475693 155 207 241 
-0.416413039 0.749238193 0.243858308 163 214 247 
-0.427746415 0.608654737 0.484610289 157 214 246 
-0.391208231 0.624463439 0.473228663 160 219 251 
-0.416370213 0.748912275 0.24551329 163 214 248 
-0.41886282 0.754214525 0.301029086 159 213 243 
-0.44133532 0.760758638 0.307058424 156 210 238 
-0.420324743 0.758517981 0.320324928 159 213 243 
-0.439575374 0.646985412 0.506761611 160 213 240 
-0.400662214 0.6611799 0.499259204 167 224 251 
-0.421276659 0.759207368 0.356367946 158 210 241 
-0.423196554 0.762650013 0.406254619 158 212 243 
-0.412450492 0.70945251 0.50404644 156 206 234 
-0.423434377 0.763193786 0.411131173 158 213 244 
-0.420213729 0.746047139 0.453807265 169 219 246 
-0.417615324 0.731345654 0.49788174 161 214 236 
-0.266278833 0.117113382 0.565977395 142 189 208 
-0.223174155 0.114372581 0.589949489 152 198 216 
-0.247970715 0.227870911 0.467143625 191 247 254 
-0.250006407 0.237119198 0.457832903 190 247 254 
-0.243320853 0.205108553 0.506607831 185 243 252 
-0.242479637 0.1869075 0.548971772 177 226 240 
-0.241191864 0.193483412 0.538047552 180 232 244 
-0.231552422 0.149883837 0.579988122 160 207 224 
-0.239461184 0.184915811 0.553797126 176 225 239 
-0.270789891 0.331008673 0.368684232 183 245 254 
-0.274619669 0.334521234 0.371015847 183 245 254 
-0.27233696 0.337580502 0.366682738 183 245 254 
-0.260385394 0.285634935 0.39521566 180 241 254 
-0.286429048 0.308823019 0.410691559 177 237 254 
-0.254636109 0.25855279 0.432209104 185 245 254 
-0.24018158 0.188281804 0.549466848 177 227 240 
-0.307499319 0.367756784 0.392708629 177 238 254 
-0.285875678 0.394518286 0.355540901 181 240 254 
-0.287696838 0.40193224 0.356766075 181 239 254 
-0.306702733 0.431983292 0.37520197 176 238 254 
-0.298001051 0.444459319 0.357260942 177 237 254 
-0.320428461 0.405821204 0.414835989 175 235 254 
-0.326175004 0.468463957 0.397186786 172 233 254 
-0.309420049 0.490903795 0.365408659 172 231 254 
-0.337030977 0.507030249 0.419359297 168 229 253 
-0.318631351 0.526418865 0.393647611 167 227 254 
-0.366068602 0.541195691 0.441135794 166 225 253 
-0.328736812 0.566360652 0.413749069 166 225 253 
-0.369194031 0.75655669 0.157641768 166 217 249 
-0.339428782 0.609205782 0.428513378 164 221 253 
-0.369585961 0.75513804 0.191401511 165 216 247 
-0.3687177 0.747234464 0.239364207 165 216 248 
-0.413886547 0.749048352 0.245314389 163 214 248 
-0.369985849 0.750391841 0.262499839 164 216 249 
-0.34672457 0.635238409 0.474183649 163 218 249 
-0.372629553 0.758113384 0.298069566 164 218 250 
-0.373658538 0.758488536 0.341141313 171 224 252 
-0.356399238 0.673047364 0.49820587 163 221 249 
-0.379205972 0.77946198 0.362763166 162 217 248 
-0.379014134 0.77491641 0.404467851 156 213 246 
-0.368216366 0.721462727 0.502730489 167 221 248 
-0.378370076 0.771685719 0.410798699 156 213 246 
-0.375615746 0.756371379 0.454522759 160 209 240 
-0.373778552 0.744660854 0.500308037 172 229 251 
-0.179079786 0.127074867 0.587361574 159 204 218 
-0.234530792 0.234511137 0.469278961 189 247 254 
-0.201313853 0.219711214 0.509935498 188 244 253 
-0.190966904 0.180465966 0.539807081 169 216 231 
-0.236565918 0.188338876 0.549100578 177 227 240 
-0.199867263 0.219897211 0.510253966 188 244 253 
-0.184089661 0.14895162 0.57426548 163 208 221 
-0.23015146 0.361382842 0.328384221 178 241 254 
-0.23732093 0.366388977 0.331895322 178 241 254 
-0.232354 0.370636046 0.326679826 177 240 254 
-0.220988899 0.320889026 0.357706785 179 242 254 
-0.213131458 0.285523355 0.389962375 179 243 254 
-0.209431618 0.266493887 0.431561559 187 249 254 
-0.205323905 0.245861828 0.472244114 186 246 254 
-0.19991824 0.220129773 0.510009825 188 244 253 
-0.242565826 0.414653838 0.306369603 173 236 254 
-0.261109322 0.424664855 0.313853145 173 235 254 
-0.248002976 0.438020527 0.296334088 171 233 254 
-0.281865865 0.396801025 0.35333401 181 239 254 
-0.259477854 0.485597432 0.294462949 172 233 254 
-0.261821687 0.488526106 0.296313673 172 234 254 
-0.260549635 0.490047187 0.294220179 172 233 254 
-0.285641998 0.459920704 0.335727751 175 235 254 
-0.274178863 0.526728928 0.318453461 169 229 254 
-0.270871103 0.531058192 0.312356025 167 228 254 
-0.304326117 0.496592164 0.357729733 172 232 254 
-0.296133935 0.562608719 0.340384185 168 227 254 
-0.282930434 0.580672383 0.31467697 166 226 254 
-0.309657246 0.536495686 0.380022556 168 227 254 
-0.309762597 0.600503802 0.362496287 166 223 252 
-0.291260064 0.611822963 0.350939155 165 221 252 
-0.32150805 0.574821115 0.40217343 167 226 253 
-0.320136666 0.746400237 0.181214392 168 217 246 
-0.334427625 0.749926865 0.184703201 166 216 246 
-0.320044398 0.74423331 0.201057851 167 216 246 
-0.292371869 0.61484623 0.368387371 165 222 252 
-0.335769624 0.612563074 0.424271733 164 222 253 
-0.296835423 0.629338682 0.412265867 167 223 251 
-0.319076836 0.737743974 0.228746593 169 219 249 
-0.322477669 0.746615052 0.28630355 168 221 250 
-0.325765043 0.747537732 0.287166804 167 221 250 
-0.32264334 0.747014403 0.289470941 168 221 250 
-0.302742422 0.651102901 0.441607684 166 221 249 
-0.303521663 0.652353764 0.463483304 164 219 248 
-0.324707329 0.750884175 0.341228515 170 223 250 
-0.362903714 0.756902575 0.348699778 172 225 252 
-0.326330304 0.755181909 0.367982239 172 223 249 
-0.313111067 0.689740777 0.488281041 161 217 246 
-0.330117434 0.767649889 0.403300911 163 214 244 
-0.376538992 0.771956325 0.410744697 156 213 246 
-0.327024817 0.751006365 0.446264714 159 213 245 
-0.355704397 0.754159331 0.451131433 160 210 241 
-0.32719028 0.749354243 0.472220451 167 225 248 
-0.324573994 0.736402392 0.496029645 176 237 252 
-0.326332211 0.74379313 0.49462226 175 237 252 
-0.132797435 0.132972479 0.559936702 144 190 208 
-0.151620895 0.144865543 0.568474829 148 196 214 
-0.139001071 0.159656197 0.54823041 155 206 224 
-0.171133697 0.310556233 0.346607417 177 240 254 
-0.187718391 0.314361244 0.350499749 177 240 254 
-0.1758634 0.332056105 0.324837297 178 241 254 
-0.166291356 0.2870377 0.385639042 185 248 254 
-0.212086201 0.285623372 0.389901906 179 243 254 
-0.162818879 0.268901587 0.427749187 191 251 255 
-0.189865321 0.268161923 0.430318922 189 250 254 
-0.158737138 0.248371616 0.468490154 185 246 255 
-0.177821904 0.248237133 0.470514148 185 246 254 
-0.152065873 0.217666686 0.503411591 184 243 253 
-0.199537843 0.220141083 0.509974182 188 244 253 
-0.143180653 0.178262621 0.533357382 171 222 238 
-0.190280676 0.394773215 0.289809316 176 240 253 
-0.197690576 0.398821056 0.29282555 175 239 253 
-0.192261815 0.403150648 0.287671357 175 239 253 
-0.178745449 0.344956577 0.313799679 178 242 254 
-0.205868945 0.460427165 0.275906831 173 235 255 
-0.206164598 0.461677015 0.275592089 173 235 255 
-0.219362676 0.517142236 0.265174299 168 229 254 
-0.223938391 0.53600651 0.26562199 166 227 254 
-0.249420241 0.555561423 0.279059798 165 224 254 
-0.231479421 0.567040741 0.266972542 163 223 254 
-0.26312232 0.593438745 0.30117029 164 222 254 
-0.240661025 0.602408886 0.295481652 164 220 253 
-0.267019957 0.723252177 0.162785262 174 226 253 
-0.270440578 0.724220634 0.163688004 174 226 253 
-0.267152727 0.723469734 0.166463882 174 226 253 
-0.241367385 0.604489386 0.304791093 164 220 253 
-0.246479601 0.621128678 0.354594976 165 221 252 
-0.271250248 0.735382259 0.222206324 172 224 253 
-0.290731132 0.737663507 0.225587964 170 222 251 
-0.271795809 0.736370206 0.236274779 171 223 253 
-0.248430118 0.627748847 0.370577633 165 221 252 
-0.252095699 0.63884598 0.415551156 167 223 251 
-0.272588998 0.736150682 0.27512899 170 223 252 
-0.275529861 0.744770646 0.314357847 170 223 250 
-0.256596565 0.655345142 0.438844591 164 220 249 
-0.259216666 0.664013147 0.462812394 162 218 248 
-0.276994586 0.748969615 0.33494404 171 223 250 
-0.276312292 0.741796851 0.383324713 171 223 251 
-0.296086848 0.750235319 0.390088111 172 222 249 
-0.277101755 0.742467403 0.412117213 168 221 249 
-0.269254297 0.703619003 0.483531266 156 211 243 
-0.276326954 0.737362564 0.433271617 165 220 248 
-0.274571359 0.725972652 0.479240268 166 224 248 
-0.312438041 0.741791844 0.492006809 177 239 252 
-0.0855436623 0.132861435 0.554683685 152 193 210 
-0.0958829746 0.177191406 0.536758184 169 222 238 
-0.0790547132 0.103968918 0.577835798 154 196 211 
-0.13131763 0.344161659 0.308155537 174 236 254 
-0.159967169 0.343918085 0.311171234 177 239 254 
-0.135312155 0.362298369 0.290006012 174 236 254 
-0.126368091 0.320221841 0.346946269 179 243 254 
-0.12071906 0.293533593 0.384164929 187 250 254 
-0.118017092 0.278425038 0.428006738 188 250 254 
-0.111267954 0.247414142 0.462753087 188 248 255 
-0.105530061 0.22037667 0.499772102 188 244 252 
-0.097482726 0.184264868 0.531600952 173 227 241 
-0.140664414 0.385379374 0.279247016 174 236 254 
-0.150616497 0.427976727 0.262796521 172 235 254 
-0.154290468 0.44341135 0.259955496 172 234 254 
-0.203367084 0.461480796 0.275177926 173 235 254 
-0.164202213 0.485147178 0.251226962 168 229 254 
-0.17010735 0.510051727 0.245587587 166 226 254 
-0.199624389 0.526420355 0.257735461 167 228 254 
-0.176879182 0.537818968 0.247927099 165 225 254 
-0.18566826 0.571244061 0.280007988 165 224 253 
-0.195576161 0.610207677 0.301907569 161 218 251 
-0.220179975 0.72476697 0.158462256 177 230 254 
-0.221217215 0.727057397 0.180631042 178 232 254 
-0.195717454 0.610680282 0.303142548 161 218 251 
-0.198032483 0.61528492 0.35825935 158 215 250 
-0.223896295 0.621287227 0.364366621 160 216 251 
-0.200056776 0.622303963 0.373196691 158 214 249 
-0.224790022 0.738389254 0.218736708 171 224 253 
-0.226302892 0.742148876 0.246414214 169 222 252 
-0.206392735 0.643642545 0.42696175 159 216 249 
-0.207656503 0.643571973 0.427062243 159 216 249 
-0.206410497 0.643672824 0.427440315 159 216 249 
-0.226845235 0.741972923 0.273269564 169 221 251 
-0.23058027 0.753239036 0.319552809 168 218 249 
-0.214111537 0.671711683 0.469422668 159 216 246 
-0.231234521 0.754727721 0.333047926 169 218 248 
-0.230050877 0.745584965 0.380301863 169 220 249 
-0.230110839 0.741328835 0.430350691 158 209 240 
-0.23741065 0.741597652 0.43129918 159 210 241 
-0.229874298 0.739659429 0.438041419 157 208 239 
-0.225529209 0.718149304 0.477582902 155 208 236 
-0.228039294 0.728697419 0.475609273 161 215 239 
-0.0486129373 0.177804112 0.522716224 164 217 233 
-0.0831556842 0.184276909 0.530033171 171 225 241 
-0.0543049723 0.202350706 0.511270702 182 236 248 
-0.064755559 0.124696851 0.547957897 149 189 206 
-0.0398874432 0.141062379 0.530410051 149 196 211 
-0.0873450488 0.35694325 0.310276568 175 238 254 
-0.0902721062 0.370318979 0.296024173 172 235 253 
-0.078044951 0.315909028 0.339290053 184 248 254 
-0.0736256689 0.29405272 0.379272372 190 251 254 
-0.0691573024 0.272003531 0.419144481 192 251 254 
-0.0635755286 0.245579541 0.456514269 194 250 255 
-0.0579855479 0.219123274 0.493865758 195 247 254 
-0.0938028619 0.386809468 0.274875492 170 231 253 
-0.107038833 0.443236828 0.255506516 169 230 254 
-0.119864151 0.498194486 0.233616322 164 223 253 
-0.136036396 0.500617564 0.236711562 164 224 254 
-0.121771127 0.506083369 0.233502716 163 222 253 
-0.107304633 0.444353163 0.255304724 169 230 254 
-0.13296631 0.551419616 0.24368763 161 219 252 
-0.142386049 0.587966681 0.270029455 160 217 251 
-0.171967089 0.724321008 0.112898059 171 223 254 
-0.144219518 0.593892932 0.288351476 164 219 251 
-0.193232566 0.610355139 0.302692622 161 218 251 
-0.149397343 0.612590969 0.318288773 166 218 250 
-0.172889039 0.724509954 0.153125763 172 225 253 
-0.175322503 0.730847061 0.194426924 172 226 252 
-0.151895568 0.619562268 0.355516315 161 215 249 
-0.154521018 0.627870679 0.383725911 160 215 247 
-0.175924346 0.73194468 0.209861249 172 225 252 
-0.179647431 0.742172599 0.267132908 170 222 251 
-0.160620287 0.649352014 0.425037891 156 212 245 
-0.161368281 0.651682854 0.433478087 156 212 245 
-0.179786161 0.742626905 0.268454164 170 222 251 
-0.182173371 0.747515023 0.323733121 169 220 250 
-0.204307243 0.754095912 0.329745322 169 219 249 
-0.182443023 0.745927215 0.353756249 166 217 249 
-0.169706553 0.682876229 0.469661444 155 211 243 
-0.182859004 0.745717168 0.375188023 162 214 247 
-0.184215263 0.746554494 0.428150088 151 205 241 
-0.179644957 0.724104762 0.467793077 156 208 236 
-0.200471789 0.727698684 0.47203669 156 208 235 
-0.00670342147 0.2031838 0.47955963 180 238 249 
-0.0432605632 0.216773078 0.490969151 192 246 254 
-0.0158588216 0.243014008 0.457282633 194 248 254 
0.000952109694 0.168611497 0.51226902 158 212 225 
0.00355925411 0.156970829 0.52192831 155 207 221 
-0.0455565006 0.382798284 0.267391801 172 234 255 
-0.0791296884 0.386324048 0.272999048 170 232 253 
-0.0497575179 0.40074259 0.26085946 170 231 254 
-0.0367383547 0.343657732 0.297488391 179 243 255 
-0.0305811092 0.314972579 0.333564967 185 250 254 
-0.0264502913 0.294249713 0.374195606 191 251 255 
-0.0229384489 0.275958955 0.416217327 189 250 254 
-0.0169899911 0.248094156 0.452763051 196 249 254 
-0.0599889755 0.443998933 0.249912649 164 224 253 
-0.103577554 0.444440305 0.254942566 169 229 254 
-0.0646625608 0.464444339 0.237283587 163 222 253 
-0.0732159466 0.50046283 0.229724258 160 218 252 
-0.0775907487 0.518359721 0.231697679 159 217 252 
-0.0879732147 0.559672713 0.249278456 157 214 251 
-0.0972325653 0.595425844 0.27707985 155 211 249 
-0.123957798 0.71780777 0.144102931 170 223 252 
-0.125698358 0.718060672 0.14443177 170 223 252 
-0.123991892 0.717811465 0.145626783 170 223 252 
-0.0975352228 0.596019447 0.28437829 156 211 249 
-0.103858165 0.618140697 0.328849107 160 215 248 
-0.127909064 0.728841424 0.202896893 167 219 250 
-0.144328669 0.731905341 0.20636791 168 220 251 
-0.127846897 0.726810694 0.222609222 165 217 250 
-0.106614813 0.627203703 0.354697406 159 213 247 
-0.107438013 0.625946403 0.406461447 158 213 244 
-0.108807161 0.626303911 0.40680638 158 213 244 
-0.10753981 0.626281679 0.407409161 158 213 244 
-0.127604604 0.723153293 0.252126664 165 216 249 
-0.177902192 0.742133141 0.267978519 170 222 251 
-0.13097094 0.732191324 0.306243628 166 217 247 
-0.116591603 0.661007285 0.437099427 156 211 244 
-0.131616428 0.734424949 0.311056763 167 217 247 
-0.136883169 0.751374662 0.364504725 162 212 243 
-0.125236332 0.693717718 0.470494062 154 208 242 
-0.137499452 0.753049016 0.374192089 160 210 242 
-0.137681469 0.749272406 0.424515158 144 196 232 
-0.132811382 0.725644827 0.463484377 158 214 245 
0.0846658498 0.0836336315 -0.223805219 155 204 233 
0.0364804491 0.0874052644 -0.216458559 151 204 235 
0.0884239823 0.0643751025 -0.182337031 158 205 234 
0.0418735817 0.0617224574 -0.178664774 149 197 230 
0.0933761299 0.0404250622 -0.143552214 153 200 231 
0.0469220281 0.0373939872 -0.140096396 146 194 229 
0.0968975872 0.0220965743 -0.101552077 149 195 228 
0.0506618023 0.0182076395 -0.0985869095 144 194 229 
0.0977973789 0.0140691698 -0.0536602065 152 197 228 
0.0522271991 0.00756499171 -0.0521908328 143 193 230 
0.0975034982 0.0136570632 -0.0355883315 157 202 233 
0.0523847342 0.0060261488 -0.0423228964 143 193 230 
0.0960657746 0.0163813531 0.000145427883 168 212 243 
0.0515562445 0.00570955873 -0.000768892467 147 197 233 
0.0938826501 0.0214972198 0.0435247794 177 221 250 
0.0503174365 0.00617536902 0.0509282723 159 204 238 
0.0934457481 0.0221842229 0.0559475645 176 222 251 
0.0502220392 0.00646016002 0.0521435812 159 204 238 
0.0912156403 0.0264551044 0.110873483 161 214 246 
0.0549750775 0.0251987278 0.114172392 167 214 241 
0.0444494933 0.0251395404 0.109592386 170 215 241 
0.0907182992 0.0270773172 0.12679249 160 214 246 
0.0442261398 0.0255277455 0.11553254 169 214 241 
0.0897937715 0.0275502503 0.163983047 168 222 250 
0.0396830291 0.0388869941 0.175656587 164 214 244 
0.0897895843 0.0230748355 0.213906437 165 222 251 
0.080729872 0.0269466937 0.217008233 164 220 250 
0.0395874232 0.039124161 0.177410156 164 214 244 
0.0923418999 0.00895503163 0.253631622 168 224 249 
0.0375444666 0.0427981317 0.23037675 165 218 245 
0.0924295187 0.00821000338 0.257887632 168 225 249 
0.0396101698 0.0301896036 0.275648445 162 216 244 
0.0904567093 0.0114699006 0.312235326 171 226 247 
0.0460374355 0.0140638053 0.31852746 163 218 244 
0.0421280637 0.0164621174 0.312594682 163 217 244 
0.0938017219 -0.00616535544 0.35463199 171 225 242 
0.0731533319 -0.00221285224 0.359051079 170 223 240 
0.0937169492 -0.00793680549 0.378208995 169 225 242 
0.0423976257 0.0147452056 0.319298089 163 218 244 
0.0426114947 0.00941300392 0.368731558 166 219 237 
0.0916312933 -0.0021289885 0.409423739 169 226 241 
0.0437957793 0.000267893076 0.415984094 167 223 238 
0.090192765 -0.000575333834 0.458201975 173 225 238 
0.0438992977 -0.00239101052 0.440777391 165 221 236 
0.0898097157 0.000536650419 0.463431507 172 225 238 
0.0423105657 0.001611799 0.469235927 163 216 233 
0.0843085796 0.0184692144 0.516718328 181 231 238 
0.0750133991 0.0543996394 0.544193804 165 219 236 
0.0641333759 0.101425499 0.52113539 156 208 225 
0.0402576923 0.108920753 0.527836323 148 196 214 
0.0588957071 0.124104559 0.50958246 157 211 227 
0.0494619906 0.16356492 0.504193127 162 218 232 
0.0275365189 0.169875354 0.510035276 159 214 227 
0.0450752378 0.182437152 0.495876461 164 221 235 
0.0118577853 0.121268481 0.537674129 148 195 212 
0.133554384 0.0770992041 -0.232732087 152 200 228 
0.121865377 0.0776863396 -0.231128216 151 200 228 
0.130717084 0.0903086662 -0.24925828 154 203 232 
0.137380347 0.0575742424 -0.191416293 155 202 229 
0.134168491 0.0578243732 -0.190927267 154 202 229 
0.138555855 0.0515033901 -0.177923441 151 198 226 
0.140563905 0.0405733585 -0.148656875 145 191 220 
0.145411715 0.0170332789 -0.109637521 155 200 228 
0.143785909 0.0189296305 -0.0560697094 161 206 237 
0.142154023 0.0236060321 -0.0331149772 165 212 243 
0.1409567 0.0255545378 0.000202588737 171 220 249 
0.139319181 0.0275550783 0.0531510785 167 224 252 
0.139302626 0.0275619924 0.0538339093 167 224 252 
0.139006436 0.0242339969 0.104413651 176 231 253 
0.13930127 0.0185836852 0.153665125 171 230 253 
0.129829973 0.0204770267 0.155735821 170 228 252 
0.139893025 0.014629513 0.170437276 172 230 253 
0.140105739 0.0109309256 0.20177123 174 230 253 
0.139946371 0.00706526637 0.252043456 172 229 251 
0.0952765346 0.0076277554 0.257258058 169 225 249 
0.13900058 0.00896278024 0.2743797 173 229 250 
0.137776121 0.0111009181 0.306834817 173 229 249 
0.138329297 0.00443550944 0.355505735 178 233 249 
0.13835448 0.00207653642 0.380564004 170 227 244 
0.13639164 0.00755730271 0.409774393 166 225 242 
0.135015547 0.00852093101 0.462242872 170 226 240 
0.134950429 0.00872829556 0.462927312 170 226 240 
0.128004819 0.0331423879 0.510507286 172 226 239 
0.117118418 0.0769500732 0.523502231 169 224 239 
0.112986848 0.0950288177 0.512287319 171 226 240 
0.101672024 0.143331647 0.495000035 176 235 244 
0.088301003 0.201009363 0.467937022 178 237 248 
0.0717427731 0.203415006 0.471065193 176 235 246 
0.0854716897 0.213445649 0.459636599 178 237 248 
0.0993521512 0.153094858 0.49301526 177 236 246 
0.179190338 0.083344996 -0.234349251 146 196 223 
0.18307507 0.0635889769 -0.1931656 146 195 224 
0.187073857 0.0433849394 -0.15223822 165 206 229 
0.156401038 0.0403658152 -0.150510043 151 195 222 
0.191334665 0.022151351 -0.111899681 162 203 226 
0.154928684 0.0171695948 -0.110609151 156 200 227 
0.191254288 0.0216115713 -0.102211751 162 204 227 
0.188624084 0.0283100605 -0.0558939949 163 212 241 
0.187372506 0.0307433605 -0.0254730359 165 218 247 
0.18704766 0.0300123394 -0.00243721157 168 224 250 
0.187598139 0.0233576 0.046239756 179 233 252 
0.140286982 0.0274938643 0.0536887124 167 224 252 
0.188149065 0.0168142617 0.0936579779 185 240 254 
0.188149422 0.0166997015 0.0949149206 185 240 254 
0.188261777 0.0117664039 0.14457646 187 239 254 
0.188494623 0.00635960698 0.193967193 187 239 253 
0.169622645 0.00726875663 0.196535498 183 237 253 
0.188233286 0.00631263852 0.206488311 185 237 252 
0.1868487 0.00833505392 0.24758026 181 233 252 
0.184797466 0.0132367611 0.287285298 183 234 252 
0.184175193 0.0143482387 0.303502649 183 234 252 
0.184143424 0.00998112559 0.353488117 185 237 250 
0.183764189 0.00826707482 0.389946401 180 234 250 
0.182698667 0.0111663043 0.406649083 179 234 250 
0.181833595 0.0100733936 0.45850715 182 239 253 
0.136184305 0.00855758786 0.462698847 170 226 240 
0.180561364 0.0140376985 0.472863883 186 242 253 
0.171257466 0.0500113666 0.500259817 178 234 245 
0.162641436 0.0854842365 0.50163877 177 236 247 
0.143735617 0.0927730203 0.50768131 174 232 245 
0.15874514 0.101868063 0.498458296 177 237 247 
0.148510024 0.145502031 0.483483046 181 243 250 
0.119385496 0.150912941 0.489626914 179 240 248 
0.144048631 0.164537519 0.476780087 180 241 249 
0.127505332 0.237018406 0.430859834 186 247 254 
0.118540287 0.237581879 0.432151526 184 245 253 
0.125919059 0.244201973 0.423860282 184 245 254 
0.137916386 0.19161889 0.457376629 178 239 249 
0.227174371 0.0803645849 -0.241243362 144 192 220 
0.22948423 0.0667966604 -0.196520418 148 195 224 
0.231530547 0.0542643368 -0.151205182 153 202 232 
0.234928489 0.03642115 -0.108927466 151 202 232 
0.234925061 0.0364108384 -0.108654581 151 202 232 
0.23451519 0.0335533619 -0.0580845401 177 225 246 
0.235166639 0.0265017748 -0.00963456184 178 232 251 
0.21807453 0.0279678106 -0.00695886463 174 229 251 
0.237937123 0.0114150345 0.0308200046 177 231 251 
0.23804459 0.0107018054 0.0338117257 177 231 251 
0.237663299 0.00770813227 0.084582679 188 239 253 
0.189680099 0.0166093111 0.0946975425 185 240 254 
0.237312883 0.00459328294 0.135284334 197 243 254 
0.234700829 0.00466644764 0.135611147 196 243 254 
0.237294734 0.00451043248 0.137038052 197 243 254 
0.235257447 0.00817766786 0.189817578 192 239 253 
0.234502912 0.00824645162 0.223695755 198 241 254 
0.233477294 0.0106806457 0.243732363 200 242 254 
0.229819626 0.021345973 0.29314056 191 238 253 
0.22944808 0.0220206082 0.302701443 189 237 253 
0.228516638 0.0211886764 0.354708821 193 241 253 
0.23073262 0.00798967481 0.399642766 183 240 252 
0.214412749 0.00913822651 0.402060896 183 239 252 
0.230048299 0.0101291835 0.407285541 184 241 253 
0.226583213 0.0198018849 0.458881944 180 235 251 
0.224915326 0.0254549086 0.47263816 183 237 251 
0.215071976 0.0640989542 0.495125264 182 240 251 
0.211217493 0.080177784 0.493414253 180 239 251 
0.202435434 0.116570652 0.492193252 180 241 250 
0.192980945 0.156325579 0.484484106 182 244 251 
0.187174678 0.1820333 0.465380341 181 243 251 
0.169015527 0.263967216 0.388600707 176 239 252 
0.143814862 0.266539216 0.392769098 176 238 252 
0.164656207 0.283424854 0.372520119 178 240 253 
0.176048249 0.231842056 0.422709733 184 244 253 
0.184462994 0.194286585 0.45371297 181 244 251 
0.282352209 0.0527838767 -0.305041343 132 177 203 
0.277401686 0.0685697794 -0.253178924 148 194 219 
0.26976946 0.072291702 -0.250315577 149 195 221 
0.277147979 0.0684622526 -0.240337044 149 195 220 
0.277265519 0.0646128953 -0.202958897 151 198 222 
0.278046876 0.0570509434 -0.154800832 162 212 236 
0.281798363 0.0378186405 -0.113317646 174 223 241 
0.282403976 0.0323580801 -0.0804421827 179 232 248 
0.282472789 0.0306767821 -0.0649192706 180 233 249 
0.284391344 0.0186464489 -0.0193169042 194 241 253 
0.283599168 0.0172673762 0.032377474 182 236 254 
0.242054254 0.0109321177 0.0334964022 177 231 251 
0.28395921 0.0145741403 0.0457750186 186 237 254 
0.283382505 0.0136268437 0.0827784315 192 239 254 
0.282350987 0.0131880939 0.135010689 190 239 254 
0.282193303 0.0132313967 0.141768873 190 239 254 
0.280366063 0.016495645 0.189385593 190 240 254 
0.278600037 0.0209349096 0.221133143 189 239 253 
0.277030498 0.0251100659 0.246795863 191 241 252 
0.274565339 0.0308237076 0.296480209 186 236 252 
0.274333656 0.0312147737 0.302770615 185 236 252 
0.276196837 0.0194020569 0.34849751 193 243 253 
0.275717795 0.0167926252 0.399488181 189 240 252 
0.279821306 -0.00382301211 0.440180153 180 230 247 
0.268198609 -0.000683099031 0.443165392 179 230 246 
0.279146016 -0.00193753839 0.450229853 182 232 247 
0.269280702 0.0368155539 0.472516507 185 239 251 
0.260577679 0.0717900395 0.483427376 182 238 251 
0.247965574 0.0768073201 0.487542599 181 238 251 
0.258268297 0.0812469423 0.484364778 181 238 250 
0.245517194 0.134285748 0.48039028 190 245 252 
0.240779161 0.154075384 0.478007644 190 245 252 
0.231431544 0.193930954 0.464271456 183 243 251 
0.209382415 0.295408249 0.348910898 178 241 254 
0.183548808 0.298996389 0.353701591 179 242 254 
0.204166859 0.31881839 0.328219354 179 242 254 
0.214467496 0.270935863 0.387396991 178 239 253 
0.221095145 0.240402415 0.422416419 180 239 252 
0.229073942 0.204559892 0.454399318 181 243 252 
0.329520106 0.0502705276 -0.279658824 126 172 198 
0.329384029 0.0498788953 -0.269058704 130 177 201 
0.329073787 0.046606034 -0.218447477 155 197 220 
0.30388093 0.0577082932 -0.209639609 148 192 216 
0.327505141 0.0501606464 -0.185931325 159 202 224 
0.327166855 0.0496070385 -0.16424787 164 210 231 
0.331896305 0.0265319347 -0.124962576 161 215 236 
0.330400646 0.0279170275 -0.0716871843 177 229 245 
0.300916016 0.0296649635 -0.067496337 179 232 248 
0.331686229 0.0193777382 -0.0358184353 194 241 252 
0.331926554 0.017429471 -0.0252024457 198 244 254 
0.331112325 0.0161369741 0.0265414938 191 241 253 
0.331317544 0.0111180246 0.0728906319 198 242 253 
0.331272542 0.0110156536 0.0760954991 198 242 253 
0.329471081 0.0136022866 0.13005811 199 242 254 
0.330353916 0.00580373406 0.17618522 197 241 253 
0.330277324 0.00594252348 0.17816022 197 241 253 
0.326358497 0.016848743 0.236881286 193 240 253 
0.311812431 0.0188449621 0.239565641 192 240 253 
0.327599108 0.00935643911 0.263179839 194 239 254 
0.327233642 0.00891825557 0.284828573 194 239 254 
0.283197612 0.0302729309 0.301284224 186 236 252 
0.326691628 0.0065561533 0.335960776 198 241 253 
0.300685823 0.0116659999 0.341598153 194 242 253 
0.32592091 0.00757959485 0.359971613 194 239 253 
0.325061142 0.0084708631 0.389539063 192 238 253 
0.325164467 0.00357314944 0.439220935 178 229 247 
0.323667228 0.00865158439 0.451526433 176 229 246 
0.313713044 0.0478444397 0.473004669 189 240 252 
0.307647496 0.0724016726 0.478587717 185 237 249 
0.301493287 0.0982527137 0.473865837 184 238 249 
0.28952831 0.147399962 0.477045089 195 247 254 
0.279836476 0.186170071 0.491174906 188 243 254 
0.278517365 0.191824019 0.48890689 188 242 253 
0.25436604 0.30421716 0.348759741 178 239 254 
0.248159468 0.332024217 0.32470575 180 241 254 
0.257606506 0.286992639 0.391391277 178 239 253 
0.264540195 0.255256712 0.425722927 186 241 252 
0.273606777 0.215139985 0.455261201 188 243 252 
0.379426122 0.0388118029 -0.280578047 137 178 197 
0.33988291 0.0480683148 -0.271197349 133 179 202 
0.380272776 0.0309931338 -0.232566774 160 196 214 
0.373163193 0.0332837403 -0.230539501 163 200 218 
0.379928052 0.0317178071 -0.224791527 162 200 218 
0.378938258 0.0317450762 -0.179653555 157 206 226 
0.344018251 0.0445834398 -0.168832392 164 211 230 
0.380819917 0.0198597014 -0.133968264 173 225 239 
0.347557157 0.022600174 -0.128822356 165 219 237 
0.380959004 0.0165292025 -0.103345193 184 235 247 
0.380409896 0.0169790089 -0.0831327066 186 237 249 
0.379953921 0.0142787397 -0.0321939662 192 243 253 
0.343691468 0.0171786547 -0.0266316608 199 245 254 
0.378638566 0.017931819 -0.012398161 195 245 254 
0.376741171 0.0224107206 0.0249402896 189 241 254 
0.377441257 0.0151680708 0.0732810274 194 241 254 
0.341405898 0.0121396482 0.0755934194 198 242 254 
0.376882255 0.0165413916 0.0836832747 196 242 254 
0.375732809 0.0173891485 0.127034575 197 242 254 
0.376106143 0.0114305019 0.176109642 198 245 253 
0.338216901 0.00688198209 0.177798837 197 242 253 
0.375637114 0.0126207173 0.184416056 198 245 254 
0.373797804 0.0160086453 0.231211334 194 241 254 
0.37497592 0.00688770413 0.278477699 191 239 253 
0.355619788 0.00660842657 0.280452758 193 239 253 
0.375328392 0.00406435132 0.293670475 191 239 253 
0.375758469 -0.000678867102 0.326633185 192 238 253 
0.381756544 -0.0287387073 0.363067418 192 242 253 
0.353373349 0.00157883763 0.382678717 193 239 253 
0.374876916 -0.00378534198 0.401625812 192 237 252 
0.373625219 -0.00128048658 0.43125543 190 235 251 
0.359622121 0.0515629351 0.486931294 179 234 247 
0.350155085 0.0909395516 0.48400107 180 237 250 
0.346900284 0.104456842 0.48322317 182 239 250 
0.33455652 0.155479074 0.482955724 188 242 251 
0.327902198 0.18286863 0.484097153 186 240 251 
0.321465135 0.210202351 0.475884706 183 239 251 
0.269341707 0.319761992 0.355570316 181 239 254 
0.267698467 0.296524405 0.39546749 176 238 253 
0.305400521 0.280267149 0.434838325 175 235 252 
0.304278433 0.285199344 0.431544989 174 235 253 
0.314360321 0.240570009 0.464616567 184 239 251 
0.424358547 0.0478217602 -0.280614227 135 175 196 
0.427163839 0.0323072374 -0.237004638 143 187 206 
0.427257299 0.0284059346 -0.197941065 149 198 219 
0.427179337 0.0277546048 -0.187125385 150 200 221 
0.428942323 0.0163354874 -0.141173422 181 229 244 
0.426729083 0.0209361017 -0.0906839594 185 234 247 
0.426379263 0.0219147801 -0.0854991302 185 235 247 
0.426067293 0.0186486244 -0.0348840728 189 240 252 
0.423792124 0.0253905952 -0.00534711033 190 240 253 
0.423497975 0.0242524445 0.0208042189 185 238 253 
0.421496689 0.027624011 0.0752157792 194 240 253 
0.421278596 0.027748853 0.0838432238 193 239 253 
0.421921313 0.0214637816 0.124175586 187 234 251 
0.419968128 0.0246466696 0.178479224 197 244 254 
0.420097709 0.0235099494 0.185160995 196 242 253 
0.420892268 0.0165235698 0.226316363 187 234 249 
0.42068547 0.0128443241 0.276695162 196 242 254 
0.424002945 -0.0046826601 0.319153756 180 232 248 
0.400972039 -0.00525423884 0.321373612 184 234 250 
0.423996985 -0.00587788224 0.332709342 178 229 246 
0.422421634 -0.00296115875 0.372621506 184 232 246 
0.42268914 -0.00850394368 0.421934456 182 224 242 
0.406823188 -0.00832381845 0.423775882 184 227 244 
0.422166407 -0.00690051913 0.428114623 180 223 242 
0.414242238 0.0222427547 0.468066663 178 233 246 
0.402115405 0.0721912086 0.469773144 184 239 250 
0.400808424 0.0774707496 0.471108049 184 238 250 
0.391108781 0.116593987 0.481674045 187 236 248 
0.379360676 0.164667487 0.486827224 190 244 254 
0.371670902 0.196451396 0.486676425 181 240 253 
0.367257386 0.21449931 0.488748044 178 239 253 
0.30805254 0.283452004 0.436279386 175 235 252 
0.351985812 0.271245897 0.477169365 174 231 248 
0.35375309 0.271266818 0.477919251 174 231 248 
0.472806096 0.0439929068 -0.299357355 119 158 179 
0.472963691 0.0424008369 -0.28890422 122 161 182 
0.47573638 0.0270144939 -0.245221317 156 201 218 
0.476448178 0.0197259486 -0.196906894 179 225 240 
0.435777605 0.0255993009 -0.189242691 155 204 224 
0.477753758 0.0101041496 -0.149926901 184 231 246 
0.463588178 0.00949081779 -0.148703963 184 230 246 
0.477772713 0.00932094455 -0.142095298 187 234 248 
0.474684894 0.0176706016 -0.0931160823 181 233 248 
0.43312639 0.0204717815 -0.0870255455 184 233 246 
0.474227548 0.0167865157 -0.0622935817 180 232 249 
0.472876191 0.0202857554 -0.0391371772 185 236 252 
0.472544551 0.0170972049 0.0115222707 176 227 247 
0.446259379 0.0191647112 0.015535377 179 231 250 
0.472243786 0.0165221691 0.0317177996 175 225 245 
0.470445335 0.0208533704 0.0661538318 183 231 247 
0.470759869 0.0151257813 0.115361072 171 218 236 
0.452745438 0.0162487924 0.11795155 173 221 240 
0.470909297 0.0130437315 0.131637573 174 222 239 
0.439341903 0.161033869 -0.063601993 188 236 247 
0.429090858 0.165916383 -0.0598195121 188 236 247 
0.434753418 0.181946248 -0.0853263512 187 237 248 
0.44506675 0.134047806 -0.0265536234 180 232 246 
0.429428279 0.143158197 -0.0198791996 185 235 247 
0.444121659 0.135569394 -7.29039311e-05 182 234 247 
0.469731331 0.014675349 0.167586625 189 238 252 
0.469096005 0.0126798749 0.218928486 173 220 237 
0.453217626 0.0118772686 0.220236719 177 223 240 
0.469293773 0.0109564662 0.229000002 176 223 240 
0.432074845 0.18958801 -0.0472703353 185 236 248 
0.42242521 0.182657033 0.0023772195 189 237 250 
0.429292858 0.198893696 -0.0229549184 184 236 249 
0.440462351 0.147647798 0.0337081179 184 238 249 
0.42651403 0.160806865 0.0423992351 185 239 249 
0.441189051 0.140300781 0.0819891021 199 244 252 
0.439751446 0.141171068 0.082620509 199 245 252 
0.441073596 0.140574068 0.0842526332 199 245 252 
0.467080653 0.0161070824 0.273371845 186 238 253 
0.469143271 0.00351053476 0.318650395 187 240 253 
0.470658898 -0.0058863461 0.353487194 179 230 245 
0.428635836 0.198608965 0.0103724077 186 237 250 
0.430361331 0.187337309 0.0564086959 184 238 249 
0.439887404 0.145415097 0.0849142745 198 244 252 
0.469815671 -0.00362321734 0.36705339 179 229 244 
0.468604326 -0.00335529447 0.419689804 203 241 251 
0.466768682 0.00328734517 0.43014881 203 240 247 
0.458278179 0.0352341235 0.464947253 180 231 246 
0.450208485 0.0650981367 0.50357455 167 219 239 
0.442496002 0.0992309153 0.478364438 177 230 243 
0.434809506 0.131244838 0.47550413 182 233 244 
0.425132334 0.17194882 0.467472583 189 242 253 
0.405729353 0.179026663 0.473454982 187 242 253 
0.421533287 0.186883181 0.46675095 186 241 253 
0.412041157 0.223788604 0.492433995 178 237 251 
0.399263442 0.278086126 0.475695163 174 231 252 
0.361878335 0.273640335 0.477384835 174 231 249 
0.397797257 0.284217477 0.474874526 174 230 252 
0.518660545 0.0484073162 -0.290658236 146 189 209 
0.492165625 0.0437334478 -0.290289342 130 170 190 
0.518668115 0.0479443073 -0.28585884 148 192 211 
0.516764462 0.0513657331 -0.236482978 174 224 237 
0.519332111 0.0367850959 -0.192339301 185 236 247 
0.491315365 0.0162020028 -0.148100019 188 234 247 
0.519197881 0.0352366865 -0.168973297 186 235 246 
0.51710093 0.0410600901 -0.137410998 187 234 245 
0.496010244 0.035692364 -0.0856558308 181 233 246 
0.51416862 0.0500492752 -0.102677427 183 233 245 
0.492531061 0.151076734 -0.231936038 164 216 231 
0.473689675 0.162843019 -0.223464876 169 223 236 
0.497072279 0.128741324 -0.192227677 168 224 237 
0.479937255 0.141515344 -0.183395833 170 226 238 
0.496816039 0.125867456 -0.148526698 170 223 239 
0.511510253 0.0585353971 -0.0749327466 185 237 248 
0.512052834 0.0519117117 -0.0262380317 177 224 242 
0.479685903 0.0272553265 0.0162634626 176 226 246 
0.511317253 0.0540798903 -0.0165613666 175 223 241 
0.458668232 0.200401038 -0.201383114 177 233 245 
0.450939596 0.175690532 -0.161618501 181 233 244 
0.496808529 0.125285864 -0.141720891 170 223 239 
0.454139948 0.153625339 -0.121615835 174 227 241 
0.500428319 0.106571019 -0.0999417379 174 224 239 
0.46563369 0.133567452 -0.0814325139 180 230 244 
0.500525653 0.101696819 -0.0502463803 182 235 249 
0.485437751 0.115521044 -0.0410681888 178 231 248 
0.504048526 0.0833626986 -0.008249484 178 228 246 
0.496564031 0.0953742862 -0.000892885029 181 233 249 
0.491555572 0.0713221729 0.03893096 183 234 251 
0.48455447 0.0467877984 0.0787114426 188 235 252 
0.476179659 0.0219208896 0.118461989 172 219 236 
0.465585351 0.243269131 -0.178823471 180 237 252 
0.468330622 0.246712938 -0.183623075 179 236 251 
0.447985709 0.216169417 -0.139273867 184 237 249 
0.436634481 0.190582126 -0.0995881632 185 236 248 
0.459488869 0.127594352 0.0207085237 184 235 249 
0.483498156 0.110565811 0.0611644313 185 237 253 
0.485944748 0.0883181691 0.101150699 185 236 253 
0.48840332 0.0660733879 0.141137213 187 236 251 
0.486620903 0.042802155 0.181031317 193 239 252 
0.474277854 0.016974777 0.220695436 174 221 238 
0.467692494 0.248673752 -0.176114976 180 236 252 
0.460978389 0.26050806 -0.116581902 184 240 253 
0.462974191 0.263144851 -0.120303974 183 239 253 
0.446806371 0.234237999 -0.0769576505 182 236 250 
0.43353647 0.208186269 -0.0373137221 180 233 249 
0.463363409 0.124046355 0.123067789 191 240 252 
0.477311969 0.104582697 0.163304567 182 236 252 
0.488253653 0.0843912065 0.203475863 187 237 252 
0.494489789 0.0630607605 0.243544638 187 235 250 
0.489750743 0.0390739143 0.283374369 177 230 246 
0.500004053 0.0187157989 0.323530704 193 244 254 
0.46206069 0.266310692 -0.11354427 183 239 253 
0.458878458 0.274322748 -0.0564785823 179 234 252 
0.44789356 0.252855122 -0.0145920441 178 233 251 
0.458521724 0.2751019 -0.048758924 178 234 252 
0.439064324 0.227878228 0.0251485929 178 232 249 
0.433588505 0.20371303 0.0649622753 182 235 249 
0.44182533 0.182866871 0.105074637 185 236 250 
0.448729455 0.161698133 0.145157993 182 237 250 
0.461028636 0.141835243 0.185358852 191 240 252 
0.469901681 0.121143073 0.225485057 188 238 252 
0.482945621 0.101460427 0.265702158 189 238 252 
0.49542284 0.081640631 0.305906862 187 237 251 
0.507962406 0.0365413725 0.332353085 193 242 252 
0.498241901 0.0784696937 0.312705249 187 237 251 
0.49706471 0.0363583565 0.385808557 194 241 249 
0.504652619 0.0467339754 0.371044308 192 240 249 
0.474053144 0.00794872642 0.425240248 205 242 250 
0.456513882 0.279121935 -0.00125046819 178 234 252 
0.450612843 0.271867305 0.0478091016 179 234 252 
0.455495954 0.279996246 0.0357693806 178 234 252 
0.440521777 0.246585026 0.0875222608 180 234 250 
0.438156307 0.22317265 0.127403677 178 233 249 
0.447400331 0.202570289 0.167537987 178 231 249 
0.448643804 0.180031419 0.207498044 185 235 250 
0.454921484 0.158711046 0.247567743 192 241 252 
0.46375823 0.138010085 0.287693173 192 243 253 
0.483041644 0.119837672 0.328046143 190 238 252 
0.489300549 0.112648636 0.343400449 189 236 251 
0.500947297 0.0596136749 0.398032546 201 244 250 
0.485234261 0.0518488586 0.447892755 187 235 247 
0.497982144 0.0696710646 0.422405034 200 242 250 
0.454467714 0.282669991 0.0532620326 177 232 252 
0.456156909 0.271541148 0.0993800089 178 233 252 
0.458466411 0.257974565 0.144103676 177 231 250 
0.460470974 0.245606065 0.18951267 173 228 248 
0.455283523 0.222832367 0.230051637 177 231 250 
0.460664153 0.244326398 0.194865853 173 228 248 
0.463007689 0.201862097 0.270152837 184 237 252 
0.474202931 0.178174406 0.308394343 192 243 253 
0.471809626 0.189151436 0.296292663 189 241 253 
0.476428747 0.159430921 0.350311071 188 241 253 
0.47636646 0.166593164 0.337761015 189 242 253 
0.478391886 0.156566232 0.356193185 187 240 253 
0.470803559 0.0895498693 0.469987422 187 240 251 
0.489507258 0.101540297 0.457346052 193 243 252 
0.461642385 0.236511618 0.236794233 174 228 249 
0.466437936 0.213176936 0.275931001 183 236 252 
0.477300942 0.161509842 0.351346135 188 241 253 
0.477222919 0.152832776 0.451349586 180 224 234 
0.474722862 0.154532224 0.452548832 180 224 234 
0.476473272 0.155979574 0.45079717 180 224 234 
0.464721322 0.204072267 0.455915004 177 231 246 
0.4551121 0.241557166 0.480532855 171 226 244 
0.443607569 0.28940782 0.476981193 169 223 244 
0.44239527 0.294426322 0.476870209 169 223 245 
0.527434349 0.0522699952 -0.289521128 154 199 216 
0.543888748 0.0974465311 -0.266753763 157 204 220 
0.540857732 0.0738730729 -0.226886839 165 212 228 
0.526837409 0.0476397276 -0.187259257 181 235 246 
0.515546083 0.131780237 -0.244962156 161 210 226 
0.523156881 0.110782534 -0.204863399 169 219 233 
0.528714597 0.0892879367 -0.164809406 175 223 236 
0.526646376 0.065947473 -0.124921478 177 228 242 
0.499699533 0.123458862 -0.143032432 170 223 238 
0.508672357 0.102790833 -0.102904014 174 223 239 
0.519698143 0.0826196969 -0.0627309009 181 233 247 
0.517004907 0.0591280162 -0.0228566006 173 221 240 
0.475600362 0.28688705 -0.156196386 177 233 250 
0.474315524 0.327769876 -0.133815408 174 226 247 
0.464178681 0.302476496 -0.0941032469 177 233 251 
0.459393978 0.278478563 -0.0542745143 179 235 252 
0.513335347 0.063136369 0.34623003 189 235 249 
0.459910512 0.365477085 -0.111720212 176 226 248 
0.460346937 0.34274289 -0.0717777461 178 228 251 
0.458052635 0.319347739 -0.0318947658 177 233 252 
0.458552539 0.296628892 0.00804909319 179 235 252 
0.506304324 0.10262838 0.368485838 194 239 250 
0.512426317 0.0812703669 0.40855214 197 238 250 
0.442059994 0.402350366 -0.0897000581 178 227 250 
0.45032686 0.38151145 -0.0495870262 178 229 251 
0.452655733 0.359235346 -0.00960335135 180 232 251 
0.45396477 0.336712331 0.0303581282 179 233 252 
0.455046058 0.31413421 0.0703146383 177 232 252 
0.460233271 0.292549908 0.110360585 177 230 250 
0.460560262 0.269789219 0.150300652 176 230 250 
0.460722029 0.246988565 0.190237135 173 228 248 
0.476125181 0.182197273 0.310371518 192 244 253 
0.492311954 0.140435517 0.390590042 188 240 251 
0.494807065 0.118199617 0.430577308 192 238 249 
0.430047572 0.440636665 -0.0675527453 177 226 251 
0.439202726 0.420012802 -0.0274203718 176 226 250 
0.443583369 0.398233265 0.0126079991 179 231 252 
0.447419584 0.376321942 0.0526245311 183 235 252 
0.448855817 0.353829741 0.09258876 181 235 252 
0.452327907 0.331830323 0.132597357 175 229 250 
0.460137725 0.31088078 0.172700405 174 228 250 
0.462328315 0.288571179 0.212681085 171 227 248 
0.466923952 0.266843677 0.252714157 169 223 245 
0.472953677 0.245463312 0.292778432 175 227 248 
0.49056536 0.226886272 0.333095014 182 235 252 
0.491156757 0.204189569 0.373040825 191 241 252 
0.489082754 0.180847734 0.412928671 189 240 252 
0.420385629 0.479491919 -0.0453542396 169 223 250 
0.426071703 0.458028376 -0.00529742241 172 225 250 
0.432115316 0.436651349 0.0347671658 176 229 252 
0.438748419 0.415417016 0.0748446211 180 232 252 
0.441816151 0.393319696 0.114844389 182 234 252 
0.447087884 0.371755838 0.154892176 179 233 252 
0.458818257 0.351755261 0.195080608 173 228 250 
0.464960456 0.330402136 0.235147387 170 224 246 
0.476436615 0.310340047 0.275330305 166 219 243 
0.492829204 0.291467905 0.315620303 163 217 241 
0.500540972 0.260246783 0.350146562 171 225 247 
0.494260192 0.28883034 0.320868552 163 218 242 
0.496425271 0.246658653 0.395564556 182 234 250 
0.500432909 0.258272916 0.377041548 175 229 248 
0.477261126 0.219180256 0.435080141 186 239 251 
0.415030628 0.519389629 -0.02306192 166 219 249 
0.424067676 0.498737156 0.0170678869 169 224 250 
0.426687121 0.476531327 0.0570578948 174 229 252 
0.435000479 0.455703706 0.0971719399 175 229 251 
0.437772989 0.43353492 0.137165278 177 230 251 
0.443431139 0.412064612 0.177221477 180 232 252 
0.456788003 0.392457724 0.217445344 173 226 249 
0.473633289 0.373695195 0.257745236 169 224 247 
0.484109521 0.333793581 0.287245601 164 217 242 
0.475281596 0.372698069 0.260222018 169 223 247 
0.493305564 0.293168396 0.316493034 163 217 241 
0.493842423 0.282075197 0.415114552 171 224 246 
0.470625281 0.258767962 0.457344562 173 227 246 
0.492727995 0.286330819 0.418988794 170 223 246 
0.424956799 0.562986016 -0.000436745584 162 215 245 
0.43090862 0.582278967 -0.0315200239 162 214 244 
0.4256019 0.540302336 0.039510265 164 218 246 
0.420798928 0.516300023 0.0793386027 170 223 249 
0.417597026 0.492685139 0.119201832 175 230 252 
0.435197711 0.474105448 0.159518152 174 228 251 
0.441487789 0.452788085 0.19958812 176 228 251 
0.450529575 0.432136774 0.23971799 179 230 250 
0.470594883 0.39138788 0.267703742 172 225 248 
0.46472156 0.41489011 0.276186854 175 227 250 
0.483749211 0.320695043 0.449343413 158 208 235 
0.501865804 0.270815313 0.355750114 167 222 246 
0.488791406 0.354524255 0.298008382 165 219 244 
0.50331986 0.335200965 0.33825779 163 214 242 
0.498667955 0.31123513 0.378089428 163 216 245 
0.493591726 0.287166655 0.417911798 169 222 246 
0.465888321 0.413014412 0.279985517 175 226 250 
0.492859423 0.396702766 0.320505947 170 224 250 
0.500144064 0.375626117 0.360597581 164 216 244 
0.4999578 0.352741182 0.400526494 163 215 244 
0.487541974 0.326896191 0.440188974 156 203 231 
-0.577851534 0.0530440509 0.251216829 178 228 243 
-0.580130577 0.0546051562 0.252316505 178 229 243 
-0.578895509 0.0576945841 0.247464538 178 228 243 
-0.577381134 0.0501979291 0.261245459 179 231 245 
-0.58135289 0.0668015182 0.259085506 176 224 240 
-0.521668792 0.040307343 -0.0236733034 186 238 251 
-0.528622031 0.0576900542 -0.0134532452 178 232 249 
-0.527109027 0.0625715554 -0.0213147923 178 231 249 
-0.52091074 0.0328370035 0.0245371833 176 226 242 
-0.52440083 0.035871923 0.0265716538 176 225 242 
-0.520395756 0.029338032 0.0397775844 179 230 245 
-0.529192567 0.0698702931 -0.00676464289 178 232 248 
-0.53375417 0.0748018622 0.0487769023 178 230 244 
-0.532577515 0.0795581341 0.0409846678 178 231 245 
-0.521431863 0.0303928852 0.075622417 181 238 251 
-0.535086393 0.0516395867 0.088680841 178 234 249 
-0.523026109 0.0322745144 0.127904952 175 226 242 
-0.534222245 0.0851415098 0.0544529632 176 228 243 
-0.552077651 0.0887207985 0.110719688 168 221 237 
-0.540508151 0.108733565 0.0808776692 169 220 237 
-0.523056507 0.0322847068 0.129187614 175 226 242 
-0.551221371 0.0660882294 0.150671273 175 227 241 
-0.523036361 0.0277138352 0.179056466 171 222 239 
-0.54425931 0.0449335277 0.190755874 169 220 236 
-0.525334716 0.033618331 0.218960166 167 214 231 
-0.543497622 0.117094785 0.125211954 159 214 231 
-0.555013537 0.10636422 0.172997624 160 210 227 
-0.545034409 0.12105599 0.151751101 156 209 227 
-0.562029362 0.0818262696 0.212777793 166 214 231 
-0.527024984 0.0388941467 0.237934262 158 205 224 
-0.529563487 0.044467926 0.292541057 157 203 221 
-0.545243621 0.119463593 0.179049969 155 206 225 
-0.552853107 0.12524119 0.23538664 163 214 230 
-0.548577666 0.128511518 0.231571198 161 212 229 
-0.580581367 0.0956898928 0.274715632 174 216 234 
-0.529637754 0.0446685851 0.293720156 157 203 221 
-0.573364854 0.0745967627 0.314805776 175 225 237 
-0.525536299 0.0240612924 0.334416896 165 214 230 
-0.553355038 0.0566001832 0.355174571 159 211 227 
-0.522952557 0.00941711664 0.378524244 172 225 240 
-0.552481592 0.0339717567 0.395126551 172 226 240 
-0.524307966 0.0102511942 0.43148455 172 221 236 
-0.535102546 0.0153383911 0.435438067 175 226 239 
-0.524747491 0.0105418861 0.448431879 178 231 241 
-0.548917532 0.129407436 0.237220585 162 213 229 
-0.552022815 0.137117207 0.294113368 176 222 237 
-0.467082322 0.0266560912 -0.215106279 183 241 252 
-0.46843341 0.0301687717 -0.192111105 181 240 252 
-0.494307011 0.0521275997 -0.177322596 184 241 251 
-0.468692124 0.0266933739 -0.141615689 186 243 254 
-0.485109657 0.0315138996 -0.137189314 188 245 254 
-0.468976766 0.0259495974 -0.120282069 183 238 251 
-0.51315248 0.0887600183 -0.155324131 180 238 252 
-0.507991672 0.0671693087 -0.115278766 177 234 248 
-0.470944971 0.0310537219 -0.0866386071 179 236 250 
-0.498278767 0.0466804206 -0.075134255 184 240 251 
-0.470313907 0.0240821838 -0.0381428078 182 241 253 
-0.501279831 0.0231142044 -0.0352666453 190 245 254 
-0.470383823 0.0228305161 -0.0210229531 179 239 251 
-0.512656212 0.130073965 -0.132904366 179 237 250 
-0.496766239 0.143350244 -0.149045929 180 240 253 
-0.517875671 0.1059708 -0.0930850953 178 235 249 
-0.516800702 0.0833911598 -0.0531287268 176 233 249 
-0.471121043 0.022761941 0.0135852396 178 236 249 
-0.47136271 0.0192196071 0.0640423521 176 233 247 
-0.496626735 0.0197546184 0.0671095774 180 237 249 
-0.471733898 0.0194291174 0.0787552074 175 231 246 
-0.49892664 0.149984419 -0.123582028 178 237 251 
-0.499017537 0.145849675 -0.0734637156 177 233 248 
-0.516883612 0.124564946 -0.0307215676 180 235 249 
-0.499520123 0.146898419 -0.0620430186 177 232 248 
-0.528407335 0.0989358723 0.0089604035 178 232 247 
-0.472971588 0.0210494697 0.117572106 170 227 242 
-0.522475719 0.0318520963 0.128888458 175 226 242 
-0.475104243 0.0260291398 0.160148025 164 215 234 
-0.501657248 0.151730031 -0.0176172629 175 230 244 
-0.515792012 0.143183172 0.0316441432 169 222 241 
-0.503800392 0.158002734 0.0110696405 170 223 241 
-0.535991907 0.115454078 0.0711371079 171 222 239 
-0.475893021 0.028036803 0.174051702 161 212 232 
-0.480296463 0.0416480601 0.224961579 146 192 214 
-0.508216858 0.173012555 0.0470385626 168 219 238 
-0.520234942 0.160461783 0.0938892886 162 219 236 
-0.509960949 0.178415567 0.0670707002 166 219 237 
-0.536991298 0.133566231 0.133457273 158 214 231 
-0.481567442 0.0458411872 0.236718208 146 192 213 
-0.485384524 0.0567515194 0.290722758 148 191 214 
-0.479757577 0.0297460854 0.332478881 146 192 213 
-0.515592337 0.0245465338 0.333588153 162 210 227 
-0.482664049 0.0432840586 0.315479636 147 192 214 
-0.473899245 0.0022353828 0.369227171 158 205 223 
-0.495133489 0.00665861368 0.373966724 166 215 230 
-0.474881113 0.00475504994 0.386306554 163 212 229 
-0.514702439 0.194004327 0.111528076 166 221 237 
-0.518417954 0.179255635 0.156270772 168 223 237 
-0.515347242 0.194995433 0.130117744 167 222 237 
-0.525017381 0.154818445 0.196059972 154 208 227 
-0.485625982 0.0572964251 0.295753211 147 190 214 
-0.475632429 0.00455382466 0.423036426 172 225 240 
-0.475631297 5.75482845e-05 0.472947925 171 218 234 
-0.490084171 0.00339496136 0.476351589 177 227 238 
-0.476401329 0.00219604373 0.484536141 175 223 236 
-0.517848194 0.201872855 0.168511659 167 222 239 
-0.517131567 0.194565386 0.216815293 164 217 236 
-0.421111792 0.0300704837 -0.200620562 191 247 254 
-0.421170503 0.0300218761 -0.197384596 191 247 254 
-0.423381925 0.0342191458 -0.142500758 186 245 254 
-0.423135042 0.0300016999 -0.106968679 188 245 254 
-0.4232409 0.029173255 -0.0929036215 188 245 254 
-0.425430536 0.0332851708 -0.0380686 184 244 254 
-0.424689859 0.0276139677 -0.00905390829 187 245 254 
-0.424459845 0.0249792337 0.00966396183 188 245 254 
-0.42542097 0.0242638588 0.0617379621 184 242 253 
-0.423390836 0.0117951334 0.107089587 174 230 249 
-0.431315213 0.0127229989 0.108465113 174 230 249 
-0.423684031 0.0125498772 0.112163492 173 228 248 
-0.483730257 0.178269148 -0.109865338 176 232 247 
-0.493985683 0.152947068 -0.0701557547 176 231 248 
-0.427641451 0.0240051448 0.166556329 161 210 231 
-0.453888476 0.0256133378 0.170315355 161 211 232 
-0.428492725 0.02627033 0.18046698 157 205 227 
-0.488827497 0.218229234 -0.0875674114 174 228 246 
-0.487846673 0.195626825 -0.0476130769 177 231 245 
-0.49297905 0.171544731 -0.0077919215 172 226 242 
-0.435153514 0.0491592586 0.231916219 145 192 214 
-0.500518918 0.256593257 -0.0654131025 171 226 247 
-0.495546877 0.234956875 -0.0253718421 173 226 245 
-0.499567538 0.211143881 0.0144735351 171 224 242 
-0.503529608 0.187345058 0.0543201938 168 220 238 
-0.435430855 0.0501198471 0.233975947 145 191 213 
-0.441266626 0.0693372786 0.288348973 143 187 212 
-0.434757888 0.0384918749 0.332291633 148 190 211 
-0.437338144 0.0498895943 0.324099183 145 189 212 
-0.430622041 0.0177493095 0.372910947 147 186 206 
-0.430423707 0.0156600773 0.387022436 144 185 205 
-0.504407346 0.296845943 -0.0430888385 175 228 248 
-0.509498596 0.272773802 -0.00326676667 171 226 246 
-0.509979784 0.24981752 0.0366557017 170 224 243 
-0.510342121 0.226889983 0.0765807703 170 223 241 
-0.513276875 0.203339785 0.116449811 168 223 238 
-0.441621721 0.0699534714 0.297803015 141 185 210 
-0.429878265 0.0103349984 0.421153516 137 183 205 
-0.428246617 -0.000567823648 0.467400759 175 228 243 
-0.429215848 -0.000404208899 0.51007849 183 236 243 
-0.373547703 0.0284608305 -0.203466922 186 244 254 
-0.418521166 0.0292771757 -0.198080808 191 247 254 
-0.372518927 0.0205032527 -0.162271023 188 244 254 
-0.372773468 0.0209267437 -0.155292869 188 243 254 
-0.377126992 0.0335410237 -0.0955949202 182 242 253 
-0.390589833 0.0315519571 -0.0951975659 184 243 254 
-0.376989514 0.0325496495 -0.0908902064 182 242 253 
-0.378449678 0.0342464149 -0.0427082703 185 242 253 
-0.379396647 0.0343814194 -0.000732056797 184 243 254 
-0.379292876 0.0330677629 0.00910077244 184 242 254 
-0.378544509 0.0256353915 0.0573329404 180 235 252 
-0.379434675 0.0246412456 0.109247513 167 220 243 
-0.379465282 0.0246362984 0.110707618 167 220 243 
-0.381378919 0.0277889073 0.163531005 167 213 236 
-0.38307023 0.0323976576 0.189965516 156 202 223 
-0.386135936 0.041988641 0.224135786 151 197 219 
-0.433016926 0.0490191281 0.233111918 145 191 213 
-0.388409108 0.0487426221 0.253444403 146 191 215 
-0.39365083 0.0670246184 0.290938377 138 183 209 
-0.422268569 0.0699747503 0.295687944 139 183 210 
-0.38946411 0.0460821688 0.331443459 151 194 214 
-0.408935785 0.0275221765 0.37584427 143 184 204 
-0.388629019 0.0397465825 0.363507122 144 187 207 
-0.38849619 0.0377871692 0.379182249 139 182 203 
-0.383867353 0.0151075423 0.418693751 140 184 208 
-0.383265018 0.00824907422 0.467254132 165 210 227 
-0.381109625 -0.00471195579 0.512324214 167 216 232 
-0.42114839 -0.00275942683 0.517786145 181 234 242 
-0.381406188 -0.00609430671 0.541300774 176 230 244 
-0.330369025 0.0443618298 -0.199561715 184 240 254 
-0.33013922 0.0416936278 -0.180462524 183 240 254 
-0.330589801 0.0407374203 -0.149151534 181 239 254 
-0.332509905 0.043790251 -0.0949222967 182 242 255 
-0.332559824 0.0435919464 -0.0904266909 183 242 255 
-0.33456701 0.0473813117 -0.0403851792 185 242 255 
-0.336480975 0.0529185534 -0.0140461251 188 243 255 
-0.337479085 0.0543318391 0.0160733983 186 241 254 
-0.337758511 0.0509378612 0.0666153505 179 233 251 
-0.37512961 0.026322335 0.10968893 167 220 243 
-0.337497592 0.0478665233 0.0887663439 174 226 248 
-0.337718636 0.0462893844 0.116439797 171 221 246 
-0.338337362 0.0442287326 0.167744368 175 220 241 
-0.339379549 0.0470982492 0.183704108 170 215 237 
-0.341021538 0.0502838194 0.223690778 147 193 217 
-0.344261616 0.0611819029 0.251339912 141 187 212 
-0.350154519 0.0816777647 0.294129848 152 199 223 
-0.3470788 0.0651006103 0.337131679 150 192 214 
-0.347063363 0.0649670064 0.337907314 150 192 214 
-0.34588936 0.0559351742 0.384372592 151 192 210 
-0.342186779 0.0368950367 0.425965756 137 177 199 
-0.338795066 0.0190763474 0.468257397 164 200 214 
-0.338197351 0.0122358501 0.516828179 165 209 225 
-0.338603646 0.0130029619 0.526957035 168 213 230 
-0.28306061 0.0440360606 -0.204937518 188 243 254 
-0.283401161 0.0413084626 -0.158992141 186 242 255 
-0.28350246 0.0412803292 -0.154030472 186 242 255 
-0.28501597 0.0427355468 -0.100715004 184 241 254 
-0.286103427 0.0446010232 -0.0715193227 183 241 255 
-0.287045777 0.0462194085 -0.0462391898 183 240 254 
-0.28819418 0.0462397933 0.00625564903 182 238 254 
-0.300697327 0.0488239825 0.00903532654 184 240 254 
-0.288641244 0.0470796525 0.0174496695 182 237 253 
-0.290151 0.0494369566 0.0605674461 174 227 250 
-0.291591823 0.0516014993 0.10266269 168 218 245 
-0.292398006 0.0537742078 0.115531303 170 218 245 
-0.293536305 0.0537550747 0.168003529 154 199 226 
-0.293617338 0.0515439808 0.19629389 152 197 222 
-0.295221001 0.0558827817 0.221703678 149 194 218 
-0.299608231 0.0711167157 0.253839314 150 196 219 
-0.305033624 0.0899471939 0.293670118 164 206 225 
-0.346538723 0.0654647648 0.337270439 150 192 214 
-0.306056142 0.0929518938 0.307225674 166 207 226 
-0.309447885 0.10280019 0.353504658 182 216 232 
-0.302730352 0.0719135106 0.388322026 149 191 210 
-0.299942821 0.0564688146 0.43197158 150 187 206 
-0.296547413 0.0386354625 0.474254876 150 189 209 
-0.294812948 0.027328521 0.520271003 137 175 195 
-0.294867635 0.027479142 0.52110815 137 175 196 
-0.234847069 0.0420175493 -0.23305887 181 239 255 
-0.234719947 0.0396542847 -0.212633163 184 239 254 
-0.234975025 0.0361647308 -0.162145838 186 240 255 
-0.277571201 0.0405533016 -0.155077726 186 242 255 
-0.235876679 0.0370298922 -0.130364656 184 240 254 
-0.236603454 0.0380714238 -0.108572133 183 239 254 
-0.23809135 0.0394259095 -0.0553142205 181 237 254 
-0.255212098 0.0414793789 -0.0523158386 182 239 254 
-0.238643497 0.0406420529 -0.0434793755 180 236 253 
-0.240576223 0.0446977615 0.000184200704 169 226 251 
-0.242153227 0.0479320884 0.0366449729 167 219 247 
-0.243722215 0.0525673926 0.0571684465 169 218 246 
-0.246992305 0.0618028343 0.104672141 168 216 241 
-0.247413889 0.0625810325 0.115378954 167 214 240 
-0.247459024 0.0582666397 0.165394485 152 198 228 
-0.247482195 0.0541432798 0.212277979 153 199 225 
-0.247575998 0.0542344153 0.215571404 153 199 225 
-0.253885895 0.0757596493 0.266066611 156 202 227 
-0.256852835 0.086193651 0.286333799 166 210 230 
-0.259665847 0.0942882299 0.325531393 168 211 231 
-0.263139218 0.106402606 0.350375593 176 218 236 
-0.25900802 0.0856782794 0.391005367 141 187 209 
-0.257616669 0.0757194459 0.437792629 152 190 211 
-0.261327446 0.0587639511 0.481334299 143 183 203 
-0.256264746 0.0673665106 0.46854648 146 185 206 
-0.250182569 0.0375253856 0.520913661 127 163 182 
-0.251715124 0.0448437631 0.509949505 132 168 188 
-0.249951139 0.0361112654 0.526002169 126 162 181 
-0.255360782 0.0623638034 0.482636958 143 182 202 
-0.187333196 0.0390207469 -0.218184978 183 237 254 
-0.208671138 0.0388760865 -0.215918899 184 239 254 
-0.187105328 0.0366637409 -0.202454746 185 239 254 
-0.187359229 0.0346311927 -0.168212399 186 239 254 
-0.188752234 0.0356128812 -0.115167774 186 238 254 
-0.203360617 0.0356756747 -0.113528349 186 239 254 
-0.189023808 0.0360762775 -0.107849367 186 238 254 
-0.19110173 0.0403527915 -0.0599735603 176 229 252 
-0.192403972 0.0427247882 -0.026545696 165 218 248 
-0.193248749 0.0442971289 -0.00523439795 162 215 245 
-0.196317688 0.0520146787 0.0499023274 161 212 241 
-0.190274432 0.0236266553 0.0879093483 144 195 226 
-0.196194425 0.0284385383 0.0911774859 144 196 227 
-0.194823816 0.0446193516 0.0634969845 155 206 237 
-0.191535622 0.0283413827 0.093420364 143 195 227 
-0.19659397 0.0529495776 0.0521975681 162 212 241 
-0.226907074 0.0621986091 0.112917461 166 213 239 
-0.200194538 0.0611220002 0.126686007 162 209 236 
-0.200768873 0.060370177 0.161408156 157 204 231 
-0.2026999 0.0634658337 0.215661913 154 200 229 
-0.20715946 0.0624925792 0.215622514 154 200 229 
-0.202711627 0.0634979904 0.215843797 154 200 229 
-0.209435955 0.0867016017 0.266714603 161 207 232 
-0.211073533 0.091876179 0.284394503 162 208 232 
-0.214274779 0.100571126 0.334744036 171 215 235 
-0.214509636 0.100885659 0.342030704 171 215 236 
-0.212646857 0.0890745223 0.387758404 143 189 212 
-0.226342976 0.0900715292 0.442163378 149 189 211 
-0.214976326 0.0939593017 0.440423876 147 188 211 
-0.245590687 0.0397330821 0.521610081 128 163 182 
-0.202052832 0.0299823582 0.558031142 129 163 182 
-0.215096503 0.0942079723 0.44317773 147 188 211 
-0.211898878 0.0771519244 0.485905617 141 181 200 
-0.208052278 0.0575458407 0.527175009 132 167 185 
-0.140559152 0.0407947004 -0.222359806 167 222 249 
-0.141259521 0.0406955183 -0.189103991 172 226 252 
-0.141430065 0.039724946 -0.170488477 174 227 252 
-0.142941996 0.0411739349 -0.11717657 175 228 253 
-0.143801183 0.0431931913 -0.100169905 172 224 252 
-0.14489308 0.0443483889 -0.062877737 164 218 248 
-0.146552756 0.0467299223 -0.0131459311 164 214 247 
-0.147067159 0.0483990908 -0.00807773322 165 214 247 
-0.148104444 0.0479830205 0.0441674516 155 206 240 
-0.191558629 0.05240044 0.0513455197 160 211 241 
-0.181238115 0.0320586264 0.0915032551 146 198 229 
-0.149301022 0.050250262 0.0739081278 156 206 238 
-0.149911165 0.0505902469 0.0981418267 160 207 237 
-0.153234929 0.0596400797 0.150172502 156 204 232 
-0.153680801 0.0609103143 0.156527609 156 204 232 
-0.15717645 0.0701537728 0.214297622 154 200 228 
-0.157723829 0.0717773139 0.221386373 154 200 228 
-0.163660347 0.0911388695 0.278783292 167 212 237 
-0.164693415 0.0911251903 0.278889388 167 212 237 
-0.163696438 0.0912596583 0.279097915 168 212 237 
-0.166594595 0.0981763899 0.335291654 159 205 226 
-0.205539137 0.0995927751 0.340341628 169 213 233 
-0.166333914 0.0942315757 0.367160201 152 198 222 
-0.16677314 0.0943861306 0.385606945 151 198 222 
-0.16264087 0.0736575425 0.426234335 127 166 190 
-0.21213913 0.0935094655 0.442472786 147 188 210 
-0.158973098 0.0547541678 0.467905611 121 158 181 
-0.200809255 0.0734119713 0.482652515 134 173 194 
-0.154143363 0.0312850773 0.506965578 138 173 190 
-0.192939073 0.0524770617 0.522756934 125 159 178 
-0.0941429213 0.0439745486 -0.225730538 161 216 246 
-0.0936799496 0.0376636088 -0.176856935 157 209 240 
-0.117686644 0.03805843 -0.174004138 165 217 245 
-0.0942637697 0.0390345752 -0.165288389 157 209 240 
-0.0965201706 0.0443317294 -0.120559908 162 212 244 
-0.0971838236 0.0434053838 -0.079797633 159 208 242 
-0.0976279229 0.0441925526 -0.0681563243 160 208 242 
-0.0977070332 0.0400115848 -0.0180644765 152 202 237 
-0.139497995 0.0466473401 -0.00986243039 161 211 246 
-0.0964340121 0.0305177271 0.028988637 147 198 232 
-0.105128601 0.0321263969 0.0308191553 150 200 234 
-0.0967506096 0.0311760306 0.0362087265 147 197 231 
-0.10124094 0.0449135602 0.0897055492 154 201 232 
-0.118656799 0.0472060144 0.0928663835 157 205 234 
-0.102301814 0.0485721529 0.097755231 156 203 233 
-0.10550344 0.0571701825 0.149198979 155 202 230 
-0.145462394 0.0590718985 0.154624432 156 203 231 
-0.106914893 0.0613241792 0.167838931 155 202 230 
-0.1103433 0.0716954172 0.209989935 160 205 231 
-0.11238613 0.0783244073 0.230113328 165 208 232 
-0.116212472 0.0902650654 0.273094088 169 220 243 
-0.117521808 0.0936634839 0.2954413 167 218 241 
-0.119524889 0.0987885296 0.330452293 166 216 239 
-0.117726699 0.0872312188 0.37632519 141 190 218 
-0.148799837 0.0904863179 0.381510466 147 195 221 
-0.111676805 0.0589678288 0.412643045 121 164 191 
-0.148293078 0.06776914 0.421454519 123 161 186 
-0.111212745 0.0526525974 0.461514205 116 156 183 
-0.115538642 0.0528573096 0.462100893 116 156 182 
-0.106683262 0.0303632915 0.501248896 134 176 198 
-0.113159359 0.0305933356 0.502085686 135 177 198 
-0.0495847203 0.0589270592 -0.27461943 153 205 236 
-0.0500172861 0.0561547577 -0.223953485 155 206 238 
-0.0496701039 0.0502987504 -0.174819678 152 206 237 
-0.0450446568 0.0276324153 -0.135300636 150 201 234 
-0.0517948903 0.0311672688 -0.132635951 152 203 236 
-0.0445077494 0.0237090886 -0.116353638 160 204 234 
-0.0441330522 0.0195586681 -0.087435253 170 208 234 
-0.0866698995 0.0410800278 -0.0710536465 158 207 241 
-0.0447360575 0.0174362063 -0.0361660197 149 197 232 
-0.061576061 0.0243139565 -0.0305741057 151 200 234 
-0.0439463779 0.0108453333 0.00081897527 140 190 227 
-0.0447241254 0.0128974915 0.0137212053 142 191 228 
-0.0497071892 0.0292791426 0.0604580715 155 200 234 
-0.0504486673 0.0308988392 0.0765003189 155 200 234 
-0.0547748394 0.0442814529 0.12640503 155 200 232 
-0.055539459 0.046410054 0.137855202 156 201 232 
-0.060355261 0.0618222058 0.187685698 169 211 235 
-0.0614520721 0.0651504099 0.201057017 165 210 235 
-0.0653038174 0.0762349665 0.254716635 160 209 232 
-0.0657598823 0.0775850713 0.260652214 161 211 233 
-0.0684579015 0.083694458 0.316629708 152 204 230 
-0.085061267 0.0875597596 0.320556879 153 204 229 
-0.0664092675 0.0716226697 0.356720716 137 188 219 
-0.0596565157 0.040127933 0.39667803 135 182 209 
-0.0715053752 0.0451612175 0.400718093 132 178 206 
-0.0651083589 0.0651826262 0.368559301 136 185 216 
-0.0588899627 0.0343988538 0.425148338 135 182 210 
-0.0663754046 0.0710199773 0.361863643 137 187 218 
-0.0584061071 0.0307229459 0.443781942 135 182 210 
-0.0556760877 0.0155042112 0.48756066 146 194 213 
-0.00662425905 0.0712135732 -0.220530003 150 202 232 
-0.00365635753 0.0550601184 -0.177285865 149 200 233 
0.00545605272 0.0147633553 -0.147850603 157 200 229 
0.00494568795 0.0122768581 -0.0967895761 149 197 230 
-0.025320746 0.0147353113 -0.0921263322 164 204 233 
0.00608596951 0.00423666835 -0.0597956553 142 192 229 
0.00591248274 0.00398626924 -0.0490482524 141 192 229 
0.00460840762 0.0046184659 0.0037965104 143 192 229 
-0.0315332823 0.00874578953 0.0100132301 140 190 227 
0.00390599668 0.00494372845 0.0324300602 149 196 232 
0.00172424316 0.0114592612 0.0601922944 155 202 236 
-0.0324028693 0.026889354 0.0723361894 156 202 236 
-0.0023970902 0.0260620117 0.0871343091 159 206 239 
-0.00536504388 0.03482306 0.126038492 163 207 238 
-0.0407822765 0.0432151556 0.134495586 158 202 233 
-0.00796064734 0.0435193479 0.148568302 168 211 239 
-0.0106854811 0.0512365997 0.187909484 162 210 239 
-0.046663668 0.0601456165 0.196709424 166 210 235 
-0.0131644309 0.0591955781 0.213276535 160 209 236 
-0.0164031237 0.0692108572 0.250673085 160 211 239 
-0.0586819835 0.0755906999 0.258789539 160 210 234 
-0.0142779127 0.0563685596 0.295811087 153 206 234 
-0.0227054432 0.0614587367 0.299506158 153 206 235 
-0.0120557547 0.0436224043 0.335429817 149 202 231 
-0.00686457008 0.0182560086 0.378978819 153 205 230 
-0.00973787159 0.0189177692 0.379654557 152 204 229 
-0.00976793468 0.0322966874 0.356249601 151 203 230 
-0.00655533373 0.0163929164 0.385485083 153 205 230 
-0.011962086 0.0427772701 0.34052065 149 201 230 
-0.0637747869 0.0698722005 0.36095348 137 187 218 
-0.00536876917 0.00788685679 0.425531238 154 204 226 
-0.0512851924 0.0272155702 0.441091448 137 185 213 
-0.00349477679 -0.00396838784 0.471233755 151 201 220 
-0.0374727622 0.00771892071 0.481325299 153 202 219 
-0.0352132618 0.120661557 0.54251647 143 187 205 
0.0269193128 0.00453981757 -0.0510554984 142 192 229 
0.0378370434 0.0394046009 0.176141024 164 214 244 
0.0174743533 0.052829951 0.238039404 162 215 241 
0.0329604596 0.0337384045 0.278309673 161 215 243 
-0.00982601196 0.041736275 0.339719623 150 202 231 
0.0157847032 0.00225552917 0.420143396 162 215 232 
0.0148108155 0.322177172 0.332496226 184 248 255 
0.0146767274 0.322155744 0.332499295 184 248 255 
0.0112368166 0.339867353 0.3000018 182 246 255 
0.0193727687 0.299760312 0.372157931 187 247 254 
0.0153839737 0.299487114 0.37244764 188 248 254 
0.0266712084 0.266591072 0.405669838 187 247 254 
0.00237041712 0.273497403 0.412097156 188 248 254 
0.0341468304 0.232725635 0.438783497 183 243 253 
-0.0129305869 0.246954083 0.451696783 195 248 254 
0.0408031344 0.202079535 0.473738581 171 231 244 
0.00268617272 0.378801584 0.259916425 174 237 254 
-0.00757420808 0.422905385 0.24088046 168 229 254 
0.0104089826 0.343964875 0.292474598 181 246 255 
-0.00976261497 0.432207882 0.237979233 166 227 254 
-0.0217218399 0.482857585 0.224197239 159 217 252 
-0.0281602368 0.508988559 0.229411125 158 216 250 
-0.0330117866 0.52866298 0.233519793 158 215 250 
-0.0353734344 0.537331045 0.245621711 158 214 249 
-0.066841498 0.558559537 0.260627717 158 215 250 
-0.0414485186 0.560343742 0.268807262 156 213 249 
-0.0683750212 0.599382162 0.283003241 153 209 248 
-0.0518640205 0.60182029 0.286087364 153 208 247 
-0.0763886943 0.716457665 0.138141304 170 221 250 
-0.0771955475 0.717137694 0.167627722 169 219 249 
-0.0570858233 0.618152738 0.344331205 152 207 243 
-0.0605814569 0.619622588 0.345514923 152 207 243 
-0.0574452877 0.619365275 0.347360343 152 207 242 
-0.0790853426 0.722561657 0.194115669 164 215 248 
-0.0794530809 0.719514787 0.244856149 162 212 246 
-0.095448494 0.720896602 0.247365564 162 213 247 
-0.0798783451 0.720333934 0.255277574 160 211 246 
-0.061789263 0.632141888 0.404815525 155 211 244 
-0.0625662804 0.634631634 0.412821919 156 212 245 
-0.0861804187 0.741456389 0.309888929 157 208 243 
-0.086569339 0.741399765 0.30990088 157 208 243 
-0.0861791223 0.741440773 0.310002834 157 208 243 
-0.0709317923 0.665959835 0.448757559 156 211 243 
-0.0846037045 0.730769277 0.356259555 160 212 243 
-0.128573477 0.74958694 0.371327877 162 211 243 
-0.0892867297 0.746739984 0.393786788 160 212 244 
-0.080865331 0.705050468 0.470423728 156 209 241 
-0.0903415978 0.748823047 0.419068664 155 207 242 
-0.0865145475 0.729293823 0.460381955 157 214 245 
0.0575278699 0.344383866 0.28752476 180 244 255 
0.0104199499 0.343965262 0.292473584 181 246 255 
0.0519172251 0.369470149 0.266346008 176 240 255 
0.0624605417 0.320510387 0.326353431 182 245 255 
0.0682301223 0.293348402 0.363301158 182 243 254 
0.074562341 0.26397568 0.398984492 181 243 254 
0.0803351104 0.236801207 0.435925096 176 238 251 
0.0383840203 0.428588569 0.230719686 169 230 254 
0.00868269801 0.430418283 0.234978825 168 229 254 
0.0351835787 0.442224234 0.226129413 168 228 254 
0.0492125154 0.381548852 0.256298274 175 238 255 
0.0231216252 0.491851449 0.228426367 161 218 254 
-0.00500418246 0.532333016 0.23956567 158 215 251 
0.0124125779 0.534781098 0.243035316 159 216 252 
0.00294155627 0.571582079 0.268910438 156 212 248 
-0.0284613855 0.716955543 0.0951992646 172 221 250 
-0.00591741502 0.605353057 0.300355434 152 207 244 
-0.0290560685 0.716036797 0.132711083 173 222 250 
-0.0310250483 0.719562054 0.183933228 167 217 249 
-0.00884883106 0.614178419 0.336868614 151 206 244 
-0.0117087662 0.623938024 0.359716594 151 206 243 
-0.0310640745 0.719434977 0.187137872 166 217 249 
-0.0311471038 0.715269387 0.237238497 167 215 247 
-0.0327779055 0.718154788 0.280045778 161 211 246 
-0.0172283389 0.642611742 0.405614346 161 215 246 
-0.0179811344 0.644904256 0.414700359 162 216 246 
-0.0350253731 0.726016283 0.295868427 159 209 244 
-0.038596049 0.736872375 0.339163125 157 207 242 
-0.0261039808 0.675031185 0.452844292 161 216 247 
-0.0390807912 0.737459183 0.354896456 157 208 242 
-0.042454537 0.746223688 0.412392497 154 207 243 
-0.0454500206 0.746866584 0.413071424 154 207 243 
-0.0424093604 0.745665193 0.416524976 154 208 243 
-0.0369157121 0.718469143 0.46651867 153 206 238 
-0.0403214432 0.733350396 0.457512707 157 211 243 
0.104308739 0.346130937 0.283334553 181 243 254 
0.0950197577 0.387082189 0.254732519 174 236 254 
0.108665824 0.324518979 0.323456705 181 242 255 
0.114725143 0.296218634 0.35975334 180 241 254 
0.120836228 0.267714739 0.395933598 177 240 252 
0.0850094557 0.43094635 0.226878762 169 230 254 
0.0790172815 0.456216723 0.22116968 167 227 255 
0.094933182 0.387461662 0.254490644 174 236 254 
0.0680665374 0.500343025 0.233578831 165 224 254 
0.0578992814 0.540590584 0.253118217 163 219 251 
0.0476745069 0.581122935 0.272134006 153 208 246 
0.0178660899 0.718602836 0.112933449 171 220 250 
0.039985314 0.609103024 0.314224273 157 210 245 
0.0176073611 0.718245327 0.128784806 172 221 250 
0.0146336555 0.725437939 0.18538183 165 215 248 
-0.0144143328 0.722156346 0.186788678 166 216 249 
0.0146203265 0.72458601 0.195460141 166 216 248 
0.0384642333 0.613834262 0.331482321 158 211 245 
0.0342538208 0.627391696 0.374130189 158 214 247 
0.0148731172 0.720005274 0.234757751 167 215 247 
0.0124563575 0.725213885 0.287831455 162 211 247 
0.0310197324 0.638593793 0.398126781 159 215 247 
0.0276100636 0.650196433 0.425734252 160 216 247 
0.0122792125 0.725705504 0.290501207 162 211 247 
0.00677762181 0.74324137 0.348217428 162 211 244 
0.0186814666 0.684312165 0.456545562 164 217 247 
0.00618554652 0.745157242 0.354109913 162 211 243 
0.00443591177 0.747540176 0.407956004 158 212 243 
0.00532819331 0.740331888 0.447091311 150 200 228 
0.00638951361 0.735077858 0.456749588 149 199 226 
0.00570639968 0.738056302 0.455014795 149 198 226 
0.143766969 0.381142378 0.245686859 175 237 254 
0.0956305265 0.387429714 0.254396647 174 236 254 
0.13732186 0.408656985 0.23583442 171 233 254 
0.151335925 0.346910298 0.278590858 178 241 254 
0.154603451 0.329579592 0.321161658 179 240 254 
0.160889402 0.300388604 0.356948912 180 243 254 
0.12986508 0.440258324 0.227015316 168 229 254 
0.123455554 0.467216492 0.221711367 168 227 254 
0.112795591 0.509903193 0.236766875 171 228 253 
0.102146134 0.552537978 0.251917928 160 217 251 
0.0935546011 0.584985018 0.285796762 157 213 249 
0.0627260655 0.727514982 0.117312737 177 225 251 
0.0908248425 0.593657255 0.314752549 160 215 249 
0.060935691 0.607841134 0.325752825 158 211 246 
0.0868321061 0.608179569 0.336684138 159 214 248 
0.0622173697 0.728522301 0.129473329 178 225 251 
0.0607333034 0.729861736 0.182722598 173 221 249 
0.060425967 0.728816748 0.208445311 173 222 249 
0.0807729363 0.628661931 0.387256742 161 216 249 
0.0739517659 0.629345596 0.388378233 160 215 249 
0.0804807842 0.629536629 0.390949517 161 216 249 
0.0600678027 0.727984905 0.23413226 170 220 249 
0.0580221415 0.731531024 0.288643688 165 216 248 
0.0250107571 0.727213144 0.289922327 163 213 248 
0.0577401072 0.732028246 0.296067148 165 216 248 
0.0730219781 0.656376243 0.435136408 162 217 248 
0.0549383312 0.739156246 0.345488131 163 214 246 
0.017684266 0.743793845 0.352104634 162 212 244 
0.0534721613 0.743071675 0.369291693 162 214 247 
0.0637131333 0.692374349 0.46248731 157 213 245 
0.0508543849 0.750711262 0.404580265 155 208 243 
0.0535309166 0.735702753 0.448479205 159 215 249 
0.0139099807 0.738394499 0.454297274 150 200 229 
0.190559953 0.382841945 0.241469473 177 239 255 
0.180619001 0.425305814 0.225991547 171 232 255 
0.195152253 0.360305786 0.28106299 179 241 255 
0.201085567 0.332500547 0.317642838 179 242 254 
0.175687641 0.44577086 0.224978775 168 229 255 
0.16842857 0.47556901 0.227119416 166 227 254 
0.157933861 0.517437637 0.243678808 168 227 253 
0.147839844 0.557322681 0.263884604 162 219 252 
0.1409695 0.582187235 0.303002745 163 218 251 
0.135861173 0.584782481 0.304975867 163 217 251 
0.140201062 0.585053205 0.306433707 163 217 251 
0.107519507 0.736756444 0.121086664 169 220 252 
0.132522911 0.612978756 0.3486242 159 215 248 
0.107141584 0.737564683 0.129455686 169 221 253 
0.107407257 0.732029021 0.178772718 168 220 251 
0.106342897 0.732496381 0.222443312 169 221 251 
0.130004972 0.620777786 0.377557904 158 214 248 
0.126560748 0.632409215 0.406431139 159 215 248 
0.105670363 0.734361887 0.232590169 168 220 250 
0.0811499953 0.740801215 0.291145116 163 214 246 
0.101264089 0.747554064 0.288288593 161 212 245 
0.117999688 0.664705515 0.440587074 164 217 248 
0.101047635 0.748033881 0.292893142 161 212 245 
0.10065715 0.745076418 0.343684763 165 217 248 
0.0986870825 0.750226498 0.376901358 162 213 247 
0.114611596 0.676770508 0.462066382 160 213 246 
0.0819645375 0.690832913 0.473303646 156 211 244 
0.110620171 0.691152573 0.485495597 154 209 243 
0.0981475264 0.750445604 0.399238855 157 209 245 
0.101669073 0.732116699 0.441238731 157 215 248 
0.10593757 0.710852921 0.481559962 162 220 247 
0.232928425 0.401926339 0.247195393 177 239 255 
0.225627601 0.433481932 0.231723964 171 232 255 
0.241211265 0.364889205 0.278495044 182 243 254 
0.246091098 0.341223329 0.317442417 180 242 254 
0.217458397 0.467203826 0.232048005 167 228 254 
0.213545054 0.483211219 0.233833253 166 226 254 
0.202956468 0.525544465 0.249538481 161 219 253 
0.19611755 0.551057398 0.280008405 162 220 253 
0.190100789 0.556716979 0.283748329 162 220 252 
0.194607824 0.55678916 0.285627633 162 220 252 
0.18459186 0.596287787 0.306543738 157 213 249 
0.154020771 0.738925338 0.125044465 164 218 250 
0.128533825 0.738402009 0.127560437 166 219 251 
0.153713167 0.739066124 0.137603223 164 219 250 
0.178785235 0.614948511 0.365765601 159 214 249 
0.153604493 0.736069322 0.175894082 166 223 252 
0.150807828 0.743364036 0.223227888 161 217 250 
0.178230971 0.616846502 0.370119959 159 214 249 
0.172055215 0.638180137 0.416584879 161 216 248 
0.150607124 0.743354857 0.232544273 162 217 250 
0.148842454 0.745796919 0.28642419 170 221 249 
0.111665428 0.748187304 0.291809827 163 214 245 
0.147849843 0.747922659 0.308373362 169 219 249 
0.163545594 0.670221806 0.451208919 163 218 248 
0.146822169 0.749243259 0.340878516 163 215 249 
0.146937564 0.744298041 0.390533239 158 214 249 
0.127585068 0.747554719 0.394431442 157 212 247 
0.146637678 0.743838608 0.409406453 158 213 247 
0.162224799 0.675247073 0.456005543 161 216 246 
0.15440318 0.705395937 0.480074614 151 204 237 
0.147605449 0.737181902 0.438946337 159 214 245 
0.152016491 0.715358019 0.478947252 155 210 239 
0.248406142 0.424408019 0.257724375 173 234 254 
0.272060603 0.407293588 0.298172563 172 234 255 
0.286910474 0.366394609 0.326649785 184 242 254 
0.278284401 0.403796375 0.307056487 172 234 255 
0.287588239 0.359239668 0.375040621 175 236 254 
0.296882123 0.318229795 0.404068053 172 235 254 
0.221127301 0.481839061 0.239606202 167 227 254 
0.265756011 0.458499432 0.27436319 174 234 254 
0.262020975 0.474222779 0.27111879 174 233 254 
0.275952786 0.413942039 0.301361561 172 233 255 
0.220420748 0.522861838 0.261999786 161 220 253 
0.251153886 0.517934799 0.284289539 162 219 253 
0.240664721 0.559776068 0.300899208 161 219 252 
0.202631146 0.737973988 0.0668477193 161 213 247 
0.230677664 0.599131584 0.322078377 156 212 248 
0.201941103 0.736195326 0.118293561 160 215 250 
0.201230079 0.734825253 0.166161418 171 226 252 
0.228820384 0.603628933 0.357370645 158 215 249 
0.184818149 0.614986181 0.368384123 159 214 248 
0.224963188 0.617335916 0.382139206 158 215 248 
0.201206356 0.734590471 0.169858813 171 226 252 
0.198501229 0.740727782 0.225852251 166 222 251 
0.167803824 0.743421197 0.230690658 162 218 250 
0.197585642 0.742781997 0.245060205 165 221 251 
0.217925102 0.642092824 0.430154651 166 219 247 
0.195368469 0.748545408 0.282806754 167 220 250 
0.193671823 0.752072394 0.321507305 163 217 248 
0.217422277 0.643923163 0.43290028 166 219 247 
0.166101694 0.670003891 0.452727348 163 218 248 
0.210000396 0.67123884 0.470101684 159 214 246 
0.192720979 0.754456282 0.338670641 160 215 247 
0.192659378 0.75020647 0.388723135 154 209 242 
0.19265908 0.747001052 0.424355298 153 205 235 
0.200556993 0.710191131 0.470802516 160 208 235 
0.177114755 0.713863373 0.475376219 156 205 234 
0.195654601 0.732172012 0.451615185 156 205 233 
0.19333896 0.743044376 0.437109917 155 205 235 
0.292687863 0.389446437 0.338554829 175 237 254 
0.289834261 0.365915895 0.378425628 174 235 254 
0.319894463 0.35035193 0.419013351 178 233 254 
0.340125293 0.329385638 0.457742363 184 234 253 
0.338855118 0.3349334 0.454407901 185 234 253 
0.353510052 0.272301763 0.477576226 174 230 248 
0.270498425 0.470949173 0.280614525 175 234 254 
0.297392398 0.454618812 0.321133316 171 230 254 
0.308246195 0.434406102 0.361302704 171 230 254 
0.311564267 0.41236937 0.401307911 178 236 255 
0.329612255 0.375185788 0.431454808 180 234 254 
0.322687179 0.40488717 0.419339091 179 235 254 
0.271234185 0.512321115 0.303039521 167 223 254 
0.305621386 0.482927531 0.335628659 166 224 254 
0.30087617 0.502776384 0.332917184 166 223 253 
0.30962801 0.462692738 0.376538455 170 228 254 
0.317883492 0.425763041 0.407899499 176 234 254 
0.268945843 0.552961051 0.325398654 166 221 252 
0.29013595 0.54586041 0.347242266 167 222 252 
0.250170588 0.733621597 0.0956108645 168 218 250 
0.253599793 0.590440512 0.347473353 163 217 249 
0.280428559 0.583831429 0.370966554 165 218 249 
0.24988541 0.733371019 0.111488722 165 217 251 
0.249077499 0.732053638 0.163218379 164 219 251 
0.206568629 0.734449863 0.169193119 170 226 252 
0.248033851 0.734114766 0.188229799 165 220 251 
0.271883309 0.616049469 0.405266285 164 219 248 
0.247499883 0.733760595 0.216677874 170 223 251 
0.243628949 0.74583602 0.260208338 173 223 251 
0.269816667 0.623613358 0.416094542 164 218 247 
0.220872611 0.642066956 0.431511372 166 219 247 
0.264115512 0.644418716 0.446641296 162 216 247 
0.242309541 0.749663115 0.278256536 172 222 251 
0.241546631 0.748168945 0.329885155 164 217 250 
0.2176027 0.750988841 0.334050268 163 216 249 
0.240802228 0.749744892 0.34654811 165 217 251 
0.25469625 0.680963397 0.472987503 168 219 247 
0.237794876 0.758418679 0.388230652 159 214 247 
0.239491463 0.747260451 0.434331864 155 210 242 
0.217432559 0.746461868 0.436321408 154 206 238 
0.24697569 0.713361382 0.46742627 170 221 245 
0.346221834 0.333884478 0.459519774 184 234 253 
0.385611147 0.334459305 0.476041764 172 225 249 
0.355494887 0.400162637 0.44219777 175 231 254 
0.380070031 0.357993722 0.468915433 175 228 250 
0.370656878 0.398404717 0.452017874 173 228 252 
0.31009692 0.498887718 0.343818992 165 223 253 
0.311904132 0.476485312 0.383791327 170 228 254 
0.341401279 0.460785061 0.424366802 172 229 253 
0.366876841 0.41432488 0.448651165 174 229 254 
0.357217282 0.454851747 0.441778153 173 228 253 
0.313687623 0.540950656 0.366306186 165 221 252 
0.332608163 0.522690415 0.406651258 168 224 252 
0.351316988 0.479955286 0.433705539 172 228 252 
0.342456669 0.517838597 0.419516414 169 224 252 
0.294778705 0.743780494 0.0976983979 166 215 246 
0.298704267 0.578517914 0.388388783 165 220 250 
0.336450189 0.542862535 0.417202443 168 223 251 
0.330005139 0.569394231 0.418268412 168 222 250 
0.294797987 0.742459178 0.111497246 169 217 248 
0.27587235 0.751224399 0.170702666 179 226 251 
0.290085942 0.756927133 0.16705671 186 229 251 
0.280529797 0.615312696 0.410401851 166 220 248 
0.320211768 0.607791007 0.441209942 166 218 247 
0.289771914 0.75771594 0.172706604 186 229 251 
0.293625116 0.738083959 0.213961154 181 227 251 
0.288755804 0.753427029 0.267016321 173 221 248 
0.31624645 0.622248173 0.462607473 165 217 247 
0.301655143 0.638779998 0.473203927 164 217 248 
0.312237948 0.63718009 0.480710119 163 216 247 
0.288308799 0.754481316 0.275822908 173 220 248 
0.287783414 0.752053857 0.326917678 171 218 248 
0.2862221 0.755885243 0.356022924 177 221 247 
0.30766198 0.655978739 0.481899768 159 212 244 
0.29953298 0.68999064 0.477155358 156 209 242 
0.283073932 0.76606667 0.387415558 166 217 244 
0.287538081 0.744034171 0.427297086 164 216 244 
0.291756243 0.722968221 0.467731506 169 227 249 
0.430095315 0.345231652 0.477001458 162 215 243 
0.423221648 0.374001235 0.472881526 158 209 238 
0.416837394 0.400779575 0.468414575 159 209 236 
0.394483119 0.450793326 0.465455979 171 225 251 
0.405157417 0.448515773 0.474187702 167 222 249 
0.37332499 0.509705782 0.447471112 169 223 250 
0.402058542 0.461648047 0.470528394 168 223 249 
0.391677916 0.50516057 0.463584393 165 220 248 
0.3400352 0.750729561 0.105686359 164 214 245 
0.357757628 0.569971502 0.429608017 165 219 249 
0.385183454 0.532446384 0.458538622 166 220 249 
0.377246648 0.566516697 0.44432041 163 217 248 
0.340046138 0.750228763 0.110751621 165 215 245 
0.339448452 0.74808526 0.162008852 173 221 249 
0.303214431 0.757842362 0.171298236 185 229 251 
0.336997747 0.755681634 0.190108448 172 221 249 
0.363357604 0.612520814 0.45213899 166 219 248 
0.365900457 0.612600565 0.453130931 166 218 248 
0.336785108 0.754058421 0.217908353 169 216 247 
0.338181138 0.744081378 0.264685124 168 217 249 
0.302526027 0.753189921 0.27355811 171 219 248 
0.335856676 0.751245618 0.291788548 167 216 248 
0.357965946 0.641795099 0.492988795 157 210 243 
0.33307144 0.759666741 0.326082438 178 222 249 
0.333399951 0.753884077 0.375258178 181 226 250 
0.328925222 0.755093873 0.376408011 181 226 249 
0.333234906 0.754139781 0.379993707 180 225 249 
0.347478211 0.685091674 0.493361562 145 195 227 
0.345617056 0.692842841 0.4926745 145 194 226 
0.333862394 0.747575164 0.424132913 169 219 247 
0.332033128 0.750271142 0.478158087 178 235 253 
0.426824152 0.594816983 0.0166737214 159 209 241 
0.427924931 0.582058489 0.0619698241 162 214 243 
0.427875519 0.587209344 0.0529421195 161 212 242 
0.433623254 0.559117913 0.101221822 168 220 247 
0.430809498 0.572685003 0.0796418861 165 217 245 
0.433754802 0.537789881 0.141962737 168 221 247 
0.43426168 0.5555951 0.111057796 168 220 247 
0.432504833 0.514647484 0.181868464 172 226 251 
0.436139703 0.492687464 0.221880585 172 226 250 
0.447625399 0.472627699 0.262063712 171 223 249 
0.451863825 0.468456745 0.271242112 172 223 249 
0.473080456 0.363425255 0.464318961 155 203 230 
0.428261518 0.584677458 0.0633575395 162 214 243 
0.421152949 0.575933576 0.16409719 167 220 249 
0.424474061 0.593963623 0.134051383 164 216 245 
0.437719762 0.534038126 0.191843688 171 223 250 
0.429433823 0.569410503 0.179186672 168 220 249 
0.44231528 0.511489272 0.231429935 170 224 249 
0.449741185 0.477819413 0.264655471 170 222 249 
0.470603049 0.373388588 0.467341632 152 200 228 
0.461503625 0.410650969 0.471030563 153 204 234 
0.425590575 0.586188436 0.169188112 167 219 247 
0.449522853 0.459876209 0.474066406 156 208 237 
0.390462518 0.742165983 0.0486654416 157 207 241 
0.44421345 0.481572002 0.476734489 158 210 238 
0.437349439 0.510055065 0.475349277 159 212 240 
0.389444947 0.741689444 0.100678034 162 210 242 
0.345665455 0.74976337 0.109880976 165 214 245 
0.388531774 0.741639197 0.14315927 166 214 245 
0.426247776 0.556655467 0.4671956 157 208 237 
0.423765063 0.567219019 0.463791579 157 207 237 
0.387959957 0.743032336 0.153929323 167 215 245 
0.387116432 0.741854966 0.205739051 168 218 250 
0.367765874 0.750626802 0.212637216 166 216 249 
0.386208743 0.74305445 0.234083086 167 217 250 
0.411703527 0.616844177 0.466092259 157 208 239 
0.385417908 0.744037151 0.259470373 168 215 247 
0.382549405 0.751084924 0.312846363 173 221 250 
0.403145969 0.649122894 0.500280619 155 208 241 
0.381788254 0.753807247 0.317541599 173 221 250 
0.370661765 0.765195966 0.377317101 164 214 243 
0.377232701 0.767320395 0.376526624 161 212 241 
0.397151262 0.675474882 0.482671708 157 212 243 
0.388195693 0.713048697 0.476292878 155 208 240 
0.377131492 0.767612934 0.377920985 161 212 241 
0.380561441 0.749644041 0.420126766 162 209 238 
0.376538008 0.760961294 0.479082912 168 221 246 
0.42631048 0.604507565 0.0220017061 158 207 240 
0.433822274 0.560646057 0.102031238 168 220 247 
0.462506771 0.453389764 0.302320808 174 224 249 
0.485476315 0.436109543 0.342754096 174 225 249 
0.494659543 0.415492475 0.382887065 170 224 251 
0.489020586 0.391287744 0.422697216 161 212 240 
0.474446833 0.364920467 0.462312728 154 201 228 
0.459383845 0.652442276 0.044443287 156 207 239 
0.430289447 0.623824596 0.0844302848 162 212 241 
0.459314644 0.652475476 0.0472526923 157 207 239 
0.425002873 0.599705219 0.124248095 163 214 244 
0.43859905 0.557316422 0.204410166 168 220 248 
0.444357634 0.535870433 0.24446854 166 220 248 
0.453432083 0.51522702 0.284599155 165 219 247 
0.470005274 0.496398628 0.324893117 164 218 246 
0.474206448 0.474575639 0.364917606 165 218 245 
0.477777839 0.452600241 0.404928327 172 224 250 
0.471075475 0.428138107 0.444715291 174 222 247 
0.456737757 0.658347726 0.100304119 162 211 240 
0.458407402 0.647295594 0.146465957 159 210 241 
0.436796963 0.620913923 0.186846912 163 214 243 
0.458322525 0.64730227 0.150287986 159 210 241 
0.434117019 0.597425401 0.226721495 163 216 246 
0.443920434 0.576958418 0.266867995 161 214 245 
0.455150783 0.556836843 0.307045549 161 215 245 
0.462501228 0.535776138 0.347138613 161 215 245 
0.466346681 0.51386708 0.387155354 162 216 245 
0.473435223 0.492742985 0.427242666 165 218 244 
0.459017217 0.466413349 0.466861635 160 212 238 
0.455985188 0.6523211 0.201823503 159 210 241 
0.459443033 0.634242654 0.243966639 159 212 243 
0.460961938 0.622277021 0.289648145 157 210 240 
0.461239696 0.622776151 0.288899153 157 210 240 
0.461713195 0.599619091 0.329597443 157 210 241 
0.465895474 0.577791572 0.369621515 160 213 244 
0.476892531 0.54771179 0.40440765 159 212 242 
0.471832871 0.570335329 0.385299832 160 212 243 
0.481628895 0.524609566 0.443677396 161 209 236 
0.479382515 0.532961488 0.454003304 158 206 233 
0.433240891 0.755164623 0.103195764 151 195 224 
0.432724774 0.753852963 0.141469389 154 197 226 
0.461254776 0.622632146 0.289809138 157 210 240 
0.464737713 0.604455054 0.331895798 157 209 240 
0.468639731 0.584630966 0.373040497 160 212 243 
0.475411832 0.549038172 0.45764938 154 200 226 
0.467453539 0.58193022 0.45751068 149 196 222 
0.433321595 0.750355721 0.152928472 156 200 230 
0.432638168 0.748549342 0.204378456 156 206 238 
0.431749165 0.748597741 0.244655341 159 205 234 
0.456739366 0.624885321 0.47207281 152 204 234 
0.432091355 0.746206045 0.255521387 162 206 234 
0.429601133 0.751498938 0.311031878 162 210 241 
0.39073956 0.751701593 0.315412492 171 219 249 
0.428470314 0.754744768 0.326880842 161 209 239 
0.447947681 0.658323169 0.504130363 144 194 223 
0.425643444 0.762557983 0.369840354 165 212 241 
0.378455251 0.767082334 0.377486855 161 212 241 
0.424636662 0.763638139 0.404057771 151 195 224 
0.440524995 0.690609157 0.486138374 141 190 220 
0.432787001 0.723290563 0.478227705 153 201 227 
0.425479472 0.758710384 0.420122832 147 189 217 
0.427681863 0.745564699 0.465087265 165 210 230 
0.461821198 0.654296517 0.0451841429 156 206 239 
0.468805075 0.697180748 0.0677452311 153 204 236 
0.470272601 0.674696088 0.10771016 160 209 239 
0.461841404 0.649815619 0.147459447 159 210 241 
0.45531702 0.735109925 0.089860402 161 211 240 
0.465071678 0.71463114 0.130005836 150 201 231 
0.471734703 0.693404078 0.17008391 157 206 236 
0.473722696 0.671045423 0.210060179 160 209 240 
0.473872542 0.648241818 0.249996394 158 209 240 
0.480131447 0.558397412 0.409864575 159 212 241 
0.481782138 0.535957098 0.449833483 159 207 234 
0.438652158 0.749430299 0.151839346 157 202 231 
0.455591559 0.730690598 0.192141265 162 209 236 
0.472930014 0.712047338 0.232451886 152 202 231 
0.480470717 0.691032708 0.272549093 159 210 241 
0.493558645 0.671360731 0.312767118 153 204 238 
0.503760338 0.636686146 0.345141053 156 208 242 
0.49673456 0.667965055 0.320117295 153 204 239 
0.491170228 0.625102997 0.392581016 157 209 240 
0.50271982 0.638335586 0.374584407 156 208 241 
0.47949785 0.599437892 0.432259768 152 203 232 
0.438988745 0.745025992 0.254121542 164 208 235 
0.463895977 0.728214741 0.294597 153 201 226 
0.493790448 0.68035233 0.317632943 151 202 236 
0.484612226 0.717890859 0.321865231 145 196 225 
0.497629881 0.656282365 0.408832401 154 206 239 
0.48251915 0.641363025 0.454734534 157 210 241 
0.495714128 0.66293174 0.422895283 154 206 239 
0.482061565 0.726437867 0.343991786 157 209 236 
0.45999974 0.745625734 0.356854051 169 218 243 
0.479008615 0.735546589 0.3829346 153 204 228 
0.49081701 0.678559899 0.474057287 154 208 238 
0.48983717 0.681940436 0.481477529 153 207 237 
0.47849828 0.735947132 0.401913822 147 199 225 
0.436441779 0.758277655 0.418682843 147 192 221 
0.484151483 0.709242404 0.439123124 153 206 237 
0.445817649 0.737707257 0.458820015 163 213 235 
0.488816977 0.686418712 0.478552192 154 207 237 
0.511525393 0.652869642 0.353091389 154 205 239 
0.494112551 0.712688625 0.33518815 149 202 233 
0.500789285 0.691464841 0.375266522 150 200 232 
0.500280023 0.668501735 0.415188402 152 203 237 
0.488519192 0.729688764 0.397408217 146 197 224 
0.486613572 0.706387758 0.437299699 152 204 236 
0.490697443 0.684536397 0.477321595 153 207 237 
3 0 2 1 
3 5 2 0 
3 5 0 4 
3 4 0 3 
3 4 6 5 
3 7 9 8 
3 9 3 8 
3 9 10 3 
3 10 4 3 
3 4 10 11 
3 6 4 11 
3 14 9 7 
3 14 7 13 
3 13 7 12 
3 13 15 14 
3 10 18 17 
3 10 9 18 
3 16 18 14 
3 14 18 9 
3 16 14 15 
3 17 11 10 
3 19 21 20 
3 21 12 20 
3 21 22 12 
3 22 13 12 
3 13 22 23 
3 15 13 23 
3 18 24 25 
3 16 24 18 
3 24 16 15 
3 23 24 15 
3 28 21 19 
3 28 19 27 
3 27 19 26 
3 27 29 28 
3 28 22 21 
3 22 28 29 
3 22 29 23 
3 23 29 30 
3 25 31 32 
3 25 24 31 
3 24 33 31 
3 33 24 23 
3 30 33 23 
3 34 36 35 
3 36 26 35 
3 36 37 26 
3 37 27 26 
3 27 37 38 
3 29 27 38 
3 38 39 29 
3 39 30 29 
3 40 31 41 
3 31 33 41 
3 41 33 30 
3 39 41 30 
3 34 42 43 
3 36 34 43 
3 37 45 44 
3 37 36 45 
3 36 43 45 
3 37 44 38 
3 47 44 45 
3 46 44 47 
3 44 46 39 
3 38 44 39 
3 46 47 48 
3 46 48 41 
3 41 48 40 
3 46 41 39 
3 1 2 49 
3 50 51 52 
3 49 51 50 
3 49 5 51 
3 49 2 5 
3 5 6 51 
3 50 52 53 
3 52 54 55 
3 52 51 54 
3 51 56 54 
3 56 51 6 
3 11 56 6 
3 55 53 52 
3 17 18 57 
3 17 57 56 
3 56 57 54 
3 17 56 11 
3 58 57 18 
3 25 58 18 
3 32 58 25 
3 42 59 43 
3 59 60 45 
3 43 59 45 
3 60 61 47 
3 45 60 47 
3 61 48 47 
3 62 64 63 
3 63 64 65 
3 62 66 64 
3 66 65 64 
3 69 67 68 
3 67 70 68 
3 72 69 68 
3 71 72 68 
3 70 73 71 
3 68 70 71 
3 72 71 74 
3 71 73 74 
3 77 75 76 
3 75 78 79 
3 76 75 79 
3 78 80 81 
3 79 78 81 
3 80 82 83 
3 81 80 83 
3 82 84 83 
3 86 77 76 
3 85 86 76 
3 76 79 85 
3 79 87 85 
3 69 81 67 
3 69 87 81 
3 87 79 81 
3 67 88 70 
3 67 81 88 
3 81 83 88 
3 84 89 90 
3 84 90 83 
3 83 90 88 
3 89 91 92 
3 90 89 92 
3 91 93 92 
3 86 85 94 
3 96 94 85 
3 96 85 95 
3 95 85 87 
3 87 72 95 
3 69 72 87 
3 97 70 88 
3 73 70 97 
3 88 90 97 
3 90 98 97 
3 90 92 98 
3 92 99 98 
3 93 100 101 
3 93 101 92 
3 92 101 99 
3 103 96 95 
3 102 103 95 
3 72 102 95 
3 72 104 102 
3 72 74 104 
3 105 102 104 
3 73 104 74 
3 73 106 104 
3 73 97 106 
3 106 107 104 
3 97 98 106 
3 98 108 106 
3 98 99 108 
3 99 109 108 
3 99 101 109 
3 101 110 109 
3 103 102 111 
3 102 105 111 
3 107 106 112 
3 106 108 113 
3 112 106 113 
3 115 113 108 
3 115 108 114 
3 114 108 109 
3 109 110 114 
3 110 116 114 
3 115 114 117 
3 114 116 118 
3 117 114 118 
3 121 119 120 
3 119 122 120 
3 77 124 123 
3 75 77 123 
3 120 123 121 
3 120 78 123 
3 78 75 123 
3 122 78 120 
3 122 125 78 
3 125 80 78 
3 125 126 80 
3 80 126 82 
3 82 126 127 
3 84 82 127 
3 129 128 124 
3 129 124 86 
3 86 124 77 
3 128 129 130 
3 127 89 84 
3 131 89 127 
3 131 132 89 
3 89 132 91 
3 91 132 133 
3 93 91 133 
3 134 135 136 
3 129 86 94 
3 94 130 129 
3 94 96 130 
3 134 130 135 
3 135 130 96 
3 133 100 93 
3 137 100 133 
3 140 138 139 
3 138 136 135 
3 138 135 139 
3 139 135 141 
3 135 103 141 
3 96 103 135 
3 104 142 105 
3 104 107 142 
3 144 140 139 
3 143 144 139 
3 139 141 143 
3 141 145 143 
3 111 141 103 
3 111 146 141 
3 146 145 141 
3 105 146 111 
3 105 142 146 
3 142 147 146 
3 112 142 107 
3 112 148 142 
3 148 147 142 
3 113 148 112 
3 149 148 113 
3 113 115 149 
3 151 144 143 
3 150 151 143 
3 143 145 150 
3 145 152 150 
3 145 146 152 
3 146 153 152 
3 146 147 153 
3 147 154 153 
3 147 148 154 
3 148 155 154 
3 148 149 155 
3 149 156 155 
3 117 149 115 
3 117 157 149 
3 157 156 149 
3 118 157 117 
3 158 157 118 
3 160 151 150 
3 159 160 150 
3 150 152 159 
3 152 161 159 
3 152 153 161 
3 153 162 161 
3 153 154 162 
3 154 163 162 
3 154 155 163 
3 155 164 163 
3 155 156 164 
3 156 165 164 
3 156 157 165 
3 157 166 165 
3 157 158 166 
3 158 167 166 
3 160 159 168 
3 159 161 169 
3 168 159 169 
3 161 162 170 
3 169 161 170 
3 162 163 171 
3 170 162 171 
3 173 171 163 
3 173 163 172 
3 172 163 164 
3 164 165 172 
3 165 174 172 
3 165 166 174 
3 166 175 174 
3 166 167 175 
3 167 176 175 
3 173 172 177 
3 179 177 172 
3 179 172 178 
3 178 172 174 
3 174 175 178 
3 175 180 178 
3 175 176 180 
3 176 181 180 
3 183 179 178 
3 182 183 178 
3 178 180 182 
3 180 184 182 
3 180 181 184 
3 181 185 184 
3 183 182 186 
3 182 184 187 
3 186 182 187 
3 189 187 184 
3 189 184 188 
3 188 184 185 
3 121 191 190 
3 119 121 190 
3 193 122 119 
3 193 119 192 
3 192 119 190 
3 192 194 193 
3 124 196 195 
3 123 124 195 
3 195 121 123 
3 191 121 195 
3 193 125 122 
3 194 125 193 
3 194 197 125 
3 197 126 125 
3 199 127 126 
3 199 126 198 
3 198 126 197 
3 198 200 199 
3 128 201 202 
3 128 202 124 
3 124 202 196 
3 128 130 201 
3 199 131 127 
3 200 131 199 
3 200 203 131 
3 203 132 131 
3 132 203 204 
3 133 132 204 
3 201 134 136 
3 201 136 202 
3 202 136 205 
3 201 130 134 
3 204 137 133 
3 206 137 204 
3 138 140 207 
3 207 136 138 
3 207 208 136 
3 208 205 136 
3 209 207 140 
3 209 140 210 
3 210 140 144 
3 207 209 208 
3 210 144 211 
3 211 144 151 
3 214 212 213 
3 212 160 213 
3 212 211 160 
3 211 151 160 
3 216 214 213 
3 215 216 213 
3 168 213 160 
3 168 217 213 
3 217 215 213 
3 169 217 168 
3 218 217 169 
3 170 218 169 
3 219 218 170 
3 171 219 170 
3 220 219 171 
3 171 173 220 
3 223 221 222 
3 221 216 215 
3 221 215 222 
3 222 215 224 
3 215 217 224 
3 217 225 224 
3 217 218 225 
3 218 226 225 
3 218 219 226 
3 219 227 226 
3 219 220 227 
3 220 228 227 
3 177 220 173 
3 177 229 220 
3 229 228 220 
3 177 179 229 
3 231 223 222 
3 230 231 222 
3 232 233 230 
3 232 230 224 
3 224 230 222 
3 224 225 234 
3 232 224 234 
3 225 226 235 
3 234 225 235 
3 226 227 236 
3 235 226 236 
3 238 236 227 
3 238 227 237 
3 237 227 228 
3 228 229 237 
3 229 239 237 
3 229 183 239 
3 179 183 229 
3 231 230 240 
3 230 233 240 
3 238 237 241 
3 243 241 237 
3 243 237 242 
3 242 237 239 
3 186 239 183 
3 186 244 239 
3 244 242 239 
3 187 244 186 
3 245 244 187 
3 187 189 245 
3 191 247 246 
3 190 191 246 
3 246 248 190 
3 190 248 192 
3 192 248 249 
3 194 192 249 
3 195 196 250 
3 250 191 195 
3 250 251 191 
3 251 247 191 
3 249 197 194 
3 252 197 249 
3 252 253 197 
3 197 253 198 
3 198 253 254 
3 200 198 254 
3 255 250 196 
3 202 255 196 
3 251 255 256 
3 250 255 251 
3 254 203 200 
3 257 203 254 
3 203 257 258 
3 204 203 258 
3 259 255 202 
3 259 202 260 
3 260 202 205 
3 255 259 256 
3 258 206 204 
3 261 206 258 
3 264 262 263 
3 262 208 263 
3 262 260 208 
3 260 205 208 
3 263 209 210 
3 263 210 264 
3 264 210 265 
3 263 208 209 
3 265 210 266 
3 266 210 211 
3 214 268 267 
3 212 214 267 
3 267 211 212 
3 266 211 267 
3 268 214 269 
3 269 214 216 
3 223 271 270 
3 221 223 270 
3 270 216 221 
3 269 216 270 
3 271 223 272 
3 272 223 231 
3 232 273 233 
3 234 273 232 
3 274 273 234 
3 235 274 234 
3 275 274 235 
3 236 275 235 
3 276 275 236 
3 236 238 276 
3 279 277 278 
3 277 280 278 
3 277 231 280 
3 277 272 231 
3 231 240 280 
3 233 280 240 
3 233 273 280 
3 273 281 280 
3 273 274 281 
3 274 282 281 
3 283 284 282 
3 283 282 275 
3 275 282 274 
3 275 276 285 
3 283 275 285 
3 287 241 286 
3 285 241 287 
3 285 238 241 
3 285 276 238 
3 241 243 286 
3 247 289 288 
3 246 247 288 
3 288 290 246 
3 246 290 248 
3 292 249 248 
3 292 248 291 
3 291 248 290 
3 291 293 292 
3 289 247 294 
3 294 247 251 
3 292 252 249 
3 293 252 292 
3 293 295 252 
3 295 253 252 
3 253 295 296 
3 254 253 296 
3 294 251 297 
3 297 251 256 
3 296 257 254 
3 298 257 296 
3 257 298 299 
3 258 257 299 
3 259 260 300 
3 300 256 259 
3 300 301 256 
3 301 297 256 
3 299 261 258 
3 302 261 299 
3 262 264 303 
3 303 305 304 
3 262 303 304 
3 262 304 300 
3 262 300 260 
3 300 304 301 
3 306 303 264 
3 306 264 307 
3 307 264 265 
3 303 306 305 
3 307 265 308 
3 308 265 266 
3 268 310 309 
3 267 268 309 
3 309 266 267 
3 308 266 309 
3 310 268 311 
3 311 268 269 
3 271 313 312 
3 270 271 312 
3 312 269 270 
3 311 269 312 
3 313 271 314 
3 314 271 272 
3 279 316 315 
3 277 279 315 
3 315 272 277 
3 314 272 315 
3 283 317 284 
3 285 317 283 
3 318 317 285 
3 285 287 318 
3 289 320 319 
3 288 289 319 
3 319 321 288 
3 288 321 290 
3 321 322 290 
3 290 322 291 
3 291 322 323 
3 293 291 323 
3 320 289 324 
3 324 289 294 
3 323 295 293 
3 325 295 323 
3 295 325 326 
3 296 295 326 
3 324 294 327 
3 327 294 297 
3 326 298 296 
3 328 298 326 
3 330 299 298 
3 330 298 329 
3 329 298 328 
3 327 297 331 
3 331 297 301 
3 330 302 299 
3 305 333 332 
3 304 305 332 
3 332 301 304 
3 331 301 332 
3 306 307 334 
3 334 305 306 
3 334 335 305 
3 335 333 305 
3 336 334 307 
3 336 307 337 
3 337 307 308 
3 334 336 335 
3 309 310 338 
3 338 308 309 
3 338 339 308 
3 339 337 308 
3 340 338 310 
3 340 310 341 
3 341 310 311 
3 338 340 339 
3 313 343 342 
3 312 313 342 
3 342 311 312 
3 341 311 342 
3 343 313 344 
3 344 313 314 
3 316 346 345 
3 315 316 345 
3 345 314 315 
3 344 314 345 
3 349 347 348 
3 347 350 351 
3 348 347 351 
3 350 352 351 
3 348 319 320 
3 348 320 349 
3 349 320 353 
3 351 319 348 
3 321 319 351 
3 352 321 351 
3 352 354 321 
3 354 322 321 
3 322 354 355 
3 323 322 355 
3 353 320 356 
3 356 320 324 
3 355 325 323 
3 357 325 355 
3 325 357 358 
3 326 325 358 
3 356 324 359 
3 359 324 327 
3 358 328 326 
3 360 328 358 
3 360 361 328 
3 328 361 329 
3 359 327 362 
3 362 327 331 
3 333 364 363 
3 332 333 363 
3 363 331 332 
3 362 331 363 
3 364 333 365 
3 365 333 335 
3 336 337 366 
3 366 335 336 
3 366 367 335 
3 367 365 335 
3 368 366 337 
3 368 337 369 
3 369 337 339 
3 366 368 367 
3 340 341 370 
3 370 339 340 
3 370 371 339 
3 371 369 339 
3 342 343 372 
3 372 374 373 
3 342 372 373 
3 342 373 370 
3 342 370 341 
3 370 373 371 
3 375 372 343 
3 375 343 376 
3 376 343 344 
3 372 375 374 
3 346 378 377 
3 345 346 377 
3 377 344 345 
3 376 344 377 
3 349 380 379 
3 347 349 379 
3 379 381 347 
3 347 381 350 
3 350 381 382 
3 352 350 382 
3 380 349 383 
3 383 349 353 
3 382 354 352 
3 384 354 382 
3 354 384 385 
3 355 354 385 
3 383 353 386 
3 386 353 356 
3 385 357 355 
3 387 357 385 
3 389 358 357 
3 389 357 388 
3 388 357 387 
3 388 390 389 
3 386 356 391 
3 391 356 359 
3 389 360 358 
3 390 360 389 
3 390 392 360 
3 392 361 360 
3 391 359 393 
3 393 359 362 
3 364 395 394 
3 363 364 394 
3 394 362 363 
3 393 362 394 
3 395 364 396 
3 396 364 365 
3 396 365 397 
3 397 365 367 
3 368 369 398 
3 398 367 368 
3 398 399 367 
3 399 397 367 
3 400 398 369 
3 400 369 401 
3 401 369 371 
3 398 400 399 
3 374 403 402 
3 373 374 402 
3 402 371 373 
3 401 371 402 
3 375 376 404 
3 404 374 375 
3 404 405 374 
3 405 403 374 
3 377 378 406 
3 406 408 407 
3 377 406 407 
3 377 407 404 
3 377 404 376 
3 404 407 405 
3 411 409 410 
3 409 412 410 
3 415 413 414 
3 410 379 380 
3 411 410 380 
3 411 380 414 
3 411 414 413 
3 412 379 410 
3 412 416 379 
3 416 381 379 
3 418 382 381 
3 418 381 417 
3 417 381 416 
3 417 419 418 
3 415 414 420 
3 414 421 420 
3 414 380 421 
3 380 383 421 
3 418 384 382 
3 384 423 385 
3 418 423 384 
3 418 422 423 
3 418 419 422 
3 422 424 423 
3 421 383 425 
3 425 383 386 
3 423 387 385 
3 424 387 423 
3 424 426 387 
3 426 388 387 
3 388 426 427 
3 390 388 427 
3 425 386 428 
3 428 386 391 
3 427 392 390 
3 429 392 427 
3 428 391 430 
3 430 391 393 
3 395 432 431 
3 394 395 431 
3 431 393 394 
3 430 393 431 
3 432 395 433 
3 433 395 396 
3 433 396 434 
3 434 396 397 
3 434 397 435 
3 435 397 399 
3 401 437 436 
3 400 401 436 
3 436 399 400 
3 435 399 436 
3 402 403 438 
3 438 401 402 
3 438 439 401 
3 439 437 401 
3 440 438 403 
3 440 403 441 
3 441 403 405 
3 438 440 439 
3 408 443 442 
3 407 408 442 
3 442 405 407 
3 441 405 442 
3 446 444 445 
3 411 445 444 
3 411 444 409 
3 409 444 447 
3 449 412 409 
3 449 409 448 
3 448 409 447 
3 448 450 449 
3 445 413 415 
3 445 415 446 
3 446 415 451 
3 445 411 413 
3 449 416 412 
3 450 416 449 
3 450 452 416 
3 452 417 416 
3 417 452 453 
3 419 417 453 
3 451 415 420 
3 454 451 420 
3 420 455 454 
3 421 455 420 
3 453 422 419 
3 456 422 453 
3 422 456 457 
3 424 422 457 
3 455 421 458 
3 458 421 425 
3 457 426 424 
3 459 426 457 
3 461 427 426 
3 461 426 460 
3 460 426 459 
3 464 462 463 
3 462 428 463 
3 462 458 428 
3 458 425 428 
3 461 429 427 
3 466 464 463 
3 465 466 463 
3 463 430 465 
3 428 430 463 
3 465 467 466 
3 431 432 468 
3 468 430 431 
3 468 469 430 
3 465 430 467 
3 467 430 469 
3 470 468 432 
3 470 432 471 
3 471 432 433 
3 468 470 469 
3 471 433 472 
3 472 433 434 
3 472 434 473 
3 473 434 435 
3 436 437 474 
3 474 435 436 
3 474 475 435 
3 475 473 435 
3 476 474 437 
3 476 437 477 
3 477 437 439 
3 474 476 475 
3 440 441 478 
3 478 439 440 
3 478 479 439 
3 479 477 439 
3 443 481 480 
3 442 443 480 
3 441 482 478 
3 441 442 482 
3 442 480 482 
3 478 482 479 
3 485 483 484 
3 483 486 484 
3 489 487 488 
3 484 444 446 
3 485 484 446 
3 485 446 488 
3 485 488 487 
3 486 444 484 
3 486 490 444 
3 490 447 444 
3 490 491 447 
3 447 491 448 
3 448 491 492 
3 450 448 492 
3 489 488 493 
3 488 494 493 
3 488 446 494 
3 446 451 494 
3 492 452 450 
3 495 452 492 
3 452 495 496 
3 453 452 496 
3 494 451 454 
3 497 494 454 
3 454 498 497 
3 455 498 454 
3 496 456 453 
3 499 456 496 
3 456 499 500 
3 457 456 500 
3 498 455 501 
3 501 455 458 
3 500 459 457 
3 502 459 500 
3 504 503 460 
3 504 460 502 
3 502 460 459 
3 464 506 505 
3 462 464 505 
3 505 458 462 
3 501 458 505 
3 504 507 503 
3 509 508 506 
3 509 506 466 
3 466 506 464 
3 508 509 510 
3 509 466 467 
3 467 510 509 
3 467 469 510 
3 469 511 510 
3 471 513 512 
3 470 471 512 
3 512 469 470 
3 511 469 512 
3 513 471 514 
3 514 471 472 
3 514 472 515 
3 515 472 473 
3 515 473 516 
3 516 473 475 
3 477 518 517 
3 476 477 517 
3 517 475 476 
3 516 475 517 
3 518 477 519 
3 519 477 479 
3 522 520 521 
3 481 521 520 
3 481 520 480 
3 480 520 523 
3 523 524 480 
3 480 524 482 
3 524 479 482 
3 519 479 524 
3 527 525 526 
3 485 526 525 
3 485 525 483 
3 483 525 528 
3 483 528 529 
3 486 483 529 
3 526 487 489 
3 526 489 527 
3 527 489 530 
3 526 485 487 
3 529 490 486 
3 531 490 529 
3 533 532 491 
3 533 491 531 
3 531 491 490 
3 491 532 492 
3 530 489 493 
3 534 530 493 
3 493 535 534 
3 494 535 493 
3 533 536 532 
3 532 495 492 
3 532 536 495 
3 536 537 495 
3 495 537 538 
3 496 495 538 
3 535 494 497 
3 539 535 497 
3 497 540 539 
3 498 540 497 
3 499 542 541 
3 499 496 542 
3 496 538 542 
3 499 541 500 
3 545 543 544 
3 543 501 544 
3 543 540 501 
3 540 498 501 
3 542 546 541 
3 548 547 502 
3 546 548 502 
3 546 502 500 
3 546 500 541 
3 502 547 504 
3 544 505 506 
3 544 506 545 
3 545 506 549 
3 544 501 505 
3 548 550 547 
3 547 507 504 
3 547 550 507 
3 550 551 507 
3 508 552 553 
3 508 553 506 
3 506 553 549 
3 508 510 552 
3 553 552 554 
3 552 555 554 
3 552 510 555 
3 510 511 555 
3 512 513 556 
3 556 511 512 
3 556 557 511 
3 557 555 511 
3 558 556 513 
3 558 513 559 
3 559 513 514 
3 556 558 557 
3 559 514 560 
3 560 514 515 
3 560 515 561 
3 561 515 516 
3 517 518 562 
3 562 516 517 
3 562 563 516 
3 563 561 516 
3 564 562 518 
3 564 518 565 
3 565 518 519 
3 562 564 563 
3 522 567 566 
3 520 522 566 
3 566 568 520 
3 520 568 523 
3 568 569 523 
3 523 569 524 
3 569 519 524 
3 565 519 569 
3 572 570 571 
3 570 573 571 
3 571 525 527 
3 571 527 572 
3 572 527 574 
3 573 525 571 
3 573 575 525 
3 575 528 525 
3 528 575 576 
3 529 528 576 
3 578 577 574 
3 578 574 530 
3 530 574 527 
3 577 578 579 
3 576 531 529 
3 580 531 576 
3 531 580 581 
3 533 531 581 
3 578 530 534 
3 534 579 578 
3 534 535 579 
3 535 582 579 
3 581 536 533 
3 583 536 581 
3 585 584 537 
3 585 537 583 
3 583 537 536 
3 537 584 538 
3 539 586 587 
3 539 587 535 
3 535 587 582 
3 539 540 586 
3 585 588 584 
3 584 588 589 
3 584 589 538 
3 538 589 542 
3 586 543 545 
3 586 545 587 
3 587 545 590 
3 586 540 543 
3 589 546 542 
3 591 546 589 
3 593 548 546 
3 593 546 592 
3 592 546 591 
3 592 594 593 
3 590 545 595 
3 595 545 549 
3 593 550 548 
3 594 550 593 
3 594 596 550 
3 596 551 550 
3 598 597 595 
3 598 595 553 
3 553 595 549 
3 597 598 599 
3 598 553 554 
3 554 599 598 
3 554 555 599 
3 555 600 599 
3 600 555 601 
3 601 555 557 
3 559 603 602 
3 558 559 602 
3 602 557 558 
3 601 557 602 
3 603 559 604 
3 604 559 560 
3 604 560 605 
3 605 560 561 
3 605 561 606 
3 606 561 563 
3 565 608 607 
3 564 565 607 
3 607 563 564 
3 606 563 607 
3 567 610 609 
3 566 567 609 
3 609 611 566 
3 566 611 568 
3 611 612 568 
3 568 612 569 
3 612 565 569 
3 608 565 612 
3 572 614 613 
3 570 572 613 
3 570 613 615 
3 573 570 615 
3 614 572 616 
3 616 572 574 
3 615 575 573 
3 617 575 615 
3 575 617 618 
3 576 575 618 
3 616 574 577 
3 619 616 577 
3 577 620 619 
3 579 620 577 
3 618 580 576 
3 621 580 618 
3 580 621 622 
3 581 580 622 
3 620 579 623 
3 623 579 582 
3 622 583 581 
3 624 583 622 
3 583 624 625 
3 585 583 625 
3 623 582 626 
3 626 582 587 
3 625 588 585 
3 627 588 625 
3 588 627 628 
3 589 588 628 
3 626 587 629 
3 629 587 590 
3 628 591 589 
3 630 591 628 
3 630 631 591 
3 591 631 592 
3 592 631 632 
3 594 592 632 
3 629 590 633 
3 633 590 595 
3 632 596 594 
3 634 596 632 
3 597 635 636 
3 597 636 595 
3 595 636 633 
3 597 599 635 
3 636 635 637 
3 635 638 637 
3 635 599 638 
3 599 600 638 
3 638 600 639 
3 639 600 601 
3 602 603 640 
3 640 601 602 
3 640 641 601 
3 641 639 601 
3 642 640 603 
3 642 603 643 
3 643 603 604 
3 640 642 641 
3 643 604 644 
3 644 604 605 
3 644 605 645 
3 645 605 606 
3 608 647 646 
3 607 608 646 
3 646 606 607 
3 645 606 646 
3 610 649 648 
3 609 610 648 
3 648 650 609 
3 609 650 611 
3 650 651 611 
3 611 651 612 
3 651 608 612 
3 647 608 651 
3 614 653 652 
3 613 614 652 
3 613 652 654 
3 615 613 654 
3 656 655 653 
3 656 653 616 
3 616 653 614 
3 654 656 615 
3 654 655 656 
3 615 656 617 
3 658 657 656 
3 617 656 657 
3 617 657 659 
3 618 617 659 
3 660 661 662 
3 656 616 619 
3 619 658 656 
3 619 620 658 
3 660 658 661 
3 661 658 620 
3 621 664 663 
3 621 618 664 
3 618 659 664 
3 621 663 622 
3 662 661 665 
3 661 666 665 
3 661 620 666 
3 620 623 666 
3 664 667 663 
3 663 624 622 
3 663 667 624 
3 667 668 624 
3 624 668 669 
3 625 624 669 
3 666 623 670 
3 670 623 626 
3 669 627 625 
3 671 627 669 
3 627 671 672 
3 628 627 672 
3 670 626 673 
3 673 626 629 
3 672 630 628 
3 674 630 672 
3 674 675 630 
3 630 675 631 
3 677 632 631 
3 677 631 676 
3 676 631 675 
3 673 629 678 
3 678 629 633 
3 677 634 632 
3 680 679 678 
3 680 678 636 
3 636 678 633 
3 679 680 681 
3 680 636 637 
3 637 681 680 
3 637 638 681 
3 638 682 681 
3 682 638 683 
3 683 638 639 
3 683 639 684 
3 684 639 641 
3 642 643 685 
3 685 641 642 
3 685 686 641 
3 686 684 641 
3 687 685 643 
3 687 643 688 
3 688 643 644 
3 685 687 686 
3 688 644 689 
3 689 644 645 
3 692 690 691 
3 690 693 694 
3 691 690 694 
3 647 694 693 
3 647 693 646 
3 646 693 695 
3 695 645 646 
3 689 645 695 
3 649 697 696 
3 648 649 696 
3 691 696 692 
3 691 650 696 
3 650 648 696 
3 694 650 691 
3 651 650 694 
3 694 647 651 
3 653 699 698 
3 652 653 698 
3 652 698 700 
3 654 652 700 
3 655 701 702 
3 655 702 653 
3 653 702 699 
3 657 701 703 
3 657 658 701 
3 703 701 700 
3 655 654 701 
3 700 701 654 
3 657 703 704 
3 659 657 704 
3 701 660 662 
3 701 662 702 
3 702 662 705 
3 701 658 660 
3 707 704 706 
3 707 664 704 
3 664 659 704 
3 706 708 707 
3 705 662 665 
3 709 705 665 
3 665 710 709 
3 666 710 665 
3 707 667 664 
3 708 667 707 
3 708 711 667 
3 711 668 667 
3 713 669 668 
3 713 668 712 
3 712 668 711 
3 712 714 713 
3 710 666 715 
3 715 666 670 
3 713 671 669 
3 671 717 672 
3 713 717 671 
3 713 716 717 
3 713 714 716 
3 716 718 719 
3 717 716 719 
3 718 720 719 
3 715 670 721 
3 721 670 673 
3 717 674 672 
3 719 674 717 
3 675 674 719 
3 720 675 719 
3 720 722 675 
3 722 676 675 
3 724 723 721 
3 724 721 678 
3 678 721 673 
3 723 724 725 
3 724 678 679 
3 679 725 724 
3 679 681 725 
3 681 726 725 
3 726 681 727 
3 727 681 682 
3 727 682 728 
3 728 682 683 
3 728 683 729 
3 729 683 684 
3 729 684 730 
3 730 684 686 
3 688 732 731 
3 687 688 731 
3 731 686 687 
3 730 686 731 
3 732 688 733 
3 733 688 689 
3 692 735 734 
3 690 692 734 
3 734 736 690 
3 690 736 693 
3 736 737 693 
3 693 737 695 
3 737 689 695 
3 733 689 737 
3 697 739 738 
3 696 697 738 
3 738 692 696 
3 735 692 738 
3 698 699 740 
3 698 740 700 
3 741 740 699 
3 702 741 699 
3 700 740 741 
3 700 741 742 
3 700 742 703 
3 743 742 741 
3 745 704 703 
3 745 703 744 
3 744 703 742 
3 744 746 745 
3 747 741 702 
3 705 747 702 
3 743 747 748 
3 741 747 743 
3 745 706 704 
3 706 750 708 
3 745 750 706 
3 745 749 750 
3 745 746 749 
3 749 751 752 
3 750 749 752 
3 751 753 752 
3 747 705 709 
3 709 748 747 
3 709 710 748 
3 710 754 748 
3 750 711 708 
3 752 711 750 
3 712 711 752 
3 712 756 714 
3 752 756 712 
3 752 755 756 
3 752 753 755 
3 755 757 758 
3 756 755 758 
3 757 759 760 
3 758 757 760 
3 754 710 761 
3 761 710 715 
3 756 716 714 
3 758 716 756 
3 718 716 758 
3 718 762 720 
3 718 758 762 
3 758 760 762 
3 761 715 763 
3 763 715 721 
3 762 722 720 
3 763 721 723 
3 764 763 723 
3 723 765 764 
3 725 765 723 
3 765 725 766 
3 766 725 726 
3 766 726 767 
3 767 726 727 
3 767 727 768 
3 768 727 728 
3 768 728 769 
3 769 728 729 
3 769 729 770 
3 770 729 730 
3 731 732 771 
3 771 730 731 
3 771 772 730 
3 772 770 730 
3 773 771 732 
3 773 732 774 
3 774 732 733 
3 771 773 772 
3 735 776 775 
3 734 735 775 
3 775 777 734 
3 734 777 736 
3 777 778 736 
3 736 778 737 
3 778 733 737 
3 774 733 778 
3 739 780 779 
3 738 739 779 
3 779 735 738 
3 776 735 779 
3 783 781 782 
3 781 784 782 
3 742 743 785 
3 785 787 786 
3 785 786 742 
3 742 786 744 
3 783 782 788 
3 783 788 744 
3 783 744 786 
3 746 744 788 
3 784 789 790 
3 784 790 782 
3 782 790 788 
3 789 791 792 
3 790 789 792 
3 791 793 792 
3 794 785 743 
3 748 794 743 
3 787 794 795 
3 785 794 787 
3 788 749 746 
3 790 749 788 
3 751 749 790 
3 796 790 792 
3 796 753 790 
3 796 797 753 
3 753 751 790 
3 792 793 796 
3 798 794 748 
3 754 798 748 
3 795 798 799 
3 794 798 795 
3 797 755 753 
3 800 755 797 
3 800 801 755 
3 755 801 757 
3 801 802 757 
3 757 802 759 
3 803 798 754 
3 803 754 804 
3 804 754 761 
3 798 803 799 
3 806 805 804 
3 806 804 763 
3 763 804 761 
3 805 806 807 
3 806 763 764 
3 764 807 806 
3 764 765 807 
3 765 808 807 
3 808 765 809 
3 809 765 766 
3 809 766 810 
3 810 766 767 
3 810 767 811 
3 811 767 768 
3 811 768 812 
3 812 768 769 
3 812 769 813 
3 813 769 770 
3 813 770 814 
3 814 770 772 
3 774 816 815 
3 773 774 815 
3 815 772 773 
3 814 772 815 
3 776 818 817 
3 775 776 817 
3 817 819 775 
3 775 819 777 
3 819 820 777 
3 777 820 778 
3 820 774 778 
3 816 774 820 
3 780 822 821 
3 779 780 821 
3 821 776 779 
3 818 776 821 
3 825 823 824 
3 783 824 823 
3 783 823 781 
3 781 823 826 
3 828 784 781 
3 828 781 827 
3 827 781 826 
3 827 829 828 
3 824 786 787 
3 824 787 825 
3 825 787 830 
3 824 783 786 
3 828 789 784 
3 829 789 828 
3 829 831 789 
3 831 791 789 
3 791 831 832 
3 793 791 832 
3 830 787 833 
3 833 787 795 
3 796 834 797 
3 835 793 832 
3 835 834 793 
3 835 836 834 
3 796 793 834 
3 835 837 836 
3 833 795 838 
3 838 795 799 
3 834 800 797 
3 836 800 834 
3 801 800 836 
3 837 801 836 
3 837 839 801 
3 839 802 801 
3 803 804 840 
3 840 799 803 
3 840 841 799 
3 841 838 799 
3 842 843 844 
3 840 804 805 
3 805 841 840 
3 805 807 841 
3 842 841 843 
3 843 841 807 
3 846 844 843 
3 845 846 843 
3 843 808 845 
3 807 808 843 
3 848 846 845 
3 847 848 845 
3 845 809 847 
3 808 809 845 
3 850 848 847 
3 849 850 847 
3 847 810 849 
3 809 810 847 
3 852 850 849 
3 851 852 849 
3 849 811 851 
3 810 811 849 
3 854 852 851 
3 853 854 851 
3 851 812 853 
3 811 812 851 
3 856 854 853 
3 855 856 853 
3 853 813 855 
3 812 813 853 
3 859 857 858 
3 857 856 855 
3 857 855 858 
3 858 855 860 
3 855 814 860 
3 813 814 855 
3 863 861 862 
3 861 864 865 
3 862 861 865 
3 864 859 858 
3 864 858 865 
3 865 858 866 
3 816 860 815 
3 816 866 860 
3 866 858 860 
3 860 814 815 
3 869 867 868 
3 862 817 818 
3 863 862 818 
3 863 818 868 
3 863 868 867 
3 865 817 862 
3 819 817 865 
3 866 819 865 
3 820 819 866 
3 866 816 820 
3 868 821 822 
3 868 822 869 
3 869 822 870 
3 868 818 821 
3 823 825 871 
3 871 873 872 
3 871 872 823 
3 823 872 826 
3 872 874 826 
3 826 874 827 
3 827 874 875 
3 829 827 875 
3 876 871 825 
3 830 876 825 
3 873 876 877 
3 871 876 873 
3 875 831 829 
3 878 831 875 
3 880 832 831 
3 880 831 879 
3 879 831 878 
3 879 881 880 
3 882 876 830 
3 882 830 883 
3 883 830 833 
3 876 882 877 
3 880 835 832 
3 835 880 881 
3 835 881 837 
3 837 881 884 
3 883 833 885 
3 885 833 838 
3 884 839 837 
3 886 839 884 
3 885 838 887 
3 887 838 841 
3 844 889 888 
3 842 844 888 
3 888 841 842 
3 887 841 888 
3 889 844 890 
3 890 844 846 
3 890 846 891 
3 891 846 848 
3 891 848 892 
3 892 848 850 
3 895 893 894 
3 893 852 894 
3 893 892 852 
3 892 850 852 
3 897 895 894 
3 896 897 894 
3 894 854 896 
3 852 854 894 
3 899 897 896 
3 898 899 896 
3 896 856 898 
3 854 856 896 
3 902 900 901 
3 898 857 859 
3 899 898 859 
3 899 859 901 
3 899 901 900 
3 898 856 857 
3 905 903 904 
3 863 904 903 
3 863 903 861 
3 861 903 906 
3 901 906 902 
3 901 864 906 
3 864 861 906 
3 901 859 864 
3 904 867 869 
3 904 869 905 
3 905 869 907 
3 904 863 867 
3 909 908 907 
3 909 907 870 
3 870 907 869 
3 908 909 910 
3 873 912 911 
3 872 873 911 
3 911 913 872 
3 872 913 874 
3 915 875 874 
3 915 874 914 
3 914 874 913 
3 914 916 915 
3 912 873 917 
3 917 873 877 
3 915 878 875 
3 916 878 915 
3 916 918 878 
3 918 879 878 
3 879 918 919 
3 881 879 919 
3 883 921 920 
3 882 883 920 
3 920 877 882 
3 917 877 920 
3 923 919 922 
3 923 884 919 
3 884 881 919 
3 921 883 924 
3 924 883 885 
3 923 886 884 
3 924 885 925 
3 925 885 887 
3 889 927 926 
3 888 889 926 
3 926 887 888 
3 925 887 926 
3 927 889 928 
3 928 889 890 
3 931 929 930 
3 929 891 930 
3 929 928 891 
3 928 890 891 
3 933 931 930 
3 932 933 930 
3 930 892 932 
3 891 892 930 
3 932 893 895 
3 932 895 933 
3 933 895 934 
3 932 892 893 
3 937 935 936 
3 935 897 936 
3 935 934 897 
3 934 895 897 
3 939 937 936 
3 938 939 936 
3 936 899 938 
3 897 899 936 
3 942 940 941 
3 940 943 944 
3 941 940 944 
3 938 900 902 
3 939 938 902 
3 939 902 944 
3 939 944 943 
3 938 899 900 
3 941 903 905 
3 941 905 942 
3 942 905 945 
3 944 903 941 
3 906 903 944 
3 944 902 906 
3 945 905 946 
3 946 905 907 
3 946 907 908 
3 947 946 908 
3 908 948 947 
3 910 948 908 
3 911 912 949 
3 913 911 949 
3 950 913 949 
3 950 952 951 
3 950 951 913 
3 913 951 914 
3 954 916 914 
3 954 914 953 
3 953 914 951 
3 953 955 954 
3 956 949 912 
3 917 956 912 
3 957 956 958 
3 957 950 956 
3 950 949 956 
3 950 957 952 
3 954 918 916 
3 918 954 955 
3 918 955 919 
3 919 955 959 
3 920 921 960 
3 917 920 960 
3 917 960 956 
3 956 960 961 
3 958 963 962 
3 958 956 963 
3 956 961 963 
3 962 963 964 
3 959 922 919 
3 965 922 959 
3 966 960 921 
3 924 966 921 
3 967 966 968 
3 967 961 966 
3 961 960 966 
3 970 961 967 
3 970 969 961 
3 969 963 961 
3 964 972 971 
3 964 963 972 
3 963 969 972 
3 971 974 973 
3 972 974 971 
3 973 974 975 
3 976 966 924 
3 976 924 977 
3 977 924 925 
3 966 976 968 
3 979 969 970 
3 978 969 979 
3 969 978 972 
3 972 978 980 
3 972 980 974 
3 974 980 981 
3 975 981 982 
3 974 981 975 
3 927 984 983 
3 926 927 983 
3 983 925 926 
3 977 925 983 
3 986 978 979 
3 985 978 986 
3 978 985 980 
3 980 985 987 
3 980 987 981 
3 981 987 988 
3 982 990 989 
3 982 981 990 
3 981 988 990 
3 984 927 991 
3 991 927 928 
3 986 992 985 
3 994 985 992 
3 994 993 985 
3 993 987 985 
3 995 993 996 
3 995 988 993 
3 988 987 993 
3 998 988 995 
3 998 997 988 
3 997 990 988 
3 931 1000 999 
3 929 931 999 
3 999 928 929 
3 991 928 999 
3 994 1001 993 
3 993 1001 996 
3 998 1002 997 
3 1000 931 1003 
3 1003 931 933 
3 1006 1004 1005 
3 1004 934 1005 
3 1004 1003 934 
3 1003 933 934 
3 1009 1008 1007 
3 1007 1008 1010 
3 1005 935 937 
3 1005 937 1006 
3 1006 937 1011 
3 1005 934 935 
3 1013 1008 1009 
3 1012 1008 1013 
3 1010 1012 1014 
3 1008 1012 1010 
3 1017 1015 1016 
3 1015 939 1016 
3 1015 1011 939 
3 1011 937 939 
3 1019 1012 1013 
3 1018 1012 1019 
3 1014 1021 1020 
3 1014 1012 1021 
3 1012 1018 1021 
3 1020 1021 1022 
3 942 1024 1023 
3 940 942 1023 
3 1016 1023 1017 
3 1016 943 1023 
3 943 940 1023 
3 1016 939 943 
3 1026 1018 1019 
3 1025 1018 1026 
3 1027 1025 1028 
3 1027 1021 1025 
3 1021 1018 1025 
3 1021 1027 1022 
3 1024 942 1029 
3 1029 942 945 
3 1026 1030 1025 
3 1025 1030 1028 
3 1029 945 1031 
3 1031 945 946 
3 1031 946 947 
3 1032 1031 947 
3 947 1033 1032 
3 948 1033 947 
3 951 952 1034 
3 953 951 1034 
3 1035 953 1034 
3 953 1035 955 
3 957 958 1036 
3 952 957 1036 
3 952 1036 1034 
3 1034 1036 1037 
3 1034 1037 1035 
3 1035 1037 1038 
3 1035 1038 959 
3 955 1035 959 
3 1036 958 962 
3 962 964 1039 
3 962 1039 1036 
3 1036 1039 1037 
3 1037 1039 1038 
3 1038 1039 1040 
3 965 959 1038 
3 965 1038 1041 
3 1041 1038 1040 
3 967 968 1042 
3 967 1042 970 
3 1039 964 971 
3 1040 1039 971 
3 973 1040 971 
3 973 975 1043 
3 973 1043 1040 
3 1040 1043 1041 
3 976 977 1044 
3 968 976 1044 
3 968 1044 1042 
3 1042 1044 1045 
3 1042 1045 979 
3 970 1042 979 
3 1046 1043 975 
3 982 1046 975 
3 983 984 1047 
3 977 983 1047 
3 977 1047 1044 
3 1044 1047 1048 
3 1044 1048 1045 
3 1045 1048 1049 
3 1045 1049 986 
3 979 1045 986 
3 1046 982 989 
3 1050 1047 984 
3 991 1050 984 
3 1047 1050 1048 
3 1048 1050 1051 
3 1048 1051 1049 
3 1049 1051 1052 
3 992 986 1049 
3 992 1049 1053 
3 1053 1049 1052 
3 992 1053 994 
3 995 996 1054 
3 995 1054 998 
3 999 1000 1055 
3 991 999 1055 
3 991 1055 1050 
3 1050 1055 1056 
3 1050 1056 1051 
3 1051 1056 1057 
3 1051 1057 1052 
3 1052 1057 1058 
3 1052 1058 1053 
3 1053 1058 1059 
3 1001 994 1053 
3 1001 1053 1060 
3 1060 1053 1059 
3 996 1001 1060 
3 996 1060 1054 
3 1054 1060 1061 
3 1002 998 1054 
3 1002 1054 1062 
3 1062 1054 1061 
3 1063 1055 1000 
3 1063 1000 1064 
3 1064 1000 1003 
3 1055 1065 1056 
3 1063 1065 1055 
3 1067 1056 1065 
3 1067 1066 1056 
3 1066 1057 1056 
3 1057 1066 1058 
3 1058 1066 1068 
3 1058 1068 1059 
3 1059 1068 1069 
3 1059 1069 1060 
3 1060 1069 1070 
3 1060 1070 1061 
3 1061 1070 1071 
3 1061 1071 1062 
3 1062 1071 1072 
3 1004 1006 1073 
3 1073 1003 1004 
3 1073 1074 1003 
3 1074 1064 1003 
3 1076 1066 1067 
3 1075 1066 1076 
3 1066 1075 1068 
3 1068 1075 1077 
3 1009 1007 1069 
3 1009 1069 1077 
3 1077 1069 1068 
3 1007 1010 1078 
3 1007 1078 1069 
3 1069 1078 1070 
3 1070 1078 1071 
3 1071 1078 1079 
3 1071 1079 1072 
3 1072 1079 1080 
3 1081 1073 1006 
3 1081 1006 1082 
3 1082 1006 1011 
3 1073 1081 1074 
3 1084 1075 1076 
3 1083 1075 1084 
3 1075 1083 1077 
3 1077 1083 1085 
3 1077 1085 1013 
3 1009 1077 1013 
3 1086 1078 1010 
3 1014 1086 1010 
3 1078 1086 1079 
3 1079 1086 1087 
3 1079 1087 1080 
3 1080 1087 1088 
3 1017 1090 1089 
3 1015 1017 1089 
3 1089 1011 1015 
3 1082 1011 1089 
3 1092 1083 1084 
3 1091 1083 1092 
3 1083 1091 1085 
3 1085 1091 1093 
3 1085 1093 1019 
3 1013 1085 1019 
3 1086 1014 1020 
3 1020 1022 1094 
3 1020 1094 1086 
3 1086 1094 1087 
3 1087 1094 1088 
3 1088 1094 1095 
3 1024 1097 1096 
3 1023 1024 1096 
3 1096 1017 1023 
3 1090 1017 1096 
3 1092 1098 1091 
3 1100 1091 1098 
3 1100 1099 1091 
3 1099 1093 1091 
3 1093 1099 1026 
3 1019 1093 1026 
3 1027 1028 1101 
3 1022 1027 1101 
3 1022 1101 1094 
3 1094 1101 1102 
3 1094 1102 1095 
3 1095 1102 1103 
3 1097 1024 1104 
3 1104 1024 1029 
3 1106 1099 1100 
3 1105 1099 1106 
3 1030 1026 1099 
3 1030 1099 1107 
3 1107 1099 1105 
3 1028 1030 1107 
3 1028 1107 1101 
3 1101 1107 1108 
3 1101 1108 1102 
3 1102 1108 1109 
3 1102 1109 1103 
3 1103 1109 1110 
3 1104 1029 1111 
3 1111 1029 1031 
3 1113 1105 1106 
3 1112 1105 1113 
3 1105 1112 1107 
3 1107 1112 1114 
3 1107 1114 1108 
3 1108 1114 1115 
3 1108 1115 1109 
3 1109 1115 1116 
3 1109 1116 1110 
3 1110 1116 1117 
3 1111 1031 1032 
3 1118 1111 1032 
3 1032 1119 1118 
3 1033 1119 1032 
3 1113 1120 1112 
3 1112 1121 1114 
3 1120 1121 1112 
3 1114 1122 1115 
3 1121 1122 1114 
3 1124 1115 1122 
3 1124 1123 1115 
3 1123 1116 1115 
3 1125 1123 1126 
3 1125 1117 1123 
3 1117 1116 1123 
3 1063 1064 1127 
3 1065 1063 1127 
3 1128 1065 1127 
3 1065 1128 1067 
3 1129 1127 1064 
3 1074 1129 1064 
3 1127 1129 1128 
3 1128 1129 1130 
3 1128 1130 1076 
3 1067 1128 1076 
3 1081 1082 1131 
3 1074 1081 1131 
3 1074 1131 1129 
3 1129 1131 1132 
3 1129 1132 1130 
3 1130 1132 1133 
3 1130 1133 1084 
3 1076 1130 1084 
3 1089 1090 1134 
3 1082 1089 1134 
3 1082 1134 1131 
3 1131 1134 1135 
3 1131 1135 1132 
3 1132 1135 1136 
3 1132 1136 1133 
3 1133 1136 1137 
3 1133 1137 1092 
3 1084 1133 1092 
3 1097 1139 1138 
3 1096 1097 1138 
3 1090 1140 1134 
3 1090 1096 1140 
3 1096 1138 1140 
3 1134 1141 1135 
3 1140 1141 1134 
3 1143 1135 1141 
3 1143 1142 1135 
3 1142 1136 1135 
3 1136 1142 1137 
3 1137 1142 1144 
3 1098 1092 1137 
3 1098 1137 1145 
3 1145 1137 1144 
3 1098 1145 1100 
3 1139 1097 1146 
3 1146 1097 1104 
3 1143 1147 1142 
3 1149 1142 1147 
3 1149 1148 1142 
3 1148 1144 1142 
3 1144 1148 1145 
3 1145 1148 1150 
3 1145 1150 1106 
3 1100 1145 1106 
3 1152 1151 1146 
3 1152 1146 1111 
3 1111 1146 1104 
3 1151 1152 1153 
3 1149 1154 1148 
3 1156 1148 1154 
3 1156 1155 1148 
3 1155 1150 1148 
3 1150 1155 1113 
3 1106 1150 1113 
3 1152 1111 1118 
3 1118 1153 1152 
3 1118 1119 1153 
3 1119 1157 1153 
3 1156 1158 1155 
3 1155 1120 1113 
3 1155 1158 1120 
3 1158 1159 1120 
3 1161 1160 1121 
3 1161 1121 1159 
3 1159 1121 1120 
3 1122 1121 1160 
3 1162 1122 1160 
3 1122 1162 1124 
3 1125 1126 1163 
3 1138 1139 1164 
3 1140 1138 1164 
3 1165 1140 1164 
3 1141 1140 1165 
3 1166 1141 1165 
3 1141 1166 1143 
3 1167 1164 1139 
3 1146 1167 1139 
3 1164 1167 1165 
3 1165 1167 1168 
3 1165 1168 1166 
3 1166 1168 1169 
3 1147 1143 1166 
3 1147 1166 1170 
3 1170 1166 1169 
3 1147 1170 1149 
3 1167 1146 1151 
3 1151 1153 1171 
3 1151 1171 1167 
3 1167 1171 1168 
3 1168 1171 1169 
3 1169 1171 1172 
3 1169 1172 1170 
3 1170 1172 1173 
3 1154 1149 1170 
3 1154 1170 1174 
3 1174 1170 1173 
3 1154 1174 1156 
3 1175 1171 1153 
3 1157 1175 1153 
3 1171 1175 1172 
3 1172 1175 1176 
3 1172 1176 1173 
3 1173 1176 1177 
3 1173 1177 1174 
3 1174 1177 1178 
3 1158 1156 1174 
3 1158 1174 1179 
3 1179 1174 1178 
3 1159 1158 1179 
3 1180 1159 1179 
3 1159 1180 1161 
3 610 567 1181 
3 1181 567 1182 
3 1184 1183 1181 
3 1184 1181 1185 
3 1185 1181 1182 
3 1183 1184 1186 
3 1184 1185 1187 
3 1186 1184 1187 
3 1186 1187 1188 
3 1188 1187 1189 
3 1191 1189 1192 
3 1191 1190 1189 
3 1190 1188 1189 
3 1190 1194 1193 
3 1191 1194 1190 
3 1193 1196 1195 
3 1194 1196 1193 
3 1195 1196 1197 
3 1191 1192 1198 
3 1194 1191 1198 
3 1199 1194 1198 
3 1196 1194 1199 
3 1200 1196 1199 
3 1197 1196 1200 
3 1197 1200 1201 
3 1201 1200 1202 
3 1201 1202 1203 
3 1202 1204 1203 
3 1204 1205 1203 
3 1206 1205 1204 
3 1205 1206 1208 
3 1207 1205 1208 
3 1210 1208 1211 
3 1210 1209 1208 
3 1209 1207 1208 
3 1209 1210 1212 
3 1210 1211 1213 
3 1212 1210 1213 
3 1212 1213 1214 
3 1214 1213 1215 
3 1215 1216 1214 
3 1217 1216 1215 
3 1216 1217 1219 
3 1218 1216 1219 
3 649 610 1220 
3 1220 610 1181 
3 1220 1181 1183 
3 1221 1220 1183 
3 1183 1222 1221 
3 1186 1222 1183 
3 1222 1186 1188 
3 1223 1222 1188 
3 1223 1188 1224 
3 1188 1190 1224 
3 1224 1190 1225 
3 1190 1193 1225 
3 1225 1193 1226 
3 1193 1195 1226 
3 1228 1195 1197 
3 1228 1227 1195 
3 1227 1226 1195 
3 1227 1228 1229 
3 1228 1197 1201 
3 1229 1228 1201 
3 1229 1201 1230 
3 1230 1201 1203 
3 1232 1203 1205 
3 1232 1231 1203 
3 1231 1230 1203 
3 1231 1232 1233 
3 1232 1205 1207 
3 1233 1232 1207 
3 1233 1207 1234 
3 1234 1207 1209 
3 1209 1235 1234 
3 1212 1235 1209 
3 1235 1212 1214 
3 1236 1235 1214 
3 1238 1214 1216 
3 1238 1237 1214 
3 1237 1236 1214 
3 1238 1216 1218 
3 697 649 1239 
3 1239 649 1220 
3 1239 1220 1221 
3 1240 1239 1221 
3 1242 1221 1222 
3 1242 1241 1221 
3 1241 1240 1221 
3 1241 1242 1243 
3 1242 1222 1223 
3 1243 1242 1223 
3 1243 1223 1244 
3 1244 1223 1224 
3 1244 1224 1245 
3 1224 1225 1245 
3 1245 1225 1246 
3 1225 1226 1246 
3 1246 1226 1247 
3 1226 1227 1247 
3 1249 1227 1229 
3 1249 1248 1227 
3 1248 1247 1227 
3 1248 1249 1250 
3 1249 1229 1230 
3 1250 1249 1230 
3 1250 1230 1251 
3 1251 1230 1231 
3 1231 1252 1251 
3 1233 1252 1231 
3 1252 1233 1234 
3 1253 1252 1234 
3 1255 1234 1235 
3 1255 1254 1234 
3 1254 1253 1234 
3 1254 1255 1256 
3 1255 1235 1236 
3 1256 1255 1236 
3 1256 1236 1257 
3 1257 1236 1237 
3 1259 1258 739 
3 1259 739 1239 
3 1239 739 697 
3 1258 1259 1260 
3 1259 1239 1240 
3 1260 1259 1240 
3 1260 1240 1261 
3 1261 1240 1241 
3 1241 1262 1261 
3 1243 1262 1241 
3 1262 1243 1244 
3 1263 1262 1244 
3 1263 1244 1264 
3 1244 1245 1264 
3 1264 1245 1265 
3 1245 1246 1265 
3 1265 1246 1266 
3 1246 1247 1266 
3 1266 1247 1267 
3 1247 1248 1267 
3 1248 1268 1267 
3 1250 1268 1248 
3 1268 1250 1251 
3 1269 1268 1251 
3 1271 1251 1252 
3 1271 1270 1251 
3 1270 1269 1251 
3 1270 1271 1272 
3 1271 1252 1253 
3 1272 1271 1253 
3 1272 1253 1273 
3 1273 1253 1254 
3 1254 1274 1273 
3 1256 1274 1254 
3 1274 1256 1257 
3 1275 1274 1257 
3 780 739 1258 
3 1276 780 1258 
3 1258 1277 1276 
3 1260 1277 1258 
3 1277 1260 1261 
3 1278 1277 1261 
3 1280 1261 1262 
3 1280 1279 1261 
3 1279 1278 1261 
3 1279 1282 1281 
3 1280 1282 1279 
3 1281 1284 1283 
3 1282 1284 1281 
3 1283 1284 1285 
3 1280 1262 1263 
3 1282 1280 1263 
3 1264 1282 1263 
3 1284 1282 1264 
3 1265 1284 1264 
3 1285 1284 1265 
3 1285 1265 1286 
3 1286 1265 1266 
3 1286 1266 1287 
3 1266 1267 1287 
3 1267 1288 1287 
3 1268 1288 1267 
3 1288 1268 1269 
3 1289 1288 1269 
3 1289 1269 1290 
3 1269 1270 1290 
3 1270 1291 1290 
3 1272 1291 1270 
3 1291 1272 1273 
3 1292 1291 1273 
3 1273 1293 1292 
3 1274 1293 1273 
3 1293 1274 1275 
3 1294 1293 1275 
3 822 780 1276 
3 1295 822 1276 
3 1276 1296 1295 
3 1277 1296 1276 
3 1296 1277 1278 
3 1297 1296 1278 
3 1297 1278 1298 
3 1278 1279 1298 
3 1298 1279 1299 
3 1279 1281 1299 
3 1299 1281 1300 
3 1281 1283 1300 
3 1283 1301 1300 
3 1285 1301 1283 
3 1301 1285 1286 
3 1302 1301 1286 
3 1302 1286 1303 
3 1286 1287 1303 
3 1287 1304 1303 
3 1288 1304 1287 
3 1304 1288 1289 
3 1305 1304 1289 
3 1305 1289 1306 
3 1289 1290 1306 
3 1290 1307 1306 
3 1291 1307 1290 
3 1307 1291 1292 
3 1308 1307 1292 
3 1292 1309 1308 
3 1293 1309 1292 
3 1309 1293 1294 
3 1310 1309 1294 
3 870 822 1295 
3 1311 870 1295 
3 1313 1295 1296 
3 1313 1312 1295 
3 1312 1311 1295 
3 1312 1315 1314 
3 1313 1315 1312 
3 1314 1315 1316 
3 1313 1296 1297 
3 1315 1313 1297 
3 1298 1315 1297 
3 1316 1315 1298 
3 1316 1298 1317 
3 1317 1298 1299 
3 1317 1299 1318 
3 1299 1300 1318 
3 1320 1300 1301 
3 1320 1319 1300 
3 1319 1318 1300 
3 1319 1320 1321 
3 1320 1301 1302 
3 1321 1320 1302 
3 1321 1302 1322 
3 1322 1302 1303 
3 1324 1303 1304 
3 1324 1323 1303 
3 1323 1322 1303 
3 1323 1324 1325 
3 1324 1304 1305 
3 1325 1324 1305 
3 1325 1305 1326 
3 1326 1305 1306 
3 1306 1327 1326 
3 1307 1327 1306 
3 1327 1307 1308 
3 1328 1327 1308 
3 1330 1308 1309 
3 1330 1329 1308 
3 1329 1328 1308 
3 1330 1309 1310 
3 909 870 1311 
3 910 909 1311 
3 910 1311 1331 
3 1331 1311 1312 
3 1331 1312 1332 
3 1312 1314 1332 
3 1314 1333 1332 
3 1316 1333 1314 
3 1333 1316 1317 
3 1334 1333 1317 
3 1334 1317 1335 
3 1317 1318 1335 
3 1335 1318 1336 
3 1318 1319 1336 
3 1319 1337 1336 
3 1321 1337 1319 
3 1337 1321 1322 
3 1338 1337 1322 
3 1338 1322 1339 
3 1322 1323 1339 
3 1323 1340 1339 
3 1325 1340 1323 
3 1340 1325 1326 
3 1341 1340 1326 
3 1343 1326 1327 
3 1343 1342 1326 
3 1342 1341 1326 
3 1342 1343 1344 
3 1343 1327 1328 
3 1344 1343 1328 
3 1344 1328 1345 
3 1345 1328 1329 
3 948 910 1331 
3 1346 948 1331 
3 1346 1331 1347 
3 1331 1332 1347 
3 1332 1348 1347 
3 1333 1348 1332 
3 1348 1333 1334 
3 1349 1348 1334 
3 1349 1334 1350 
3 1334 1335 1350 
3 1352 1336 1351 
3 1352 1350 1336 
3 1350 1335 1336 
3 1336 1337 1351 
3 1352 1351 1353 
3 1351 1337 1338 
3 1351 1338 1353 
3 1353 1338 1354 
3 1356 1339 1355 
3 1356 1354 1339 
3 1354 1338 1339 
3 1339 1340 1355 
3 1356 1355 1357 
3 1355 1340 1341 
3 1355 1341 1357 
3 1357 1341 1358 
3 1358 1341 1359 
3 1341 1342 1359 
3 1342 1360 1359 
3 1344 1360 1342 
3 1360 1344 1345 
3 1361 1360 1345 
3 1033 948 1346 
3 1362 1033 1346 
3 1362 1346 1363 
3 1346 1347 1363 
3 1347 1364 1363 
3 1348 1364 1347 
3 1364 1348 1349 
3 1365 1364 1349 
3 1365 1349 1366 
3 1349 1350 1366 
3 1350 1367 1366 
3 1352 1367 1350 
3 1367 1352 1353 
3 1368 1367 1353 
3 1368 1353 1369 
3 1353 1354 1369 
3 1354 1370 1369 
3 1356 1370 1354 
3 1370 1356 1357 
3 1371 1370 1357 
3 1371 1357 1372 
3 1357 1358 1372 
3 1372 1358 1373 
3 1358 1359 1373 
3 1359 1374 1373 
3 1360 1374 1359 
3 1374 1360 1361 
3 1375 1374 1361 
3 1119 1033 1362 
3 1376 1119 1362 
3 1376 1362 1377 
3 1362 1363 1377 
3 1379 1363 1364 
3 1379 1378 1363 
3 1378 1377 1363 
3 1378 1379 1380 
3 1124 1381 1123 
3 1123 1381 1126 
3 1379 1364 1365 
3 1380 1379 1365 
3 1380 1365 1382 
3 1382 1365 1366 
3 1384 1366 1367 
3 1384 1383 1366 
3 1383 1382 1366 
3 1383 1384 1385 
3 1384 1367 1368 
3 1385 1384 1368 
3 1385 1368 1386 
3 1386 1368 1369 
3 1388 1369 1370 
3 1388 1387 1369 
3 1387 1386 1369 
3 1387 1388 1389 
3 1388 1370 1371 
3 1389 1388 1371 
3 1389 1371 1390 
3 1390 1371 1372 
3 1390 1372 1391 
3 1372 1373 1391 
3 1393 1373 1374 
3 1393 1392 1373 
3 1392 1391 1373 
3 1393 1374 1375 
3 1157 1119 1376 
3 1394 1157 1376 
3 1394 1376 1395 
3 1376 1377 1395 
3 1395 1377 1396 
3 1377 1378 1396 
3 1378 1397 1396 
3 1380 1397 1378 
3 1161 1398 1160 
3 1160 1399 1162 
3 1398 1399 1160 
3 1401 1400 1381 
3 1399 1401 1381 
3 1399 1381 1124 
3 1399 1124 1162 
3 1126 1381 1400 
3 1126 1400 1163 
3 1163 1400 1402 
3 1397 1380 1382 
3 1403 1397 1382 
3 1403 1382 1404 
3 1382 1383 1404 
3 1383 1405 1404 
3 1385 1405 1383 
3 1401 1406 1400 
3 1400 1407 1402 
3 1406 1407 1400 
3 1405 1385 1386 
3 1408 1405 1386 
3 1408 1386 1409 
3 1386 1387 1409 
3 1387 1410 1409 
3 1389 1410 1387 
3 1410 1389 1390 
3 1411 1410 1390 
3 1411 1390 1412 
3 1390 1391 1412 
3 1414 1392 1413 
3 1414 1412 1392 
3 1412 1391 1392 
3 1414 1413 1415 
3 1175 1157 1394 
3 1176 1175 1394 
3 1395 1176 1394 
3 1177 1176 1395 
3 1396 1177 1395 
3 1396 1397 1416 
3 1396 1416 1177 
3 1177 1416 1178 
3 1178 1416 1179 
3 1179 1416 1417 
3 1179 1417 1180 
3 1180 1417 1418 
3 1398 1161 1180 
3 1398 1180 1419 
3 1419 1180 1418 
3 1399 1398 1419 
3 1420 1399 1419 
3 1399 1420 1401 
3 1416 1397 1403 
3 1417 1416 1403 
3 1404 1417 1403 
3 1404 1405 1421 
3 1404 1421 1417 
3 1417 1421 1418 
3 1418 1421 1419 
3 1419 1421 1422 
3 1419 1422 1420 
3 1420 1422 1423 
3 1406 1401 1420 
3 1406 1420 1424 
3 1424 1420 1423 
3 1407 1406 1424 
3 1425 1407 1424 
3 1421 1405 1408 
3 1422 1421 1408 
3 1409 1422 1408 
3 1409 1410 1426 
3 1409 1426 1422 
3 1422 1426 1423 
3 1423 1426 1424 
3 1424 1426 1427 
3 1424 1427 1425 
3 1425 1427 1428 
3 1426 1410 1411 
3 1427 1426 1411 
3 1412 1427 1411 
3 1412 1414 1429 
3 1412 1429 1427 
3 1427 1429 1428 
3 1429 1414 1415 
3 1431 189 188 
3 1430 1431 188 
3 1431 1430 1432 
3 243 242 1433 
3 1435 1433 242 
3 1435 242 1434 
3 1434 242 244 
3 244 245 1434 
3 245 1436 1434 
3 245 1431 1436 
3 189 1431 245 
3 1435 1434 1437 
3 1439 1437 1434 
3 1439 1434 1438 
3 1438 1434 1436 
3 1432 1436 1431 
3 1432 1440 1436 
3 1440 1438 1436 
3 1439 1438 1441 
3 1443 1441 1438 
3 1443 1438 1442 
3 1442 1438 1440 
3 1443 1442 1444 
3 1446 279 278 
3 1445 1446 278 
3 1447 1448 1445 
3 1447 1445 280 
3 280 1445 278 
3 1450 1447 280 
3 1450 280 1449 
3 1449 280 281 
3 1451 1452 1449 
3 1451 1449 282 
3 282 1449 281 
3 282 284 1451 
3 287 286 1453 
3 1455 1433 1454 
3 1453 1433 1455 
3 1453 243 1433 
3 1453 286 243 
3 1433 1435 1454 
3 1458 1456 1457 
3 1456 1446 1445 
3 1456 1445 1457 
3 1457 1445 1459 
3 1448 1460 1459 
3 1445 1448 1459 
3 1450 1449 1461 
3 1449 1452 1461 
3 1455 1454 1462 
3 1464 1437 1463 
3 1462 1437 1464 
3 1462 1435 1437 
3 1462 1454 1435 
3 1437 1439 1463 
3 1458 1457 1465 
3 1467 1465 1457 
3 1467 1457 1466 
3 1466 1457 1459 
3 1460 1468 1469 
3 1460 1469 1459 
3 1459 1469 1466 
3 1468 1470 1469 
3 1464 1463 1471 
3 1473 1441 1472 
3 1471 1441 1473 
3 1471 1439 1441 
3 1471 1463 1439 
3 1441 1443 1472 
3 1475 1467 1466 
3 1474 1475 1466 
3 1466 1469 1474 
3 1469 1476 1474 
3 1470 1477 1476 
3 1469 1470 1476 
3 1473 1472 1478 
3 1480 1444 1479 
3 1478 1444 1480 
3 1478 1443 1444 
3 1478 1472 1443 
3 1475 1474 1481 
3 1474 1476 1482 
3 1481 1474 1482 
3 1476 1477 1482 
3 1484 1480 1479 
3 1483 1484 1479 
3 1484 1483 1485 
3 1488 1486 1487 
3 1486 1446 1487 
3 1486 316 1446 
3 316 279 1446 
3 1447 1489 1448 
3 1447 1450 1489 
3 1451 1490 1452 
3 1490 1491 1492 
3 1451 1491 1490 
3 1451 317 1491 
3 1451 284 317 
3 317 318 1493 
3 1491 317 1493 
3 1495 1453 1494 
3 1493 1453 1495 
3 1493 287 1453 
3 1493 318 287 
3 1453 1455 1494 
3 1487 1456 1458 
3 1487 1458 1488 
3 1488 1458 1496 
3 1487 1446 1456 
3 1497 1448 1489 
3 1460 1448 1497 
3 1461 1489 1450 
3 1461 1498 1489 
3 1498 1497 1489 
3 1498 1499 1500 
3 1461 1499 1498 
3 1461 1490 1499 
3 1461 1452 1490 
3 1490 1492 1499 
3 1495 1494 1501 
3 1503 1462 1502 
3 1501 1462 1503 
3 1501 1455 1462 
3 1501 1494 1455 
3 1462 1464 1502 
3 1465 1504 1505 
3 1465 1505 1458 
3 1458 1505 1496 
3 1465 1467 1504 
3 1497 1468 1460 
3 1468 1506 1470 
3 1468 1497 1506 
3 1497 1498 1506 
3 1500 1507 1508 
3 1500 1508 1498 
3 1498 1508 1506 
3 1507 1509 1508 
3 1503 1502 1510 
3 1512 1471 1511 
3 1510 1471 1512 
3 1510 1464 1471 
3 1510 1502 1464 
3 1471 1473 1511 
3 1505 1504 1513 
3 1504 1514 1513 
3 1504 1467 1514 
3 1467 1475 1514 
3 1515 1470 1506 
3 1477 1470 1515 
3 1506 1508 1515 
3 1508 1516 1515 
3 1509 1517 1516 
3 1508 1509 1516 
3 1512 1511 1518 
3 1520 1478 1519 
3 1518 1478 1520 
3 1518 1473 1478 
3 1518 1511 1473 
3 1478 1480 1519 
3 1514 1475 1481 
3 1521 1514 1481 
3 1521 1481 1522 
3 1481 1482 1522 
3 1477 1522 1482 
3 1477 1523 1522 
3 1477 1515 1523 
3 1523 1524 1522 
3 1515 1516 1523 
3 1516 1525 1523 
3 1517 1526 1527 
3 1517 1527 1516 
3 1516 1527 1525 
3 1526 1528 1529 
3 1527 1526 1529 
3 1528 1530 1529 
3 1533 1531 1532 
3 1531 1534 1532 
3 1536 1520 1519 
3 1535 1536 1519 
3 1519 1484 1535 
3 1480 1484 1519 
3 1524 1523 1537 
3 1523 1525 1538 
3 1537 1523 1538 
3 1540 1538 1525 
3 1540 1525 1539 
3 1539 1525 1527 
3 1527 1529 1539 
3 1529 1541 1539 
3 1530 1542 1543 
3 1530 1543 1529 
3 1529 1543 1541 
3 1542 1533 1532 
3 1542 1532 1543 
3 1543 1532 1544 
3 1534 1545 1546 
3 1534 1546 1532 
3 1532 1546 1544 
3 1545 1536 1535 
3 1545 1535 1546 
3 1546 1535 1547 
3 1485 1535 1484 
3 1485 1548 1535 
3 1548 1547 1535 
3 1540 1539 1549 
3 1539 1541 1550 
3 1549 1539 1550 
3 1552 1550 1541 
3 1552 1541 1551 
3 1551 1541 1543 
3 1543 1544 1551 
3 1544 1553 1551 
3 1544 1546 1553 
3 1546 1554 1553 
3 1546 1547 1554 
3 1547 1555 1554 
3 1547 1548 1555 
3 1548 1556 1555 
3 1552 1551 1557 
3 1551 1553 1558 
3 1557 1551 1558 
3 1560 1558 1553 
3 1560 1553 1559 
3 1559 1553 1554 
3 1554 1555 1559 
3 1555 1561 1559 
3 1555 1556 1561 
3 1556 1562 1561 
3 1560 1559 1563 
3 1559 1561 1564 
3 1563 1559 1564 
3 1566 1564 1561 
3 1566 1561 1565 
3 1565 1561 1562 
3 1566 1565 1567 
3 1488 1569 1568 
3 1486 1488 1568 
3 1568 316 1486 
3 346 316 1568 
3 1492 1570 1571 
3 1491 1570 1492 
3 1573 1493 1572 
3 1573 1570 1493 
3 1570 1491 1493 
3 1493 1495 1572 
3 1569 1488 1574 
3 1574 1488 1496 
3 1499 1575 1500 
3 1575 1499 1492 
3 1575 1492 1576 
3 1576 1492 1571 
3 1573 1572 1577 
3 1579 1501 1578 
3 1577 1501 1579 
3 1577 1495 1501 
3 1577 1572 1495 
3 1501 1503 1578 
3 1574 1496 1580 
3 1580 1496 1505 
3 1575 1507 1500 
3 1507 1582 1509 
3 1575 1582 1507 
3 1575 1581 1582 
3 1575 1576 1581 
3 1581 1583 1582 
3 1579 1578 1584 
3 1586 1510 1585 
3 1584 1510 1586 
3 1584 1503 1510 
3 1584 1578 1503 
3 1510 1512 1585 
3 1580 1505 1513 
3 1587 1580 1513 
3 1513 1588 1587 
3 1514 1588 1513 
3 1589 1509 1582 
3 1517 1509 1589 
3 1583 1590 1591 
3 1583 1591 1582 
3 1582 1591 1589 
3 1590 1592 1593 
3 1591 1590 1593 
3 1592 1595 1593 
3 1586 1585 1594 
3 1597 1518 1596 
3 1594 1518 1597 
3 1594 1512 1518 
3 1594 1585 1512 
3 1518 1520 1596 
3 1588 1514 1521 
3 1598 1588 1521 
3 1598 1521 1599 
3 1521 1522 1599 
3 1601 1522 1524 
3 1601 1600 1522 
3 1600 1599 1522 
3 1600 1601 1602 
3 1589 1526 1517 
3 1591 1526 1589 
3 1528 1526 1591 
3 1528 1603 1530 
3 1528 1591 1603 
3 1591 1593 1603 
3 1595 1604 1531 
3 1595 1531 1603 
3 1595 1603 1593 
3 1603 1531 1533 
3 1597 1596 1605 
3 1597 1605 1531 
3 1597 1531 1604 
3 1534 1531 1605 
3 1596 1536 1605 
3 1520 1536 1596 
3 1601 1524 1537 
3 1602 1601 1537 
3 1602 1537 1606 
3 1606 1537 1538 
3 1608 1538 1540 
3 1608 1607 1538 
3 1607 1606 1538 
3 1607 1608 1609 
3 1603 1542 1530 
3 1603 1533 1542 
3 1605 1545 1534 
3 1605 1536 1545 
3 1608 1540 1549 
3 1609 1608 1549 
3 1609 1549 1610 
3 1610 1549 1550 
3 1612 1550 1552 
3 1612 1611 1550 
3 1611 1610 1550 
3 1611 1612 1613 
3 1612 1552 1557 
3 1613 1612 1557 
3 1613 1557 1614 
3 1614 1557 1558 
3 1616 1558 1560 
3 1616 1615 1558 
3 1615 1614 1558 
3 1615 1616 1617 
3 1616 1560 1563 
3 1617 1616 1563 
3 1617 1563 1618 
3 1618 1563 1564 
3 1620 1564 1566 
3 1620 1619 1564 
3 1619 1618 1564 
3 1620 1566 1567 
3 1569 1622 1621 
3 1568 1569 1621 
3 1621 346 1568 
3 378 346 1621 
3 1570 1623 1571 
3 1570 1573 1623 
3 1622 1569 1624 
3 1624 1569 1574 
3 1625 1571 1623 
3 1576 1571 1625 
3 1577 1623 1573 
3 1577 1626 1623 
3 1626 1625 1623 
3 1577 1579 1626 
3 1629 1627 1628 
3 1627 1580 1628 
3 1627 1624 1580 
3 1624 1574 1580 
3 1625 1581 1576 
3 1581 1630 1583 
3 1581 1625 1630 
3 1625 1626 1630 
3 1584 1626 1579 
3 1584 1631 1626 
3 1631 1630 1626 
3 1584 1586 1631 
3 1629 1628 1632 
3 1628 1580 1587 
3 1628 1587 1632 
3 1632 1587 1633 
3 1635 1587 1588 
3 1635 1634 1587 
3 1634 1633 1587 
3 1634 1635 1636 
3 1630 1590 1583 
3 1631 1590 1630 
3 1592 1590 1631 
3 1594 1631 1586 
3 1594 1637 1631 
3 1592 1631 1595 
3 1595 1631 1637 
3 1594 1597 1637 
3 1635 1588 1598 
3 1636 1635 1598 
3 1636 1598 1638 
3 1638 1598 1599 
3 1638 1599 1639 
3 1599 1600 1639 
3 1600 1640 1639 
3 1602 1640 1600 
3 1637 1604 1595 
3 1637 1597 1604 
3 1640 1602 1606 
3 1641 1640 1606 
3 1641 1606 1642 
3 1606 1607 1642 
3 1607 1643 1642 
3 1609 1643 1607 
3 1643 1609 1610 
3 1644 1643 1610 
3 1644 1610 1645 
3 1610 1611 1645 
3 1611 1646 1645 
3 1613 1646 1611 
3 1646 1613 1614 
3 1647 1646 1614 
3 1647 1614 1648 
3 1614 1615 1648 
3 1615 1649 1648 
3 1617 1649 1615 
3 1649 1617 1618 
3 1650 1649 1618 
3 1650 1618 1651 
3 1618 1619 1651 
3 1622 1653 1652 
3 1621 1622 1652 
3 378 1654 406 
3 378 1621 1654 
3 1621 1652 1654 
3 406 1654 408 
3 1653 1622 1655 
3 1655 1622 1624 
3 1627 1629 1656 
3 1656 1624 1627 
3 1656 1657 1624 
3 1657 1655 1624 
3 1656 1629 1632 
3 1657 1656 1632 
3 1657 1632 1658 
3 1658 1632 1633 
3 1658 1633 1659 
3 1633 1634 1659 
3 1661 1634 1636 
3 1661 1660 1634 
3 1660 1659 1634 
3 1660 1661 1662 
3 1661 1636 1638 
3 1662 1661 1638 
3 1662 1638 1663 
3 1663 1638 1639 
3 1665 1639 1640 
3 1665 1664 1639 
3 1664 1663 1639 
3 1664 1665 1666 
3 1665 1640 1641 
3 1666 1665 1641 
3 1666 1641 1667 
3 1667 1641 1642 
3 1669 1642 1643 
3 1669 1668 1642 
3 1668 1667 1642 
3 1668 1671 1670 
3 1669 1671 1668 
3 1670 1671 1672 
3 1669 1643 1644 
3 1671 1669 1644 
3 1645 1671 1644 
3 1645 1646 1674 
3 1671 1645 1674 
3 1671 1674 1673 
3 1671 1673 1672 
3 1673 1674 1675 
3 1674 1646 1647 
3 1675 1674 1647 
3 1675 1647 1676 
3 1676 1647 1648 
3 1678 1648 1649 
3 1678 1677 1648 
3 1677 1676 1648 
3 1677 1678 1679 
3 1678 1649 1650 
3 1679 1678 1650 
3 1679 1650 1680 
3 1680 1650 1651 
3 1652 1653 1681 
3 1681 1683 1682 
3 1681 1682 1652 
3 1652 1682 1654 
3 1682 408 1654 
3 443 408 1682 
3 1684 1681 1653 
3 1684 1653 1685 
3 1685 1653 1655 
3 1681 1684 1683 
3 1687 1686 1685 
3 1687 1685 1657 
3 1657 1685 1655 
3 1686 1687 1688 
3 1687 1657 1658 
3 1688 1687 1658 
3 1688 1658 1689 
3 1689 1658 1659 
3 1689 1659 1690 
3 1659 1660 1690 
3 1660 1691 1690 
3 1662 1691 1660 
3 1691 1662 1663 
3 1692 1691 1663 
3 1692 1663 1693 
3 1663 1664 1693 
3 1695 1664 1666 
3 1695 1694 1664 
3 1694 1693 1664 
3 1694 1697 1696 
3 1695 1697 1694 
3 1696 1697 1698 
3 1695 1666 1667 
3 1697 1695 1667 
3 1668 1697 1667 
3 1698 1697 1668 
3 1698 1668 1699 
3 1699 1668 1670 
3 1701 1670 1672 
3 1701 1700 1670 
3 1700 1699 1670 
3 1700 1701 1702 
3 1701 1672 1673 
3 1673 1675 1704 
3 1701 1673 1704 
3 1701 1704 1703 
3 1701 1703 1702 
3 1703 1704 1705 
3 1704 1675 1676 
3 1705 1704 1676 
3 1705 1676 1706 
3 1706 1676 1677 
3 1708 1677 1679 
3 1708 1707 1677 
3 1707 1706 1677 
3 1708 1679 1680 
3 1683 1710 1709 
3 1682 1683 1709 
3 1709 443 1682 
3 481 443 1709 
3 1684 1685 1711 
3 1711 1683 1684 
3 1711 1712 1683 
3 1712 1710 1683 
3 1711 1685 1686 
3 1686 1688 1714 
3 1711 1686 1714 
3 1711 1714 1713 
3 1711 1713 1712 
3 1713 1714 1715 
3 1714 1688 1689 
3 1715 1714 1689 
3 1715 1689 1716 
3 1716 1689 1690 
3 1718 1690 1691 
3 1718 1717 1690 
3 1717 1716 1690 
3 1717 1720 1719 
3 1718 1720 1717 
3 1719 1720 1721 
3 1718 1691 1692 
3 1720 1718 1692 
3 1693 1720 1692 
3 1721 1720 1693 
3 1721 1693 1722 
3 1722 1693 1694 
3 1722 1694 1723 
3 1694 1696 1723 
3 1696 1724 1723 
3 1698 1724 1696 
3 1724 1698 1699 
3 1725 1724 1699 
3 1725 1699 1726 
3 1699 1700 1726 
3 1728 1700 1702 
3 1728 1727 1700 
3 1727 1726 1700 
3 1727 1728 1729 
3 1728 1702 1703 
3 1703 1705 1731 
3 1728 1703 1731 
3 1728 1731 1730 
3 1728 1730 1729 
3 1730 1731 1732 
3 1731 1705 1706 
3 1732 1731 1706 
3 1732 1706 1733 
3 1733 1706 1707 
3 521 1709 1710 
3 521 1710 522 
3 522 1710 1734 
3 521 481 1709 
3 1734 1710 1735 
3 1735 1710 1712 
3 1735 1712 1713 
3 1736 1735 1713 
3 1738 1713 1715 
3 1738 1737 1713 
3 1737 1736 1713 
3 1737 1738 1739 
3 1738 1715 1716 
3 1739 1738 1716 
3 1739 1716 1740 
3 1740 1716 1717 
3 1740 1717 1741 
3 1717 1719 1741 
3 1743 1719 1721 
3 1743 1742 1719 
3 1742 1741 1719 
3 1742 1745 1744 
3 1743 1745 1742 
3 1744 1745 1746 
3 1743 1721 1722 
3 1745 1743 1722 
3 1723 1745 1722 
3 1723 1724 1748 
3 1745 1723 1748 
3 1745 1748 1747 
3 1745 1747 1746 
3 1747 1750 1749 
3 1748 1750 1747 
3 1749 1750 1751 
3 1748 1724 1725 
3 1750 1748 1725 
3 1726 1750 1725 
3 1751 1750 1726 
3 1751 1726 1752 
3 1752 1726 1727 
3 1727 1753 1752 
3 1729 1753 1727 
3 1753 1729 1730 
3 1754 1753 1730 
3 1756 1730 1732 
3 1756 1755 1730 
3 1755 1754 1730 
3 1756 1732 1733 
3 567 522 1182 
3 1182 522 1734 
3 1182 1734 1185 
3 1185 1734 1735 
3 1185 1735 1736 
3 1187 1185 1736 
3 1187 1736 1189 
3 1736 1737 1189 
3 1737 1192 1189 
3 1739 1192 1737 
3 1192 1739 1740 
3 1198 1192 1740 
3 1198 1740 1199 
3 1740 1741 1199 
3 1199 1741 1200 
3 1741 1742 1200 
3 1200 1742 1202 
3 1742 1744 1202 
3 1757 1744 1746 
3 1757 1204 1744 
3 1204 1202 1744 
3 1204 1757 1206 
3 1757 1746 1747 
3 1206 1757 1747 
3 1206 1747 1208 
3 1208 1747 1749 
3 1749 1211 1208 
3 1751 1211 1749 
3 1211 1751 1752 
3 1213 1211 1752 
3 1758 1752 1753 
3 1758 1215 1752 
3 1215 1213 1752 
3 1215 1758 1217 
3 1758 1753 1754 
3 1217 1758 1754 
3 1217 1754 1219 
3 1219 1754 1755 
3 1761 1759 1760 
3 1759 1762 1763 
3 1760 1759 1763 
3 1762 1764 1765 
3 1763 1762 1765 
3 1764 1766 1767 
3 1765 1764 1767 
3 1766 1768 1767 
3 1771 1769 1770 
3 1774 1770 1769 
3 1774 1769 1773 
3 1773 1769 1772 
3 1760 1772 1761 
3 1760 1775 1772 
3 1775 1773 1772 
3 1763 1775 1760 
3 1776 1775 1763 
3 1765 1776 1763 
3 1777 1776 1765 
3 1767 1777 1765 
3 1778 1777 1767 
3 1768 1778 1767 
3 1768 1779 1778 
3 1779 1780 1778 
3 1781 1782 1780 
3 1779 1781 1780 
3 1774 1773 1783 
3 1773 1775 1784 
3 1783 1773 1784 
3 1775 1776 1785 
3 1784 1775 1785 
3 1776 1777 1786 
3 1785 1776 1786 
3 1777 1778 1787 
3 1786 1777 1787 
3 1778 1780 1788 
3 1787 1778 1788 
3 1780 1782 1788 
3 188 1789 1430 
3 1789 1790 1430 
3 1789 1791 1790 
3 1791 1792 1790 
3 1791 1793 1792 
3 1793 1794 1792 
3 1793 1795 1794 
3 1795 1796 1794 
3 1795 1797 1796 
3 1797 1798 1796 
3 1797 1799 1798 
3 1799 1800 1798 
3 1799 1801 1800 
3 1801 1802 1800 
3 1770 1801 1771 
3 1770 1803 1801 
3 1803 1802 1801 
3 1770 1774 1803 
3 1806 1805 1804 
3 1804 1805 1782 
3 1804 1782 1807 
3 1807 1782 1781 
3 1809 1432 1430 
3 1809 1430 1808 
3 1808 1430 1790 
3 1790 1792 1808 
3 1792 1810 1808 
3 1792 1794 1810 
3 1794 1811 1810 
3 1794 1796 1811 
3 1796 1812 1811 
3 1796 1798 1812 
3 1798 1813 1812 
3 1798 1800 1813 
3 1800 1814 1813 
3 1800 1802 1814 
3 1802 1815 1814 
3 1802 1803 1815 
3 1803 1816 1815 
3 1783 1803 1774 
3 1783 1817 1803 
3 1817 1816 1803 
3 1784 1817 1783 
3 1818 1817 1784 
3 1785 1818 1784 
3 1819 1818 1785 
3 1786 1819 1785 
3 1820 1819 1786 
3 1787 1820 1786 
3 1821 1820 1787 
3 1821 1806 1822 
3 1821 1788 1806 
3 1821 1787 1788 
3 1788 1805 1806 
3 1805 1788 1782 
3 1809 1808 1823 
3 1808 1810 1824 
3 1823 1808 1824 
3 1826 1824 1810 
3 1826 1810 1825 
3 1825 1810 1811 
3 1827 1828 1825 
3 1827 1825 1812 
3 1812 1825 1811 
3 1812 1813 1829 
3 1827 1812 1829 
3 1813 1814 1830 
3 1829 1813 1830 
3 1814 1815 1831 
3 1830 1814 1831 
3 1815 1816 1832 
3 1831 1815 1832 
3 1834 1832 1816 
3 1834 1816 1833 
3 1833 1816 1817 
3 1817 1818 1833 
3 1818 1835 1833 
3 1818 1819 1835 
3 1819 1836 1835 
3 1819 1820 1836 
3 1820 1837 1836 
3 1838 1839 1837 
3 1838 1837 1821 
3 1821 1837 1820 
3 1821 1822 1838 
3 1826 1825 1840 
3 1825 1828 1840 
3 1843 1841 1842 
3 1841 1845 1842 
3 1834 1833 1844 
3 1833 1835 1846 
3 1844 1833 1846 
3 1835 1836 1847 
3 1846 1835 1847 
3 1836 1837 1848 
3 1847 1836 1848 
3 1837 1839 1848 
3 1843 1842 1849 
3 1842 1845 1849 
3 1804 1850 1806 
3 1850 1852 1853 
3 1804 1852 1850 
3 1804 1851 1852 
3 1804 1807 1851 
3 1851 1854 1852 
3 1432 1809 1440 
3 1855 1806 1850 
3 1855 1856 1806 
3 1856 1822 1806 
3 1850 1853 1855 
3 1823 1440 1809 
3 1823 1857 1440 
3 1857 1442 1440 
3 1824 1857 1823 
3 1858 1857 1824 
3 1824 1826 1858 
3 1827 1859 1828 
3 1829 1859 1827 
3 1860 1859 1829 
3 1830 1860 1829 
3 1861 1860 1830 
3 1831 1861 1830 
3 1862 1861 1831 
3 1832 1862 1831 
3 1863 1862 1832 
3 1832 1834 1863 
3 1839 1864 1865 
3 1838 1864 1839 
3 1864 1838 1822 
3 1856 1864 1822 
3 1867 1444 1442 
3 1867 1442 1866 
3 1866 1442 1857 
3 1857 1858 1866 
3 1858 1868 1866 
3 1840 1858 1826 
3 1840 1869 1858 
3 1869 1868 1858 
3 1828 1869 1840 
3 1828 1859 1869 
3 1859 1870 1869 
3 1859 1860 1870 
3 1860 1871 1870 
3 1872 1873 1871 
3 1872 1871 1861 
3 1861 1871 1860 
3 1875 1872 1861 
3 1875 1861 1874 
3 1874 1861 1862 
3 1843 1863 1841 
3 1843 1874 1863 
3 1874 1862 1863 
3 1844 1863 1834 
3 1844 1876 1863 
3 1841 1863 1845 
3 1845 1863 1876 
3 1846 1876 1844 
3 1877 1876 1846 
3 1847 1877 1846 
3 1878 1877 1847 
3 1878 1879 1880 
3 1878 1847 1879 
3 1847 1848 1879 
3 1879 1848 1839 
3 1865 1879 1839 
3 1867 1866 1881 
3 1866 1868 1882 
3 1881 1866 1882 
3 1868 1869 1883 
3 1882 1868 1883 
3 1869 1870 1884 
3 1883 1869 1884 
3 1870 1871 1885 
3 1884 1870 1885 
3 1873 1885 1871 
3 1886 1887 1888 
3 1886 1875 1874 
3 1886 1874 1887 
3 1887 1874 1889 
3 1849 1874 1843 
3 1849 1890 1874 
3 1890 1889 1874 
3 1845 1890 1849 
3 1845 1876 1890 
3 1876 1891 1890 
3 1876 1877 1891 
3 1877 1892 1891 
3 1877 1878 1892 
3 1878 1893 1892 
3 1880 1894 1893 
3 1878 1880 1893 
3 1888 1887 1895 
3 1887 1889 1896 
3 1895 1887 1896 
3 1889 1890 1897 
3 1896 1889 1897 
3 1899 1897 1890 
3 1899 1890 1898 
3 1898 1890 1891 
3 1891 1892 1898 
3 1892 1900 1898 
3 1901 1902 1900 
3 1901 1900 1893 
3 1893 1900 1892 
3 1893 1894 1901 
3 1899 1898 1903 
3 1898 1900 1904 
3 1903 1898 1904 
3 1900 1902 1904 
3 1853 1905 1906 
3 1852 1905 1853 
3 1905 1852 1854 
3 1907 1905 1854 
3 1910 1909 1908 
3 1856 1908 1909 
3 1856 1855 1908 
3 1855 1911 1908 
3 1911 1855 1853 
3 1906 1911 1853 
3 1909 1865 1864 
3 1909 1910 1865 
3 1910 1912 1865 
3 1909 1864 1856 
3 1444 1867 1479 
3 1872 1913 1873 
3 1872 1875 1913 
3 1880 1914 1915 
3 1879 1914 1880 
3 1914 1879 1865 
3 1912 1914 1865 
3 1881 1479 1867 
3 1881 1916 1479 
3 1916 1483 1479 
3 1882 1916 1881 
3 1917 1916 1882 
3 1883 1917 1882 
3 1918 1917 1883 
3 1884 1918 1883 
3 1919 1918 1884 
3 1885 1919 1884 
3 1920 1919 1885 
3 1888 1913 1886 
3 1888 1920 1913 
3 1873 1913 1885 
3 1885 1913 1920 
3 1913 1875 1886 
3 1923 1922 1921 
3 1921 1922 1894 
3 1921 1894 1915 
3 1915 1894 1880 
3 1483 1916 1924 
3 1485 1483 1924 
3 1926 1924 1916 
3 1926 1916 1925 
3 1925 1916 1917 
3 1917 1918 1925 
3 1918 1927 1925 
3 1918 1919 1927 
3 1919 1928 1927 
3 1919 1920 1928 
3 1920 1929 1928 
3 1895 1920 1888 
3 1895 1930 1920 
3 1930 1929 1920 
3 1896 1930 1895 
3 1931 1930 1896 
3 1897 1931 1896 
3 1932 1931 1897 
3 1897 1899 1932 
3 1922 1902 1901 
3 1922 1923 1902 
3 1923 1933 1902 
3 1922 1901 1894 
3 1926 1925 1934 
3 1925 1927 1935 
3 1934 1925 1935 
3 1937 1935 1927 
3 1937 1927 1936 
3 1936 1927 1928 
3 1928 1929 1936 
3 1929 1938 1936 
3 1929 1930 1938 
3 1930 1939 1938 
3 1930 1931 1939 
3 1931 1940 1939 
3 1931 1932 1940 
3 1932 1941 1940 
3 1903 1932 1899 
3 1903 1942 1932 
3 1942 1941 1932 
3 1942 1943 1944 
3 1942 1903 1943 
3 1903 1904 1943 
3 1943 1904 1902 
3 1933 1943 1902 
3 1937 1936 1945 
3 1947 1945 1936 
3 1947 1936 1946 
3 1946 1936 1938 
3 1938 1939 1946 
3 1939 1948 1946 
3 1939 1940 1948 
3 1940 1949 1948 
3 1940 1941 1949 
3 1941 1950 1949 
3 1941 1942 1950 
3 1942 1951 1950 
3 1944 1952 1951 
3 1942 1944 1951 
3 1955 1953 1954 
3 1953 1957 1954 
3 1947 1946 1956 
3 1946 1948 1958 
3 1956 1946 1958 
3 1960 1958 1948 
3 1960 1948 1959 
3 1959 1948 1949 
3 1949 1950 1959 
3 1950 1961 1959 
3 1950 1951 1961 
3 1951 1962 1961 
3 1952 1963 1962 
3 1951 1952 1962 
3 1955 1954 1964 
3 1957 1964 1954 
3 1965 1966 1967 
3 1965 1968 1969 
3 1966 1965 1969 
3 1968 1971 1969 
3 1960 1959 1970 
3 1959 1961 1972 
3 1970 1959 1972 
3 1961 1962 1973 
3 1972 1961 1973 
3 1962 1963 1973 
3 1975 1967 1966 
3 1974 1975 1966 
3 1966 1969 1974 
3 1969 1976 1974 
3 1971 1977 1978 
3 1971 1978 1969 
3 1969 1978 1976 
3 1977 1979 1978 
3 1975 1974 1980 
3 1974 1976 1981 
3 1980 1974 1981 
3 1976 1978 1982 
3 1981 1976 1982 
3 1978 1979 1982 
3 1906 1983 1984 
3 1905 1983 1906 
3 1907 1 49 
3 1907 49 1905 
3 1905 49 1983 
3 1910 1985 1986 
3 1908 1985 1910 
3 1985 1908 1987 
3 1908 1911 1987 
3 1987 1911 1906 
3 1984 1987 1906 
3 1990 1989 1988 
3 1988 1989 1912 
3 1988 1912 1986 
3 1986 1912 1910 
3 1989 1915 1914 
3 1989 1990 1915 
3 1990 1991 1915 
3 1989 1914 1912 
3 1923 1992 1993 
3 1921 1992 1923 
3 1992 1921 1915 
3 1991 1992 1915 
3 1924 1548 1485 
3 1994 1548 1924 
3 1924 1926 1994 
3 1997 1996 1995 
3 1995 1996 1933 
3 1995 1933 1993 
3 1993 1933 1923 
3 1548 1994 1556 
3 1994 1998 1556 
3 1934 1994 1926 
3 1934 1999 1994 
3 1999 1998 1994 
3 1935 1999 1934 
3 2000 1999 1935 
3 1935 1937 2000 
3 1996 1944 1943 
3 1996 1997 1944 
3 1997 2001 1944 
3 1996 1943 1933 
3 1556 1998 1562 
3 1998 2002 1562 
3 1998 1999 2002 
3 1999 2003 2002 
3 1999 2000 2003 
3 2000 2004 2003 
3 1945 2000 1937 
3 1945 2005 2000 
3 2005 2004 2000 
3 1945 1947 2005 
3 2008 2007 2006 
3 2006 2007 1952 
3 2006 1952 2001 
3 2001 1952 1944 
3 1562 2002 1565 
3 2002 2009 1565 
3 2002 2003 2009 
3 2003 2010 2009 
3 2003 2004 2010 
3 2004 2011 2010 
3 1955 2005 1953 
3 1955 2011 2005 
3 2011 2004 2005 
3 1956 2005 1947 
3 1956 2012 2005 
3 1953 2005 1957 
3 1957 2005 2012 
3 1958 2012 1956 
3 2013 2012 1958 
3 1958 1960 2013 
3 2015 2007 2008 
3 2014 2007 2015 
3 2007 2014 1963 
3 1952 2007 1963 
3 1565 2009 2016 
3 1567 1565 2016 
3 2018 2016 2009 
3 2018 2009 2017 
3 2017 2009 2010 
3 2010 2011 2017 
3 2011 2019 2017 
3 1964 2011 1955 
3 1964 2020 2011 
3 2020 2019 2011 
3 1967 2012 1965 
3 1967 2020 2012 
3 1957 2012 1964 
3 1964 2012 2020 
3 2013 1965 2012 
3 1968 1965 2013 
3 1970 2013 1960 
3 1970 2021 2013 
3 1968 2013 1971 
3 1971 2013 2021 
3 1972 2021 1970 
3 2022 2021 1972 
3 2022 2015 2023 
3 2022 1973 2015 
3 2022 1972 1973 
3 1973 2014 2015 
3 2014 1973 1963 
3 2018 2017 2024 
3 2026 2024 2017 
3 2026 2017 2025 
3 2025 2017 2019 
3 2019 2020 2025 
3 2020 2027 2025 
3 2020 1975 2027 
3 1967 1975 2020 
3 2021 1977 1971 
3 1977 2028 1979 
3 1977 2021 2028 
3 2021 2022 2028 
3 2023 2029 2028 
3 2022 2023 2028 
3 2026 2025 2030 
3 2025 2027 2031 
3 2030 2025 2031 
3 2033 1980 2032 
3 2031 1980 2033 
3 2031 1975 1980 
3 2031 2027 1975 
3 1981 2032 1980 
3 2034 2032 1981 
3 1982 2034 1981 
3 2035 2034 1982 
3 2035 2036 2037 
3 1982 2036 2035 
3 1982 2028 2036 
3 1982 1979 2028 
3 2028 2029 2036 
3 2033 2032 2038 
3 2032 2034 2039 
3 2038 2032 2039 
3 2034 2035 2040 
3 2039 2034 2040 
3 2035 2037 2040 
3 1984 2041 2042 
3 1983 2041 1984 
3 2043 49 50 
3 2043 2041 49 
3 2041 1983 49 
3 2046 2045 2044 
3 1986 2044 2045 
3 1986 1985 2044 
3 1985 2047 2044 
3 2047 1985 2048 
3 1985 1987 2048 
3 2048 1987 1984 
3 2042 2048 1984 
3 2043 50 53 
3 2051 2050 2049 
3 2045 1990 1988 
3 2046 1990 2045 
3 2046 2050 1990 
3 2046 2049 2050 
3 2045 1988 1986 
3 2054 2053 2052 
3 2052 2050 2051 
3 2052 2053 2050 
3 2053 2055 2050 
3 2050 2055 1991 
3 1990 2050 1991 
3 2057 2053 2054 
3 2056 2053 2057 
3 1993 1992 2055 
3 1993 2055 2056 
3 2056 2055 2053 
3 2055 1992 1991 
3 2060 2059 2058 
3 2056 1997 1995 
3 2057 1997 2056 
3 2057 2059 1997 
3 2057 2058 2059 
3 2056 1995 1993 
3 2062 2059 2060 
3 2061 2059 2062 
3 2059 2061 2001 
3 1997 2059 2001 
3 2061 2008 2006 
3 2061 2062 2008 
3 2062 2063 2008 
3 2061 2006 2001 
3 1619 1620 2064 
3 2067 2066 2065 
3 2065 2066 2015 
3 2065 2015 2063 
3 2063 2015 2008 
3 2064 1620 1567 
3 2064 1567 2068 
3 2068 1567 2016 
3 2016 2069 2068 
3 2018 2069 2016 
3 2071 2066 2067 
3 2070 2066 2071 
3 2066 2070 2023 
3 2015 2066 2023 
3 2069 2018 2024 
3 2072 2069 2024 
3 2074 2024 2026 
3 2074 2073 2024 
3 2073 2072 2024 
3 2073 2074 2075 
3 2077 2070 2071 
3 2076 2070 2077 
3 2070 2076 2029 
3 2023 2070 2029 
3 2074 2026 2030 
3 2075 2074 2030 
3 2075 2030 2078 
3 2078 2030 2031 
3 2031 2079 2078 
3 2033 2079 2031 
3 2076 2037 2036 
3 2076 2077 2037 
3 2077 2080 2037 
3 2076 2036 2029 
3 2079 2033 2038 
3 2081 2079 2038 
3 2081 2038 2082 
3 2038 2039 2082 
3 2082 2039 2083 
3 2039 2040 2083 
3 2083 2040 2037 
3 2080 2083 2037 
3 2041 2084 2042 
3 55 2041 2043 
3 55 54 2041 
3 2084 2041 2085 
3 2085 2041 54 
3 2046 2086 2087 
3 2044 2086 2046 
3 2086 2044 2088 
3 2044 2047 2088 
3 2090 2048 2089 
3 2090 2088 2048 
3 2088 2047 2048 
3 2089 2091 2092 
3 2048 2091 2089 
3 2048 2084 2091 
3 2048 2042 2084 
3 2084 2085 2091 
3 2043 53 55 
3 2095 2094 2093 
3 2093 2097 2096 
3 2094 2097 2093 
3 2051 2096 2097 
3 2051 2049 2096 
3 2049 2098 2096 
3 2098 2049 2046 
3 2087 2098 2046 
3 2090 2089 2099 
3 2089 2092 2099 
3 2101 2094 2095 
3 2100 2094 2101 
3 2054 2052 2097 
3 2054 2097 2100 
3 2100 2097 2094 
3 2097 2052 2051 
3 2104 2103 2102 
3 2102 2100 2101 
3 2102 2103 2100 
3 2103 2105 2100 
3 2100 2105 2057 
3 2054 2100 2057 
3 2107 2103 2104 
3 2106 2103 2107 
3 2060 2058 2105 
3 2060 2105 2106 
3 2106 2105 2103 
3 2105 2058 2057 
3 2109 2106 2107 
3 2108 2106 2109 
3 2106 2108 2062 
3 2060 2106 2062 
3 2111 2108 2109 
3 2110 2108 2111 
3 2108 2110 2063 
3 2062 2108 2063 
3 1619 2112 1651 
3 2064 2112 1619 
3 2110 2067 2065 
3 2110 2111 2067 
3 2111 2113 2067 
3 2110 2065 2063 
3 2112 2064 2068 
3 2114 2112 2068 
3 2116 2068 2069 
3 2116 2115 2068 
3 2115 2114 2068 
3 2115 2116 2117 
3 2113 2118 2067 
3 2118 2071 2067 
3 2116 2069 2072 
3 2117 2116 2072 
3 2117 2072 2119 
3 2119 2072 2073 
3 2073 2120 2119 
3 2075 2120 2073 
3 2118 2121 2071 
3 2121 2077 2071 
3 2120 2075 2078 
3 2122 2120 2078 
3 2078 2123 2122 
3 2079 2123 2078 
3 2121 2124 2077 
3 2124 2080 2077 
3 2123 2079 2081 
3 2125 2123 2081 
3 2125 2081 2126 
3 2081 2082 2126 
3 2126 2082 2127 
3 2082 2083 2127 
3 2127 2083 2080 
3 2124 2127 2080 
3 2085 57 2128 
3 54 57 2085 
3 2086 2129 2087 
3 2088 2129 2086 
3 2130 2129 2088 
3 2132 2088 2090 
3 2132 2131 2088 
3 2130 2088 2133 
3 2133 2088 2131 
3 2092 2131 2132 
3 2092 2091 2131 
3 2091 2134 2131 
3 2134 2091 2085 
3 2128 2134 2085 
3 2137 2136 2135 
3 2095 2135 2136 
3 2095 2093 2135 
3 2093 2138 2135 
3 2138 2093 2139 
3 2093 2096 2139 
3 2139 2096 2140 
3 2096 2098 2140 
3 2087 2129 2141 
3 2087 2141 2098 
3 2098 2141 2140 
3 2129 2130 2142 
3 2141 2129 2142 
3 2130 2133 2142 
3 2090 2099 2132 
3 2132 2099 2092 
3 2145 2144 2143 
3 2143 2136 2137 
3 2143 2144 2136 
3 2144 2146 2136 
3 2136 2146 2101 
3 2095 2136 2101 
3 2149 2148 2147 
3 2147 2144 2145 
3 2147 2148 2144 
3 2148 2150 2144 
3 2104 2102 2146 
3 2104 2146 2150 
3 2150 2146 2144 
3 2146 2102 2101 
3 2152 2148 2149 
3 2151 2148 2152 
3 2148 2151 2150 
3 2150 2151 2153 
3 2150 2153 2107 
3 2104 2150 2107 
3 2155 2151 2152 
3 2154 2151 2155 
3 2151 2154 2153 
3 2153 2154 2156 
3 2153 2156 2109 
3 2107 2153 2109 
3 2158 2154 2155 
3 2157 2154 2158 
3 2154 2157 2156 
3 2156 2157 2159 
3 2156 2159 2111 
3 2109 2156 2111 
3 2161 1651 2112 
3 2161 2160 1651 
3 2160 1680 1651 
3 2160 2161 2162 
3 2158 2163 2157 
3 2165 2157 2163 
3 2165 2164 2157 
3 2164 2159 2157 
3 2159 2164 2113 
3 2111 2159 2113 
3 2161 2112 2114 
3 2162 2161 2114 
3 2162 2114 2166 
3 2166 2114 2115 
3 2168 2115 2117 
3 2168 2167 2115 
3 2167 2166 2115 
3 2167 2168 2169 
3 2165 2170 2164 
3 2164 2170 2171 
3 2164 2171 2113 
3 2113 2171 2118 
3 2168 2117 2119 
3 2119 2120 2173 
3 2168 2119 2173 
3 2168 2173 2172 
3 2168 2172 2169 
3 2172 2173 2174 
3 2171 2175 2118 
3 2175 2121 2118 
3 2173 2120 2122 
3 2122 2123 2177 
3 2173 2122 2177 
3 2173 2177 2176 
3 2173 2176 2174 
3 2176 2179 2178 
3 2177 2179 2176 
3 2178 2179 2180 
3 2175 2181 2121 
3 2181 2124 2121 
3 2177 2123 2125 
3 2179 2177 2125 
3 2126 2179 2125 
3 2180 2179 2126 
3 2180 2126 2182 
3 2182 2126 2127 
3 2182 2127 2124 
3 2181 2182 2124 
3 2185 2184 2183 
3 2128 2183 2184 
3 2128 57 2183 
3 57 58 2183 
3 2188 2187 2186 
3 2186 2190 2189 
3 2187 2190 2186 
3 2189 2192 2191 
3 2190 2192 2189 
3 2191 2194 2193 
3 2192 2194 2191 
3 2193 2196 2195 
3 2194 2196 2193 
3 2133 2195 2196 
3 2133 2131 2195 
3 2131 2197 2195 
3 2184 2185 2197 
3 2184 2197 2134 
3 2134 2197 2131 
3 2184 2134 2128 
3 2200 2199 2198 
3 2137 2198 2199 
3 2137 2135 2198 
3 2135 2201 2198 
3 2187 2188 2201 
3 2187 2201 2138 
3 2138 2201 2135 
3 2190 2187 2138 
3 2139 2190 2138 
3 2192 2190 2139 
3 2140 2192 2139 
3 2194 2192 2140 
3 2141 2194 2140 
3 2196 2194 2141 
3 2142 2196 2141 
3 2196 2142 2133 
3 2199 2145 2143 
3 2199 2200 2145 
3 2200 2202 2145 
3 2199 2143 2137 
3 2149 2203 2204 
3 2147 2203 2149 
3 2203 2147 2145 
3 2202 2203 2145 
3 2207 2206 2205 
3 2205 2206 2152 
3 2205 2152 2204 
3 2204 2152 2149 
3 2209 2206 2207 
3 2208 2206 2209 
3 2206 2208 2155 
3 2152 2206 2155 
3 1707 2211 2210 
3 1708 2211 1707 
3 2210 2211 2212 
3 2209 2213 2208 
3 2208 2213 2214 
3 2208 2214 2155 
3 2155 2214 2158 
3 2211 1708 1680 
3 2160 2211 1680 
3 2160 2162 2216 
3 2211 2160 2216 
3 2211 2216 2215 
3 2211 2215 2212 
3 2215 2216 2217 
3 2214 2163 2158 
3 2218 2163 2214 
3 2163 2218 2219 
3 2165 2163 2219 
3 2216 2162 2166 
3 2217 2216 2166 
3 2217 2166 2220 
3 2220 2166 2167 
3 2167 2221 2220 
3 2169 2221 2167 
3 2219 2170 2165 
3 2222 2170 2219 
3 2170 2222 2223 
3 2171 2170 2223 
3 2221 2169 2172 
3 2224 2221 2172 
3 2226 2172 2174 
3 2226 2225 2172 
3 2225 2224 2172 
3 2225 2226 2227 
3 2223 2228 2171 
3 2228 2175 2171 
3 2226 2174 2176 
3 2227 2226 2176 
3 2227 2176 2229 
3 2229 2176 2178 
3 2231 2178 2180 
3 2231 2230 2178 
3 2230 2229 2178 
3 2230 2231 2181 
3 2230 2181 2228 
3 2228 2181 2175 
3 2231 2180 2182 
3 2231 2182 2181 
3 2185 2232 2233 
3 2183 2232 2185 
3 32 2234 2232 
3 32 2232 58 
3 58 2232 2183 
3 2237 2236 2235 
3 2188 2235 2236 
3 2188 2186 2235 
3 2186 2238 2235 
3 2238 2186 2239 
3 2186 2189 2239 
3 2239 2189 2240 
3 2189 2191 2240 
3 2240 2191 2241 
3 2191 2193 2241 
3 2241 2193 2242 
3 2193 2195 2242 
3 2242 2195 2243 
3 2195 2197 2243 
3 2243 2197 2185 
3 2233 2243 2185 
3 2200 2244 2245 
3 2198 2244 2200 
3 2236 2237 2244 
3 2236 2244 2201 
3 2201 2244 2198 
3 2236 2201 2188 
3 2248 2247 2246 
3 2246 2247 2202 
3 2246 2202 2245 
3 2245 2202 2200 
3 2251 2250 2249 
3 2247 2204 2203 
3 2248 2204 2247 
3 2248 2250 2204 
3 2248 2249 2250 
3 2247 2203 2202 
3 2250 2207 2205 
3 2250 2251 2207 
3 2251 2252 2207 
3 2250 2205 2204 
3 2252 2253 2207 
3 2253 2209 2207 
3 1733 1707 2254 
3 1707 2210 2254 
3 2210 2255 2254 
3 2212 2255 2210 
3 2253 2213 2209 
3 2256 2213 2253 
3 2258 2214 2213 
3 2258 2213 2257 
3 2257 2213 2256 
3 2257 2259 2258 
3 2255 2212 2215 
3 2260 2255 2215 
3 2215 2261 2260 
3 2217 2261 2215 
3 2258 2218 2214 
3 2218 2263 2219 
3 2258 2263 2218 
3 2258 2262 2263 
3 2258 2259 2262 
3 2262 2264 2263 
3 2261 2217 2220 
3 2265 2261 2220 
3 2220 2266 2265 
3 2221 2266 2220 
3 2263 2222 2219 
3 2222 2263 2264 
3 2222 2264 2223 
3 2223 2264 2267 
3 2266 2221 2224 
3 2268 2266 2224 
3 2268 2224 2269 
3 2224 2225 2269 
3 2271 2225 2227 
3 2271 2270 2225 
3 2270 2269 2225 
3 2270 2271 2272 
3 2267 2273 2223 
3 2273 2228 2223 
3 2271 2227 2229 
3 2272 2271 2229 
3 2272 2229 2274 
3 2274 2229 2230 
3 2274 2230 2228 
3 2273 2274 2228 
3 2277 2276 2275 
3 2278 2233 2232 
3 2279 2233 2278 
3 2279 2276 2233 
3 2279 2275 2276 
3 2278 2232 2234 
3 2237 2280 2281 
3 2235 2280 2237 
3 2280 2235 2282 
3 2235 2238 2282 
3 2282 2238 2283 
3 2238 2239 2283 
3 2283 2239 2284 
3 2239 2240 2284 
3 2284 2240 2285 
3 2240 2241 2285 
3 2285 2241 2286 
3 2241 2242 2286 
3 2276 2277 2286 
3 2276 2286 2243 
3 2243 2286 2242 
3 2276 2243 2233 
3 2245 2287 2288 
3 2244 2287 2245 
3 2287 2244 2237 
3 2281 2287 2237 
3 2291 2290 2289 
3 2248 2289 2290 
3 2248 2246 2289 
3 2246 2292 2289 
3 2292 2246 2245 
3 2288 2292 2245 
3 2290 2251 2249 
3 2290 2291 2251 
3 2291 2293 2251 
3 2290 2249 2248 
3 2293 2294 2251 
3 2294 2252 2251 
3 1755 1756 2295 
3 2297 2294 2296 
3 2297 2253 2294 
3 2253 2252 2294 
3 2296 2298 2297 
3 2295 1756 1733 
3 2295 1733 2299 
3 2299 1733 2254 
3 2254 2300 2299 
3 2255 2300 2254 
3 2297 2256 2253 
3 2298 2256 2297 
3 2298 2301 2256 
3 2301 2257 2256 
3 2257 2301 2302 
3 2259 2257 2302 
3 2300 2255 2260 
3 2303 2300 2260 
3 2260 2304 2303 
3 2261 2304 2260 
3 2302 2262 2259 
3 2305 2262 2302 
3 2262 2305 2306 
3 2264 2262 2306 
3 2304 2261 2265 
3 2307 2304 2265 
3 2309 2265 2266 
3 2309 2308 2265 
3 2308 2307 2265 
3 2308 2309 2310 
3 2306 2311 2264 
3 2311 2267 2264 
3 2309 2266 2268 
3 2310 2309 2268 
3 2310 2268 2312 
3 2312 2268 2269 
3 2312 2269 2313 
3 2269 2270 2313 
3 2315 2270 2272 
3 2315 2314 2270 
3 2314 2313 2270 
3 2314 2315 2273 
3 2314 2273 2311 
3 2311 2273 2267 
3 2315 2272 2274 
3 2315 2274 2273 
3 2318 2317 2316 
3 2277 2316 2317 
3 2277 2275 2316 
3 2275 2319 2316 
3 2319 2275 2279 
3 2320 2319 2279 
3 2323 2322 2321 
3 2281 2321 2322 
3 2281 2280 2321 
3 2280 2324 2321 
3 2324 2280 2325 
3 2280 2282 2325 
3 2325 2282 2326 
3 2282 2283 2326 
3 2326 2283 2327 
3 2283 2284 2327 
3 2327 2284 2328 
3 2284 2285 2328 
3 2317 2318 2328 
3 2317 2328 2286 
3 2286 2328 2285 
3 2317 2286 2277 
3 2331 2330 2329 
3 2322 2288 2287 
3 2323 2288 2322 
3 2323 2330 2288 
3 2323 2329 2330 
3 2322 2287 2281 
3 2291 2332 2333 
3 2289 2332 2291 
3 2330 2331 2332 
3 2330 2332 2292 
3 2292 2332 2289 
3 2330 2292 2288 
3 2333 2334 2291 
3 2334 2293 2291 
3 2334 2335 2293 
3 2335 2294 2293 
3 2337 1755 2295 
3 2337 2336 1755 
3 2336 1219 1755 
3 2336 2337 2338 
3 2335 2296 2294 
3 2339 2296 2335 
3 2296 2339 2340 
3 2298 2296 2340 
3 2337 2295 2299 
3 2299 2300 2342 
3 2337 2299 2342 
3 2337 2342 2341 
3 2337 2341 2338 
3 2341 2342 2343 
3 2340 2301 2298 
3 2344 2301 2340 
3 2346 2302 2301 
3 2346 2301 2345 
3 2345 2301 2344 
3 2345 2347 2346 
3 2342 2300 2303 
3 2303 2304 2349 
3 2342 2303 2349 
3 2342 2349 2348 
3 2342 2348 2343 
3 2348 2349 2350 
3 2346 2305 2302 
3 2305 2346 2347 
3 2305 2347 2306 
3 2306 2347 2351 
3 2349 2304 2307 
3 2350 2349 2307 
3 2350 2307 2352 
3 2352 2307 2308 
3 2308 2353 2352 
3 2310 2353 2308 
3 2351 2354 2306 
3 2354 2311 2306 
3 2353 2310 2312 
3 2355 2353 2312 
3 2355 2312 2356 
3 2312 2313 2356 
3 2356 2313 2357 
3 2313 2314 2357 
3 2357 2314 2311 
3 2354 2357 2311 
3 596 2358 551 
3 551 2358 2359 
3 2358 2360 2359 
3 2359 2360 2361 
3 2360 2362 2361 
3 2361 2362 2363 
3 2362 2364 2363 
3 2363 2364 2365 
3 2364 2366 2365 
3 2365 2366 2367 
3 2367 2366 2368 
3 2369 2367 2368 
3 2368 2371 2369 
3 2370 2371 2368 
3 2371 2370 2372 
3 2373 2371 2372 
3 2372 2375 2373 
3 2374 2375 2372 
3 2377 2378 2375 
3 2377 2375 2376 
3 2376 2375 2374 
3 2376 2379 2377 
3 2377 2380 2378 
3 2379 2380 2377 
3 2379 2381 2380 
3 2381 2382 2380 
3 2384 2385 2382 
3 2384 2382 2383 
3 2383 2382 2381 
3 2383 2386 2384 
3 2384 2387 2385 
3 2386 2387 2384 
3 2386 2388 2387 
3 2388 2389 2387 
3 2391 2392 2389 
3 2391 2389 2390 
3 2390 2389 2388 
3 2390 2393 2394 
3 2391 2390 2394 
3 2393 2395 2394 
3 2391 2396 2392 
3 2394 2396 2391 
3 2397 2396 2394 
3 2395 2397 2394 
3 2395 2398 2397 
3 2398 2399 2397 
3 2399 2398 2400 
3 2401 2399 2400 
3 2400 2403 2401 
3 2402 2403 2400 
3 2404 59 42 
3 2404 42 2402 
3 2402 42 2403 
3 2405 59 2404 
3 60 59 2405 
3 2408 2407 2406 
3 2406 60 2405 
3 2406 2407 60 
3 2407 61 60 
3 2411 2410 2409 
3 2407 2320 2412 
3 2408 2320 2407 
3 2408 2410 2320 
3 2408 2409 2410 
3 61 2407 2412 
3 48 61 2412 
3 2415 2413 2414 
3 2413 2416 2417 
3 2414 2413 2417 
3 2416 2418 2417 
3 2414 634 2415 
3 2414 2358 634 
3 2358 596 634 
3 2417 2358 2414 
3 2360 2358 2417 
3 2418 2360 2417 
3 2418 2419 2360 
3 2419 2362 2360 
3 2419 2420 2362 
3 2362 2420 2364 
3 2420 2421 2364 
3 2364 2421 2366 
3 2366 2421 2422 
3 2368 2366 2422 
3 2422 2370 2368 
3 2423 2370 2422 
3 2370 2423 2424 
3 2372 2370 2424 
3 2424 2374 2372 
3 2425 2374 2424 
3 2425 2426 2374 
3 2374 2426 2376 
3 2428 2379 2376 
3 2428 2376 2427 
3 2427 2376 2426 
3 2427 2429 2428 
3 2428 2381 2379 
3 2429 2381 2428 
3 2429 2430 2381 
3 2430 2383 2381 
3 2432 2386 2383 
3 2432 2383 2431 
3 2431 2383 2430 
3 2431 2433 2432 
3 2432 2388 2386 
3 2433 2388 2432 
3 2433 2434 2388 
3 2434 2390 2388 
3 2434 2435 2390 
3 2390 2435 2393 
3 2393 2435 2436 
3 2395 2393 2436 
3 2436 2398 2395 
3 2437 2398 2436 
3 2398 2437 2438 
3 2400 2398 2438 
3 2438 2402 2400 
3 2439 2402 2438 
3 2402 2439 2440 
3 2404 2402 2440 
3 2440 2441 2404 
3 2441 2405 2404 
3 2408 2442 2443 
3 2406 2442 2408 
3 2442 2406 2405 
3 2441 2442 2405 
3 2446 2445 2444 
3 2411 2444 2445 
3 2411 2409 2444 
3 2409 2447 2444 
3 2447 2409 2408 
3 2443 2447 2408 
3 2415 677 676 
3 2415 676 2413 
3 2413 676 2448 
3 2448 2449 2413 
3 2413 2449 2416 
3 2451 2418 2416 
3 2451 2416 2450 
3 2450 2416 2449 
3 2450 2452 2453 
3 2451 2450 2453 
3 2452 2454 2453 
3 677 2415 634 
3 2451 2419 2418 
3 2453 2419 2451 
3 2420 2419 2453 
3 2454 2420 2453 
3 2454 2455 2420 
3 2455 2421 2420 
3 2421 2455 2456 
3 2422 2421 2456 
3 2456 2423 2422 
3 2457 2423 2456 
3 2459 2424 2423 
3 2459 2423 2458 
3 2458 2423 2457 
3 2458 2460 2459 
3 2459 2425 2424 
3 2460 2425 2459 
3 2460 2461 2425 
3 2461 2426 2425 
3 2461 2462 2426 
3 2426 2462 2427 
3 2464 2429 2427 
3 2464 2427 2463 
3 2463 2427 2462 
3 2463 2465 2464 
3 2464 2430 2429 
3 2465 2430 2464 
3 2465 2466 2430 
3 2466 2431 2430 
3 2431 2466 2467 
3 2433 2431 2467 
3 2467 2434 2433 
3 2468 2434 2467 
3 2468 2469 2434 
3 2434 2469 2435 
3 2435 2469 2470 
3 2436 2435 2470 
3 2470 2437 2436 
3 2471 2437 2470 
3 2473 2438 2437 
3 2473 2437 2472 
3 2472 2437 2471 
3 2472 2474 2473 
3 2473 2439 2438 
3 2439 2473 2474 
3 2439 2474 2440 
3 2440 2474 2475 
3 2478 2477 2476 
3 2476 2477 2441 
3 2476 2441 2475 
3 2475 2441 2440 
3 2481 2480 2479 
3 2477 2443 2442 
3 2478 2443 2477 
3 2478 2480 2443 
3 2478 2479 2480 
3 2477 2442 2441 
3 2484 2483 2482 
3 2446 2482 2483 
3 2446 2444 2482 
3 2444 2485 2482 
3 2480 2481 2485 
3 2480 2485 2447 
3 2447 2485 2444 
3 2480 2447 2443 
3 722 2486 676 
3 676 2486 2448 
3 2486 2487 2448 
3 2448 2487 2449 
3 2487 2488 2449 
3 2449 2488 2450 
3 2488 2489 2450 
3 2450 2489 2452 
3 2452 2489 2490 
3 2454 2452 2490 
3 2490 2455 2454 
3 2491 2455 2490 
3 2493 2456 2455 
3 2493 2455 2492 
3 2492 2455 2491 
3 2492 2494 2493 
3 2493 2457 2456 
3 2494 2457 2493 
3 2494 2495 2457 
3 2495 2458 2457 
3 2497 2460 2458 
3 2497 2458 2496 
3 2496 2458 2495 
3 2496 2498 2499 
3 2497 2496 2499 
3 2498 2500 2499 
3 2497 2461 2460 
3 2499 2461 2497 
3 2462 2461 2499 
3 2500 2462 2499 
3 2500 2501 2462 
3 2501 2463 2462 
3 2463 2501 2502 
3 2465 2463 2502 
3 2502 2466 2465 
3 2503 2466 2502 
3 2466 2503 2504 
3 2467 2466 2504 
3 2504 2468 2467 
3 2505 2468 2504 
3 2505 2506 2468 
3 2468 2506 2469 
3 2508 2470 2469 
3 2508 2469 2507 
3 2507 2469 2506 
3 2507 2509 2508 
3 2508 2471 2470 
3 2509 2471 2508 
3 2509 2510 2471 
3 2510 2472 2471 
3 2472 2510 2511 
3 2474 2472 2511 
3 2511 2512 2474 
3 2512 2475 2474 
3 2478 2513 2514 
3 2476 2513 2478 
3 2513 2476 2475 
3 2512 2513 2475 
3 2481 2515 2516 
3 2479 2515 2481 
3 2515 2479 2478 
3 2514 2515 2478 
3 2519 2518 2517 
3 2484 2517 2518 
3 2484 2482 2517 
3 2482 2520 2517 
3 2520 2482 2521 
3 2482 2485 2521 
3 2521 2485 2481 
3 2516 2521 2481 
3 759 2522 760 
3 2522 2523 2524 
3 2522 2524 760 
3 760 2524 762 
3 2523 2525 2524 
3 2524 722 762 
3 2486 722 2524 
3 2525 2486 2524 
3 2525 2526 2486 
3 2526 2487 2486 
3 2526 2527 2487 
3 2487 2527 2488 
3 2527 2528 2488 
3 2488 2528 2489 
3 2489 2528 2529 
3 2490 2489 2529 
3 2529 2491 2490 
3 2530 2491 2529 
3 2530 2531 2491 
3 2491 2531 2492 
3 2533 2494 2492 
3 2533 2492 2532 
3 2532 2492 2531 
3 2532 2534 2533 
3 2533 2495 2494 
3 2534 2495 2533 
3 2534 2535 2495 
3 2535 2496 2495 
3 2535 2536 2496 
3 2496 2536 2498 
3 2498 2536 2537 
3 2500 2498 2537 
3 2537 2501 2500 
3 2538 2501 2537 
3 2501 2538 2539 
3 2502 2501 2539 
3 2539 2503 2502 
3 2540 2503 2539 
3 2503 2540 2541 
3 2504 2503 2541 
3 2541 2505 2504 
3 2542 2505 2541 
3 2542 2543 2505 
3 2505 2543 2506 
3 2543 2544 2506 
3 2506 2544 2507 
3 2546 2509 2507 
3 2546 2507 2545 
3 2545 2507 2544 
3 2545 2547 2546 
3 2546 2510 2509 
3 2510 2546 2547 
3 2510 2547 2511 
3 2511 2547 2548 
3 2551 2550 2549 
3 2549 2550 2512 
3 2549 2512 2548 
3 2548 2512 2511 
3 2550 2514 2513 
3 2550 2551 2514 
3 2551 2552 2514 
3 2550 2513 2512 
3 2516 2553 2554 
3 2515 2553 2516 
3 2553 2515 2514 
3 2552 2553 2514 
3 2557 2556 2555 
3 2519 2555 2556 
3 2519 2517 2555 
3 2517 2558 2555 
3 2558 2517 2559 
3 2517 2520 2559 
3 2559 2520 2560 
3 2520 2521 2560 
3 2560 2521 2516 
3 2554 2560 2516 
3 759 802 2561 
3 2522 759 2561 
3 2561 2523 2522 
3 2562 2523 2561 
3 2564 2525 2523 
3 2564 2523 2563 
3 2563 2523 2562 
3 2563 2565 2564 
3 2564 2526 2525 
3 2565 2526 2564 
3 2565 2566 2526 
3 2566 2527 2526 
3 2566 2567 2527 
3 2527 2567 2528 
3 2569 2529 2528 
3 2569 2528 2568 
3 2568 2528 2567 
3 2568 2570 2569 
3 2569 2530 2529 
3 2570 2530 2569 
3 2570 2571 2530 
3 2571 2531 2530 
3 2571 2572 2531 
3 2531 2572 2532 
3 2532 2572 2573 
3 2534 2532 2573 
3 2573 2535 2534 
3 2574 2535 2573 
3 2574 2575 2535 
3 2535 2575 2536 
3 2536 2575 2576 
3 2537 2536 2576 
3 2576 2538 2537 
3 2577 2538 2576 
3 2579 2539 2538 
3 2579 2538 2578 
3 2578 2538 2577 
3 2578 2580 2579 
3 2579 2540 2539 
3 2540 2582 2541 
3 2579 2582 2540 
3 2579 2581 2582 
3 2579 2580 2581 
3 2581 2583 2584 
3 2582 2581 2584 
3 2583 2585 2584 
3 2582 2542 2541 
3 2584 2542 2582 
3 2543 2542 2584 
3 2585 2543 2584 
3 2585 2586 2543 
3 2586 2544 2543 
3 2586 2587 2544 
3 2544 2587 2545 
3 2545 2587 2588 
3 2547 2545 2588 
3 2588 2589 2547 
3 2589 2548 2547 
3 2551 2590 2591 
3 2549 2590 2551 
3 2590 2549 2548 
3 2589 2590 2548 
3 2591 2592 2551 
3 2592 2552 2551 
3 2554 2593 2594 
3 2553 2593 2554 
3 2593 2553 2552 
3 2592 2593 2552 
3 2557 2595 2596 
3 2555 2595 2557 
3 2595 2555 2597 
3 2555 2558 2597 
3 2597 2558 2598 
3 2558 2559 2598 
3 2598 2559 2599 
3 2559 2560 2599 
3 2599 2560 2554 
3 2594 2599 2554 
3 2601 2561 802 
3 2601 802 2600 
3 2600 802 839 
3 2600 2602 2603 
3 2601 2600 2603 
3 2602 2604 2603 
3 2601 2562 2561 
3 2603 2562 2601 
3 2563 2562 2603 
3 2563 2606 2565 
3 2603 2606 2563 
3 2603 2605 2606 
3 2603 2604 2605 
3 2605 2607 2608 
3 2606 2605 2608 
3 2607 2609 2608 
3 2606 2566 2565 
3 2608 2566 2606 
3 2567 2566 2608 
3 2609 2567 2608 
3 2609 2610 2567 
3 2610 2568 2567 
3 2612 2570 2568 
3 2612 2568 2611 
3 2611 2568 2610 
3 2611 2613 2612 
3 2612 2571 2570 
3 2613 2571 2612 
3 2613 2614 2571 
3 2614 2572 2571 
3 2616 2573 2572 
3 2616 2572 2615 
3 2615 2572 2614 
3 2615 2617 2616 
3 2616 2574 2573 
3 2617 2574 2616 
3 2617 2618 2574 
3 2618 2575 2574 
3 2620 2576 2575 
3 2620 2575 2619 
3 2619 2575 2618 
3 2619 2621 2620 
3 2620 2577 2576 
3 2621 2577 2620 
3 2621 2622 2577 
3 2622 2578 2577 
3 2624 2580 2578 
3 2624 2578 2623 
3 2623 2578 2622 
3 2623 2625 2624 
3 2624 2581 2580 
3 2625 2581 2624 
3 2625 2626 2581 
3 2626 2583 2581 
3 2628 2585 2583 
3 2628 2583 2627 
3 2627 2583 2626 
3 2627 2629 2628 
3 2628 2586 2585 
3 2629 2586 2628 
3 2629 2630 2586 
3 2630 2587 2586 
3 63 2588 2587 
3 63 2587 62 
3 62 2587 2630 
3 65 2588 63 
3 65 2631 2588 
3 2631 2589 2588 
3 2591 2632 2633 
3 2590 2632 2591 
3 2632 2590 2589 
3 2631 2632 2589 
3 2633 2634 2591 
3 2634 2592 2591 
3 2594 2635 2636 
3 2593 2635 2594 
3 2635 2593 2592 
3 2634 2635 2592 
3 2595 2637 2596 
3 2597 2637 2595 
3 2638 2637 2597 
3 2638 2639 2640 
3 2638 2597 2639 
3 2597 2598 2639 
3 2639 2598 2641 
3 2598 2599 2641 
3 2641 2599 2594 
3 2636 2641 2594 
3 886 2642 839 
3 839 2642 2600 
3 2642 2643 2600 
3 2600 2643 2602 
3 2602 2643 2644 
3 2604 2602 2644 
3 2644 2605 2604 
3 2645 2605 2644 
3 2645 2646 2605 
3 2605 2646 2607 
3 2607 2646 2647 
3 2609 2607 2647 
3 2647 2610 2609 
3 2648 2610 2647 
3 2648 2649 2610 
3 2610 2649 2611 
3 2611 2649 2650 
3 2613 2611 2650 
3 2650 2614 2613 
3 2651 2614 2650 
3 2651 2652 2614 
3 2614 2652 2615 
3 2615 2652 2653 
3 2617 2615 2653 
3 2653 2618 2617 
3 2654 2618 2653 
3 2654 2655 2618 
3 2618 2655 2619 
3 2619 2655 2656 
3 2621 2619 2656 
3 2656 2622 2621 
3 2657 2622 2656 
3 2657 2658 2622 
3 2622 2658 2623 
3 2660 2625 2623 
3 2660 2623 2659 
3 2659 2623 2658 
3 2659 2661 2660 
3 2660 2626 2625 
3 2661 2626 2660 
3 2661 2662 2626 
3 2662 2627 2626 
3 2664 2629 2627 
3 2664 2627 2663 
3 2663 2627 2662 
3 2663 2665 2664 
3 2664 2630 2629 
3 2664 62 2630 
3 2664 2666 62 
3 2664 2665 2666 
3 66 62 2666 
3 66 2631 65 
3 66 2666 2631 
3 2666 2667 2631 
3 2633 2668 2669 
3 2632 2668 2633 
3 2668 2632 2631 
3 2667 2668 2631 
3 2669 2670 2633 
3 2670 2634 2633 
3 2636 2671 2672 
3 2635 2671 2636 
3 2671 2635 2634 
3 2670 2671 2634 
3 2639 2673 2640 
3 2641 2673 2639 
3 2674 2673 2641 
3 2674 2641 2636 
3 2674 2636 2675 
3 2675 2636 2672 
3 922 2676 923 
3 2676 886 923 
3 2676 2677 886 
3 2677 2642 886 
3 2677 2678 2642 
3 2642 2678 2643 
3 2680 2644 2643 
3 2680 2643 2679 
3 2679 2643 2678 
3 2679 2681 2682 
3 2680 2679 2682 
3 2681 2683 2682 
3 2680 2645 2644 
3 2682 2645 2680 
3 2646 2645 2682 
3 2646 2685 2647 
3 2682 2685 2646 
3 2682 2684 2685 
3 2682 2683 2684 
3 2684 2686 2685 
3 2685 2648 2647 
3 2686 2648 2685 
3 2686 2687 2648 
3 2687 2649 2648 
3 2689 2650 2649 
3 2689 2649 2688 
3 2688 2649 2687 
3 2688 2690 2689 
3 2689 2651 2650 
3 2690 2651 2689 
3 2690 2691 2651 
3 2691 2652 2651 
3 2693 2653 2652 
3 2693 2652 2692 
3 2692 2652 2691 
3 2692 2694 2693 
3 2697 2696 2695 
3 2695 2699 2698 
3 2696 2699 2695 
3 2698 2699 2700 
3 2693 2654 2653 
3 2694 2654 2693 
3 2694 2701 2654 
3 2701 2655 2654 
3 2703 2656 2655 
3 2703 2655 2702 
3 2702 2655 2701 
3 2702 2704 2703 
3 2697 2705 2696 
3 2707 2696 2705 
3 2707 2706 2696 
3 2706 2699 2696 
3 2700 2709 2708 
3 2700 2699 2709 
3 2699 2706 2709 
3 2708 2711 2710 
3 2709 2711 2708 
3 2710 2711 2712 
3 2703 2657 2656 
3 2704 2657 2703 
3 2704 2713 2657 
3 2713 2658 2657 
3 2713 2714 2658 
3 2658 2714 2659 
3 2659 2714 2715 
3 2661 2659 2715 
3 2707 2716 2706 
3 2706 2717 2709 
3 2716 2717 2706 
3 2709 2718 2711 
3 2717 2718 2709 
3 2711 2718 2712 
3 2715 2662 2661 
3 2719 2662 2715 
3 2719 2720 2662 
3 2662 2720 2663 
3 2663 2720 2721 
3 2665 2663 2721 
3 2721 2722 2665 
3 2722 2666 2665 
3 2722 2723 2666 
3 2723 2667 2666 
3 2669 2724 2725 
3 2668 2724 2669 
3 2724 2668 2667 
3 2723 2724 2667 
3 2728 2727 2726 
3 2726 2727 2670 
3 2726 2670 2725 
3 2725 2670 2669 
3 2727 2672 2671 
3 2727 2728 2672 
3 2728 2729 2672 
3 2727 2671 2670 
3 2732 2731 2730 
3 2730 2731 2675 
3 2730 2675 2729 
3 2729 2675 2672 
3 2734 2676 922 
3 2734 922 2733 
3 2733 922 965 
3 2733 2735 2734 
3 2734 2677 2676 
3 2735 2677 2734 
3 2735 2736 2677 
3 2736 2678 2677 
3 2736 2737 2678 
3 2678 2737 2679 
3 2739 2738 2681 
3 2739 2681 2737 
3 2737 2681 2679 
3 2681 2738 2683 
3 2739 2740 2738 
3 2742 2741 2684 
3 2740 2742 2684 
3 2740 2684 2683 
3 2740 2683 2738 
3 2684 2741 2686 
3 989 2744 2743 
3 990 2744 989 
3 2743 2746 2745 
3 2744 2746 2743 
3 2745 2746 2747 
3 2742 2748 2741 
3 2741 2687 2686 
3 2741 2748 2687 
3 2748 2749 2687 
3 2751 2750 2688 
3 2751 2688 2749 
3 2749 2688 2687 
3 2688 2750 2690 
3 990 997 2744 
3 2744 997 2752 
3 2744 2752 2746 
3 2746 2752 2753 
3 2747 2755 2754 
3 2747 2746 2755 
3 2746 2753 2755 
3 2754 2757 2756 
3 2755 2757 2754 
3 2756 2759 2758 
3 2757 2759 2756 
3 2758 2761 2760 
3 2759 2761 2758 
3 2760 2750 2751 
3 2760 2761 2750 
3 2761 2762 2750 
3 2691 2690 2750 
3 2691 2750 2763 
3 2763 2750 2762 
3 2692 2691 2763 
3 2764 2692 2763 
3 2692 2764 2694 
3 2766 997 1002 
3 2766 2765 997 
3 2765 2752 997 
3 2752 2765 2753 
3 2753 2765 2767 
3 2753 2767 2755 
3 2755 2767 2768 
3 2697 2695 2757 
3 2697 2757 2768 
3 2768 2757 2755 
3 2759 2757 2695 
3 2698 2759 2695 
3 2698 2700 2769 
3 2698 2769 2759 
3 2759 2769 2761 
3 2761 2769 2762 
3 2762 2769 2770 
3 2762 2770 2763 
3 2763 2770 2771 
3 2763 2771 2764 
3 2764 2771 2772 
3 2701 2694 2764 
3 2701 2764 2773 
3 2773 2764 2772 
3 2702 2701 2773 
3 2774 2702 2773 
3 2702 2774 2704 
3 2766 2775 2765 
3 2777 2765 2775 
3 2777 2776 2765 
3 2776 2767 2765 
3 2767 2776 2768 
3 2768 2776 2778 
3 2705 2697 2768 
3 2705 2768 2779 
3 2779 2768 2778 
3 2705 2779 2707 
3 2769 2700 2708 
3 2770 2769 2708 
3 2710 2770 2708 
3 2710 2712 2780 
3 2710 2780 2770 
3 2770 2780 2771 
3 2771 2780 2772 
3 2772 2780 2781 
3 2772 2781 2773 
3 2773 2781 2782 
3 2773 2782 2774 
3 2774 2782 2783 
3 2713 2704 2774 
3 2713 2774 2784 
3 2784 2774 2783 
3 2714 2713 2784 
3 2785 2714 2784 
3 2714 2785 2715 
3 2777 2786 2776 
3 2776 2787 2778 
3 2786 2787 2776 
3 2789 2778 2787 
3 2789 2788 2778 
3 2788 2779 2778 
3 2716 2707 2779 
3 2716 2779 2790 
3 2790 2779 2788 
3 2717 2716 2790 
3 2791 2717 2790 
3 2718 2717 2791 
3 2792 2718 2791 
3 2712 2718 2792 
3 2712 2792 2780 
3 2780 2792 2793 
3 2780 2793 2781 
3 2781 2793 2794 
3 2781 2794 2782 
3 2782 2794 2795 
3 2782 2795 2783 
3 2783 2795 2796 
3 2783 2796 2784 
3 2784 2796 2797 
3 2798 2797 2799 
3 2798 2785 2797 
3 2785 2784 2797 
3 2801 2800 2719 
3 2798 2801 2719 
3 2798 2719 2715 
3 2798 2715 2785 
3 2720 2719 2800 
3 2802 2720 2800 
3 2720 2802 2721 
3 2789 2803 2788 
3 2805 2788 2803 
3 2805 2804 2788 
3 2804 2790 2788 
3 2790 2804 2791 
3 2791 2804 2806 
3 2791 2806 2792 
3 2792 2806 2807 
3 2792 2807 2793 
3 2793 2807 2808 
3 2793 2808 2794 
3 2794 2808 2809 
3 2794 2809 2795 
3 2795 2809 2810 
3 2795 2810 2796 
3 2796 2810 2811 
3 2796 2811 2797 
3 2797 2811 2812 
3 2799 2812 2813 
3 2797 2812 2799 
3 2801 2814 2800 
3 2816 2800 2814 
3 2816 2815 2800 
3 2815 2802 2800 
3 2802 2815 2722 
3 2721 2802 2722 
3 2805 2817 2804 
3 2804 2818 2806 
3 2817 2818 2804 
3 2806 2819 2807 
3 2818 2819 2806 
3 2807 2820 2808 
3 2819 2820 2807 
3 2822 2808 2820 
3 2822 2821 2808 
3 2821 2809 2808 
3 2809 2821 2810 
3 2810 2821 2823 
3 2824 2823 2825 
3 2824 2811 2823 
3 2811 2810 2823 
3 2827 2811 2824 
3 2827 2826 2811 
3 2826 2812 2811 
3 2813 2826 2828 
3 2812 2826 2813 
3 2830 2815 2816 
3 2829 2815 2830 
3 2815 2829 2723 
3 2722 2815 2723 
3 2822 2831 2821 
3 2821 2832 2823 
3 2831 2832 2821 
3 2823 2832 2825 
3 2827 2833 2826 
3 2826 2833 2828 
3 2836 2835 2834 
3 2829 2725 2724 
3 2830 2725 2829 
3 2830 2835 2725 
3 2830 2834 2835 
3 2829 2724 2723 
3 2835 2728 2726 
3 2835 2836 2728 
3 2836 2837 2728 
3 2835 2726 2725 
3 2837 2838 2728 
3 2838 2729 2728 
3 2732 2839 2840 
3 2730 2839 2732 
3 2839 2730 2729 
3 2838 2839 2729 
3 2733 965 1041 
3 2841 2733 1041 
3 2733 2841 2735 
3 1041 1043 2841 
3 2841 1043 2842 
3 2736 2735 2841 
3 2736 2841 2843 
3 2843 2841 2842 
3 2737 2736 2843 
3 2844 2737 2843 
3 2737 2844 2739 
3 1043 1046 2842 
3 2842 1046 2845 
3 2842 2845 2843 
3 2843 2845 2846 
3 2843 2846 2844 
3 2844 2846 2847 
3 2740 2739 2844 
3 2740 2844 2848 
3 2848 2844 2847 
3 2740 2848 2742 
3 2845 1046 989 
3 2743 2845 989 
3 2846 2845 2743 
3 2745 2846 2743 
3 2745 2747 2849 
3 2745 2849 2846 
3 2846 2849 2847 
3 2847 2849 2848 
3 2848 2849 2850 
3 2748 2742 2848 
3 2748 2848 2851 
3 2851 2848 2850 
3 2749 2748 2851 
3 2852 2749 2851 
3 2749 2852 2751 
3 2849 2747 2754 
3 2850 2849 2754 
3 2756 2850 2754 
3 2851 2850 2756 
3 2758 2851 2756 
3 2852 2851 2758 
3 2760 2852 2758 
3 2852 2760 2751 
3 1002 1062 2766 
3 2775 2766 1062 
3 2775 1062 2853 
3 2853 1062 1072 
3 2775 2853 2777 
3 1072 1080 2853 
3 2853 1080 2854 
3 2786 2777 2853 
3 2786 2853 2855 
3 2855 2853 2854 
3 2787 2786 2855 
3 2856 2787 2855 
3 2787 2856 2789 
3 2798 2799 2857 
3 2798 2857 2801 
3 1080 1088 2854 
3 2854 1088 2858 
3 2854 2858 2855 
3 2855 2858 2859 
3 2855 2859 2856 
3 2856 2859 2860 
3 2803 2789 2856 
3 2803 2856 2861 
3 2861 2856 2860 
3 2803 2861 2805 
3 2862 2857 2799 
3 2813 2862 2799 
3 2814 2801 2857 
3 2814 2857 2863 
3 2863 2857 2862 
3 2814 2863 2816 
3 1088 1095 2858 
3 2858 1095 2864 
3 2858 2864 2859 
3 2859 2864 2865 
3 2859 2865 2860 
3 2860 2865 2866 
3 2860 2866 2861 
3 2861 2866 2867 
3 2817 2805 2861 
3 2817 2861 2868 
3 2868 2861 2867 
3 2818 2817 2868 
3 2869 2818 2868 
3 2819 2818 2869 
3 2870 2819 2869 
3 2820 2819 2870 
3 2871 2820 2870 
3 2820 2871 2822 
3 2824 2825 2872 
3 2824 2872 2827 
3 2873 2862 2813 
3 2828 2873 2813 
3 2862 2873 2863 
3 2863 2873 2874 
3 2863 2874 2830 
3 2816 2863 2830 
3 1095 1103 2864 
3 2864 1103 2875 
3 2864 2875 2865 
3 2865 2875 2876 
3 2865 2876 2866 
3 2866 2876 2877 
3 2866 2877 2867 
3 2867 2877 2878 
3 2867 2878 2868 
3 2868 2878 2879 
3 2868 2879 2869 
3 2869 2879 2880 
3 2869 2880 2870 
3 2870 2880 2881 
3 2870 2881 2871 
3 2871 2881 2882 
3 2831 2822 2871 
3 2831 2871 2883 
3 2883 2871 2882 
3 2832 2831 2883 
3 2884 2832 2883 
3 2825 2832 2884 
3 2825 2884 2872 
3 2872 2884 2885 
3 2833 2827 2872 
3 2833 2872 2886 
3 2886 2872 2885 
3 2828 2833 2886 
3 2828 2886 2873 
3 2873 2886 2887 
3 2836 2834 2874 
3 2836 2874 2887 
3 2887 2874 2873 
3 2874 2834 2830 
3 1103 1110 2875 
3 2875 1110 2888 
3 2875 2888 2876 
3 2876 2888 2889 
3 2876 2889 2877 
3 2877 2889 2890 
3 2877 2890 2878 
3 2878 2890 2891 
3 2878 2891 2879 
3 2879 2891 2892 
3 2879 2892 2880 
3 2880 2892 2893 
3 2880 2893 2881 
3 2881 2893 2894 
3 2881 2894 2882 
3 2882 2894 2895 
3 2882 2895 2883 
3 2883 2895 2896 
3 2883 2896 2884 
3 2884 2896 2897 
3 2898 2897 2899 
3 2898 2885 2897 
3 2885 2884 2897 
3 2901 2885 2898 
3 2901 2900 2885 
3 2900 2886 2885 
3 2886 2900 2887 
3 2887 2900 2902 
3 2887 2902 2837 
3 2836 2887 2837 
3 1110 1117 2888 
3 2888 1117 2903 
3 2888 2903 2889 
3 2889 2903 2904 
3 2889 2904 2890 
3 2890 2904 2905 
3 2890 2905 2891 
3 2891 2905 2906 
3 2891 2906 2892 
3 2892 2906 2907 
3 2892 2907 2893 
3 2893 2907 2908 
3 2893 2908 2894 
3 2894 2908 2909 
3 2894 2909 2895 
3 2895 2909 2910 
3 2911 2910 2912 
3 2911 2896 2910 
3 2896 2895 2910 
3 2896 2913 2897 
3 2911 2913 2896 
3 2897 2913 2899 
3 2901 2914 2900 
3 2916 2900 2914 
3 2916 2915 2900 
3 2915 2902 2900 
3 2902 2915 2838 
3 2837 2902 2838 
3 2918 1117 1125 
3 2918 2917 1117 
3 2917 2903 1117 
3 2903 2917 2904 
3 2904 2917 2919 
3 2904 2919 2905 
3 2905 2919 2920 
3 2905 2920 2906 
3 2906 2920 2921 
3 2906 2921 2907 
3 2907 2921 2922 
3 2907 2922 2908 
3 2908 2922 2923 
3 2908 2923 2909 
3 2909 2923 2924 
3 2925 2924 2926 
3 2925 2910 2924 
3 2910 2909 2924 
3 2910 2925 2912 
3 2915 2840 2839 
3 2915 2916 2840 
3 2916 2927 2840 
3 2915 2839 2838 
3 2898 2899 2928 
3 2898 2928 2901 
3 2911 2912 2929 
3 2913 2911 2929 
3 2930 2913 2929 
3 2899 2913 2930 
3 2899 2930 2928 
3 2928 2930 2931 
3 2914 2901 2928 
3 2914 2928 2932 
3 2932 2928 2931 
3 2914 2932 2916 
3 1125 1163 2918 
3 2925 2926 2933 
3 2912 2925 2933 
3 2912 2933 2929 
3 2929 2933 2934 
3 2929 2934 2930 
3 2930 2934 2935 
3 2930 2935 2931 
3 2931 2935 2936 
3 2931 2936 2932 
3 2932 2936 2937 
3 2932 2937 2927 
3 2916 2932 2927 
3 2940 2938 2939 
3 2938 2941 2939 
3 2940 2939 2942 
3 2939 2941 2942 
3 2945 2943 2944 
3 2943 2946 2947 
3 2944 2943 2947 
3 2946 2948 2947 
3 2945 2944 2949 
3 2951 2949 2944 
3 2951 2944 2950 
3 2950 2944 2947 
3 2948 2952 2953 
3 2948 2953 2947 
3 2947 2953 2950 
3 2952 2954 2953 
3 2951 2950 2955 
3 2957 2955 2950 
3 2957 2950 2956 
3 2956 2950 2953 
3 2954 2958 2959 
3 2954 2959 2953 
3 2953 2959 2956 
3 2958 2960 2961 
3 2959 2958 2961 
3 2960 2962 2961 
3 2957 2956 2963 
3 2965 2963 2956 
3 2965 2956 2964 
3 2964 2956 2959 
3 2959 2961 2964 
3 2961 2966 2964 
3 2962 2967 2938 
3 2962 2938 2966 
3 2962 2966 2961 
3 2966 2938 2940 
3 2938 2967 2968 
3 2941 2938 2968 
3 2965 2964 2969 
3 2971 2969 2964 
3 2971 2964 2970 
3 2970 2964 2966 
3 2942 2966 2940 
3 2942 2972 2966 
3 2972 2970 2966 
3 2973 2941 2968 
3 2973 2972 2941 
3 2973 2974 2972 
3 2942 2941 2972 
3 2973 2975 2976 
3 2974 2973 2976 
3 2975 2977 2978 
3 2976 2975 2978 
3 2977 2979 2980 
3 2978 2977 2980 
3 2979 2981 2980 
3 2971 2970 2982 
3 2970 2972 2983 
3 2982 2970 2983 
3 1761 2983 2972 
3 1761 2972 1759 
3 1759 2972 2974 
3 2974 2976 1759 
3 2976 1762 1759 
3 2976 2978 1762 
3 2978 1764 1762 
3 2978 2980 1764 
3 2980 1766 1764 
3 2981 1768 1766 
3 2980 2981 1766 
3 100 2984 101 
3 2984 2985 2986 
3 2984 2986 101 
3 101 2986 110 
3 2985 2987 2988 
3 2986 2985 2988 
3 2987 2989 2988 
3 110 2986 116 
3 2986 2990 116 
3 2986 2988 2990 
3 2988 2991 2990 
3 2989 2992 2993 
3 2989 2993 2988 
3 2988 2993 2991 
3 2992 2994 2995 
3 2993 2992 2995 
3 2994 2996 2995 
3 2998 118 116 
3 2998 116 2997 
3 2997 116 2990 
3 2990 2991 2997 
3 2991 2999 2997 
3 2991 2993 2999 
3 2993 3000 2999 
3 2945 2995 2943 
3 2945 3000 2995 
3 3000 2993 2995 
3 2996 2943 2995 
3 2996 3001 2943 
3 3001 2946 2943 
3 3003 2948 2946 
3 3003 2946 3002 
3 3002 2946 3001 
3 3002 3004 3003 
3 2998 2997 3005 
3 2997 2999 3006 
3 3005 2997 3006 
3 3008 3006 2999 
3 3008 2999 3007 
3 3007 2999 3000 
3 2949 3000 2945 
3 2949 3009 3000 
3 3009 3007 3000 
3 2949 2951 3009 
3 3003 2952 2948 
3 2952 3011 2954 
3 3003 3011 2952 
3 3003 3010 3011 
3 3003 3004 3010 
3 3010 3012 3011 
3 3008 3007 3013 
3 3015 3013 3007 
3 3015 3007 3014 
3 3014 3007 3009 
3 2955 3009 2951 
3 2955 3016 3009 
3 3016 3014 3009 
3 2955 2957 3016 
3 3011 2958 2954 
3 3012 2958 3011 
3 3012 3017 2958 
3 3017 2960 2958 
3 2960 3017 3018 
3 2962 2960 3018 
3 3015 3014 3019 
3 3021 3019 3014 
3 3021 3014 3020 
3 3020 3014 3016 
3 2963 3016 2957 
3 2963 3022 3016 
3 3022 3020 3016 
3 2963 2965 3022 
3 3018 2967 2962 
3 3023 2967 3018 
3 2967 3023 3024 
3 2968 2967 3024 
3 3027 3025 3026 
3 3025 3028 3029 
3 3026 3025 3029 
3 3028 3030 3029 
3 3021 3020 3031 
3 3033 3031 3020 
3 3033 3020 3032 
3 3032 3020 3022 
3 2969 3022 2965 
3 2969 3034 3022 
3 3034 3032 3022 
3 2969 2971 3034 
3 3024 2973 2968 
3 3035 2973 3024 
3 3026 3035 3027 
3 3026 2975 3035 
3 2975 2973 3035 
3 3029 2975 3026 
3 2977 2975 3029 
3 3030 2977 3029 
3 3030 3036 2977 
3 3036 2979 2977 
3 3038 2981 2979 
3 3038 2979 3037 
3 3037 2979 3036 
3 3037 3039 3038 
3 3033 3032 3040 
3 3032 3034 3041 
3 3040 3032 3041 
3 1771 2982 1769 
3 3041 2982 1771 
3 3041 2971 2982 
3 3041 3034 2971 
3 2983 1769 2982 
3 1772 1769 2983 
3 2983 1761 1772 
3 1779 2981 3038 
3 1768 2981 1779 
3 3039 1781 1779 
3 3038 3039 1779 
3 100 137 3042 
3 2984 100 3042 
3 3042 2985 2984 
3 3043 2985 3042 
3 3043 3044 2985 
3 2985 3044 2987 
3 2987 3044 3045 
3 2989 2987 3045 
3 3045 2992 2989 
3 3046 2992 3045 
3 3046 3047 2992 
3 2992 3047 2994 
3 2994 3047 3048 
3 2996 2994 3048 
3 118 2998 158 
3 3048 3001 2996 
3 3049 3001 3048 
3 3049 3050 3001 
3 3001 3050 3002 
3 3052 3004 3002 
3 3052 3002 3051 
3 3051 3002 3050 
3 3051 3053 3052 
3 3005 158 2998 
3 3005 3054 158 
3 3054 167 158 
3 3006 3054 3005 
3 3055 3054 3006 
3 3006 3008 3055 
3 3052 3010 3004 
3 3010 3057 3012 
3 3052 3057 3010 
3 3052 3056 3057 
3 3052 3053 3056 
3 3056 3058 3057 
3 167 3054 176 
3 3054 3059 176 
3 3054 3055 3059 
3 3055 3060 3059 
3 3013 3055 3008 
3 3013 3061 3055 
3 3061 3060 3055 
3 3013 3015 3061 
3 3057 3017 3012 
3 3017 3057 3058 
3 3017 3058 3018 
3 3018 3058 3062 
3 176 3059 181 
3 3059 3063 181 
3 3059 3060 3063 
3 3060 3064 3063 
3 3060 3061 3064 
3 3061 3065 3064 
3 3019 3061 3015 
3 3019 3066 3061 
3 3066 3065 3061 
3 3019 3021 3066 
3 3062 3023 3018 
3 3067 3023 3062 
3 3023 3067 3068 
3 3024 3023 3068 
3 3027 3070 3069 
3 3025 3027 3069 
3 3069 3071 3025 
3 3025 3071 3028 
3 3028 3071 3072 
3 3030 3028 3072 
3 181 3063 185 
3 3063 3073 185 
3 3063 3064 3073 
3 3064 3074 3073 
3 3064 3065 3074 
3 3065 3075 3074 
3 3065 3066 3075 
3 3066 3076 3075 
3 3031 3066 3021 
3 3031 3077 3066 
3 3077 3076 3066 
3 3031 3033 3077 
3 3068 3035 3024 
3 3078 3035 3068 
3 3078 3027 3035 
3 3070 3027 3078 
3 3072 3036 3030 
3 3079 3036 3072 
3 3079 3080 3036 
3 3036 3080 3037 
3 3037 3080 3081 
3 3039 3037 3081 
3 185 3073 188 
3 3073 1789 188 
3 3073 3074 1789 
3 3074 1791 1789 
3 3074 3075 1791 
3 3075 1793 1791 
3 3075 3076 1793 
3 3076 1795 1793 
3 3076 3077 1795 
3 3077 1797 1795 
3 3040 3077 3033 
3 3040 1799 3077 
3 1799 1797 3077 
3 3041 1799 3040 
3 1801 1799 3041 
3 3041 1771 1801 
3 3081 1807 3039 
3 1807 1781 3039 
3 3083 3042 137 
3 3083 137 3082 
3 3082 137 206 
3 3082 3084 3083 
3 3083 3043 3042 
3 3084 3043 3083 
3 3084 3085 3043 
3 3085 3044 3043 
3 3087 3045 3044 
3 3087 3044 3086 
3 3086 3044 3085 
3 3086 3088 3087 
3 3087 3046 3045 
3 3088 3046 3087 
3 3088 3089 3046 
3 3089 3047 3046 
3 3047 3089 3090 
3 3048 3047 3090 
3 3090 3049 3048 
3 3091 3049 3090 
3 3091 3092 3049 
3 3049 3092 3050 
3 3092 3093 3050 
3 3050 3093 3051 
3 3051 3093 3094 
3 3053 3051 3094 
3 3094 3056 3053 
3 3095 3056 3094 
3 3056 3095 3096 
3 3058 3056 3096 
3 3098 3096 3097 
3 3098 3062 3096 
3 3062 3058 3096 
3 3097 3099 3098 
3 3098 3067 3062 
3 3067 3101 3068 
3 3098 3101 3067 
3 3098 3100 3101 
3 3098 3099 3100 
3 3070 3101 3100 
3 3070 3100 3069 
3 3069 3100 3102 
3 3104 3103 3071 
3 3104 3071 3102 
3 3102 3071 3069 
3 3071 3103 3072 
3 3101 3078 3068 
3 3101 3070 3078 
3 3104 3105 3103 
3 3103 3079 3072 
3 3103 3105 3079 
3 3105 3106 3079 
3 3106 3107 3079 
3 3079 3107 3080 
3 3109 3081 3080 
3 3109 3080 3108 
3 3108 3080 3107 
3 3108 3110 3109 
3 1851 3081 3109 
3 1807 3081 1851 
3 3110 1854 1851 
3 3109 3110 1851 
3 261 3111 206 
3 206 3111 3082 
3 3082 3111 3112 
3 3084 3082 3112 
3 3112 3085 3084 
3 3113 3085 3112 
3 3113 3114 3085 
3 3085 3114 3086 
3 3086 3114 3115 
3 3088 3086 3115 
3 3115 3089 3088 
3 3116 3089 3115 
3 3089 3116 3117 
3 3090 3089 3117 
3 3117 3091 3090 
3 3118 3091 3117 
3 3118 3119 3091 
3 3091 3119 3092 
3 3121 3120 3093 
3 3121 3093 3119 
3 3119 3093 3092 
3 3093 3120 3094 
3 3121 3122 3120 
3 3120 3095 3094 
3 3120 3122 3095 
3 3122 3123 3095 
3 3095 3123 3124 
3 3096 3095 3124 
3 3124 3097 3096 
3 3125 3097 3124 
3 3097 3125 3126 
3 3099 3097 3126 
3 3126 3100 3099 
3 3127 3100 3126 
3 3127 3128 3100 
3 3100 3128 3102 
3 3102 3128 3129 
3 3104 3102 3129 
3 3129 3105 3104 
3 3130 3105 3129 
3 3130 3131 3105 
3 3105 3131 3106 
3 3131 3132 3106 
3 3106 3132 3107 
3 3132 3133 3107 
3 3107 3133 3108 
3 3108 3133 3134 
3 3110 3108 3134 
3 3134 1907 3110 
3 1907 1854 3110 
3 302 3135 261 
3 261 3135 3111 
3 3111 3135 3136 
3 3112 3111 3136 
3 3136 3113 3112 
3 3137 3113 3136 
3 3137 3138 3113 
3 3113 3138 3114 
3 3114 3138 3139 
3 3115 3114 3139 
3 3139 3116 3115 
3 3140 3116 3139 
3 3142 3117 3116 
3 3142 3116 3141 
3 3141 3116 3140 
3 3141 3143 3142 
3 3142 3118 3117 
3 3143 3118 3142 
3 3143 3144 3118 
3 3144 3119 3118 
3 3119 3144 3145 
3 3121 3119 3145 
3 3145 3122 3121 
3 3146 3122 3145 
3 3146 3147 3122 
3 3122 3147 3123 
3 3123 3147 3148 
3 3124 3123 3148 
3 3148 3125 3124 
3 3149 3125 3148 
3 3125 3149 3150 
3 3126 3125 3150 
3 3150 3127 3126 
3 3151 3127 3150 
3 3153 3152 3128 
3 3153 3128 3151 
3 3151 3128 3127 
3 3128 3152 3129 
3 3153 3154 3152 
3 3152 3130 3129 
3 3152 3154 3130 
3 3154 3155 3130 
3 3155 3156 3130 
3 3130 3156 3131 
3 3156 3157 3131 
3 3131 3157 3132 
3 3157 3158 3132 
3 3132 3158 3133 
3 3133 3158 3159 
3 3134 3133 3159 
3 1 3159 0 
3 1 1907 3159 
3 1907 3134 3159 
3 329 3160 330 
3 3160 302 330 
3 3160 3161 302 
3 3161 3135 302 
3 3163 3136 3135 
3 3163 3135 3162 
3 3162 3135 3161 
3 3162 3164 3163 
3 3163 3137 3136 
3 3164 3137 3163 
3 3164 3165 3137 
3 3165 3138 3137 
3 3167 3139 3138 
3 3167 3138 3166 
3 3166 3138 3165 
3 3166 3168 3167 
3 3167 3140 3139 
3 3168 3140 3167 
3 3168 3169 3140 
3 3169 3141 3140 
3 3141 3169 3170 
3 3143 3141 3170 
3 3170 3144 3143 
3 3171 3144 3170 
3 3144 3171 3172 
3 3145 3144 3172 
3 3172 3146 3145 
3 3173 3146 3172 
3 3173 3174 3146 
3 3146 3174 3147 
3 3147 3174 3175 
3 3148 3147 3175 
3 3175 3149 3148 
3 3176 3149 3175 
3 3149 3176 3177 
3 3150 3149 3177 
3 3177 3151 3150 
3 3178 3151 3177 
3 3151 3178 3179 
3 3153 3151 3179 
3 3179 3154 3153 
3 3180 3154 3179 
3 3180 3181 3154 
3 3154 3181 3155 
3 3181 3182 3155 
3 3155 3182 3156 
3 3184 3183 3157 
3 3184 3157 3182 
3 3182 3157 3156 
3 3183 3186 3185 
3 3183 3185 3157 
3 3157 3185 3158 
3 3158 3185 3187 
3 3159 3158 3187 
3 3184 3188 3183 
3 3183 3188 3186 
3 3187 0 3159 
3 3 0 3187 
3 3190 3160 329 
3 3190 329 3189 
3 3189 329 361 
3 3189 3191 3190 
3 3190 3161 3160 
3 3191 3161 3190 
3 3191 3192 3161 
3 3192 3162 3161 
3 3194 3164 3162 
3 3194 3162 3193 
3 3193 3162 3192 
3 3193 3195 3194 
3 3194 3165 3164 
3 3195 3165 3194 
3 3195 3196 3165 
3 3196 3166 3165 
3 3166 3196 3197 
3 3168 3166 3197 
3 3197 3169 3168 
3 3198 3169 3197 
3 3169 3198 3199 
3 3170 3169 3199 
3 3202 3200 3201 
3 3200 3203 3201 
3 3199 3171 3170 
3 3204 3171 3199 
3 3202 3201 3205 
3 3202 3205 3171 
3 3202 3171 3204 
3 3172 3171 3205 
3 3203 3206 3205 
3 3201 3203 3205 
3 3205 3173 3172 
3 3206 3173 3205 
3 3206 3207 3173 
3 3207 3174 3173 
3 3209 3175 3174 
3 3209 3174 3208 
3 3208 3174 3207 
3 3208 3210 3209 
3 3209 3176 3175 
3 3176 3209 3210 
3 3176 3210 3177 
3 3177 3210 3211 
3 3211 3178 3177 
3 3212 3178 3211 
3 3178 3212 3213 
3 3179 3178 3213 
3 3213 3180 3179 
3 3214 3180 3213 
3 3214 3215 3180 
3 3180 3215 3181 
3 3217 3216 3182 
3 3217 3182 3215 
3 3215 3182 3181 
3 3182 3216 3184 
3 3185 3186 3218 
3 3218 3187 3185 
3 3219 7 8 
3 3217 3220 3216 
3 3216 3188 3184 
3 3216 3220 3188 
3 3220 3221 3188 
3 3186 3222 3218 
3 3186 3188 3222 
3 3188 3221 3222 
3 8 3222 3219 
3 8 3 3222 
3 3218 3222 3187 
3 3187 3222 3 
3 392 3223 361 
3 361 3223 3189 
3 3189 3223 3224 
3 3191 3189 3224 
3 3224 3192 3191 
3 3225 3192 3224 
3 3225 3226 3192 
3 3192 3226 3193 
3 3193 3226 3227 
3 3195 3193 3227 
3 3227 3196 3195 
3 3228 3196 3227 
3 3196 3228 3229 
3 3197 3196 3229 
3 3229 3198 3197 
3 3230 3198 3229 
3 3232 3199 3198 
3 3232 3198 3231 
3 3231 3198 3230 
3 3234 3232 3231 
3 3233 3200 3202 
3 3200 3233 3203 
3 3232 3204 3199 
3 3202 3235 3233 
3 3202 3204 3235 
3 3234 3235 3232 
3 3232 3235 3204 
3 3233 3235 3236 
3 3233 3236 3203 
3 3203 3236 3206 
3 3236 3207 3206 
3 3237 3207 3236 
3 3237 3238 3207 
3 3207 3238 3208 
3 3208 3238 3239 
3 3210 3208 3239 
3 3241 3239 3240 
3 3241 3211 3239 
3 3211 3210 3239 
3 3240 3242 3241 
3 3241 3212 3211 
3 3212 3244 3213 
3 3241 3244 3212 
3 3241 3243 3244 
3 3241 3242 3243 
3 3243 3245 3244 
3 3244 3214 3213 
3 3245 3214 3244 
3 3245 3246 3214 
3 3246 3215 3214 
3 3248 3217 3215 
3 3248 3215 3247 
3 3247 3215 3246 
3 3247 3249 3250 
3 3248 3247 3250 
3 3249 3251 3252 
3 3250 3249 3252 
3 3219 3252 3251 
3 3219 3251 7 
3 7 3251 12 
3 3248 3220 3217 
3 3250 3220 3248 
3 3221 3220 3250 
3 3252 3221 3250 
3 3222 3221 3252 
3 3252 3219 3222 
3 429 3253 392 
3 392 3253 3223 
3 3255 3224 3223 
3 3255 3223 3254 
3 3254 3223 3253 
3 3254 3256 3255 
3 3255 3225 3224 
3 3256 3225 3255 
3 3256 3257 3225 
3 3257 3226 3225 
3 3226 3257 3258 
3 3227 3226 3258 
3 3258 3228 3227 
3 3259 3228 3258 
3 3261 3229 3228 
3 3261 3228 3260 
3 3260 3228 3259 
3 3260 3262 3263 
3 3261 3260 3263 
3 3262 3264 3263 
3 3261 3230 3229 
3 3263 3230 3261 
3 3231 3230 3263 
3 3231 3266 3234 
3 3263 3266 3231 
3 3263 3265 3266 
3 3263 3264 3265 
3 3265 3267 3266 
3 3266 3235 3234 
3 3235 3269 3236 
3 3266 3269 3235 
3 3266 3268 3269 
3 3266 3267 3268 
3 3268 3270 3269 
3 3269 3237 3236 
3 3270 3237 3269 
3 3270 3271 3237 
3 3271 3238 3237 
3 3238 3271 3272 
3 3239 3238 3272 
3 3272 3240 3239 
3 3273 3240 3272 
3 3240 3273 3274 
3 3242 3240 3274 
3 3274 3243 3242 
3 3275 3243 3274 
3 3277 3245 3243 
3 3277 3243 3276 
3 3276 3243 3275 
3 3276 3278 3279 
3 3277 3276 3279 
3 3278 3280 3281 
3 3279 3278 3281 
3 3280 3282 3283 
3 3281 3280 3283 
3 3282 19 20 
3 3283 3282 20 
3 3277 3246 3245 
3 3279 3246 3277 
3 3247 3246 3279 
3 3281 3247 3279 
3 3249 3247 3281 
3 3283 3249 3281 
3 3251 3249 3283 
3 20 3251 3283 
3 12 3251 20 
3 460 3284 461 
3 3284 429 461 
3 3284 3285 429 
3 3285 3253 429 
3 3285 3286 3253 
3 3253 3286 3254 
3 3288 3256 3254 
3 3288 3254 3287 
3 3287 3254 3286 
3 3287 3289 3288 
3 3288 3257 3256 
3 3257 3291 3258 
3 3288 3291 3257 
3 3288 3290 3291 
3 3288 3289 3290 
3 3290 3292 3293 
3 3291 3290 3293 
3 3292 3294 3293 
3 3291 3259 3258 
3 3293 3259 3291 
3 3260 3259 3293 
3 3294 3260 3293 
3 3294 3295 3260 
3 3295 3262 3260 
3 3262 3295 3296 
3 3264 3262 3296 
3 3296 3265 3264 
3 3297 3265 3296 
3 3265 3297 3298 
3 3267 3265 3298 
3 3298 3268 3267 
3 3299 3268 3298 
3 3268 3299 3300 
3 3270 3268 3300 
3 3300 3271 3270 
3 3301 3271 3300 
3 3271 3301 3302 
3 3272 3271 3302 
3 3302 3273 3272 
3 3303 3273 3302 
3 3305 3274 3273 
3 3305 3273 3304 
3 3304 3273 3303 
3 3304 3306 3305 
3 3309 3307 3308 
3 3307 3310 3308 
3 3305 3275 3274 
3 3306 3275 3305 
3 3306 3311 3275 
3 3311 3276 3275 
3 3308 3311 3309 
3 3308 3278 3311 
3 3278 3276 3311 
3 3310 3278 3308 
3 3310 3312 3278 
3 3312 3280 3278 
3 3312 3313 3280 
3 3280 3313 3282 
3 3313 26 3282 
3 3282 26 19 
3 2234 32 31 
3 460 503 3284 
3 503 3285 3284 
3 503 507 3285 
3 507 3314 3285 
3 3314 3315 3285 
3 3285 3315 3286 
3 3315 3316 3286 
3 3286 3316 3287 
3 3318 3289 3287 
3 3318 3287 3317 
3 3317 3287 3316 
3 3317 3319 3318 
3 3318 3290 3289 
3 3319 3290 3318 
3 3319 3320 3290 
3 3320 3292 3290 
3 3322 3294 3292 
3 3322 3292 3321 
3 3321 3292 3320 
3 3321 3323 3322 
3 3322 3295 3294 
3 3295 3325 3296 
3 3322 3325 3295 
3 3322 3324 3325 
3 3322 3323 3324 
3 3324 3326 3325 
3 3325 3297 3296 
3 3297 3328 3298 
3 3325 3328 3297 
3 3325 3327 3328 
3 3325 3326 3327 
3 3327 3329 3328 
3 3328 3299 3298 
3 3299 3331 3300 
3 3328 3331 3299 
3 3328 3330 3331 
3 3328 3329 3330 
3 3330 3332 3331 
3 3331 3301 3300 
3 3301 3334 3302 
3 3331 3334 3301 
3 3331 3333 3334 
3 3331 3332 3333 
3 3333 3335 3336 
3 3334 3333 3336 
3 3335 3337 3336 
3 3340 3338 3339 
3 3338 3341 3339 
3 3334 3303 3302 
3 3336 3303 3334 
3 3304 3303 3336 
3 3304 3343 3306 
3 3336 3343 3304 
3 3336 3342 3343 
3 3336 3337 3342 
3 3339 3307 3309 
3 3340 3339 3309 
3 3340 3309 3343 
3 3340 3343 3342 
3 3307 3345 3310 
3 3339 3345 3307 
3 3339 3344 3345 
3 3339 3341 3344 
3 3344 3346 3347 
3 3345 3344 3347 
3 3346 34 35 
3 3347 3346 35 
3 3343 3311 3306 
3 3343 3309 3311 
3 3345 3312 3310 
3 3347 3312 3345 
3 3313 3312 3347 
3 35 3313 3347 
3 26 3313 35 
3 2279 2278 3348 
3 2234 3348 2278 
3 2234 31 3348 
3 31 40 3348 
3 551 2359 507 
3 507 2359 3314 
3 2359 2361 3314 
3 3314 2361 3315 
3 2361 2363 3315 
3 3315 2363 3316 
3 2363 2365 3316 
3 3316 2365 3317 
3 3349 3319 3317 
3 3349 3317 2367 
3 2367 3317 2365 
3 2367 2369 3349 
3 3349 3320 3319 
3 2369 3320 3349 
3 2369 2371 3320 
3 2371 3321 3320 
3 3321 2371 2373 
3 3323 3321 2373 
3 2373 3324 3323 
3 2375 3324 2373 
3 3324 2375 2378 
3 3326 3324 2378 
3 2378 3327 3326 
3 2380 3327 2378 
3 3350 3329 3327 
3 3350 3327 2382 
3 2382 3327 2380 
3 2382 2385 3350 
3 3350 3330 3329 
3 3330 3351 3332 
3 3350 3351 3330 
3 3350 2387 3351 
3 3350 2385 2387 
3 2387 2389 3352 
3 3351 2387 3352 
3 2389 2392 3352 
3 3351 3333 3332 
3 3352 3333 3351 
3 3335 3333 3352 
3 3335 3353 3337 
3 3352 3353 3335 
3 3352 2396 3353 
3 3352 2392 2396 
3 3340 3353 2396 
3 3340 2396 3338 
3 3338 2396 2397 
3 3354 3341 3338 
3 3354 3338 2399 
3 2399 3338 2397 
3 2399 2401 3354 
3 3353 3342 3337 
3 3353 3340 3342 
3 3354 3344 3341 
3 2401 3344 3354 
3 2401 2403 3344 
3 2403 3346 3344 
3 2403 42 3346 
3 3346 42 34 
3 2279 2412 2320 
3 3348 2412 2279 
3 2412 3348 48 
3 3348 40 48 
3 3357 3356 3355 
3 3355 3359 3358 
3 3356 3359 3355 
3 3358 3361 3360 
3 3359 3361 3358 
3 3360 3363 3362 
3 3361 3363 3360 
3 2318 3362 3363 
3 2318 2316 3362 
3 2316 3364 3362 
3 2410 2411 3364 
3 2410 3364 2319 
3 2319 3364 2316 
3 2410 2319 2320 
3 2323 3365 3366 
3 2321 3365 2323 
3 3365 2321 3367 
3 2321 2324 3367 
3 3356 3357 3367 
3 3356 3367 2325 
3 2325 3367 2324 
3 3359 3356 2325 
3 2326 3359 2325 
3 3361 3359 2326 
3 2327 3361 2326 
3 3363 3361 2327 
3 2328 3363 2327 
3 3363 2328 2318 
3 2331 3368 3369 
3 2329 3368 2331 
3 3368 2329 2323 
3 3366 3368 2323 
3 2333 3370 3371 
3 2332 3370 2333 
3 3370 2332 2331 
3 3369 3370 2331 
3 3373 3371 3372 
3 3373 2334 3371 
3 2334 2333 3371 
3 3372 3374 3373 
3 3375 2334 3373 
3 2335 2334 3375 
3 3374 3376 3375 
3 3373 3374 3375 
3 1218 1219 3377 
3 1219 2336 3377 
3 2336 3378 3377 
3 2338 3378 2336 
3 3375 2339 2335 
3 2339 3380 2340 
3 3375 3380 2339 
3 3375 3379 3380 
3 3375 3376 3379 
3 3379 3381 3380 
3 3378 2338 2341 
3 3382 3378 2341 
3 3384 2341 2343 
3 3384 3383 2341 
3 3383 3382 2341 
3 3383 3384 3385 
3 3380 2344 2340 
3 3381 2344 3380 
3 3381 3386 2344 
3 3386 2345 2344 
3 2345 3386 3387 
3 2347 2345 3387 
3 3384 2343 2348 
3 2348 2350 3389 
3 3384 2348 3389 
3 3384 3389 3388 
3 3384 3388 3385 
3 3388 3389 3390 
3 3387 3391 2347 
3 3391 2351 2347 
3 3389 2350 2352 
3 2352 2353 3393 
3 3389 2352 3393 
3 3389 3393 3392 
3 3389 3392 3390 
3 3392 3393 3394 
3 3391 3395 2351 
3 3395 2354 2351 
3 3393 2353 2355 
3 3394 3393 2355 
3 3394 2355 3396 
3 3396 2355 2356 
3 3396 2356 3397 
3 2356 2357 3397 
3 3397 2357 2354 
3 3395 3397 2354 
3 3400 3399 3398 
3 3357 3398 3399 
3 3357 3355 3398 
3 3355 3401 3398 
3 3401 3355 3402 
3 3355 3358 3402 
3 3402 3358 3403 
3 3358 3360 3403 
3 3403 3360 3404 
3 3360 3362 3404 
3 2445 2446 3404 
3 2445 3404 3364 
3 3364 3404 3362 
3 2445 3364 2411 
3 3407 3406 3405 
3 3366 3405 3406 
3 3366 3365 3405 
3 3365 3408 3405 
3 3399 3400 3408 
3 3399 3408 3367 
3 3367 3408 3365 
3 3399 3367 3357 
3 3406 3369 3368 
3 3406 3407 3369 
3 3407 3409 3369 
3 3406 3368 3366 
3 3370 3410 3371 
3 3410 3370 3369 
3 3410 3369 3411 
3 3411 3369 3409 
3 3410 3372 3371 
3 3372 3410 3411 
3 3372 3411 3374 
3 3374 3411 3412 
3 1237 1238 3413 
3 3412 3414 3374 
3 3414 3376 3374 
3 3413 1238 1218 
3 3413 1218 3415 
3 3415 1218 3377 
3 3377 3416 3415 
3 3378 3416 3377 
3 3414 3379 3376 
3 3417 3379 3414 
3 3379 3417 3418 
3 3381 3379 3418 
3 3416 3378 3382 
3 3419 3416 3382 
3 3419 3382 3420 
3 3382 3383 3420 
3 3383 3421 3420 
3 3385 3421 3383 
3 3418 3386 3381 
3 3422 3386 3418 
3 3386 3422 3423 
3 3387 3386 3423 
3 3421 3385 3388 
3 3424 3421 3388 
3 3388 3425 3424 
3 3390 3425 3388 
3 3423 3426 3387 
3 3426 3391 3387 
3 3425 3390 3392 
3 3427 3425 3392 
3 3429 3392 3394 
3 3429 3428 3392 
3 3428 3427 3392 
3 3428 3429 3430 
3 3426 3431 3391 
3 3431 3395 3391 
3 3429 3394 3396 
3 3430 3429 3396 
3 3430 3396 3432 
3 3432 3396 3397 
3 3432 3397 3395 
3 3431 3432 3395 
3 3400 3433 3434 
3 3398 3433 3400 
3 3433 3398 3435 
3 3398 3401 3435 
3 3435 3401 3436 
3 3401 3402 3436 
3 3436 3402 3437 
3 3402 3403 3437 
3 2483 2484 3437 
3 2483 3437 3404 
3 3404 3437 3403 
3 2483 3404 2446 
3 3407 3438 3439 
3 3405 3438 3407 
3 3438 3405 3440 
3 3405 3408 3440 
3 3440 3408 3400 
3 3434 3440 3400 
3 3439 3441 3407 
3 3441 3409 3407 
3 3441 3442 3409 
3 3442 3411 3409 
3 3442 3443 3411 
3 3443 3412 3411 
3 1237 3444 1257 
3 3413 3444 1237 
3 3443 3445 3412 
3 3445 3414 3412 
3 3444 3413 3415 
3 3446 3444 3415 
3 3448 3415 3416 
3 3448 3447 3415 
3 3447 3446 3415 
3 3447 3448 3449 
3 3445 3417 3414 
3 3450 3417 3445 
3 3417 3450 3451 
3 3418 3417 3451 
3 3448 3416 3419 
3 3449 3448 3419 
3 3449 3419 3452 
3 3452 3419 3420 
3 3420 3453 3452 
3 3421 3453 3420 
3 3451 3422 3418 
3 3454 3422 3451 
3 3422 3454 3455 
3 3423 3422 3455 
3 3453 3421 3424 
3 3456 3453 3424 
3 3424 3457 3456 
3 3425 3457 3424 
3 3455 3458 3423 
3 3458 3426 3423 
3 3457 3425 3427 
3 3459 3457 3427 
3 3459 3427 3460 
3 3427 3428 3460 
3 3428 3461 3460 
3 3430 3461 3428 
3 3458 3462 3426 
3 3462 3431 3426 
3 3461 3430 3432 
3 3463 3461 3432 
3 3463 3432 3431 
3 3462 3463 3431 
3 3466 3465 3464 
3 3434 3464 3465 
3 3434 3433 3464 
3 3433 3467 3464 
3 3467 3433 3468 
3 3433 3435 3468 
3 3468 3435 3469 
3 3435 3436 3469 
3 2518 2519 3469 
3 2518 3469 3437 
3 3437 3469 3436 
3 2518 3437 2484 
3 3439 3470 3471 
3 3438 3470 3439 
3 3465 3466 3470 
3 3465 3470 3440 
3 3440 3470 3438 
3 3465 3440 3434 
3 3471 3472 3439 
3 3472 3441 3439 
3 3472 3473 3441 
3 3473 3442 3441 
3 3473 3474 3442 
3 3474 3443 3442 
3 1257 3475 1275 
3 3444 3475 1257 
3 3477 3474 3476 
3 3477 3445 3474 
3 3445 3443 3474 
3 3476 3478 3477 
3 3475 3444 3446 
3 3479 3475 3446 
3 3479 3446 3480 
3 3446 3447 3480 
3 3447 3481 3480 
3 3449 3481 3447 
3 3477 3450 3445 
3 3450 3483 3451 
3 3477 3483 3450 
3 3477 3482 3483 
3 3477 3478 3482 
3 3482 3484 3483 
3 3481 3449 3452 
3 3485 3481 3452 
3 3487 3452 3453 
3 3487 3486 3452 
3 3486 3485 3452 
3 3486 3487 3488 
3 3483 3454 3451 
3 3454 3483 3484 
3 3454 3484 3455 
3 3455 3484 3489 
3 3487 3453 3456 
3 3456 3457 3491 
3 3487 3456 3491 
3 3487 3491 3490 
3 3487 3490 3488 
3 3490 3491 3492 
3 3489 3493 3455 
3 3493 3458 3455 
3 3491 3457 3459 
3 3492 3491 3459 
3 3492 3459 3494 
3 3494 3459 3460 
3 3496 3460 3461 
3 3496 3495 3460 
3 3495 3494 3460 
3 3495 3496 3462 
3 3495 3462 3493 
3 3493 3462 3458 
3 3496 3461 3463 
3 3496 3463 3462 
3 3466 3497 3498 
3 3464 3497 3466 
3 3497 3464 3499 
3 3464 3467 3499 
3 3499 3467 3500 
3 3467 3468 3500 
3 2556 2557 3500 
3 2556 3500 3469 
3 3469 3500 3468 
3 2556 3469 2519 
3 3471 3501 3502 
3 3470 3501 3471 
3 3501 3470 3466 
3 3498 3501 3466 
3 3502 3503 3471 
3 3503 3472 3471 
3 3503 3504 3472 
3 3504 3473 3472 
3 3506 3504 3505 
3 3506 3474 3504 
3 3474 3473 3504 
3 3505 3507 3506 
3 1275 3508 1294 
3 3475 3508 1275 
3 3506 3476 3474 
3 3476 3506 3507 
3 3476 3507 3478 
3 3478 3507 3509 
3 3508 3475 3479 
3 3510 3508 3479 
3 3510 3479 3511 
3 3479 3480 3511 
3 3480 3512 3511 
3 3481 3512 3480 
3 3509 3482 3478 
3 3513 3482 3509 
3 3482 3513 3514 
3 3484 3482 3514 
3 3512 3481 3485 
3 3515 3512 3485 
3 3517 3486 3516 
3 3517 3515 3486 
3 3515 3485 3486 
3 3486 3488 3516 
3 3514 3518 3484 
3 3518 3489 3484 
3 3517 3516 3519 
3 3516 3488 3490 
3 3516 3490 3519 
3 3519 3490 3520 
3 3490 3521 3520 
3 3492 3521 3490 
3 3523 3518 3522 
3 3523 3493 3518 
3 3493 3489 3518 
3 3522 3524 3523 
3 3521 3492 3494 
3 3525 3521 3494 
3 3525 3494 3526 
3 3494 3495 3526 
3 3493 3523 3527 
3 3493 3527 3495 
3 3495 3527 3526 
3 3523 3524 3527 
3 3498 3528 3529 
3 3497 3528 3498 
3 3528 3497 3530 
3 3497 3499 3530 
3 3530 3499 3531 
3 3499 3500 3531 
3 3531 3500 2557 
3 2596 3531 2557 
3 3502 3532 3533 
3 3501 3532 3502 
3 3532 3501 3498 
3 3529 3532 3498 
3 3533 3534 3502 
3 3534 3503 3502 
3 3536 3534 3535 
3 3536 3504 3534 
3 3504 3503 3534 
3 3535 3537 3536 
3 3536 3505 3504 
3 3505 3536 3537 
3 3505 3537 3507 
3 3507 3537 3538 
3 3540 1294 3508 
3 3540 3539 1294 
3 3539 1310 1294 
3 3539 3540 3541 
3 3538 3542 3507 
3 3542 3509 3507 
3 3540 3508 3510 
3 3541 3540 3510 
3 3541 3510 3543 
3 3543 3510 3511 
3 3511 3544 3543 
3 3512 3544 3511 
3 3542 3513 3509 
3 3545 3513 3542 
3 3513 3545 3546 
3 3514 3513 3546 
3 3544 3512 3515 
3 3547 3544 3515 
3 3549 3515 3517 
3 3549 3548 3515 
3 3548 3547 3515 
3 3548 3549 3550 
3 3546 3551 3514 
3 3551 3518 3514 
3 3549 3517 3519 
3 3550 3549 3519 
3 3550 3519 3552 
3 3552 3519 3520 
3 3554 3520 3521 
3 3554 3553 3520 
3 3553 3552 3520 
3 3553 3554 3555 
3 3551 3522 3518 
3 3556 3522 3551 
3 3522 3556 3557 
3 3524 3522 3557 
3 3554 3521 3525 
3 3555 3554 3525 
3 3555 3525 3558 
3 3558 3525 3526 
3 3558 3526 3559 
3 3526 3527 3559 
3 3559 3527 3524 
3 3557 3559 3524 
3 3528 3560 3529 
3 3530 3560 3528 
3 3561 3560 3530 
3 3561 3562 3563 
3 3561 3530 3562 
3 3530 3531 3562 
3 2596 2637 3564 
3 2596 3564 3531 
3 3531 3564 3562 
3 2637 2638 3565 
3 3564 2637 3565 
3 2638 2640 3565 
3 3532 3566 3533 
3 3566 3567 3568 
3 3532 3567 3566 
3 3532 3560 3567 
3 3532 3529 3560 
3 3560 3561 3569 
3 3567 3560 3569 
3 3561 3563 3569 
3 3570 3533 3566 
3 3534 3533 3570 
3 3568 3571 3570 
3 3566 3568 3570 
3 3570 3535 3534 
3 3535 3570 3571 
3 3535 3571 3537 
3 3537 3571 3572 
3 1329 1330 3573 
3 3572 3574 3537 
3 3574 3538 3537 
3 3573 1330 1310 
3 3573 1310 3575 
3 3575 1310 3539 
3 3539 3576 3575 
3 3541 3576 3539 
3 3578 3574 3577 
3 3578 3542 3574 
3 3542 3538 3574 
3 3577 3579 3578 
3 3576 3541 3543 
3 3580 3576 3543 
3 3582 3543 3544 
3 3582 3581 3543 
3 3581 3580 3543 
3 3581 3582 3583 
3 3578 3545 3542 
3 3545 3578 3579 
3 3545 3579 3546 
3 3546 3579 3584 
3 3582 3544 3547 
3 3583 3582 3547 
3 3583 3547 3585 
3 3585 3547 3548 
3 3548 3586 3585 
3 3550 3586 3548 
3 3588 3584 3587 
3 3588 3551 3584 
3 3551 3546 3584 
3 3587 3589 3588 
3 3586 3550 3552 
3 3590 3586 3552 
3 3590 3552 3591 
3 3552 3553 3591 
3 3553 3592 3591 
3 3555 3592 3553 
3 3556 3595 3594 
3 3556 3551 3595 
3 3593 3595 3588 
3 3588 3595 3551 
3 3593 3588 3589 
3 3594 3557 3556 
3 3592 3555 3558 
3 3596 3592 3558 
3 3594 3595 3596 
3 3594 3596 3559 
3 3559 3596 3558 
3 3594 3559 3557 
3 3562 3597 3563 
3 3564 3597 3562 
3 3598 3597 3564 
3 3565 3598 3564 
3 3599 3598 3565 
3 3599 3600 3601 
3 3565 3600 3599 
3 3565 2673 3600 
3 3565 2640 2673 
3 2673 2674 3602 
3 3600 2673 3602 
3 2674 2675 3602 
3 3567 3603 3568 
3 3569 3603 3567 
3 3604 3603 3569 
3 3563 3604 3569 
3 3563 3597 3604 
3 3597 3605 3604 
3 3597 3598 3605 
3 3598 3606 3605 
3 3607 3608 3606 
3 3607 3606 3599 
3 3599 3606 3598 
3 3599 3601 3607 
3 3609 3568 3603 
3 3571 3568 3609 
3 3610 3611 3609 
3 3610 3609 3604 
3 3604 3609 3603 
3 3604 3605 3612 
3 3610 3604 3612 
3 3605 3606 3613 
3 3612 3605 3613 
3 3606 3608 3613 
3 3614 3571 3609 
3 3572 3571 3614 
3 3611 3615 3614 
3 3609 3611 3614 
3 1329 3616 1345 
3 3573 3616 1329 
3 3617 3572 3614 
3 3574 3572 3617 
3 3615 3618 3617 
3 3614 3615 3617 
3 3616 3573 3575 
3 3619 3616 3575 
3 3621 3575 3576 
3 3621 3620 3575 
3 3620 3619 3575 
3 3620 3621 3622 
3 3617 3577 3574 
3 3577 3617 3618 
3 3577 3618 3579 
3 3579 3618 3623 
3 3621 3576 3580 
3 3622 3621 3580 
3 3622 3580 3624 
3 3624 3580 3581 
3 3581 3625 3624 
3 3583 3625 3581 
3 3627 3623 3626 
3 3627 3584 3623 
3 3584 3579 3623 
3 3626 3628 3627 
3 3625 3583 3585 
3 3629 3625 3585 
3 3631 3585 3586 
3 3631 3630 3585 
3 3630 3629 3585 
3 3630 3631 3632 
3 3627 3587 3584 
3 3587 3627 3628 
3 3587 3628 3589 
3 3589 3628 3633 
3 3631 3586 3590 
3 3632 3631 3590 
3 3632 3590 3634 
3 3634 3590 3591 
3 3636 3591 3592 
3 3636 3635 3591 
3 3635 3634 3591 
3 3595 3635 3636 
3 3595 3593 3635 
3 3593 3637 3635 
3 3637 3593 3589 
3 3633 3637 3589 
3 3636 3592 3596 
3 3636 3596 3595 
3 3600 3638 3601 
3 3638 2732 3639 
3 3638 3602 2732 
3 3638 3600 3602 
3 3602 2731 2732 
3 2731 3602 2675 
3 3607 3640 3608 
3 3640 3641 3642 
3 3607 3641 3640 
3 3607 3638 3641 
3 3607 3601 3638 
3 3638 3639 3641 
3 3610 3643 3611 
3 3612 3643 3610 
3 3644 3643 3612 
3 3613 3644 3612 
3 3645 3644 3613 
3 3645 3646 3647 
3 3613 3646 3645 
3 3613 3640 3646 
3 3613 3608 3640 
3 3640 3642 3646 
3 3648 3611 3643 
3 3615 3611 3648 
3 3643 3644 3648 
3 3644 3649 3648 
3 3650 3651 3649 
3 3650 3649 3645 
3 3645 3649 3644 
3 3645 3647 3650 
3 1345 3652 1361 
3 3616 3652 1345 
3 3653 3615 3648 
3 3618 3615 3653 
3 3654 3655 3653 
3 3654 3653 3649 
3 3649 3653 3648 
3 3649 3651 3654 
3 3652 3616 3619 
3 3656 3652 3619 
3 3658 3620 3657 
3 3658 3656 3620 
3 3656 3619 3620 
3 3620 3622 3657 
3 3659 3618 3653 
3 3623 3618 3659 
3 3655 3660 3659 
3 3653 3655 3659 
3 3658 3657 3661 
3 3657 3622 3624 
3 3657 3624 3661 
3 3661 3624 3662 
3 3624 3663 3662 
3 3625 3663 3624 
3 3659 3626 3623 
3 3626 3665 3628 
3 3659 3665 3626 
3 3659 3664 3665 
3 3659 3660 3664 
3 3664 3666 3665 
3 3663 3625 3629 
3 3667 3663 3629 
3 3667 3629 3668 
3 3629 3630 3668 
3 3630 3669 3668 
3 3632 3669 3630 
3 3670 3628 3665 
3 3670 3671 3628 
3 3671 3633 3628 
3 3665 3666 3670 
3 3669 3632 3634 
3 3672 3669 3634 
3 3672 3634 3673 
3 3634 3635 3673 
3 3673 3635 3674 
3 3635 3637 3674 
3 3674 3637 3633 
3 3671 3674 3633 
3 2840 3675 2732 
3 3675 3639 2732 
3 3642 3676 3677 
3 3641 3676 3642 
3 3676 3641 3639 
3 3675 3676 3639 
3 3646 3678 3647 
3 3678 3646 3642 
3 3678 3642 3679 
3 3679 3642 3677 
3 3650 3680 3651 
3 3680 3681 3682 
3 3650 3681 3680 
3 3650 3678 3681 
3 3650 3647 3678 
3 3678 3679 3681 
3 1361 3683 1375 
3 3652 3683 1361 
3 3654 3684 3655 
3 3684 3685 3686 
3 3654 3685 3684 
3 3654 3680 3685 
3 3654 3651 3680 
3 3680 3682 3685 
3 3683 3652 3656 
3 3687 3683 3656 
3 3689 3656 3658 
3 3689 3688 3656 
3 3688 3687 3656 
3 3688 3689 3690 
3 3691 3655 3684 
3 3660 3655 3691 
3 3686 3692 3691 
3 3684 3686 3691 
3 3689 3658 3661 
3 3690 3689 3661 
3 3690 3661 3693 
3 3693 3661 3662 
3 3695 3662 3663 
3 3695 3694 3662 
3 3694 3693 3662 
3 3694 3695 3696 
3 3691 3664 3660 
3 3664 3691 3692 
3 3664 3692 3666 
3 3666 3692 3697 
3 3695 3663 3667 
3 3696 3695 3667 
3 3696 3667 3698 
3 3698 3667 3668 
3 3700 3668 3669 
3 3700 3699 3668 
3 3699 3698 3668 
3 3699 3700 3701 
3 3671 3702 3703 
3 3670 3702 3671 
3 3702 3670 3666 
3 3697 3702 3666 
3 3700 3669 3672 
3 3701 3700 3672 
3 3701 3672 3704 
3 3704 3672 3673 
3 3704 3673 3705 
3 3673 3674 3705 
3 3705 3674 3671 
3 3703 3705 3671 
3 2918 3706 2917 
3 3708 2917 3706 
3 3708 3707 2917 
3 3707 2919 2917 
3 3709 3707 3710 
3 3709 2920 3707 
3 2920 2919 3707 
3 3712 2920 3709 
3 3712 3711 2920 
3 3711 2921 2920 
3 2921 3711 2922 
3 2922 3711 3713 
3 2922 3713 2923 
3 2923 3713 3714 
3 2923 3714 2924 
3 2924 3714 3715 
3 2926 3715 3716 
3 2924 3715 2926 
3 2927 3717 2840 
3 3717 3675 2840 
3 3708 3718 3707 
3 3707 3718 3710 
3 3720 3711 3712 
3 3719 3711 3720 
3 3721 3719 3722 
3 3721 3713 3719 
3 3713 3711 3719 
3 3713 3723 3714 
3 3721 3723 3713 
3 3714 3724 3715 
3 3723 3724 3714 
3 3715 3724 3716 
3 3677 3725 3726 
3 3676 3725 3677 
3 3725 3676 3675 
3 3717 3725 3675 
3 3720 3727 3719 
3 3719 3727 3722 
3 3726 3728 3677 
3 3728 3679 3677 
3 1392 1393 3729 
3 3682 3730 3731 
3 3681 3730 3682 
3 3730 3681 3679 
3 3728 3730 3679 
3 1375 3683 3733 
3 1393 1375 3733 
3 1393 3733 3732 
3 1393 3732 3729 
3 3732 3733 3734 
3 3686 3735 3736 
3 3685 3735 3686 
3 3735 3685 3682 
3 3731 3735 3682 
3 3733 3683 3687 
3 3734 3733 3687 
3 3734 3687 3737 
3 3737 3687 3688 
3 3739 3688 3690 
3 3739 3738 3688 
3 3738 3737 3688 
3 3738 3739 3740 
3 3736 3741 3686 
3 3741 3692 3686 
3 3739 3690 3693 
3 3740 3739 3693 
3 3740 3693 3742 
3 3742 3693 3694 
3 3694 3743 3742 
3 3696 3743 3694 
3 3741 3744 3692 
3 3744 3697 3692 
3 3743 3696 3698 
3 3745 3743 3698 
3 3747 3699 3746 
3 3747 3745 3699 
3 3745 3698 3699 
3 3699 3701 3746 
3 3703 3748 3749 
3 3702 3748 3703 
3 3748 3702 3697 
3 3744 3748 3697 
3 3747 3746 3750 
3 3746 3701 3704 
3 3746 3704 3750 
3 3750 3704 3751 
3 3751 3704 3752 
3 3704 3705 3752 
3 3752 3705 3703 
3 3749 3752 3703 
3 3706 2918 1163 
3 3706 1163 3753 
3 3753 1163 1402 
3 3706 3753 3708 
3 3709 3710 3754 
3 3709 3754 3712 
3 3755 2933 2926 
3 3716 3755 2926 
3 2933 3755 2934 
3 2934 3755 3756 
3 2934 3756 2935 
3 2935 3756 3757 
3 2935 3757 2936 
3 2936 3757 3758 
3 2936 3758 2937 
3 2937 3758 3759 
3 2937 3759 3717 
3 2927 2937 3717 
3 1402 3760 3753 
3 1407 3760 1402 
3 3762 3761 3718 
3 3760 3762 3718 
3 3760 3718 3708 
3 3760 3708 3753 
3 3710 3718 3761 
3 3710 3761 3754 
3 3754 3761 3763 
3 3754 3763 3720 
3 3712 3754 3720 
3 3721 3722 3764 
3 3723 3721 3764 
3 3765 3723 3764 
3 3724 3723 3765 
3 3766 3724 3765 
3 3716 3724 3766 
3 3716 3766 3755 
3 3755 3766 3767 
3 3755 3767 3756 
3 3756 3767 3768 
3 3756 3768 3757 
3 3757 3768 3769 
3 3757 3769 3758 
3 3758 3769 3770 
3 3726 3725 3759 
3 3726 3759 3770 
3 3770 3759 3758 
3 3759 3725 3717 
3 3762 3771 3761 
3 3761 3772 3763 
3 3771 3772 3761 
3 3774 3773 3727 
3 3772 3774 3727 
3 3772 3727 3720 
3 3772 3720 3763 
3 3722 3727 3773 
3 3722 3773 3764 
3 3764 3773 3775 
3 3764 3775 3765 
3 3765 3775 3776 
3 3765 3776 3766 
3 3766 3776 3777 
3 3766 3777 3767 
3 3767 3777 3778 
3 3767 3778 3768 
3 3768 3778 3779 
3 3768 3779 3769 
3 3769 3779 3780 
3 3769 3780 3770 
3 3770 3780 3781 
3 3770 3781 3728 
3 3726 3770 3728 
3 1392 3729 1413 
3 3774 3782 3773 
3 3773 3783 3775 
3 3782 3783 3773 
3 3785 3775 3783 
3 3785 3784 3775 
3 3784 3776 3775 
3 3776 3784 3777 
3 3777 3784 3786 
3 3777 3786 3778 
3 3778 3786 3787 
3 3788 3787 3789 
3 3788 3779 3787 
3 3779 3778 3787 
3 3779 3790 3780 
3 3788 3790 3779 
3 3790 3791 3731 
3 3790 3731 3781 
3 3790 3781 3780 
3 3730 3781 3731 
3 3781 3730 3728 
3 1413 3729 3732 
3 1413 3732 1415 
3 1415 3732 3792 
3 3732 3793 3792 
3 3734 3793 3732 
3 3785 3794 3784 
3 3784 3795 3786 
3 3794 3795 3784 
3 3786 3796 3787 
3 3795 3796 3786 
3 3787 3796 3789 
3 3736 3797 3798 
3 3735 3797 3736 
3 3797 3735 3731 
3 3791 3797 3731 
3 3793 3734 3737 
3 3799 3793 3737 
3 3799 3737 3800 
3 3737 3738 3800 
3 3738 3801 3800 
3 3740 3801 3738 
3 3798 3802 3736 
3 3802 3741 3736 
3 3801 3740 3742 
3 3803 3801 3742 
3 3805 3742 3743 
3 3805 3804 3742 
3 3804 3803 3742 
3 3804 3805 3806 
3 3802 3807 3741 
3 3807 3744 3741 
3 3805 3743 3745 
3 3745 3747 3809 
3 3805 3745 3809 
3 3805 3809 3808 
3 3805 3808 3806 
3 3808 3809 3810 
3 3749 3811 3812 
3 3748 3811 3749 
3 3811 3748 3744 
3 3807 3811 3744 
3 3809 3747 3750 
3 3810 3809 3750 
3 3810 3750 3813 
3 3813 3750 3751 
3 3813 3751 3814 
3 3751 3752 3814 
3 3814 3752 3749 
3 3812 3814 3749 
3 3760 1407 1425 
3 3815 3760 1425 
3 3760 3815 3762 
3 1425 1428 3815 
3 3815 1428 3816 
3 3771 3762 3815 
3 3771 3815 3817 
3 3817 3815 3816 
3 3772 3771 3817 
3 3818 3772 3817 
3 3772 3818 3774 
3 1428 1429 3816 
3 3816 1429 3819 
3 3816 3819 3817 
3 3817 3819 3820 
3 3817 3820 3818 
3 3818 3820 3821 
3 3782 3774 3818 
3 3782 3818 3822 
3 3822 3818 3821 
3 3783 3782 3822 
3 3823 3783 3822 
3 3783 3823 3785 
3 3788 3789 3824 
3 3790 3788 3824 
3 3825 3790 3824 
3 3790 3825 3791 
3 3819 1429 1415 
3 3792 3819 1415 
3 3792 3793 3826 
3 3792 3826 3819 
3 3819 3826 3820 
3 3820 3826 3821 
3 3821 3826 3827 
3 3821 3827 3822 
3 3822 3827 3828 
3 3822 3828 3823 
3 3823 3828 3829 
3 3794 3785 3823 
3 3794 3823 3830 
3 3830 3823 3829 
3 3830 3832 3831 
3 3830 3831 3794 
3 3794 3831 3795 
3 3834 3833 3796 
3 3834 3796 3831 
3 3831 3796 3795 
3 3789 3796 3833 
3 3789 3833 3824 
3 3824 3833 3835 
3 3798 3797 3825 
3 3798 3825 3835 
3 3835 3825 3824 
3 3825 3797 3791 
3 3826 3793 3799 
3 3827 3826 3799 
3 3800 3827 3799 
3 3800 3801 3836 
3 3800 3836 3827 
3 3827 3836 3828 
3 3828 3836 3829 
3 3829 3836 3837 
3 3838 3837 3839 
3 3838 3830 3837 
3 3830 3829 3837 
3 3830 3838 3832 
3 3834 3840 3833 
3 3842 3833 3840 
3 3842 3841 3833 
3 3841 3835 3833 
3 3835 3841 3802 
3 3798 3835 3802 
3 3836 3801 3803 
3 3837 3836 3803 
3 3804 3837 3803 
3 3804 3806 3844 
3 3837 3804 3844 
3 3837 3844 3843 
3 3837 3843 3839 
3 3843 3844 3845 
3 3842 3846 3841 
3 3841 3846 3847 
3 3841 3847 3802 
3 3802 3847 3807 
3 3844 3806 3808 
3 3808 3810 3849 
3 3844 3808 3849 
3 3844 3849 3848 
3 3844 3848 3845 
3 3848 3851 3850 
3 3849 3851 3848 
3 3812 3850 3851 
3 3812 3811 3850 
3 3811 3852 3850 
3 3852 3811 3807 
3 3847 3852 3807 
3 3849 3810 3813 
3 3851 3849 3813 
3 3814 3851 3813 
3 3851 3814 3812 
3 3831 3832 3853 
3 3831 3853 3834 
3 3838 3839 3854 
3 3832 3838 3854 
3 3832 3854 3853 
3 3853 3854 3855 
3 3840 3834 3853 
3 3840 3853 3856 
3 3856 3853 3855 
3 3840 3856 3842 
3 3854 3839 3843 
3 3843 3845 3857 
3 3843 3857 3854 
3 3854 3857 3855 
3 3855 3857 3856 
3 3856 3857 3858 
3 3846 3842 3856 
3 3846 3856 3859 
3 3859 3856 3858 
3 3846 3859 3847 
3 3857 3845 3848 
3 3858 3857 3848 
3 3850 3858 3848 
3 3859 3858 3850 
3 3852 3859 3850 
3 3859 3852 3847 
