ply
format ascii 1.0
comment created by gply, a Houdini tool.
comment converted from .[b]geo
comment for more information about Houdini, try:
comment www.sidefx.com
element vertex 7902
property float x
property float y
property float z
property uchar red
property uchar green
property uchar blue
element face 15816
property list uchar int vertex_indices
end_header
0.77115643 0.144304991 0.885629177 161 203 222 
0.752493858 0.144163162 0.887602806 166 206 223 
0.752782106 0.143807441 0.878323138 167 208 225 
0.800377905 0.137083918 0.930847526 169 209 225 
0.755059958 0.129588455 0.93174994 173 213 226 
0.799820244 0.14193669 0.902524412 161 202 222 
0.785293996 0.102047294 0.965803027 181 219 226 
0.760645151 0.103150874 0.969111919 180 222 234 
0.805080175 0.115897506 0.95039165 181 218 225 
0.768194914 0.0750686526 1.00536358 183 222 236 
0.766561568 0.0754118562 1.00572979 183 223 237 
0.778267026 0.0546667278 1.04551589 149 186 204 
0.769541502 0.0592111945 1.04894686 160 196 213 
0.771790385 0.049707979 1.05130386 145 181 201 
0.820605457 0.133433938 0.926639199 165 204 220 
0.880099297 0.170673877 0.888002098 156 196 212 
0.886786938 0.17317456 0.888627589 158 197 212 
0.885209739 0.18119821 0.871875465 154 193 209 
0.887119055 0.171746403 0.889250457 159 197 212 
0.909432471 0.223453417 0.808775187 155 189 202 
0.921561182 0.231082276 0.81159234 155 188 199 
0.91995883 0.240163654 0.784243047 137 170 188 
0.924606979 0.217153579 0.826541901 153 187 201 
0.928879559 0.193343133 0.894973636 178 214 225 
0.928619444 0.197289824 0.863057017 155 191 207 
0.934433877 0.168506235 0.915969193 171 207 218 
0.932778299 0.251943946 0.769350708 132 165 187 
0.961799085 0.26303044 0.772192657 150 182 203 
0.962257802 0.261754066 0.765316129 155 189 209 
0.963789761 0.250716597 0.817632854 130 162 177 
0.970756352 0.219682544 0.842655182 132 170 185 
0.946846068 0.186829478 0.889455974 179 214 224 
0.970887959 0.261168092 0.770180821 152 186 206 
0.977286398 0.239876986 0.810253143 144 178 191 
-0.677470982 0.041909337 0.622609496 168 212 236 
-0.725822031 0.0463317335 0.630328417 167 205 227 
-0.675453722 0.0294909775 0.66798985 154 195 222 
-0.725369036 0.0400598049 0.679224193 152 190 216 
-0.678941786 0.0405664742 0.705053449 160 196 219 
-0.725622773 0.0406692922 0.684102118 152 190 216 
-0.679799795 0.0420760512 0.727671146 151 188 213 
-0.7265324 0.0401393175 0.731752932 159 194 218 
-0.680876374 0.041814357 0.780004621 147 183 208 
-0.704574406 0.0432491601 0.78338927 151 186 211 
-0.727894247 0.0418295562 0.775494695 155 190 213 
-0.677234292 0.023011893 0.821733713 165 198 219 
-0.720314145 0.00672256947 0.817606449 174 211 230 
-0.725177944 0.0283823907 0.800214291 165 201 222 
-0.670442641 -0.00816592574 0.856384575 168 203 221 
-0.715609193 -0.016256243 0.856946766 158 198 217 
-0.669020951 -0.0182438791 0.90310365 190 228 239 
-0.713739038 -0.0280962884 0.902657986 174 215 227 
-0.669179797 -0.0178441703 0.905953765 190 229 239 
-0.713802814 -0.0279293954 0.90373081 174 215 227 
-0.728666186 0.0440315306 0.786462247 155 191 214 
-0.675788343 0.00478637218 0.957877994 185 219 225 
-0.720615089 -0.00429034233 0.953801274 171 201 208 
-0.709106863 0.166214675 0.693706512 150 190 216 
-0.757657945 0.171422839 0.701874793 150 192 217 
-0.708720863 0.16020593 0.74275285 146 188 216 
-0.733683288 0.164270908 0.747707188 149 190 215 
-0.758220792 0.171789497 0.723643422 148 189 214 
-0.709406435 0.161125541 0.764008999 147 189 215 
-0.679101288 0.016872555 0.975671768 182 218 226 
-0.726264358 0.0166270435 0.980720758 173 209 219 
-0.683751404 0.0341218114 0.997476816 182 218 229 
-0.728916526 0.0267204642 0.990320206 178 217 229 
-0.758091331 0.168634117 0.752762854 153 191 214 
-0.710071504 0.161021173 0.795702338 149 189 213 
-0.757525504 0.161919028 0.80140537 140 178 201 
-0.712485969 0.166285843 0.848048389 160 199 218 
-0.759013832 0.165630609 0.828490496 151 188 207 
-0.716113508 0.0498385429 1.05002964 181 213 224 
-0.732550204 0.0368338525 1.04476142 170 207 220 
-0.693004787 0.0698455274 1.02533233 189 220 230 
-0.733975828 0.0416814387 1.05634332 168 204 217 
-0.712842584 0.167417675 0.851844013 160 199 218 
-0.762105525 0.175423235 0.86161232 169 206 223 
-0.714609385 0.169868082 0.905728757 152 193 214 
-0.732113123 0.17851913 0.912358284 155 200 220 
-0.764503896 0.182723999 0.890593708 168 210 227 
-0.711276054 0.15227893 0.948151708 186 223 238 
-0.727054954 0.156903595 0.9524014 186 224 239 
-0.702500641 0.113306224 0.978344321 192 228 238 
-0.750264525 0.115421593 0.984743714 184 224 236 
-0.755099356 0.136167586 0.976177216 187 228 241 
-0.697758913 0.0901830196 1.01760197 185 220 230 
-0.742542446 0.0805878639 1.01730347 175 215 228 
-0.737616599 0.0567410886 1.05614746 174 208 220 
-0.765865505 0.185705364 0.919976473 164 206 226 
-0.761410713 0.163709641 0.959879041 173 210 226 
-0.628987849 0.0369676054 0.614593625 159 201 226 
-0.666665614 0.0385564864 0.61959821 167 211 236 
-0.626203358 0.0215347409 0.658249795 179 215 232 
-0.642883658 0.0214729607 0.66004914 170 208 229 
-0.620800555 -0.0041860044 0.696021914 155 193 216 
-0.660896897 -0.00572687387 0.699589789 145 184 213 
-0.621801019 -0.00123181939 0.709127069 156 193 216 
-0.66072315 0.0355090201 0.722002506 152 189 214 
-0.63066256 0.0325519741 0.740548551 140 180 208 
-0.63263154 0.0378093123 0.772524476 137 176 204 
-0.630168557 0.0236397088 0.816903353 156 193 215 
-0.628322124 0.0118927956 0.862667799 170 202 219 
-0.622651994 -0.0148783326 0.899839163 179 219 231 
-0.623699367 -0.0120038092 0.915979803 171 209 225 
-0.629653454 0.00814041495 0.965487957 191 231 243 
-0.640218496 0.00866055489 0.96693182 191 230 240 
-0.630142331 0.00980728865 0.969410539 193 234 246 
-0.662260115 0.167702913 0.689368248 153 195 219 
-0.661332071 0.159564495 0.737196505 144 185 214 
-0.663006961 0.162416339 0.782398462 152 193 216 
-0.638225913 0.0397394896 1.00791228 165 200 214 
-0.663472235 0.163481921 0.791920304 154 194 216 
-0.664592564 0.163392097 0.844352126 157 198 219 
-0.706235945 0.166428506 0.850579977 161 200 218 
-0.665119886 0.16279158 0.875234127 160 199 217 
-0.642153919 0.0527659655 1.04349494 170 207 219 
-0.661889017 0.0629632175 1.05121076 185 218 228 
-0.645126522 0.0638159215 1.05717862 176 212 224 
-0.665533662 0.162598163 0.896381259 165 202 219 
-0.662510276 0.146226853 0.93950069 177 218 235 
-0.657048225 0.120273143 0.977139592 192 231 240 
-0.653801262 0.103023201 1.01975656 180 216 227 
-0.647201717 0.0726001263 1.05483913 178 213 225 
-0.582642138 0.0404244363 0.611381292 151 191 216 
-0.581594884 0.0318178535 0.658941805 161 202 224 
-0.577879131 0.0127258599 0.700505257 159 197 221 
-0.578140676 0.0136187971 0.702589869 159 197 221 
-0.58170259 0.0232575238 0.759012043 149 185 212 
-0.596288502 0.0282651484 0.763338923 145 181 209 
-0.582784116 0.0265213549 0.772396803 151 187 213 
-0.584619582 0.0302272141 0.815481663 149 187 213 
-0.581456721 0.0133078396 0.858287632 156 193 213 
-0.577572227 -0.00644722581 0.899471879 169 203 219 
-0.576586246 -0.0142455995 0.940863132 166 198 213 
-0.615040958 0.16772756 0.684192896 155 195 218 
-0.640406907 0.168493778 0.687397063 155 196 220 
-0.615658879 0.169096261 0.697355807 154 195 219 
-0.578265905 -0.00821354985 0.950944662 170 203 217 
-0.585077226 0.0177037716 0.975656867 185 228 238 
-0.615605116 0.165452749 0.735374868 146 188 214 
-0.61742413 0.168108255 0.789376915 157 201 226 
-0.625149369 0.167700917 0.790004253 157 201 225 
-0.617493927 0.168095678 0.792720497 157 202 226 
-0.592192113 0.0428406596 1.02297378 180 218 230 
-0.617491126 0.163879573 0.839441478 155 200 224 
-0.619307101 0.166986853 0.888284326 176 213 230 
-0.609265268 0.118082821 0.970697403 194 234 244 
-0.618650973 0.119108349 0.972286582 195 234 243 
-0.610860586 0.125173002 0.96514976 192 232 243 
-0.599518478 0.0752934217 0.998706937 182 222 233 
-0.63480258 0.0923591554 1.01186764 175 213 227 
-0.612826526 0.0748384297 1.05227935 175 208 219 
-0.619789302 0.16841799 0.894520462 178 214 231 
-0.616221845 0.149908811 0.936417222 170 213 231 
-0.534765244 0.0378649533 0.604727924 141 183 209 
-0.533997059 0.030354768 0.652915478 153 195 221 
-0.530709207 0.0129439831 0.69544059 162 204 227 
-0.531592846 0.0141750872 0.722329557 159 200 223 
-0.536374688 0.0307133794 0.758086979 152 192 217 
-0.537890196 0.0352651775 0.777085602 153 192 216 
-0.538677156 0.0352686346 0.813175619 156 192 214 
-0.535808027 0.0195032656 0.85664171 159 196 216 
-0.532466769 0.00188294053 0.899046898 170 207 223 
-0.530670285 -0.009668082 0.944923282 181 220 234 
-0.561223269 -0.0134130418 0.946243525 171 205 219 
-0.530975342 -0.00905141234 0.952077031 179 220 234 
-0.565811634 0.159853876 0.674499989 134 173 201 
-0.568274498 0.165511131 0.724708498 138 179 205 
-0.540409803 0.0275686383 0.978284836 182 223 232 
-0.568559408 0.166159064 0.73058939 140 181 207 
-0.567100465 0.155934483 0.7772246 152 191 217 
-0.570240259 0.165157497 0.818884015 163 202 225 
-0.549216688 0.0610816479 1.01020408 185 220 231 
-0.572006464 0.170719683 0.83816421 162 202 224 
-0.570926785 0.161985576 0.885651946 168 209 227 
-0.609632432 0.166970879 0.892617106 177 214 231 
-0.571054935 0.159105778 0.923534155 171 214 233 
-0.564193845 0.126546472 0.970348716 189 233 243 
-0.567756593 0.142777801 0.953549504 182 226 240 
-0.553699374 0.080819428 0.996678114 190 227 237 
-0.570600569 0.156212032 0.934832931 171 214 234 
-0.487664372 0.0383547843 0.599818587 144 192 217 
-0.494076669 0.0391366184 0.600948572 143 190 215 
-0.479087979 -0.0212691128 0.618798971 184 224 240 
-0.475808799 -0.0127204359 0.623088956 182 223 239 
-0.475217581 -0.0137487948 0.607372701 181 222 238 
-0.488077641 0.0398292542 0.602406919 144 191 216 
-0.473438054 -0.0225581825 0.623566687 185 225 241 
-0.488854587 0.0385397375 0.652407467 145 188 214 
-0.485206604 0.0197139978 0.694123268 154 199 224 
-0.487010151 0.0244600773 0.724185228 158 201 226 
-0.490147829 0.034637481 0.755141973 158 199 222 
-0.491518587 0.0366941392 0.79522109 153 194 218 
-0.492119849 0.0378943682 0.809487939 157 198 221 
-0.489246488 0.0221123993 0.852944553 162 200 220 
-0.486043394 0.00503483415 0.895660162 165 203 219 
-0.485206574 -0.00274518132 0.943693399 171 214 227 
-0.48609826 -0.000223785639 0.956611872 173 217 229 
-0.518440962 0.159283817 0.668984532 144 181 207 
-0.517234802 0.150052547 0.716187716 131 172 202 
-0.563150525 0.164353341 0.729012728 138 179 206 
-0.519431353 0.15470475 0.765335917 146 185 212 
-0.494854122 0.033036828 0.988995075 181 223 234 
-0.519931197 0.156155676 0.772161663 148 186 212 
-0.5225811 0.162076086 0.828031003 154 195 218 
-0.533160329 0.167126447 0.831940889 157 197 219 
-0.523622453 0.165367991 0.839259326 156 196 218 
-0.498104721 0.0434429944 1.02259421 177 219 229 
-0.5290066 0.053932637 1.0316962 180 215 226 
-0.501186669 0.0543009639 1.04343116 181 219 227 
-0.524956584 0.166918129 0.883283675 166 205 225 
-0.525110841 0.163032353 0.933544278 167 211 227 
-0.536717951 0.161779523 0.934138298 168 212 229 
-0.517791152 0.129779816 0.967008591 187 228 238 
-0.508745551 0.0897455513 0.996593952 182 224 236 
-0.506791353 0.0775752068 1.04211628 180 220 229 
-0.437694401 0.0275712013 0.588461399 169 208 227 
-0.44298026 0.0286643505 0.641994417 141 183 210 
-0.432877928 0.00764009356 0.588816404 189 226 238 
-0.428745836 -0.0128156245 0.626419604 198 234 244 
-0.438915461 0.0274436176 0.645937443 140 183 210 
-0.440269053 0.028703928 0.694075584 156 201 225 
-0.4400343 0.0232897103 0.743462086 182 225 242 
-0.444067955 0.023915261 0.744245589 183 225 242 
-0.440002322 0.022739321 0.748110712 183 225 242 
-0.441032916 0.0227217078 0.795620441 182 219 233 
-0.478331566 0.0339759886 0.805841267 163 203 224 
-0.441565186 0.0203914344 0.845952153 171 206 224 
-0.467260689 0.143744618 0.654907346 138 178 206 
-0.5122298 0.158324331 0.667780042 143 181 206 
-0.468825102 0.145399839 0.708337128 134 170 198 
-0.469868809 0.145737737 0.708635628 134 170 198 
-0.468864083 0.145448178 0.709588945 134 170 198 
-0.44159013 0.020419389 0.846786737 170 206 223 
-0.438593239 0.00415208936 0.889965832 168 208 222 
-0.439102978 0.00166302919 0.941025257 170 210 223 
-0.441427708 0.00962623954 0.959267139 175 217 229 
-0.471356332 0.150853842 0.763939798 152 191 214 
-0.503576219 0.155933052 0.770243347 153 192 216 
-0.472461939 0.153174341 0.788911581 153 192 216 
-0.448790312 0.0359894633 1.00432968 163 205 222 
-0.473512173 0.15483278 0.818698704 147 187 211 
-0.476765156 0.164392442 0.861814976 161 200 219 
-0.450764209 0.0429911911 1.01714635 169 210 226 
-0.455985814 0.0615256429 1.05091262 182 220 232 
-0.47710377 0.164453238 0.876684427 165 202 222 
-0.479828596 0.170668095 0.932722211 181 222 235 
-0.475318372 0.148454368 0.972500205 169 212 225 
-0.464456648 0.101284146 0.998004079 188 232 243 
-0.460924774 0.0829146504 1.03998077 186 225 238 
-0.428135723 0.0139033198 0.579975903 180 219 233 
-0.384812891 0.000685602427 0.622362852 181 223 237 
-0.392650485 0.0294003785 0.663102627 156 200 222 
-0.39385277 0.031883657 0.690704823 166 212 229 
-0.392121673 0.0205899477 0.736728489 165 210 229 
-0.392384559 0.017999202 0.777586699 177 221 235 
-0.393355817 0.0209473968 0.789416134 175 218 233 
-0.390395701 0.00482451916 0.832677722 191 225 235 
-0.440400481 0.0203171074 0.846600413 171 206 224 
-0.388944775 -0.00536826253 0.879331172 166 209 223 
-0.427257657 0.000658422709 0.886819661 168 208 222 
-0.388967723 -0.00900039077 0.920744777 169 211 226 
-0.422885627 0.154944718 0.656123817 133 174 202 
-0.422636688 0.149474889 0.70547837 127 168 198 
-0.423351824 0.151131123 0.719904363 128 170 199 
-0.389764547 -0.00663912296 0.931087375 169 213 227 
-0.396037161 0.0159117281 0.968474865 177 224 236 
-0.42302537 0.146510154 0.756265938 135 178 206 
-0.426108003 0.154690742 0.806886315 136 181 206 
-0.401628882 0.0354870558 1.0076648 161 205 219 
-0.429944813 0.0367160439 1.01144493 161 203 219 
-0.403166145 0.0411185026 1.01566327 159 203 217 
-0.42692557 0.157343179 0.814945102 139 183 207 
-0.43067342 0.167577714 0.873282015 180 216 228 
-0.437036216 0.167552769 0.873967648 178 215 228 
-0.430808961 0.167877823 0.876170218 182 219 230 
-0.416598141 0.0987969041 0.991392016 199 243 250 
-0.430958986 0.100504249 0.993898749 199 243 250 
-0.419022441 0.109529376 0.983430743 202 245 251 
-0.416022539 0.0946784616 1.01073086 199 240 247 
-0.412613332 0.0778014064 1.04175544 191 227 236 
-0.468424678 0.178309441 0.935625792 181 221 234 
-0.437514096 0.190986276 0.927215934 179 217 231 
-0.427038282 0.144310713 0.964940667 190 231 238 
-0.434237719 0.174766749 0.957031846 180 220 231 
-0.414400607 0.085670352 1.03636742 193 231 239 
-0.437882721 0.191413075 0.939397931 180 219 232 
-0.373964965 0.00417518616 0.621088684 177 219 235 
-0.342627823 0.0206606984 0.626613081 157 201 224 
-0.341633022 0.0179149508 0.611452878 156 200 224 
-0.345117569 0.0259518027 0.682122588 159 204 224 
-0.355772138 0.026932627 0.683826923 161 207 226 
-0.345521361 0.0270791054 0.688132107 159 205 225 
-0.347393006 0.0304006636 0.737150311 164 207 227 
-0.345005512 0.0165277421 0.781698823 163 207 226 
-0.375882387 0.0175792575 0.785663784 173 216 232 
-0.344952404 0.0141779184 0.805373549 175 217 232 
-0.34626627 0.0169898272 0.834446251 177 218 233 
-0.342781842 -0.00119319558 0.876529634 166 206 223 
-0.340647787 -0.0140702426 0.921647668 167 208 224 
-0.375599414 -0.00967788696 0.927877784 171 213 227 
-0.342329621 -0.00889077783 0.941305637 176 217 231 
-0.379125744 0.168562025 0.658722818 144 185 212 
-0.377700835 0.158471495 0.705434561 129 173 201 
-0.37771374 0.156191319 0.731364667 129 174 203 
-0.350613296 0.0220322311 0.977986097 189 233 243 
-0.377026975 0.151331753 0.753834188 133 177 206 
-0.377955556 0.150488585 0.805835128 137 181 208 
-0.413835078 0.154814452 0.812131047 137 181 207 
-0.378717571 0.1510759 0.834293723 143 187 211 
-0.363951594 0.0526892543 1.01288235 176 217 226 
-0.359270871 0.0548062921 1.01126373 178 219 228 
-0.381237298 0.158891588 0.86312449 156 199 219 
-0.384252489 0.168391496 0.895988226 184 224 238 
-0.37099576 0.105174541 0.989850163 181 223 234 
-0.375735402 0.126228213 0.97349596 187 227 237 
-0.381936073 0.0895300508 1.03489959 180 219 232 
-0.385514051 0.171204299 0.92264998 191 229 241 
-0.425478727 0.188704222 0.936561227 181 219 232 
-0.378782868 0.140263945 0.957436681 191 230 239 
-0.303257525 0.021289438 0.622628808 147 193 218 
-0.29851234 0.0283889472 0.678327084 143 189 216 
-0.295873612 0.0223745406 0.624017179 144 190 216 
-0.299693972 0.0312021971 0.701314986 144 189 215 
-0.302413315 0.0392250121 0.737007976 145 189 214 
-0.300795168 0.028375119 0.783285499 148 192 218 
-0.3004269 0.0247458518 0.806709051 156 199 223 
-0.301206619 0.0255000293 0.834124267 163 206 226 
-0.294913888 -0.00371742249 0.869896412 176 217 232 
-0.295633167 -0.00538313389 0.921426773 167 211 226 
-0.297394872 -0.000348955393 0.946365595 151 194 210 
-0.336056173 0.18489179 0.662873268 139 183 212 
-0.335994214 0.178141147 0.711551607 142 185 214 
-0.335529834 0.178351134 0.711391151 143 185 214 
-0.305690229 0.0306321084 0.982939363 185 228 235 
-0.335529357 0.178330094 0.711603343 143 185 214 
-0.333679438 0.166569352 0.757359982 144 189 216 
-0.331677288 0.154210597 0.802774429 142 186 212 
-0.333006918 0.155776829 0.846414328 148 193 217 
-0.315700114 0.0701005459 1.0039109 172 212 223 
-0.334052145 0.159050256 0.85802573 152 196 219 
-0.335138828 0.158828288 0.910381913 180 221 236 
-0.35422194 0.16475758 0.91570437 192 231 244 
-0.328799486 0.129427612 0.946049333 192 232 243 
-0.371247083 0.137796909 0.955266595 191 231 240 
-0.322578937 0.10049358 0.981983423 190 233 242 
-0.253708124 0.037902832 0.678579092 143 189 218 
-0.249888062 0.0257143378 0.638640046 139 188 219 
-0.254365474 0.0377947092 0.709958494 144 187 216 
-0.254049152 0.034750849 0.729259431 146 187 216 
-0.254550606 0.0322293937 0.780300558 142 186 215 
-0.248865366 0.00539886951 0.817437828 163 203 224 
-0.281537086 0.0175750852 0.827651739 166 207 228 
-0.249139994 0.00198620558 0.867969155 174 213 229 
-0.253984034 0.00140425563 0.868184924 175 213 229 
-0.249156892 0.00192531943 0.86942178 174 213 229 
-0.249177694 -0.00235751271 0.917967916 169 210 225 
-0.251544535 0.00366035104 0.959757924 174 211 221 
-0.290256888 0.19049564 0.66088891 144 191 220 
-0.288157463 0.17775473 0.706084788 143 189 219 
-0.33523497 0.178324938 0.711568177 143 185 214 
-0.288922936 0.178615004 0.731668353 143 188 217 
-0.256620586 0.0223956108 0.984608769 167 205 216 
-0.277029872 0.0325342119 0.992366672 171 212 222 
-0.259910703 0.0349918306 0.995687366 164 204 216 
-0.289284348 0.177690744 0.758531451 145 192 218 
-0.290240347 0.176955193 0.810593843 148 192 217 
-0.291142762 0.179519355 0.823531389 153 194 218 
-0.262178123 0.0442326069 0.997098565 165 206 218 
-0.27399987 0.0946544409 0.979536414 201 236 246 
-0.29188928 0.178942502 0.864213765 177 214 230 
-0.289650112 0.165652484 0.909095585 185 225 238 
-0.283327281 0.136316717 0.944800138 196 237 246 
-0.276318103 0.104283988 0.978961945 198 234 243 
-0.206260309 0.0219270885 0.66467458 140 188 216 
-0.202300161 0.0169770718 0.713904202 145 189 217 
-0.239044577 0.0323459208 0.726302385 147 189 217 
-0.202012688 0.0196989477 0.670460284 139 187 216 
-0.206467688 0.0316683352 0.741982698 147 191 218 
-0.207583308 0.0332441032 0.77569145 145 188 216 
-0.203375757 0.0122196972 0.816149592 156 197 220 
-0.202044457 0.00249689817 0.863071799 161 203 222 
-0.201232582 -0.00433254242 0.901687741 163 205 223 
-0.20154354 -0.00396323204 0.911859989 167 207 225 
-0.202765137 -0.00365504622 0.964519501 160 195 210 
-0.23088637 0.00250908732 0.970962882 176 212 220 
-0.205065936 0.0045594871 0.978867173 180 219 226 
-0.24939774 0.215510786 0.67000699 160 203 226 
-0.255508244 0.19762224 0.713304758 141 186 212 
-0.24827069 0.2083572 0.69775635 149 193 217 
-0.215255886 0.044919461 0.998199821 167 207 220 
-0.247450203 0.203366607 0.715544105 143 188 213 
-0.247305527 0.198306292 0.765133142 153 200 225 
-0.264686167 0.190914929 0.815379739 145 189 213 
-0.248341694 0.198623925 0.80917418 145 189 213 
-0.218766659 0.0592190325 1.00048065 174 212 225 
-0.228177965 0.0988046527 0.992669582 202 238 245 
-0.248601079 0.198905021 0.817958713 145 188 213 
-0.246304065 0.185387641 0.862710595 160 202 220 
-0.245829016 0.179029346 0.911557078 173 213 225 
-0.250716716 0.166970462 0.957891941 192 230 240 
-0.245497286 0.174458206 0.947122931 185 223 233 
-0.233051121 0.119838029 0.982668638 202 240 245 
-0.243421361 0.164181411 0.966014504 190 229 238 
-0.245214999 0.172124922 0.960091233 192 230 239 
-0.166863382 0.00862303376 0.705465674 142 189 216 
-0.159041822 0.028073281 0.767544508 154 192 218 
-0.16126579 0.0283319056 0.767929554 153 192 218 
-0.153460458 0.0103327334 0.708440304 143 190 217 
-0.158999354 0.0276679099 0.770098925 154 193 218 
-0.157998443 0.0194818377 0.815113723 155 197 220 
-0.154049546 -0.000526160002 0.856153309 159 200 220 
-0.152467966 -0.0112324655 0.902512848 183 221 234 
-0.192618787 -0.00658249855 0.909454405 168 208 226 
-0.153874546 -0.00778675079 0.928799868 169 207 222 
-0.160163701 0.0145142376 0.969722033 169 213 224 
-0.161208421 0.0184343755 0.974123716 172 216 227 
-0.220029101 0.229049504 0.674144626 142 186 212 
-0.169529736 0.0495437682 1.01046145 197 235 242 
-0.206865788 0.233953014 0.675365627 134 178 206 
-0.203646749 0.216812775 0.718045294 159 203 227 
-0.202871934 0.209276512 0.766218126 157 204 227 
-0.203540489 0.207827032 0.81301868 156 203 226 
-0.178651869 0.0871589482 1.01127148 190 237 248 
-0.184441879 0.113280594 0.986821055 203 246 252 
-0.203727067 0.208144799 0.818053961 158 205 227 
-0.202838659 0.200162172 0.865971506 167 210 229 
-0.207047492 0.200380147 0.918910146 185 226 239 
-0.204359531 0.201796889 0.917629123 186 226 240 
-0.185948759 0.120322049 0.977756023 207 248 252 
-0.198665857 0.173610657 0.969443202 189 232 243 
-0.204359382 0.201645672 0.919303179 186 226 240 
-0.20123294 0.184869319 0.962190986 189 230 244 
-0.110665195 0.0235502422 0.759768069 138 185 214 
-0.108727083 0.0198715329 0.711667657 147 194 224 
-0.110534526 0.0187343955 0.807283461 155 197 220 
-0.11057619 0.0187087059 0.809482038 156 198 221 
-0.108069427 0.00436720252 0.853762627 158 198 218 
-0.106651984 -0.00569412112 0.900491059 171 212 228 
-0.108076483 -0.0035187602 0.941716433 150 190 206 
-0.111758389 0.00987842679 0.961881042 169 206 220 
-0.116366126 0.027433902 0.978342414 196 232 243 
-0.125116542 0.060667485 1.01077521 195 231 237 
-0.162283719 0.24433969 0.676116884 161 203 228 
-0.159730166 0.22981438 0.720292091 164 212 234 
-0.160689682 0.229092702 0.77236259 158 205 228 
-0.161339641 0.229902864 0.79319948 158 205 229 
-0.139015347 0.121469706 0.973222971 192 237 248 
-0.177224249 0.120725185 0.977016568 205 246 252 
-0.141920134 0.133767843 0.969922185 192 237 249 
-0.131500632 0.0874506831 1.00624883 186 226 239 
-0.161041021 0.225981414 0.823066235 169 215 238 
-0.159100711 0.213865593 0.86861974 172 215 235 
-0.160244122 0.214394927 0.915232778 173 213 232 
-0.153126121 0.181406349 0.955020905 183 224 235 
-0.172423273 0.185920864 0.95959723 183 224 236 
-0.158184081 0.204196751 0.933979869 175 216 232 
-0.160129815 0.21341747 0.920846581 173 213 232 
-0.0647241473 0.0285972357 0.757465243 157 203 227 
-0.0630193725 0.0245869756 0.723761737 152 201 225 
-0.0623479635 0.0147687793 0.802039146 160 203 224 
-0.107397094 0.018530637 0.809035838 156 198 221 
-0.0623251274 0.0110653937 0.842143536 152 196 218 
-0.0623793676 0.0104003549 0.85202384 153 197 218 
-0.059074074 -0.00707879663 0.894509614 162 206 221 
-0.061416924 -0.00236493349 0.949689031 152 195 218 
-0.0826711282 -0.00281026959 0.951782227 149 190 209 
-0.0620077848 -0.000590324402 0.957095385 156 200 221 
-0.0721988752 0.0397753417 0.97641778 178 219 230 
-0.115734093 0.246995464 0.67244637 162 205 228 
-0.151764184 0.245572567 0.675631583 161 203 228 
-0.116147146 0.247253641 0.688540816 161 205 229 
-0.0738814771 0.0466114581 0.977701187 181 221 231 
-0.106746368 0.0737501681 0.996075749 191 229 237 
-0.0848158523 0.0921500623 0.973664045 199 241 248 
-0.11502979 0.239736304 0.720777571 166 211 232 
-0.113003075 0.227280974 0.766136885 172 218 237 
-0.114452355 0.228778929 0.81602788 176 217 234 
-0.0898687765 0.113921404 0.963716269 198 241 250 
-0.0996816456 0.15565744 0.950445294 194 236 246 
-0.114517681 0.228740424 0.819454789 176 217 234 
-0.110453345 0.208278805 0.860234916 174 216 231 
-0.108499654 0.196110457 0.905758321 187 226 238 
-0.156775564 0.212548122 0.920005083 174 214 232 
-0.102779858 0.169144124 0.942818046 195 237 246 
-0.0249709859 0.0201272666 0.74848932 172 217 235 
-0.0152062923 0.015098244 0.797038078 173 219 237 
-0.0147934854 0.0168363154 0.758771777 173 217 236 
-0.0142507404 0.00685185194 0.844804764 164 209 229 
-0.0498317927 0.00962406397 0.850222707 155 200 221 
-0.0111851767 -0.00968539715 0.887829304 175 219 230 
-0.0368199907 -0.0100663304 0.890439034 166 211 224 
-0.0109122917 -0.0124619901 0.906155705 176 222 233 
-0.0146505088 -0.000561028719 0.945531249 177 220 232 
-0.0175003409 0.0100669861 0.958266735 181 220 231 
-0.0627989396 0.224560842 0.654425323 177 218 232 
-0.0649292991 0.225396499 0.655114055 177 217 232 
-0.062922664 0.224842533 0.656975508 178 218 232 
-0.0262922719 0.0451824069 0.971694469 182 225 232 
-0.0431703106 0.0479444563 0.975051641 181 223 231 
-0.0282135233 0.0530171692 0.972837925 182 226 233 
-0.0632631034 0.221892893 0.705382466 183 224 235 
-0.098805733 0.235551015 0.716717958 169 213 233 
-0.0594674349 0.202486902 0.746766329 180 220 236 
-0.0836704969 0.216374516 0.756980658 175 220 237 
-0.0564417839 0.186106533 0.789880693 190 228 241 
-0.0754293874 0.195529401 0.797093093 191 230 244 
-0.0571321771 0.186092347 0.821734428 187 227 240 
-0.0420208946 0.111475974 0.957128048 195 238 246 
-0.0436948687 0.111851186 0.957516193 195 238 247 
-0.0422821194 0.112578064 0.956873894 195 238 246 
-0.111755244 0.227930829 0.818710804 177 217 234 
-0.0571409017 0.184361756 0.841365993 183 224 239 
-0.105455212 0.20661585 0.85878104 176 217 232 
-0.0566511452 0.177945554 0.890179336 174 214 229 
-0.0819051936 0.189476162 0.899226964 186 224 235 
-0.0510175377 0.151317865 0.927432775 197 239 246 
-0.0894647166 0.164806575 0.938995242 197 239 247 
0.0323099121 0.0139560103 0.791195333 183 231 242 
0.0317637101 0.0173464417 0.778596401 178 225 240 
0.0330939814 0.00638341904 0.839347363 170 215 230 
0.0360832214 -0.00985389948 0.882543445 176 219 232 
0.0349858627 -0.00868937373 0.919982791 179 219 232 
-0.00614204258 0.187502533 0.628040195 174 217 235 
-0.0177671462 0.195617944 0.633732319 181 223 241 
-0.0070373565 0.189259142 0.649624407 176 218 237 
0.0321961269 0.000927686691 0.941193223 175 215 228 
0.0273835957 0.0188603997 0.96286428 186 225 233 
-0.00726680458 0.187430233 0.680481911 171 212 230 
-0.0396209322 0.208682433 0.695598185 181 225 236 
-0.00198616832 0.162189424 0.718528569 150 191 216 
-0.0384771265 0.186119407 0.735556066 185 222 237 
-0.00162810087 0.15629068 0.767637908 160 199 222 
-0.0215492919 0.167376846 0.775857747 180 217 233 
-0.00323975086 0.160374671 0.796247482 162 200 221 
0.0195502564 0.0506165028 0.969612956 182 224 235 
0.0156010985 0.0671041906 0.967704296 185 227 238 
-0.00410329551 0.161524564 0.823114693 156 197 219 
-0.0460916236 0.179790556 0.837665141 182 223 238 
-0.00221335143 0.149606675 0.868781328 175 216 231 
-0.0224411339 0.162675172 0.87811321 171 210 228 
-0.00144156814 0.142082304 0.916960955 187 233 240 
-0.00688164681 0.143601388 0.918385148 188 233 241 
0.00763291121 0.101934582 0.946481347 188 229 239 
-1.06457162 0.051487118 0.984502316 134 168 187 
-1.06569219 0.0520989001 0.984958291 132 167 186 
-1.06521869 0.0544739068 0.981016517 133 169 188 
-1.06468248 0.0518188775 0.985897183 132 168 187 
-1.06499815 0.0531624854 0.98546052 132 168 186 
-1.0184356 0.0782267749 0.732190788 183 227 239 
-1.02993488 0.0925652087 0.74125433 179 222 235 
-1.02321792 0.097709775 0.735248506 178 222 234 
-1.01845026 0.0741071105 0.778636634 186 229 239 
-1.01327789 0.0489771068 0.820427656 190 227 237 
-1.0158453 0.0502958298 0.821427166 189 226 237 
-1.0177269 0.0705267191 0.785218358 187 229 239 
-1.01267803 0.045532316 0.831165016 183 220 232 
-1.00135303 -0.00686255097 0.89345634 167 210 229 
-1.01335585 0.00521871448 0.901347339 169 212 227 
-1.00785279 0.0216450393 0.875076413 165 206 221 
-1.00184798 -0.0080807209 0.929720521 162 210 228 
-1.02296102 0.0960080624 0.74236083 179 223 236 
-1.03400946 0.0870931745 0.843440473 187 226 236 
-1.02399778 0.0914853513 0.84021616 188 229 238 
-1.02237201 0.0834370255 0.855011225 187 227 236 
-1.02300107 0.0440780222 0.923546195 177 213 227 
-1.01694667 0.056579411 0.904382944 178 216 231 
-1.01387286 0.0413627326 0.932355404 170 208 224 
-1.02447283 0.0929648876 0.845586658 190 230 238 
-1.01680756 0.0538623333 0.928188205 176 215 231 
-1.01682734 0.0494487882 0.97814703 166 208 223 
-1.02175713 0.0703088343 0.97266984 176 221 234 
-1.01947021 0.0589872003 0.993482113 174 219 231 
-1.02128291 0.0669552982 0.988160014 177 221 233 
-0.950996578 0.00329437852 0.631660283 177 224 238 
-0.964842379 0.00757870078 0.635512412 174 221 236 
-0.949070334 -0.00811055303 0.669961333 153 199 220 
-0.987412155 0.0433096886 0.657429755 183 223 235 
-0.949937105 -0.00536039472 0.679193258 154 199 220 
-0.971479177 0.0243263543 0.69770968 179 221 233 
-0.952078521 -0.00143802166 0.733919919 186 230 242 
-0.965466976 0.00294169784 0.737773657 187 228 241 
-0.951798022 -0.00469192863 0.757202506 182 227 239 
-1.00979757 0.0790853202 0.679351151 187 230 240 
-1.00693572 0.0569382012 0.719346344 188 232 243 
-0.993494451 0.0373516977 0.759572148 184 225 239 
-0.95405978 0.00185516477 0.788286567 181 224 237 
-0.97476244 0.0190458298 0.799913049 190 233 243 
-0.951657236 -0.0120769441 0.832801282 166 209 227 
-0.967091203 -0.00193724036 0.840013146 173 217 233 
-0.950836897 -0.0195347369 0.878013074 149 193 214 
-0.978938282 0.113084584 0.694455326 180 227 240 
-0.980105698 0.115273565 0.72372365 175 222 236 
-1.01774216 0.0726765692 0.781452894 187 229 239 
-1.00029087 0.0312207937 0.861698985 167 207 221 
-0.951054394 -0.0189374685 0.881360531 149 193 214 
-0.951672256 -0.0210014582 0.932663202 149 190 210 
-0.988566816 -0.0116210878 0.941820264 159 205 225 
-0.950346708 -0.0307016075 0.979598284 130 175 208 
-0.95846951 -0.0271760523 0.982408762 133 177 209 
-0.950864911 -0.0294809043 0.989822268 139 185 214 
-0.98117727 0.117390305 0.749401033 170 217 230 
-0.98307085 0.120338708 0.803570628 170 217 231 
-0.983237088 0.120690793 0.807290792 171 217 231 
-1.00522089 0.0712213814 0.88400054 180 219 231 
-0.980640709 0.0314911902 0.964401841 153 192 208 
-0.966669977 0.0120328963 1.00463903 137 165 172 
-0.961228192 0.0117371976 1.00757754 132 159 168 
-0.985786498 0.126517385 0.859587729 178 220 234 
-0.989846885 0.116136432 0.906744361 194 234 242 
-0.986833215 0.128408462 0.886629105 184 227 239 
-0.993715763 0.0923601687 0.946593046 183 230 242 
-0.963364184 0.020447284 1.0088532 133 159 170 
-0.973734319 0.0635632575 1.00583243 161 198 215 
-0.987728119 0.129654735 0.913865387 190 233 242 
-0.981419623 0.100375324 0.949602008 186 233 244 
-0.978445292 0.0841965973 0.992831707 182 221 230 
-0.906680405 0.0147261918 0.633009315 175 216 232 
-0.906324565 0.0112676919 0.65510112 169 212 229 
-0.906163752 0.00820413232 0.681762099 168 212 229 
-0.90586412 0.00253495574 0.731002808 171 216 232 
-0.905761302 -0.00160506368 0.772290289 166 209 227 
-0.896094263 -0.049328655 0.858788729 200 244 250 
-0.897670329 -0.0491680801 0.859049261 200 244 250 
-0.8963328 -0.0482806265 0.858092785 199 244 250 
-0.896194756 -0.0489637554 0.859348536 200 245 251 
-0.905754566 -0.00238728523 0.780670643 166 209 227 
-0.906333983 -0.00460231304 0.831887007 165 203 219 
-0.943389416 -0.0190402269 0.880462348 150 194 214 
-0.900718212 -0.0356517136 0.919094563 173 219 233 
-0.917586803 -0.0356347263 0.920957446 163 209 224 
-0.900510967 -0.0376812816 0.932133794 175 221 234 
-0.96971339 0.12998125 0.702633202 175 222 236 
-0.914415359 -0.0165130794 0.983368278 179 225 238 
-0.907714784 -0.0121044517 0.978641868 187 233 243 
-0.943095982 0.15781188 0.714847803 157 200 222 
-0.960246205 0.150626749 0.765181243 179 222 233 
-0.9449054 0.161920875 0.752260804 173 215 231 
-0.981769919 0.12257722 0.804645419 170 217 231 
-0.917409658 0.0239560306 1.00571203 173 210 221 
-0.917062998 0.0240888298 1.00563419 173 211 222 
-0.950053692 0.180658847 0.780398309 174 208 221 
-0.961893857 0.168581933 0.82748735 166 208 225 
-0.951256812 0.183278471 0.806525111 167 202 219 
-0.975976169 0.142333597 0.867113531 175 219 234 
-0.930821598 0.0826319158 0.986747384 202 234 245 
-0.933504403 0.0840940773 0.987837553 201 233 244 
-0.931500673 0.0854767561 0.986311674 201 233 245 
-0.951233745 0.180803686 0.83296442 172 213 230 
-0.952193022 0.18008104 0.885034204 172 213 223 
-0.958686531 0.164872438 0.929832101 179 224 234 
-0.951919615 0.17647475 0.912557721 175 218 227 
-0.944668651 0.141532362 0.96795249 198 240 250 
-0.947385848 0.15403071 0.953816056 192 234 244 
-0.950757444 0.169948608 0.931722164 179 223 233 
-0.860658824 0.019456476 0.630525351 173 212 231 
-0.857459128 0.00239220262 0.67324847 176 214 230 
-0.887464583 0.00346764922 0.677130699 169 212 228 
-0.857601702 0.00105696917 0.694633603 168 207 225 
-0.860635102 0.0103795826 0.730300128 174 213 230 
-0.862401247 0.0147320926 0.763020396 177 218 234 
-0.895377874 -0.0486132205 0.85909915 200 244 250 
-0.862626493 0.0137126744 0.784689605 171 213 230 
-0.859069407 -0.00475591421 0.826609671 166 205 224 
-0.858161986 -0.0128131807 0.87448442 172 206 222 
-0.864233494 -0.0227209032 0.922119498 164 197 212 
-0.857654929 -0.0188489258 0.918276906 163 194 210 
-0.857820392 -0.0186471045 0.923630953 163 194 210 
-0.862095833 -0.00633972883 0.983153224 167 206 214 
-0.882907033 -0.00888669491 0.984054685 177 219 227 
-0.862514675 -0.00487610698 0.986116529 168 207 215 
-0.898732722 0.16905871 0.716091037 158 203 224 
-0.901061714 0.175863832 0.747392118 161 207 227 
-0.916824222 0.0240977407 1.00572479 173 211 221 
-0.87172538 0.0306362808 1.01436043 168 204 211 
-0.927125931 0.199837148 0.788311601 164 201 220 
-0.909205735 0.206095681 0.785343111 159 201 224 
-0.886417389 0.0937176049 0.987898469 184 226 239 
-0.88700676 0.0962012112 0.987359405 184 225 239 
-0.877627254 0.0546871126 1.01805782 172 208 216 
-0.910350144 0.21021454 0.792113364 158 200 222 
-0.913239181 0.217074409 0.84852016 155 194 214 
-0.944923103 0.191043645 0.890198827 177 217 226 
-0.913623154 0.217879191 0.857207298 161 199 217 
-0.921093762 0.15113169 0.970583797 195 235 245 
-0.899868965 0.149789959 0.982374072 194 232 240 
-0.917113423 0.227805391 0.907140911 174 210 227 
-0.910047114 0.195548505 0.941174626 192 229 239 
-0.902142882 0.159998983 0.973325133 192 230 240 
-0.816790164 0.0326462686 0.632879853 158 196 221 
-0.835309803 0.0160913765 0.678266704 170 210 229 
-0.816662312 0.0293775499 0.663334787 162 201 224 
-0.817403078 0.0305629373 0.684171379 163 203 227 
-0.814051569 0.0129020512 0.72655338 168 206 228 
-0.8191728 0.0317210853 0.752552152 175 214 234 
-0.819360137 0.0292690694 0.788397729 169 210 229 
-0.812669873 -0.00151053071 0.823276401 174 210 227 
-0.812967598 -0.00483241677 0.873859584 162 198 217 
-0.810769796 -0.0179599524 0.918834448 171 206 220 
-0.851461828 -0.0196296275 0.922397733 164 195 211 
-0.811397612 -0.0168542862 0.935372591 166 201 214 
-0.816526949 0.000169694424 0.981686831 143 174 185 
-0.817762852 0.00457131863 0.989511847 144 177 189 
-0.855982959 0.186644852 0.720960021 153 198 219 
-0.856972218 0.188590229 0.744759798 155 197 218 
-0.826628864 0.0398625731 1.00438941 164 202 215 
-0.832805872 0.0444338024 1.00755489 167 205 218 
-0.828205705 0.0461835563 1.00654256 168 207 220 
-0.859465718 0.195837736 0.778701007 156 196 216 
-0.898090243 0.206865042 0.788944066 157 199 222 
-0.862284005 0.204801261 0.808484972 160 199 219 
-0.881599009 0.0966574252 0.988968134 184 225 239 
-0.840530515 0.0971119702 1.00644755 189 226 239 
-0.867021382 0.22103402 0.84559536 172 211 230 
-0.867960274 0.222816676 0.868893147 171 213 232 
-0.844942629 0.116313726 0.995632887 184 220 234 
-0.855886698 0.163047194 0.978765965 199 234 241 
-0.868637085 0.222890794 0.899140477 165 206 225 
-0.864819586 0.203398973 0.940475345 179 217 235 
-0.85808146 0.172431439 0.975246429 201 238 245 
-0.771139324 0.038833648 0.631229281 147 186 212 
-0.771680892 0.0376886427 0.668818951 152 191 215 
-0.772964239 0.0415125191 0.68524456 158 197 219 
-0.774202287 0.0418852866 0.737941027 152 192 218 
-0.774655819 0.0423310101 0.753810585 157 196 221 
-0.767031193 0.00472459197 0.821653128 175 211 226 
-0.774523139 0.00347867608 0.821798682 175 211 226 
-0.767292917 0.00588151813 0.820814788 176 211 227 
-0.761964321 -0.0196761489 0.860180199 153 193 213 
-0.76863867 -0.0179368556 0.861859798 151 191 211 
-0.761941433 -0.0206106007 0.869514644 156 195 215 
-0.775426984 0.0422055721 0.790607333 169 206 227 
-0.764328241 -0.0148796141 0.915406823 175 212 228 
-0.766157627 -0.00982344151 0.943210244 176 210 220 
-0.783740163 0.0151159465 0.986214638 153 192 210 
-0.773947358 0.0186542273 0.984385848 157 198 218 
-0.808337152 0.184993297 0.714825988 152 196 218 
-0.80734098 0.176587522 0.762501299 145 185 210 
-0.828234553 0.182579279 0.768056631 150 189 213 
-0.808189929 0.178085238 0.784833193 146 187 211 
-0.783715785 0.0569274724 1.00755465 170 212 228 
-0.812587023 0.192708641 0.824205041 149 191 213 
-0.827578187 0.201092124 0.830412924 154 194 216 
-0.813380539 0.193696141 0.849661529 153 194 217 
-0.797077894 0.112991124 0.998019576 184 224 240 
-0.814281225 0.194873899 0.877926648 166 206 225 
-0.848304272 0.214429557 0.892303348 173 215 232 
-0.818672717 0.209810168 0.91356498 175 215 232 
-0.810247779 0.17004177 0.968690157 194 232 242 
-0.831589282 0.172795624 0.972533345 198 235 243 
-0.813007653 0.181765765 0.965118289 191 229 240 
-0.799239516 0.122295707 0.993864894 185 226 240 
-0.819338858 0.210254729 0.939206958 175 218 235 
-0.737747669 0.0397056341 0.680391788 152 190 216 
-0.715742409 -0.0279735029 0.902944922 174 214 227 
-0.772993743 0.177595884 0.706918061 148 192 217 
-0.761936545 0.0203934014 0.986689568 161 202 220 
-0.782495797 0.170810163 0.808985949 145 184 205 
-0.780965686 0.056981355 1.00868404 169 211 228 
-0.748216152 0.0420683324 1.04933035 171 207 221 
-0.795492649 0.186018378 0.871044755 163 203 223 
-0.78632164 0.119718671 0.991043448 185 226 240 
-0.80062151 0.20313099 0.933274984 167 208 228 
-0.658154428 0.109747678 -1.01805174 194 229 239 
-0.70305413 0.100608915 -1.01808918 170 212 227 
-0.651069403 0.0774169266 -0.984060287 189 228 239 
-0.69696182 0.0721788704 -0.981866717 181 220 231 
-0.647371054 0.0583933592 -0.942457676 174 212 226 
-0.69243592 0.0499035716 -0.942124009 174 213 228 
-0.646695971 0.0523765683 -0.906589508 166 208 222 
-0.691958308 0.0454563797 -0.914630651 168 209 226 
-0.647790611 0.0555502176 -0.891600609 164 204 221 
-0.693089187 0.0479786396 -0.890741765 165 204 222 
-0.652329206 0.0701787472 -0.845789433 160 195 216 
-0.696484745 0.0577793717 -0.843758225 163 199 220 
-0.673534811 0.170181006 -0.983486533 198 239 247 
-0.717505574 0.157392353 -0.985611677 190 229 239 
-0.677630424 0.185346127 -0.963973403 199 240 248 
-0.722267091 0.175328642 -0.966320813 200 238 247 
-0.653105319 0.0719412267 -0.829742551 158 195 216 
-0.697247207 0.0598248541 -0.831483126 163 200 222 
-0.64771688 0.0462768972 -0.791938186 175 217 232 
-0.696469188 0.0522761047 -0.783317447 172 211 229 
-0.650102317 0.0511579812 -0.736663282 172 210 229 
-0.696530759 0.0480261147 -0.733265042 152 192 218 
-0.651020169 0.0536136627 -0.721812844 171 210 229 
-0.696575522 0.0481441021 -0.73252058 152 192 218 
-0.685150087 0.212487131 -0.920340538 188 227 241 
-0.730439007 0.205698341 -0.928623199 182 219 234 
-0.65483731 0.0652712584 -0.676108003 150 190 214 
-0.701940894 0.0647922158 -0.671192467 148 192 220 
-0.654743195 0.0619594753 -0.643629193 153 191 214 
-0.701977611 0.0648021698 -0.669617176 148 192 220 
-0.686427414 0.216347367 -0.904598355 182 222 238 
-0.731524289 0.207983524 -0.904192626 175 217 234 
-0.68170166 0.193287075 -0.865304649 171 211 231 
-0.728871167 0.193066835 -0.860241115 163 205 226 
-0.679869413 0.181595743 -0.819508314 159 197 218 
-0.725898504 0.176894724 -0.817007601 165 203 226 
-0.68052876 0.179694921 -0.768112361 155 188 210 
-0.68170321 0.180105895 -0.76775974 155 188 210 
-0.727646947 0.181791425 -0.791150212 155 193 217 
-0.680615306 0.17995286 -0.767008126 155 188 210 
-0.655127883 0.0619209707 -0.625540972 154 193 217 
-0.703553736 0.0666374266 -0.617653906 151 191 218 
-0.658940017 0.0726507008 -0.569757223 165 199 220 
-0.704622149 0.0678087175 -0.581618607 151 190 218 
-0.729092062 0.184951276 -0.759916544 153 191 215 
-0.685440063 0.194500923 -0.70716083 157 194 214 
-0.705028474 0.192814171 -0.705925882 162 198 219 
-0.73101753 0.188392609 -0.709759593 165 203 223 
-0.685769737 0.195385009 -0.701851189 159 196 217 
-0.659018874 0.0727179348 -0.566882432 165 200 221 
-0.705277324 0.0689180195 -0.563866317 152 192 220 
-0.657848775 0.0636285543 -0.519598007 148 191 218 
-0.704702675 0.0621682405 -0.515243769 146 188 219 
-0.693302453 0.0586133897 -0.466072768 149 189 219 
-0.704043865 0.0550879538 -0.466810197 148 188 218 
-0.660520434 0.0703897774 -0.472075522 153 195 224 
-0.704010725 0.0546972752 -0.463990688 148 188 218 
-0.731675088 0.190608799 -0.704197466 164 202 223 
-0.688897908 0.203595608 -0.649475873 176 218 238 
-0.729626536 0.205214396 -0.64411974 171 212 236 
-0.736365795 0.204784378 -0.646366656 169 210 234 
-0.690128505 0.206877887 -0.629452825 179 224 245 
-0.660764098 0.0705917776 -0.463132173 155 195 224 
-0.661491752 0.0689591467 -0.411582798 160 200 226 
-0.707265913 0.0632563829 -0.409655064 157 199 226 
-0.662912607 0.072147578 -0.381781399 160 202 227 
-0.708807468 0.0683583915 -0.395578116 156 199 227 
-0.741247177 0.223728284 -0.632771492 170 213 234 
-0.699263096 0.242013693 -0.600516677 179 222 240 
-0.745707452 0.240944907 -0.619314194 170 216 234 
-0.664255202 0.0753255785 -0.355458319 153 198 224 
-0.710386097 0.0710245371 -0.352728873 148 192 222 
-0.668144226 0.0879617035 -0.317326665 159 202 227 
-0.713449955 0.0812561214 -0.325762242 150 194 223 
-0.704147458 0.259023249 -0.56529063 165 210 231 
-0.731138229 0.264396369 -0.55940181 164 208 232 
-0.752314866 0.263569415 -0.567378938 168 212 236 
-0.705684543 0.263717473 -0.546888709 160 204 228 
-0.670232296 0.0943193734 -0.292111546 169 208 230 
-0.716568828 0.0908263624 -0.288919926 168 208 229 
-0.669783294 0.0880633593 -0.243206531 175 216 233 
-0.693689525 0.0907419324 -0.23912248 177 215 232 
-0.717911959 0.0932601988 -0.254303604 179 215 233 
-0.669623137 0.0851978064 -0.218720436 178 218 234 
-0.753332257 0.266721904 -0.555697918 165 209 234 
-0.705971718 0.2616992 -0.511276901 162 206 230 
-0.75575459 0.271747768 -0.500340164 163 211 236 
-0.707394421 0.262797683 -0.458165497 166 210 231 
-0.711931884 0.264559299 -0.45670861 166 210 231 
-0.756183684 0.272637248 -0.490522653 162 210 235 
-0.707310915 0.26168409 -0.449625403 168 211 232 
-0.718890846 0.0954582393 -0.233787537 175 212 231 
-0.670037925 0.0845717192 -0.192720428 175 215 232 
-0.715056419 0.0758998394 -0.192490861 175 219 236 
-0.756523669 0.270277947 -0.448697686 172 216 238 
-0.7144472 0.286927193 -0.402503759 167 219 241 
-0.759700716 0.279963225 -0.410464376 176 225 244 
-0.700970232 0.224080086 -0.322860688 179 225 244 
-0.731038988 0.232608914 -0.314916939 186 227 243 
-0.707771719 0.25388068 -0.341755152 175 225 244 
-0.69967252 0.214489073 -0.275863141 162 205 232 
-0.721010923 0.21219632 -0.274765581 158 201 230 
-0.699241459 0.211652175 -0.264127523 155 198 227 
-0.714722812 0.287100911 -0.391782016 164 216 239 
-0.76066339 0.28205204 -0.389480293 167 217 240 
-0.710259318 0.265070975 -0.351898968 168 219 241 
-0.75658083 0.261518985 -0.348741084 169 218 239 
-0.751834869 0.238379061 -0.309492856 181 224 240 
-0.745757997 0.210009784 -0.273235649 154 197 227 
-0.69792974 0.203149647 -0.229865581 135 179 212 
-0.746360421 0.207885012 -0.221967727 134 179 210 
-0.700742722 0.209710658 -0.17362982 147 191 218 
-0.74505651 0.198269814 -0.174984008 140 183 212 
-0.7007038 0.208806649 -0.16537118 150 193 219 
-0.745274782 0.198463887 -0.167120636 142 185 213 
-0.700006604 0.202326328 -0.125370145 157 195 220 
-0.749130487 0.209785461 -0.115914404 159 202 227 
-0.643010378 0.116055161 -1.01628458 195 230 238 
-0.604596376 0.0803737342 -0.987558603 191 230 239 
-0.613275707 0.11792019 -1.00631452 193 229 237 
-0.600330353 0.059119463 -0.947231889 193 228 237 
-0.599624276 0.051853478 -0.898904443 172 211 225 
-0.615472496 0.0542010069 -0.895885944 168 208 223 
-0.600551188 0.0549281836 -0.890517831 170 208 224 
-0.652021527 0.155067891 -0.99407196 196 238 246 
-0.62300843 0.156016648 -0.982820868 197 236 244 
-0.604631245 0.0670353472 -0.837738037 183 222 237 
-0.622910678 0.0707546771 -0.833706021 176 214 231 
-0.600754976 0.0473125875 -0.796535313 178 218 233 
-0.636819661 0.0445482433 -0.794076025 178 219 234 
-0.600891292 0.0465272367 -0.781549096 173 213 231 
-0.632187903 0.191374123 -0.954292238 178 222 233 
-0.603625059 0.0540980399 -0.740171194 163 203 225 
-0.601889074 0.0427851081 -0.694158494 167 209 230 
-0.61163193 0.0461589694 -0.69125253 169 211 231 
-0.599015117 0.0271545351 -0.652411401 176 217 237 
-0.633219302 0.192840487 -0.923232675 186 226 238 
-0.668818533 0.210550159 -0.909686923 187 226 240 
-0.631370604 0.181084573 -0.877473354 176 211 228 
-0.664637268 0.188722372 -0.869662941 176 213 231 
-0.632780671 0.184224069 -0.847622871 169 204 222 
-0.599836171 0.0302268565 -0.64885807 174 215 235 
-0.620595396 0.0623434484 -0.629105806 155 193 216 
-0.607920587 0.0611557662 -0.621389508 155 192 215 
-0.633476675 0.184868157 -0.822826147 158 196 216 
-0.633788049 0.181599826 -0.772212267 151 187 208 
-0.634942472 0.184840947 -0.7552315 152 187 208 
-0.608845711 0.0611357391 -0.57869637 150 192 216 
-0.653705657 0.0726833642 -0.567485154 164 199 221 
-0.612394929 0.0732207 -0.550042689 156 203 225 
-0.641047478 0.205631942 -0.705983818 146 186 210 
-0.64143002 0.206872582 -0.702206254 145 186 210 
-0.613386571 0.0744861662 -0.518577397 168 215 233 
-0.616193473 0.0819406807 -0.472546965 159 204 231 
-0.644858122 0.216113225 -0.647505879 167 209 230 
-0.64586103 0.218723178 -0.630465388 175 219 238 
-0.61716634 0.0848462284 -0.460168749 154 199 228 
-0.617786765 0.0827920437 -0.408860475 146 190 220 
-0.617739856 0.079511255 -0.374555528 148 190 219 
-0.653493226 0.246421203 -0.587856531 174 224 244 
-0.617821157 0.0784355402 -0.358869046 153 194 221 
-0.619837523 0.0818664432 -0.304423511 168 210 232 
-0.640595794 0.085238874 -0.3003079 167 209 231 
-0.620848477 0.0848155022 -0.290780723 172 214 234 
-0.655833483 0.254746497 -0.572926223 171 222 244 
-0.654231071 0.24395822 -0.526613414 170 211 234 
-0.674335301 0.25530529 -0.518231571 165 206 231 
-0.654929161 0.243444696 -0.488859534 165 201 226 
-0.623965263 0.093593657 -0.24523294 171 212 231 
-0.621774316 0.0804929137 -0.200242773 168 213 232 
-0.636184454 0.081820786 -0.197936952 173 216 234 
-0.654796958 0.241689831 -0.475427717 164 201 225 
-0.659757853 0.257264405 -0.420738488 165 207 229 
-0.66027981 0.258741617 -0.413191706 163 205 228 
-0.706398964 0.284252554 -0.394246161 163 215 238 
-0.659047246 0.249406874 -0.366047591 171 216 238 
-0.699683607 0.263038099 -0.354166955 170 221 242 
-0.654494047 0.227024317 -0.326366186 168 212 237 
-0.652920365 0.216349214 -0.279988706 170 212 235 
-0.650054276 0.200595766 -0.23651576 131 177 210 
-0.668885291 0.20197311 -0.233697206 131 176 209 
-0.650502622 0.201362103 -0.224449247 131 177 209 
-0.651787996 0.202916294 -0.182705343 143 187 215 
-0.652728558 0.202296913 -0.13264221 166 203 229 
-0.652733147 0.202137947 -0.130667359 166 203 230 
-0.550413132 0.0485431552 -0.958470523 175 218 232 
-0.558972716 0.0495223403 -0.956997275 181 221 234 
-0.553034425 0.0607729852 -0.974025428 177 220 233 
-0.550166726 0.0465765297 -0.947928429 177 219 233 
-0.569092631 0.130923301 -1.01631916 190 224 232 
-0.584165037 0.130298287 -1.01500285 192 226 234 
-0.558035672 0.0829857886 -0.991254032 180 222 234 
-0.552102983 0.0506913066 -0.904758632 177 215 230 
-0.554230332 0.0566083789 -0.8728441 173 211 227 
-0.571742773 0.141336411 -1.01036334 188 223 231 
-0.57841599 0.166253209 -0.980876207 190 226 233 
-0.555211902 0.0584152043 -0.847857773 178 217 231 
-0.555909455 0.0566641986 -0.79637605 165 208 228 
-0.555201471 0.0513311327 -0.769617796 164 208 230 
-0.58271575 0.179960042 -0.935789227 193 228 238 
-0.601615727 0.185622305 -0.930632114 189 226 238 
-0.584262431 0.185110807 -0.922016263 187 223 235 
-0.556866169 0.0559314787 -0.744311988 162 203 225 
-0.558683038 0.0585788488 -0.690314651 153 194 217 
-0.55821538 0.0561666489 -0.684981346 152 194 217 
-0.587435901 0.194015026 -0.875267208 166 203 220 
-0.588341534 0.195219368 -0.847073019 154 190 210 
-0.556929827 0.0471979678 -0.644340813 156 195 220 
-0.559528708 0.0529181063 -0.588585973 149 193 219 
-0.566984475 0.0524797738 -0.588005185 149 192 217 
-0.559681177 0.0533383191 -0.586256504 148 193 219 
-0.588663995 0.194348752 -0.822593093 149 185 206 
-0.590534866 0.197208077 -0.768474579 150 185 207 
-0.590905011 0.197825044 -0.758337498 151 187 209 
-0.566277504 0.0759079754 -0.534220338 183 223 239 
-0.630117655 0.210945815 -0.704294205 146 186 210 
-0.598288655 0.224292368 -0.713466287 144 185 210 
-0.567035556 0.0779222548 -0.521801591 185 224 240 
-0.567729354 0.0761565864 -0.470328301 150 195 222 
-0.600325465 0.0811178386 -0.464047581 150 196 225 
-0.568808734 0.0783539712 -0.445191354 146 194 223 
-0.598358989 0.223459214 -0.700976908 145 185 210 
-0.600315392 0.226654485 -0.646666229 151 191 214 
-0.601141274 0.228329539 -0.627362251 151 193 218 
-0.570386291 0.0821045935 -0.414443105 151 196 224 
-0.570444524 0.0778416693 -0.364398152 151 195 222 
-0.597016275 0.0774329901 -0.361700594 151 192 220 
-0.570951462 0.0788766444 -0.352626681 151 195 221 
-0.601677656 0.227515489 -0.593690574 158 203 228 
-0.642692029 0.24461031 -0.579884291 176 226 246 
-0.598122418 0.209054127 -0.551766455 157 200 225 
-0.628167331 0.225286111 -0.539634943 171 214 236 
-0.600625992 0.215693846 -0.510608912 168 211 234 
-0.573625326 0.0858478546 -0.307335794 160 205 226 
-0.573999882 0.0838831663 -0.268304586 157 202 225 
-0.602405608 0.221391976 -0.49222663 169 212 233 
-0.645600736 0.239420474 -0.477672786 165 202 226 
-0.607448041 0.239381149 -0.460627288 168 216 235 
-0.574694157 0.0855557323 -0.255019724 154 200 224 
-0.575769544 0.0852893889 -0.202688873 149 196 221 
-0.615906894 0.271171451 -0.425541192 183 230 245 
-0.617186487 0.274978101 -0.409094661 184 232 247 
-0.611612797 0.248585939 -0.371706575 187 229 243 
-0.608272493 0.230969012 -0.32929948 176 218 236 
-0.604290128 0.210829705 -0.288335085 155 200 230 
-0.606370747 0.214513227 -0.233745098 130 177 211 
-0.606378794 0.213918597 -0.226769239 130 176 210 
-0.605191588 0.20538801 -0.186481118 139 180 208 
-0.607732058 0.210878134 -0.130857825 149 194 222 
-0.634472251 0.205816776 -0.130672753 160 200 227 
-0.509862125 0.0792604983 -0.998574197 182 226 236 
-0.52274555 0.0811307132 -0.996141076 181 225 235 
-0.511714816 0.087211132 -1.00186372 183 226 236 
-0.504709184 0.0545215607 -0.960240602 191 232 243 
-0.503538668 0.0467355251 -0.927458405 189 231 242 
-0.52243197 0.133142442 -1.02023935 181 223 234 
-0.504568577 0.0494773984 -0.910642385 183 224 236 
-0.509000301 0.0636881292 -0.86509639 175 213 230 
-0.527189732 0.151836842 -1.009547 183 226 237 
-0.533130288 0.173057169 -0.972621441 196 236 242 
-0.509166539 0.063052088 -0.850395203 178 215 232 
-0.509316206 0.059148401 -0.800144672 160 203 223 
-0.508584917 0.0517829955 -0.751874208 141 187 213 
-0.514563918 0.0512996018 -0.751480162 143 189 214 
-0.508584261 0.0515439212 -0.749246597 142 188 213 
-0.537815511 0.18909654 -0.935752988 178 218 230 
-0.539628386 0.195141196 -0.919692516 175 216 230 
-0.550616026 0.0609274507 -0.689923525 152 194 216 
-0.514656961 0.0715216994 -0.692445815 149 192 214 
-0.543590069 0.207294583 -0.872861385 165 210 228 
-0.544064999 0.207019418 -0.848002434 163 206 226 
-0.514887214 0.0720545053 -0.687796593 149 191 214 
-0.516847491 0.0752650797 -0.633477151 156 198 222 
-0.555360019 0.0552933514 -0.587751985 148 193 218 
-0.517924547 0.0776129067 -0.610117555 155 197 221 
-0.544272065 0.205482244 -0.821414709 159 198 220 
-0.577483058 0.205331653 -0.765489638 150 187 210 
-0.548209071 0.217449814 -0.773650944 142 185 210 
-0.519593954 0.0815651119 -0.577390671 163 205 227 
-0.52009654 0.0790477991 -0.52634728 157 208 230 
-0.53754282 0.0779599249 -0.52502197 168 215 234 
-0.519534469 0.0754978359 -0.512704134 153 205 229 
-0.5644207 0.249687165 -0.742796183 151 192 217 
-0.557379782 0.252763867 -0.745042503 152 193 218 
-0.519309819 0.071464777 -0.47820127 148 195 224 
-0.522864342 0.0818976462 -0.43094328 165 206 230 
-0.557713091 0.25380379 -0.741293848 152 193 218 
-0.554635048 0.237217486 -0.698297262 146 189 213 
-0.556059837 0.238324061 -0.645181179 139 181 206 
-0.552802563 0.221033722 -0.602587342 138 180 207 
-0.560453176 0.223321825 -0.600501895 139 182 209 
-0.550930262 0.210751504 -0.574286699 140 181 207 
-0.523264706 0.0825128257 -0.419399112 168 210 232 
-0.523299038 0.0781558454 -0.369407952 158 204 226 
-0.52308917 0.0729258358 -0.320925146 150 194 221 
-0.549864471 0.204997227 -0.559276283 142 182 208 
-0.552040935 0.209057361 -0.504470885 151 194 219 
-0.581522763 0.213736266 -0.498685986 163 206 228 
-0.553440452 0.213092998 -0.48506555 158 200 223 
-0.52314353 0.0730530322 -0.319843322 150 194 221 
-0.525944591 0.0795671642 -0.263634354 152 193 221 
-0.561889827 0.0814493001 -0.258660614 155 199 223 
-0.526443362 0.0794456601 -0.23938489 160 200 224 
-0.560379803 0.237361133 -0.436151654 182 233 247 
-0.528746486 0.0860847235 -0.207423434 161 204 226 
-0.570554614 0.277646005 -0.416680902 168 217 236 
-0.560034931 0.226992279 -0.336763442 178 218 235 
-0.571929872 0.229926348 -0.333860248 179 219 236 
-0.563841701 0.2444143 -0.355591863 185 229 243 
-0.560229301 0.22653152 -0.322718382 172 210 231 
-0.570819795 0.27835235 -0.412354201 168 217 236 
-0.566389203 0.256451517 -0.372397304 187 236 248 
-0.559583783 0.220727742 -0.287863314 153 191 219 
-0.55553937 0.200344414 -0.247038484 143 186 215 
-0.558810711 0.209424108 -0.197744817 140 184 213 
-0.559622645 0.211896837 -0.18794781 140 183 212 
-0.559360385 0.206374615 -0.138623118 147 189 216 
-0.463159919 0.0813167989 -1.00258756 178 219 230 
-0.467861503 0.101106554 -1.00664508 179 218 228 
-0.459095359 0.060854435 -0.961807966 181 220 233 
-0.456620306 0.0466374755 -0.91745615 177 218 232 
-0.483664095 0.0449104309 -0.91542387 183 224 237 
-0.456652194 0.0456156135 -0.904637396 174 215 230 
-0.480416864 0.153615683 -1.01371908 172 212 222 
-0.458476484 0.0494390428 -0.863370657 164 204 223 
-0.496270448 0.060213238 -0.8533566 173 212 230 
-0.460133255 0.0527637601 -0.824252069 152 193 216 
-0.48102653 0.156011254 -1.01234889 172 212 222 
-0.487814128 0.179711491 -0.964091539 185 228 239 
-0.460582316 0.0532216728 -0.808723986 152 194 217 
-0.46064809 0.0489881337 -0.758662224 152 197 217 
-0.462633431 0.0550560355 -0.734940529 153 196 216 
-0.493509829 0.200569421 -0.934380531 185 228 241 
-0.495380104 0.207081527 -0.920879841 187 230 243 
-0.470306814 0.0829577744 -0.692706168 153 192 218 
-0.523089707 0.222983003 -0.866579771 173 215 232 
-0.502697349 0.23322019 -0.875404418 180 218 234 
-0.470423579 0.082906723 -0.686779141 152 191 218 
-0.47146377 0.0825020969 -0.634527326 146 187 214 
-0.473079741 0.086600095 -0.605876207 146 190 216 
-0.503327608 0.234654188 -0.86240238 178 216 232 
-0.497849882 0.208638847 -0.824798763 170 207 228 
-0.503594995 0.227579474 -0.771509767 144 189 214 
-0.474159807 0.0886038244 -0.578554273 148 194 218 
-0.474703401 0.0862478614 -0.527418673 154 197 223 
-0.471568674 0.0694389045 -0.484549433 162 207 231 
-0.477555484 0.0696396232 -0.483782381 160 206 231 
-0.4713175 0.0677915812 -0.477775604 163 208 232 
-0.504838109 0.231605679 -0.759179592 146 192 216 
-0.552025914 0.252687246 -0.742526174 153 194 218 
-0.509460628 0.246531934 -0.712824166 144 189 217 
-0.470170528 0.0594534576 -0.437777489 164 208 231 
-0.51204437 0.0796458125 -0.422191679 167 209 232 
-0.474374413 0.0728399158 -0.393530369 153 201 227 
-0.510058403 0.247625679 -0.697533727 141 186 215 
-0.507349372 0.232489362 -0.653707862 147 189 213 
-0.506180525 0.223405004 -0.606420517 145 188 215 
-0.505592108 0.217296436 -0.565555751 143 184 211 
-0.475616068 0.0763585269 -0.375625372 152 200 225 
-0.474789768 0.0686198771 -0.327568352 147 192 220 
-0.521800399 0.0727986395 -0.320129305 150 194 221 
-0.476747394 0.0745025575 -0.303061247 154 199 223 
-0.505267024 0.215323612 -0.558559537 143 183 210 
-0.50481081 0.209039211 -0.509670734 149 187 210 
-0.504853547 0.204715431 -0.459660619 151 190 215 
-0.51295054 0.207493901 -0.457259446 153 192 216 
-0.504953682 0.204051167 -0.447681844 153 191 216 
-0.478133827 0.0772677362 -0.270139009 158 200 223 
-0.477436036 0.0700342059 -0.221793056 173 217 235 
-0.497456819 0.0742050409 -0.217324167 169 212 232 
-0.560034394 0.237291396 -0.435876042 182 233 247 
-0.507905662 0.212216139 -0.402887374 159 202 224 
-0.529940724 0.221735507 -0.395287603 170 216 235 
-0.509670377 0.217315972 -0.378540844 158 201 223 
-0.567545652 0.276667207 -0.413630694 168 217 236 
-0.562880576 0.254956484 -0.373596102 186 235 247 
-0.509061217 0.212264717 -0.350376397 158 198 221 
-0.512127042 0.219819337 -0.293572366 166 205 225 
-0.517045617 0.220370889 -0.292731822 165 204 225 
-0.512135804 0.219436288 -0.288913071 165 204 224 
-0.510460496 0.208779141 -0.247403651 148 189 215 
-0.511343479 0.207756877 -0.195505172 147 190 216 
-0.540648937 0.210172057 -0.190971047 142 185 213 
-0.512240648 0.209870383 -0.177802846 146 187 213 
-0.51328367 0.210888594 -0.141230777 147 187 214 
-0.426357776 0.126764804 -1.034266 180 218 227 
-0.428819925 0.126704603 -1.03402817 180 218 227 
-0.420208573 0.0981110632 -0.998171449 190 231 239 
-0.410880268 0.0569661856 -0.969221354 168 202 217 
-0.409523636 0.0471437573 -0.922356069 172 212 227 
-0.410209596 0.0466930866 -0.885855734 159 198 216 
-0.410981596 0.0483806431 -0.86916554 157 197 215 
-0.412759304 0.0508739054 -0.815256238 154 191 216 
-0.441436708 0.0506455004 -0.812229216 154 193 216 
-0.410045356 0.0357953608 -0.772297144 119 164 196 
-0.439328641 0.17773065 -1.00511587 190 228 235 
-0.444139779 0.194492817 -0.970501423 197 233 240 
-0.410053819 0.0357514918 -0.771422446 119 164 196 
-0.418021977 0.0651984513 -0.732822776 147 191 219 
-0.4761132 0.215999335 -0.927898467 186 230 244 
-0.452325553 0.22493118 -0.932930171 183 228 243 
-0.421232045 0.0751817226 -0.696386933 148 191 218 
-0.463738978 0.0819554329 -0.688031197 153 192 218 
-0.422846735 0.0789981782 -0.664664984 159 197 220 
-0.453580379 0.229237467 -0.92317313 181 224 240 
-0.452531785 0.22062546 -0.875615656 179 217 233 
-0.487283468 0.231649697 -0.865799904 180 218 234 
-0.454055727 0.22341153 -0.836611032 168 205 224 
-0.425756603 0.0884682238 -0.636304498 157 195 219 
-0.428923488 0.098996073 -0.607901096 152 194 221 
-0.454671025 0.22453922 -0.820893943 162 199 219 
-0.459002167 0.23781383 -0.769561052 141 184 210 
-0.429695964 0.0994550884 -0.577537358 160 203 226 
-0.427139789 0.0849193335 -0.533367991 164 208 229 
-0.446507782 0.0771544874 -0.483106107 162 211 233 
-0.42767027 0.0827073753 -0.484432608 161 213 234 
-0.459565133 0.23927772 -0.759981036 140 183 210 
-0.458230734 0.229542643 -0.713065863 145 189 214 
-0.495625436 0.243498743 -0.701364756 141 187 216 
-0.460424572 0.234770536 -0.670441151 156 197 220 
-0.427778184 0.0829359293 -0.482019216 160 212 234 
-0.426718384 0.0742799342 -0.434486866 166 212 232 
-0.427302539 0.0720834136 -0.383260012 151 194 220 
-0.438758492 0.0745443404 -0.380662441 149 193 220 
-0.42448476 0.0568528473 -0.343379468 171 215 234 
-0.460867971 0.235413149 -0.657225072 157 196 220 
-0.458660841 0.222249001 -0.61227119 138 181 209 
-0.45886758 0.218569592 -0.56189245 144 187 218 
-0.49253431 0.216921285 -0.559089541 142 184 212 
-0.454289168 0.196088016 -0.522267699 137 179 209 
-0.469701737 0.199607939 -0.518659294 141 182 210 
-0.454906523 0.197369218 -0.508161724 134 177 208 
-0.424223572 0.0554935038 -0.340265512 173 216 235 
-0.425485939 0.0559619665 -0.287514418 161 205 229 
-0.451411396 0.0669959784 -0.278663158 158 202 225 
-0.425594211 0.0522604585 -0.241411865 174 224 241 
-0.458942175 0.209878922 -0.461896807 142 186 211 
-0.459720105 0.211113721 -0.439902455 148 189 213 
-0.425887644 0.0530484617 -0.236697584 175 225 242 
-0.459276438 0.206700563 -0.411231488 149 188 214 
-0.463329285 0.218895972 -0.360682994 135 179 212 
-0.46412605 0.221264064 -0.350418657 136 181 212 
-0.463949978 0.216080457 -0.30090028 146 191 218 
-0.465496689 0.219540775 -0.268342853 147 192 219 
-0.466025412 0.219743505 -0.246322006 141 187 215 
-0.465269536 0.212281704 -0.198106632 149 194 221 
-0.466380686 0.213832334 -0.164323717 150 195 221 
-0.467224211 0.215470374 -0.143799677 152 198 223 
-0.40732947 0.131906241 -1.03356016 181 219 228 
-0.375101864 0.10643658 -0.998599172 184 223 236 
-0.381576121 0.135933489 -1.02914202 183 221 230 
-0.36593008 0.0659064054 -0.969297409 181 218 230 
-0.360157967 0.0387346148 -0.932355165 170 209 226 
-0.365295768 0.0553386807 -0.880986452 163 203 221 
-0.409315854 0.172619313 -1.01119435 188 230 237 
-0.390973896 0.172371775 -1.00259995 188 232 239 
-0.366115391 0.0576508939 -0.869052768 161 201 220 
-0.368816912 0.0637740791 -0.813067436 167 203 223 
-0.368358791 0.0604172051 -0.79679656 158 196 220 
-0.398804247 0.201050788 -0.961794496 198 239 245 
-0.370533973 0.0660289824 -0.75929451 146 189 218 
-0.369416863 0.0571478605 -0.711890936 151 192 218 
-0.383930951 0.0600785613 -0.708701789 152 193 220 
-0.370192528 0.0594103634 -0.701420307 152 193 219 
-0.407762408 0.23531276 -0.931252003 192 234 247 
-0.402051181 0.207835436 -0.888120472 175 214 231 
-0.408403933 0.209548056 -0.886490703 175 214 231 
-0.40424332 0.217891753 -0.899227381 181 220 236 
-0.402495831 0.209240884 -0.883324742 174 213 230 
-0.376825869 0.0821634233 -0.649721324 150 189 215 
-0.408582032 0.237988621 -0.923357368 189 230 243 
-0.409135789 0.232026756 -0.831685901 158 199 220 
-0.377214164 0.0832935274 -0.644453645 150 190 216 
-0.379252285 0.0868100822 -0.589959145 162 207 230 
-0.397447705 0.0935149491 -0.58431232 166 210 231 
-0.379701793 0.0863156021 -0.563828707 167 211 233 
-0.409619689 0.233082205 -0.821197212 156 197 220 
-0.411347747 0.235380352 -0.767399669 148 193 218 
-0.437828869 0.239133984 -0.762447715 143 187 213 
-0.412513405 0.238662779 -0.750359297 149 194 219 
-0.380806834 0.0884264708 -0.536551535 161 205 229 
-0.380701959 0.0835225582 -0.48687318 149 199 225 
-0.421273619 0.0832622647 -0.482556492 159 211 233 
-0.37914589 0.0734790862 -0.446706206 157 207 229 
-0.412322938 0.23472029 -0.715293944 152 193 219 
-0.412035137 0.22909759 -0.666026711 140 184 213 
-0.43666929 0.234928861 -0.660147607 148 190 215 
-0.413633227 0.234121591 -0.648485899 138 183 211 
-0.378859729 0.0717922151 -0.441099197 159 208 230 
-0.376217157 0.0569170713 -0.397123933 170 214 236 
-0.373526603 0.0418532491 -0.353256553 164 213 234 
-0.422375232 0.0556699634 -0.340372622 172 216 235 
-0.375246435 0.0441192091 -0.299477369 162 210 233 
-0.375410318 0.0441976786 -0.299416691 162 210 233 
-0.375260979 0.0441622436 -0.299288273 162 210 233 
-0.413432807 0.230097592 -0.612971544 141 186 215 
-0.410609901 0.214513913 -0.569401562 145 186 212 
-0.410828084 0.210879475 -0.518997133 134 179 210 
-0.410662174 0.20932886 -0.509384573 131 177 208 
-0.380707681 0.0610859692 -0.237289965 172 210 231 
-0.383579433 0.0605744123 -0.237252682 172 211 231 
-0.410226494 0.204023719 -0.470435172 136 178 207 
-0.413705856 0.214311615 -0.425018787 147 188 215 
-0.414008319 0.214391708 -0.412021965 143 185 213 
-0.414958775 0.213634461 -0.359971911 145 184 210 
-0.44593966 0.219227552 -0.353524953 139 181 211 
-0.415678918 0.213994443 -0.330910325 142 181 208 
-0.417376071 0.218640894 -0.304625303 142 183 211 
-0.420303702 0.226804376 -0.260933042 149 194 219 
-0.420892119 0.227964357 -0.246809512 150 196 220 
-0.420378059 0.221452683 -0.198050708 145 196 223 
-0.421840698 0.224328473 -0.162856191 151 202 229 
-0.423127174 0.227762938 -0.141958356 152 203 229 
-0.32891345 0.110511512 -1.00145793 185 228 240 
-0.334814996 0.135434002 -1.00746143 187 226 237 
-0.328373224 0.0641435385 -0.974383354 180 219 231 
-0.319534391 0.0698730946 -0.980467796 182 222 234 
-0.315224707 0.0477414131 -0.932393193 172 212 229 
-0.316800892 0.0563411117 -0.955592275 175 215 230 
-0.316261083 0.0473217666 -0.88015008 170 208 225 
-0.347808391 0.0549536049 -0.872531772 163 203 222 
-0.318371475 0.0540313423 -0.857820868 170 206 224 
-0.344911188 0.175329894 -0.987275481 181 222 230 
-0.322130263 0.0658914149 -0.817045867 164 200 221 
-0.324185193 0.0727272332 -0.798663497 159 197 221 
-0.353647649 0.208494365 -0.95471555 198 239 248 
-0.327742487 0.0834514201 -0.754519165 147 188 215 
-0.337228358 0.0713825822 -0.707684517 142 182 211 
-0.327416748 0.0786400139 -0.716007471 141 181 210 
-0.355469286 0.214856178 -0.941777468 195 235 244 
-0.397809207 0.234952301 -0.92619288 192 232 245 
-0.356284857 0.213568926 -0.890030622 168 210 229 
-0.357605398 0.21800229 -0.878668308 168 210 228 
-0.327644289 0.0785737038 -0.704825819 141 181 210 
-0.330511749 0.0853489339 -0.648467541 154 192 219 
-0.360109001 0.0841985643 -0.645841002 152 190 217 
-0.330081701 0.0817479193 -0.628195226 154 194 221 
-0.365139008 0.245212048 -0.835161805 161 203 224 
-0.331175923 0.0834669173 -0.5970608 157 202 227 
-0.330732137 0.077231288 -0.548144102 161 211 230 
-0.348726243 0.082467854 -0.543318152 166 215 233 
-0.331364483 0.0780134499 -0.527804732 161 213 234 
-0.365890592 0.24682048 -0.81852901 162 204 227 
-0.364192128 0.23565504 -0.77243197 166 208 229 
-0.366129756 0.240032017 -0.732114017 152 195 222 
-0.331044972 0.0739686489 -0.497527033 155 205 233 
-0.328068316 0.0577808917 -0.45430249 167 212 233 
-0.376979887 0.0711433887 -0.441658705 159 209 230 
-0.322539628 0.0315654278 -0.416813403 154 197 222 
-0.362163097 0.0518898666 -0.40140304 174 217 238 
-0.322712898 0.0277544558 -0.366509885 146 186 216 
-0.35870415 0.029887259 -0.361394733 166 214 235 
-0.324186027 0.032392323 -0.350415111 144 186 215 
-0.367149055 0.242781639 -0.715872705 147 190 218 
-0.365614861 0.232261583 -0.669406533 145 192 220 
-0.366577446 0.232163414 -0.624123931 138 185 213 
-0.327668399 0.0427339971 -0.305459142 158 206 230 
-0.329019874 0.0462371707 -0.282340258 166 215 235 
-0.366888374 0.232773721 -0.616630435 139 187 214 
-0.363299012 0.214178428 -0.574782908 137 178 207 
-0.364170909 0.213112563 -0.522909403 138 181 208 
-0.365286082 0.215685949 -0.500308335 138 182 209 
-0.334001034 0.0631247759 -0.241313338 161 206 228 
-0.365699738 0.214627862 -0.46955955 138 183 211 
-0.366616964 0.213739991 -0.417584211 140 181 208 
-0.38449052 0.215746909 -0.4145284 140 182 209 
-0.367438018 0.21625416 -0.407827407 142 183 209 
-0.368666172 0.217300117 -0.363064766 151 191 214 
-0.371180475 0.224696249 -0.329820871 143 187 212 
-0.373922527 0.233461827 -0.301337838 146 190 215 
-0.373736441 0.228238806 -0.251842022 158 201 225 
-0.388554901 0.228631333 -0.250000119 155 199 223 
-0.373945594 0.228300005 -0.24292013 160 202 226 
-0.374003559 0.224796623 -0.201327577 165 206 227 
-0.374803215 0.223446846 -0.14961642 175 216 238 
-0.38380608 0.225294948 -0.147621781 172 214 236 
-0.284625351 0.120412081 -1.05329633 195 236 242 
-0.284225494 0.124974102 -1.05085862 193 234 240 
-0.280815005 0.0984944999 -1.01328039 179 220 237 
-0.291106939 0.150048643 -1.01356483 184 224 234 
-0.304533809 0.0470739007 -0.933931112 173 214 230 
-0.267427742 0.0410042107 -0.888952851 168 204 223 
-0.267201483 0.0417909026 -0.908082724 174 211 228 
-0.272265255 0.05677405 -0.842100441 162 198 218 
-0.299367905 0.180859357 -0.976677895 188 229 239 
-0.273232222 0.0593197048 -0.825994015 159 196 218 
-0.277773738 0.0739587843 -0.780165136 150 190 215 
-0.305844367 0.205428272 -0.952359319 174 216 230 
-0.320842415 0.212387711 -0.946925402 179 220 233 
-0.307814479 0.212588668 -0.941479683 170 212 227 
-0.279892385 0.0809972584 -0.761112332 150 191 216 
-0.282013744 0.0848638117 -0.706686258 148 188 216 
-0.312382013 0.226624548 -0.887752891 163 207 226 
-0.313234478 0.229335308 -0.878739238 164 208 227 
-0.282020569 0.0848675966 -0.706415474 148 188 216 
-0.282137454 0.0808351934 -0.656238675 148 191 218 
-0.280881107 0.0714067519 -0.609148145 148 194 221 
-0.30613935 0.074421674 -0.604732513 149 194 221 
-0.277089953 0.0520186424 -0.56775403 148 196 225 
-0.291619301 0.0550963879 -0.564483225 148 196 224 
-0.271529496 0.0256783366 -0.53033632 137 184 216 
-0.316235483 0.0262983441 -0.525086462 142 190 222 
-0.269426763 0.0129243135 -0.485147864 140 187 213 
-0.295473278 0.00848382711 -0.484701306 148 192 218 
-0.269637048 0.0135089755 -0.481990963 140 186 212 
-0.320631832 0.25587073 -0.833993077 160 204 225 
-0.313193351 0.068228513 -0.50261122 158 209 235 
-0.275841832 0.0381308198 -0.470730901 155 202 228 
-0.280184418 0.0556383431 -0.465910792 166 212 238 
-0.321194261 0.256758213 -0.81803453 158 201 223 
-0.317568094 0.238018394 -0.776269734 162 205 228 
-0.316408515 0.2289702 -0.728961706 159 202 223 
-0.346966982 0.238286644 -0.720535636 153 195 221 
-0.318125129 0.233376667 -0.699117362 163 205 228 
-0.280240983 0.055416137 -0.460844487 166 212 238 
-0.278418481 0.0437631607 -0.415026307 164 209 232 
-0.278556228 0.0398126543 -0.364802629 171 213 234 
-0.279186189 0.0406119525 -0.344762772 176 216 236 
-0.319972366 0.238481686 -0.671038389 155 199 224 
-0.319478393 0.232048899 -0.622234464 164 209 232 
-0.346700221 0.23386541 -0.61825496 150 197 222 
-0.320431501 0.234709442 -0.608041942 163 208 232 
-0.281492859 0.046859622 -0.308288932 175 215 236 
-0.27992481 0.0362066031 -0.261898756 167 211 234 
-0.291828752 0.0415881872 -0.257663161 166 211 234 
-0.320691288 0.232322946 -0.569594502 156 200 227 
-0.319211781 0.222017705 -0.523005486 141 186 212 
-0.32049945 0.224961147 -0.496596426 144 190 216 
-0.322409213 0.230089426 -0.465905696 148 194 219 
-0.3216272 0.222524881 -0.417749077 155 199 220 
-0.322506011 0.224809617 -0.402792424 153 198 220 
-0.324187964 0.228094935 -0.362080097 150 193 217 
-0.326351523 0.233762056 -0.325724036 145 186 209 
-0.333301932 0.259414285 -0.291683704 161 200 219 
-0.36967814 0.233200327 -0.249588937 159 202 226 
-0.334242702 0.262741923 -0.285471588 164 204 221 
-0.343017966 0.302082777 -0.319762409 154 199 219 
-0.361234814 0.322117478 -0.306861967 152 197 217 
-0.351117015 0.336192429 -0.326968372 156 200 220 
-0.335674554 0.268736839 -0.286351621 163 203 221 
-0.35903278 0.299810648 -0.266881078 155 198 220 
-0.350137174 0.279123962 -0.226754338 167 217 236 
-0.344847113 0.257564545 -0.186706156 162 209 232 
-0.372790992 0.227961063 -0.147381857 177 218 239 
-0.355980009 0.353013933 -0.290632099 166 212 229 
-0.358088344 0.341233075 -0.244451523 153 196 218 
-0.35618338 0.351188362 -0.261009574 161 205 225 
-0.354482174 0.31926614 -0.204440027 168 212 237 
-0.35909 0.295310974 -0.164607435 156 207 234 
-0.366840303 0.270595253 -0.124843284 176 223 240 
-0.355664194 0.347281218 -0.241427809 153 196 219 
-0.368023366 0.357182413 -0.182326019 161 204 231 
-0.360564768 0.362793505 -0.18881759 159 203 230 
-0.395754635 0.327630401 -0.142997086 178 217 238 
-0.352459282 0.315269917 -0.102121077 181 231 248 
-0.360592097 0.362152338 -0.180439025 161 205 232 
-0.375335276 0.373766631 -0.120143354 160 202 230 
-0.365647197 0.37786895 -0.123004928 157 199 228 
-0.351691723 0.318196982 -0.10061314 181 231 247 
-0.364226699 0.370836765 -0.110077865 159 201 229 
-0.365900457 0.378518462 -0.118595168 158 199 229 
-0.277132601 0.122225672 -1.05313313 192 234 241 
-0.274301827 0.100070983 -1.01313853 179 220 237 
-0.242204279 0.140931159 -0.994438171 179 219 232 
-0.244318336 0.149413019 -0.99163413 179 218 231 
-0.233181566 0.104365915 -1.00235057 185 226 237 
-0.247066736 0.038143605 -0.892746449 170 208 225 
-0.224734589 0.0543210804 -0.83404249 158 192 213 
-0.247002602 0.0565131009 -0.83040309 159 194 215 
-0.220269322 0.0404446423 -0.884845614 169 209 224 
-0.225926727 0.0583664775 -0.82426548 155 189 212 
-0.254232734 0.188408881 -0.969793737 191 235 245 
-0.233628362 0.0864082873 -0.782288432 158 196 219 
-0.254649132 0.189830154 -0.966470242 189 233 244 
-0.260777473 0.210723549 -0.91728878 163 204 221 
-0.23567161 0.0928035676 -0.759549141 155 194 217 
-0.236800626 0.0927479267 -0.707097769 169 210 229 
-0.27943331 0.0853714943 -0.706425667 149 190 217 
-0.236515298 0.0906150937 -0.696496367 166 207 227 
-0.262776405 0.21727246 -0.89829129 162 203 221 
-0.266322881 0.228090852 -0.855689287 168 206 225 
-0.236487925 0.0870274603 -0.657886386 158 200 222 
-0.23311083 0.0692661107 -0.615561903 161 206 231 
-0.23061873 0.054982245 -0.571248472 152 199 227 
-0.227419615 0.0379202962 -0.528523982 146 191 219 
-0.265546709 0.0157273412 -0.484049439 140 186 213 
-0.228359029 0.0401532352 -0.51020813 147 192 219 
-0.268641233 0.235825032 -0.835196853 167 207 226 
-0.30152896 0.253770441 -0.821820855 160 203 225 
-0.271714807 0.244698465 -0.792693079 172 212 232 
-0.233592987 0.0576852262 -0.464736134 171 214 236 
-0.268305302 0.0562535226 -0.461700559 168 214 239 
-0.230401322 0.0406525731 -0.421994895 172 216 237 
-0.236806229 0.0410378277 -0.421081513 172 216 237 
-0.230457857 0.0404585302 -0.417243809 173 216 237 
-0.271598399 0.242952704 -0.778636992 173 212 232 
-0.268216729 0.225173473 -0.736322701 158 202 222 
-0.272325903 0.23763901 -0.686190426 171 214 233 
-0.231250331 0.0394967496 -0.370172769 178 218 235 
-0.233258218 0.0442368686 -0.330664039 178 223 240 
-0.273109972 0.239908293 -0.67541188 169 213 232 
-0.275301635 0.244028151 -0.620572329 172 212 232 
-0.275899708 0.245246038 -0.606648803 170 211 231 
-0.234466836 0.0476433635 -0.313030124 171 215 235 
-0.229508564 0.0236692429 -0.274259031 156 206 227 
-0.275684506 0.241040751 -0.569797814 169 215 234 
-0.274862617 0.233319521 -0.52173084 170 217 234 
-0.275822133 0.234777316 -0.493878931 176 219 231 
-0.277677417 0.239887804 -0.465490967 176 217 230 
-0.276511967 0.230816603 -0.418196082 156 203 220 
-0.277770877 0.234339684 -0.399548978 153 201 219 
-0.284059465 0.260472596 -0.40123418 156 202 218 
-0.299285173 0.277564108 -0.390263528 158 201 216 
-0.290011764 0.284852773 -0.398880541 161 207 222 
-0.301920116 0.254086494 -0.350387961 170 210 226 
-0.324592948 0.312632382 -0.368405789 171 216 233 
-0.30130446 0.330671638 -0.389582843 172 216 234 
-0.329904824 0.288506836 -0.328588516 159 202 222 
-0.330863327 0.26543501 -0.288676471 165 205 222 
-0.308596164 0.356883526 -0.346091539 165 211 228 
-0.308714211 0.357268542 -0.344949812 165 211 228 
-0.350834489 0.365828663 -0.284226477 170 216 233 
-0.316448212 0.385470331 -0.303267032 157 204 228 
-0.322812319 0.40825057 -0.264228761 169 215 235 
-0.336185187 0.387728453 -0.221565485 156 204 226 
-0.323225886 0.40893814 -0.252881855 168 215 235 
-0.301467448 0.306413889 -0.112541981 163 212 233 
-0.347652733 0.316433311 -0.102016382 181 230 247 
-0.308453083 0.33580637 -0.118445508 164 208 230 
-0.322513998 0.402586609 -0.214985102 162 210 230 
-0.318343818 0.381709099 -0.174442917 166 212 234 
-0.314134419 0.360677391 -0.133988917 168 210 231 
-0.359953314 0.377489716 -0.119808301 157 199 228 
-0.231373832 0.151655227 -0.989794493 183 222 234 
-0.1894795 0.11901021 -1.00850844 192 231 239 
-0.199121341 0.156656712 -0.984187722 196 234 244 
-0.179319903 0.0614362657 -0.835162401 165 207 225 
-0.175792515 0.051253587 -0.883953094 178 214 228 
-0.18138428 0.0688505471 -0.822775722 160 203 223 
-0.237023562 0.19148168 -0.967508614 190 234 244 
-0.209009722 0.195523798 -0.962110519 188 233 243 
-0.185844064 0.0825795233 -0.770586252 164 207 227 
-0.202454299 0.0856497586 -0.767090797 161 203 225 
-0.182994097 0.0668894649 -0.727077067 174 219 238 
-0.184461519 0.0671649575 -0.72676599 174 219 238 
-0.183037624 0.0669505596 -0.72575748 173 219 238 
-0.210972548 0.199283004 -0.91376996 179 219 236 
-0.240652144 0.208957374 -0.905245781 167 209 226 
-0.211901084 0.199752569 -0.876358747 168 209 228 
-0.187421843 0.0797953904 -0.667212307 185 222 237 
-0.205906793 0.0803282559 -0.664891124 176 215 231 
-0.18381305 0.0611236989 -0.62540853 159 205 228 
-0.190260112 0.0612756312 -0.624617398 159 205 229 
-0.183721155 0.0602495968 -0.619913936 159 204 227 
-0.213917255 0.206361651 -0.857238054 163 204 223 
-0.245283395 0.226190448 -0.843004704 165 204 223 
-0.212816373 0.197544187 -0.809798062 169 204 224 
-0.234765664 0.205896378 -0.802842617 167 202 223 
-0.213642716 0.198289663 -0.780144095 165 202 224 
-0.186382324 0.066727221 -0.569720328 167 211 232 
-0.207296297 0.0526663065 -0.522713602 160 203 227 
-0.18783769 0.070543468 -0.545311391 175 218 237 
-0.264418334 0.239913017 -0.781079531 176 213 232 
-0.215755507 0.20460096 -0.753278732 167 206 226 
-0.247306585 0.22121495 -0.740773857 164 205 224 
-0.219268039 0.216052666 -0.719271898 175 214 230 
-0.1884927 0.0705276132 -0.515063524 174 216 236 
-0.188460022 0.0659073591 -0.465222925 175 216 236 
-0.209089428 0.0477464795 -0.420477778 175 217 238 
-0.187104672 0.056829989 -0.426576763 176 216 238 
-0.22214523 0.225215957 -0.689004719 180 218 234 
-0.254205167 0.237899199 -0.678582191 177 218 235 
-0.22544685 0.23655571 -0.66343677 179 219 235 
-0.187013805 0.0557329953 -0.418559045 176 216 237 
-0.189543903 0.0611825287 -0.362958968 179 223 240 
-0.185246423 0.0398049355 -0.322702825 168 209 229 
-0.209818482 0.0430842042 -0.318218768 174 217 236 
-0.183386713 0.028339684 -0.280678332 151 194 221 
-0.227776855 0.242852271 -0.626434326 176 218 233 
-0.229718655 0.247618243 -0.590247273 180 224 237 
-0.183400318 0.028059274 -0.276937604 150 193 221 
-0.231026515 0.25112921 -0.569217145 180 225 237 
-0.227645576 0.23335281 -0.526901245 183 228 237 
-0.227019116 0.226399511 -0.478395104 174 213 225 
-0.246835127 0.23071146 -0.473871917 172 212 225 
-0.228155762 0.229796588 -0.463960677 167 207 221 
-0.256405979 0.246748924 -0.411738485 169 219 232 
-0.236082345 0.258951783 -0.424030542 172 223 235 
-0.245260477 0.294302881 -0.39549014 159 197 214 
-0.257181346 0.343231499 -0.391909033 164 208 227 
-0.30755502 0.357950151 -0.345625728 165 210 228 
-0.266179502 0.377691776 -0.361730993 159 204 226 
-0.293251336 0.4026061 -0.322905183 150 200 226 
-0.275674313 0.414610386 -0.336072147 152 202 227 
-0.278628528 0.424694121 -0.312496454 148 198 225 
-0.315277785 0.415628761 -0.261043042 169 215 235 
-0.281425834 0.43299821 -0.276348591 157 205 228 
-0.258870661 0.324601352 -0.107329063 168 215 232 
-0.26328969 0.34321636 -0.11130482 161 209 228 
-0.282272518 0.434520423 -0.254393041 162 207 227 
-0.278566509 0.415466756 -0.212807715 170 215 235 
-0.275789499 0.400063336 -0.169134587 170 217 235 
-0.271392167 0.378293216 -0.129102916 168 215 234 
-0.144962639 0.129620939 -1.00725162 182 217 228 
-0.153397173 0.161290765 -0.971944094 192 230 240 
-0.135824412 0.0650690496 -0.8903234 178 213 227 
-0.132211536 0.066388458 -0.890002608 177 212 226 
-0.132175148 0.0663172603 -0.890882015 178 213 227 
-0.132457852 0.0628644526 -0.839534998 174 214 228 
-0.136076882 0.0755477846 -0.814324796 168 209 225 
-0.162865579 0.198078781 -0.946044981 188 233 242 
-0.140954107 0.0917565525 -0.770526886 162 205 228 
-0.179776669 0.0682988763 -0.726663947 173 219 238 
-0.14107585 0.0902100503 -0.747752607 158 205 229 
-0.164289385 0.201414049 -0.917740524 185 225 237 
-0.161260933 0.185022652 -0.874632418 167 205 226 
-0.200819492 0.19575876 -0.86444509 168 208 226 
-0.160145611 0.176148504 -0.827224851 147 188 213 
-0.169139475 0.180586904 -0.823822141 147 188 213 
-0.160934001 0.178431839 -0.816403151 143 185 211 
-0.142615467 0.0937926173 -0.716879129 154 201 225 
-0.139793366 0.0782121122 -0.6733073 169 213 231 
-0.148218066 0.0714515746 -0.623701632 158 203 226 
-0.139966458 0.0746333897 -0.625592947 158 203 226 
-0.161859721 0.178391844 -0.7734586 146 185 211 
-0.199667066 0.191551894 -0.762145162 157 196 220 
-0.163062155 0.17888239 -0.723705888 144 186 211 
-0.140001625 0.0745386183 -0.622925222 157 202 226 
-0.142241806 0.0788490474 -0.567976713 147 196 223 
-0.14025268 0.0665414035 -0.52253294 155 197 218 
-0.150197387 0.0664867163 -0.521469891 158 200 222 
-0.140518248 0.0672801435 -0.518550217 156 198 220 
-0.164384693 0.183821231 -0.717870116 147 189 212 
-0.190430924 0.212141469 -0.699602067 166 206 225 
-0.170913935 0.207667336 -0.683095098 170 211 228 
-0.14418599 0.0775045455 -0.46377933 180 223 240 
-0.144928753 0.0790294111 -0.446623147 175 217 233 
-0.179042965 0.237824857 -0.645007491 200 242 248 
-0.147015125 0.0841291249 -0.407507211 180 221 233 
-0.14457804 0.0700613856 -0.36307013 163 205 226 
-0.168130428 0.0531744957 -0.31731075 161 203 225 
-0.145320877 0.0708858073 -0.338127524 155 198 220 
-0.181844488 0.247933418 -0.628717661 200 241 247 
-0.183186591 0.248715058 -0.575787365 180 220 230 
-0.18830137 0.249364927 -0.574871838 179 220 230 
-0.183371842 0.249169946 -0.572337389 178 218 229 
-0.146071225 0.0714366734 -0.309800357 159 204 224 
-0.144878075 0.0622566938 -0.262567699 167 207 223 
-0.185232937 0.252263844 -0.521274507 172 215 228 
-0.202554524 0.241429269 -0.472907424 171 212 223 
-0.185928017 0.251739442 -0.483535379 174 215 227 
-0.190391719 0.268042237 -0.459766835 177 215 226 
-0.191513538 0.269305438 -0.422301084 183 222 232 
-0.203084648 0.322407722 -0.481155425 176 221 237 
-0.218045563 0.34290728 -0.468359917 182 228 244 
-0.209480822 0.348166615 -0.473744243 186 232 247 
-0.197096288 0.294386208 -0.444699287 181 219 230 
-0.223282263 0.318799943 -0.428541005 176 220 230 
-0.212622941 0.35988611 -0.459719479 182 227 242 
-0.237811148 0.356477171 -0.406448513 159 205 227 
-0.216597617 0.37331301 -0.426444858 171 216 233 
-0.233894214 0.398619086 -0.383954227 165 211 233 
-0.224762216 0.403646618 -0.388680875 164 210 233 
-0.226002499 0.407965988 -0.379736811 159 205 229 
-0.23147133 0.426774919 -0.337671638 147 195 221 
-0.234591529 0.4372226 -0.310520172 147 195 221 
-0.237286866 0.445479631 -0.278530568 149 196 221 
-0.212158084 0.326616853 -0.111365743 173 219 235 
-0.220543265 0.362591505 -0.12615931 162 210 231 
-0.242560253 0.464041948 -0.242697567 158 204 229 
-0.243371293 0.451387286 -0.197134882 176 217 235 
-0.241775975 0.457617939 -0.207318634 171 213 233 
-0.230194867 0.40647158 -0.170658827 162 209 231 
-0.240289614 0.450259775 -0.193792343 176 217 235 
-0.223541573 0.375837237 -0.135697097 160 209 231 
-0.241109774 0.453850806 -0.196043253 176 217 234 
-0.136424199 0.133443326 -1.01013529 180 216 227 
-0.105894193 0.162017316 -0.997946262 181 222 231 
-0.101723887 0.146558672 -1.01762557 175 217 226 
-0.109634109 0.175632983 -0.977546692 184 225 235 
-0.130735695 0.06630072 -0.890212536 177 213 227 
-0.0843887478 0.0595497191 -0.846620321 177 222 232 
-0.0841748565 0.0596832931 -0.8579247 178 224 234 
-0.0886911079 0.0719629228 -0.787037373 175 214 227 
-0.088733077 0.071981281 -0.787022769 175 214 227 
-0.0886935741 0.071968168 -0.786982179 176 214 227 
-0.110973917 0.177485049 -0.936616302 170 210 227 
-0.138314009 0.192533791 -0.925425589 177 218 233 
-0.113455623 0.184466422 -0.900259495 155 196 219 
-0.0963862762 0.0999656916 -0.74492383 146 188 212 
-0.114084139 0.185214043 -0.879712462 150 190 214 
-0.113809578 0.179643422 -0.830415428 155 195 217 
-0.114441305 0.179261208 -0.797165394 142 181 206 
-0.0987798423 0.107112288 -0.714450359 153 198 219 
-0.094731763 0.0867145956 -0.673633754 151 196 221 
-0.0936586857 0.078006357 -0.626131296 149 195 223 
-0.136443526 0.0743015707 -0.623445153 157 202 226 
-0.0925655365 0.0709665716 -0.598090053 155 198 223 
-0.114782512 0.178974479 -0.778314829 135 175 200 
-0.118387893 0.188713729 -0.721016288 153 191 216 
-0.0922386944 0.0679350495 -0.579408467 160 202 225 
-0.10627114 0.0771187544 -0.520513117 158 203 226 
-0.0964831263 0.080275625 -0.521677136 159 205 228 
-0.118557081 0.189313918 -0.719918013 153 192 217 
-0.125043273 0.21157603 -0.669517994 169 213 229 
-0.0966054276 0.0806012452 -0.519680798 159 205 228 
-0.0998339504 0.0887950957 -0.462511122 154 193 214 
-0.10044305 0.0897941887 -0.445649475 150 189 209 
-0.136532515 0.259943902 -0.679520845 188 235 245 
-0.146104991 0.264064074 -0.67622757 192 238 246 
-0.138439775 0.267809808 -0.679365754 192 238 247 
-0.102737308 0.0957113206 -0.406072199 136 178 203 
-0.10809572 0.0905453265 -0.355936021 143 184 206 
-0.103311904 0.0939115286 -0.359692842 139 180 203 
-0.140340254 0.274905503 -0.670963466 186 232 244 
-0.153395161 0.280653596 -0.614044428 196 241 245 
-0.144164592 0.286065459 -0.61939919 192 237 244 
-0.175312147 0.252508879 -0.574588895 182 222 232 
-0.106318578 0.105291188 -0.348109752 142 179 200 
-0.121277153 0.105708867 -0.293881238 157 198 220 
-0.111901954 0.126351267 -0.325800538 145 178 198 
-0.126862615 0.0815171003 -0.254069924 180 219 233 
-0.144701913 0.28755179 -0.611247182 196 241 246 
-0.158573017 0.297754347 -0.551815331 183 228 239 
-0.150002316 0.304879963 -0.560459971 184 229 241 
-0.156618148 0.275387675 -0.511839807 174 219 231 
-0.112711474 0.125918686 -0.283828586 160 198 219 
-0.111875668 0.118142784 -0.235792875 169 208 226 
-0.154414594 0.321223497 -0.539505303 177 220 233 
-0.179546505 0.311031878 -0.489930272 168 214 229 
-0.157321393 0.331027865 -0.515001595 171 214 227 
-0.180354893 0.287996411 -0.450014919 173 212 225 
-0.168461487 0.37609145 -0.504315495 172 214 229 
-0.190225258 0.390834808 -0.445344955 170 214 231 
-0.17577444 0.402209014 -0.458801329 167 212 229 
-0.17663464 0.404039919 -0.439654976 162 207 225 
-0.181332529 0.4196392 -0.39731732 166 206 224 
-0.151902989 0.275420278 -0.145837307 186 227 239 
-0.158168465 0.279908985 -0.14270702 185 225 238 
-0.154476285 0.286689013 -0.152918249 187 227 239 
-0.185163617 0.433060586 -0.370573312 155 195 215 
-0.187277004 0.438982159 -0.339349598 150 197 219 
-0.167607412 0.341618747 -0.160457984 155 200 221 
-0.167635024 0.34165135 -0.160437211 155 200 221 
-0.167618364 0.341663301 -0.160450712 155 200 221 
-0.158789679 0.302479833 -0.130360484 183 229 242 
-0.167602003 0.341582358 -0.160301894 155 201 221 
-0.192122042 0.455910206 -0.305021197 158 206 229 
-0.194202662 0.463182509 -0.290311009 156 203 226 
-0.21361126 0.371716976 -0.139029682 161 209 230 
-0.180353343 0.394622326 -0.164278537 177 223 240 
-0.188199461 0.355027884 -0.0985432193 183 229 242 
-0.173962563 0.362985194 -0.106120721 186 232 242 
-0.229664803 0.477544665 -0.236769289 162 208 233 
-0.201471388 0.489081025 -0.244394213 163 210 236 
-0.195155606 0.458846211 -0.198375583 168 214 237 
-0.220647946 0.456887305 -0.196639925 173 216 236 
-0.196965829 0.466776609 -0.203392535 168 215 238 
-0.185266584 0.415497929 -0.170685649 181 228 245 
-0.174211621 0.363076508 -0.0957019404 189 235 245 
-0.201923817 0.48993203 -0.233079046 165 212 238 
-0.0736508071 0.148637205 -1.00876808 187 231 238 
-0.0556684881 0.149552912 -1.0023675 193 238 245 
-0.0634384379 0.177932799 -0.961012125 168 216 231 
-0.0561763942 0.0615074337 -0.848655522 187 235 242 
-0.0885962695 0.0720144212 -0.787019789 175 214 227 
-0.0384664349 0.0643952489 -0.845824182 192 241 247 
-0.0456130132 0.0896891654 -0.798795938 157 199 217 
-0.0654341057 0.184108615 -0.938017368 161 204 222 
-0.0650011301 0.177915454 -0.889076352 145 187 208 
-0.0861018524 0.182331562 -0.884355307 146 188 211 
-0.065672487 0.178907603 -0.86927855 141 185 207 
-0.048997812 0.101558954 -0.775299311 148 191 212 
-0.0488058589 0.0963128805 -0.725816607 151 196 216 
-0.0565620996 0.0981221199 -0.723980069 149 194 214 
-0.0483197756 0.0930040777 -0.71136415 146 192 214 
-0.0655729398 0.175670475 -0.837877274 138 183 207 
-0.0691599399 0.186087221 -0.788951278 139 178 203 
-0.047354091 0.086116761 -0.679165125 139 187 215 
-0.0473193042 0.0814882219 -0.629329324 141 189 218 
-0.0434838459 0.0619258881 -0.588034868 139 185 214 
-0.0827408805 0.0644600987 -0.582342505 155 198 222 
-0.0444804989 0.0639132261 -0.564361751 149 196 223 
-0.0704426393 0.190312922 -0.777019262 141 181 205 
-0.0741504431 0.200707614 -0.722302079 140 185 211 
-0.0488670319 0.0785860121 -0.526022911 162 207 227 
-0.0928405002 0.0803695619 -0.520220578 159 205 228 
-0.0507957265 0.0850915909 -0.50976795 155 202 222 
-0.0751921386 0.204483062 -0.716431379 143 189 214 
-0.081681475 0.227904812 -0.678772509 174 220 234 
-0.073261179 0.103462607 -0.457452148 134 175 197 
-0.0578640923 0.109998345 -0.462027967 127 169 193 
-0.130745709 0.267781675 -0.675893068 193 239 247 
-0.0902275816 0.260126948 -0.644480288 185 234 246 
-0.0589026399 0.113526613 -0.453555256 121 162 186 
-0.0704773366 0.122490436 -0.395049602 125 161 185 
-0.0633229017 0.126937062 -0.39964059 121 157 180 
-0.0994325131 0.295610666 -0.616183639 183 226 237 
-0.0661042705 0.137331814 -0.387456626 132 168 189 
-0.0658846572 0.131977111 -0.33803609 126 160 183 
-0.0671600625 0.135847956 -0.322495759 137 168 188 
-0.125834465 0.328518331 -0.591035187 179 227 242 
-0.109870672 0.33719933 -0.59910965 175 224 242 
-0.0735910535 0.162257463 -0.320717096 145 186 205 
-0.0875385702 0.177908748 -0.310670346 166 210 225 
-0.0798714906 0.188690305 -0.326109111 148 192 211 
-0.0926304311 0.153836489 -0.270848304 179 209 222 
-0.104867667 0.128034681 -0.23118186 168 204 222 
-0.113883421 0.352019101 -0.579564273 166 214 233 
-0.139337644 0.343603969 -0.528987348 169 214 229 
-0.11587254 0.356826484 -0.541664302 162 211 230 
-0.0939388573 0.251192778 -0.374816507 163 206 220 
-0.104296774 0.260726064 -0.368492335 166 207 221 
-0.0971428752 0.264106482 -0.371219367 168 210 223 
-0.0867241994 0.218352765 -0.341116339 145 191 209 
-0.110862315 0.236297101 -0.32870239 165 217 229 
-0.0878282487 0.21819903 -0.288721085 196 237 242 
-0.0880702883 0.219193205 -0.288656384 196 237 242 
-0.0769693255 0.17103976 -0.263210863 173 199 211 
-0.100815862 0.170209259 -0.208684653 170 207 220 
-0.0809515268 0.183952242 -0.223873764 167 201 214 
-0.15613687 0.380731702 -0.506944358 169 210 225 
-0.125154257 0.392690301 -0.514066398 163 203 217 
-0.0975258946 0.265287161 -0.366755158 167 208 222 
-0.101465434 0.27627483 -0.307987571 146 192 211 
-0.0917703211 0.229196608 -0.229947776 182 225 234 
-0.101783931 0.23400861 -0.226229757 187 234 242 
-0.0952859595 0.244829178 -0.242256969 174 219 231 
-0.0882744044 0.210968494 -0.187890276 185 225 235 
-0.0900615677 0.218966156 -0.194713563 187 228 238 
-0.158555418 0.421340108 -0.484588087 170 214 232 
-0.13634561 0.438007593 -0.503846705 165 209 229 
-0.101222947 0.270830214 -0.258618444 156 200 216 
-0.127855957 0.291731745 -0.244321644 157 202 219 
-0.111337826 0.31420815 -0.276269168 152 194 212 
-0.110912897 0.272992849 -0.204019636 170 211 224 
-0.0910166577 0.221743464 -0.181727469 184 224 235 
-0.112135172 0.249857187 -0.164113313 179 220 233 
-0.137938499 0.442045748 -0.475589991 164 207 225 
-0.137175888 0.434557498 -0.427389801 166 208 226 
-0.138456643 0.438373387 -0.410993636 161 201 220 
-0.139871106 0.330017388 -0.222174406 166 206 227 
-0.119365901 0.343865901 -0.237262785 168 210 228 
-0.144956365 0.305946708 -0.182352185 189 228 239 
-0.154933065 0.513313532 -0.487311244 129 160 178 
-0.172303721 0.52323997 -0.480002582 125 154 172 
-0.161912382 0.544404805 -0.512383103 129 162 180 
-0.15639855 0.517108917 -0.462205797 138 170 189 
-0.153475434 0.459277749 -0.359793603 164 206 223 
-0.14569214 0.464107513 -0.364774615 169 211 227 
-0.122320585 0.353728175 -0.211204588 165 206 226 
-0.126219273 0.367708325 -0.18756631 158 202 223 
-0.1606673 0.32049799 -0.120352484 183 233 246 
-0.179932564 0.562587321 -0.457759798 127 160 180 
-0.171041936 0.579515278 -0.483400434 142 175 194 
-0.166904822 0.559034765 -0.445751637 125 159 179 
-0.147084296 0.468998343 -0.355208009 166 209 226 
-0.183322057 0.470407605 -0.298101783 157 202 225 
-0.152936816 0.489887059 -0.31863907 152 196 219 
-0.13251549 0.39378655 -0.18829304 174 220 238 
-0.158351839 0.407931954 -0.177759007 184 231 247 
-0.140203133 0.426849782 -0.202759176 165 215 238 
-0.166480184 0.360284895 -0.0980701372 184 230 240 
-0.169866532 0.571990967 -0.453750461 131 165 186 
-0.152539462 0.485941172 -0.293034315 154 199 222 
-0.1490964 0.467920721 -0.250857979 171 215 236 
-0.189896822 0.487170219 -0.235903054 167 213 236 
-0.143695146 0.442205995 -0.213082492 157 208 234 
-0.0105984285 0.157424986 -0.996076167 173 220 232 
-0.0177509077 0.182748139 -0.949101686 156 198 218 
-0.0265617967 0.0686754286 -0.84801048 182 230 240 
0.00406551361 0.0831125081 -0.843522429 152 200 220 
0.00487264991 0.0808363855 -0.855285227 153 202 222 
-0.00072645396 0.0984696448 -0.794174612 153 198 216 
-0.0184563175 0.185081959 -0.94265008 155 197 217 
-0.0212908387 0.191727638 -0.886365891 149 193 215 
-0.0219585523 0.193493098 -0.875328362 149 193 215 
-0.0023669377 0.103895396 -0.779152393 154 199 217 
-0.000132471323 0.090623796 -0.734259963 148 196 219 
0.00132107735 0.0804206431 -0.687612534 141 189 219 
-0.028321486 0.0821177661 -0.683431983 140 188 216 
0.00436837971 0.0639552176 -0.644546866 151 196 223 
-0.00178778172 0.0657002032 -0.64292109 150 196 222 
0.00853336602 0.0430981517 -0.603992999 129 174 205 
0.00560407341 0.0446495414 -0.602827132 128 173 205 
0.0082763955 0.0438168943 -0.600182295 129 175 206 
-0.022869207 0.193437666 -0.832904696 162 204 224 
-0.0235147625 0.191482395 -0.781539798 143 188 212 
-0.0294531509 0.191557169 -0.780846596 143 187 211 
-0.0236562379 0.191812605 -0.778713703 144 189 212 
0.000997669995 0.0697650015 -0.554356635 149 191 216 
-0.026945278 0.200469941 -0.723916173 165 207 227 
-0.0628942102 0.201817006 -0.719233036 146 190 215 
-0.0285264477 0.205837503 -0.710969925 165 208 228 
-0.000877790153 0.0755851269 -0.532928765 152 195 218 
-0.00584025681 0.0935309529 -0.504519522 152 194 216 
-0.0370725095 0.238059491 -0.676677346 176 220 234 
-0.0114676058 0.112703353 -0.459215611 129 167 192 
-0.0356604159 0.11256361 -0.45663318 125 166 191 
-0.0116992444 0.112450749 -0.44577387 121 160 185 
-0.0457716286 0.271039158 -0.643777609 178 225 238 
-0.0155454651 0.124234498 -0.400137156 103 138 164 
-0.0460697114 0.12839812 -0.394517988 116 151 175 
-0.0173558369 0.130368561 -0.385186344 103 136 162 
-0.04662567 0.273307383 -0.629773259 180 227 239 
-0.0942822322 0.294961452 -0.612756848 185 228 238 
-0.0504863821 0.284294486 -0.574619114 186 227 236 
-0.0229044892 0.148658156 -0.333684772 102 131 149 
-0.0236163363 0.151276052 -0.330094546 101 131 149 
-0.0964378119 0.335633576 -0.590394855 175 224 241 
-0.0581925474 0.314264774 -0.55386436 186 232 242 
-0.0647597536 0.320461214 -0.549771905 186 233 244 
-0.0599494874 0.321056277 -0.548671901 185 233 244 
-0.0260533281 0.16103071 -0.326608211 116 144 160 
-0.0344985574 0.195063055 -0.317061663 161 190 201 
-0.0603907369 0.322901964 -0.548924267 185 233 244 
-0.0743001252 0.38201347 -0.567202568 165 212 232 
-0.0887420028 0.264490992 -0.368153512 165 208 222 
-0.0611248501 0.248335719 -0.327619016 150 200 216 
-0.0854903683 0.219598368 -0.28821677 195 237 242 
-0.0447551645 0.235752985 -0.298335522 162 214 232 
-0.0512831025 0.20503819 -0.247538716 171 211 226 
-0.0744974017 0.382822454 -0.567135632 165 212 232 
-0.100483574 0.417042017 -0.545665085 168 211 225 
-0.0848141909 0.423977911 -0.550819397 170 213 227 
-0.0505334623 0.26171118 -0.321506768 154 203 219 
-0.0990748256 0.280344009 -0.306036681 147 193 212 
-0.0596976466 0.299640059 -0.322252184 174 219 232 
-0.0450762771 0.235776737 -0.283856899 165 217 236 
-0.055284109 0.277791142 -0.282087803 160 208 225 
-0.0520033762 0.261550069 -0.252232254 147 193 213 
-0.0865264907 0.214861751 -0.185964465 187 226 237 
-0.106183618 0.456856191 -0.52338028 158 201 225 
-0.0949031115 0.463837743 -0.530567288 157 200 223 
-0.0942768082 0.322699189 -0.283523202 153 194 214 
-0.0689192936 0.335206479 -0.294107586 157 198 217 
-0.0588442869 0.289874732 -0.252915323 161 205 221 
-0.0972143039 0.472082943 -0.516082704 154 196 218 
-0.0976582617 0.469335526 -0.46517095 164 201 222 
-0.10079325 0.453675091 -0.420987993 148 184 202 
-0.0955741629 0.45707497 -0.424609989 148 183 201 
-0.09029378 0.431414992 -0.381893456 185 226 240 
-0.0967398882 0.431816369 -0.380966753 182 222 237 
-0.0940299407 0.449430376 -0.410557121 156 193 210 
-0.0904483199 0.431699812 -0.377963483 184 225 239 
-0.0964629352 0.363363892 -0.261161864 165 212 230 
-0.0800964236 0.380453378 -0.283758402 158 209 229 
-0.112189986 0.530926168 -0.48242709 131 162 180 
-0.114520624 0.540783465 -0.484963834 127 157 176 
-0.104326159 0.495535374 -0.450185835 150 187 210 
-0.118387237 0.513450265 -0.438895226 142 179 204 
-0.0955794901 0.456675708 -0.41992864 147 182 200 
-0.108055167 0.508776665 -0.42612645 142 181 206 
-0.131013349 0.464714527 -0.359304339 163 204 221 
-0.0977135301 0.457580984 -0.332014769 164 207 228 
-0.089477405 0.419223607 -0.283899993 166 210 230 
-0.0980016142 0.427025139 -0.278719366 169 212 232 
-0.0942441821 0.440406203 -0.300442755 170 213 235 
-0.101452649 0.403349996 -0.238861561 149 193 216 
-0.113481835 0.377598584 -0.199190617 163 207 228 
-0.114888214 0.541528165 -0.476363212 129 160 179 
-0.157813132 0.567941189 -0.457277983 129 164 186 
-0.11140389 0.52334559 -0.43427965 142 178 202 
-0.104659796 0.487862706 -0.349607944 148 189 211 
-0.12995252 0.506165147 -0.33687228 148 192 216 
-0.111441448 0.515455484 -0.344878554 146 189 213 
-0.131417066 0.46013099 -0.257038236 169 216 238 
-0.105779275 0.487425268 -0.293351263 131 172 200 
-0.129885986 0.437661767 -0.21707195 158 209 234 
-0.111931965 0.516436934 -0.333264768 146 188 212 
-0.106590807 0.490958333 -0.295354187 129 169 198 
0.0348668844 0.16334042 -0.986188054 183 228 240 
0.0260614678 0.196846306 -0.9542557 182 226 238 
0.02252312 0.0805561244 -0.846941352 153 201 222 
0.0472857058 0.0943585932 -0.789796472 150 197 219 
0.0215353742 0.0986710489 -0.784620941 152 198 218 
0.0514086932 0.081451267 -0.835653186 153 200 223 
0.048468411 0.0859221518 -0.750346541 144 189 215 
0.0242363736 0.202892542 -0.937652707 184 225 237 
0.0218583941 0.20774442 -0.882394433 185 228 242 
0.0217838883 0.207937449 -0.881118774 185 228 241 
0.0486031324 0.0846903324 -0.742843091 144 189 216 
0.050769493 0.0716863573 -0.697797596 138 185 215 
0.0538854301 0.0549512208 -0.654886127 146 193 222 
0.0587395579 0.0313863158 -0.615881026 132 177 210 
0.0538862795 0.0490166247 -0.588978469 139 185 216 
0.0190058723 0.21446088 -0.826069772 175 216 232 
-0.0196644366 0.193926454 -0.78063333 149 193 215 
0.0182989463 0.215104684 -0.800768673 190 228 239 
0.0493640006 0.0637333989 -0.544896841 141 188 219 
0.0236156657 0.0673631132 -0.540092885 147 191 217 
0.0480720848 0.0677146614 -0.529825211 146 194 223 
0.0173526704 0.216464877 -0.772440434 192 230 242 
-0.0144264325 0.213548318 -0.718177319 172 214 232 
0.0134458393 0.229044855 -0.732869089 179 221 237 
0.0410072207 0.0926040113 -0.48205325 146 188 211 
-0.00990804285 0.255835831 -0.695669949 154 199 221 
0.00461469591 0.262678146 -0.701170802 149 195 219 
0.040117301 0.0955741405 -0.474202186 142 182 206 
0.0368579179 0.103889316 -0.41696313 123 160 183 
0.0252693892 0.104471445 -0.415373057 118 154 177 
0.0371112004 0.101806253 -0.405444026 124 160 182 
0.00379225612 0.265255392 -0.692051291 149 194 218 
0.00391687453 0.260273904 -0.642417312 160 208 227 
-0.030316826 0.269250005 -0.633772552 173 222 236 
0.00176717341 0.266689867 -0.615020096 166 214 231 
0.0281189084 0.136237323 -0.375212401 106 135 158 
-0.00292187929 0.282653272 -0.577134132 170 222 235 
-0.039676588 0.285338581 -0.571634531 182 226 236 
-0.00351428241 0.282750666 -0.551018775 163 213 227 
0.0248725936 0.146490872 -0.340113819 114 147 169 
0.0280648619 0.129455835 -0.297373921 118 149 171 
0.0133803189 0.13830179 -0.290948182 115 147 171 
0.0267767757 0.132796705 -0.275362134 128 158 181 
-0.0145966262 0.327528358 -0.539807081 182 230 241 
0.0131923333 0.192385554 -0.313864142 131 172 193 
0.0091965124 0.20974192 -0.323283195 140 185 203 
0.016467005 0.175026804 -0.271309406 142 181 202 
-0.0282743908 0.386761546 -0.570072114 172 220 236 
-0.0735068768 0.382377714 -0.567486465 165 212 232 
-0.0303325579 0.395343363 -0.57094425 171 219 235 
-0.0175900795 0.340288401 -0.544169486 185 233 244 
-0.0164543167 0.32684204 -0.446893901 190 236 245 
-0.0171614066 0.32749626 -0.446460277 191 237 246 
-0.0167534351 0.328120768 -0.447370678 191 236 246 
-0.0164850913 0.326792359 -0.444928676 190 236 245 
0.00410370529 0.228097126 -0.293438762 134 180 197 
-0.021787677 0.235017166 -0.286829233 152 201 219 
0.00978675485 0.20127517 -0.256296515 148 187 203 
-0.00231231749 0.216891199 -0.246472061 154 194 206 
0.0122849196 0.186967403 -0.211996704 161 201 215 
0.00615236163 0.196100205 -0.206354722 161 205 219 
-0.041328758 0.439694583 -0.558948636 156 196 213 
-0.0169833377 0.328920722 -0.445704967 190 236 246 
-0.0181616843 0.329058886 -0.39314276 172 216 235 
-0.0301975235 0.342694938 -0.384402335 169 214 234 
-0.0237614065 0.352728486 -0.399081051 170 216 235 
-0.0112225488 0.297301441 -0.358823389 164 209 224 
-0.0351490565 0.318656623 -0.344577223 165 206 223 
-0.00525134802 0.26934728 -0.322328746 154 196 213 
-0.000265814364 0.24526605 -0.283618897 136 183 199 
-0.0347097628 0.273083299 -0.264701724 149 196 215 
0.00484715402 0.220684111 -0.245195478 151 191 203 
0.00875549018 0.200835437 -0.204064831 161 205 219 
-0.0515536629 0.48022756 -0.53993398 160 203 225 
-0.0477722138 0.379634976 -0.362376183 166 213 235 
-0.0357707664 0.402095318 -0.396305442 170 216 236 
-0.0510297827 0.356006652 -0.322514147 164 206 224 
-0.0555150472 0.493797004 -0.50885272 149 192 217 
-0.0913980007 0.478788972 -0.460716307 158 195 215 
-0.0578552447 0.501338363 -0.485216051 142 181 205 
-0.0815569162 0.435491294 -0.380636066 184 225 239 
-0.0614410639 0.417520344 -0.340264946 172 215 234 
-0.0450733453 0.438062429 -0.368897378 178 221 239 
-0.0653422624 0.393736273 -0.300416946 164 217 236 
-0.109184511 0.538517535 -0.478627741 127 157 176 
-0.06626302 0.532875776 -0.44966504 112 148 173 
-0.0575237907 0.492706209 -0.404510289 137 175 197 
-0.0614781938 0.509188831 -0.40612188 134 172 195 
-0.0486033112 0.453163564 -0.374643713 177 219 237 
-0.0876402184 0.452372879 -0.318426639 168 213 235 
-0.0677768141 0.537484765 -0.431382179 125 161 185 
-0.102558613 0.512795687 -0.336275578 148 191 214 
-0.103339516 0.489766836 -0.296359628 130 170 198 
-0.661931336 0.129079968 -1.05947769 169 209 224 
-0.70697242 0.12049678 -1.05919743 171 212 226 
-0.663538933 0.135756671 -1.05986512 169 209 224 
-0.707973897 0.124740541 -1.06037676 172 213 226 
-0.664376318 0.138686746 -1.05398309 171 211 226 
-0.708708346 0.127317458 -1.05529642 174 214 227 
-0.669216156 0.153776377 -0.999464989 197 239 246 
-0.713594913 0.142482162 -0.999465346 183 222 234 
-0.641894758 0.139165074 -1.05619335 163 200 216 
-0.570284605 0.13608402 -1.01894224 188 223 232 
-0.525949478 0.147594273 -1.01933897 179 222 234 
-0.480903566 0.155585766 -1.01326728 172 212 222 
-0.426697522 0.128315479 -1.03590024 179 216 226 
-0.436818659 0.168334872 -1.01594138 188 228 236 
-0.283251137 0.121243775 -1.05413902 194 235 241 
-0.28301087 0.120201498 -1.05358827 194 235 241 
-0.318052769 0.0633453727 -0.975951672 179 218 232 
-0.27865085 0.0985780656 -1.0134728 179 219 237 
-0.271071434 0.0643048882 -0.98059231 182 226 238 
-0.26796335 0.0476004481 -0.937663257 181 221 236 
-0.225354433 0.0702320933 -0.982391715 191 229 239 
-0.220664635 0.0473127961 -0.943017244 184 220 234 
-0.218086362 0.0326903164 -0.898897529 176 217 231 
-0.180109382 0.0780137777 -0.983130336 184 228 241 
-0.171684727 0.0404193401 -0.952149451 197 245 251 
-0.173877209 0.044542402 -0.897308111 181 220 233 
-0.125855863 0.0459071994 -0.954200149 172 219 232 
-0.160137713 0.0408300757 -0.953194857 192 240 248 
-0.12910758 0.0612161458 -0.975030303 173 215 224 
-0.125221863 0.0419801772 -0.939669251 176 222 233 
-0.13264659 0.0770815611 -0.988853037 174 212 220 
-0.0801777542 0.0519872904 -0.955912054 177 219 228 
-0.086487323 0.0812157393 -0.99103272 184 222 230 
-0.0801492408 0.0498394668 -0.933354497 174 218 228 
-0.0971354842 0.12760213 -1.01763022 171 213 224 
-0.0866140947 0.0817691088 -0.991361439 184 222 230 
-0.0833901539 0.060117811 -0.898778617 173 218 230 
-0.0392417088 0.0811920166 -0.996880949 187 231 239 
-0.0858645961 0.0816472173 -0.991510034 184 222 230 
-0.0453713164 0.108662128 -1.02072442 183 228 237 
-0.0337745994 0.0552185178 -0.95925343 185 227 236 
-0.0328303501 0.0470165908 -0.911461413 176 223 233 
-0.0370787606 0.0477758348 -0.91058147 175 222 231 
-0.0330994762 0.0479111373 -0.909047425 176 223 232 
-0.0382338315 0.0637563765 -0.849403799 192 240 247 
0.00635652989 0.0875859857 -0.998413384 179 223 235 
-0.000154465437 0.115807563 -1.01309741 177 218 229 
0.0122570544 0.0599094629 -0.961759806 175 221 235 
0.014334105 0.0472564399 -0.916513681 177 222 234 
0.0125417411 0.0529557467 -0.897558451 170 216 230 
0.0524961948 0.0918526053 -1.00116253 183 225 235 
0.0439501703 0.128458887 -1.01559174 169 213 226 
0.0609631538 0.0540919304 -0.970276654 175 221 236 
0.0640463531 0.0374855101 -0.927291632 144 192 213 
0.0581255406 0.0582846105 -0.886592031 160 206 224 
0.0533158034 0.0751566589 -0.853262305 156 202 223 
0.0695490241 0.0430051982 0.750548124 147 190 215 
0.072933346 0.0443890989 0.750929058 146 189 214 
0.0729173124 0.0446067154 0.749246836 146 189 214 
0.0423562229 0.0135835409 0.78988874 184 231 243 
0.0733171999 0.0426270664 0.752885938 148 191 215 
0.0814020634 0.00212973356 0.831725001 173 216 230 
0.0813291669 0.0029643476 0.825796962 175 218 231 
0.0830243081 -0.00873631239 0.877993226 170 214 229 
0.0826160461 -0.0116239488 0.928824782 172 213 226 
0.0620493442 -0.00897553563 0.932525516 173 213 226 
0.0815498233 -0.00821277499 0.939869046 175 215 227 
0.0424155593 0.182268411 0.619857073 172 219 233 
0.0418097824 0.180156916 0.671132445 173 218 234 
0.0221990719 0.182451695 0.674535751 173 215 233 
0.0471177995 0.154808551 0.709117591 145 183 207 
0.0178217664 0.158552319 0.71437341 141 181 208 
0.0472665727 0.15141964 0.739946187 147 184 208 
0.0720313787 0.0288229585 0.965312719 195 235 242 
0.047472924 0.148921341 0.758233547 152 190 212 
0.046521917 0.148166269 0.810284913 147 189 212 
0.0216747522 0.154999107 0.816732228 147 189 213 
0.0463340282 0.14595136 0.8435238 153 197 218 
0.0368170291 0.0673048496 0.976793885 180 224 235 
0.0646468699 0.0552947223 1.0101757 171 213 224 
0.0462936163 0.144571483 0.860711992 154 199 220 
0.0463259965 0.139952481 0.910553336 178 221 235 
0.0532683581 0.108182341 0.944865346 190 232 243 
0.0597489625 0.0782265961 0.980215311 178 223 233 
0.0740785748 0.0441015363 0.75064677 146 189 214 
0.104070887 0.00568130612 0.831166029 166 210 226 
0.109051749 -0.015952915 0.871207416 169 215 230 
0.130015224 -0.0123063624 0.923245072 185 222 232 
0.132897198 -0.0213313401 0.891221523 179 218 232 
0.126422748 0.000635236502 0.944366217 185 225 235 
0.0888558924 0.185353577 0.61643219 184 234 245 
0.0734776407 0.194863319 0.675652683 169 217 233 
0.0841660053 0.199739844 0.67188257 168 218 233 
0.0915601999 0.165744066 0.710182726 144 185 210 
0.0855283886 0.192995429 0.684280694 162 210 228 
0.0943963379 0.150108367 0.753722966 139 180 206 
0.0813530087 0.151089817 0.755690157 143 183 208 
0.0946150273 0.148012638 0.766971469 140 181 207 
0.118354142 0.0304936171 0.983003855 180 216 228 
0.0841737986 0.199258953 0.676868498 167 217 233 
0.0958329439 0.139971823 0.800408542 144 184 210 
0.09198232 0.150960892 0.855077147 151 194 215 
0.11112988 0.0574071705 1.01560116 174 215 226 
0.0860186219 0.0563739836 1.01779854 172 213 224 
0.110032618 0.0616041124 1.01933956 173 215 226 
0.0918243527 0.151230752 0.85933131 151 194 215 
0.0936852545 0.139426976 0.905063272 174 220 237 
0.101017952 0.10612312 0.938498139 200 244 251 
0.105290741 0.0848424733 0.978809714 169 208 218 
0.109617025 0.0633516014 1.01900113 174 215 226 
0.137461931 0.179929107 0.608140171 169 218 232 
0.100611717 0.183076888 0.613901854 181 231 243 
0.137499005 0.17679137 0.641305029 177 222 237 
0.176586837 -0.00973698497 0.919525146 172 209 224 
0.177745342 -0.0123607516 0.895493269 171 207 223 
0.171860307 0.00668796897 0.954002023 180 227 241 
0.137535423 0.175148576 0.657889009 178 222 237 
0.0879904032 0.19837603 0.675968766 166 216 232 
0.140036568 0.160829097 0.702182174 150 192 215 
0.143672317 0.142051548 0.743925393 136 176 204 
0.14140366 0.147376925 0.788902402 139 179 205 
0.16376318 0.0366874933 0.992380023 173 212 225 
0.140873164 0.148558348 0.800130188 142 182 207 
0.136077613 0.16365847 0.852497816 183 223 237 
0.146036267 0.114795715 0.938269019 190 234 244 
0.110234827 0.107914984 0.938459992 198 242 250 
0.145207822 0.11845997 0.93558526 191 234 244 
0.151063487 0.0905506611 0.97688508 188 229 237 
0.118488282 0.0870728195 0.978572845 174 214 223 
0.122687399 0.0652494133 1.01859725 170 211 223 
0.13557747 0.164874583 0.86194551 183 224 237 
0.137594491 0.152457386 0.907326639 187 227 237 
0.184054136 0.182417542 0.604373991 169 219 236 
0.187735409 0.163461238 0.646014869 157 203 227 
0.14762339 0.171615928 0.654858768 175 219 236 
0.187583804 0.159838468 0.693231404 142 186 212 
0.222259015 -0.0113917291 0.913606226 167 213 229 
0.224189401 -0.0112904608 0.914288163 166 213 229 
0.217879266 0.00986257195 0.968928456 180 225 236 
0.187552571 0.159687847 0.696339905 142 186 212 
0.189953595 0.145761758 0.740857959 141 181 207 
0.189971685 0.141198784 0.79073143 141 184 211 
0.158236623 0.146859139 0.797297835 142 182 209 
0.188099742 0.147199541 0.809990764 151 194 218 
0.214651048 0.0217683017 0.984838367 176 219 231 
0.176037848 0.0369686782 0.997350335 170 210 223 
0.209723681 0.0401515961 1.00677431 173 212 224 
0.183525532 0.162035555 0.855132222 169 213 230 
0.1589486 0.165385485 0.859655261 179 221 236 
0.182495087 0.164860338 0.871050775 174 218 234 
0.161876708 0.120414555 0.939584851 185 231 243 
0.16244027 0.0977111161 0.979530215 186 229 238 
0.206068695 0.0554905236 1.00412595 169 211 224 
0.195539087 0.100286752 0.989754796 179 225 238 
0.182824403 0.160298616 0.906621993 175 222 237 
0.189569414 0.129303962 0.941377521 175 225 240 
0.193266958 0.110283613 0.982982039 181 227 240 
0.23178196 0.180443853 0.598055661 163 211 233 
0.23505944 0.163074046 0.64060396 148 190 216 
0.238125443 0.146535039 0.683627665 136 179 207 
0.190625608 0.159184486 0.695728421 142 186 212 
0.235637605 0.152939647 0.72667563 140 179 205 
0.270482868 -0.00947472453 0.931712747 164 210 226 
0.262300968 0.0209444463 0.969319224 185 232 244 
0.235451311 0.152550608 0.739551425 138 178 205 
0.237378925 0.14048481 0.7851336 140 183 209 
0.234709382 0.14745006 0.830292583 164 203 222 
0.257123739 0.0404433906 0.990330219 185 228 238 
0.254142195 0.0512491465 1.00713634 181 221 231 
0.23330912 0.151984185 0.844193876 168 209 226 
0.23352477 0.146645099 0.893623352 164 208 227 
0.212350518 0.155471176 0.900751412 165 212 230 
0.233575135 0.142980307 0.932034731 182 230 243 
0.24311626 0.099974066 0.971895933 198 241 247 
0.210855901 0.109429777 0.980584741 189 234 244 
0.235651433 0.132701665 0.950929642 193 240 249 
0.251747429 0.06156829 1.00241268 185 224 233 
0.233896524 0.140692502 0.942701817 187 235 247 
0.24251163 0.176228911 0.59458375 159 207 232 
0.282030523 0.164073706 0.635986269 141 188 215 
0.28210181 0.163994759 0.633590162 141 187 215 
0.284328759 0.150551468 0.680735409 134 174 202 
0.28106299 0.15905264 0.736200631 138 184 211 
0.31168735 0.0116099417 0.968649387 189 227 239 
0.278676808 0.0206178725 0.977177024 189 235 245 
0.315323263 -0.000465840101 0.93591404 182 220 233 
0.308485001 0.0233016312 0.98574841 195 232 241 
0.281009316 0.159102529 0.73810935 138 184 211 
0.283211946 0.145956039 0.783073425 139 182 207 
0.280722618 0.151245564 0.83858192 154 195 213 
0.273423046 0.151899397 0.83973974 156 196 214 
0.280440092 0.152051628 0.842595875 154 195 213 
0.298433214 0.0629777312 1.00633824 188 221 230 
0.279732108 0.150645703 0.890722036 162 205 224 
0.278354257 0.15229252 0.935678601 188 233 241 
0.28978008 0.102180988 0.967968702 186 228 238 
0.279898465 0.144648045 0.949731231 190 235 242 
0.296878606 0.0697973073 1.00192988 187 220 229 
0.278236538 0.152030259 0.943997025 189 234 242 
0.284997493 0.163672537 0.635442019 141 187 215 
0.327893913 0.16493398 0.683772087 135 178 208 
0.328877062 0.163425416 0.655399084 137 183 212 
0.333140314 0.139827728 0.721895576 126 170 202 
0.282778054 0.158649534 0.737668574 138 184 211 
0.329656363 0.149482816 0.774554968 135 176 202 
0.357165396 0.018476218 0.96738708 177 217 226 
0.360686779 0.00595340133 0.944876194 170 209 219 
0.352784395 0.03498891 0.98502624 185 227 236 
0.329318494 0.150352806 0.780398726 136 177 202 
0.330124795 0.142692894 0.828500688 151 192 215 
0.327949703 0.147846818 0.87108779 162 205 225 
0.337874055 0.0987685025 0.96082747 199 240 247 
0.337371856 0.0988582671 0.96093154 199 240 247 
0.337798893 0.0990889668 0.960718155 199 240 247 
0.34555465 0.0640978217 0.993480563 189 232 239 
0.315138161 0.0706369579 1.00038016 188 224 233 
0.326606333 0.152025968 0.886322021 162 206 225 
0.329346001 0.136769265 0.930078983 179 222 237 
0.285198152 0.150263667 0.942270994 188 233 241 
0.362940669 0.159698278 0.677072763 139 184 213 
0.377823263 0.149818093 0.722420156 137 184 208 
0.377467036 0.153872341 0.693722606 138 184 211 
0.378342658 0.143285424 0.77116704 125 167 195 
0.338466138 0.149288595 0.778814554 134 175 200 
0.377160877 0.14530316 0.803000569 136 176 200 
0.404571056 0.0177683532 0.961792827 190 228 236 
0.406058013 0.012334615 0.953907967 194 231 239 
0.397852451 0.0428708494 0.99129951 174 214 224 
0.376375735 0.146522135 0.825501382 145 185 207 
0.37508896 0.147086412 0.878307402 161 205 224 
0.354765147 0.148747832 0.881444454 163 208 226 
0.374913961 0.146341711 0.894616842 167 212 230 
0.340912312 0.099715203 0.961008668 198 240 247 
0.365219772 0.0827588737 1.00147104 181 222 231 
0.388074577 0.0811909437 1.014382 170 210 222 
0.375430346 0.141253203 0.927454114 164 207 226 
0.38161552 0.112458289 0.963467956 191 235 243 
0.38545838 0.0928669274 1.00474572 175 213 223 
0.423641086 0.155349404 0.720394373 144 186 210 
0.423805952 0.15546307 0.711560726 143 185 210 
0.426028967 0.141474873 0.76494199 131 172 198 
0.422633767 0.151181132 0.812957525 144 184 205 
0.419936836 0.013615042 0.957844973 187 225 235 
0.451444209 0.0186415613 0.963076353 171 213 226 
0.442663074 0.0520273745 0.995229483 173 211 224 
0.421570599 0.15450117 0.824875593 148 188 208 
0.42434597 0.139104098 0.868552387 148 190 211 
0.421725571 0.145592451 0.91675657 169 212 232 
0.4281618 0.115127206 0.959805012 191 233 240 
0.396571934 0.113187224 0.962221026 191 235 243 
0.424976051 0.129501164 0.946336746 185 228 240 
0.436803997 0.0766778886 0.990296841 178 215 227 
0.397407502 0.0905496776 1.00217211 175 213 224 
0.421551049 0.145594418 0.924747586 172 216 236 
0.44107163 0.155769557 0.718707502 143 185 209 
0.471063435 0.150083989 0.764676571 121 164 193 
0.470628798 0.15465799 0.733802974 132 174 200 
0.472863317 0.138519973 0.810545564 140 179 201 
0.43696034 0.150288612 0.82089287 146 185 205 
0.471738636 0.139079243 0.855966449 143 183 202 
0.492585421 0.038567692 1.01579332 172 213 225 
0.468942821 0.0438305438 1.0212543 171 211 223 
0.496173799 0.0281993449 0.966268778 174 215 229 
0.49126333 0.0424232185 1.03364682 176 217 226 
0.471203506 0.140550047 0.864189923 145 185 204 
0.470292985 0.13963604 0.916150272 148 192 213 
0.43498981 0.14532584 0.92312479 164 209 229 
0.475424767 0.114980102 0.954531431 185 227 236 
0.482547998 0.0824990869 0.988436937 169 209 222 
0.484954298 0.0685522854 1.03294325 177 214 223 
0.497627795 0.146618724 0.759872437 132 173 199 
0.518158197 0.146106064 0.809695065 138 175 197 
0.519582331 0.14330557 0.775434196 139 178 202 
0.518930793 0.138578445 0.857872784 147 188 208 
0.485515416 0.139201194 0.861883461 145 185 204 
0.518566966 0.138247102 0.878258467 156 198 216 
0.53462857 0.0589307845 1.02225065 201 236 241 
0.541270018 0.0359421074 0.972797871 177 216 230 
0.53446883 0.0595259964 1.02296948 202 237 241 
0.51862663 0.13528192 0.908470452 162 206 223 
0.522502542 0.11556071 0.94967401 181 225 235 
0.527548671 0.0912412107 0.988247514 172 211 224 
0.534301162 0.0602172613 1.02298653 202 236 241 
0.564284742 0.150423974 0.806975245 139 180 201 
0.565134943 0.148788601 0.786117196 136 177 199 
0.564535141 0.144948423 0.856326699 165 201 219 
0.563761234 0.145504326 0.88568002 168 211 228 
0.579145908 0.0293106139 1.00124574 168 206 219 
0.585350335 0.0451927483 1.00920367 168 208 221 
0.536076427 0.0600797832 1.02271664 201 236 241 
0.57512033 0.0892718136 0.989050984 175 216 227 
0.589254439 0.029386431 1.00561118 168 206 218 
0.563611686 0.14408502 0.908315957 163 208 227 
0.568338633 0.121019989 0.94760704 193 233 241 
0.573748529 0.0952709317 0.985362887 176 217 228 
0.58619678 0.145216435 0.801734507 138 177 200 
0.607774377 0.160611421 0.860095739 169 215 230 
0.612836719 0.143632382 0.81635797 148 187 209 
0.607563555 0.159652054 0.880434871 172 220 236 
0.616895318 0.115789264 0.939425826 183 226 236 
0.59233737 0.119377047 0.94407618 186 227 237 
0.61294657 0.133003742 0.929421782 179 223 238 
0.624159813 0.0827533901 0.973013997 191 229 238 
0.580892563 0.0937671363 0.983759761 178 219 229 
0.632324278 0.0421820879 1.00240409 161 206 221 
0.633223534 0.0427087843 1.00188339 162 206 222 
0.608507037 0.1532408 0.908363163 169 216 236 
0.658554912 0.146642894 0.846916914 158 198 218 
0.659269512 0.144758493 0.835050225 154 192 213 
0.654663205 0.157476813 0.905195892 164 205 225 
0.664407134 0.114664316 0.933592916 181 221 233 
0.654766202 0.156966895 0.906133235 164 206 225 
0.669785202 0.089040637 0.971420527 186 225 238 
0.633733571 0.0425232053 1.00243485 162 206 222 
0.674696445 0.0652513504 1.01029742 179 220 233 
0.679423392 0.0449880064 1.01845586 171 211 228 
0.654649854 0.157495111 0.905606985 164 205 225 
0.673351705 0.143471837 0.843565941 155 194 215 
0.705015421 0.14515698 0.893360674 152 193 213 
0.655174673 0.157426208 0.905511856 164 205 225 
0.706800342 0.14044866 0.863735199 155 196 216 
0.710241318 0.120131314 0.931530356 183 221 235 
0.7156353 0.0944450796 0.969322085 185 227 240 
0.720945358 0.0690884888 1.00730252 176 217 232 
0.724930942 0.0506943166 1.02872849 168 206 222 
0.739502132 0.0452839732 1.04467154 161 197 213 
-1.03817821 0.122961491 -1.02146149 178 221 235 
-1.05074263 0.12259391 -1.02028084 178 220 233 
-1.03910136 0.126876444 -1.02258849 180 222 236 
-1.03822064 0.12251702 -1.01457465 174 216 230 
-1.04215598 0.13859126 -1.01252198 178 217 230 
-0.989633501 0.117777556 -1.029616 179 214 228 
-0.995313346 0.14109543 -1.02796459 184 217 228 
-0.98500061 0.0950818956 -0.990113616 190 230 238 
-1.00089765 0.111818701 -0.979262114 179 216 228 
-0.998784959 0.153736025 -1.00904942 183 219 231 
-0.99758774 0.144540161 -0.961825728 187 223 232 
-0.933439314 0.0780454576 -1.00504708 193 235 242 
-0.949483335 0.0830692947 -1.00055122 193 235 241 
-0.937751472 0.0972120166 -1.0200578 202 240 246 
-0.973903477 0.141192287 -1.01860714 186 222 231 
-0.94723624 0.134081155 -0.994308114 197 235 241 
-0.991309047 0.15533337 -0.956644297 188 224 232 
-0.957314551 0.173888624 -0.973959625 197 232 236 
-1.00465751 0.193296343 -0.934526086 196 240 248 
-0.96567601 0.205196351 -0.937986434 179 221 234 
-0.966422379 0.207644314 -0.930922508 177 218 232 
-0.893458545 0.111003906 -1.04386914 178 214 226 
-0.923340619 0.112236828 -1.03991473 200 233 241 
-0.896991909 0.12642315 -1.05299366 186 216 228 
-0.88989687 0.0925173461 -1.00195932 192 231 241 
-0.899070919 0.133056253 -1.0312562 193 224 234 
-0.902919352 0.145681769 -0.994870901 202 236 243 
-0.911914945 0.1801292 -0.964669228 183 221 232 
-0.918143272 0.203504533 -0.938479662 172 218 232 
-0.941612482 0.208555967 -0.933152854 176 220 234 
-0.845830262 0.109421402 -1.04996371 184 222 233 
-0.851847589 0.133927643 -1.04602671 179 216 228 
-0.84533447 0.102981299 -1.00116384 172 210 228 
-0.853954017 0.141341597 -1.03170681 178 218 230 
-0.857328057 0.150973529 -0.983836293 189 228 239 
-0.867461562 0.191054106 -0.963989913 182 228 239 
-0.869535327 0.198072642 -0.946775973 165 211 226 
-0.803237379 0.127624065 -1.04474199 194 232 243 
-0.807363391 0.144699872 -1.04506671 202 236 244 
-0.800507724 0.112406582 -1.0009625 173 214 228 
-0.80931741 0.151514083 -1.03107798 199 238 244 
-0.812295556 0.159031451 -0.977886736 195 235 244 
-0.822218657 0.198070675 -0.956125975 167 210 227 
-0.823045075 0.200961679 -0.950313032 165 207 225 
-0.750752628 0.106959194 -1.06175089 182 225 237 
-0.763658941 0.109692842 -1.05884552 186 225 238 
-0.752765656 0.115490794 -1.06413555 188 227 237 
-0.748472571 0.0942383111 -1.02506757 180 225 237 
-0.762294531 0.152577966 -1.03878653 173 212 223 
-0.749453008 0.09736076 -1.01475751 179 222 235 
-0.762907922 0.154720694 -1.03443348 173 213 223 
-0.765672505 0.161091298 -0.978306532 189 224 234 
-0.787387133 0.163497418 -0.974611521 193 230 240 
-0.815008461 0.198005766 -0.952804148 168 207 225 
-0.719954669 0.0974313319 -1.01796067 173 216 230 
-0.758083284 0.152236253 -1.0363152 174 213 224 
-0.472880989 -0.0242245197 0.61650914 183 224 240 
-0.42733711 -0.0176169872 0.615098894 191 229 242 
-0.385995269 0.00999319553 0.573218167 155 201 221 
-0.384615242 7.8946352e-05 0.620030701 181 222 237 
-0.340382963 0.0163318813 0.571654081 142 188 216 
-0.294117898 0.0201057196 0.568623126 144 191 218 
-0.295795232 0.0222046077 0.622306645 145 191 216 
-0.246672153 0.0192402899 0.56293869 151 201 228 
-0.248403788 0.0215525031 0.61674422 142 191 222 
-0.193881258 -0.00262752175 0.545241833 145 191 220 
-0.238568902 0.0185928345 0.561695993 152 203 229 
-0.189721435 -0.0234642327 0.585807204 132 181 211 
-0.205205441 0.00382843614 0.602355599 146 194 222 
-0.192458764 -0.0172004998 0.641873062 155 200 223 
-0.193948641 -0.0162868202 0.642533779 156 201 224 
-0.192597419 -0.0168260634 0.644077897 155 201 223 
-0.146428585 -0.0035200417 0.539541841 139 187 220 
-0.174388841 -0.00706669688 0.540684998 140 187 218 
-0.146292627 -0.00498154759 0.549541354 138 186 219 
-0.148242235 -0.000885546207 0.593531728 140 189 220 
-0.148160338 -0.00569915771 0.64326179 142 190 221 
-0.148220092 -0.0055244863 0.644064844 142 190 221 
-0.152917027 0.00849929452 0.703865826 143 189 217 
-0.101627186 0.00600486994 0.539800227 149 197 228 
-0.101544149 0.0044823885 0.552906275 146 194 226 
-0.103336625 0.00822991133 0.593555927 154 203 231 
-0.103517585 0.0044490993 0.643876672 151 198 229 
-0.103718631 0.00516226888 0.645181894 151 198 229 
-0.108088732 0.0179184675 0.704063714 146 193 223 
-0.0556808971 0.01103127 0.5374856 148 198 227 
-0.0559183508 0.00960335135 0.56425488 147 195 226 
-0.0574542508 0.0135074556 0.591384947 146 195 225 
-0.0561453812 0.00387269258 0.63835758 149 195 222 
-0.0588376299 0.0139702857 0.649752736 147 195 223 
-0.0611485615 0.0190396607 0.699515522 148 196 223 
-0.01154273 0.0231622159 0.539234519 165 209 232 
-0.0074846819 0.00272536278 0.580028653 148 195 222 
-0.0286802649 0.00536128879 0.583791673 144 192 221 
-0.00604224205 -0.00631663203 0.614282429 144 191 220 
-0.00759100914 -0.0013487339 0.63018167 145 192 221 
-0.0123542622 0.0148458779 0.668905377 146 193 223 
-0.0153311715 0.0245725513 0.697490633 149 196 221 
-0.0150077716 0.018810004 0.746677935 173 217 236 
0.0343230367 0.0285049975 0.537100852 162 209 234 
0.0376360565 0.010995537 0.57956934 156 200 227 
0.0369790494 0.0116977394 0.601929367 148 193 223 
0.0327197313 0.0258211792 0.640532136 154 201 227 
0.0316860452 0.0278156996 0.665825605 149 197 224 
0.0284536928 0.0380917192 0.700033486 148 192 218 
0.0298492089 0.028116554 0.74681139 165 210 232 
0.844466984 -0.000219166279 0.43245104 153 199 222 
0.794346035 0.0111578107 0.444147557 142 189 217 
0.841081262 0.00859257579 0.489973992 152 196 220 
0.822060168 0.00530800223 0.49027738 143 187 215 
0.795782089 0.00153186917 0.485186607 134 178 208 
0.841082215 0.00826501846 0.49357149 151 194 220 
0.795439065 0.00237125158 0.491605133 132 176 208 
0.841333628 0.00310912728 0.539321005 143 186 213 
0.791122198 0.0148415267 0.551220834 134 181 212 
0.843100429 -0.00832480192 0.585264444 148 190 214 
0.810269356 -0.00203177333 0.592295527 145 186 212 
0.791309536 0.0135879517 0.556549609 135 181 212 
0.842053235 -0.0066268146 0.61447227 149 190 213 
0.788706005 0.0198435485 0.606564939 146 190 217 
0.840263307 -0.00166895986 0.641554475 154 195 217 
0.791268945 0.00528132915 0.650719225 144 185 210 
0.839701593 -0.00395348668 0.692731023 155 192 214 
0.832734883 -0.00107994676 0.695059717 157 195 215 
0.790760815 0.00621989369 0.663619578 148 188 212 
0.839392185 -0.00353804231 0.702319741 156 193 214 
0.788371325 0.0121750534 0.707145274 147 187 212 
0.836971164 0.00228318572 0.748781323 152 188 210 
0.809366286 0.0116178393 0.756892681 154 191 215 
0.787098765 0.0142638385 0.742358088 149 189 215 
0.840174317 -0.0147945881 0.791496754 169 203 220 
0.806807041 -0.0118414462 0.796769857 177 212 228 
0.84012109 -0.0172313154 0.821017146 167 204 220 
0.786480308 0.0151135921 0.761309206 153 192 216 
0.791116595 -0.00759530067 0.80080384 175 212 227 
0.839537442 -0.0167838633 0.842842162 163 203 219 
0.794121087 -0.0238925815 0.843965769 169 206 220 
0.843779385 -0.0379436016 0.883222878 190 222 232 
0.795568407 -0.0340713561 0.890627086 170 209 224 
0.838670313 -0.020133853 0.919878364 174 215 230 
0.793118715 -0.025622189 0.909205019 184 218 232 
0.793829143 0.198750079 0.54625237 148 191 217 
0.747640431 0.19467622 0.549111784 150 195 222 
0.795118272 0.189192832 0.593269169 149 191 215 
0.765428066 0.197569817 0.601088703 148 193 217 
0.745658636 0.199240863 0.58937031 151 196 221 
0.794272721 0.189568639 0.627912819 149 190 214 
0.83017081 0.0118574202 0.95459497 189 222 232 
0.784353018 0.00768694282 0.941499233 190 224 236 
0.744867742 0.201078862 0.605256915 150 195 220 
0.794229567 0.188192993 0.645180523 150 190 214 
0.747534454 0.186108798 0.649177909 146 192 219 
0.79589349 0.177163154 0.691355109 146 187 211 
0.747641027 0.18119821 0.69885242 150 193 218 
0.797120512 0.167850047 0.738511682 146 184 206 
0.753719747 0.15282172 0.735105634 147 186 211 
0.799707353 0.15319398 0.782612205 160 195 215 
0.755462468 0.141482323 0.781103134 134 173 198 
0.79978615 0.152189881 0.790150642 161 195 214 
0.755246818 0.141690701 0.788688779 136 175 199 
0.82430476 0.0340853631 0.976903439 180 215 225 
0.778352797 0.0290811956 0.979230762 177 211 226 
0.821497262 0.0447103679 0.987727642 176 213 223 
0.77691406 0.0344281495 0.985866904 173 208 223 
0.799416184 0.149846286 0.833180726 154 192 209 
0.754771113 0.139706939 0.83257091 152 192 210 
0.800355554 0.141663343 0.880983531 154 194 216 
0.809568584 0.0964792669 0.960106611 186 221 226 
0.820138991 0.0504535735 0.986265302 176 212 222 
0.773083329 0.0452944934 1.04098713 160 197 214 
0.891821921 -0.000727206469 0.426970929 163 206 228 
0.872353494 -0.000872939825 0.429031044 157 202 224 
0.891516626 -0.000334054232 0.436615855 160 204 225 
0.8905738 -0.000315219164 0.479689687 158 199 219 
0.89000684 -0.00257918239 0.530878067 163 207 227 
0.887337983 -0.00173184276 0.531632304 161 206 226 
0.890073895 -0.00327655673 0.535550475 162 206 226 
0.891043782 -0.0111454427 0.578461707 158 200 220 
0.891565442 -0.0176868737 0.627203524 158 201 220 
0.873040855 -0.00967818499 0.633595765 154 198 218 
0.891181648 -0.0188452303 0.657695413 163 202 220 
0.891010225 -0.0199970007 0.678365409 167 202 220 
0.891303778 -0.0256423652 0.727619708 166 203 220 
0.867414117 -0.0155259371 0.735748112 153 190 211 
0.890319884 -0.024663955 0.761917233 154 190 208 
0.896534801 -0.0551799834 0.815691888 197 233 241 
0.894070446 -0.0547536314 0.816194594 196 232 240 
0.895519018 -0.0504020154 0.809230924 190 225 235 
0.896513879 -0.0553268492 0.818284154 197 232 240 
0.887798011 -0.0163590908 0.785412431 165 200 215 
0.861665189 -0.0214032233 0.837897718 166 202 217 
0.892310977 -0.0430754721 0.875098228 182 218 226 
0.868867993 -0.0424996316 0.877987564 190 223 231 
0.891626775 -0.0412183404 0.885874271 181 218 226 
0.884359539 -0.0153268874 0.931804061 190 225 234 
0.839457572 0.205025524 0.544652164 159 199 220 
0.841673791 0.191825509 0.589585423 152 195 217 
0.839271903 0.197791427 0.633559406 161 200 220 
0.881080091 -0.00343829393 0.950252175 180 219 229 
0.849060059 0.0122538209 0.962307096 181 218 228 
0.876774967 0.0121348202 0.974847317 181 223 231 
0.838142455 0.201209128 0.647435725 161 199 219 
0.838269711 0.196217328 0.697063744 154 193 214 
0.839605391 0.186477333 0.743976176 148 185 205 
0.805204451 0.157031894 0.784095943 160 195 214 
0.839561403 0.186273783 0.748257399 148 185 205 
0.868011296 0.0454343557 1.00715911 180 219 228 
0.83911711 0.183903992 0.79498744 155 193 210 
0.840408385 0.17433852 0.84199965 167 203 218 
0.843980193 0.155812323 0.883886635 149 193 214 
0.851059854 0.123502523 0.917890072 161 200 217 
0.858651042 0.0891828835 0.950744033 181 225 233 
0.863951385 0.0638647974 0.988746405 178 220 230 
0.936510623 0.00924029946 0.427482456 170 211 230 
0.936487019 0.00803148746 0.441999882 169 211 229 
0.934974611 0.0107842088 0.480848581 161 204 224 
0.935251176 0.00520536304 0.530140996 178 215 231 
0.935477197 0.00294607878 0.544873834 173 213 229 
0.934708178 0.00284728408 0.581275463 165 209 227 
0.934978187 -0.00270542502 0.63058275 167 209 223 
0.936522782 -0.0123154819 0.666454256 181 220 233 
0.936328471 -0.0125030577 0.677462161 183 220 234 
0.934219182 -0.00870707631 0.732116461 159 197 214 
0.934276521 -0.0112801492 0.758076489 174 209 222 
0.904509723 -0.0522268713 0.816421986 198 232 240 
0.933570802 -0.0106513202 0.783487558 179 213 224 
0.937022626 -0.028706193 0.825644195 189 223 231 
0.937659204 -0.0356988311 0.874127865 183 219 231 
0.936173379 -0.0307549536 0.887401998 178 214 226 
0.928298056 -0.00185346603 0.92779851 184 220 230 
0.883596361 0.217153966 0.546399653 174 214 230 
0.88480711 0.207904756 0.593592584 168 208 227 
0.886353374 0.19733718 0.640031636 157 202 222 
0.866327524 0.199151963 0.643219471 158 201 221 
0.885914087 0.197880775 0.6541574 158 202 222 
0.926055133 0.00540426373 0.950120211 182 219 228 
0.92172116 0.0206200778 0.980011463 185 225 234 
0.881953478 0.210133776 0.69983387 160 199 219 
0.84208709 0.188798875 0.744966328 148 185 205 
0.880224288 0.21596314 0.714442492 158 197 217 
0.912555814 0.0584466159 0.980458021 178 221 231 
0.884263277 0.0619683564 0.985482812 177 219 230 
0.906996906 0.0834270418 0.958080292 183 224 233 
0.878426552 0.21950011 0.757674217 162 200 215 
0.88146925 0.203052729 0.800750196 149 185 202 
0.882890284 0.192977279 0.84747076 149 187 204 
0.896259665 0.131462127 0.917253196 180 214 225 
0.904673755 0.0939089656 0.948257685 187 227 235 
0.970940292 0.0229893327 0.431178421 162 202 222 
0.979163945 0.0272057354 0.432568401 159 200 220 
0.978025019 0.0271891654 0.485042006 169 208 230 
0.979071319 0.018586129 0.532604754 159 197 219 
0.979315102 0.0169174969 0.539952815 158 197 220 
0.979397595 0.0128123164 0.5817855 154 196 221 
0.97844249 0.0120732486 0.633846045 165 206 223 
0.979012787 0.00832894444 0.649266362 169 209 225 
0.980037749 0.00131329894 0.680174947 175 215 229 
0.978334725 0.00351282954 0.733916223 160 202 220 
0.981353462 -0.01284042 0.777046025 156 193 208 
0.971716821 -0.0131199658 0.777952909 162 198 211 
0.981754482 -0.015327841 0.7862795 162 198 210 
0.980712354 -0.0148127377 0.828401148 184 218 224 
0.98431462 -0.0334587991 0.870219588 174 220 233 
0.981392801 -0.0236224532 0.89505291 158 203 220 
0.971774042 0.0139101446 0.919582963 182 218 223 
0.928882658 0.224773377 0.545568109 160 201 223 
0.931886137 0.208480269 0.588732302 150 196 219 
0.933097422 0.199228883 0.63592416 166 208 227 
0.930793583 0.206696466 0.658714056 164 206 224 
0.967375696 0.0286065936 0.958201408 173 211 219 
0.966457546 0.0301444232 0.9832654 180 222 232 
0.925075114 0.22625877 0.703867197 157 197 219 
0.924433172 0.228098333 0.712896943 155 195 218 
0.941203535 0.0757503211 0.986723065 179 216 227 
0.954959452 0.0769799352 0.990694165 179 214 224 
0.919641495 0.243117183 0.765992641 127 160 184 
0.929292381 0.196212739 0.844131827 148 183 201 
0.93841368 0.151389182 0.92346108 173 209 219 
0.950119436 0.100902617 0.947068214 189 223 227 
0.953954279 0.0813428462 0.98836422 180 216 226 
1.00165915 0.0716184974 0.454256505 178 215 228 
0.999183476 0.0481794775 0.494135469 188 227 242 
0.981464088 0.0210507214 0.533682525 160 199 221 
0.992460549 0.110585839 0.476465076 178 222 234 
0.999854505 0.0895357132 0.516559005 179 220 234 
1.00411892 0.0677280128 0.556584954 177 215 231 
0.999400437 0.0437461436 0.596415102 152 195 216 
0.981432974 0.0165573657 0.635956705 167 208 225 
0.974868476 0.147521645 0.49849084 185 229 242 
0.98130089 0.126238793 0.538563848 183 221 233 
0.989179313 0.105305821 0.578668475 174 212 228 
1.00438333 0.0861460567 0.618932605 174 214 229 
1.01258373 0.0634845495 0.658061504 180 222 237 
1.01063085 0.0727106631 0.645202816 178 219 234 
1.00318742 0.0401768982 0.69877249 168 206 222 
1.01266932 0.0626188815 0.663754225 178 219 235 
0.984877765 0.0129053295 0.738306642 173 213 227 
0.983470738 -0.0102750361 0.778208911 155 192 207 
0.960170805 0.185158044 0.520579696 179 219 232 
0.974572599 0.165804118 0.560826302 175 220 234 
0.991139114 0.146974027 0.601120114 173 218 234 
0.988936722 0.123601139 0.641005099 171 213 228 
1.01010895 0.0732085109 0.663623154 181 221 236 
0.996922314 0.102694154 0.681112051 183 221 236 
1.0110631 0.0649676919 0.711392939 166 206 222 
1.00399327 0.0954839885 0.696864545 176 216 231 
1.01226854 0.0557391346 0.758597851 166 206 223 
1.01624322 0.0356298387 0.799579322 162 199 216 
1.00918865 0.0143038332 0.841111064 184 222 231 
1.01759887 0.0281307995 0.820678294 174 211 225 
1.00806046 -0.00880900025 0.881019413 168 205 221 
0.939559042 0.221362948 0.542539716 164 206 229 
0.957721651 0.202919275 0.582868218 149 192 214 
0.991941273 0.153577477 0.604624152 171 216 232 
0.981563628 0.196435869 0.604812682 150 193 212 
0.993293941 0.143770963 0.651498437 167 209 224 
0.9935624 0.138224393 0.7008093 167 208 223 
1.01756787 0.0259332359 0.84651655 182 221 232 
1.01170468 0.0332668424 0.903507769 172 208 221 
1.0140264 0.0357307792 0.900232852 172 208 221 
0.981415451 0.194936156 0.628279448 154 198 216 
0.980908334 0.192437202 0.679333329 162 206 224 
0.970890105 0.201620787 0.685429931 162 207 225 
0.979709089 0.195531607 0.700000405 161 204 222 
0.993923366 0.127822131 0.799826026 174 211 220 
0.989449203 0.137593389 0.805633128 174 210 219 
0.990227997 0.143458575 0.795724988 168 204 214 
1.0027976 0.0884615779 0.829796672 181 216 227 
0.986275613 0.113985449 0.845496893 181 213 222 
1.00182533 0.0877893865 0.881895423 189 230 239 
0.995993316 0.0934976637 0.885641575 192 233 241 
1.00115633 0.0719076097 0.925686955 188 229 238 
0.983921468 0.044896096 0.965244532 160 197 208 
0.971782863 0.224685267 0.739933372 159 194 213 
0.98106724 0.176758438 0.827859521 161 196 208 
0.981008112 0.17901656 0.823885024 161 195 208 
0.976538479 0.152822465 0.867693782 188 223 232 
0.979733527 0.130755931 0.907696366 192 230 237 
0.950456917 0.100829989 0.946991563 189 222 227 
0.957145274 0.079608947 0.987070322 181 215 226 
1.01509142 0.0658980012 0.659098804 178 220 235 
1.01931024 0.0852732062 0.721532643 169 210 224 
1.01642108 0.0617340505 0.761402726 163 203 221 
1.02620983 0.0412635505 0.801548779 164 201 215 
0.994169891 0.188901454 0.623595119 163 207 222 
0.995703161 0.166432768 0.663561463 171 211 225 
0.993997991 0.143180192 0.703457296 164 205 221 
0.997870862 0.121277779 0.743474603 161 198 212 
1.00694418 0.100634038 0.783605218 178 217 228 
1.01044416 0.0786413848 0.823614359 182 217 229 
1.03788114 0.0624424517 0.864144981 191 227 237 
1.00056028 0.185962409 0.72600919 156 193 209 
0.995560706 0.161912471 0.765833259 153 188 203 
0.977806985 0.221648961 0.74792254 163 194 211 
0.979206622 0.19914794 0.787886024 157 194 205 
0.816449642 0.217671767 -0.702521503 149 190 213 
0.770996213 0.210708693 -0.701314569 150 191 216 
0.770883143 0.215555325 -0.749976635 149 191 215 
0.817261398 0.216951266 -0.73178041 156 193 216 
0.81323117 0.226817861 -0.656392574 158 196 217 
0.768714011 0.21620883 -0.657652497 149 191 215 
0.844662309 0.0283111334 -0.389771223 166 205 224 
0.806598425 0.0348842144 -0.382012814 156 198 222 
0.808246434 0.0305906534 -0.409960568 149 194 219 
0.810616374 0.236100405 -0.639497995 159 199 220 
0.767515659 0.219893068 -0.64357841 151 192 216 
0.767729759 0.229116857 -0.586226761 164 205 224 
0.764626801 0.2267524 -0.587171972 164 204 224 
0.806646764 0.249328822 -0.604248345 158 202 223 
0.764464557 0.227160767 -0.584259629 164 205 225 
0.803014398 0.261478662 -0.572499633 167 210 228 
0.800580919 0.269272566 -0.547385037 167 210 228 
0.758541465 0.246397704 -0.526097059 152 199 224 
0.799635828 0.270262241 -0.514992654 167 210 229 
0.758144975 0.247729242 -0.522691011 152 199 224 
0.79624939 0.280630946 -0.474739432 171 214 230 
0.751676619 0.270296812 -0.476504743 168 215 234 
0.794385493 0.286400288 -0.453279257 162 207 226 
0.744725227 0.295967013 -0.442618042 151 198 224 
0.792146266 0.290858507 -0.400014997 147 194 220 
0.744693041 0.294784129 -0.427993685 151 196 223 
0.792038023 0.29113242 -0.398089558 146 194 220 
0.746105731 0.286051035 -0.395806402 155 199 226 
0.792575002 0.284530699 -0.349382252 157 204 227 
0.746870041 0.278556049 -0.347609997 147 195 224 
0.795530617 0.268425345 -0.306110591 166 211 234 
0.759068191 0.277596593 -0.297114789 159 206 232 
0.745173872 0.282318652 -0.311553299 152 201 230 
0.773623645 0.25827983 -0.256864756 162 210 232 
0.752717137 0.246597439 -0.260922492 162 208 231 
0.794615507 0.268549681 -0.265479863 163 211 233 
0.749197185 0.26240164 -0.274940312 159 207 231 
0.745479822 0.27952674 -0.294571608 153 202 229 
0.794129431 0.269439042 -0.253047615 162 211 232 
0.862376571 0.222774401 -0.7047925 168 205 223 
0.862711608 0.222941279 -0.722029448 167 204 221 
0.860411346 0.226004273 -0.650461972 177 212 225 
0.844096482 0.229246825 -0.646905303 174 210 224 
0.859741271 0.227560982 -0.636996269 181 218 230 
0.851848125 0.256550878 -0.59676218 164 208 225 
0.84542644 0.28039211 -0.566871464 146 182 202 
0.849706411 0.259083211 -0.526576042 167 211 226 
0.83961767 0.264870822 -0.522319019 163 206 222 
0.852593243 0.243248343 -0.483149648 182 225 241 
0.849105656 0.244327486 -0.482179374 181 224 240 
0.85236007 0.243931741 -0.480039328 182 225 241 
0.818548799 0.278125286 -0.460436016 174 220 236 
0.845289528 0.268849432 -0.432319403 171 218 236 
0.843795657 0.27332443 -0.413464367 163 210 231 
0.794534683 0.290666848 -0.398617148 147 194 220 
0.838836789 0.290708601 -0.37897715 170 216 236 
0.833689034 0.308544219 -0.340837061 155 195 218 
0.821491301 0.292705685 -0.295755088 166 208 228 
0.833123744 0.308905661 -0.31890294 154 194 217 
0.833797991 0.303624123 -0.291167945 162 205 223 
0.837976217 0.282714903 -0.250643879 167 215 234 
0.874244273 0.21818991 -0.708590508 167 205 222 
0.910419285 0.215071291 -0.661904573 157 197 214 
0.911892354 0.210463658 -0.678329825 155 198 217 
0.911302209 0.181479901 -0.627917409 180 215 231 
0.883258879 0.215886027 -0.606119275 181 221 234 
0.916234434 0.188968629 -0.638816059 174 211 227 
0.918300807 0.175119638 -0.579788804 169 211 227 
0.898897529 0.196831405 -0.565845728 188 228 240 
0.919262469 0.173978597 -0.611260176 172 211 227 
0.916561365 0.17746222 -0.52596575 169 214 232 
0.915402532 0.177986473 -0.525553226 169 214 232 
0.916452169 0.17780596 -0.524770558 169 214 232 
0.88128829 0.256602943 -0.583753228 164 197 210 
0.875151575 0.232277751 -0.543953955 176 218 233 
0.896649957 0.214641452 -0.503552735 175 221 238 
0.908115923 0.208989516 -0.488568991 178 224 239 
0.900694966 0.23564139 -0.44403708 167 210 228 
0.898734868 0.243015409 -0.435989201 162 205 224 
0.871451378 0.268090129 -0.419350743 156 202 223 
0.892267644 0.267275572 -0.408663958 155 201 221 
0.883273542 0.301715672 -0.378448874 157 205 232 
0.882879972 0.300821424 -0.350443602 158 204 228 
0.881896675 0.30019325 -0.298319697 173 210 227 
0.867232144 0.30377692 -0.294758797 170 208 225 
0.883210838 0.291941226 -0.266955316 169 211 230 
0.884272575 0.286365718 -0.253745228 167 212 233 
0.922756016 0.207092047 -0.66760087 155 198 217 
0.929825008 0.163123369 -0.587581038 164 207 224 
0.951381862 0.145501196 -0.547178507 193 232 243 
0.966615975 0.126348674 -0.506913722 179 219 230 
0.950731337 0.163697749 -0.484850794 179 223 236 
0.973545372 0.105186075 -0.466829866 176 221 232 
0.962750137 0.143766999 -0.444656044 181 225 240 
0.97632283 0.0830185115 -0.426836401 184 223 235 
0.963265955 0.121052027 -0.404711843 176 222 238 
0.972847164 0.0593374372 -0.386979163 180 223 236 
0.975798786 0.101245672 -0.364505917 187 231 244 
0.935031116 0.201091498 -0.462783784 174 217 230 
0.964521468 0.165592045 -0.432978094 180 225 240 
0.958266318 0.191711456 -0.436044842 177 220 234 
0.95961374 0.161361903 -0.382382393 188 233 246 
0.96273154 0.169606954 -0.395410687 186 231 244 
0.954523146 0.137289912 -0.342560351 188 231 245 
0.903978169 0.234769195 -0.441051215 166 209 226 
0.948576033 0.229598269 -0.41216585 179 222 236 
0.962496459 0.169057369 -0.378512919 189 233 245 
0.961187184 0.169709682 -0.325656652 179 227 240 
0.945159256 0.241671443 -0.38946417 167 210 226 
0.922071278 0.257502556 -0.378315181 158 203 220 
0.941969931 0.252215683 -0.360217363 162 203 221 
0.897853911 0.292834729 -0.356433719 154 201 226 
0.939833581 0.258105397 -0.327581525 172 215 232 
0.913276672 0.273727864 -0.316164821 168 213 230 
0.93867451 0.258445114 -0.278143346 168 214 232 
0.938613236 0.258408517 -0.274924964 167 213 232 
0.886906683 0.285699219 -0.254397273 166 211 232 
0.965621173 0.185655802 -0.422184527 178 223 237 
0.959019363 0.225251719 -0.399919361 188 228 240 
0.967910469 0.204563916 -0.359792739 189 227 237 
0.96620816 0.181312025 -0.319896847 181 229 240 
0.959169209 0.243642002 -0.337574184 185 226 240 
0.967622221 0.222848147 -0.297457099 185 226 237 
0.940164506 0.257396042 -0.27564618 169 215 233 
-1.01479292 0.140274763 -0.124534547 203 240 248 
-1.02129412 0.153382987 -0.116689436 206 241 248 
-1.00682294 0.104466587 -0.0925320238 191 231 241 
-1.02271509 0.130199283 -0.0767874196 195 230 240 
-1.00649858 0.0987003744 -0.0433468558 187 230 240 
-1.01830399 0.108427078 -0.0367583781 186 226 236 
-1.00857615 0.10590452 -0.0280193426 189 231 241 
-1.01851916 0.154916018 -0.116160415 207 242 249 
-1.01566625 0.139213979 -0.0726581067 202 238 247 
-1.01227582 0.121400416 -0.0303634703 191 232 242 
-1.01280403 0.118984103 0.0207376778 189 228 239 
-1.02316642 0.125604212 0.0254776254 185 223 234 
-1.0162642 0.133878827 0.0140816346 191 230 240 
-1.00955391 0.101722091 0.0633477643 175 219 231 
-1.03021264 0.101058871 0.0652571097 186 224 235 
-1.00997043 0.102722287 0.0713559464 176 221 232 
-1.01614761 0.132121921 0.0282519087 188 226 237 
-1.01125526 0.108406633 0.0671710297 174 219 231 
-0.941230595 0.0367903113 -0.188912392 189 232 243 
-0.988041222 0.0378500819 -0.183192015 189 228 240 
-0.940535903 0.0303182602 -0.148885071 177 225 237 
-0.996147573 0.0770818591 -0.160959631 194 237 247 
-0.94064635 0.030003041 -0.140311256 174 223 236 
-0.993982911 0.0547659695 -0.12097951 178 219 231 
-0.942183614 0.0315515399 -0.0869423896 186 227 237 
-0.966473222 0.0385846794 -0.0804473385 189 233 242 
-0.942613304 0.0305176079 -0.0557260513 182 223 234 
-1.00604439 0.115880251 -0.138766229 196 237 247 
-1.0019927 0.0940211117 -0.0987450182 187 229 240 
-0.989063978 0.074310571 -0.0585304424 186 229 240 
-0.943999529 0.0341948569 -0.0329473689 180 223 235 
-0.983172536 0.0528967381 -0.0184691697 183 223 236 
-0.94346416 0.0275993943 0.0157635212 180 223 237 
-0.964968741 0.0344629884 0.0218603089 183 228 241 
-0.943880081 0.026704073 0.0448096767 180 225 239 
-0.991214335 0.0921441317 0.00376462936 196 235 244 
-0.982349694 0.0714499056 0.0438906923 195 234 243 
-0.945075333 0.029438436 0.069298543 183 228 241 
-0.972564399 0.0509785414 0.0840367749 191 233 243 
-0.945975363 0.0284831822 0.121235348 180 225 241 
-0.955363929 0.0323019624 0.124344386 184 230 244 
-0.945634425 0.0253038704 0.140909106 182 227 242 
-0.978094995 0.181640059 -0.106064945 191 241 249 
-0.978743911 0.179697961 -0.0546925589 197 243 250 
-1.00389016 0.153109729 -0.0140354559 198 237 246 
-0.978885949 0.179828614 -0.049624525 197 242 250 
-0.994343638 0.0869008899 0.105971359 195 236 245 
-0.988342106 0.0655136704 0.146035045 182 222 235 
-0.946305811 0.0252896249 0.171891928 180 226 241 
-0.974068642 0.0461286306 0.18627888 185 232 246 
-0.946263373 0.0206309557 0.221710563 175 218 236 
-0.960133791 0.0266616642 0.226515383 180 223 240 
-0.946712375 0.0205554068 0.243163526 172 214 233 
-0.977388203 0.169879347 -0.00782518089 189 231 242 
-0.975526989 0.15807429 0.0379060283 187 229 239 
-0.986187577 0.152908683 0.0886250213 192 238 246 
-0.976991117 0.160363853 0.079682596 190 236 244 
-0.996955097 0.127462626 0.128323436 191 232 242 
-1.00368285 0.102994412 0.168109834 189 232 241 
-1.00000596 0.0810445249 0.208122879 187 232 243 
-0.988833666 0.0609088838 0.248299211 186 229 241 
-0.948295116 0.0241224468 0.276190728 175 218 235 
-0.995049417 0.0365645885 0.288096786 201 235 245 
-0.947073877 0.0148320198 0.323360175 175 220 238 
-0.961988688 0.0217268765 0.328749835 179 224 241 
-0.947838724 0.0160469115 0.344976872 176 219 235 
-0.89386642 0.0362456441 -0.194413409 189 231 242 
-0.894957006 0.0360389352 -0.142048448 186 226 238 
-0.912026763 0.0334090889 -0.141603336 181 225 237 
-0.895004392 0.0359060466 -0.138394594 185 226 238 
-0.897078276 0.0398821533 -0.0873671398 174 218 233 
-0.898325622 0.0422628522 -0.0565547422 181 221 234 
-0.898907483 0.0425778031 -0.0333421901 186 225 236 
-0.899839401 0.0417478085 0.0186662897 183 224 236 
-0.896642089 0.0246929228 0.0613948628 188 230 239 
-0.910227597 0.0248728693 0.0629856214 186 229 239 
-0.896845639 0.0248515308 0.0689774826 187 229 239 
-0.897571743 0.0238540471 0.113398232 177 221 237 
-0.895031989 0.00938287377 0.157604516 176 223 236 
-0.927013457 0.0163241923 0.164894849 180 226 240 
-0.896219671 0.0116679072 0.186738133 172 218 233 
-0.936158836 0.202423185 -0.0993674323 191 233 244 
-0.933637142 0.188022971 -0.0551205203 161 208 228 
-0.933494508 0.186109811 -0.0404087268 166 210 228 
-0.89811343 0.0169987082 0.214443594 166 211 229 
-0.89728415 0.00924834609 0.262493938 169 212 232 
-0.915575027 0.0146069825 0.267418891 166 209 229 
-0.898250341 0.0116359591 0.280322284 166 209 230 
-0.932375133 0.178572387 -0.00804263353 182 216 230 
-0.931193769 0.169438809 0.0392165408 165 203 221 
-0.933244467 0.174787462 0.0739303157 171 211 229 
-0.901604891 0.0217338502 0.322118253 172 214 234 
-0.900339007 0.0122680366 0.369187415 173 219 237 
-0.903303206 0.013091445 0.369961083 173 219 236 
-0.90049547 0.01266554 0.371955097 173 219 237 
-0.850984871 0.0533140898 -0.189840481 189 229 242 
-0.891755819 0.0383155048 -0.141161799 186 226 238 
-0.85286963 0.058309108 -0.158815384 189 230 241 
-0.854881346 0.0641325414 -0.131169662 176 218 233 
-0.854670465 0.0588120818 -0.0817295238 174 213 232 
-0.854832411 0.0579409301 -0.0646130815 175 214 232 
-0.855863094 0.0590064228 -0.0291352123 183 220 235 
-0.854768515 0.0502139628 0.0183190927 191 232 242 
-0.852945268 0.0385579765 0.0641355887 201 243 250 
-0.852930188 0.0384394825 0.0647613779 201 243 250 
-0.852699161 0.0330992639 0.113496609 187 231 242 
-0.852572203 0.0281086862 0.163125366 184 226 239 
-0.852013409 0.0238159895 0.185168833 180 223 238 
-0.917879164 0.219607741 -0.0920279175 184 231 245 
-0.920712411 0.196082175 -0.0521566644 164 212 230 
-0.851792693 0.0205537379 0.211287469 172 216 235 
-0.852052152 0.0170813203 0.261784583 174 213 234 
-0.851359248 0.0104930699 0.303185493 172 216 237 
-0.89670682 0.232967257 -0.0870870575 170 220 239 
-0.892278254 0.211074546 -0.0471255183 175 223 238 
-0.888533115 0.191867143 -0.00562810153 176 217 233 
-0.889570832 0.191452742 0.0466180518 170 215 231 
-0.890040278 0.19189623 0.0632419959 170 214 232 
-0.851858914 0.0118304193 0.311264455 172 217 237 
-0.852017522 0.00796166062 0.361534923 165 209 231 
-0.850562334 -0.00224789977 0.408178657 160 204 226 
-0.864867747 -0.000445336103 0.410731196 162 206 228 
-0.851195395 -0.000402778387 0.416740566 161 205 227 
-0.80913651 0.0744422376 -0.182945624 200 240 250 
-0.809147596 0.0728544891 -0.164791465 196 235 245 
-0.810185313 0.0740716755 -0.130674407 173 216 234 
-0.814687312 0.0753234327 -0.0771411806 161 202 226 
-0.811885834 0.0763252974 -0.0776463076 160 201 225 
-0.811908007 0.0763486922 -0.0768888593 160 201 225 
-0.812388182 0.073743701 -0.0258956403 157 197 222 
-0.814018369 0.0709995031 0.0251482651 161 203 227 
-0.812967777 0.0715966821 0.0245716423 160 202 227 
-0.852472782 0.038852036 0.0642436221 201 243 250 
-0.812956095 0.0714832544 0.0252946913 160 202 227 
-0.813542247 0.0692945123 0.0765260085 174 214 230 
-0.812239528 0.0596841276 0.123512454 180 224 236 
-0.838820875 0.0376705825 0.166815847 182 223 239 
-0.812498569 0.0591888428 0.140906155 179 223 236 
-0.846282899 0.220399976 -0.0994644538 159 203 226 
-0.875192165 0.229939848 -0.0910981223 167 216 235 
-0.847884774 0.224281386 -0.069054015 171 214 233 
-0.812934756 0.0579240024 0.174988896 174 215 235 
-0.808190823 0.0347919762 0.214241624 172 214 236 
-0.808380663 0.0310460627 0.264582336 158 202 229 
-0.808583021 0.0297206342 0.288602293 161 206 231 
-0.848208964 0.223476097 -0.0452218652 180 222 239 
-0.844266891 0.203494817 -0.00416706502 183 222 240 
-0.844052613 0.198161244 0.045265533 181 223 240 
-0.845216453 0.200987309 0.0672923699 171 213 232 
-0.808334172 0.0263716877 0.314391941 166 211 234 
-0.807258189 0.017652005 0.361887872 169 213 238 
-0.806881368 0.011679709 0.410955131 158 205 230 
-0.807042837 0.012011379 0.414682209 158 204 230 
-0.76376152 0.0817133784 -0.183976322 185 226 241 
-0.763243854 0.0765994489 -0.150913388 170 215 236 
-0.763305366 0.0754293501 -0.135087341 162 209 233 
-0.763508618 0.0717362165 -0.0847164467 149 193 222 
-0.81104058 0.0762060881 -0.07706175 160 201 225 
-0.764708519 0.0737656057 -0.0521786064 144 186 216 
-0.766630232 0.0795099735 -0.0277870595 152 193 220 
-0.768477619 0.0823396742 0.025585331 165 206 229 
-0.768496633 0.0823518932 0.0263215825 165 207 229 
-0.769690573 0.0825512707 0.0789187923 161 205 227 
-0.785071611 0.0735200942 0.128053635 178 221 237 
-0.770265043 0.0811029971 0.121384181 173 216 235 
-0.797414601 0.213944972 -0.108345889 152 200 225 
-0.801871657 0.227484941 -0.0541807115 183 229 244 
-0.770363629 0.0807040632 0.130345434 174 217 236 
-0.769958556 0.0746208131 0.179349244 175 218 236 
-0.766571701 0.0568209589 0.221651733 163 206 234 
-0.763977349 0.0421351492 0.265735298 164 208 233 
-0.760112166 0.0224561691 0.306962997 152 195 225 
-0.782314122 0.0240220129 0.310254484 159 203 229 
-0.758664608 0.0135912597 0.339014828 155 199 226 
-0.802134931 0.228000507 -0.0478235781 184 231 245 
-0.798739851 0.21016857 -0.00553945452 172 217 239 
-0.798880816 0.20623064 0.0446913913 166 208 231 
-0.79901123 0.203240067 0.0839135274 153 197 221 
-0.758881569 0.0131291449 0.354111552 157 200 227 
-0.759272814 0.0101744831 0.404904753 153 198 225 
-0.758485734 0.00262108445 0.452706426 150 196 223 
-0.717021465 0.0791291893 -0.138160661 156 199 223 
-0.726009727 0.0784332156 -0.137551576 157 201 225 
-0.716920137 0.0782655776 -0.133213878 155 198 223 
-0.715265155 0.0677364171 -0.0921936259 149 191 219 
-0.718835592 0.0776629448 -0.0385806784 164 207 229 
-0.719355404 0.0793162882 -0.0330873057 164 207 229 
-0.719642162 0.0759511292 0.0174711794 154 195 223 
-0.767788589 0.0821891129 0.0261552259 165 206 229 
-0.721764266 0.0820766389 0.046831198 148 190 218 
-0.773585737 0.21333915 -0.111293919 155 202 227 
-0.750036776 0.211952895 -0.0983916894 166 209 232 
-0.723783612 0.0877322853 0.0766926333 152 196 223 
-0.726427317 0.0950758457 0.116460554 172 217 236 
-0.750827432 0.211961403 -0.062186677 173 215 237 
-0.793828845 0.226793453 -0.0493929274 182 228 243 
-0.753266335 0.21785602 -0.015717797 160 206 231 
-0.728233695 0.100726038 0.136607647 168 213 232 
-0.726010025 0.0874969065 0.181524307 185 228 242 
-0.723571658 0.0734238625 0.225958377 167 211 234 
-0.719461381 0.0527818203 0.266635239 156 200 229 
-0.715138614 0.0313045979 0.30683443 155 197 227 
-0.712495148 0.0164259672 0.350807697 158 199 230 
-0.724573433 0.0151579082 0.351445168 158 200 229 
-0.707808256 -0.0064817071 0.390188724 144 189 219 
-0.715479434 -0.0054807663 0.391576171 144 189 219 
-0.708046556 -0.0060018003 0.39579457 143 189 218 
-0.753338456 0.217335984 -0.00662947446 160 206 231 
-0.751022518 0.203744441 0.0380799398 159 202 229 
-0.753918409 0.210999489 0.0904118493 151 196 225 
-0.712793767 0.0086158812 0.451307088 155 195 225 
-0.757681787 0.00265845656 0.452998906 150 196 223 
-0.71354723 0.0111442506 0.457800835 156 196 225 
0.102007985 0.0828692317 -1.01149011 181 227 237 
0.0903178155 0.0830972195 -1.01008153 183 227 237 
0.100673541 0.088726759 -1.01531613 182 227 237 
0.107743472 0.0558412075 -0.974465609 168 214 231 
0.063567996 0.0537827611 -0.970731139 175 222 236 
0.110399514 0.0409131944 -0.930520654 155 204 227 
0.094866246 0.0385184586 -0.930116415 150 199 221 
0.110330418 0.0409210026 -0.927435935 155 205 227 
0.0871694386 0.14549318 -1.02614319 175 222 237 
0.10515368 0.057033509 -0.868817329 146 190 213 
0.100106344 0.0581407249 -0.867660403 146 190 213 
0.104863375 0.0579004586 -0.86512357 145 189 212 
0.0789179355 0.176257044 -0.989170074 185 233 242 
0.0980918258 0.081337899 -0.814682484 142 190 216 
0.135648906 0.0940693021 -1.00909412 168 212 226 
0.154440761 0.0579166412 -0.97846806 160 208 230 
0.145997018 0.0953442454 -1.00671864 165 209 223 
0.157218397 0.0425109565 -0.934796214 167 214 234 
0.155930236 0.0461705029 -0.916323662 165 213 232 
0.145318389 0.0982525945 -1.00788093 165 209 223 
0.13224256 0.153349996 -1.01982391 178 222 229 
0.153779402 0.0515317619 -0.877153516 150 197 220 
0.151192322 0.0595404208 -0.847375989 149 194 220 
0.122186601 0.193046808 -0.999271989 195 242 249 
0.146282881 0.0764954984 -0.810392261 142 190 219 
0.121705532 0.0817227066 -0.804848015 140 189 217 
0.146090329 0.0747129023 -0.781741619 140 189 218 
0.190412462 0.106627584 -1.00828028 185 229 239 
0.171836495 0.102828264 -1.00830591 176 221 232 
0.188844562 0.114218682 -1.02065265 180 223 236 
0.199159175 0.0677676797 -0.978023171 148 190 209 
0.2048527 0.040904671 -0.940904379 155 204 225 
0.201731831 0.0504210889 -0.903375149 154 200 221 
0.176607072 0.164714843 -1.01995325 204 246 251 
0.199989259 0.0555224717 -0.880060554 147 193 218 
0.196576715 0.0658565462 -0.838224411 156 198 221 
0.167783156 0.198312521 -0.988189459 193 234 244 
0.195163012 0.0699941814 -0.819300175 154 197 220 
0.193359673 0.0725881457 -0.765333414 134 181 212 
0.17272988 0.0712329745 -0.763803661 138 185 214 
0.193399549 0.071500212 -0.755073547 138 184 214 
0.202047884 0.0294663608 -0.685030699 131 178 212 
0.178342313 0.0269117653 -0.683815479 130 177 211 
0.200354159 0.0370718539 -0.691784739 135 181 213 
0.20180741 0.0298775733 -0.678559661 131 178 211 
0.254669964 0.0307210386 -0.951918483 151 201 224 
0.234848708 0.0312063992 -0.949476361 149 200 224 
0.251630157 0.0444761217 -0.965209842 158 208 230 
0.254393101 0.0307982862 -0.940066218 150 201 224 
0.236542106 0.110933542 -1.01100695 180 225 239 
0.233082116 0.12621218 -1.02193773 178 222 238 
0.24440378 0.0755512118 -0.978760839 172 219 235 
0.24693355 0.0576414168 -0.895885825 155 197 218 
0.223396838 0.164073676 -0.998012304 183 228 242 
0.246048987 0.0601032674 -0.882629991 153 195 217 
0.243387789 0.0660678446 -0.826735318 146 191 220 
0.235046804 0.0679623187 -0.824788213 147 191 219 
0.242636681 0.0688281357 -0.822924733 145 190 219 
0.213008106 0.205417752 -0.980488598 193 238 248 
0.239133567 0.0782919526 -0.767260551 144 190 217 
0.240977257 0.0669582784 -0.725961924 137 183 212 
0.212116271 0.0350865424 -0.683079839 136 181 213 
0.294310808 0.0650148392 -0.989976585 175 220 232 
0.287623495 0.0668199658 -0.988259792 175 221 233 
0.292973101 0.0707990229 -0.992836356 178 224 235 
0.297945857 0.0462401807 -0.948231697 162 211 231 
0.297942102 0.0462003648 -0.947617173 162 211 231 
0.283454776 0.112162828 -1.01549327 178 226 236 
0.277249515 0.138552725 -1.02386081 172 218 231 
0.292185634 0.0646124482 -0.887938142 172 209 225 
0.268050581 0.17400679 -0.995509744 187 231 244 
0.29197073 0.0652260482 -0.884889483 171 207 224 
0.289594144 0.0700724423 -0.829634309 158 200 222 
0.287635952 0.0770505965 -0.81727761 152 193 217 
0.259878397 0.204800308 -0.962508917 181 227 240 
0.258017927 0.206075549 -0.961610794 181 228 240 
0.259519815 0.206153125 -0.961078048 180 227 240 
0.284236819 0.0866308808 -0.767680526 136 180 209 
0.284502238 0.0824792087 -0.733731389 138 183 212 
0.334651887 0.0965572596 -1.02960849 168 215 230 
0.322463453 0.0980926156 -1.02743399 171 218 233 
0.332429141 0.106462717 -1.03763366 163 209 224 
0.345513314 0.0493881702 -1.00410378 204 240 246 
0.34513104 0.0463985503 -0.953330576 166 214 230 
0.344922394 0.0446157157 -0.923941851 168 214 231 
0.321054578 0.152687162 -1.02908146 179 223 235 
0.337832689 0.0705836117 -0.887014627 163 202 223 
0.316469967 0.0693162978 -0.885356545 167 204 223 
0.337124765 0.0731326044 -0.882838249 163 202 223 
0.31266427 0.18413806 -0.993371546 181 229 240 
0.335449845 0.0754546821 -0.831745446 164 204 226 
0.332983613 0.0835484564 -0.808460176 154 197 221 
0.308700591 0.198526502 -0.971286654 179 226 240 
0.304749459 0.21323508 -0.953334391 176 219 236 
0.3279199 0.100549877 -0.76490891 154 199 224 
0.327772081 0.099263072 -0.743822455 152 196 222 
0.378754437 0.108828247 -1.02777946 177 225 237 
0.377043307 0.116591603 -1.03549111 175 221 234 
0.386642635 0.0733416677 -0.995592952 177 225 241 
0.392613709 0.0453878939 -0.959098101 183 222 234 
0.392427802 0.041626662 -0.90876615 168 211 228 
0.382128298 0.0440145433 -0.906335413 169 212 228 
0.391679972 0.0441337526 -0.902293622 167 209 226 
0.365997374 0.161189288 -1.02394843 170 217 230 
0.383642346 0.0738388598 -0.863374233 165 207 227 
0.357852876 0.191423237 -0.986001372 189 233 245 
0.380667657 0.0833432972 -0.832422972 166 206 226 
0.380300373 0.080298394 -0.78172332 177 224 238 
0.356026888 0.198130548 -0.976702631 186 230 243 
0.349983662 0.220294595 -0.945549488 183 226 236 
0.380297512 0.0803060532 -0.781676948 177 224 238 
0.377035469 0.0886316001 -0.724431932 159 202 222 
0.349372625 0.0911483467 -0.720023096 155 197 220 
0.3765755 0.0886534154 -0.703556657 155 198 219 
0.424070537 0.116330683 -1.02867782 170 215 226 
0.421212137 0.128925353 -1.03740168 166 210 222 
0.432498753 0.0787223577 -0.997704864 182 233 244 
0.440655172 0.0421820581 -0.966121137 162 213 232 
0.443345487 0.0271192491 -0.922253191 166 212 229 
0.437301219 0.0492773354 -0.890986562 164 202 218 
0.411016047 0.169315666 -1.01812458 181 227 239 
0.429363787 0.0784862638 -0.851155162 161 201 223 
0.402340591 0.20217821 -0.98500973 175 222 235 
0.428446472 0.0811694562 -0.838855743 157 198 221 
0.425901055 0.0866792798 -0.783221245 165 211 229 
0.38041833 0.0803086758 -0.781688809 177 224 238 
0.425890625 0.0855953395 -0.770698309 164 209 228 
0.398649216 0.216217518 -0.971547186 172 219 232 
0.393827915 0.23423481 -0.950413048 171 217 231 
0.42246902 0.0956725776 -0.725594282 151 195 218 
0.421265662 0.0984058678 -0.700721979 145 190 215 
0.481956005 0.0699532032 -1.00790989 159 200 213 
0.476656258 0.0713802576 -1.00655127 160 202 214 
0.480953276 0.0742538571 -1.00966346 160 200 213 
0.487034857 0.0455053151 -0.969409823 165 210 225 
0.449081957 0.0418662727 -0.967218935 163 214 232 
0.487920463 0.0397631228 -0.946259975 166 213 230 
0.468716919 0.126464784 -1.02807117 172 215 228 
0.465645492 0.139949292 -1.03690434 168 211 225 
0.487547398 0.0389998257 -0.920647502 162 206 227 
0.482944191 0.0543132126 -0.879481673 160 197 217 
0.455897629 0.178120732 -1.01354837 183 228 238 
0.480427206 0.0624850094 -0.854731917 156 194 216 
0.444055974 0.0773577988 -0.842644572 156 196 220 
0.476112425 0.0780486763 -0.829588413 154 195 219 
0.446453631 0.21478793 -0.987427592 189 231 241 
0.473067522 0.0869112015 -0.788277984 138 181 209 
0.472447634 0.0861063004 -0.750875235 123 168 200 
0.443449557 0.225746572 -0.971286416 178 220 235 
0.440047801 0.236414731 -0.933658004 162 206 225 
0.470805407 0.0913076699 -0.733280301 126 171 202 
0.469320774 0.09264943 -0.68002969 127 170 201 
0.45572418 0.0940501392 -0.677773654 129 172 203 
0.468914568 0.0935115516 -0.670962632 129 172 202 
0.526229262 0.0815535188 -1.0064646 186 226 235 
0.525001943 0.087182194 -1.01266694 183 223 232 
0.532380521 0.0528917611 -0.970374584 172 213 226 
0.536037862 0.0340293348 -0.928679824 157 202 224 
0.518419683 0.0358091295 -0.925775647 158 205 226 
0.535186648 0.0367635787 -0.919983625 158 203 224 
0.517367423 0.120865762 -1.0364629 172 212 225 
0.509084642 0.155895025 -1.04545474 182 224 234 
0.528635383 0.0591104925 -0.867538095 159 197 219 
0.501293182 0.184381455 -1.00429511 188 229 238 
0.528124034 0.0606331527 -0.860980511 157 196 218 
0.522654533 0.0786334574 -0.809901118 123 166 198 
0.491036832 0.225070089 -0.985566676 180 225 241 
0.521369755 0.0826805234 -0.795887232 121 164 196 
0.520073056 0.0832836926 -0.743059099 130 175 206 
0.491268277 0.0842992961 -0.739341319 126 170 202 
0.519708514 0.0831329525 -0.724647164 133 178 207 
0.485947967 0.244320631 -0.96585238 162 204 225 
0.483909428 0.250269026 -0.938363731 153 196 219 
0.516676486 0.0921376646 -0.685511827 129 174 204 
0.516144812 0.0906897783 -0.645013154 130 176 205 
0.566416442 0.113700688 -1.0457505 179 222 234 
0.551569462 0.112352312 -1.0448525 175 217 230 
0.565439045 0.117989689 -1.04853737 179 222 234 
0.572416186 0.0856342912 -1.00932002 180 224 236 
0.578428984 0.0575169027 -0.972918749 158 203 224 
0.584188938 0.030392617 -0.935949326 159 205 224 
0.582498372 0.0335386097 -0.893293023 156 201 221 
0.555759192 0.155824482 -1.02456272 183 230 239 
0.580521941 0.0403095782 -0.877794147 151 195 218 
0.540572464 0.0595250428 -0.862951279 157 196 218 
0.574501157 0.0630436838 -0.854006052 147 189 215 
0.553800881 0.163270414 -1.01739883 185 231 241 
0.52507633 0.188327551 -1.00061166 189 231 240 
0.546599329 0.191084862 -0.995855451 189 233 242 
0.567360818 0.0883065164 -0.806920528 135 177 204 
0.507343292 0.225229144 -0.978588998 178 223 240 
0.538170338 0.222727299 -0.960497737 178 224 239 
0.566539824 0.0907570124 -0.79645735 134 176 204 
0.566345692 0.0870279372 -0.746106982 140 185 213 
0.568939865 0.0723429024 -0.702023029 158 206 229 
0.550939143 0.0759023726 -0.698108673 155 202 226 
0.568035007 0.0748840868 -0.68872112 159 209 233 
0.531756878 0.245395303 -0.917943954 177 217 234 
0.519933939 0.246630669 -0.915972769 172 213 231 
0.533903837 0.233763635 -0.88726002 163 205 225 
0.540157974 0.203401595 -0.836996078 140 184 212 
0.533525348 0.20424071 -0.83581084 140 184 212 
0.536361933 0.221594989 -0.864890695 153 196 218 
0.540188611 0.202651322 -0.830067039 140 184 212 
0.563699007 0.0884436369 -0.64033097 140 186 215 
0.528416157 0.0888049603 -0.63625735 134 180 208 
0.563916624 0.0851873457 -0.614135861 135 179 206 
0.586308897 0.120760739 -1.04409587 174 216 229 
0.619413972 0.0865290165 -1.01399767 181 225 236 
0.610984564 0.123507738 -1.03791881 168 210 224 
0.625246584 0.059119314 -0.977191687 174 222 236 
0.629148245 0.0392969549 -0.936045945 176 223 237 
0.626621664 0.0460973084 -0.895617008 157 201 220 
0.601305127 0.162175059 -1.02321482 185 226 238 
0.600435317 0.165646493 -1.02185607 187 228 240 
0.611162066 0.0766107738 -0.861413717 160 198 219 
0.617886603 0.0792551339 -0.863044858 163 200 220 
0.600358903 0.165893078 -1.02108836 187 228 240 
0.593216538 0.191297621 -0.975484312 177 221 236 
0.617650092 0.0799845159 -0.860291362 162 200 220 
0.614925385 0.0861985683 -0.804254055 139 184 211 
0.581817985 0.0878623128 -0.799710929 134 177 205 
0.613660991 0.0900886953 -0.789434433 141 185 212 
0.584483325 0.224446058 -0.942894936 171 219 240 
0.610824227 0.097821027 -0.745123327 142 186 214 
0.614565074 0.0786304772 -0.703616261 156 204 230 
0.613285542 0.0818626881 -0.680787444 151 200 229 
0.583063245 0.229360104 -0.932304859 175 221 240 
0.583155394 0.224506348 -0.882597804 152 194 215 
0.538136482 0.228196651 -0.875643373 158 201 221 
0.58414048 0.216143876 -0.834897578 136 178 205 
0.584363282 0.214955658 -0.831923485 135 177 205 
0.610755682 0.0891068578 -0.645141125 140 187 217 
0.611457944 0.0818558335 -0.596805215 128 173 202 
0.594952464 0.0820697546 -0.594875097 127 171 200 
0.612010539 0.0780897439 -0.58032614 129 175 204 
0.675316274 0.0479438603 -0.988772988 177 225 239 
0.659793139 0.0516735613 -0.98503828 177 225 238 
0.672305465 0.0610158741 -0.995804727 181 228 240 
0.6758008 0.0437124074 -0.963996172 176 222 236 
0.655937493 0.133071482 -1.04505026 177 214 225 
0.633331597 0.132142305 -1.04307163 171 210 222 
0.654590368 0.138628572 -1.04495275 176 212 224 
0.664836764 0.0936123133 -1.01513588 180 223 235 
0.676362753 0.0393401682 -0.941210747 173 217 233 
0.671345532 0.055683285 -0.89247632 166 206 223 
0.650634587 0.153908074 -1.03313267 182 218 229 
0.60346359 0.166106761 -1.02131331 188 228 240 
0.645647526 0.172814786 -1.01427102 189 226 237 
0.668479025 0.0658254921 -0.873579144 159 199 220 
0.62261498 0.0793828666 -0.861164272 161 199 219 
0.663940966 0.0822544992 -0.847796202 148 190 217 
0.63776046 0.201774329 -0.973981023 169 217 235 
0.661700785 0.0879672766 -0.808431864 137 182 211 
0.66052562 0.0890767276 -0.766811848 137 183 213 
0.6352337 0.209930241 -0.948607326 162 207 228 
0.599826157 0.224774182 -0.936641574 168 216 237 
0.632088661 0.219767392 -0.913532019 151 196 217 
0.659717321 0.0912688673 -0.754060328 138 184 214 
0.660354495 0.0842734277 -0.705578208 156 201 225 
0.661821842 0.0740161538 -0.658961773 143 190 219 
0.64982748 0.0769978166 -0.656021774 140 189 220 
0.661319077 0.0750642419 -0.647527695 141 190 220 
0.629849851 0.226593107 -0.886593699 150 193 213 
0.634230375 0.20488897 -0.846524358 145 189 213 
0.633688629 0.202525944 -0.795392692 139 181 207 
0.612390876 0.20048973 -0.794160068 134 178 205 
0.633951247 0.200462222 -0.784518242 136 178 205 
0.658101678 0.0841416121 -0.600687265 138 186 214 
0.660716534 0.0693753958 -0.556649745 137 183 213 
0.640901268 0.0703514814 -0.553941309 137 184 213 
0.660999358 0.0665623248 -0.538373351 135 183 214 
0.668621302 0.0293321311 -0.474586308 127 173 207 
0.665318727 0.0305819213 -0.473543555 128 174 208 
0.667363584 0.0350566208 -0.480457157 128 174 209 
0.67310518 0.00722211599 -0.434749067 123 168 203 
0.66855371 0.00852510333 -0.433540136 124 170 204 
0.673008382 0.00711229444 -0.429087788 122 168 202 
0.709433198 0.108434439 -1.06433094 179 222 239 
0.707188904 0.108825088 -1.06387186 180 223 239 
0.70887351 0.110976666 -1.06688416 177 220 236 
0.713783085 0.0868508816 -1.02419257 175 219 232 
0.711675167 0.0870710611 -1.02384114 176 219 232 
0.720899701 0.0543960631 -0.990272045 172 218 233 
0.723736703 0.0387569964 -0.946733713 169 215 231 
0.695219278 0.0374083817 -0.944333673 175 220 235 
0.723772526 0.0372197628 -0.931298614 171 214 230 
0.705532134 0.123762727 -1.05556393 179 221 236 
0.681856573 0.143887401 -1.04201472 177 215 227 
0.69970715 0.1462695 -1.0382365 178 218 231 
0.721185505 0.0442894995 -0.891086221 160 200 220 
0.690334976 0.0545801818 -0.882098138 164 204 223 
0.72295481 0.0328456759 -0.845148325 142 185 210 
0.711157084 0.0367802382 -0.84171164 143 187 212 
0.722103894 0.0353958607 -0.834420204 144 188 212 
0.697099864 0.15689522 -1.03661358 181 218 229 
0.661774993 0.180220604 -1.02004313 190 224 234 
0.688939333 0.18949008 -1.02416241 187 220 228 
0.717429161 0.0545573235 -0.832730293 145 190 216 
0.710243881 0.0840233862 -0.830285668 151 195 222 
0.687484682 0.194675744 -1.01500487 179 212 222 
0.683056235 0.208529115 -0.965635896 159 204 223 
0.708458543 0.089805305 -0.812570095 148 192 219 
0.707486808 0.0891313255 -0.760472357 134 177 205 
0.681211054 0.0890799463 -0.757613003 134 179 209 
0.7073403 0.0883124769 -0.744644523 134 177 205 
0.681141317 0.215108693 -0.95083493 157 202 222 
0.677033722 0.228258252 -0.908378243 146 191 211 
0.705999255 0.0904845297 -0.70721519 142 187 212 
0.708522677 0.0760776401 -0.662972152 151 196 221 
0.708370328 0.0731285512 -0.623207092 157 202 226 
0.676493406 0.22887972 -0.890475392 143 189 209 
0.679257274 0.213527888 -0.84677273 141 183 207 
0.679501295 0.208077356 -0.797407031 141 186 212 
0.682308555 0.19255507 -0.753801882 132 174 204 
0.673995793 0.192560971 -0.752885222 130 173 203 
0.682159007 0.192801327 -0.749673128 131 173 203 
0.707425773 0.0758959055 -0.610592961 155 200 224 
0.708716989 0.0663306117 -0.563580692 144 190 217 
0.709378064 0.0592411458 -0.515152395 133 180 214 
0.695666015 0.0607670844 -0.512815475 132 179 213 
0.714548945 0.0344317853 -0.476859003 141 184 213 
0.718136013 0.0158454776 -0.43500635 129 176 207 
0.72002703 0.00533801317 -0.405063897 126 172 204 
0.717184603 0.11124444 -1.06365418 178 221 236 
0.759432435 0.0930441618 -1.02583981 173 216 230 
0.755979717 0.108768761 -1.04206312 173 215 227 
0.767791092 0.055708915 -0.994710684 159 202 224 
0.769858003 0.0430956781 -0.949441671 162 202 222 
0.770317078 0.0377925038 -0.911589146 160 198 218 
0.743921816 0.158375949 -1.03972924 168 205 219 
0.770408511 0.0364409387 -0.900764704 160 198 217 
0.768985689 0.0375396609 -0.847653091 133 174 201 
0.767251611 0.0428834856 -0.827422261 139 180 205 
0.70631206 0.191000521 -1.01907301 173 207 217 
0.735546172 0.189754486 -1.00388622 166 204 217 
0.73568362 0.0839105248 -0.818768501 161 205 228 
0.756942749 0.0838321149 -0.809171736 166 208 230 
0.72722429 0.220866442 -0.96755302 166 208 228 
0.754159749 0.0913026631 -0.764419913 140 183 210 
0.756571472 0.077334553 -0.71992588 135 179 206 
0.743039608 0.0812052786 -0.71633333 133 177 205 
0.759375095 0.0618265271 -0.676312625 148 192 214 
0.758868515 0.0621967316 -0.67605561 148 192 214 
0.759438813 0.0613903701 -0.674391985 148 192 214 
0.725287616 0.22720772 -0.949104309 160 202 222 
0.725007236 0.223817497 -0.898560166 171 206 224 
0.703813314 0.22710371 -0.894443631 159 199 218 
0.725202858 0.220788553 -0.873884559 161 199 218 
0.760167778 0.0542201996 -0.628179908 145 185 210 
0.722294211 0.0716980696 -0.614510298 157 201 224 
0.757710695 0.0598606765 -0.578054726 156 197 221 
0.725881457 0.215890735 -0.850610733 151 192 213 
0.728892803 0.199566573 -0.807464242 132 176 203 
0.688253582 0.196011961 -0.752574682 133 175 204 
0.725148022 0.210975394 -0.762319684 139 182 209 
0.757652402 0.0596119761 -0.572612882 156 197 221 
0.759895742 0.046305567 -0.527740359 141 184 214 
0.759872317 0.0419056714 -0.477773756 146 191 219 
0.732105613 0.0239073932 -0.432155848 131 178 209 
0.758947134 0.0436552465 -0.454739183 143 189 218 
0.82575196 0.00454333425 -0.924198151 180 217 227 
0.824526966 0.00467273593 -0.923993111 179 216 227 
0.823971868 0.0132514536 -0.939239025 169 208 222 
0.825808823 0.00415769219 -0.922522187 180 216 227 
0.803821504 0.104189098 -1.02465487 184 224 236 
0.799084246 0.126370996 -1.05365849 161 208 224 
0.814837277 0.0564136207 -0.999497056 173 216 230 
0.820823193 0.0284015834 -0.963035464 153 194 213 
0.777644932 0.0345191061 -0.902605355 161 198 217 
0.818553388 0.0299904644 -0.876484573 150 189 208 
0.789393246 0.164261162 -1.02978551 169 206 220 
0.818208814 0.0296906233 -0.857331872 145 183 206 
0.813654721 0.0441561937 -0.808999538 152 189 211 
0.780531645 0.198045164 -0.998364449 165 208 221 
0.808525085 0.0632483661 -0.785655141 160 199 220 
0.798998058 0.0763955414 -0.777456403 165 205 226 
0.806610942 0.0689413249 -0.761036038 165 207 226 
0.771725237 0.231556028 -0.966441154 153 196 221 
0.80699867 0.0647543967 -0.732310653 159 203 221 
0.810664058 0.0458604097 -0.690634012 156 197 217 
0.812296927 0.0349524617 -0.644389629 152 189 211 
0.77770102 0.0439151525 -0.635712445 147 186 209 
0.814626157 0.0213086009 -0.599710107 162 203 224 
0.789262056 0.0238735676 -0.595527649 159 201 221 
0.813565612 0.0244276822 -0.585682154 153 194 217 
0.769610882 0.238611221 -0.94777143 144 186 211 
0.770992756 0.228689879 -0.900962889 153 194 217 
0.770802081 0.226041034 -0.86277771 158 195 214 
0.761127651 0.0582575798 -0.573731542 156 197 221 
0.811118424 0.0305995643 -0.541912973 143 185 210 
0.777304411 0.0393332541 -0.533446252 145 188 215 
0.812831223 0.0193777382 -0.495848149 145 188 214 
0.800512016 0.022110641 -0.493007779 146 189 214 
0.812295854 0.0206288397 -0.485173553 146 189 214 
0.770963132 0.224314481 -0.850982189 159 195 214 
0.77360636 0.209436819 -0.807008386 156 193 214 
0.770928085 0.215468526 -0.751075387 149 191 215 
0.769388199 0.215650022 -0.750807405 149 190 215 
0.809515417 0.0279147625 -0.438482225 138 184 213 
0.779739141 0.0354367495 -0.431118309 136 183 213 
0.851916075 0.0378890336 -0.333000511 174 212 230 
0.8062464 0.0317756832 -0.33130756 153 195 219 
0.856023133 0.0250638127 -0.379038453 166 205 223 
0.856448472 0.0155883133 -0.293272287 167 211 227 
0.828800917 0.0199861526 -0.287841827 166 207 225 
0.806954563 0.0269011855 -0.309652925 159 200 222 
0.855154812 0.019277513 -0.274876207 163 206 223 
0.805787385 0.0290875137 -0.280361891 159 201 223 
0.851941466 0.0288056731 -0.233229399 164 205 224 
0.822695971 0.0368625522 -0.225632876 164 208 228 
0.802056491 0.0410643518 -0.242163152 155 202 224 
0.853255808 0.0191494226 -0.186269134 180 224 237 
0.848683894 0.0203129053 -0.185133845 179 223 236 
0.85292685 0.0202222764 -0.183087379 180 224 236 
0.801083684 0.0430775881 -0.219877064 160 205 227 
0.815273046 0.053419888 -0.163452625 179 224 238 
0.797048151 0.0557728112 -0.175675958 170 216 235 
0.846332729 0.0427810848 -0.131031305 190 231 240 
0.794473708 0.064558059 -0.155108035 175 220 236 
0.845577121 0.0448290706 -0.119098373 190 230 240 
0.804758728 0.0692289472 -0.101339735 170 210 227 
0.791425765 0.0735213161 -0.114777111 168 210 227 
0.841197848 0.0581163466 -0.0656962469 169 211 227 
0.79108268 0.0733906031 -0.0975730196 164 206 224 
0.840814114 0.0590524077 -0.058480151 166 208 226 
0.789772689 0.0740460753 -0.04471495 146 189 213 
0.842235208 0.0489767492 -0.0117597803 171 212 227 
0.80660665 0.0651904643 0.000975377858 161 199 218 
0.790436208 0.0683354139 -0.0117185339 147 187 210 
0.839782 0.0550407469 0.0334829763 160 200 220 
0.80187875 0.234498188 -0.220549017 159 203 226 
0.758106291 0.220930234 -0.223119795 154 200 226 
0.797786236 0.252853155 -0.236625254 161 208 230 
0.807060421 0.209646434 -0.1822799 156 199 223 
0.76067853 0.206331611 -0.178986371 146 192 220 
0.810790718 0.19049722 -0.140749246 146 186 209 
0.764597237 0.186442077 -0.137879103 135 178 204 
0.81091392 0.187865406 -0.117159925 148 187 210 
0.764556766 0.186365038 -0.135164052 135 177 204 
0.790501893 0.0666889846 0.00356028229 147 187 210 
0.839675605 0.0545420051 0.0439064726 156 196 218 
0.791118801 0.0597730577 0.0520878807 136 178 207 
0.839098334 0.0523185432 0.095117934 161 201 220 
0.807923615 0.0610233843 0.103278987 155 197 220 
0.789727032 0.0617610812 0.0938923433 147 191 216 
0.841068089 0.0400871634 0.140605301 172 212 227 
0.833138287 0.0442866385 0.143761128 170 210 227 
0.840616167 0.0408263505 0.153138459 173 213 229 
0.811345935 0.183823824 -0.0920829102 153 193 216 
0.762596607 0.189811409 -0.0834688172 146 191 219 
0.810046196 0.184439212 -0.0392477587 159 203 230 
0.792232275 0.189778566 -0.0343856886 168 212 235 
0.761162221 0.193084836 -0.0539914891 168 213 234 
0.808915377 0.187674254 -0.0232830122 158 204 230 
0.789086461 0.0632669032 0.106569357 154 196 220 
0.790610909 0.0527851284 0.153057426 165 210 230 
0.840086281 0.0394531488 0.192725867 177 216 232 
0.789753616 0.0516617596 0.204898089 162 207 231 
0.840386629 0.0337811708 0.241964906 164 202 224 
0.828365684 0.0386456251 0.245932043 162 201 223 
0.789761841 0.0515041351 0.2062729 162 207 231 
0.843613803 0.0166089535 0.284626395 176 210 227 
0.83865273 0.0182956755 0.286089122 174 209 226 
0.843758106 0.0151877403 0.293794721 174 209 226 
0.770680606 0.225756019 -0.0124461427 170 214 235 
0.752602875 0.225372627 -0.0198198631 155 201 228 
0.802995801 0.207650006 0.0265109316 172 214 231 
0.799484015 0.209887847 0.0281141922 174 215 232 
0.802565873 0.209022611 0.0309982672 172 213 230 
0.790227771 0.04530707 0.253746659 144 189 216 
0.79205966 0.0336173177 0.299543887 133 178 209 
0.843289912 0.0133898258 0.335268348 156 195 217 
0.794057071 0.0212770104 0.344968945 135 179 209 
0.844610214 0.00371026993 0.382215232 157 198 220 
0.814007819 0.00784474611 0.387827158 150 194 218 
0.79484868 0.0162374377 0.364628285 139 184 212 
0.845275342 -0.00240814686 0.41966626 153 198 220 
0.751539767 0.228764594 -0.00870618969 156 203 229 
0.752055526 0.222246259 0.0400487855 160 204 226 
0.798632801 0.220301613 0.0862302259 148 189 213 
0.7849738 0.224729776 0.0901400372 147 188 213 
0.750380695 0.226288751 0.0720214918 145 188 214 
0.797794282 0.222559333 0.0996395126 146 188 212 
0.794541538 0.0148818195 0.393794328 142 188 215 
0.749410391 0.228148028 0.095907487 146 188 214 
0.797476649 0.220352501 0.138742507 137 181 206 
0.75126791 0.216357246 0.141646862 143 189 216 
0.797711551 0.214937583 0.18812862 150 194 219 
0.774371505 0.217677742 0.192184001 146 191 216 
0.750427961 0.215969697 0.184516191 141 186 213 
0.796524167 0.218761861 0.200145721 150 197 222 
0.749875605 0.217336327 0.194690049 143 187 213 
0.753480971 0.23097533 0.254070848 153 200 228 
0.747218072 0.22328651 0.250576437 148 195 225 
0.789104879 0.245405793 0.244692296 173 221 239 
0.746136606 0.227128983 0.257527798 148 196 226 
0.767803669 0.275635898 0.276791811 144 190 216 
0.779728711 0.281737417 0.271430224 149 196 219 
0.746691167 0.247685909 0.316264898 157 207 232 
0.740902007 0.243612051 0.314684927 155 205 231 
0.740808845 0.243419215 0.321107328 155 205 231 
0.779202342 0.283173174 0.279639423 147 193 217 
0.782321751 0.266424477 0.322543114 164 210 231 
0.781145215 0.266555697 0.375101328 156 204 230 
0.740772307 0.239629984 0.364890516 156 202 227 
0.754169226 0.245010108 0.418702692 164 207 229 
0.7411713 0.233570486 0.413907975 160 204 228 
0.780628443 0.267198592 0.391682059 158 206 231 
0.742044508 0.227217376 0.444416255 160 204 228 
0.781063557 0.262384623 0.425198883 164 209 232 
0.786065459 0.238239065 0.463871866 177 216 236 
0.742772222 0.222788364 0.460224241 159 204 229 
0.789272308 0.221146733 0.506579041 162 207 230 
0.745194852 0.208777368 0.504693806 152 199 224 
0.899392128 0.0369046032 -0.338753015 165 205 224 
0.900692403 0.0349198282 -0.376394182 167 206 225 
0.900906861 0.0264609158 -0.292243123 169 210 225 
0.900393963 0.0263125598 -0.267046273 169 207 223 
0.898953319 0.0296452045 -0.237938702 168 206 223 
0.899492741 0.0230337977 -0.189236939 180 227 240 
0.89933151 0.021487534 -0.164650947 181 225 238 
0.897263587 0.0273009539 -0.134313136 179 221 234 
0.855962753 0.0404286981 -0.122633375 188 229 239 
0.895088077 0.0324094594 -0.0912030563 175 214 227 
0.89287746 0.0400433242 -0.0745419189 176 215 228 
0.851539612 0.0577121377 -0.0603878126 170 212 228 
0.889995933 0.0475331247 -0.0254790112 173 210 224 
0.889904439 0.0472333133 -0.0179464146 172 209 223 
0.891715407 0.0356255472 0.0278976634 165 202 219 
0.845574677 0.0517825782 0.041757144 156 195 216 
0.891813159 0.0307496488 0.0775920525 167 204 219 
0.875197053 0.0361126363 0.0823353454 166 204 219 
0.892950177 0.022823602 0.11346931 186 223 231 
0.846658468 0.244108468 -0.220241845 174 218 235 
0.842490673 0.262535036 -0.233660936 171 217 235 
0.850863516 0.223093763 -0.179778099 164 212 232 
0.854343593 0.204928011 -0.137684941 180 214 226 
0.861273527 0.173206836 -0.10334482 170 209 228 
0.832115412 0.181078017 -0.0958588794 161 201 223 
0.861689925 0.167490453 -0.0589427724 153 193 214 
0.893108368 0.0211687386 0.124595352 189 227 234 
0.891459644 0.0231551826 0.178214699 176 214 228 
0.870342672 0.0304518342 0.184504479 175 214 228 
0.891928971 0.0177940428 0.216240436 177 216 232 
0.861554623 0.167610466 -0.0540624931 152 192 213 
0.856110513 0.185026467 0.00234667212 154 195 216 
0.892009914 0.0165010989 0.226892024 178 217 233 
0.891152978 0.015376538 0.278732061 176 212 229 
0.891700804 0.00883880258 0.326228112 185 222 236 
0.855384588 0.187362224 0.00971779972 155 196 217 
0.849601209 0.207165539 0.0551744178 173 213 233 
0.891723156 0.00864437222 0.327364683 184 222 236 
0.891628444 0.00452461839 0.377491564 164 207 225 
0.848466873 0.210051864 0.0751783624 167 206 227 
0.845543087 0.217170402 0.130308181 170 202 220 
0.845352888 0.217795476 0.132090539 170 201 219 
0.848270357 0.20184043 0.175448179 151 188 211 
0.843148947 0.218937546 0.220585108 165 210 231 
0.840511799 0.227833763 0.242798328 163 211 230 
0.815364003 0.245953709 0.255418777 167 216 233 
0.836088836 0.243803322 0.268400401 162 211 229 
0.793053508 0.28174746 0.277341783 144 190 213 
0.827147126 0.277984083 0.299092233 153 198 220 
0.826175034 0.279674858 0.324932247 158 204 227 
0.825159132 0.279174745 0.377129376 156 199 225 
0.824689567 0.280065536 0.388791382 159 202 227 
0.825016141 0.275244951 0.427364916 166 211 233 
0.829047978 0.254910946 0.468217939 176 218 238 
0.834566832 0.22873424 0.505729258 170 213 232 
0.947432339 0.0303460658 -0.347599775 177 217 233 
0.94981271 0.0198586285 -0.301208794 161 201 219 
0.948421419 0.0296287835 -0.345905483 176 217 232 
0.94604665 0.0313006341 -0.255453408 186 223 235 
0.951767743 0.00319296122 -0.205774456 167 214 232 
0.950141609 0.00367617607 -0.205332905 167 215 232 
0.950410306 0.00969818234 -0.215742171 173 217 234 
0.951754153 0.00304570794 -0.203513086 166 213 232 
0.94525975 0.0332568884 -0.241062462 188 223 236 
0.946829259 0.0181053877 -0.144762039 175 219 235 
0.939312518 0.0194091201 -0.143226832 178 222 236 
0.946639478 0.0182807148 -0.137993693 176 219 235 
0.944321454 0.0234676898 -0.0892119035 184 221 234 
0.911451638 0.0310195982 -0.0814917907 181 219 230 
0.942255676 0.0298980176 -0.0658240244 185 226 237 
0.939651787 0.0373242795 -0.0288033709 173 214 227 
0.895819485 0.0455899537 -0.0194903836 172 209 222 
0.942419708 0.0219565928 0.0148901716 177 216 229 
0.914599836 0.0272957981 0.0208516642 172 209 223 
0.944403946 0.00966843963 0.0603450909 172 217 228 
0.940378606 0.0106955171 0.061346136 171 215 227 
0.944150031 0.010435313 0.0634792522 171 216 228 
0.912418604 0.1578058 -0.117342941 160 198 215 
0.910690606 0.158902764 -0.116556339 159 197 215 
0.911721885 0.160884112 -0.11956165 160 199 216 
0.912227154 0.158382595 -0.114963166 159 197 214 
0.940886796 0.0189960003 0.118163206 187 221 234 
0.900358737 0.0193630159 0.122816347 192 228 235 
0.943141878 0.00564351678 0.163009375 175 211 227 
0.940431058 0.00622239709 0.163622171 176 212 227 
0.942953646 0.00627303123 0.164656103 175 212 227 
0.890854836 0.256010532 -0.218623847 169 214 233 
0.885724008 0.279499799 -0.244084537 167 211 232 
0.896728098 0.228441298 -0.181909025 177 223 237 
0.90523994 0.190504372 -0.15112406 175 222 236 
0.912028253 0.154847682 -0.0665516928 155 192 210 
0.864604592 0.166101962 -0.055218257 151 192 212 
0.909421384 0.162187606 -0.0284323916 171 208 224 
0.939226449 0.0165367126 0.221722931 190 229 243 
0.901079357 0.0150516331 0.225106925 181 220 236 
0.94091028 0.00630348921 0.258125603 155 195 220 
0.907923043 0.166486502 -0.00741165131 173 210 226 
0.861034214 0.183591813 0.00704588741 153 194 215 
0.90360707 0.18088612 0.0307200626 175 215 230 
0.940242946 0.00805032253 0.269352317 150 190 216 
0.93818289 0.0116532743 0.323896199 187 222 238 
0.892947078 0.00859746337 0.327204674 185 222 236 
0.940665543 -0.0025691092 0.367961287 159 201 225 
0.895251155 0.212166935 0.0667427555 184 225 238 
0.940658152 -0.00256460905 0.36824736 158 201 225 
0.894863427 0.213309065 0.0718518868 182 224 237 
0.893649876 0.213585407 0.12449313 174 213 228 
0.84942627 0.217490226 0.131476879 170 202 220 
0.89686954 0.196442813 0.167171538 169 206 224 
0.863472462 0.198050171 0.171715796 154 190 212 
0.89621526 0.197309703 0.18757987 163 201 220 
0.890526295 0.21687533 0.231341153 161 207 223 
0.87880522 0.220115378 0.234391659 162 210 226 
0.889578521 0.220079303 0.239248514 161 209 225 
0.883216321 0.241490349 0.293414563 164 210 229 
0.882507622 0.243890941 0.299276024 162 208 228 
0.848963261 0.272440195 0.318492562 166 211 233 
0.877518296 0.259613454 0.353624761 163 209 231 
0.877031982 0.260914147 0.361495674 162 208 230 
0.873586774 0.269959629 0.419152528 158 203 228 
0.867581189 0.272460699 0.421173006 160 205 229 
0.873209596 0.270858675 0.426478416 158 203 227 
0.874421 0.262189776 0.467191666 159 202 223 
0.878804982 0.240472257 0.507253408 170 214 232 
0.948491037 0.0306023657 -0.347576708 177 218 233 
0.972580612 0.0776269138 -0.324643046 184 227 238 
0.984194219 0.0575980544 -0.284457088 164 205 219 
0.953057349 0.00438189507 -0.205269396 167 215 232 
0.978138506 0.0986120403 -0.313838094 185 227 240 
0.971600711 0.125700742 -0.314698994 186 229 243 
0.98288852 0.0754564703 -0.274598837 180 220 231 
0.973608196 0.0733898282 -0.22234574 174 217 231 
0.978364289 0.0922177434 -0.253148019 194 234 244 
0.962815225 0.0479376316 -0.182647854 187 223 233 
0.948875368 0.0217237473 -0.143018544 178 222 237 
0.976746976 0.0995879471 -0.260796726 199 239 248 
0.952112973 0.132220715 -0.240337938 190 237 248 
0.964212954 0.152188301 -0.269865006 184 231 244 
0.967226207 0.113038957 -0.200075805 191 235 244 
0.969919622 0.0908510387 -0.160084158 185 223 232 
0.977826416 0.0699249506 -0.119978972 180 220 231 
0.961165249 0.0430524349 -0.0804089233 198 234 242 
0.959627211 0.166855901 -0.222322553 184 229 240 
0.959479272 0.152357727 -0.177835584 181 229 240 
0.960838854 0.158806384 -0.188505352 182 228 239 
0.969688833 0.118337303 -0.145106584 181 222 233 
0.964006841 0.143123388 -0.159675688 180 225 237 
0.979774415 0.0742169023 -0.117858268 180 220 231 
0.97666055 0.0819604099 -0.0609461889 177 217 230 
0.979886234 0.0647937357 -0.0182815716 176 215 229 
0.962730825 0.0389455855 0.0219000354 183 217 228 
0.979987681 0.064011544 -0.0142463371 176 215 228 
0.946718872 0.012230128 0.06148424 172 217 228 
0.92513448 0.18523863 -0.156174719 174 222 235 
0.949404061 0.205329061 -0.180501387 182 229 240 
0.965886772 0.13327691 -0.136561841 179 221 234 
0.965601623 0.129905373 -0.0860070363 173 213 228 
0.945709765 0.144539088 -0.0758606121 163 203 219 
0.962346256 0.141259611 -0.0627240762 172 213 228 
0.97823292 0.0667987168 0.0353483632 180 216 230 
0.980140984 0.0548090935 0.0809740201 183 221 235 
0.982976854 0.0391746461 0.12451499 161 195 212 
0.944801986 0.00728034973 0.163717359 176 212 228 
0.982964098 0.0391919911 0.124904327 162 195 212 
0.94036895 0.247018218 -0.228956521 175 221 237 
0.94609338 0.22003369 -0.191907257 184 229 241 
0.959420502 0.149701029 -0.0222016498 176 216 229 
0.932174146 0.159616858 -0.013813518 176 214 228 
0.957269609 0.156306475 0.00314108282 178 220 233 
0.980123937 0.0458925664 0.180840522 177 214 232 
0.969746649 0.0316720605 0.226602614 181 218 233 
0.980535328 0.041130811 0.214865655 176 213 229 
0.950104654 0.181813061 0.0486481413 178 220 233 
0.949483216 0.182160437 0.0489054099 178 220 232 
0.950120986 0.181610674 0.0501504913 179 221 233 
0.979854167 0.0424607694 0.231360853 177 214 230 
0.97926873 0.0402694643 0.282590747 177 222 239 
0.964804232 0.0259899795 0.328769833 196 232 244 
0.97928232 0.0372492373 0.315526515 190 229 243 
0.899077594 0.211153969 0.0702164546 184 226 238 
0.948227584 0.184697181 0.102780901 178 219 233 
0.935164988 0.197048873 0.110935472 175 218 233 
0.945737779 0.193224639 0.122326277 172 215 230 
0.978678524 0.0380965769 0.333831102 190 229 242 
0.978639185 0.0337595046 0.383833677 176 220 237 
0.979240358 0.027372092 0.42720893 161 201 222 
0.946606338 0.186575353 0.156338334 174 217 233 
0.948531926 0.174517483 0.20192495 177 219 235 
0.916340172 0.18800661 0.212800294 163 205 225 
0.945652187 0.183563948 0.23361069 175 223 238 
0.940010011 0.203510523 0.270990819 167 215 231 
0.927594125 0.209084541 0.275387347 163 212 230 
0.939046681 0.206178918 0.285563558 167 213 231 
0.888345659 0.240778565 0.296941429 163 209 229 
0.932142675 0.230272293 0.334798783 162 206 225 
0.931788027 0.231324807 0.33938244 161 205 225 
0.883544564 0.257970512 0.359178752 163 210 233 
0.928167641 0.24105835 0.397432834 168 211 228 
0.921058714 0.244210735 0.399928868 166 209 227 
0.927551329 0.242916584 0.405080557 167 210 228 
0.92643863 0.243360281 0.451232582 170 216 235 
0.894862711 0.256224185 0.461700171 166 210 230 
0.929316461 0.227560773 0.494679123 166 215 236 
0.903114557 0.235381648 0.501812875 167 214 234 
0.928345025 0.228902683 0.524367452 163 208 231 
0.979310572 0.120449692 -0.302087456 187 228 243 
0.980527699 0.0979044735 -0.262127966 199 238 247 
0.970758975 0.159573674 -0.279864758 183 229 242 
0.969934881 0.20056808 -0.257473767 187 232 241 
0.962878764 0.176020384 -0.217694491 181 225 236 
0.969317853 0.131899238 -0.137688309 179 220 233 
0.986022651 0.113102674 -0.0973914936 181 218 232 
0.981260836 0.089110285 -0.0575622693 173 212 227 
0.995318115 0.0696729422 -0.0173231289 186 222 232 
0.954315364 0.237981334 -0.235404998 180 223 237 
0.954797089 0.215258107 -0.195461556 183 227 238 
0.988364279 0.132023484 -0.0349985734 182 223 236 
0.992740929 0.110242993 0.0050297007 182 220 234 
0.998493135 0.0887954533 0.0450879708 178 214 228 
0.992894709 0.0646005571 0.0848990008 184 218 231 
0.983188331 0.0394113362 0.12462052 162 196 212 
0.988525927 0.150416613 0.0273468569 180 219 230 
0.994514287 0.129026204 0.0674102679 184 221 230 
0.995384395 0.106397003 0.107362188 185 224 236 
1.00240636 0.0852567554 0.147448093 183 219 233 
0.996292651 0.0609371364 0.187247902 188 223 236 
0.962769806 0.162536532 0.0891277716 191 229 239 
0.992506802 0.146894366 0.129708469 195 233 242 
1.00775814 0.127363533 0.169765562 174 209 222 
1.00762582 0.127925605 0.169600666 174 209 222 
1.00430489 0.104070336 0.209831357 174 211 226 
1.00772882 0.127414882 0.170539498 174 209 222 
1.00238657 0.0807661712 0.249722511 184 218 231 
0.998111188 0.0568915009 0.289562374 189 231 244 
0.958178699 0.179779321 0.151369721 182 223 237 
1.00764585 0.127804726 0.170017898 174 209 222 
0.969792902 0.15975064 0.191555649 185 225 237 
0.992599547 0.142430991 0.23198536 180 216 231 
0.984803021 0.117704064 0.271748483 190 224 237 
0.996525228 0.0977015197 0.311936826 188 224 235 
1.01196265 0.0785982311 0.352206022 190 228 239 
0.994566739 0.0515477955 0.391760021 180 220 235 
0.964170039 0.176743656 0.25377509 176 223 234 
0.977410614 0.157108665 0.293996423 183 224 237 
0.980780661 0.13508448 0.334002823 192 231 241 
0.997669876 0.11633262 0.374303639 181 225 237 
1.00077653 0.0942447186 0.414304256 184 224 236 
0.964936197 0.195283145 0.316133648 178 220 233 
0.971473515 0.174025595 0.356209069 191 231 243 
0.965379298 0.149710715 0.396009266 199 234 245 
0.980573356 0.130548477 0.436273128 188 230 241 
0.93579942 0.229424596 0.33790797 162 206 225 
0.974739134 0.216009855 0.37868914 181 225 238 
0.968646109 0.191695273 0.418489367 191 230 242 
0.964565337 0.16786769 0.458333462 202 240 249 
0.955847919 0.229791418 0.440619558 180 227 241 
0.960025132 0.207962617 0.480643481 176 219 233 
1.00775194 0.127744466 0.169973463 174 209 222 
-0.667356551 0.0695441663 -0.148832321 160 200 224 
-0.667361319 0.0650711954 -0.0989074707 146 189 216 
-0.681580544 0.066347152 -0.0966508612 144 186 215 
-0.667637706 0.0652844012 -0.0885886252 146 188 216 
-0.669903517 0.0705682039 -0.0432802737 175 216 235 
-0.709271491 0.0779987872 -0.0349121019 169 212 232 
-0.672260106 0.0780827105 -0.0185900554 177 219 237 
-0.673783004 0.081320107 0.0153525099 164 205 229 
-0.676602006 0.0894922614 0.0539615825 147 189 217 
-0.702042282 0.205833301 -0.0708811358 177 215 234 
-0.707318783 0.206538782 -0.0699175596 179 217 235 
-0.702125251 0.205758661 -0.0662426576 177 215 233 
-0.678495884 0.0953463912 0.0758580938 148 190 217 
-0.679227471 0.0937290788 0.127416223 162 205 228 
-0.695592463 0.0951778889 0.130002648 167 211 231 
-0.679632425 0.0944091976 0.138448298 165 208 230 
-0.70331198 0.206330299 -0.0181136951 169 210 231 
-0.741971076 0.216505438 -0.00833041221 163 209 232 
-0.704289436 0.206387609 0.0261266232 175 221 241 
-0.680778563 0.0953318775 0.180816114 176 220 240 
-0.677684486 0.0786824226 0.223776549 162 205 234 
-0.67401737 0.0597817004 0.265449405 154 196 228 
-0.670140028 0.0400549471 0.306649745 156 198 227 
-0.668027341 0.0272617638 0.35181585 152 196 225 
-0.701649725 -0.00213339925 0.391877413 146 191 220 
-0.668118596 0.0273261964 0.35529086 152 197 226 
-0.704476774 0.206415355 0.0344181061 172 220 240 
-0.7046507 0.202606976 0.0847230777 167 215 238 
-0.747748792 0.210621163 0.0938186124 153 199 227 
-0.707267702 0.211046457 0.111087836 161 208 233 
-0.671591997 0.0367764533 0.409740955 149 192 224 
-0.707516313 0.0148006678 0.454091579 156 197 226 
-0.673044384 0.041626066 0.422529191 147 191 223 
-0.621008515 0.0755228996 -0.18017298 167 211 230 
-0.612462461 0.0349205434 -0.12134172 191 234 247 
-0.62042731 0.0399550498 -0.117727801 193 236 247 
-0.616146922 0.0514559448 -0.135931268 181 224 238 
-0.613459051 0.0381496847 -0.111470692 191 233 245 
-0.620319307 0.07028386 -0.153598696 158 202 223 
-0.622979045 0.0751930177 -0.0860410854 151 191 219 
-0.623889506 0.0753286481 -0.045746997 161 203 228 
-0.624759316 0.0742544532 0.00612182915 170 213 233 
-0.62821734 0.0747775435 0.00678636879 171 213 234 
-0.624936461 0.0747984648 0.0082096383 171 214 234 
-0.628410876 0.0841104984 0.0642422214 170 216 237 
-0.650596261 0.0877148807 0.0686408356 157 201 226 
-0.629523873 0.087423563 0.078526713 169 214 236 
-0.653741539 0.201608449 -0.0784870237 165 205 230 
-0.652244806 0.191235453 -0.0319367349 142 178 207 
-0.664200604 0.194135398 -0.029045403 145 182 210 
-0.653089404 0.193998337 -0.023861669 141 178 206 
-0.632519186 0.0957613587 0.123389132 160 204 229 
-0.630028784 0.0814842284 0.1677064 154 199 228 
-0.643531859 0.0849389732 0.171069562 159 204 230 
-0.628105342 0.0703161657 0.203500271 152 193 224 
-0.65787071 0.2088494 0.0306208059 166 211 233 
-0.688130319 0.206697404 0.0327752754 173 219 240 
-0.658131003 0.208871737 0.0423223972 166 211 235 
-0.627851725 0.0684380829 0.212727785 153 193 224 
-0.627996564 0.0645152032 0.262967288 157 198 227 
-0.623835862 0.0436750352 0.303530812 152 192 221 
-0.622881591 0.0354336798 0.351300329 145 189 221 
-0.623570502 0.037782222 0.356832117 147 191 223 
-0.659040093 0.208952323 0.0831628665 157 204 231 
-0.661630511 0.216111138 0.122539841 155 201 226 
-0.627587497 0.0494326651 0.411790252 156 201 229 
-0.627567887 0.0474860966 0.432519108 155 199 226 
-0.573705077 0.0726858974 -0.157414317 174 213 232 
-0.580121756 0.072550565 -0.156782836 172 212 231 
-0.561159074 0.0188976228 -0.135695562 180 222 240 
-0.568067849 0.0444320142 -0.102257036 179 220 238 
-0.576321125 0.0752045512 -0.0652999803 167 212 233 
-0.577724159 0.0794942975 -0.0485538989 161 208 230 
-0.577257752 0.0731698871 0.000312045217 152 199 222 
-0.578941226 0.0780906677 0.0229199603 152 198 223 
-0.607878983 0.211260438 -0.128357306 150 194 222 
-0.581506371 0.0853718519 0.0597741827 159 204 229 
-0.583468497 0.0904179513 0.0937845185 151 196 222 
-0.608373046 0.20890516 -0.0795031041 157 197 223 
-0.636252224 0.200900137 -0.0284366421 144 180 208 
-0.610162437 0.212479532 -0.0370728746 153 191 216 
-0.58509779 0.0949916542 0.117759429 156 201 225 
-0.583353758 0.0836471319 0.163754046 153 199 226 
-0.582349837 0.0752106011 0.211411923 162 201 230 
-0.605286598 0.0713561475 0.211835593 158 196 227 
-0.582280755 0.0744531453 0.216657639 162 201 230 
-0.610955834 0.214561671 -0.0237846561 153 190 215 
-0.610384643 0.207825452 0.0248456895 153 196 220 
-0.609793723 0.201011956 0.0734318718 130 177 208 
-0.613415182 0.201941818 0.074335672 131 179 210 
-0.609931111 0.201249599 0.0770962909 132 178 209 
-0.582255125 0.0703466833 0.261113137 162 201 230 
-0.576587021 0.0435833633 0.298288912 153 192 221 
-0.576824844 0.0400261283 0.348737538 147 191 219 
-0.578282893 0.0445772707 0.365103245 147 190 220 
-0.616103768 0.221722364 0.132987171 176 221 240 
-0.581391633 0.0534783602 0.408914745 157 200 225 
-0.582613468 0.0559307039 0.437757939 154 198 223 
-0.525838375 0.0701663792 -0.164044827 180 219 234 
-0.521443427 0.0484054983 -0.124007866 182 224 238 
-0.524494886 0.0597150028 -0.109589115 180 223 238 
-0.528851211 0.0730208158 -0.0574458838 140 187 214 
-0.55356878 0.0744917095 -0.0539295971 153 200 223 
-0.529628038 0.0750417411 -0.0442383811 135 183 210 
-0.530846596 0.0763692558 -0.00304754078 135 181 211 
-0.532413006 0.0787439942 0.042481266 159 203 225 
-0.559542358 0.202961206 -0.0923387408 124 168 201 
-0.5337044 0.083106786 0.0532891974 157 201 223 
-0.537030578 0.0916840136 0.110678144 144 195 222 
-0.539072692 0.0918685794 0.111002959 144 195 222 
-0.536938965 0.0910645425 0.113358207 144 194 222 
-0.559714735 0.203275114 -0.0879127085 124 169 201 
-0.562975347 0.211594939 -0.0306709595 156 200 224 
-0.586944342 0.212834761 -0.0273626298 154 195 219 
-0.563131213 0.210643053 -0.0129346326 156 200 225 
-0.53571111 0.0820077956 0.157626957 149 195 226 
-0.534966826 0.0745914578 0.205868334 147 191 222 
-0.533664942 0.0649843514 0.252856702 166 202 229 
-0.536313117 0.065210849 0.253270894 166 202 229 
-0.533291221 0.0629219115 0.25861752 164 200 228 
-0.564202368 0.211924523 0.0220007151 151 194 220 
-0.5967502 0.205975488 0.0746986642 134 181 211 
-0.566291213 0.216201544 0.0703727975 143 192 219 
-0.532655537 0.0565263331 0.300502241 144 187 219 
-0.532710731 0.0522513092 0.35054031 153 193 222 
-0.533801973 0.055365473 0.366033822 153 194 223 
-0.567114413 0.218874916 0.0784592107 148 196 222 
-0.572013378 0.234443843 0.130363911 173 220 239 
-0.535459101 0.0585585535 0.406630903 149 192 221 
-0.53799361 0.066031307 0.439952523 150 194 222 
-0.471900225 0.0437908471 -0.184319913 194 238 246 
-0.494428933 0.0520980954 -0.177325279 195 237 243 
-0.472917408 0.0454574823 -0.15614295 187 230 240 
-0.488374561 0.0719175041 -0.114851475 174 219 236 
-0.481062412 0.075694114 -0.118200816 170 216 234 
-0.48150444 0.0770362914 -0.112821847 170 216 233 
-0.481706202 0.0733372867 -0.0624543503 155 200 224 
-0.484851658 0.0843678415 -0.0406200066 141 188 215 
-0.487174898 0.0903333426 -0.000250168145 154 196 219 
-0.485383838 0.0788040757 0.0456387773 159 205 229 
-0.510649741 0.080394119 0.0492801443 162 207 228 
-0.485872298 0.079335779 0.0621557757 163 209 232 
-0.515590906 0.216371104 -0.0962275192 146 191 217 
-0.487380326 0.0821568668 0.100039579 163 211 232 
-0.488265902 0.0811446607 0.151943833 141 193 226 
-0.488858849 0.0811826587 0.152029634 141 193 226 
-0.488261402 0.0810780227 0.152478427 141 193 226 
-0.516473293 0.218929604 -0.0841485038 147 192 218 
-0.516505837 0.214565665 -0.0341613069 163 207 229 
-0.517994761 0.218186662 -0.00603955239 158 200 226 
-0.486677825 0.0704129338 0.198288947 154 198 226 
-0.486379594 0.0647493899 0.247532845 148 192 223 
-0.485135019 0.0555163324 0.292993337 152 194 224 
-0.520155668 0.224415123 0.023955293 152 197 223 
-0.521949291 0.227678135 0.0700379685 155 203 228 
-0.485353589 0.0562261045 0.295141041 152 195 224 
-0.488051474 0.0623348653 0.351118177 151 193 222 
-0.489420384 0.0666460097 0.366059422 152 194 223 
-0.523847401 0.234428853 0.0821658894 162 210 232 
-0.527153611 0.243357062 0.134741247 169 217 235 
-0.489520788 0.0636164844 0.404334366 150 193 221 
-0.492370874 0.0711674988 0.451273113 154 198 222 
-0.42476505 0.0441457927 -0.189306349 186 234 244 
-0.427208841 0.0501688123 -0.144041374 190 235 245 
-0.429464281 0.0581182539 -0.12883155 178 223 237 
-0.476233274 0.0748562217 -0.114587009 170 217 234 
-0.433050275 0.0690017641 -0.0851361379 170 212 228 
-0.433601141 0.0698812604 -0.0696204826 173 213 229 
-0.437750727 0.0821861923 -0.0158472583 168 213 232 
-0.438179582 0.0833793581 -0.00941700488 167 212 231 
-0.437638998 0.0767634511 0.0392821655 147 194 221 
-0.438386559 0.0752491057 0.0904304609 143 192 220 
-0.433546394 0.0516988933 0.129912704 173 209 229 
-0.436954409 0.052551955 0.130751252 173 209 230 
-0.438080013 0.0737315118 0.0932201967 145 193 220 
-0.433710307 0.0520996153 0.132985622 173 209 229 
-0.469666958 0.220576718 -0.0883958936 153 196 217 
-0.477427632 0.220988497 -0.0873190984 151 195 217 
-0.469981641 0.2215738 -0.0850291997 154 197 218 
-0.438387185 0.0752114356 0.0908776596 143 192 220 
-0.436480641 0.0587365329 0.186421096 163 203 229 
-0.464898527 0.064142257 0.192484498 159 200 227 
-0.43674174 0.0570217073 0.217462867 171 212 234 
-0.471550345 0.223485172 -0.0342492163 171 209 230 
-0.473380268 0.228313833 -0.00389377028 164 201 224 
-0.437622845 0.0587328076 0.238902152 169 211 233 
-0.43846333 0.0575434566 0.290705055 161 205 231 
-0.482208669 0.0554666221 0.294382334 153 195 225 
-0.436788976 0.0471708477 0.329096913 162 204 227 
-0.477601856 0.242771238 0.0292646959 169 210 231 
-0.479181916 0.246949703 0.0553737953 173 214 234 
-0.436993212 0.0472750664 0.337315202 162 203 227 
-0.440491796 0.0565301478 0.395091832 167 211 234 
-0.455068529 0.0575499237 0.397248358 163 207 231 
-0.440844893 0.0571645796 0.404251099 165 211 234 
-0.483060181 0.259726584 0.0914455727 169 213 234 
-0.477863461 0.234815538 0.129680753 160 210 234 
-0.524462283 0.241826296 0.138615131 168 215 235 
-0.479992211 0.240876228 0.160063982 166 215 234 
-0.443674713 0.0645448565 0.452159077 160 206 229 
-0.479247451 0.0700515807 0.459063679 157 202 225 
-0.441468954 0.0513860285 0.497115999 163 207 230 
-0.464161396 0.0508632362 0.499325186 161 206 229 
-0.440914452 0.0474243462 0.515681863 163 206 228 
-0.380449831 0.059764564 -0.234444141 172 211 231 
-0.376866996 0.0415031612 -0.196007282 179 229 242 
-0.38308692 0.0627346039 -0.146378458 171 221 236 
-0.384826034 0.0682843924 -0.128206462 161 214 233 
-0.383447289 0.0583751798 -0.0813909099 186 229 243 
-0.418222904 0.0660574138 -0.0733905062 178 218 233 
-0.384442031 0.059358269 -0.0466463938 186 228 243 
-0.384676069 0.0587115288 -0.0287153646 183 224 240 
-0.433297694 0.0807626545 -0.0113769174 168 213 232 
-0.383606732 0.0500180721 0.0187955573 178 220 235 
-0.411601335 0.0631742477 0.0290286168 161 203 224 
-0.385620803 0.055108875 0.054690592 175 217 234 
-0.387344599 0.0602131784 0.0771098807 164 209 231 
-0.438007146 0.0751369596 0.0907953754 143 192 220 
-0.385324478 0.0477837622 0.122483976 163 206 228 
-0.385056674 0.0422397852 0.171796232 174 204 223 
-0.385103881 0.0422621667 0.171813607 174 204 223 
-0.385058463 0.0422402918 0.17187205 174 204 223 
-0.424485594 0.228608742 -0.0889914185 144 189 216 
-0.42522645 0.231004551 -0.081603229 149 195 220 
-0.387392908 0.0469276011 0.226960629 157 202 227 
-0.413357943 0.0537774861 0.233540118 165 210 231 
-0.387314498 0.0433239043 0.263405561 174 217 235 
-0.425555229 0.228319675 -0.0366735645 169 212 230 
-0.426256418 0.226582974 0.0148162842 172 223 237 
-0.43079108 0.227790743 0.0159715936 172 222 236 
-0.4265742 0.227591842 0.0181957558 173 224 238 
-0.388422549 0.0464814007 0.279188603 181 222 237 
-0.388901323 0.0438708663 0.330178708 162 205 226 
-0.427725881 0.0458140075 0.335502028 162 204 227 
-0.388922065 0.0411973596 0.360840201 158 206 226 
-0.43511194 0.259772599 0.0525641218 176 219 237 
-0.388939023 0.0395271778 0.380177438 155 204 226 
-0.393622577 0.054382056 0.430128485 160 207 229 
-0.443329751 0.293668419 0.0531860963 161 205 226 
-0.452974379 0.304809123 0.060306333 157 200 222 
-0.44718346 0.309447259 0.0547738597 156 200 223 
-0.463729382 0.279366136 0.100005038 157 202 222 
-0.435697705 0.254696637 0.13586238 149 190 215 
-0.43963629 0.272085339 0.123455338 144 185 209 
-0.43618241 0.254987121 0.154886574 150 192 217 
-0.394505471 0.0569073558 0.442601353 158 205 227 
-0.392522395 0.0446236432 0.488058776 164 207 228 
-0.392647535 0.0406234264 0.538254023 154 197 221 
-0.41008997 0.0411110222 0.54043597 157 200 222 
-0.334380478 0.062689811 -0.219059289 166 210 232 
-0.334153146 0.0592305958 -0.191057473 171 217 236 
-0.338215381 0.0715894401 -0.141893804 138 186 217 
-0.316735983 -0.0271731913 -0.0305437669 174 209 227 
-0.328652501 0.000863790512 -0.013982527 161 200 224 
-0.325050116 0.00641545653 -0.0220860615 160 199 224 
-0.323206186 -0.00271269679 -0.00530596823 155 194 220 
-0.338745773 0.0727843046 -0.130822167 137 186 216 
-0.337940037 0.0651266575 -0.0827188417 160 203 230 
-0.336415976 0.0546464026 -0.0362298712 180 224 242 
-0.354607046 0.0586153269 -0.0320718661 185 228 244 
-0.353712559 0.0359919965 0.00788057595 178 223 241 
-0.325965762 0.00460115075 0.0401128605 159 201 225 
-0.337770313 0.0170108974 0.0481607839 166 210 231 
-0.328042507 0.0111444294 0.0627462342 167 211 231 
-0.369589895 0.0505030453 0.0698766485 179 222 238 
-0.331197858 0.0206676424 0.101785339 179 220 237 
-0.349896103 0.0324299634 0.11023856 184 225 240 
-0.328948826 0.00733882189 0.146645039 185 223 237 
-0.334804922 0.0132428408 0.150500238 188 226 239 
-0.329784751 0.00968459249 0.158955246 187 224 238 
-0.375233948 0.224593222 -0.142580569 176 216 238 
-0.332541466 0.0169634521 0.204633057 168 211 229 
-0.348746568 0.0282223523 0.212538511 166 210 228 
-0.33443445 0.0226179063 0.228705704 169 214 230 
-0.406282336 0.238208726 -0.0857694373 141 188 216 
-0.383351564 0.254694223 -0.104389064 151 198 224 
-0.335858881 0.0255066454 0.262002528 163 209 227 
-0.378734767 0.0393179357 0.274227202 176 218 234 
-0.334546387 0.0158575773 0.308966905 170 208 227 
-0.355638921 0.0220682919 0.314663261 166 203 225 
-0.334640682 0.0135540068 0.338893145 161 203 225 
-0.384106547 0.255510151 -0.0787944943 141 188 217 
-0.379357696 0.232358873 -0.0395528004 151 193 218 
-0.409285665 0.232995987 0.0164400265 171 220 234 
-0.383174002 0.2437305 0.00929074734 166 209 226 
-0.33589074 0.0166481137 0.361902177 157 204 226 
-0.379155427 0.0347303152 0.376492918 156 206 227 
-0.337679684 0.0191855431 0.415836722 168 213 231 
-0.341452152 0.0210162699 0.417247176 168 213 231 
-0.338061929 0.0204060972 0.419822544 168 213 231 
-0.383810669 0.245363951 0.0203686729 169 214 230 
-0.389063597 0.262801647 0.0677581504 174 222 238 
-0.385231644 0.0516135991 0.438702554 161 207 229 
-0.34333694 0.0369223952 0.478464514 163 208 229 
-0.348370254 0.0376958549 0.479438394 163 208 229 
-0.343326598 0.036383599 0.48397699 161 207 228 
-0.401470572 0.314754158 0.0600567088 161 207 232 
-0.402176052 0.317629397 0.0604951456 160 206 231 
-0.388729692 0.255708456 0.131251633 161 206 226 
-0.396333396 0.288705826 0.113664635 159 200 223 
-0.38596338 0.240346998 0.174948752 161 205 230 
-0.416936964 0.245012239 0.180890173 159 204 229 
-0.385727376 0.236201271 0.210182488 164 207 230 
-0.343919516 0.034719646 0.529687881 152 197 221 
-0.279824317 0.0336861312 -0.238505721 172 215 236 
-0.280684888 0.0347011685 -0.210276634 174 217 237 
-0.315383613 0.0542409122 -0.195834309 171 217 239 
-0.278414011 0.0212865472 -0.165466011 166 208 228 
-0.296188474 0.0360471308 -0.155483246 159 201 224 
-0.281063199 0.0297346115 -0.137716234 158 200 223 
-0.327460885 0.0696717203 -0.133755445 140 188 219 
-0.286703467 0.0493661165 -0.0969226137 157 200 226 
-0.293352127 0.0550876856 -0.0930795595 157 199 226 
-0.281064898 0.0227190256 -0.0596803501 168 209 229 
-0.297752023 0.0311828852 -0.0532424226 167 208 230 
-0.27555877 -0.00340792537 -0.0221405998 173 214 233 
-0.272152781 -0.0212825239 0.0201191083 167 210 229 
-0.298867762 -0.0147668421 0.0265991911 157 199 223 
-0.27055949 -0.0320349038 0.0664524063 170 212 233 
-0.272887856 -0.0313183963 0.0670980141 169 211 233 
-0.270656675 -0.0318671465 0.0690502301 169 211 233 
-0.30369249 0.00241938233 0.0888359919 177 219 236 
-0.274877191 -0.01956141 0.126069874 174 217 232 
-0.287258089 -0.0164426267 0.129126936 171 215 230 
-0.275345743 -0.0187389851 0.138442457 176 218 232 
-0.2799716 -0.0040359199 0.187432915 167 216 229 
-0.292400509 0.000666707754 0.191356838 167 215 229 
-0.280330837 -0.00414520502 0.205140501 169 217 228 
-0.290062249 0.0339447558 0.228646159 185 230 243 
-0.290940642 0.0345724523 0.261998296 170 222 235 
-0.302267909 0.0349863768 0.31582576 172 219 234 
-0.293259859 0.0396894217 0.311611325 172 221 235 
-0.373227596 0.287403256 -0.0626404881 159 203 226 
-0.353849947 0.269253671 -0.0222854391 177 215 233 
-0.29388991 0.0416689813 0.318540365 173 222 236 
-0.290432066 0.0235904753 0.360683441 177 217 229 
-0.285395175 -0.000692546368 0.399277896 165 205 229 
-0.290611744 0.016495496 0.447773606 165 208 229 
-0.350046068 0.307238936 -0.0543974563 164 206 226 
-0.343914568 0.278654784 -0.018263109 177 216 232 
-0.344404936 0.276089787 0.0327529982 172 214 230 
-0.34613803 0.281289935 0.0545339063 164 207 224 
-0.33598274 0.234013259 0.113653503 173 220 237 
-0.355606616 0.241502821 0.119884141 175 222 238 
-0.34058857 0.253817677 0.105035491 166 211 228 
-0.336661309 0.234376058 0.140774548 172 218 233 
-0.291535974 0.0189443827 0.46299246 164 207 228 
-0.29352656 0.0222740173 0.517380059 147 194 219 
-0.307248712 0.0248092115 0.520267069 148 194 220 
-0.293719321 0.0217944682 0.531558096 145 193 220 
-0.399320155 0.317795753 0.0614750162 159 205 230 
-0.353962809 0.309941441 0.0953900144 149 195 218 
-0.352443725 0.302421331 0.109214045 154 200 221 
-0.336461842 0.231403947 0.164644271 165 210 228 
-0.338444859 0.234703854 0.219014794 159 201 225 
-0.360756636 0.235770479 0.222046822 161 203 227 
-0.338874787 0.235249162 0.232695013 159 201 224 
-0.229086742 0.0175199211 -0.225292981 176 218 234 
-0.268718719 0.0243420005 -0.217226833 180 222 237 
-0.226828635 0.00415551662 -0.180453643 163 207 227 
-0.255630553 0.00467005372 -0.177008793 173 218 235 
-0.227176532 0.00404503942 -0.163254902 162 205 227 
-0.236050755 0.037891686 -0.131948888 152 195 220 
-0.236136228 0.0362355411 -0.109622173 151 192 217 
-0.234112442 0.0237918198 -0.0642562136 163 204 226 
-0.232885703 0.0144797862 -0.0170991048 170 211 232 
-0.229225025 -0.00439578295 0.0245881006 165 209 227 
-0.265103489 -0.0294342339 0.0672675744 169 211 233 
-0.228888512 -0.00764939189 0.0452936664 167 212 230 
-0.229903862 -0.00622025132 0.0760277435 170 214 231 
-0.231508985 -0.00440511107 0.129549116 177 214 227 
-0.231702149 -0.00380536914 0.13175264 176 214 227 
-0.236576587 0.011014998 0.190851897 152 192 211 
-0.23696214 0.0121491253 0.195949316 153 192 212 
-0.24507378 0.0422205627 0.234195203 175 218 231 
-0.25555402 0.0855821073 0.233500868 177 205 218 
-0.262620956 0.0902623236 0.23682341 176 202 216 
-0.257765502 0.0949653685 0.2307612 175 202 215 
-0.248112485 0.0518506467 0.266691178 169 217 233 
-0.256349981 0.0879580081 0.243642658 175 205 218 
-0.251608431 0.0644852221 0.28679207 167 213 229 
-0.302903414 0.30833298 -0.0679418147 179 225 242 
-0.292966664 0.259536684 0.0180959031 170 208 224 
-0.2969051 0.260196924 0.0188878626 169 207 223 
-0.294223726 0.265364707 0.0110457018 171 210 225 
-0.29275912 0.258114278 0.0243740007 168 207 223 
-0.258567959 0.0974245965 0.240274221 175 202 216 
-0.254839063 0.0737891495 0.3317222 152 203 225 
-0.249944761 0.0500664413 0.370637029 169 215 229 
-0.243654579 0.0208589733 0.406414896 175 217 233 
-0.242137253 0.010405153 0.452918917 158 203 226 
-0.274227858 0.0144476593 0.45864436 160 204 227 
-0.242000431 0.00683668256 0.486291498 146 193 220 
-0.302633405 0.306503385 -0.0600076243 181 227 243 
-0.298953027 0.287550509 -0.0183646306 176 218 231 
-0.293204665 0.255980134 0.0685449168 163 206 222 
-0.318800628 0.273251295 0.0807528719 157 199 216 
-0.292611241 0.249156535 0.117125295 164 202 223 
-0.291569263 0.242139161 0.14726612 161 203 223 
-0.243170768 0.00997427106 0.505155683 144 192 220 
-0.246439695 0.0187281668 0.557957113 151 202 229 
-0.349874288 0.306923985 0.102484994 151 197 220 
-0.290763974 0.237406284 0.162887871 158 202 222 
-0.286598116 0.21654582 0.203439772 161 201 216 
-0.289567232 0.223720476 0.260026544 162 207 222 
-0.299015522 0.227874666 0.263324618 162 206 222 
-0.290503085 0.226776421 0.269032508 160 203 218 
-0.183904409 0.0255481899 -0.225890666 155 198 219 
-0.183322012 0.0187679529 -0.177285463 154 195 220 
-0.183608502 0.0193529427 -0.17063272 155 196 221 
-0.186877444 0.0282463431 -0.119381092 163 202 222 
-0.217956364 0.0321428776 -0.113846265 156 197 220 
-0.187894091 0.0304836929 -0.0975686684 163 202 223 
-0.18894814 0.0318908095 -0.0648134276 160 201 221 
-0.186886758 0.0192992687 -0.0195320323 166 208 226 
-0.187859818 0.0121018887 0.0290171281 170 215 233 
-0.186358809 0.0127985775 0.0284668878 170 215 233 
-0.186389908 0.012855202 0.0292654112 170 215 233 
-0.189331546 0.0199218094 0.0857903585 169 206 223 
-0.229094446 -0.00236451626 0.130393833 177 215 227 
-0.190291077 0.0221803486 0.104746081 176 212 227 
-0.194228128 0.0346699655 0.146708786 184 219 230 
-0.230914801 0.0155488849 0.192696124 156 196 214 
-0.195790708 0.0393211842 0.166761935 184 223 233 
-0.200893849 0.0563694835 0.211603135 179 221 236 
-0.201940253 0.0596793592 0.222863495 177 218 234 
-0.238163203 0.0961821675 0.237356156 167 194 210 
-0.220004752 0.0777374804 0.277684629 175 215 230 
-0.210713148 0.0930242836 0.255091786 164 197 214 
-0.250755101 0.288221419 -0.0756535381 178 219 238 
-0.299324751 0.305290937 -0.061030753 182 228 243 
-0.246804103 0.268205166 -0.0346187502 162 202 218 
-0.288418621 0.285090864 -0.0208602361 179 220 232 
-0.245343357 0.257973701 0.0120124891 170 205 223 
-0.245346382 0.254389137 0.0519841388 170 207 223 
-0.210882336 0.091124922 0.283964783 173 210 225 
-0.210850447 0.086507827 0.33380723 152 196 213 
-0.206714869 0.0657662451 0.37442714 155 201 224 
-0.201481849 0.0407126248 0.412580818 168 218 237 
-0.197571576 0.0208562911 0.453707069 168 213 231 
-0.194936097 0.00600901246 0.497698277 141 188 217 
-0.216571271 0.00556319952 0.499833137 141 189 218 
-0.193060786 -0.00444740057 0.527797043 142 188 217 
-0.259327203 0.317411602 -0.00647491217 173 210 223 
-0.274135888 0.329741746 0.00185982883 166 204 220 
-0.264248133 0.33787632 -0.00796287507 181 219 232 
-0.257953405 0.30752176 0.0403517261 157 200 219 
-0.262551039 0.309705943 0.0420451164 156 200 219 
-0.279264003 0.282820851 0.0816140547 168 210 224 
-0.249456674 0.265152276 0.121084668 159 198 215 
-0.25025624 0.268610299 0.119367175 161 200 218 
-0.249673545 0.265725672 0.124669902 161 200 218 
-0.265046269 0.339883238 0.00637785345 172 209 225 
-0.258996606 0.311620742 0.0426961407 155 199 219 
-0.256358802 0.296764344 0.0866821632 171 211 227 
-0.269658446 0.280660003 0.184098154 183 220 234 
-0.257126451 0.292536139 0.168910354 180 218 230 
-0.244204402 0.235531151 0.209109068 157 199 216 
-0.253892362 0.276525915 0.198341578 174 212 227 
-0.241371021 0.21990633 0.252655566 166 212 229 
-0.243047833 0.222840816 0.297029555 177 219 232 
-0.141661555 0.0451264083 -0.21988228 157 200 220 
-0.176635802 0.0237901807 -0.175288156 156 195 219 
-0.142497212 0.0468226969 -0.200367421 159 199 217 
-0.144796118 0.0529510081 -0.162923768 167 205 220 
-0.143151909 0.0419986844 -0.116704859 153 190 211 
-0.143634379 0.0423673689 -0.098651804 156 194 214 
-0.14602536 0.0487974286 -0.0603330806 164 206 222 
-0.142191947 0.0292430818 -0.0190340951 167 209 227 
-0.144248649 0.03532359 0.00782202929 157 199 218 
-0.146707848 0.0424953997 0.0410287902 166 207 222 
-0.173035845 0.0340439379 0.09168192 178 214 229 
-0.148980543 0.048663795 0.0768244937 189 226 240 
-0.153908104 0.0662952363 0.107124366 175 223 237 
-0.171122983 0.0528609157 0.15406552 175 213 227 
-0.154851332 0.0676420331 0.135462701 169 215 231 
-0.15885824 0.0812537372 0.168163151 171 212 227 
-0.188187271 0.0670846403 0.216035753 178 218 234 
-0.1612515 0.089240849 0.189283609 175 215 229 
-0.202455819 0.284002423 -0.0832560733 195 235 244 
-0.20962511 0.285808265 -0.0814859048 195 235 245 
-0.204027817 0.290917605 -0.0879284069 194 235 245 
-0.202700257 0.284345567 -0.0758471638 192 233 243 
-0.187225252 0.108511358 0.238465667 148 179 194 
-0.169337571 0.119185716 0.227762133 151 186 200 
-0.20503521 0.289645672 -0.02754521 152 190 208 
-0.199940175 0.265134186 0.0109184906 162 198 213 
-0.202836335 0.27493453 0.0349783525 157 193 208 
-0.184687376 0.18723473 0.176296234 146 192 210 
-0.194664076 0.193584353 0.180846661 149 196 213 
-0.18858245 0.204371542 0.164692521 151 195 208 
-0.185674846 0.189977646 0.191152513 148 194 211 
-0.197334319 0.147258371 0.260654449 148 185 202 
-0.180675164 0.165226966 0.236651063 153 191 207 
-0.192102417 0.125684887 0.30070135 147 182 197 
-0.177747428 0.106319577 0.340947002 133 175 196 
-0.170851544 0.0851488411 0.381030142 167 208 227 
-0.160206705 0.0640932024 0.420763999 166 211 231 
-0.161588341 0.0707389414 0.410346091 167 211 230 
-0.155276597 0.0402296782 0.459598273 164 218 237 
-0.176616371 0.0152340233 0.500703454 155 200 225 
-0.154545009 0.0358713567 0.474442393 166 216 236 
-0.148772746 0.00729611516 0.526971579 150 196 225 
-0.244287863 0.336966246 0.00250996649 176 213 228 
-0.256097853 0.311267912 0.0421856791 157 200 220 
-0.205388516 0.282050282 0.0730769113 151 188 205 
-0.233004302 0.294017702 0.0826216713 163 200 216 
-0.246740505 0.267853111 0.122255422 159 198 216 
-0.207543924 0.288154364 0.104202114 150 188 206 
-0.188038275 0.200401276 0.183826894 149 197 213 
-0.181710243 0.166553319 0.269433767 144 184 203 
-0.176432997 0.141325831 0.307487965 132 169 187 
-0.170414448 0.113185525 0.343876183 129 170 192 
-0.165596426 0.0897625685 0.382962465 166 206 224 
-0.153629214 0.0292648971 0.505810142 169 213 234 
-0.208166823 0.288475037 0.129234761 148 186 206 
-0.206848562 0.278803498 0.176186234 172 204 215 
-0.231963262 0.289783865 0.184919208 185 215 226 
-0.202607155 0.257646084 0.216568321 163 210 224 
-0.194414482 0.22096324 0.248070598 168 212 224 
-0.194486558 0.216754586 0.298146635 171 211 227 
-0.230112642 0.221712291 0.3047584 180 222 234 
-0.194366485 0.212835431 0.336184531 155 196 214 
-0.134992421 0.056709528 -0.214314044 156 199 219 
-0.125410065 0.100222737 -0.191696376 167 206 223 
-0.112539992 0.119425118 -0.219542921 167 205 224 
-0.124286085 0.077654928 -0.151738912 144 184 205 
-0.137102768 0.0517129302 -0.112085141 153 189 210 
-0.114155501 0.122609049 -0.180755198 169 202 220 
-0.112267256 0.110697836 -0.135084689 154 196 217 
-0.115166306 0.0982163548 -0.0891983733 151 191 211 
-0.112153202 0.10742557 -0.103958972 155 196 216 
-0.130633026 0.0716328919 -0.0496022925 158 201 217 
-0.122641861 0.0507272482 -0.00949526578 161 201 221 
-0.11878629 0.131820947 -0.0705200657 162 202 217 
-0.114763528 0.111522704 -0.029646568 174 216 232 
-0.119462632 0.092690587 0.0129829347 166 210 226 
-0.114394523 0.108436376 -0.0122916475 173 216 232 
-0.106945947 0.071821779 0.0526126698 180 222 236 
-0.107964024 0.0766025782 0.0462276414 177 220 234 
-0.107019469 0.0719266236 0.0548233166 179 221 236 
-0.119939201 0.131859213 -0.0180149972 170 211 228 
-0.131149665 0.153895527 -0.00479562581 162 202 218 
-0.127217978 0.161833286 -0.0169244856 166 205 222 
-0.114540026 0.106152654 0.0197651982 167 207 224 
-0.124694139 0.149339229 0.00604304671 162 199 217 
-0.127031788 0.0863727331 0.115092926 174 220 233 
-0.113425329 0.0935536921 0.108592279 176 218 232 
-0.146134615 0.248263061 -0.108886823 180 224 235 
-0.162890032 0.255926311 -0.102876894 177 220 230 
-0.147232205 0.25082767 -0.0869951844 189 230 239 
-0.127884671 0.163078994 -0.000158697367 161 198 214 
-0.128015965 0.159103096 0.0500504449 147 174 191 
-0.13758269 0.170692474 0.0574061796 138 165 182 
-0.132505 0.177921623 0.0470262244 144 170 185 
-0.129979461 0.165419042 0.070009388 146 174 190 
-0.118479714 0.112649053 0.128447175 173 214 225 
-0.154184192 0.0981546938 0.176843435 169 210 224 
-0.122012146 0.125977427 0.14251399 168 208 220 
-0.16268532 0.317242622 -0.115558743 183 234 247 
-0.149424776 0.256699115 -0.0515786037 189 229 239 
-0.179075956 0.270362645 -0.0408875309 166 210 227 
-0.14440465 0.232481956 -0.012946561 176 216 228 
-0.174690619 0.24858427 -0.000859059393 166 206 220 
-0.144815698 0.229605272 0.0378912985 163 194 207 
-0.149486452 0.231844932 0.0396228954 162 194 208 
-0.133081347 0.179006189 0.0614340976 134 161 179 
-0.145401537 0.231680334 0.0417283401 161 192 206 
-0.126673758 0.140353739 0.196776181 177 210 223 
-0.127374411 0.142438233 0.20577988 174 206 219 
-0.172476351 0.355627716 -0.0925956741 189 236 245 
-0.156580269 0.271321774 0.0618773475 173 207 219 
-0.149970055 0.245366201 0.0993890092 177 209 222 
-0.155418813 0.248763055 0.101835601 181 214 225 
-0.1484413 0.236643761 0.126129627 166 202 215 
-0.168047518 0.200026721 0.181426406 154 198 214 
-0.129874557 0.152930468 0.203969479 174 208 221 
-0.164790869 0.177975118 0.221430331 152 192 209 
-0.141275719 0.201170981 0.19133839 161 199 214 
-0.120071508 0.0964445472 0.381594807 155 194 213 
-0.136903942 0.0933656394 0.381769568 160 199 218 
-0.121604547 0.103790104 0.370351285 144 182 202 
-0.147826284 0.0678820908 0.421464652 166 208 227 
-0.118609011 0.0889609158 0.397611409 158 196 214 
-0.127774745 0.0498956442 0.461834341 161 209 229 
-0.105398454 0.0235628784 0.517831028 161 210 234 
-0.181494534 0.283645451 0.123676591 167 214 228 
-0.158879861 0.278234422 0.14319998 178 228 239 
-0.147651866 0.227273822 0.194007307 169 208 223 
-0.158592358 0.243509114 0.204041332 171 214 227 
-0.153211489 0.250173509 0.194783658 172 216 229 
-0.165506199 0.218995839 0.243823707 169 210 224 
-0.142521843 0.198133051 0.282306492 158 203 221 
-0.144380808 0.206457779 0.275145233 164 208 225 
-0.132618964 0.15473029 0.309965223 135 177 195 
-0.125507623 0.122296244 0.343897641 118 154 176 
-0.117694885 0.082614392 0.426167816 161 197 217 
-0.112151995 0.0563431382 0.463624984 160 204 224 
-0.108213663 0.0363766253 0.504688263 171 220 239 
-0.158362657 0.273851037 0.168164194 176 224 236 
-0.144652009 0.206503034 0.287093729 160 206 224 
-0.147949129 0.214966416 0.344417572 166 208 225 
-0.170394436 0.213326856 0.345992118 158 199 218 
-0.148420244 0.216370031 0.350449294 169 210 227 
-0.104498774 0.146478027 -0.168831915 163 196 216 
-0.105101392 0.12349233 -0.128912091 169 211 230 
-0.0813136473 0.179126084 -0.153619498 176 212 226 
-0.108720809 0.163810104 -0.106581971 170 213 230 
-0.0829263628 0.183643788 -0.129781321 177 218 231 
-0.0725269839 0.135617435 -0.0735381171 153 196 217 
-0.077185519 0.155224085 -0.0775380954 159 204 221 
-0.111504227 0.117456704 -0.0267766789 175 217 233 
-0.0747409761 0.143122524 -0.0552921072 154 198 215 
-0.105763279 0.0731666088 0.0532142892 179 221 235 
-0.0928026885 0.22426942 -0.127799556 191 225 232 
-0.0990309194 0.23018913 -0.123894908 190 224 232 
-0.125876188 0.200851589 -0.0845466778 179 216 231 
-0.0833802745 0.17826274 -0.0491469428 159 200 218 
-0.0961558595 0.18520537 -0.0439663678 164 205 223 
-0.107346945 0.136816949 0.0356557965 165 193 212 
-0.0998706073 0.115786731 0.0757515952 151 195 211 
-0.115489826 0.244559392 -0.0619114786 188 226 238 
-0.0938150808 0.219263732 -0.0256962478 164 196 207 
-0.0959404334 0.227899596 -0.0240847766 166 196 206 
-0.0882939249 0.193077892 0.0118098333 159 192 208 
-0.0841789618 0.172417343 0.0524761155 157 185 202 
-0.11407391 0.176382601 0.0579182431 144 171 187 
-0.0811026841 0.155838042 0.0954766944 145 179 195 
-0.11790897 0.129774719 0.137700588 167 205 216 
-0.0817156881 0.157480925 0.105364151 147 179 193 
-0.0958200246 0.227141649 -0.0211904347 165 195 205 
-0.092697978 0.210382536 0.0217073038 144 179 196 
-0.0973338783 0.224712998 0.0752985254 175 216 232 
-0.0847664773 0.165742189 0.153624564 128 162 175 
-0.121085882 0.147359759 0.199973315 174 207 221 
-0.0861905962 0.169548899 0.176705301 130 168 185 
-0.0786903873 0.132884115 0.239797592 124 160 180 
-0.0823516101 0.133895308 0.240749985 125 160 180 
-0.0794791877 0.136324465 0.237780988 125 161 181 
-0.0741381049 0.110505223 0.279481053 105 142 165 
-0.0831662491 0.110858291 0.280665189 106 142 165 
-0.0743003339 0.110686928 0.284909874 103 140 164 
-0.0979563445 0.226552159 0.0834387615 174 216 232 
-0.0941326469 0.207036078 0.124759622 165 209 221 
-0.144408286 0.228588253 0.142008394 156 196 210 
-0.0988133773 0.221952409 0.173898667 158 199 215 
-0.0934549719 0.195425987 0.222661525 139 181 192 
-0.10640195 0.169267923 0.262635112 134 174 191 
-0.0933807045 0.195058286 0.223337471 139 181 192 
-0.104401849 0.146912217 0.302611619 130 170 189 
-0.081946522 0.138454109 0.327391565 118 156 178 
-0.113946199 0.0989224017 0.382269621 150 189 209 
-0.0698226392 0.0800731778 0.419524878 136 174 196 
-0.109102771 0.0772548616 0.422308117 159 195 214 
-0.0740403682 0.0993152261 0.399339616 127 166 191 
-0.0659528971 0.0603761971 0.460742265 153 194 217 
-0.0982795656 0.0570347607 0.46247682 157 199 220 
-0.0619170256 0.0400263965 0.501586318 169 215 238 
-0.0836314112 0.0377403796 0.50272882 169 216 237 
-0.141815737 0.270409614 0.164473832 173 223 235 
-0.100213587 0.226437822 0.18833968 159 202 217 
-0.0917682126 0.184270203 0.269188106 145 186 202 
-0.140970156 0.202094793 0.284291118 161 207 224 
-0.0959884077 0.197882861 0.311670572 142 188 208 
-0.0822280943 0.137801021 0.347576201 115 152 175 
-0.0785410404 0.11882183 0.389204115 122 161 188 
-0.131378457 0.222770408 0.346841931 169 211 230 
-0.105309777 0.233942956 0.338907689 174 218 237 
-0.0647763014 0.197286397 -0.145557746 171 206 218 
-0.0641549379 0.151757121 -0.0656782985 151 196 212 
-0.0926348791 0.22725144 -0.0214807093 165 195 205 
-0.0832367167 0.206686378 0.0186569691 142 177 194 
-0.0785538033 0.184980005 0.0586919263 160 189 203 
-0.0680660307 0.164678663 0.0988533273 153 187 200 
-0.0882435516 0.223828509 0.0808898285 170 212 228 
-0.0758513212 0.203988135 0.121092714 159 203 215 
-0.0732818246 0.181770235 0.161081612 131 166 178 
-0.0353622735 0.152689785 0.193452895 137 175 196 
-0.0658761933 0.160722882 0.201175898 141 180 200 
-0.0413895287 0.178752631 0.180548638 144 179 191 
-0.0304929838 0.129065305 0.232423961 101 132 155 
-0.0277769268 0.113901407 0.276234061 108 145 170 
-0.0288995467 0.116921753 0.294210792 110 146 170 
-0.052704934 0.225325286 0.182513922 168 211 221 
-0.0534573682 0.228408962 0.182792068 170 214 223 
-0.045798257 0.193695396 0.21690622 164 207 217 
-0.0528286882 0.225296706 0.188513249 170 214 223 
-0.0407740101 0.169462055 0.255529046 130 168 184 
-0.0700535178 0.178065807 0.26342684 145 185 200 
-0.0423994735 0.17366755 0.283421874 147 187 204 
-0.030544199 0.120282918 0.332367182 103 139 165 
-0.0692797229 0.132573426 0.343309611 108 144 169 
-0.0278403237 0.105166882 0.37620464 111 147 173 
-0.0638367236 0.111051053 0.383361101 118 157 183 
-0.0253537074 0.0909045041 0.420530468 128 168 193 
-0.0507501848 0.0685389042 0.463512093 149 189 213 
-0.0246537216 0.0858183205 0.44491294 139 178 204 
-0.0159669369 0.0450378954 0.499263138 173 217 238 
-0.0203991719 0.064756453 0.483630449 158 199 223 
-0.0537551753 0.229451954 0.184874177 169 214 224 
-0.0515351668 0.208808467 0.312348634 179 233 246 
-0.0250482373 0.0852124393 0.469758004 147 188 213 
-0.0591132753 0.237029865 0.346657932 187 231 241 
-0.0651343167 0.23880434 0.348284841 185 229 240 
-0.0597106293 0.239195839 0.350013763 185 229 239 
0.0100920647 0.195223838 -0.203069448 159 203 217 
0.0167780668 0.14236179 0.077389963 132 175 195 
0.0146685839 0.143510163 0.0782464519 134 176 196 
0.0161648244 0.144991487 0.0763223246 133 176 195 
0.0184002519 0.13392514 0.0966653004 129 170 191 
0.0160110891 0.145375431 0.0791136101 134 177 197 
0.0222054794 0.107560694 0.214934826 121 156 179 
0.00797127932 0.114563495 0.220308423 122 156 179 
0.015466556 0.138363481 0.1820319 92 123 147 
0.0259774178 0.0882479846 0.256372005 106 140 163 
0.0139524788 0.0931713879 0.260371655 103 138 163 
0.0250659287 0.0908424258 0.269388705 104 138 162 
-0.0218589455 0.171376973 0.202134669 145 184 197 
0.0162460357 0.130976856 0.228327811 129 166 187 
-0.0113904625 0.151070952 0.242295653 114 152 170 
0.0140478313 0.135302007 0.28118515 111 151 176 
0.0215853304 0.10101375 0.316156626 117 150 173 
0.00194084644 0.108618051 0.322451949 117 151 173 
0.0212035328 0.0998781919 0.34630388 108 142 164 
-0.0509018339 0.228381008 0.183978051 169 214 223 
0.0132512823 0.138252169 0.284972101 112 152 177 
-0.0111330226 0.169487298 0.304643154 136 178 197 
0.00521069765 0.168964952 0.312828839 132 177 195 
0.0175073743 0.112545282 0.375235289 109 145 170 
0.0217000172 0.0915795267 0.415727049 121 161 186 
0.0234357715 0.0802674592 0.461740226 146 185 207 
0.00281587988 0.0815041959 0.464678854 146 185 209 
0.0282276869 0.0569470227 0.500885189 165 206 226 
-0.00602692366 0.218492925 0.278383017 164 214 227 
-0.0209935158 0.23113431 0.286904395 173 225 239 
-0.0141772702 0.25485909 0.248457164 189 245 253 
-0.0315090418 0.205749273 0.3266083 174 226 239 
-0.0085702911 0.227102116 0.299482137 169 221 234 
-0.00392359495 0.20409894 0.341768324 158 207 223 
-0.0144345611 0.256020486 0.247363895 189 245 253 
-0.0656924173 0.284348905 0.268406779 167 208 226 
-0.0261196271 0.303894222 0.251842558 171 215 229 
-0.0282638669 0.27056843 0.309155017 185 234 240 
-0.011723578 0.23638472 0.341099471 161 209 223 
-0.0557666495 0.241071731 0.348488897 185 229 238 
-0.00966917723 0.223820627 0.386396557 148 193 211 
-0.018071197 0.227355808 0.389242947 147 193 210 
-0.012387611 0.235914782 0.376807541 151 197 213 
-0.00581689179 0.204192221 0.427653164 156 202 217 
-0.0103163421 0.206393003 0.429344803 159 205 221 
-0.00570797175 0.20284763 0.437594026 158 205 219 
0.0695317537 0.212637991 -0.962522864 191 232 242 
0.0965993702 0.0861537158 -0.799678743 144 192 218 
0.0989245176 0.0725258589 -0.754990101 144 191 218 
0.0514762104 0.0830782056 -0.74403584 143 187 215 
0.0996340215 0.0652462542 -0.706670523 145 194 224 
0.0760394186 0.0661837161 -0.703567803 138 186 217 
0.099793911 0.0628270805 -0.68712914 145 194 225 
0.0659630001 0.224499106 -0.930484176 185 229 242 
0.0231727064 0.208780706 -0.881975174 185 228 242 
0.0637645423 0.23110342 -0.902941883 185 228 241 
0.0993843079 0.0617356002 -0.656195283 149 196 226 
0.102331325 0.0456642509 -0.612904191 154 200 227 
0.101997361 0.0424846411 -0.562239647 149 196 224 
0.0974018276 0.0440286994 -0.560894668 149 196 224 
0.101669505 0.0434573293 -0.55799669 151 198 226 
0.0620704144 0.23530221 -0.871822119 189 232 242 
0.0388333425 0.230925292 -0.819292128 186 224 237 
0.0594094843 0.242578119 -0.830510139 191 230 241 
0.0940631926 0.0710271299 -0.515152097 158 210 236 
0.0581801236 0.246096373 -0.813165188 184 225 238 
0.0553817451 0.252600044 -0.75696218 179 222 237 
0.0553032458 0.252821088 -0.755814075 179 222 237 
0.0909787118 0.0812878609 -0.487562776 158 209 233 
0.0499561429 0.092092663 -0.477177262 147 189 213 
0.0877802819 0.0920455754 -0.460264385 160 207 231 
0.0492444336 0.272730052 -0.698886752 142 186 213 
0.0835602731 0.105944961 -0.420976877 137 170 191 
0.083444193 0.103426248 -0.387659729 129 160 181 
0.0487286448 0.274249852 -0.692096353 145 188 214 
0.0490099639 0.268652737 -0.642814457 156 201 222 
0.0467896163 0.274797738 -0.609162331 153 201 220 
0.0789823979 0.119440764 -0.360774726 119 150 171 
0.0671541393 0.13296333 -0.35211882 110 139 160 
0.0787302852 0.116677493 -0.318493754 96 130 155 
0.0450006425 0.279914618 -0.583889961 154 203 221 
0.0426028222 0.285439402 -0.535199165 155 205 223 
0.0792709738 0.113815069 -0.311509162 93 129 154 
0.0783650875 0.112882763 -0.259559214 116 152 176 
0.0539353639 0.125278026 -0.250131845 127 161 181 
0.0320764184 0.327465028 -0.518928349 155 201 217 
0.0173821822 0.203304112 -0.308384985 136 180 199 
0.0174265206 0.180475026 -0.268451065 146 186 206 
0.0686037689 0.151237428 -0.237622112 138 184 203 
0.0628454238 0.17514497 -0.238922149 158 207 223 
-0.0104052424 0.397651017 -0.566111982 171 219 234 
0.00942628086 0.379611284 -0.525747061 172 217 232 
0.0203833133 0.375266194 -0.51327461 172 216 230 
-0.0124606341 0.328634053 -0.446357906 190 236 246 
0.0322773457 0.316432148 -0.405554146 182 235 246 
0.0318085849 0.316509277 -0.405460685 182 235 247 
0.0321231335 0.317148924 -0.406439066 182 235 247 
0.0322890133 0.316327751 -0.404929519 182 235 246 
0.0209614933 0.19968465 -0.206032142 159 203 217 
0.0498571545 0.229357809 -0.245054781 161 212 225 
0.00850236416 0.427817345 -0.551779568 165 209 226 
0.00425883383 0.445004702 -0.547947824 161 204 223 
0.000434696674 0.418628752 -0.503533959 152 191 210 
0.00738488138 0.429529399 -0.519499958 155 195 215 
0.0187944323 0.37839359 -0.475081354 169 211 228 
-0.0130236596 0.392531425 -0.463894159 163 205 222 
0.0244831219 0.351549447 -0.437951833 174 223 239 
0.000437192619 0.372949719 -0.423667997 168 215 230 
0.0348818526 0.301706612 -0.361493319 159 214 231 
0.0379211754 0.285272539 -0.318409681 158 205 222 
0.0423540547 0.263362825 -0.27845785 163 209 227 
0.0497408509 0.229846358 -0.245144576 161 212 225 
0.000296920538 0.46005863 -0.533339024 171 211 228 
-0.0160927325 0.478662074 -0.521417975 175 213 230 
0.00735528767 0.427832723 -0.499287605 153 191 210 
-0.00385609269 0.475092381 -0.509731829 177 213 228 
0.00721862912 0.423877865 -0.44906643 157 194 216 
-0.0155846775 0.410265565 -0.40160802 168 211 233 
0.00683584809 0.422162563 -0.412432253 163 202 226 
-0.0120544881 0.505593181 -0.472275287 150 189 208 
-0.0318827853 0.447514594 -0.379554063 164 205 226 
-0.00333243608 0.462415278 -0.392902315 136 174 198 
-0.0212263651 0.540913224 -0.443677813 143 184 209 
-0.0149607211 0.511026144 -0.399221599 141 180 199 
-0.0171893686 0.520928383 -0.406940043 141 182 202 
-0.0216583423 0.541834593 -0.4340837 145 185 210 
0.11375083 0.224722862 -0.963975906 198 240 246 
0.146298677 0.071941793 -0.760513604 145 192 219 
0.147763431 0.0616946518 -0.713891327 152 197 223 
0.154733554 0.0298154056 -0.679641604 133 180 214 
0.122278556 0.0545357168 -0.662627697 147 195 225 
0.148874745 0.0508441031 -0.644338846 153 201 229 
0.110503465 0.235049248 -0.929639459 176 221 237 
0.108077556 0.242723227 -0.903540015 168 214 234 
0.14718546 0.0549819469 -0.612764359 157 207 233 
0.151663959 0.0328929424 -0.572915077 153 203 230 
0.147745505 0.0463495851 -0.5425511 162 209 231 
0.0909905583 0.2663894 -0.85808897 183 229 243 
0.100198001 0.271645695 -0.863182068 177 223 240 
0.1444702 0.0566672683 -0.50683409 179 225 242 
0.12404415 0.0688312948 -0.497972459 177 226 244 
0.141513228 0.0671173036 -0.487202495 179 225 241 
0.0996286273 0.273287505 -0.855285704 177 223 240 
0.0998326838 0.267993867 -0.80583024 172 215 234 
0.0589739829 0.254154205 -0.756511509 177 221 237 
0.0986706913 0.269121796 -0.765016913 158 204 230 
0.138482764 0.0757015646 -0.44346419 158 201 223 
0.117746368 0.0856609941 -0.43576774 160 205 227 
0.136914596 0.0797978342 -0.41698733 166 211 231 
0.0987395048 0.26779741 -0.753459454 156 202 228 
0.0983333588 0.2649014 -0.702632666 141 187 217 
0.063502878 0.273604393 -0.694070935 140 184 212 
0.0958913416 0.272796035 -0.678245783 147 193 220 
0.129843414 0.105155975 -0.374134421 122 163 188 
0.123677939 0.10545072 -0.373296589 121 161 186 
0.129745677 0.105202287 -0.370162278 121 161 186 
0.0932037979 0.280564994 -0.641190648 162 209 229 
0.0939938724 0.272968829 -0.593052149 166 211 226 
0.0845910907 0.274222851 -0.591336727 163 209 225 
0.0946716964 0.268749118 -0.577280939 167 213 226 
0.128005147 0.107887149 -0.320089132 128 165 187 
0.0835631639 0.114095211 -0.311828434 96 131 156 
0.124968112 0.118768603 -0.301575482 124 159 181 
0.0940081328 0.268420905 -0.543170214 164 211 225 
0.05402188 0.285177797 -0.529660642 155 204 222 
0.0894311816 0.284607142 -0.512906909 152 199 217 
0.100200877 0.136476278 -0.24912411 127 162 183 
0.115288422 0.156602502 -0.277599126 135 172 187 
0.0834582299 0.309874207 -0.519460797 151 199 220 
0.0765336454 0.33837086 -0.518213987 154 199 220 
0.106609985 0.189479858 -0.244511276 139 179 194 
0.0730703026 0.350690931 -0.496115476 167 212 231 
0.0414195955 0.364515215 -0.485117257 180 223 238 
0.0743856281 0.341030926 -0.449157417 173 222 236 
0.0439522639 0.342288405 -0.445129126 178 227 243 
0.0774859786 0.324357033 -0.406210929 172 223 236 
0.0773998201 0.323998094 -0.398267478 168 220 234 
0.0993090868 0.220641255 -0.255598933 155 198 211 
0.0502327383 0.22960937 -0.245327532 161 212 225 
0.0916359276 0.253523231 -0.268715173 153 196 209 
0.0164313912 0.445340484 -0.543118477 162 202 221 
0.0755307525 0.327547789 -0.351902783 144 188 207 
0.0775816739 0.314997375 -0.306597888 160 210 223 
0.0862105787 0.27660042 -0.276076019 159 205 219 
0.0271798521 0.466296077 -0.480542451 162 195 213 
0.0176287591 0.441144466 -0.440817535 156 191 213 
0.0382526666 0.491990089 -0.467781961 164 198 217 
0.0332612768 0.512248993 -0.463748127 164 201 220 
0.0417966992 0.47357282 -0.425832659 133 170 192 
0.0394904464 0.481411874 -0.407061011 127 163 188 
0.0327187032 0.51373446 -0.455345184 164 201 220 
-0.0147221535 0.538541675 -0.436637223 144 184 209 
0.0365660936 0.494125247 -0.41407761 131 167 191 
0.156938732 0.241912305 -0.974812508 186 230 240 
0.191831142 0.0741024315 -0.711984098 150 195 223 
0.194547147 0.0557342768 -0.632565975 150 197 225 
0.15661937 0.239409208 -0.932335258 179 225 238 
0.154312462 0.244828701 -0.886648118 164 213 234 
0.194239527 0.0556554794 -0.617568552 150 196 225 
0.194038868 0.0519521832 -0.567203522 157 204 230 
0.196647763 0.037209332 -0.52315259 147 196 224 
0.17829591 0.0407687426 -0.519199669 158 206 231 
0.200043678 0.0193741024 -0.480870396 119 163 191 
0.193651438 0.0216456354 -0.478932291 118 161 190 
0.199617952 0.0205468237 -0.474356204 118 162 190 
0.152880669 0.249607623 -0.874019027 164 212 233 
0.113452673 0.271826208 -0.857599735 173 219 238 
0.147795379 0.267006397 -0.833891392 160 207 232 
0.180328846 0.0596148074 -0.456813544 162 209 226 
0.190952539 0.0533595681 -0.441149682 165 211 229 
0.146659702 0.269559652 -0.810124159 156 205 231 
0.145733997 0.26870507 -0.758129776 147 194 221 
0.11921905 0.268736124 -0.755199313 151 198 225 
0.145079106 0.270368308 -0.74654609 144 191 219 
0.183489293 0.0802211165 -0.397003144 171 210 227 
0.143871635 0.271530986 -0.704030335 150 195 223 
0.142031059 0.275372803 -0.66222024 149 195 222 
0.182723612 0.0829372108 -0.392031997 166 206 224 
0.178272188 0.0959633589 -0.332416266 143 183 204 
0.139489353 0.284258306 -0.644267678 148 194 220 
0.138965309 0.281825542 -0.593175948 179 220 231 
0.1447611 0.254560679 -0.55628705 168 213 229 
0.116509125 0.259108543 -0.550708532 170 216 229 
0.146115422 0.24506858 -0.512987316 176 221 231 
0.14423269 0.128779858 -0.31050694 125 163 182 
0.166947916 0.141938627 -0.32340607 121 162 179 
0.17299813 0.112167448 -0.270347267 140 176 199 
0.171759367 0.112602651 -0.269974381 139 175 198 
0.172545165 0.114229828 -0.27246967 139 175 197 
0.146181688 0.244487017 -0.509565592 176 221 231 
0.109883711 0.275858968 -0.488510966 154 201 217 
0.143626124 0.250036597 -0.453908294 145 188 204 
0.116097838 0.254523188 -0.448442668 143 187 206 
0.141919628 0.255754948 -0.439106375 150 194 209 
0.124552995 0.165210396 -0.288526654 131 169 183 
0.155339763 0.189319402 -0.316979527 107 143 162 
0.172683179 0.113404959 -0.269639462 139 175 198 
0.106395647 0.339048356 -0.506110907 165 210 228 
0.11330919 0.317881942 -0.466027379 158 207 226 
0.114573836 0.295348167 -0.426066875 168 213 226 
0.133585006 0.286930174 -0.40288952 147 191 205 
0.149034172 0.210819691 -0.26640588 162 201 211 
0.148798198 0.211618185 -0.264445364 163 202 212 
0.131433025 0.293454558 -0.37659201 142 182 197 
0.0996772647 0.310096592 -0.364049405 152 197 214 
0.127750799 0.305727363 -0.343918502 146 185 202 
0.148094594 0.214511573 -0.264294297 165 204 213 
0.137289107 0.258508563 -0.257117331 169 217 227 
0.126624271 0.307857573 -0.315871 145 189 207 
0.130541191 0.287975192 -0.27475962 170 212 224 
0.0398851037 0.510565162 -0.457856745 167 203 221 
0.046474874 0.489320338 -0.41778025 127 164 188 
0.206872106 0.227514565 -0.94432795 171 216 233 
0.198018074 0.23274684 -0.940508723 170 215 232 
0.205662847 0.231695414 -0.93526876 165 210 229 
0.240493804 0.0684554875 -0.720403314 139 184 213 
0.230962753 0.0808419883 -0.660260379 161 205 228 
0.235445708 0.0842572749 -0.664236784 162 206 229 
0.203455687 0.236446679 -0.886735916 163 208 231 
0.168170869 0.243876547 -0.878816843 165 213 234 
0.200970113 0.244841695 -0.865909696 169 214 235 
0.235151917 0.0849532187 -0.658484221 162 205 228 
0.236372679 0.0756647587 -0.611313641 162 202 225 
0.238487303 0.0628640056 -0.566151917 144 191 221 
0.24056229 0.0502191186 -0.520901024 150 199 227 
0.221355051 0.0283510983 -0.478328854 131 175 203 
0.241836488 0.0425353348 -0.494014889 147 194 222 
0.193877935 0.269866228 -0.818386257 161 204 228 
0.24169451 0.0412785113 -0.473531544 151 198 223 
0.239139676 0.0468252301 -0.417875856 168 216 231 
0.228523225 0.048440069 -0.415830821 171 218 232 
0.238607049 0.0484375656 -0.411339402 172 221 234 
0.193647742 0.270492733 -0.814779997 162 205 229 
0.19373852 0.265644163 -0.765069962 154 201 226 
0.191824973 0.269944608 -0.725004911 146 192 219 
0.186936557 0.0795681775 -0.39432767 170 210 227 
0.233157605 0.0658385754 -0.354517907 157 207 227 
0.2312783 0.067460984 -0.35342887 157 206 227 
0.232845813 0.0668735504 -0.351704359 156 207 227 
0.191278666 0.270817757 -0.709627748 148 194 220 
0.191959947 0.263649046 -0.66124475 146 192 221 
0.156735331 0.273330867 -0.652107239 148 195 223 
0.19470945 0.248353735 -0.617509782 173 214 236 
0.182488084 0.256724298 -0.611613274 177 220 239 
0.194516569 0.246535227 -0.588446498 182 223 240 
0.178460449 0.0958706141 -0.332170367 143 183 204 
0.227435857 0.0838289559 -0.291745067 146 190 210 
0.22609368 0.0845600963 -0.291199863 146 189 210 
0.195140213 0.24216941 -0.568563759 185 225 240 
0.194700569 0.239405036 -0.517661691 152 198 219 
0.148333922 0.243971705 -0.510082364 175 221 231 
0.194445223 0.23680371 -0.477031946 143 187 208 
0.188239455 0.139431417 -0.309548408 122 164 183 
0.193829894 0.238334328 -0.465790957 141 185 206 
0.187830925 0.259462535 -0.425159663 149 196 214 
0.18644312 0.180190474 -0.287178576 124 165 180 
0.208612561 0.157790422 -0.249442488 133 175 199 
0.206793606 0.165588975 -0.252594113 130 171 194 
0.179054737 0.292823911 -0.392961532 148 193 215 
0.194689244 0.215426177 -0.250683188 129 170 192 
0.178097427 0.295659333 -0.380520433 147 192 214 
0.178113639 0.29110381 -0.330642849 140 175 197 
0.154252574 0.300466359 -0.322927743 131 170 191 
0.179315418 0.281889975 -0.283429563 147 192 212 
0.177187711 0.283177793 -0.282495201 147 193 212 
0.190163493 0.234773278 -0.257894993 133 177 197 
0.253976971 0.223507941 -0.899455547 149 197 224 
0.282613635 0.08851704 -0.71411854 143 188 215 
0.283004403 0.0824898183 -0.665082693 152 196 219 
0.240749568 0.0832108557 -0.660047174 161 204 227 
0.282490522 0.0823533833 -0.639974654 148 193 218 
0.253950119 0.223602355 -0.899271727 149 197 224 
0.246120304 0.252317101 -0.858889222 169 214 236 
0.280961692 0.0860242248 -0.610578001 150 194 220 
0.28194961 0.0776506066 -0.562884152 154 201 226 
0.284840494 0.0617998242 -0.519466877 154 202 227 
0.286324114 0.0532906353 -0.493023783 155 206 229 
0.237805128 0.283395886 -0.822495222 172 220 238 
0.287367404 0.0473792255 -0.475231677 157 209 231 
0.286988854 0.0443746746 -0.424466938 163 215 234 
0.287300438 0.0386586487 -0.375253081 161 218 235 
0.284662992 0.0391885042 -0.374675006 162 219 235 
0.28721717 0.038784802 -0.372832656 161 218 235 
0.237003267 0.28569901 -0.811272144 171 218 237 
0.238367796 0.275845528 -0.764424682 166 208 228 
0.242702246 0.254322529 -0.724251747 148 194 222 
0.213648349 0.268752277 -0.71320951 143 189 218 
0.244541198 0.24260506 -0.678470373 151 195 223 
0.235051662 0.251092941 -0.672810316 151 197 223 
0.245817602 0.23364614 -0.637516022 149 194 222 
0.281038702 0.0592862666 -0.316994548 178 227 239 
0.246168941 0.231717363 -0.632214487 149 193 222 
0.245871812 0.228393137 -0.581632614 153 195 222 
0.202328444 0.238686711 -0.571248233 184 224 240 
0.243751913 0.233787358 -0.544250131 146 186 211 
0.280151546 0.0622566342 -0.309272945 176 224 237 
0.241820812 0.239818603 -0.522614598 141 183 207 
0.24240911 0.233015209 -0.474022716 124 167 194 
0.208348244 0.23565793 -0.468842238 135 178 201 
0.241725832 0.233732551 -0.450624019 127 168 193 
0.239609361 0.239524424 -0.41781652 128 169 194 
0.215222389 0.255675763 -0.406350583 136 181 202 
0.236860663 0.247732431 -0.382834166 125 168 193 
0.23406437 0.168877006 -0.24620834 144 186 207 
0.230160356 0.276651889 -0.396581322 135 177 202 
0.223099202 0.305773079 -0.396003395 153 194 215 
0.246965736 0.197143883 -0.284606755 146 190 209 
0.212223023 0.227624178 -0.264208078 133 173 192 
0.235237539 0.245683014 -0.285541266 154 195 208 
0.250750095 0.177782327 -0.243197471 155 198 216 
0.222070992 0.308437049 -0.378401667 152 194 215 
0.226308823 0.287293881 -0.338011444 154 197 215 
0.231191367 0.263617098 -0.299070269 161 205 217 
0.301431835 0.222595453 -0.905037105 162 210 232 
0.254259527 0.223519802 -0.899350643 149 197 224 
0.300635487 0.223516136 -0.878708363 150 198 224 
0.326263398 0.102566868 -0.71127212 157 199 221 
0.327331722 0.0938774049 -0.663758934 142 185 212 
0.326959133 0.0932025611 -0.639156103 139 183 211 
0.299374521 0.226187319 -0.85049957 154 200 224 
0.270881057 0.245897025 -0.836646676 179 225 242 
0.297247738 0.230202302 -0.797473848 175 220 240 
0.324823976 0.0992389917 -0.608209193 144 189 215 
0.3265118 0.0881153345 -0.562088251 160 204 226 
0.329600334 0.0714879632 -0.51911515 169 215 235 
0.333453655 0.0518555343 -0.477860898 174 223 240 
0.304166824 0.0483951271 -0.476525098 163 214 234 
0.333227634 0.0520862043 -0.470047414 176 224 241 
0.25573504 0.283424854 -0.814567685 166 213 233 
0.286514968 0.273249507 -0.783081114 162 207 229 
0.297602713 0.224165604 -0.746689558 160 199 222 
0.266122788 0.240259483 -0.734475493 154 195 219 
0.288545132 0.263199389 -0.764606237 160 204 226 
0.298866838 0.214706749 -0.699616432 154 192 218 
0.276149839 0.219846606 -0.694324136 153 192 219 
0.297406197 0.219333217 -0.683968067 150 190 216 
0.331636459 0.0545038879 -0.423862934 174 228 241 
0.334138125 0.0401823819 -0.379571021 159 211 233 
0.337827176 0.0211952925 -0.337947607 146 193 217 
0.322323769 0.0254642069 -0.33392176 151 199 222 
0.286531448 0.272159189 -0.771722555 162 208 230 
0.294708937 0.226552323 -0.64035809 135 181 209 
0.24766627 0.231306389 -0.632602572 149 193 222 
0.29395321 0.226342216 -0.603327096 129 174 206 
0.287310779 0.0581834018 -0.31227541 180 229 240 
0.293773115 0.225737631 -0.588340938 130 174 206 
0.295021504 0.216340572 -0.541232467 130 174 203 
0.260467976 0.229919165 -0.530048907 129 170 197 
0.292440534 0.223745823 -0.505028725 126 169 200 
0.289968669 0.231702596 -0.479962915 134 178 206 
0.291089535 0.222806573 -0.432567835 132 176 203 
0.272675127 0.228387952 -0.427508116 130 172 197 
0.290153593 0.2249825 -0.413776696 131 174 200 
0.288473338 0.228594601 -0.376774192 136 181 204 
0.256408751 0.242804825 -0.365520537 130 175 197 
0.289890766 0.218533203 -0.33004567 140 183 202 
0.269337773 0.223094389 -0.325305939 137 181 199 
0.288817316 0.22151275 -0.313872844 136 181 201 
0.234346658 0.301498532 -0.383525044 151 194 217 
0.241899133 0.280486733 -0.343427598 146 191 209 
0.257381707 0.261394382 -0.303157389 151 195 209 
0.286448926 0.227565259 -0.272396564 155 203 222 
0.287798613 0.217770219 -0.225515693 168 224 242 
0.347809017 0.225928724 -0.908320069 168 213 227 
0.3493855 0.215242535 -0.861948967 157 201 225 
0.328030229 0.218535691 -0.857810855 151 196 221 
0.349426329 0.212968782 -0.838557124 154 198 223 
0.373696834 0.09725824 -0.667014718 146 191 215 
0.372071028 0.10086754 -0.632484138 142 183 210 
0.348748088 0.213255316 -0.810602427 157 200 224 
0.298771441 0.229807854 -0.796106219 175 219 240 
0.353065699 0.191798478 -0.770391583 145 185 211 
0.316742986 0.211317912 -0.755781829 167 207 230 
0.349256843 0.203723103 -0.72803551 138 179 206 
0.369636953 0.108718634 -0.607976735 143 184 212 
0.37244767 0.0931828022 -0.564379394 152 195 219 
0.360957623 0.084980756 -0.515221 163 210 231 
0.37179935 0.092127949 -0.522892833 157 204 226 
0.346942872 0.0587487519 -0.475593358 174 223 239 
0.291045725 0.26913172 -0.773865581 162 209 230 
0.34770602 0.208366215 -0.708432376 135 177 204 
0.343427658 0.222495452 -0.669018805 135 179 209 
0.371407181 0.0927792788 -0.512126982 159 207 228 
0.373924553 0.0783961117 -0.467870355 167 216 233 
0.375212997 0.0688415766 -0.420851916 170 216 235 
0.378685683 0.0507046878 -0.378742218 159 208 231 
0.382122338 0.0327094495 -0.336551487 148 198 224 
0.342443198 0.224553391 -0.646690845 128 173 205 
0.345241517 0.209066331 -0.60306561 125 169 200 
0.305475682 0.222458929 -0.591410458 127 171 204 
0.343426496 0.212416351 -0.556965232 120 163 195 
0.34297657 0.213473976 -0.54806149 120 164 195 
0.340894848 0.217161745 -0.493469089 124 168 199 
0.329355597 0.223753095 -0.488615483 125 169 200 
0.340329647 0.217662409 -0.473083466 125 170 201 
0.339850992 0.216771483 -0.441209108 130 174 203 
0.337836504 0.220195234 -0.386767715 130 176 206 
0.334111422 0.220418364 -0.386236995 130 176 206 
0.337700427 0.220593408 -0.384946018 130 176 206 
0.336649626 0.22036688 -0.334186345 151 196 217 
0.335816115 0.219836801 -0.290029675 175 223 236 
0.306272089 0.250388116 -0.262159526 163 212 225 
0.325829327 0.259191096 -0.26884827 161 207 221 
0.297778666 0.225492477 -0.222411543 171 225 243 
0.324858457 0.262205571 -0.25777337 162 210 224 
0.328414649 0.243740588 -0.215851307 174 222 237 
0.391463399 0.23996079 -0.905483842 157 204 226 
0.395665884 0.218956262 -0.865014315 151 194 218 
0.398620248 0.202856034 -0.821739733 153 193 215 
0.377633929 0.2077021 -0.816797495 150 193 216 
0.398884505 0.19911772 -0.792332768 154 193 216 
0.420235664 0.0999563038 -0.670661032 136 181 210 
0.418635368 0.101752281 -0.617150664 137 178 207 
0.413979888 0.102300256 -0.616340995 136 178 207 
0.418516487 0.101930887 -0.613676548 137 179 207 
0.399770111 0.193846077 -0.77440989 156 193 217 
0.399828464 0.189124942 -0.724626958 134 174 202 
0.362938881 0.199659467 -0.714842677 132 173 201 
0.397877336 0.19401899 -0.68943435 141 180 207 
0.418481469 0.0978652239 -0.566890657 147 191 216 
0.417718589 0.0963710546 -0.515262127 155 198 221 
0.398149937 0.0939829051 -0.514410913 157 202 224 
0.417720199 0.0957882404 -0.508859158 154 197 221 
0.396116883 0.199216813 -0.666371703 135 174 203 
0.360330671 0.217382178 -0.652557492 125 168 200 
0.3934533 0.205835268 -0.617630482 134 177 205 
0.417912006 0.0911193788 -0.465782702 152 198 224 
0.419281453 0.0812464356 -0.418946356 153 202 225 
0.421951175 0.0662647188 -0.375032037 148 196 224 
0.425740838 0.046882242 -0.333634764 157 206 231 
0.393161625 0.206337154 -0.609816015 134 177 205 
0.391855419 0.206977546 -0.556966603 129 173 203 
0.361599773 0.213203579 -0.55025506 123 166 198 
0.390336096 0.211181909 -0.533933699 127 171 202 
0.390474975 0.207909882 -0.503950179 120 164 197 
0.386366785 0.220746994 -0.457991451 132 174 205 
0.384992331 0.224960744 -0.441714674 137 180 208 
0.382746011 0.229295313 -0.386752337 133 179 208 
0.382330149 0.230645403 -0.382662058 134 181 209 
0.381953031 0.227919325 -0.335056156 154 200 225 
0.379320025 0.235461906 -0.29799065 168 218 237 
0.375756651 0.24777469 -0.271216631 163 214 235 
0.341028214 0.258800596 -0.261402458 158 207 223 
0.373752177 0.252940595 -0.236595839 163 213 234 
0.373050928 0.253914297 -0.215221882 170 218 238 
0.439455926 0.236946881 -0.912397146 160 205 224 
0.442957461 0.218696624 -0.870352328 154 192 214 
0.444466114 0.208276838 -0.823828757 164 205 226 
0.446766615 0.194745988 -0.779084623 161 202 224 
0.42159003 0.195501536 -0.77590704 161 200 222 
0.446147442 0.19613412 -0.766085744 159 200 223 
0.465382218 0.103633046 -0.621264398 128 171 202 
0.465343833 0.101103574 -0.591393411 128 174 204 
0.446452558 0.191488087 -0.728464842 140 182 210 
0.443739831 0.197968274 -0.675931931 125 169 198 
0.465123117 0.100159526 -0.570767939 135 180 209 
0.464278042 0.0989881158 -0.518954754 143 189 216 
0.463533342 0.099981755 -0.49580574 144 190 217 
0.443555772 0.198378295 -0.672040761 124 168 197 
0.442204893 0.19919467 -0.619090676 126 171 201 
0.404741675 0.205291718 -0.611657262 132 176 205 
0.440617561 0.203340262 -0.592281699 128 172 202 
0.462667644 0.100824028 -0.465421528 143 189 218 
0.466639936 0.0807242095 -0.424434543 146 192 219 
0.466201901 0.0779533982 -0.37353611 149 195 224 
0.469705582 0.0596945882 -0.331496149 140 186 217 
0.440041006 0.203205228 -0.56431365 134 179 206 
0.436462462 0.213824809 -0.518029749 129 173 203 
0.435313582 0.217288643 -0.503775418 125 169 200 
0.432576358 0.223552167 -0.447709769 127 172 205 
0.428586364 0.224931389 -0.446521074 128 173 205 
0.432277679 0.224456519 -0.444048285 128 174 206 
0.431084931 0.224920452 -0.394444048 136 182 212 
0.428489327 0.23312588 -0.366459548 138 185 214 
0.424886107 0.244785473 -0.33059895 158 205 228 
0.422529757 0.252543539 -0.308629096 168 215 233 
0.418396592 0.265792519 -0.266100705 175 222 240 
0.416731536 0.27116257 -0.249330491 176 224 243 
0.414728969 0.275711715 -0.207944214 169 217 239 
0.484781981 0.244410276 -0.913317919 156 204 225 
0.488109171 0.226845056 -0.8708812 155 197 218 
0.491666019 0.20837751 -0.828960657 151 195 220 
0.493606269 0.196262032 -0.783406973 142 187 218 
0.493234336 0.194022 -0.741440833 127 172 203 
0.515329838 0.0929372907 -0.63257134 131 176 206 
0.51346153 0.0957865715 -0.578458488 135 182 208 
0.48990643 0.0978378952 -0.574754238 135 181 209 
0.513063788 0.0958574116 -0.560987294 140 186 213 
0.493103147 0.193747222 -0.732362151 125 169 200 
0.494154334 0.185124844 -0.684810579 117 160 192 
0.448345125 0.197491676 -0.673049331 122 166 196 
0.491126955 0.194369763 -0.648554564 122 166 197 
0.510841131 0.101590991 -0.522655487 143 189 215 
0.514407337 0.0830868185 -0.480755895 138 184 213 
0.480001628 0.0909547508 -0.472695112 141 187 217 
0.516428292 0.0706540048 -0.435383707 133 178 210 
0.494318247 0.0715801418 -0.432450294 137 183 214 
0.516143024 0.0705293119 -0.420901686 132 178 211 
0.489115655 0.200431138 -0.623572946 128 173 203 
0.49071461 0.189656794 -0.577252209 126 171 204 
0.467645466 0.197677344 -0.570354104 130 175 205 
0.489452779 0.192573041 -0.551726282 128 172 204 
0.514864504 0.0723066926 -0.381955236 134 182 215 
0.516380608 0.0618576109 -0.335448474 135 180 213 
0.487676561 0.197102189 -0.520510614 136 180 208 
0.453296661 0.212558329 -0.508324742 133 178 207 
0.484264553 0.208172113 -0.486876279 142 188 216 
0.482573032 0.212663382 -0.459127158 144 190 217 
0.480162859 0.218392417 -0.412138492 148 194 224 
0.477115393 0.229616195 -0.396947742 152 198 226 
0.472186625 0.247793585 -0.372660547 163 210 233 
0.441880167 0.264857113 -0.321547687 178 223 239 
0.464413524 0.276189148 -0.331333965 186 228 244 
0.461990952 0.284552217 -0.313043654 183 225 242 
0.431445837 0.280685544 -0.259433031 175 224 243 
0.458243966 0.296646327 -0.275414377 172 219 239 
0.456991196 0.299705744 -0.251893371 166 215 235 
0.455359042 0.301626742 -0.198311463 171 220 238 
0.534941673 0.228389531 -0.875187337 158 201 221 
0.540679276 0.196861416 -0.788253665 140 186 215 
0.539737225 0.196071267 -0.736222386 124 168 198 
0.517316341 0.195831597 -0.733888984 123 167 198 
0.539498389 0.195983499 -0.724284291 120 164 194 
0.560737431 0.0955888033 -0.583761096 135 181 209 
0.559524417 0.0968461037 -0.542042434 142 190 216 
0.565141618 0.0692999661 -0.4938308 134 181 213 
0.562995791 0.0698490143 -0.493296325 134 181 213 
0.56351465 0.0770926476 -0.505730152 137 184 214 
0.565091252 0.0692877769 -0.491382688 134 181 213 
0.540320277 0.18928811 -0.687618852 116 158 189 
0.537190199 0.19732514 -0.633225024 122 163 194 
0.558987856 0.0979712605 -0.529915214 143 191 216 
0.564384162 0.0677843392 -0.442214459 141 187 216 
0.564492881 0.0628654361 -0.392544657 132 180 212 
0.558825195 0.0643537641 -0.391112268 133 180 212 
0.564197719 0.0636263192 -0.387449831 132 180 212 
0.537020802 0.197760969 -0.630289555 123 164 194 
0.536895275 0.193762302 -0.580093503 138 182 210 
0.534684718 0.199643761 -0.543961883 141 185 212 
0.563686669 0.0615410805 -0.340818971 133 180 215 
0.532159328 0.207879245 -0.519536078 139 183 212 
0.530472815 0.210409701 -0.470227242 144 192 221 
0.529528916 0.213723123 -0.463710517 146 194 223 
0.52255106 0.239541292 -0.430253655 162 210 234 
0.486530244 0.257310301 -0.382917047 164 213 235 
0.513251543 0.275492966 -0.402817339 160 210 230 
0.49697876 0.301033139 -0.360280514 171 218 239 
0.504801691 0.307238847 -0.367649555 169 216 237 
0.503618538 0.311039627 -0.35556674 166 213 235 
0.504064381 0.304796159 -0.306654513 166 210 233 
0.501996696 0.311040044 -0.281111717 165 212 236 
0.501430809 0.310652286 -0.250821918 154 206 235 
0.464341521 0.30700177 -0.19637458 170 218 239 
0.498315692 0.319177926 -0.202545881 164 211 239 
0.497853458 0.320216507 -0.192868441 166 213 239 
0.587702334 0.197656721 -0.792988181 130 175 204 
0.587154984 0.195315659 -0.741844058 127 171 200 
0.589001536 0.183567971 -0.696079969 115 156 187 
0.573279381 0.186537236 -0.692737103 115 156 186 
0.588109195 0.18632701 -0.68577075 117 158 188 
0.609796166 0.0838934183 -0.543156624 141 189 215 
0.56990701 0.0943616629 -0.53307873 144 191 217 
0.613735795 0.063921839 -0.502096295 139 186 216 
0.615272343 0.0533926785 -0.455635309 139 186 217 
0.604171336 0.0569754243 -0.452466488 138 186 217 
0.615577281 0.0503481328 -0.435804099 137 185 217 
0.582521379 0.204538494 -0.631602645 132 177 206 
0.5594576 0.201545805 -0.630696177 127 170 200 
0.58232975 0.204853341 -0.626301646 134 178 208 
0.615718126 0.0471493602 -0.406723022 136 184 216 
0.614911318 0.0458273888 -0.354995966 139 186 217 
0.607008159 0.0531762838 -0.350129813 142 189 220 
0.582651556 0.199535131 -0.581981182 145 190 219 
0.579584241 0.208359629 -0.539221764 143 190 221 
0.57688278 0.217710316 -0.519102633 144 190 219 
0.57694751 0.212964088 -0.469334096 147 194 223 
0.546384454 0.212249756 -0.466364205 146 194 223 
0.576053679 0.215752929 -0.459287256 149 197 227 
0.57115382 0.235728949 -0.45631364 154 203 230 
0.552892566 0.25501883 -0.443813473 161 210 235 
0.564665079 0.262046695 -0.450862497 163 212 236 
0.562575758 0.269434482 -0.43703559 163 212 235 
0.557278812 0.288527131 -0.406015426 169 216 235 
0.551266849 0.309378147 -0.361706495 151 198 227 
0.539404154 0.311301947 -0.359356403 153 201 228 
0.551055193 0.309251994 -0.350587964 148 195 225 
0.552148938 0.301420569 -0.313774675 149 195 225 
0.548828959 0.310188115 -0.25878337 151 201 233 
0.548689961 0.310519814 -0.256087154 151 201 232 
0.549374998 0.303336203 -0.20771265 167 217 240 
0.516331434 0.319585562 -0.195242152 168 215 241 
0.634717762 0.19399035 -0.747791529 131 174 203 
0.635496199 0.186439663 -0.699626923 123 163 192 
0.633831739 0.190969169 -0.673541963 125 166 196 
0.660320461 0.0664400756 -0.505845428 136 185 217 
0.639308393 0.0426402688 -0.411768168 139 187 218 
0.667176127 0.0260267854 -0.371510476 133 180 213 
0.665985823 0.0262575448 -0.371254146 133 180 212 
0.631192446 0.198858351 -0.640040874 134 178 207 
0.628525078 0.20715481 -0.60977006 139 185 216 
0.626606584 0.212385774 -0.579820633 140 187 219 
0.624292195 0.218024313 -0.536225855 139 185 215 
0.622865796 0.222592443 -0.521499753 140 186 214 
0.590932727 0.223032355 -0.465393871 151 199 228 
0.618750632 0.235372841 -0.474591762 155 205 232 
0.608618259 0.275448024 -0.454735547 170 218 238 
0.580369532 0.3028633 -0.42080602 157 206 230 
0.598461986 0.315641016 -0.435095906 149 195 221 
0.5980075 0.315775216 -0.415720254 149 197 225 
0.601186812 0.298790991 -0.372951329 153 203 231 
0.600990236 0.295071602 -0.322595447 144 191 223 
0.582605779 0.298918754 -0.318482429 145 191 223 
0.600788236 0.294040382 -0.301862538 147 193 223 
0.601091504 0.290181905 -0.272908956 150 196 225 
0.551433802 0.309727818 -0.256819487 151 201 232 
0.604059339 0.27402848 -0.229664803 168 215 238 
0.563788593 0.289878398 -0.216617405 168 218 240 
0.679512441 0.199049741 -0.69760406 138 179 206 
0.678113699 0.202742726 -0.674422741 139 179 206 
0.719893396 0.00444811583 -0.38904193 126 172 204 
0.676824987 0.205117613 -0.641650319 134 175 204 
0.675544143 0.205658793 -0.588857651 137 183 212 
0.673386455 0.206281722 -0.588281691 137 183 212 
0.675392866 0.206127226 -0.587118804 137 184 212 
0.669763207 0.223911658 -0.526286066 158 199 222 
0.669725478 0.224029928 -0.525867045 158 199 222 
0.663017929 0.247219115 -0.475606173 162 209 233 
0.653445363 0.284522712 -0.450655013 172 222 240 
0.641998053 0.33110702 -0.442764372 136 176 203 
0.643773854 0.321508586 -0.417630523 142 187 218 
0.647931278 0.300681263 -0.377059639 154 204 233 
0.649820745 0.288765132 -0.331391931 148 196 227 
0.649316311 0.286255389 -0.280344218 152 202 230 
0.633437276 0.288382322 -0.277442276 152 200 229 
0.654977202 0.259520292 -0.243152291 165 212 235 
0.637709498 0.266576588 -0.237416238 166 214 236 
0.723961771 0.214450002 -0.746468425 141 182 208 
0.726283729 0.200834483 -0.70177269 141 183 209 
0.723587811 0.208614632 -0.664454579 147 188 212 
0.758242965 0.0438160896 -0.424197912 138 184 215 
0.757192612 0.0434510708 -0.371923506 147 191 218 
0.722005486 0.213152975 -0.642243922 153 193 216 
0.715358615 0.216440797 -0.587367475 157 198 221 
0.719737291 0.217591688 -0.587431312 159 200 222 
0.719728053 0.217609823 -0.587211668 159 200 222 
0.713837683 0.236712426 -0.529055119 167 209 227 
0.713314414 0.23831889 -0.522883832 167 209 228 
0.70774138 0.256807029 -0.472469151 162 208 233 
0.701178968 0.281510323 -0.445697159 154 201 226 
0.687450588 0.287587702 -0.440882593 157 204 228 
0.699700236 0.286529362 -0.433581501 152 198 224 
0.650552809 0.319850683 -0.419277281 139 184 215 
0.698090851 0.289152563 -0.388843 153 200 228 
0.661247909 0.299599528 -0.379111409 151 201 231 
0.69639051 0.292829156 -0.351636797 144 193 224 
0.696344018 0.291524529 -0.335003167 145 193 224 
0.698583782 0.278232068 -0.290122658 149 199 225 
0.703425944 0.254713923 -0.251090765 161 211 230 
0.722850204 0.218254089 -0.587204278 160 200 222 
0.712014735 0.28904748 -0.338072628 144 193 225 
0.73462826 0.248841256 -0.257714152 162 210 231 
-1.08581781 0.111113191 -0.865599215 188 219 231 
-1.09775448 0.125083208 -0.856688023 180 217 229 
-1.0927155 0.141132206 -0.882505774 181 215 226 
-1.08406591 0.0997374654 -0.819622397 203 231 239 
-1.09005451 0.104107082 -0.816587269 209 234 240 
-1.08482981 0.102094054 -0.810742915 206 231 239 
-1.09247017 0.137251616 -0.850649238 177 213 228 
-1.08703923 0.111420214 -0.812940359 203 230 238 
-1.03524649 0.102457851 -0.928222239 179 217 230 
-1.06474876 0.114717931 -0.918311 170 206 220 
-1.04141021 0.128222138 -0.931536674 186 226 236 
-1.02738357 0.0670708418 -0.895978868 186 225 237 
-1.0577333 0.0935761929 -0.878225207 191 220 231 
-1.02566028 0.0558074117 -0.849937797 177 215 232 
-1.04209495 0.0745215416 -0.837951601 178 211 225 
-1.02829552 0.0632984638 -0.812189043 172 207 221 
-1.044963 0.140636533 -0.906385779 184 222 234 
-1.04775929 0.149567515 -0.877249897 185 222 235 
-1.03115654 0.0729120076 -0.787671566 180 216 227 
-1.04493165 0.0921889246 -0.775671482 194 225 235 
-1.03486395 0.0857299268 -0.759898901 188 222 233 
-1.04850388 0.150057971 -0.84851402 186 223 236 
-1.04198813 0.119964004 -0.813243151 179 219 233 
-1.04506075 0.127545387 -0.756423831 190 225 237 
-0.970924914 0.0307914019 -0.921918511 164 214 233 
-0.973531723 0.0315688848 -0.921209097 166 217 234 
-0.974687219 0.0490715802 -0.952324748 158 207 232 
-0.969554424 0.0236620605 -0.905615091 162 213 232 
-0.975975573 0.0551286042 -0.960481882 157 205 231 
-1.01654243 0.0851921141 -0.939669967 176 212 227 
-1.01565337 0.0625674725 -0.899717629 187 227 238 
-0.969043672 0.0189077258 -0.876232207 162 212 230 
-0.998519003 0.0438749194 -0.859411418 181 226 240 
-0.974269032 0.0369168818 -0.836455643 155 200 220 
-0.999177635 0.150140554 -0.951066494 186 222 230 
-0.976213813 0.0425893366 -0.810204268 148 190 214 
-1.01000714 0.0594483316 -0.79731977 170 208 223 
-0.976373196 0.0387236774 -0.759932041 178 218 232 
-0.992704749 0.0407963693 -0.757009864 178 217 232 
-0.975832224 0.0345706046 -0.738617063 165 207 226 
-1.00395656 0.165072709 -0.897598863 179 220 231 
-1.00218415 0.154938996 -0.866361856 186 227 237 
-1.01284051 0.0771165192 -0.735039473 177 217 231 
-0.977159262 0.0373205841 -0.708251357 155 198 220 
-1.01215649 0.0544422567 -0.695091665 174 216 236 
-0.977647007 0.0347452164 -0.657241166 166 207 231 
-0.985015988 0.0381715894 -0.65456754 163 204 228 
-0.978180945 0.0361128747 -0.647926688 168 210 233 
-1.01850343 0.185459197 -0.832552791 191 231 242 
-1.01310551 0.198919863 -0.853685379 188 228 236 
-1.01446152 0.163597643 -0.792531788 187 228 238 
-1.04186654 0.134124666 -0.753195763 188 224 236 
-1.00642192 0.119863957 -0.712490737 175 215 231 
-1.01023841 0.0961003006 -0.67264092 172 209 227 
-0.998870909 0.0760119557 -0.632460356 183 225 239 
-0.982070982 0.0476361215 -0.597384989 180 219 235 
-0.99360466 0.0544467866 -0.59241271 182 222 237 
-0.978079259 0.0274600089 -0.556441665 174 219 240 
-0.989616752 0.03257218 -0.5523929 177 223 243 
-0.978903234 0.0296037793 -0.542435825 172 216 238 
-1.01294827 0.195911586 -0.827477336 188 230 242 
-1.01655376 0.204285145 -0.770168364 193 233 245 
-1.01628292 0.20456475 -0.770536721 193 233 245 
-1.01726794 0.181272417 -0.730250955 189 233 243 
-1.00917578 0.160391241 -0.690141737 178 220 234 
-1.0260334 0.133471161 -0.650575995 181 223 235 
-1.00688529 0.115265965 -0.610225976 181 223 239 
-1.01164007 0.0912753046 -0.570396543 186 225 239 
-0.999760449 0.071310848 -0.530204833 179 220 237 
-0.984400392 0.0478055477 -0.492321819 183 225 242 
-0.98965013 0.0509181619 -0.490051717 185 227 242 
-0.980188847 0.0267654657 -0.451872587 166 211 240 
-0.985676467 0.0290400982 -0.450032204 166 212 239 
-0.978707671 0.0185509324 -0.428592086 159 209 239 
-1.01633358 0.20472163 -0.769955158 193 233 245 
-1.01307619 0.187430829 -0.72736156 186 231 241 
-1.00840008 0.164565533 -0.687956214 177 219 234 
-1.00545251 0.148491889 -0.644666433 170 214 228 
-1.00001383 0.122629881 -0.606975198 177 219 236 
-0.999501109 0.116123646 -0.558213294 175 217 234 
-1.00990605 0.110049039 -0.508016884 178 219 234 
-1.00237441 0.12562719 -0.531902313 173 215 232 
-1.00868475 0.0875048041 -0.468057364 185 225 240 
-0.999578178 0.0668691397 -0.427926034 186 230 242 
-0.983154595 0.033926785 -0.395293444 171 221 240 
-0.989097118 0.0465661883 -0.387764782 181 228 241 
-0.981854081 0.0243251026 -0.348302037 172 217 239 
-0.983777046 0.0250140429 -0.347715944 173 217 239 
-0.981564164 0.0226072371 -0.342523217 172 217 238 
-1.00233221 0.122755617 -0.501936913 176 217 233 
-1.00797749 0.128869832 -0.445632994 177 216 232 
-1.0054599 0.13081646 -0.44791621 176 215 231 
-0.999430001 0.102368832 -0.408630908 184 226 239 
-1.00327682 0.12000972 -0.428050429 180 220 234 
-1.00244403 0.0845294893 -0.365646541 185 230 243 
-0.99932009 0.100421935 -0.392042696 184 227 240 
-0.996942103 0.0630213618 -0.32559374 181 224 236 
-0.987279594 0.0411514342 -0.28619495 192 235 246 
-0.988017797 0.0423415899 -0.285466403 193 236 246 
-0.982628167 0.0183829069 -0.246734321 183 225 238 
-0.985635459 0.0200784206 -0.245481551 184 226 238 
-0.982644439 0.0178700089 -0.240289479 181 224 238 
-1.00567794 0.13141048 -0.444503576 177 216 232 
-1.0043968 0.121884584 -0.397468776 187 228 240 
-1.0151583 0.145485759 -0.383447498 192 234 243 
-1.01112819 0.148791999 -0.387434691 191 233 242 
-1.02907062 0.11927852 -0.343817562 179 223 237 
-1.00794125 0.101552933 -0.303424358 193 234 242 
-0.988883257 0.047452569 -0.282590985 194 236 246 
-1.00023556 0.09486866 -0.288308769 193 235 244 
-0.994850397 0.0590418279 -0.223273307 186 228 239 
-0.994649708 0.0672167242 -0.237476856 189 231 242 
-0.989084244 0.0396652818 -0.186829746 189 228 240 
-1.0126164 0.154181242 -0.378996581 191 234 243 
-1.01048017 0.141295969 -0.333883166 188 231 242 
-1.02898812 0.137652546 -0.281473845 195 236 245 
-1.01352596 0.150578141 -0.297192723 194 235 245 
-0.999354959 0.0885985196 -0.259057373 197 237 247 
-1.02359247 0.11611864 -0.241423339 205 239 248 
-0.995488763 0.0689154565 -0.217831999 187 230 241 
-1.00422001 0.104509473 -0.212505847 195 237 246 
-1.02094841 0.177936822 -0.260443121 192 231 240 
-1.01657784 0.156271547 -0.220351487 193 236 246 
-1.00673556 0.113107204 -0.192556351 195 238 247 
-1.02523637 0.134074807 -0.179117233 194 233 243 
-1.01679921 0.156696737 -0.214914948 193 236 246 
-1.00938344 0.119985491 -0.147429541 197 238 247 
-1.01594543 0.149294674 -0.171858758 192 235 244 
-1.01859951 0.155524611 -0.119234778 205 241 248 
-0.927527368 0.0503241718 -0.968419254 182 225 239 
-0.970600247 0.0551182926 -0.961078167 160 207 232 
-0.924710155 0.0347629786 -0.924836397 160 201 218 
-0.918864548 0.00730222464 -0.888059497 173 212 227 
-0.956929505 0.0127475262 -0.88091445 162 211 229 
-0.919739783 0.00804641843 -0.856146932 187 226 235 
-0.926880479 0.034307152 -0.820130765 153 194 212 
-0.931611001 0.037229687 -0.818021119 147 189 209 
-0.927663565 0.0371878445 -0.816191435 150 191 210 
-0.929208994 0.0389645994 -0.764983654 170 211 227 
-0.929876029 0.0380559862 -0.72426182 159 200 218 
-0.999597967 0.171681136 -0.894482911 179 220 232 
-0.930122554 0.0380623639 -0.71301657 159 199 218 
-0.930845797 0.0364124179 -0.661477089 175 214 230 
-0.932527006 0.0410945714 -0.636322141 181 219 233 
-0.97952044 0.217734605 -0.871636629 168 212 227 
-0.970791757 0.220437109 -0.87247771 164 208 226 
-0.935679018 0.0509113967 -0.600701213 190 227 239 
-0.939559221 0.0446882546 -0.551302552 182 224 239 
-0.935969055 0.0480494201 -0.555581689 184 225 239 
-0.970971644 0.221027821 -0.870784581 165 209 226 
-0.990475655 0.233437002 -0.809533358 169 214 233 
-0.976991594 0.241044283 -0.816833913 168 210 229 
-0.936136663 0.048217684 -0.549758673 183 224 239 
-0.936805069 0.0463522673 -0.498342484 185 224 238 
-0.936072469 0.0389820933 -0.450074703 188 232 244 
-0.936131001 0.0387665331 -0.444991678 189 232 244 
-0.980998576 0.255934238 -0.798336506 163 209 227 
-1.0026437 0.248845816 -0.747456431 172 212 225 
-0.984475613 0.26800856 -0.772876263 162 208 224 
-1.00665498 0.225035071 -0.707610846 164 206 222 
-1.01039982 0.201288849 -0.667759478 181 224 236 
-0.995838284 0.181973487 -0.627509356 179 220 234 
-0.987124979 0.161242664 -0.587386608 174 216 231 
-0.999698997 0.135359436 -0.547727525 173 215 232 
-0.936824858 0.0374464989 -0.398469776 183 222 237 
-0.965316415 0.029482305 -0.347313851 176 221 239 
-0.938390076 0.0398652852 -0.353486091 182 225 239 
-1.00019908 0.290631354 -0.724994242 147 186 207 
-0.991982877 0.295087963 -0.729130268 144 182 204 
-1.00867105 0.265740961 -0.685245812 163 205 224 
-1.00794363 0.243077189 -0.645296991 184 221 235 
-0.994475484 0.223497197 -0.60507071 166 212 230 
-0.989634633 0.201829076 -0.565032303 169 212 230 
-0.991195202 0.178611547 -0.525133312 182 224 234 
-0.992407441 0.155478269 -0.48522681 179 220 234 
-0.999524534 0.108075976 -0.405515939 185 226 239 
-0.938848019 0.0409043431 -0.344008923 181 226 239 
-0.939697444 0.0397500694 -0.292185903 193 235 245 
-0.969211698 0.0240536332 -0.245123804 185 228 240 
-0.940407097 0.039765209 -0.259776682 193 235 245 
-0.992549419 0.296828777 -0.722463489 144 182 204 
-0.989175498 0.279079884 -0.680131912 151 196 220 
-0.985279083 0.259278119 -0.638974428 164 206 227 
-0.980577052 0.236310944 -0.599627435 167 215 235 
-0.97698772 0.217715681 -0.557779908 170 215 235 
-0.978296757 0.218367204 -0.504924059 161 209 231 
-1.00098813 0.194595218 -0.463004738 173 216 234 
-0.97882688 0.21987538 -0.497343332 159 207 231 
-0.99627614 0.172895908 -0.422969162 197 239 246 
-0.993703306 0.0821593106 -0.263181269 197 238 247 
-0.940815389 0.0396510363 -0.239759386 188 231 242 
-0.979349494 0.218012005 -0.45264408 164 213 234 
-0.996658266 0.213997275 -0.400568515 180 227 242 
-0.982001543 0.225506559 -0.41416952 171 222 241 
-1.00875664 0.188229084 -0.360899061 192 239 246 
-1.00229836 0.166952431 -0.320825428 200 241 249 
-0.99779129 0.0995238423 -0.20092839 194 238 247 
-0.982992828 0.227835774 -0.394542187 177 227 243 
-0.995539248 0.232622117 -0.338202208 179 226 238 
-0.986747086 0.238914505 -0.345291585 176 224 238 
-1.00098836 0.208463341 -0.298387945 199 239 246 
-1.02034497 0.180938393 -0.258876622 192 231 240 
-1.01615131 0.159113586 -0.218852311 193 236 246 
-0.987684548 0.24177888 -0.334084183 170 219 235 
-0.985204935 0.22754401 -0.289742678 194 239 247 
-0.9816643 0.209140331 -0.247785598 187 233 245 
-0.989854813 0.206672356 -0.195870548 185 232 241 
-0.983582318 0.213162422 -0.204426691 184 232 242 
-1.00157082 0.180996746 -0.15619278 190 236 244 
-0.983891428 0.213399455 -0.192866385 180 228 239 
-0.981494367 0.199488938 -0.148339391 196 244 251 
-0.8815521 0.0552366674 -0.970799029 204 239 247 
-0.878969431 0.040596962 -0.926689148 188 228 239 
-0.885676503 0.0299938321 -0.879362464 170 210 226 
-0.878650606 0.0356255472 -0.886082649 172 211 227 
-0.87863344 0.0347850919 -0.877530038 168 207 224 
-0.880334675 0.0369780362 -0.823792636 161 199 218 
-0.881702244 0.0406477749 -0.801789522 158 195 216 
-0.883270502 0.0440218151 -0.767280698 157 195 217 
-0.881028116 0.0307190716 -0.72240603 176 212 226 
-0.920786917 0.0353637636 -0.715510488 162 202 219 
-0.882391632 0.033975929 -0.695999146 165 202 222 
-0.919762909 0.208895057 -0.92402339 170 215 230 
-0.883771241 0.0370057225 -0.666327238 157 195 219 
-0.883717179 0.0323010981 -0.616534829 176 216 232 
-0.900714338 0.0357364118 -0.612798333 178 218 233 
-0.884555995 0.0346054137 -0.60363096 176 217 234 
-0.921597242 0.212584406 -0.880803287 165 205 223 
-0.967868865 0.220554799 -0.871382833 165 209 226 
-0.924693882 0.223220974 -0.856832981 167 211 229 
-0.889071405 0.0488474667 -0.55458796 188 228 241 
-0.927941382 0.0475002825 -0.551049471 184 225 239 
-0.888070464 0.0419189334 -0.523549855 179 220 236 
-0.931750655 0.2480703 -0.808987319 176 221 236 
-0.887886882 0.0397014618 -0.507335901 173 215 233 
-0.889370978 0.0410410166 -0.454086572 170 211 231 
-0.886621654 0.0257464647 -0.410351187 165 209 229 
-0.902889431 0.0262383223 -0.408295989 171 214 232 
-0.886684775 0.0249747038 -0.39887616 165 209 229 
-0.931786954 0.2481305 -0.807989359 176 221 236 
-0.938892365 0.273340166 -0.76191479 151 197 220 
-0.888947964 0.0303954482 -0.355209023 174 215 233 
-0.931063294 0.0377730429 -0.34656775 181 225 239 
-0.88945514 0.0286043584 -0.312022984 182 225 239 
-0.945333838 0.296867818 -0.727630615 119 158 181 
-0.961646199 0.299962819 -0.724154472 122 159 182 
-0.941076219 0.275646806 -0.687284946 147 187 208 
-0.951527357 0.279572189 -0.684001148 144 184 206 
-0.93753773 0.257251263 -0.645323157 159 201 225 
-0.942583978 0.258897036 -0.643873334 159 201 225 
-0.937469959 0.256213635 -0.636906147 159 203 225 
-0.890397906 0.0316008031 -0.302036375 183 226 239 
-0.892381072 0.0349013805 -0.247665435 185 225 240 
-0.917864323 0.0364819169 -0.244005382 186 229 242 
-0.892541945 0.033800602 -0.228049695 184 226 241 
-0.935900033 0.246324703 -0.599089503 169 215 232 
-0.933302999 0.231628358 -0.555011928 153 200 222 
-0.961366594 0.227025166 -0.502074659 159 207 230 
-0.935448885 0.236123815 -0.506450057 157 205 228 
-0.935893238 0.23731412 -0.499276787 160 208 230 
-0.938530922 0.243186444 -0.443434924 169 219 238 
-0.939273715 0.244973809 -0.429193407 172 221 239 
-0.94508189 0.264435232 -0.378798455 165 208 229 
-0.945423841 0.265334845 -0.373097092 168 210 230 
-0.943854332 0.25511989 -0.331643194 189 232 247 
-0.941075444 0.239709198 -0.287974209 178 224 240 
-0.939302325 0.228250295 -0.242045045 173 220 238 
-0.939564824 0.226245224 -0.207714111 179 224 238 
-0.939326584 0.223853812 -0.192076445 179 224 238 
-0.938415706 0.215783149 -0.14420931 178 224 242 
-0.83744812 0.067501992 -0.968973279 185 221 236 
-0.833028555 0.0456446409 -0.928991556 175 213 229 
-0.831409574 0.0347914696 -0.882715821 156 194 216 
-0.868247211 0.0342124104 -0.878982842 166 205 223 
-0.832473457 0.0380170941 -0.869716644 156 194 216 
-0.835706234 0.047182411 -0.823145628 157 193 215 
-0.836163342 0.0461991131 -0.791232109 169 204 223 
-0.837087214 0.0481168926 -0.770127952 171 207 225 
-0.836768329 0.0423720777 -0.720930576 154 193 217 
-0.835505426 0.0329179168 -0.673854709 149 191 219 
-0.836410463 0.0329467058 -0.673739612 149 191 219 
-0.835526705 0.0329625607 -0.673374057 149 192 219 
-0.869378328 0.192963868 -0.89721477 161 202 221 
-0.889178455 0.198407382 -0.892077804 158 199 217 
-0.870706916 0.197035104 -0.881459236 159 201 220 
-0.837887526 0.0377857983 -0.618587375 166 207 228 
-0.83918786 0.0410019755 -0.594627321 166 208 229 
-0.879787087 0.231901169 -0.852027237 168 212 230 
-0.846451104 0.0669426024 -0.549427807 178 223 238 
-0.846384168 0.0665420592 -0.548051655 178 223 238 
-0.881521881 0.236187279 -0.820009828 163 208 228 
-0.931174397 0.247790456 -0.808241665 176 221 236 
-0.884169281 0.243510276 -0.779842377 164 207 227 
-0.843699753 0.0516400933 -0.505696952 170 212 234 
-0.843711793 0.0471954942 -0.455755919 160 202 226 
-0.841713011 0.0348499417 -0.410333842 163 203 226 
-0.841827214 0.033898741 -0.394518703 163 203 226 
-0.887800336 0.25636518 -0.755985737 160 200 221 
-0.911281765 0.270959347 -0.745466411 155 197 219 
-0.890084028 0.26270625 -0.721604466 156 194 216 
-0.844280422 0.0404463708 -0.354649782 161 204 227 
-0.845429599 0.0416474044 -0.315237433 168 209 230 
-0.891209364 0.265268177 -0.698410511 156 195 218 
-0.890839994 0.259325057 -0.649326503 154 197 221 
-0.89073211 0.255829483 -0.615437746 159 205 226 
-0.846664011 0.0453200638 -0.299379051 174 214 233 
-0.851258099 0.052603513 -0.242554575 187 225 239 
-0.849798441 0.0531899333 -0.242930412 187 225 239 
-0.890554607 0.253712058 -0.600053728 162 209 229 
-0.893462598 0.260646373 -0.543604434 161 211 236 
-0.893886387 0.261360019 -0.532078922 162 212 237 
-0.849816799 0.0532164872 -0.242379487 187 225 239 
-0.895163238 0.262836576 -0.489868551 164 215 237 
-0.921737492 0.254971147 -0.438869566 163 214 233 
-0.897451103 0.268922329 -0.452455014 159 210 231 
-0.897729933 0.268430084 -0.43418619 156 207 229 
-0.933705091 0.270428479 -0.376788318 163 207 228 
-0.901812553 0.280428648 -0.380081445 161 207 231 
-0.90208137 0.281036139 -0.374492913 157 205 229 
-0.900469303 0.270210207 -0.328201681 171 218 237 
-0.89799279 0.255987555 -0.283853203 178 226 240 
-0.894132257 0.236326665 -0.242615163 167 212 232 
-0.891727626 0.222386405 -0.198105186 162 205 226 
-0.916958988 0.224316284 -0.194282755 172 215 233 
-0.892249405 0.223001808 -0.180989593 161 205 227 
-0.893010199 0.222934365 -0.145308584 157 204 227 
-0.896163881 0.232295379 -0.104548261 164 215 235 
-0.789613664 0.0651093423 -0.97553122 164 209 228 
-0.784729898 0.0414280891 -0.936592698 170 207 225 
-0.785277724 0.0390887856 -0.885447443 157 195 214 
-0.787142277 0.0445966423 -0.861049354 158 194 214 
-0.789844096 0.0525393784 -0.82527113 153 189 212 
-0.789017618 0.0448002517 -0.777214408 153 190 215 
-0.805312872 0.0449594557 -0.7753371 160 197 219 
-0.789003909 0.0437277853 -0.765926778 153 190 216 
-0.791338265 0.0494268239 -0.722084999 155 194 220 
-0.789637864 0.038253665 -0.67599237 150 191 220 
-0.789958954 0.0383710265 -0.662554026 151 191 221 
-0.822300196 0.193542928 -0.902073026 158 202 221 
-0.821717203 0.186760545 -0.853469133 169 206 226 
-0.829579473 0.189993083 -0.850846648 168 206 225 
-0.822353899 0.188655257 -0.845292389 170 207 226 
-0.814805806 0.056529969 -0.610927105 164 207 231 
-0.799036503 0.0732237399 -0.63309747 161 205 229 
-0.839092672 0.228884339 -0.828644931 162 207 229 
-0.831819236 0.225427866 -0.819365203 160 206 229 
-0.800508618 0.0764758289 -0.601647854 152 197 226 
-0.801522672 0.0759683549 -0.549454987 156 198 226 
-0.801554143 0.0756024718 -0.543944836 155 197 225 
-0.833302557 0.227790594 -0.77751857 153 197 223 
-0.859627545 0.242268026 -0.766750276 158 200 223 
-0.836785734 0.239929736 -0.75249809 149 192 219 
-0.800778389 0.0685521364 -0.501213551 159 200 227 
-0.800570309 0.0632428527 -0.451767057 154 193 222 
-0.806753933 0.0495072603 -0.406201988 164 203 228 
-0.79941684 0.0549373031 -0.412431061 162 201 227 
-0.839596689 0.248030037 -0.713459373 151 195 221 
-0.872810125 0.257431298 -0.704695463 156 196 219 
-0.841503143 0.253198326 -0.683363914 154 199 223 
-0.799469054 0.0544237792 -0.404327959 164 203 228 
-0.801293731 0.0571017563 -0.350313127 166 203 228 
-0.802956343 0.0623748302 -0.332577825 167 203 227 
-0.842619061 0.25541392 -0.656752944 159 204 227 
-0.842198014 0.249267593 -0.607785225 149 195 224 
-0.876135588 0.252140582 -0.602493048 155 202 225 
-0.843389392 0.252451092 -0.588464975 153 200 228 
-0.811437428 0.0850816667 -0.281620175 186 222 238 
-0.809761703 0.0859793425 -0.28244403 186 222 238 
-0.867995143 0.272464931 -0.539973855 169 217 238 
-0.850542188 0.277775824 -0.541493356 173 219 238 
-0.809844732 0.0862088799 -0.281181991 186 222 238 
-0.8107723 0.0853618979 -0.229183257 187 225 241 
-0.850812256 0.278623521 -0.538511813 173 220 238 
-0.850111604 0.271378279 -0.490172595 176 222 242 
-0.852100611 0.275405914 -0.443611354 152 202 227 
-0.852448463 0.276068717 -0.435006708 148 198 226 
-0.853100657 0.274139613 -0.383626908 158 207 231 
-0.892239571 0.280464947 -0.375885129 157 205 229 
-0.85247761 0.267199755 -0.335113019 181 222 241 
-0.852586925 0.267222762 -0.335088462 182 222 241 
-0.852473915 0.267169178 -0.334944516 181 222 241 
-0.850460052 0.254780293 -0.289733171 165 212 232 
-0.846013486 0.232816786 -0.249812126 164 205 227 
-0.843188941 0.217226848 -0.206245691 158 200 221 
-0.844909608 0.219637662 -0.154043019 146 188 214 
-0.845015943 0.219913691 -0.152225748 146 188 214 
-0.742319703 0.0648404658 -0.980874479 180 223 235 
-0.762579679 0.0642744005 -0.978956103 171 216 232 
-0.746275604 0.0833621919 -1.00507426 179 224 237 
-0.738058388 0.0436049104 -0.940537095 174 213 229 
-0.76430577 0.0410168171 -0.939060807 171 209 226 
-0.737611949 0.0404733717 -0.926232815 171 209 226 
-0.737568378 0.0371878147 -0.891724169 167 203 221 
-0.739915788 0.0419193804 -0.836534739 156 195 215 
-0.741034389 0.0421636403 -0.836278975 156 194 215 
-0.739978015 0.0421014428 -0.835700274 156 194 215 
-0.767215967 0.166856557 -0.971509099 192 226 236 
-0.742732167 0.0484940708 -0.7802912 159 199 221 
-0.740304291 0.0344624817 -0.735833406 151 191 216 
-0.752091348 0.0350015461 -0.734244943 150 190 216 
-0.740537405 0.0347859263 -0.728726864 150 190 216 
-0.774817288 0.194401681 -0.928619027 172 207 222 
-0.776498497 0.0474479795 -0.672434628 149 191 221 
-0.749248981 0.0678273737 -0.695940614 164 204 228 
-0.775846422 0.196575493 -0.905528069 168 210 227 
-0.774007559 0.184858263 -0.859746575 167 207 226 
-0.774162054 0.18107304 -0.810591936 159 198 219 
-0.750969231 0.0718758106 -0.661951482 152 196 223 
-0.752520204 0.0739364028 -0.613645256 148 191 220 
-0.774223328 0.181214392 -0.80934751 159 198 219 
-0.817574859 0.211252749 -0.788243234 157 201 227 
-0.775877237 0.183221132 -0.755716562 160 198 224 
-0.795083463 0.193856806 -0.747820377 164 204 229 
-0.777525365 0.187638134 -0.729134977 161 202 227 
-0.75273329 0.0743153393 -0.608072996 147 190 219 
-0.752835989 0.0702271163 -0.557928205 149 193 223 
-0.751601279 0.0608837605 -0.510788977 148 192 223 
-0.769300163 0.0630584955 -0.507661045 150 193 224 
-0.751574516 0.0591701567 -0.492975473 147 190 221 
-0.815616369 0.230080813 -0.725858688 146 191 220 
-0.786134183 0.220171019 -0.695413828 149 193 220 
-0.752481997 0.0598526299 -0.458895564 156 194 222 
-0.753492892 0.0593328774 -0.406709641 158 198 227 
-0.777598441 0.0565641224 -0.405566931 161 201 228 
-0.753551424 0.0588719547 -0.398901761 158 198 227 
-0.787839949 0.225733817 -0.678918123 155 197 222 
-0.823352814 0.246562272 -0.663685262 158 202 225 
-0.792243183 0.240328357 -0.638943136 161 208 232 
-0.755587339 0.0630706847 -0.35208866 150 191 220 
-0.758808851 0.0748139024 -0.334681988 145 189 219 
-0.79471761 0.248266146 -0.613547444 154 204 230 
-0.798141599 0.259443104 -0.580555916 159 210 236 
-0.764396787 0.0931933224 -0.282376677 187 225 238 
-0.800709367 0.0876783133 -0.281386495 187 223 238 
-0.76481092 0.0944418311 -0.277238101 189 227 239 
-0.803683579 0.279003918 -0.543483675 159 208 234 
-0.836725175 0.280033588 -0.539292693 168 215 236 
-0.804835141 0.282494426 -0.529405117 159 209 234 
-0.766889572 0.0984964371 -0.226860374 168 209 229 
-0.805196345 0.280456007 -0.490170002 163 215 237 
-0.802693486 0.266129762 -0.4458808 167 211 234 
-0.842704117 0.274100631 -0.437148094 152 201 226 
-0.804694772 0.271714866 -0.416063935 170 213 234 
-0.806370139 0.276084542 -0.387703955 162 207 231 
-0.804675639 0.264934689 -0.341597974 164 210 233 
-0.800247073 0.243041962 -0.301636428 168 214 234 
-0.826706529 0.250647068 -0.294591784 164 211 233 
-0.795057476 0.218158752 -0.263385326 154 199 224 
-0.827125192 0.227705926 -0.254667968 156 200 224 
-0.793917358 0.209187195 -0.216033489 156 195 219 
-0.800451279 0.211322322 -0.214153975 157 196 219 
-0.794181347 0.209584087 -0.208324939 156 195 219 
-0.794921637 0.20864141 -0.163862452 149 195 220 
-0.842722893 0.219444811 -0.152732804 146 188 214 
-0.797017872 0.213541403 -0.122074105 150 198 225 
-0.737042606 0.0431298316 -0.836192012 156 195 215 
-0.703873038 0.0650264621 -0.670852721 148 192 220 
-0.773052871 0.180835128 -0.809682429 159 198 219 
-0.746114731 0.0731562078 -0.609430909 148 189 218 
-0.707359612 0.055210948 -0.466378957 148 188 218 
-0.775047064 0.217060477 -0.685042024 154 197 221 
-0.750367045 0.241388127 -0.62216258 168 215 234 
-0.764326155 0.27471745 -0.497782797 163 212 237 
-0.754465044 0.199613154 -0.173219368 142 185 213 
0.075994119 0.120137841 -0.231329381 116 150 170 
0.0617981255 0.155519396 0.0272428691 164 209 226 
0.0379981175 0.171996742 0.03882166 163 204 217 
0.0548875332 0.18428573 0.0248509347 172 216 231 
0.061599195 0.151809245 0.0776040033 158 202 216 
0.0616813749 0.150653303 0.086676605 155 199 215 
0.0710097551 0.105849177 0.156283259 131 175 199 
0.0570572913 0.108090401 0.159035653 126 169 193 
0.068142429 0.118668258 0.145473957 131 175 199 
0.0724395365 0.0973956883 0.184578806 127 171 196 
0.0505392253 0.19975844 0.0525455847 169 216 228 
0.0601164252 0.157635421 0.0809362903 158 202 215 
0.0593641847 0.156099349 0.132540882 134 175 194 
0.0421490669 0.168515652 0.141186923 129 166 180 
0.0545289963 0.175975949 0.133652151 134 174 187 
0.0633620471 0.135898918 0.173470348 130 170 188 
0.0584331453 0.156648666 0.169180989 131 169 184 
0.0476915538 0.124177516 0.221173614 131 168 188 
0.036576733 0.0986474156 0.260864437 111 146 169 
0.0742396563 0.0796825886 0.298766702 123 165 193 
0.0684860051 0.0835309923 0.301492453 121 162 190 
0.0723907053 0.0875526369 0.296198517 124 165 192 
0.0735754371 0.081687659 0.306979924 122 163 191 
0.0507593751 0.189909816 0.151878923 149 192 207 
0.0614794195 0.138804466 0.227615386 140 181 199 
0.0340043381 0.162058443 0.243284434 146 190 207 
0.0499821603 0.1884 0.20433867 144 191 204 
0.0602760017 0.139041156 0.28023392 137 183 201 
0.0704827011 0.0899527967 0.357123941 120 163 190 
0.0449006557 0.0961763561 0.363320619 110 149 174 
0.0694542974 0.0920044184 0.381540388 130 176 201 
0.0154843479 0.198769659 0.265289992 154 201 214 
0.0408430994 0.223557591 0.233234853 148 198 216 
0.0560049713 0.155823112 0.289832413 139 187 204 
0.0467450172 0.194340497 0.286943883 147 195 213 
0.0511193424 0.172685713 0.326751411 136 183 203 
0.0692120492 0.0904537141 0.409893692 139 184 208 
0.0744690895 0.06530568 0.447993308 141 186 210 
0.0768718123 0.0513729453 0.492507547 159 207 230 
0.0786787271 0.0397812426 0.538360894 166 211 233 
0.0373970792 0.233430058 0.28173691 159 211 227 
0.0107471049 0.238816902 0.287595779 166 219 233 
0.0443846136 0.201482445 0.315947473 148 198 216 
0.0129826367 0.216518179 0.327577412 162 214 228 
0.0357370377 0.238750041 0.298832357 160 213 229 
0.0220776498 0.29811576 0.266250998 176 227 245 
0.0201357752 0.305898398 0.26892066 176 226 245 
0.00765863061 0.279263198 0.309937447 181 233 242 
0.0211360008 0.300946772 0.278023094 176 227 244 
0.0261813998 0.275969893 0.323937505 178 230 242 
0.0358753875 0.230425507 0.384984791 150 199 219 
0.0317746922 0.248280659 0.374837965 164 215 232 
0.0442423224 0.193057925 0.416095376 145 189 208 
0.0413931236 0.200665206 0.46236822 162 209 227 
0.132997721 0.0703027844 -0.131652981 151 203 229 
0.126774982 0.0743888915 -0.12874639 149 200 226 
0.130237639 0.0825973451 -0.141557246 144 190 213 
0.140211955 0.0374644697 -0.097951822 150 200 227 
0.120947719 0.0501385927 -0.0889403597 150 198 224 
0.141150489 0.0292848647 -0.0501469895 157 207 234 
0.137187764 0.0312295258 -0.0486536697 158 208 234 
0.140800923 0.0303045213 -0.0454286113 159 209 235 
0.110797256 0.111715436 -0.106685452 155 202 224 
0.120076269 0.122815907 -0.121964581 146 193 214 
0.107365936 0.0880450606 -0.0668272302 169 218 236 
0.115919471 0.0672755539 -0.0267079547 160 206 224 
0.133038491 0.0586472452 -0.00400493294 155 203 225 
0.108050376 0.172819078 -0.125501499 164 216 233 
0.101356313 0.173464 -0.124415085 162 212 229 
0.107436553 0.175303191 -0.124925204 166 218 235 
0.117395118 0.13160938 -0.0965884104 155 206 230 
0.107808262 0.173463047 -0.121542506 165 217 235 
0.107396528 0.129246324 -0.0444175974 159 214 236 
0.115177765 0.136980832 -0.0544781461 158 212 236 
0.102301523 0.10517326 -0.00459562987 154 204 225 
0.131301612 0.0634918213 0.021901004 156 205 226 
0.106847152 0.0834336877 0.0354363397 152 201 220 
0.132851362 0.0529105961 0.0683321729 153 200 226 
0.117097661 0.0630749166 0.0755925551 154 204 230 
0.132384777 0.0517985523 0.102110364 147 194 219 
0.107078627 0.176637322 -0.123317629 166 218 235 
0.112874076 0.144881874 -0.036513947 155 208 234 
0.111281931 0.146645993 0.0169782192 163 209 227 
0.0966632217 0.122162551 0.0576234832 139 186 208 
0.111004263 0.147556782 0.0196057484 163 208 226 
0.100724876 0.100305825 0.0976448879 150 198 223 
0.12954019 0.0614292324 0.125687629 147 194 218 
0.11410065 0.0807035267 0.137869209 151 200 223 
0.129755408 0.056091845 0.175118059 155 204 226 
0.12548396 0.060618937 0.178050131 158 208 229 
0.128983825 0.0585500896 0.183224529 156 205 227 
0.0810333341 0.182413131 0.0397590399 179 225 238 
0.104724452 0.168559849 0.0745217577 150 196 212 
0.0807318389 0.136660486 0.119618364 142 188 210 
0.0796042383 0.0907078981 0.199459732 130 175 199 
0.126842633 0.0630449951 0.231578112 159 206 225 
0.104982719 0.0740107596 0.239945471 159 205 222 
0.130020708 0.0460657179 0.274349928 145 189 216 
0.114798039 0.0535466373 0.280092239 146 192 219 
0.128560439 0.0505612791 0.291435629 147 192 219 
0.103983521 0.170831472 0.0832943991 150 197 212 
0.0982683599 0.190435529 0.127833724 176 229 239 
0.0664619058 0.151560575 0.181649476 136 175 190 
0.0757822692 0.130976677 0.221785456 144 186 203 
0.0906782597 0.111742318 0.26204285 144 191 210 
0.124240369 0.064286381 0.337254465 136 184 210 
0.11040853 0.0708382428 0.342338532 133 180 208 
0.127191275 0.0481996238 0.380536795 146 192 212 
0.122263998 0.050867945 0.382529765 144 189 210 
0.126909763 0.0486481488 0.388478041 145 191 212 
0.0578621626 0.213512748 0.163938165 162 210 227 
0.0866475552 0.237878874 0.13414523 173 221 234 
0.0507842004 0.188959748 0.203716964 144 191 205 
0.0929292142 0.0849615037 0.404299766 145 193 216 
0.123260573 0.0591525733 0.439284533 147 196 220 
0.096962288 0.0630978644 0.44432053 147 195 219 
0.127645224 0.0374323428 0.479344696 156 207 234 
0.108075857 0.0429479778 0.48449555 162 213 238 
0.13005273 0.0234808326 0.523848355 170 219 244 
0.12719889 0.0247367322 0.524845123 170 219 244 
0.0839919597 0.244891584 0.178136528 160 207 222 
0.0894329697 0.21902065 0.215822726 164 220 233 
0.0879973471 0.221112028 0.258492738 150 200 218 
0.0643131137 0.187748522 0.306286514 144 192 210 
0.0737385005 0.285180032 0.201179713 165 215 228 
0.0518639684 0.294448614 0.208625436 168 218 232 
0.0687457472 0.306331098 0.195362091 171 220 234 
0.0734567195 0.283009708 0.238233149 169 224 237 
0.0491628349 0.248115167 0.288432539 159 212 228 
0.0755531937 0.272631258 0.257311642 167 223 236 
0.0596498847 0.337527007 0.231203973 177 229 244 
0.060320437 0.337955266 0.230753601 176 228 244 
0.0728697777 0.284101665 0.253046095 172 228 240 
0.0426428467 0.287730902 0.310699463 176 225 238 
0.0796335042 0.244049773 0.387587786 154 200 220 
0.0755430758 0.262596607 0.369283617 160 205 223 
0.0830539316 0.226118296 0.429814965 162 202 217 
0.0826485604 0.227421328 0.433945447 165 205 220 
0.174816787 0.102984339 -0.251797378 144 185 206 
0.191167057 0.0228099525 -0.111522995 152 203 227 
0.183113813 0.0239916146 -0.109995238 149 199 225 
0.188672066 0.0343946815 -0.125710666 156 208 230 
0.192436785 0.0157576799 -0.0914506838 144 193 218 
0.180329412 0.0743773282 -0.186995164 153 194 212 
0.140612945 0.10057807 -0.168377936 140 175 192 
0.169531763 0.119062841 -0.1878286 154 196 214 
0.184040338 0.0553043783 -0.145420849 161 214 235 
0.1924375 0.0133261979 -0.0644640848 138 185 209 
0.189930916 0.0186833739 -0.00891686231 152 200 223 
0.186903775 0.0204231441 -0.00763780624 151 199 222 
0.189554363 0.0199421942 -0.005617477 152 200 223 
0.131852701 0.139651567 -0.146159783 147 191 211 
0.158354983 0.164307952 -0.177476078 144 190 212 
0.151580021 0.0530671179 0.0140017495 151 200 223 
0.182821989 0.0431856215 0.0451801196 149 198 226 
0.150706246 0.195266068 -0.170335501 148 197 219 
0.144776002 0.206813261 -0.163402289 154 204 225 
0.14704147 0.210230112 -0.16836822 157 207 226 
0.128866941 0.157282919 -0.0838829055 158 210 234 
0.182309777 0.0441369116 0.0581245646 149 198 225 
0.180064708 0.0484665036 0.113084085 147 194 220 
0.166524947 0.0521986187 0.116602145 149 195 219 
0.181317389 0.0405493081 0.143551826 150 198 224 
0.146209076 0.21293664 -0.160228729 156 205 225 
0.12431109 0.22021386 -0.101506136 164 214 228 
0.140502259 0.232517317 -0.115812831 164 211 224 
0.14719075 0.200095713 -0.0626067966 162 212 234 
0.14607881 0.204910934 -0.065064691 162 213 233 
0.119795397 0.173441201 -0.0217385814 153 205 231 
0.14683786 0.201153308 -0.0581571087 162 213 234 
0.112741351 0.148893982 0.0180407315 163 209 226 
0.182234675 0.0354484618 0.158121526 149 197 224 
0.18278715 0.028785795 0.206793934 148 195 223 
0.151075706 0.0439734161 0.21854049 145 191 217 
0.183711857 0.0206605196 0.25462985 152 201 229 
0.172293931 0.0262692869 0.25893563 146 193 222 
0.183051825 0.0218783915 0.271399558 154 203 230 
0.135071918 0.252205521 -0.0852855295 163 214 230 
0.143768981 0.209048942 -0.0050027743 165 209 226 
0.124471635 0.192927063 0.0407051966 182 230 243 
0.142234206 0.213858664 0.0120123476 169 212 227 
0.18108359 0.0264958441 0.310450524 149 198 225 
0.159468696 0.0415190458 0.320998162 139 186 213 
0.183395505 0.0129199326 0.355168968 138 187 217 
0.17137441 0.0215609074 0.361190498 146 195 221 
0.183757424 0.00830063224 0.389884591 144 189 218 
0.13676925 0.23206079 0.0606421307 183 228 238 
0.126685575 0.211816967 0.103095345 173 221 234 
0.136530831 0.23200804 0.0721742883 180 225 236 
0.183239311 0.0090418756 0.405434042 146 191 219 
0.155393288 0.0360468328 0.423184305 150 201 226 
0.182929873 0.00576588511 0.456043452 144 191 219 
0.165217817 0.0155849457 0.463331252 146 196 223 
0.181432158 0.00972679257 0.48078844 146 196 224 
0.134949133 0.234720692 0.114646636 179 226 236 
0.131340265 0.247618914 0.137002617 189 237 244 
0.178889632 0.0171491802 0.515037477 151 199 227 
0.0997969955 0.264856637 0.187260538 166 215 227 
0.1220451 0.283549249 0.164478213 169 218 232 
0.0989086032 0.241801783 0.227174133 165 220 232 
0.111634433 0.325001925 0.181802213 155 205 220 
0.080956921 0.278650552 0.249192089 170 226 239 
0.102601349 0.359634787 0.211662978 171 215 230 
0.0858231038 0.25250271 0.391505927 152 198 219 
0.131302863 0.222096935 0.422325462 156 202 217 
0.124215186 0.25263685 0.40835464 148 192 210 
0.130378842 0.222124055 0.464445561 144 188 205 
0.227294236 0.0842713714 -0.290160865 146 189 210 
0.220712155 0.106770873 -0.237995744 152 198 217 
0.232398331 0.055346489 -0.203069404 166 207 222 
0.187639803 0.070766747 -0.189762563 154 195 212 
0.222415715 0.0983375013 -0.222492874 154 199 217 
0.233662367 0.0458879471 -0.155996084 159 206 222 
0.200394839 0.0510142148 -0.149551779 163 214 232 
0.239480019 0.0185371637 -0.119156308 146 195 219 
0.24287951 0.000687897205 -0.0768820718 150 200 224 
0.20639801 0.00678753853 -0.0695551112 141 189 213 
0.241462111 0.00404950976 -0.0491655543 148 197 221 
0.21946463 0.110658109 -0.223916858 149 195 214 
0.194528967 0.136467934 -0.207136512 143 186 207 
0.207960367 0.159813046 -0.24197638 132 173 198 
0.239144087 0.0108734071 -0.0185732767 143 191 218 
0.235736847 0.0223072767 0.0107971355 146 194 222 
0.191734701 0.176985443 -0.184788406 167 219 236 
0.201360166 0.182402164 -0.189975977 172 226 241 
0.231877267 0.0349347889 0.0476719067 148 198 224 
0.196917206 0.0412008464 0.0549222156 148 197 225 
0.232461572 0.0284366906 0.0930550173 148 191 213 
0.191845179 0.21942082 -0.164500982 183 232 244 
0.232470512 0.0281119347 0.0962527171 148 190 212 
0.231341869 0.0280549228 0.148703277 158 205 227 
0.18631795 0.0341495574 0.156966239 150 198 225 
0.230995119 0.0256115496 0.191773921 142 187 218 
0.191904515 0.218948707 -0.161979556 183 232 244 
0.185122102 0.242618263 -0.113618858 166 215 232 
0.148768768 0.20329386 -0.0610404611 162 213 233 
0.230827391 0.0255846083 0.19977352 140 186 218 
0.233713001 0.00975438952 0.243202597 147 193 220 
0.23414582 0.00356206298 0.292143971 148 196 224 
0.208046794 0.0120832026 0.299647331 151 200 226 
0.236230254 -0.0091201067 0.337373585 142 189 218 
0.22726807 -0.00610426068 0.33999899 140 187 218 
0.236221254 -0.0103448629 0.351397067 140 186 216 
0.181513548 0.255285591 -0.088713333 169 219 236 
0.168631956 0.249295443 -0.0381988436 171 217 232 
0.179498911 0.260370672 -0.0527272224 176 225 241 
0.154159188 0.222952574 0.00141888857 166 210 227 
0.234950066 -0.00858175755 0.390164644 136 182 213 
0.193604261 0.00410166383 0.401607662 143 188 217 
0.235871106 -0.0166925192 0.438008815 125 170 205 
0.223906159 -0.0114037991 0.442200631 129 173 207 
0.234706104 -0.0129289925 0.449672848 130 175 208 
0.178853899 0.261244237 -0.0328221098 176 223 240 
0.181444019 0.246575251 0.0112710968 176 227 243 
0.182289183 0.238762558 0.0592857674 164 217 234 
0.181095302 0.242383122 0.0738643482 168 220 236 
0.226406127 0.0180747211 0.486204952 167 213 234 
0.148923725 0.258393407 0.125988692 181 226 236 
0.173490047 0.269947767 0.116718389 167 212 227 
0.224385798 0.0239443779 0.513734519 159 203 227 
0.17139551 0.277074635 0.133681715 170 215 231 
0.167411923 0.289952368 0.173469841 174 229 239 
0.155973122 0.336494595 0.18143785 155 207 226 
0.14708592 0.370405465 0.212625802 167 219 237 
0.169995457 0.260116756 0.386398435 161 207 225 
0.153288662 0.268832296 0.39297545 157 201 221 
0.165649146 0.278509408 0.381556094 162 208 226 
0.176873386 0.228599802 0.420855314 158 201 217 
0.177338541 0.222280294 0.469724089 150 190 208 
0.146907866 0.221608207 0.472702414 142 184 202 
0.177393675 0.220368788 0.488434583 158 200 215 
0.278786212 0.0631296039 -0.256290466 161 207 223 
0.266500205 0.0715003908 -0.250386775 156 201 218 
0.281941205 0.0462409258 -0.213466823 171 221 233 
0.264633238 0.0482086539 -0.210494488 169 216 228 
0.28228277 0.043042779 -0.193609059 165 213 230 
0.232438564 0.104449838 -0.228719741 151 198 217 
0.280802995 0.0462214947 -0.160994768 160 204 225 
0.285204768 0.0244340599 -0.120973013 153 202 224 
0.287890106 0.00939083099 -0.0770938769 139 188 216 
0.285850972 0.015293926 -0.0490736142 141 190 218 
0.284353346 0.0187956989 -0.0192315355 139 187 214 
0.2808384 0.0300235152 0.0173748359 145 194 221 
0.243077993 0.206869364 -0.214191079 167 215 231 
0.278079003 0.0389575064 0.0447832271 149 198 223 
0.277118564 0.0383537114 0.095587112 141 184 212 
0.235761136 0.233006164 -0.168712288 181 232 245 
0.277105987 0.0382888913 0.0968840048 141 184 212 
0.277339727 0.0328786671 0.146272779 143 190 220 
0.276147366 0.0330766439 0.198813289 139 186 217 
0.28306821 0.00138631463 0.233226925 144 192 220 
0.252544433 0.00449955463 0.238274664 148 195 221 
0.276167393 0.0329775214 0.198995501 139 186 217 
0.282411426 0.00206682086 0.25581789 145 193 220 
0.221919835 0.266679227 -0.139313012 164 216 232 
0.226353317 0.269494325 -0.142262176 164 217 233 
0.276142359 0.0330914855 0.198877662 139 186 217 
0.281803608 0.00186347961 0.285982996 143 192 220 
0.280868828 0.00104466081 0.337997913 142 188 219 
0.283965945 -0.0156165063 0.380951613 131 177 211 
0.28250128 -0.0155752599 0.381135017 131 177 211 
0.283923149 -0.0155015886 0.381638885 131 177 212 
0.225664169 0.271859527 -0.13690646 165 216 233 
0.201633006 0.280122966 -0.0774129704 163 212 229 
0.220043808 0.290644288 -0.0876161531 161 206 225 
0.27958113 -0.00287935138 0.440719873 140 186 217 
0.278873593 -0.000588864088 0.447750658 140 186 217 
0.218888402 0.293991268 -0.0717649087 155 202 222 
0.222773075 0.274235696 -0.0305810422 160 210 231 
0.228417367 0.247566015 0.00664830953 162 209 228 
0.228128433 0.244209588 0.0572117642 167 218 234 
0.227407604 0.244105518 0.0914603844 169 220 236 
0.270467043 0.0309425294 0.483312696 169 213 233 
0.218263924 0.279285908 0.120314546 184 232 242 
0.268055707 0.0379151404 0.516535699 158 203 227 
0.216208726 0.286553174 0.133913517 181 231 243 
0.210678458 0.306752741 0.163348436 174 225 243 
0.201446503 0.342370063 0.191399395 165 215 234 
0.221846133 0.2419433 0.370814592 147 191 207 
0.216734737 0.242995128 0.371948451 146 191 207 
0.22103852 0.245380938 0.369692177 147 191 208 
0.221948862 0.240874469 0.377976298 149 193 210 
0.190967619 0.384160489 0.208102584 161 211 235 
0.208822131 0.297609806 0.350170106 163 212 230 
0.194880366 0.301739126 0.353948414 160 208 227 
0.206383049 0.307847381 0.348387152 160 207 228 
0.223407745 0.231315583 0.417219162 168 215 230 
0.226065308 0.21638155 0.461160809 167 210 224 
0.228047907 0.204099625 0.506619275 172 217 232 
0.201318562 0.211938128 0.513820529 178 223 234 
0.228506327 0.198327512 0.549714863 166 211 231 
0.33869642 0.0149286389 -0.308216155 162 207 228 
0.328891754 0.0533812344 -0.285377115 166 215 232 
0.327449888 0.0574786365 -0.264712006 158 205 226 
0.325904757 0.0590578616 -0.211325586 166 217 231 
0.330300391 0.0372946262 -0.17129001 164 207 228 
0.317538112 0.0381740928 -0.169409186 163 207 228 
0.332013071 0.0278444588 -0.144908041 162 209 229 
0.332820565 0.0229003131 -0.127039701 159 208 229 
0.335330665 0.00854578614 -0.0827666745 140 187 219 
0.331199825 0.0217857659 -0.0402450338 149 198 226 
0.328639716 0.030344218 -0.0178157911 149 198 225 
0.325234711 0.041230768 0.0175351128 147 196 222 
0.287051767 0.220168352 -0.217875987 168 224 243 
0.323669821 0.0453804433 0.0432674065 148 197 222 
0.3208839 0.0526845753 0.0900053456 155 199 223 
0.28037867 0.243118286 -0.166538864 180 232 241 
0.319771886 0.0562046766 0.101941548 158 201 225 
0.323413193 0.0374052227 0.143672317 164 211 234 
0.325135291 0.0261468887 0.18971619 149 197 224 
0.276225269 0.0330711901 0.198857516 139 186 217 
0.326475084 0.0163906217 0.236619264 142 189 220 
0.326248825 0.0160409212 0.250891924 139 186 217 
0.27839601 0.250223637 -0.154470652 174 225 237 
0.239187509 0.270858765 -0.138936907 164 215 232 
0.272503227 0.272020429 -0.126143545 160 207 227 
0.325694144 0.0149672925 0.288288325 146 192 220 
0.326705903 0.00650003552 0.335928679 150 193 221 
0.288319707 -0.0141669512 0.381261736 132 179 213 
0.327000588 0.00223481655 0.369796783 149 195 223 
0.269675881 0.279995382 -0.0849593878 150 200 223 
0.240751475 0.289591312 -0.0765609071 156 204 224 
0.276909709 0.247079998 -0.0513023287 158 208 228 
0.248737574 0.268684477 -0.036454007 156 206 229 
0.27892077 0.2346863 -0.00590777397 150 197 221 
0.239667863 0.243649364 0.00328141451 160 207 228 
0.276478559 0.242255986 0.0220971555 156 204 228 
0.326723099 0.00194066763 0.385804057 148 196 224 
0.320045739 0.0118661225 0.444294721 142 188 219 
0.322805464 0.0129175484 0.443684429 143 188 220 
0.274004638 0.249511242 0.0550545976 169 219 238 
0.271932602 0.254675806 0.0927916244 174 221 240 
0.322724789 0.013159126 0.444703668 143 188 220 
0.316144109 0.0358096063 0.495127946 165 206 228 
0.262340605 0.292075545 0.117566012 177 228 244 
0.314571857 0.040702343 0.512940407 162 205 228 
0.258131146 0.307390273 0.140641928 170 220 240 
0.255197287 0.317353487 0.164623618 175 222 241 
0.246478438 0.350430787 0.197343886 176 220 236 
0.261444628 0.276403546 0.332851619 152 199 218 
0.260809958 0.276503086 0.332975507 152 199 218 
0.261302233 0.277046382 0.332244635 152 199 218 
0.225388169 0.245089635 0.372136921 150 194 210 
0.261475146 0.276190549 0.333817899 153 199 219 
0.277058274 0.20157814 0.447504431 164 210 227 
0.258776307 0.207491338 0.452730149 165 209 225 
0.272656888 0.220835909 0.435574979 159 203 221 
0.277948141 0.194642037 0.483726591 153 201 224 
0.237298548 0.385790467 0.225868523 176 223 241 
0.250304788 0.324666619 0.307972759 158 206 224 
0.238137156 0.335048974 0.314957678 154 201 222 
0.245776713 0.343819946 0.303021908 154 202 223 
0.263189107 0.265057206 0.378845215 188 235 247 
0.268001378 0.24165687 0.417944461 157 199 217 
0.278492093 0.191452563 0.494196266 150 198 223 
0.278870672 0.185473144 0.543259501 144 191 217 
0.231653333 0.196440607 0.554414213 163 209 229 
0.283012807 0.164705813 0.583864748 148 194 220 
0.381548643 0.0337799489 -0.322107732 148 197 222 
0.37699762 0.0483539402 -0.275120378 144 191 217 
0.360550493 0.0530707538 -0.270747185 150 196 221 
0.376359612 0.0493831038 -0.25726521 144 189 215 
0.374949276 0.0519105494 -0.220602989 141 188 214 
0.382671148 0.0170776248 -0.18804267 156 199 225 
0.384111047 0.00692808628 -0.141364574 143 189 215 
0.338996917 0.0205282271 -0.1290088 157 205 227 
0.381394267 0.0143745244 -0.0993843153 137 184 214 
0.380690515 0.0158763528 -0.0837633833 141 190 218 
0.377665967 0.0232687593 -0.0270520821 165 220 236 
0.374528378 0.0246425271 -0.0259599909 165 219 236 
0.377374649 0.0241887271 -0.0239000693 165 219 236 
0.373808473 0.033934027 0.0315311179 157 207 228 
0.361901075 0.0399402082 0.0361068621 156 206 228 
0.372908443 0.0362135768 0.0475204214 156 206 229 
0.368109971 0.0518330634 0.0942517295 161 209 233 
0.353193432 0.0561865866 0.0982591435 161 208 230 
0.367064476 0.0550591052 0.106402643 162 211 233 
0.329552025 0.234779671 -0.16849336 152 201 222 
0.28732121 0.24131535 -0.160297424 171 224 236 
0.329957932 0.228692919 -0.119491532 147 194 220 
0.329640806 0.228718698 -0.119442657 147 195 220 
0.32996279 0.22864382 -0.119168483 147 194 220 
0.367520124 0.0496589839 0.145491421 161 209 233 
0.369544506 0.0372126698 0.190855891 153 200 227 
0.369591177 0.0325375795 0.240665108 157 201 225 
0.369588912 0.0324771702 0.241439879 156 201 225 
0.297033876 0.26202023 -0.0977439433 143 194 221 
0.325013548 0.243628889 -0.058465682 153 205 230 
0.31818521 0.244299948 -0.0573502854 154 206 230 
0.324744821 0.244390368 -0.054589577 153 205 230 
0.335728168 0.192544878 0.0172829702 141 186 214 
0.321126461 0.199332178 0.0225797072 141 187 214 
0.331747562 0.209723696 0.00913733989 143 189 217 
0.340967149 0.167467713 0.0554231331 134 182 210 
0.323383689 0.177038699 0.0625618324 140 186 212 
0.340240568 0.167679638 0.0864259377 138 186 213 
0.370797873 0.023304373 0.287867308 141 189 220 
0.373188853 0.00941774249 0.332408011 150 196 223 
0.372195899 0.00948685408 0.377227843 152 203 231 
0.326005816 0.235238224 -0.0107815638 152 200 226 
0.320879757 0.240466312 0.044983305 159 211 230 
0.331418276 0.204987571 0.076882787 135 183 211 
0.323829412 0.238837212 0.0491441265 157 208 228 
0.371922672 0.00990101695 0.385167569 153 204 231 
0.368098527 0.0204353034 0.443675846 157 200 225 
0.335012466 0.015488714 0.444620699 147 191 221 
0.367508054 0.0226088464 0.446631521 157 200 225 
0.321658731 0.243335277 0.0988159254 154 204 227 
0.300947398 0.253995836 0.106891073 168 217 237 
0.318829447 0.253504574 0.115706958 166 218 237 
0.36555323 0.0259446502 0.499310166 148 196 222 
0.333004951 0.0333568156 0.506918967 160 204 227 
0.314181477 0.27271533 0.11561998 165 216 236 
0.306970686 0.302125782 0.119853206 163 214 234 
0.300585568 0.326137066 0.146174788 169 217 236 
0.298826575 0.332358062 0.157803416 172 220 238 
0.291992426 0.356105149 0.207675129 171 214 235 
0.296908557 0.285240501 0.333761781 170 216 232 
0.310814321 0.263486683 0.372757494 177 226 241 
0.304783165 0.264306664 0.37386629 179 228 242 
0.306030065 0.286612719 0.335421383 175 221 236 
0.320514381 0.220880866 0.400872052 183 221 235 
0.283535689 0.236324027 0.413336426 157 199 217 
0.327407807 0.18930313 0.435294241 145 190 215 
0.329047084 0.178370118 0.481524199 136 182 210 
0.28287369 0.190484136 0.493187934 149 197 222 
0.329537123 0.171952844 0.530337036 147 193 219 
0.318094581 0.176169276 0.533888102 148 195 221 
0.328983337 0.172984034 0.544302285 149 196 221 
0.291164279 0.358663946 0.217261821 167 209 231 
0.247978121 0.383110583 0.235306084 169 215 234 
0.292893082 0.347379237 0.263290673 156 202 228 
0.260666102 0.363341779 0.275515407 152 202 226 
0.300834 0.311685652 0.295358747 162 209 230 
0.305848837 0.287489116 0.334002584 175 221 235 
0.327953428 0.173683733 0.58381021 146 190 215 
0.425677776 0.0463099778 -0.324379057 155 205 230 
0.424623489 0.0467808843 -0.281209558 143 189 219 
0.422719181 0.0508714318 -0.239238828 147 193 221 
0.433490098 -0.00153386593 -0.151393861 148 197 221 
0.41890502 -0.00132444501 -0.149677247 148 196 220 
0.431537271 0.00721812248 -0.158992022 153 201 224 
0.433035791 -0.000200182199 -0.145355165 148 197 222 
0.422366083 0.0511588752 -0.226222396 147 193 222 
0.424243152 0.0392917395 -0.180526674 168 211 233 
0.42897737 0.0117060542 -0.0913380608 148 197 222 
0.399712265 0.0123841166 -0.087753363 141 190 218 
0.428540349 0.0119694769 -0.0742008761 151 201 225 
0.386746436 0.0275998414 -0.0256938562 166 219 237 
0.421152711 0.0384568274 -0.0293665007 164 214 236 
0.420658946 0.0398994386 -0.0227295682 163 212 235 
0.41978851 0.0388277471 0.0291406438 164 214 237 
0.421526194 0.0275081992 0.0751495585 157 207 233 
0.406345457 0.0278578401 0.0770079121 154 205 232 
0.421327174 0.027508229 0.0842854902 160 210 235 
0.418609113 0.0344783366 0.131619334 165 215 236 
0.390276104 0.0423223674 0.13899985 159 209 233 
0.417076319 0.038467139 0.157665461 162 212 233 
0.37377888 0.246562198 -0.166943759 166 213 232 
0.375114679 0.236821622 -0.120031744 138 184 208 
0.374989033 0.23673287 -0.113276072 139 185 209 
0.415878296 0.0407166183 0.187670499 158 205 229 
0.417749703 0.0288714468 0.233378798 149 198 226 
0.420157492 0.0149188638 0.277881712 145 195 223 
0.405629158 0.0187128484 0.281542033 141 191 220 
0.419974923 0.0140330493 0.29610762 144 193 221 
0.375260472 0.231756955 -0.0704453364 154 200 224 
0.380837083 0.20535323 -0.0330638811 168 214 231 
0.361581892 0.231963992 -0.0164720565 148 193 219 
0.382864207 0.192896366 0.0122945383 146 193 223 
0.384298742 0.182767838 0.0589846596 141 190 218 
0.384129077 0.181400955 0.0819646493 152 200 224 
0.418087244 0.0185616314 0.332448423 145 194 223 
0.417253792 0.0174190998 0.383408517 164 216 238 
0.336875886 0.221498251 0.0852646753 141 190 216 
0.377620846 0.204515249 0.123906352 169 220 237 
0.373153508 0.207439169 0.125987798 169 221 238 
0.377224565 0.20549649 0.131195873 170 222 239 
0.417256117 0.0173355043 0.384230286 164 216 238 
0.415275037 0.0206277966 0.438596457 151 196 223 
0.415186971 0.0175659359 0.476664037 156 206 229 
0.375768691 0.211792782 0.128068745 169 220 238 
0.365315914 0.254364818 0.134887874 169 218 239 
0.415476054 0.0153461695 0.488058895 158 209 231 
0.321409434 0.300142407 0.129745722 160 212 233 
0.354955167 0.295570195 0.15266645 172 219 236 
0.36767894 0.23459594 0.246077478 169 221 238 
0.360002041 0.240963966 0.250385195 169 221 237 
0.364680558 0.247425243 0.241170168 169 220 237 
0.367216617 0.234870598 0.264249057 172 222 238 
0.346605599 0.326819539 0.188747078 156 203 228 
0.363598645 0.250628412 0.255247325 170 222 238 
0.360262036 0.259246886 0.31265986 166 218 235 
0.360157788 0.259355694 0.312730521 166 218 235 
0.360222489 0.259409994 0.31266436 166 218 235 
0.360269845 0.259175509 0.313095421 166 218 235 
0.370995253 0.208089843 0.388366699 177 223 241 
0.357202232 0.21296066 0.392532051 180 224 240 
0.36631614 0.229243815 0.368118137 173 220 239 
0.37112084 0.205458403 0.411842287 171 216 236 
0.346013039 0.328710288 0.194940239 152 199 226 
0.302795529 0.355184913 0.214091152 163 205 229 
0.3424173 0.338347077 0.252935231 147 191 222 
0.336636931 0.340536147 0.254761219 147 191 221 
0.348570317 0.309678555 0.289021313 154 200 224 
0.31014505 0.311284125 0.294117153 160 206 228 
0.30596149 0.287431717 0.333958983 175 221 235 
0.363676995 0.241336837 0.354899317 170 218 238 
0.371847302 0.200250119 0.436365932 161 205 228 
0.37547344 0.181510329 0.478130788 137 184 212 
0.377613872 0.168608129 0.523234546 132 177 205 
0.379666448 0.156051189 0.568535745 132 178 208 
0.358246893 0.163047999 0.574695647 140 185 214 
0.470425189 0.0557794273 -0.321024239 139 186 217 
0.46999073 0.0540825129 -0.282222837 144 191 220 
0.472907305 0.0381307006 -0.238863349 145 193 220 
0.435177088 0.0482937992 -0.22918874 146 193 221 
0.472055137 0.037625432 -0.194126725 155 198 223 
0.444596946 0.00489413738 -0.149117619 149 196 221 
0.471704185 0.0383662879 -0.186245441 156 199 224 
0.472217083 0.0318590701 -0.137484103 149 195 222 
0.468943119 0.0291409492 -0.0862453952 145 192 217 
0.471403182 0.0307682753 -0.0879959241 145 191 217 
0.471368849 0.0307002664 -0.0856636986 145 192 217 
0.465605259 0.0493857265 -0.0286944881 155 203 228 
0.464842498 0.0518522263 -0.0210825875 156 205 228 
0.464143097 0.0501084626 0.0304032192 169 222 240 
0.466934621 0.034647882 0.0740436539 180 230 247 
0.46693188 0.0327337682 0.0954418704 182 230 247 
0.466465414 0.0319997966 0.125012249 171 217 236 
0.470610082 0.0112224221 0.165611684 167 217 237 
0.44040519 0.0316159427 0.180024654 168 216 234 
0.467568278 0.019498378 0.213297606 162 209 230 
0.416966289 0.262428999 -0.163058132 165 218 232 
0.382410198 0.241491169 -0.118293256 144 190 213 
0.416780561 0.260835052 -0.136820257 170 222 237 
0.467290282 0.0197750032 0.222986579 161 208 229 
0.466064155 0.0201010704 0.275656223 148 199 227 
0.468575478 0.00574150681 0.319926411 138 189 219 
0.453786612 0.00752916932 0.322524011 139 189 220 
0.470028281 -0.00276428461 0.347747982 139 188 218 
0.417291552 0.256659031 -0.113875121 175 225 241 
0.422626615 0.23120445 -0.0759508237 156 205 229 
0.425316632 0.216142938 -0.032082133 150 194 217 
0.431497395 0.187365204 0.0039414987 164 213 233 
0.431456506 0.183034092 0.0539474711 157 199 223 
0.435516894 0.162588149 0.0947364792 136 181 208 
0.399012446 0.172504306 0.104142092 157 204 225 
0.433497787 0.16799286 0.127374738 158 205 225 
0.461342156 0.03015095 0.380766153 169 213 233 
0.42763412 0.18906948 0.162365764 172 220 238 
0.406775981 0.19273743 0.166653126 175 225 241 
0.42656225 0.192241877 0.176323801 176 225 242 
0.461151063 0.0304221511 0.38652578 169 213 233 
0.46535635 0.00940674543 0.426989108 151 199 225 
0.469640195 -0.0119174421 0.467275828 150 201 228 
0.420234203 0.0132762194 0.486409992 158 210 232 
0.411438942 0.257196337 0.148848057 169 223 243 
0.411213875 0.258138388 0.14871332 169 223 243 
0.410494298 0.234831274 0.189143091 174 226 243 
0.411931753 0.25458461 0.155246168 170 224 243 
0.421025246 0.210545748 0.22713241 182 230 244 
0.416287363 0.213393614 0.229202241 180 228 243 
0.420549929 0.211920902 0.233673781 181 229 243 
0.400781691 0.299697399 0.165841848 163 214 236 
0.407003969 0.270130724 0.208729118 163 215 236 
0.405844897 0.274632394 0.211918205 161 213 235 
0.420415819 0.208448529 0.278416038 175 226 243 
0.383703291 0.22386086 0.290834397 175 224 241 
0.419422686 0.20785895 0.330562025 158 205 231 
0.417182297 0.209124386 0.331496596 158 206 231 
0.419777662 0.205659151 0.338710099 156 204 231 
0.396289974 0.316720486 0.182893127 156 206 231 
0.361951679 0.328309387 0.192970693 153 200 227 
0.392773509 0.329256713 0.20502916 148 197 225 
0.399046749 0.291608334 0.273644626 149 197 225 
0.400127888 0.292849362 0.271955878 148 196 224 
0.369492561 0.238775268 0.352866799 169 217 237 
0.421595514 0.194829673 0.375593036 148 197 228 
0.422344625 0.187394232 0.423823506 143 191 222 
0.385541975 0.196980268 0.433082312 159 204 228 
0.424696386 0.173661917 0.468452424 134 178 209 
0.403978944 0.178602993 0.473416835 133 179 209 
0.423836946 0.175479084 0.487714797 132 177 207 
0.389069706 0.340598941 0.249033719 154 196 222 
0.423399806 0.174264699 0.521280348 129 173 204 
0.42495805 0.163650006 0.567692459 130 175 207 
0.518181324 0.0503542125 -0.290288866 139 184 215 
0.518202662 0.0502064228 -0.289629251 139 184 215 
0.517016113 0.0503770411 -0.237048477 153 198 223 
0.518862009 0.0386321545 -0.191282868 147 195 224 
0.484775484 0.0374589264 -0.18817544 154 199 224 
0.518466949 0.0388552547 -0.175625175 147 194 222 
0.515828431 0.0460600555 -0.134551257 151 195 220 
0.51316011 0.0550418496 -0.111855142 154 197 222 
0.511269331 0.0594822466 -0.0743911788 150 194 220 
0.509274244 0.064193815 -0.0351535603 140 186 214 
0.508384407 0.0663260221 -0.017993696 142 188 214 
0.508934498 0.0596727431 0.0306840762 160 211 233 
0.511674464 0.0444146693 0.0744403526 174 223 240 
0.516483486 0.0210271776 0.113546945 154 204 228 
0.489241004 0.02508232 0.118746497 167 215 235 
0.517060876 0.0155617893 0.147771001 163 209 229 
0.516112387 0.0179933608 0.164294899 167 213 231 
0.516221404 0.0130731761 0.213963956 170 219 238 
0.47849977 0.017996639 0.220787406 163 209 230 
0.51529628 0.0142125785 0.243776709 158 207 230 
0.461069226 0.274698257 -0.161230117 175 228 244 
0.466550529 0.248668909 -0.123634577 163 211 233 
0.439837992 0.255391181 -0.117042378 171 220 239 
0.466135502 0.247495115 -0.0915354565 169 215 235 
0.513821065 0.0180130899 0.269272536 148 199 226 
0.520416915 -0.0123955011 0.30436343 143 192 221 
0.515840054 0.0014359653 0.36078909 151 194 221 
0.466542602 0.244208395 -0.073702611 170 214 234 
0.469971001 0.226245627 -0.0314933136 163 205 229 
0.474701405 0.203166723 0.00778978318 162 209 235 
0.477491677 0.187711209 0.0514331087 145 184 209 
0.481149673 0.168846309 0.0931263939 153 200 226 
0.477775514 0.179787308 0.126455575 169 217 235 
0.515440106 0.0026679039 0.365462154 152 196 222 
0.468464673 0.0294359326 0.385185629 169 213 234 
0.510292113 0.0188157856 0.422365576 163 209 233 
0.468937516 0.207783192 0.168007106 173 223 237 
0.469990373 0.208242565 0.167672426 173 223 237 
0.510287642 0.0184214115 0.426955611 162 208 233 
0.509923875 0.0153585374 0.477687031 158 206 232 
0.411776423 0.25798142 0.14923805 170 223 243 
0.469988585 0.208209082 0.168123305 173 223 237 
0.470780671 0.200605005 0.216257274 177 229 242 
0.467901886 0.208496347 0.260731399 156 206 229 
0.408123583 0.298291147 0.17156744 161 213 235 
0.406150967 0.27497384 0.211457431 161 213 235 
0.466724634 0.212050468 0.275286734 157 205 229 
0.470931411 0.19102928 0.315746754 141 186 214 
0.471513689 0.184249431 0.364352137 133 179 208 
0.437562168 0.191217393 0.371873468 142 191 222 
0.470152736 0.187269062 0.39327842 129 177 207 
0.412886739 0.317798018 0.23401311 153 202 228 
0.47013557 0.185172588 0.417363375 130 177 209 
0.471611023 0.174883306 0.463961512 132 176 206 
0.474218607 0.160145789 0.508015513 134 175 204 
0.454010129 0.167872846 0.514439583 134 175 205 
0.472518027 0.165475219 0.526867032 134 175 204 
0.471127808 0.167798489 0.564875782 134 177 206 
0.565983176 0.0480258763 -0.296065897 138 184 218 
0.518584371 0.0501279235 -0.289713889 139 184 215 
0.564915299 0.0499891043 -0.268855423 151 195 225 
0.563328505 0.0539650321 -0.240185767 152 196 223 
0.565829396 0.0396465659 -0.195892125 147 195 222 
0.563716114 0.0458411276 -0.167704821 151 200 223 
0.561499834 0.0521667302 -0.136247993 147 196 220 
0.55786711 0.0647115409 -0.108868413 145 194 219 
0.556046188 0.0691035688 -0.0740777031 140 183 212 
0.557525635 0.0587987006 -0.0274884477 133 181 212 
0.530744016 0.0624534488 -0.0225573406 132 179 209 
0.557017624 0.0588318706 -0.00453449041 133 179 209 
0.555559218 0.0620334446 0.0268448517 146 192 218 
0.556244552 0.0548487306 0.0752186999 154 204 226 
0.558726549 0.0406044424 0.11955481 166 211 232 
0.558890939 0.0394734144 0.124577127 165 211 231 
0.559454024 0.0332541764 0.167833954 163 210 228 
0.562259316 0.0177396834 0.211443514 158 206 230 
0.560133636 0.02323699 0.24794963 163 211 234 
0.477540433 0.287356615 -0.156154126 175 227 245 
0.511987031 0.255698532 -0.124803409 176 222 242 
0.506226659 0.2800152 -0.13055402 174 219 240 
0.514881313 0.239834517 -0.0813937411 179 224 245 
0.490298271 0.244764924 -0.0760103241 174 219 240 
0.518410325 0.221476197 -0.0394106731 184 231 248 
0.501234114 0.224572018 -0.0358391479 176 221 241 
0.519839942 0.212623626 -0.0066697523 165 208 232 
0.556117892 0.037379235 0.275159627 157 205 228 
0.547422707 0.03019315 0.324563563 154 203 226 
0.555220127 0.0374762118 0.315299511 156 204 226 
0.501685917 0.300666034 -0.151567221 171 218 238 
0.520464897 0.208911657 0.00588615984 159 202 226 
0.523331642 0.193155557 0.0493575409 173 213 236 
0.52241981 0.192246735 0.1013209 137 178 207 
0.521013618 0.196728259 0.116075762 133 174 204 
0.555342317 0.0359348357 0.326816708 157 206 228 
0.554434538 0.0350099504 0.378770858 157 207 231 
0.557211876 0.0196053684 0.42244336 162 213 238 
0.515314043 0.0179356337 0.426139027 163 209 234 
0.556514561 0.0209831595 0.439143687 162 212 238 
0.517327726 0.207762688 0.16267851 151 198 224 
0.470723271 0.208215415 0.168045998 173 223 237 
0.515864313 0.212134853 0.181279629 151 198 224 
0.553969204 0.0278544724 0.479644626 162 208 232 
0.514485359 0.214439213 0.218980372 149 194 219 
0.513351262 0.21449098 0.270473897 135 181 210 
0.519447207 0.185959369 0.30765757 135 180 210 
0.500532448 0.188104898 0.310903162 133 178 208 
0.51374203 0.212556481 0.27403006 135 180 210 
0.519065142 0.186204642 0.322471946 131 176 207 
0.513327718 0.214496121 0.271496058 135 180 210 
0.518771052 0.18412441 0.359091163 138 181 210 
0.519746661 0.175799072 0.406812668 124 169 200 
0.49545753 0.18239072 0.41306752 126 172 204 
0.518775761 0.17755267 0.43190214 126 170 201 
0.517583191 0.17980811 0.46158883 134 178 207 
0.516606927 0.17915234 0.513696969 135 178 206 
0.516458571 0.178938866 0.522879362 133 176 204 
0.517307937 0.171906143 0.56203568 127 171 200 
0.614045739 0.0478452146 -0.337677479 139 186 218 
0.614927888 0.0412704051 -0.305119157 130 177 212 
0.611762047 0.0492180884 -0.248090267 140 188 220 
0.610369921 0.0495041609 -0.247781694 140 188 220 
0.611820638 0.0487756729 -0.245862484 140 188 220 
0.611587405 0.045412451 -0.197783768 141 190 221 
0.610168159 0.0468713939 -0.148836464 147 197 224 
0.609668732 0.0484597683 -0.143557638 149 199 225 
0.602258801 0.0759414732 -0.108749785 156 204 228 
0.600742757 0.0790402293 -0.0735838339 138 185 214 
0.603380084 0.0641857684 -0.0295967534 143 189 219 
0.602165997 0.0663158596 0.00247018784 138 184 215 
0.600985646 0.0691023171 0.0256984457 141 189 218 
0.600778878 0.0654228628 0.0760771558 146 195 219 
0.574952006 0.0458280742 0.120613419 167 211 230 
0.601930797 0.0573954582 0.112393789 164 206 225 
0.602330446 0.0548345745 0.122504331 168 209 227 
0.605543733 0.0377168357 0.165196896 147 196 220 
0.607538104 0.0253887177 0.210628957 153 199 226 
0.605350673 0.0303811431 0.255578995 168 211 230 
0.546246529 0.312887669 -0.170220345 173 219 239 
0.561031759 0.248550296 -0.134081334 172 224 244 
0.548969328 0.299408615 -0.145442158 175 220 237 
0.562584877 0.237955868 -0.0876577273 173 221 243 
0.564178884 0.227200776 -0.0413259342 187 237 249 
0.564100444 0.22450307 -0.0077451244 170 221 244 
0.574357986 0.173729151 0.0855402127 168 206 228 
0.574304104 0.173738629 0.0855512843 168 206 228 
0.574330747 0.173858374 0.0853537694 168 206 228 
0.574355602 0.173735559 0.0855795816 168 206 228 
0.605190754 0.0301201642 0.265818298 167 209 228 
0.599343538 0.0500343144 0.312976569 150 199 226 
0.54670155 0.309349 -0.15179044 174 219 236 
0.564983487 0.21954757 0.00677994639 163 214 240 
0.568519235 0.201162845 0.0487478748 151 196 223 
0.567085862 0.199638963 0.13148737 132 174 203 
0.597534239 0.0557129085 0.332939416 157 204 229 
0.59916544 0.0448115766 0.379187495 151 196 221 
0.58389318 0.0345347524 0.427632779 166 214 237 
0.598255694 0.045334518 0.415141493 164 209 231 
0.565447807 0.204247385 0.155478448 134 178 207 
0.5645172 0.203412384 0.207484066 133 178 209 
0.557638109 0.206412748 0.209872127 132 178 210 
0.564377725 0.20296064 0.218906671 132 178 210 
0.59830755 0.0436906815 0.431029528 161 207 230 
0.598127186 0.0399074256 0.481348902 139 186 214 
0.565185249 0.196295589 0.255896717 135 180 211 
0.514174283 0.214246646 0.271267325 135 180 210 
0.565544128 0.190393716 0.305004328 136 181 212 
0.56483829 0.190595955 0.335161805 133 178 208 
0.564590335 0.189649701 0.357061923 137 182 210 
0.561780572 0.196197957 0.413290471 144 192 220 
0.565444291 0.177511275 0.45274052 160 206 234 
0.565622747 0.176609337 0.454569787 161 207 234 
0.563171446 0.181749433 0.509992898 152 195 220 
0.562961757 0.179715991 0.542213202 153 196 219 
0.563178003 0.177231878 0.559892297 150 193 216 
0.667097807 0.0262875855 -0.37081188 133 180 213 
0.664726496 0.031160146 -0.316091239 134 182 215 
0.633756995 0.0368108451 -0.309614211 131 178 213 
0.663332582 0.0348424315 -0.29301244 133 182 215 
0.657292843 0.0558770597 -0.249471098 151 197 226 
0.656897962 0.0566116273 -0.239504814 155 201 229 
0.654912412 0.0607386827 -0.194207311 151 201 227 
0.653981805 0.0609633625 -0.153979063 158 209 230 
0.642737329 0.0940465033 -0.122392826 164 209 229 
0.644807756 0.0962941647 -0.125401348 164 209 229 
0.644914806 0.0955299139 -0.121825151 164 208 229 
0.646577418 0.0845053494 -0.0756474957 165 209 230 
0.648264229 0.0733856559 -0.0295243189 159 205 228 
0.649222672 0.0651278794 0.0182357654 162 209 235 
0.640959799 0.0662905872 0.0197762772 160 208 234 
0.648973823 0.065585345 0.0245753452 160 208 234 
0.646810293 0.0701146424 0.0735711679 128 174 206 
0.649782538 0.0539442003 0.116805606 135 180 209 
0.610708892 0.0544827878 0.121392272 162 203 222 
0.649683058 0.0519895852 0.143093556 139 187 212 
0.608471632 0.252199709 -0.189666688 169 221 241 
0.558287263 0.265706986 -0.176804274 175 226 246 
0.616290987 0.216983825 -0.157325387 152 202 232 
0.569002688 0.245460749 -0.136637911 173 225 245 
0.615743518 0.214643151 -0.106181003 162 207 232 
0.590191066 0.227749437 -0.0962434486 172 220 241 
0.614102781 0.218042791 -0.0686325356 182 227 245 
0.649020731 0.0524457991 0.168431729 157 205 225 
0.650353193 0.0427184701 0.215351313 160 206 228 
0.651248336 0.0347093046 0.263253599 153 201 225 
0.637894332 0.0337371826 0.264192224 157 204 226 
0.650999784 0.0353864431 0.26714021 152 200 224 
0.553800225 0.305814803 -0.154493064 175 222 239 
0.6143381 0.215673506 -0.0531084761 187 232 247 
0.615280867 0.20747745 -0.00531306118 161 206 231 
0.573826551 0.219302684 0.00567499548 165 214 239 
0.612437665 0.216201216 0.0282782838 151 194 221 
0.574431598 0.173769474 0.0855540708 168 206 228 
0.648951113 0.0392439365 0.318330437 145 194 222 
0.62474215 0.0489077866 0.326247722 150 200 226 
0.64877975 0.0362919569 0.3590011 144 190 217 
0.612378538 0.214389637 0.051123552 139 182 212 
0.613632321 0.204971448 0.0982199386 141 183 210 
0.614856541 0.195669085 0.145382583 141 181 209 
0.602231622 0.198852271 0.148501515 137 178 206 
0.614266217 0.197064072 0.156983048 139 180 208 
0.648756981 0.0355149806 0.368680805 144 189 217 
0.647300899 0.0367445648 0.421867222 151 195 221 
0.613470316 0.0416936874 0.428277045 164 209 232 
0.646278501 0.0385892391 0.448303491 153 198 223 
0.610533178 0.20816493 0.205012828 133 177 208 
0.612105846 0.197674125 0.249386996 133 178 208 
0.645221055 0.0404248834 0.47645542 149 194 220 
0.612160206 0.197280198 0.251270384 133 178 208 
0.611521006 0.195299774 0.302620918 134 180 211 
0.610626578 0.194912404 0.347989291 132 178 208 
0.610580325 0.194504261 0.354649037 133 179 209 
0.609679282 0.193552911 0.406588137 152 200 227 
0.609270632 0.19154045 0.447713345 169 219 242 
0.609427392 0.190050811 0.457068235 171 220 243 
0.607712924 0.1922957 0.510835409 156 201 226 
0.606243789 0.196439534 0.532233 159 202 225 
0.606410325 0.192922205 0.563676953 157 200 225 
0.715184808 0.0192245245 -0.337065667 133 178 211 
0.712638974 0.0284609497 -0.322824508 137 181 213 
0.7069875 0.0497201979 -0.299599588 144 187 218 
0.704656184 0.0553354919 -0.254970312 149 197 225 
0.702939987 0.0596719682 -0.224368274 157 206 231 
0.697687626 0.0782249272 -0.189395458 157 205 226 
0.696279466 0.0825599134 -0.172917217 160 209 228 
0.693602324 0.0897853971 -0.130300224 165 207 227 
0.648761034 0.0955045223 -0.122261621 163 208 228 
0.692423642 0.0915631354 -0.0959421024 163 207 228 
0.692884386 0.0881145597 -0.0787726715 161 207 229 
0.694619954 0.0768032074 -0.0327590778 148 195 220 
0.695993006 0.066916436 0.0140692815 150 195 223 
0.695361257 0.0669357479 0.0428551957 149 193 221 
0.663116693 0.223046437 -0.211530507 145 188 216 
0.627169549 0.24118562 -0.197712868 166 217 239 
0.665797591 0.208020806 -0.167641297 134 180 210 
0.61833334 0.216207042 -0.157972381 151 201 231 
0.667698681 0.196059197 -0.121999629 140 183 210 
0.646736264 0.200241953 -0.117420755 148 191 218 
0.667576492 0.194397718 -0.0979295298 142 183 211 
0.695254445 0.0653263032 0.0656429902 144 188 216 
0.69678396 0.0548247397 0.112119772 144 189 216 
0.695676982 0.0552881658 0.157792211 158 205 224 
0.667097747 0.19392851 -0.0707350895 143 184 213 
0.623077631 0.212869555 -0.0555941537 182 226 244 
0.663326621 0.205351979 -0.0245409831 140 185 215 
0.695237458 0.0564096272 0.165509403 162 209 227 
0.685252607 0.0680397451 0.225290835 167 214 236 
0.690590441 0.0703839362 0.223567486 167 215 236 
0.666419327 0.0406414568 0.264813542 147 195 221 
0.662524998 0.207404226 -0.0105444118 141 187 215 
0.658536255 0.218981564 0.0439295247 148 191 217 
0.69045341 0.0707154572 0.226174861 166 214 236 
0.694426537 0.0506122708 0.267159909 136 185 215 
0.698702574 0.0293188393 0.307464272 132 178 210 
0.69801563 0.02752617 0.358922094 128 175 209 
0.655713439 0.0335643589 0.366855234 142 187 216 
0.698561311 0.0208903253 0.40760985 129 176 211 
0.698162675 0.0209990442 0.407712817 129 176 211 
0.69867897 0.0202575624 0.409239024 129 176 210 
0.658219993 0.21982792 0.0490445271 148 191 217 
0.65908426 0.211940184 0.0970162824 146 188 213 
0.629071951 0.205348819 0.149086148 139 181 210 
0.656387389 0.219534457 0.136438578 141 186 213 
0.696154416 0.0258558989 0.462933153 143 187 217 
0.686077178 0.0364278257 0.469791502 151 194 222 
0.655862987 0.22010535 0.154169559 137 183 212 
0.656847537 0.211744964 0.201870978 138 182 208 
0.654906273 0.21678184 0.235024065 138 184 212 
0.65382272 0.219138578 0.25858295 142 188 215 
0.658110201 0.19780001 0.298861474 132 179 210 
0.656870067 0.198181123 0.351562589 132 176 207 
0.626799881 0.195827216 0.353586406 132 177 208 
0.656615853 0.198234171 0.362645328 130 174 206 
0.656282067 0.195999682 0.402798116 126 172 205 
0.657026768 0.188581944 0.451038688 131 178 212 
0.621714532 0.190110534 0.455750555 162 211 237 
0.656052947 0.19093594 0.469586819 137 183 215 
0.654590249 0.193663776 0.506428421 147 191 220 
0.652901828 0.196450412 0.552975297 154 198 227 
0.652760565 0.196361274 0.560454488 155 200 228 
0.75665164 0.0449340343 -0.363564551 146 190 217 
0.755672097 0.0449337661 -0.31859228 140 187 216 
0.755491734 0.0411507189 -0.268272847 140 185 217 
0.75126189 0.0424122512 -0.267121762 139 185 217 
0.755229354 0.0418905318 -0.264444232 139 185 217 
0.751259923 0.0532869697 -0.208848298 154 203 226 
0.735153794 0.0568674207 -0.205130726 155 205 229 
0.750591755 0.0547636151 -0.194583088 158 208 229 
0.741564691 0.0893667638 -0.164667755 157 207 226 
0.740822375 0.0898069441 -0.135477364 156 203 222 
0.742541254 0.078561008 -0.0894263312 152 199 222 
0.705184221 0.0863215029 -0.0810996667 159 207 229 
0.741438508 0.0799067318 -0.0537520871 138 183 212 
0.740786433 0.0809643865 -0.0355685428 137 181 210 
0.742846131 0.0683795512 0.00971666723 135 180 209 
0.744380355 0.0578592122 0.05618269 136 177 206 
0.717385411 0.0619490743 0.0613739416 137 180 210 
0.743722737 0.0585139096 0.0790991709 143 184 211 
0.709519684 0.22627838 -0.214871436 150 198 226 
0.713854551 0.204753876 -0.174699292 141 187 216 
0.715506136 0.193772495 -0.128496975 134 181 209 
0.716755867 0.18437025 -0.0813914463 150 189 215 
0.691861391 0.188324332 -0.0765048936 146 186 213 
0.715753257 0.186890393 -0.0633666739 156 194 219 
0.742292702 0.0615704954 0.110788561 146 188 213 
0.740870059 0.0626685619 0.163899779 176 219 235 
0.735677123 0.0618906319 0.164047211 175 218 234 
0.74087137 0.0625446737 0.165215045 176 219 235 
0.70874542 0.211497575 -0.0150759891 152 200 226 
0.739604235 0.0631504357 0.216658562 156 205 229 
0.695262611 0.0704626143 0.225508869 165 214 235 
0.73889786 0.0622296631 0.259319574 136 184 215 
0.745512068 0.0309534073 0.303209692 128 172 205 
0.709776223 0.0282958448 0.305690914 130 176 208 
0.741104662 0.051305294 0.2794016 130 176 209 
0.745338202 0.0303474367 0.317927837 127 171 204 
0.708650708 0.211725742 -0.013262175 152 200 226 
0.705474854 0.219712585 0.0437891111 157 200 225 
0.676563025 0.221329525 0.0478457287 151 194 220 
0.704527795 0.222292066 0.0586062148 153 198 222 
0.738963306 0.0611769557 0.268012971 133 180 212 
0.744723499 0.0295602083 0.354895979 130 175 208 
0.745239794 0.0230396688 0.403649718 140 187 219 
0.74547565 0.0195820928 0.431243032 140 187 218 
0.704811215 0.217828289 0.095194526 143 189 214 
0.702579618 0.222104862 0.150123715 141 185 214 
0.700057745 0.222530439 0.150632352 141 185 213 
0.707498729 0.198284715 0.188982874 145 185 212 
0.701559186 0.20005402 0.190598011 146 186 212 
0.707237601 0.198792368 0.19533056 145 185 212 
0.744053543 0.0232091248 0.456229895 145 193 221 
0.701047897 0.21934922 0.251066834 152 200 226 
0.700942099 0.219555482 0.25363192 152 200 226 
0.702474236 0.209043518 0.300102741 151 195 222 
0.665771425 0.205260023 0.354435295 135 180 210 
0.698641479 0.221177533 0.341231406 148 195 222 
0.69639343 0.228444844 0.363682598 152 199 224 
0.700091958 0.209420532 0.405284762 150 194 223 
0.690517366 0.206763789 0.457249194 145 192 221 
0.698782623 0.210394084 0.454579741 148 194 222 
0.698665023 0.210535586 0.458405703 148 195 223 
0.699919045 0.201116353 0.505501509 146 190 218 
0.699584067 0.197940677 0.556168377 159 204 231 
0.671996295 0.197795063 0.559120715 156 201 229 
0.79256016 0.0340541899 -0.328564197 148 191 217 
0.765880704 0.0826586485 -0.142119527 170 217 231 
0.762158155 0.0772718489 -0.0399257168 138 181 209 
0.729159474 0.224677727 -0.217900306 151 198 226 
0.747366846 0.206244856 -0.17757076 145 191 219 
0.761566877 0.186842054 -0.137328506 134 177 204 
0.788567662 0.0518526137 0.205132216 162 207 231 
0.744535863 0.0595490336 0.266515046 132 179 211 
0.780889213 0.0226684511 0.347172827 133 177 208 
0.764940679 0.0143223703 0.449100345 143 190 219 
0.725273669 0.205793947 0.191114545 144 185 212 
0.714624465 0.221570387 0.253224492 151 198 226 
-0.754202008 0.211745575 0.0951394066 151 197 225 
-0.709500074 0.217169523 0.14553538 165 212 233 
-0.754027307 0.206567466 0.14466095 156 200 225 
-0.711794257 0.223370269 0.181958705 178 225 242 
-0.757530212 0.218794763 0.169607431 161 205 228 
-0.675961196 0.0494523346 0.469474226 166 207 230 
-0.723391354 0.0521520674 0.476154774 181 220 237 
-0.723540306 0.0508416593 0.475458294 180 219 237 
-0.72388041 0.0522134304 0.47582987 181 220 237 
-0.676178455 0.0470564365 0.506072104 166 204 227 
-0.720275104 0.255269259 0.216845036 179 229 243 
-0.764851749 0.244954467 0.215044171 168 218 240 
-0.723896861 0.0522427261 0.476259619 181 220 237 
-0.676803529 0.0482703447 0.521281362 163 200 224 
-0.725554407 0.0542639196 0.529898882 177 214 235 
-0.677452028 0.0463267267 0.572652817 159 197 221 
-0.724476039 0.0455349088 0.577389419 174 205 225 
-0.676892698 0.040507406 0.611636519 167 211 235 
-0.724568307 0.0455339253 0.581634104 175 206 226 
-0.721222997 0.258740187 0.221795052 176 226 242 
-0.7652964 0.246354729 0.219900608 168 217 239 
-0.730790079 0.269787967 0.281213731 180 229 246 
-0.767173171 0.249237105 0.274032354 166 216 240 
-0.725946248 0.273259223 0.277299941 179 228 245 
-0.768646657 0.253656179 0.292573452 163 213 239 
-0.725915134 0.272684991 0.28225401 180 229 245 
-0.72739923 0.274024427 0.33550328 169 214 233 
-0.771630228 0.262258083 0.333962947 147 194 223 
-0.722191274 0.249069214 0.373713225 162 206 230 
-0.768962502 0.256062776 0.3826572 143 188 217 
-0.771201611 0.256219804 0.38138625 143 188 217 
-0.715165377 0.216970727 0.40783751 173 213 236 
-0.743749678 0.239325538 0.423139304 160 206 233 
-0.714012504 0.207949027 0.455160707 166 209 233 
-0.738391161 0.217782691 0.463188976 165 211 236 
-0.710829377 0.190950036 0.497921199 166 206 227 
-0.72632724 0.197862834 0.503384709 169 209 230 
-0.711093187 0.18964532 0.524530828 156 198 222 
-0.771346092 0.256649792 0.383238435 143 188 217 
-0.770457029 0.248664647 0.43115446 150 198 227 
-0.765398741 0.224297628 0.469700843 158 206 232 
-0.762269378 0.230357155 0.525010824 150 196 224 
-0.768467009 0.232597649 0.51833576 148 195 223 
-0.711125016 0.187619776 0.548499703 144 188 216 
-0.749554217 0.210594922 0.565220773 159 204 230 
-0.710180104 0.179415345 0.59629029 159 199 222 
-0.749837995 0.187686414 0.605147541 158 201 225 
-0.708217859 0.167213321 0.641794443 150 190 216 
-0.72586602 0.170648813 0.645602643 158 197 221 
-0.708904088 0.168723732 0.656516016 151 190 215 
-0.769571364 0.236201257 0.528992355 150 196 224 
-0.767860532 0.224987164 0.575061619 153 197 222 
-0.760336339 0.190930814 0.608066082 157 199 224 
-0.759239972 0.182131022 0.655516148 167 207 228 
-0.665588081 0.230189338 0.147792637 174 217 235 
-0.668287873 0.238983318 0.174019903 193 235 247 
-0.629273176 0.051564306 0.465492696 161 203 226 
-0.630069375 0.0502009094 0.517196059 162 201 223 
-0.643139362 0.0487366915 0.517835736 163 201 223 
-0.630040646 0.0496428311 0.522079945 162 201 223 
-0.677100539 0.272524714 0.205887049 179 225 242 
-0.630856097 0.0488003194 0.568878174 155 192 216 
-0.683397472 0.295675039 0.237730652 174 220 240 
-0.684774697 0.300430596 0.248113781 173 219 240 
-0.66722095 0.214145958 0.401032418 176 220 237 
-0.678371251 0.213956088 0.402154386 176 218 237 
-0.668861866 0.221655056 0.392924935 178 223 239 
-0.663120687 0.193543345 0.44173184 163 201 224 
-0.665946662 0.194123536 0.442357987 163 202 224 
-0.663169324 0.193474621 0.444728345 163 202 224 
-0.691156983 0.326164216 0.255169064 168 213 233 
-0.697301865 0.34192723 0.264419198 164 209 228 
-0.695486367 0.343373239 0.262698859 165 209 228 
-0.701243579 0.318133354 0.304266274 156 204 229 
-0.685679615 0.295658469 0.342687517 178 223 242 
-0.687220156 0.302452028 0.337923318 173 219 240 
-0.675023079 0.249294326 0.368652523 179 227 244 
-0.663608313 0.19096747 0.492741734 166 209 233 
-0.665807962 0.196452409 0.532779872 162 207 233 
-0.695658863 0.343853176 0.265286356 166 209 228 
-0.693014801 0.32897231 0.309258312 161 210 233 
-0.666345179 0.197229534 0.548806608 163 207 233 
-0.663341045 0.180933744 0.591969252 143 187 216 
-0.659202039 0.160178661 0.632581472 142 182 209 
-0.661978483 0.167409956 0.679693341 152 193 218 
-0.617111742 0.225274414 0.139792055 178 223 241 
-0.622871637 0.245141611 0.183461577 191 235 247 
-0.58506459 0.0634185374 0.467083305 159 203 226 
-0.584452629 0.0565223098 0.515622139 158 195 219 
-0.583116591 0.0483366847 0.545243323 163 197 219 
-0.633042455 0.28540659 0.202968925 173 224 243 
-0.583124161 0.0468105078 0.562550604 165 198 220 
-0.679526269 0.30503583 0.242397398 173 219 239 
-0.642753661 0.323396742 0.226658016 168 220 239 
-0.617757618 0.205353111 0.390813828 180 222 242 
-0.626958966 0.245205969 0.37039417 189 233 247 
-0.613804936 0.185330242 0.43184486 165 207 229 
-0.615079343 0.186396629 0.478502005 170 208 230 
-0.651881099 0.358496904 0.255659729 140 187 215 
-0.637756467 0.292917281 0.335930198 175 224 244 
-0.644338906 0.32115981 0.324295551 161 210 235 
-0.628991783 0.253986657 0.366146833 189 233 247 
-0.615235806 0.186460763 0.484974593 171 210 231 
-0.614664912 0.179725677 0.533605695 171 213 236 
-0.651701927 0.193085551 0.544943213 167 212 236 
-0.611829519 0.164092988 0.577147663 153 191 215 
-0.635564089 0.174151808 0.585227668 147 186 214 
-0.613401115 0.168004125 0.605838001 143 181 208 
-0.66004926 0.389494956 0.286201894 152 195 223 
-0.649564445 0.34380585 0.312552959 156 203 228 
-0.613398552 0.16576618 0.630587816 139 179 206 
-0.573753357 0.240469083 0.143293262 169 216 237 
-0.579183757 0.259855866 0.177175015 175 224 241 
-0.539030313 0.0680990517 0.46457085 152 196 222 
-0.536745787 0.054630667 0.509350717 154 198 222 
-0.535935402 0.0469546616 0.557443559 144 187 213 
-0.563803673 0.0450995266 0.55949676 156 192 216 
-0.535012901 0.0411908329 0.579141676 143 185 211 
-0.588881135 0.297776967 0.200991064 173 223 244 
-0.565645576 0.186152458 0.374642462 174 215 238 
-0.590944469 0.193923324 0.381649733 179 221 241 
-0.571929812 0.213860646 0.355252385 186 233 247 
-0.566257834 0.185781807 0.406869054 168 209 233 
-0.598589242 0.335751891 0.22470817 165 212 233 
-0.579100311 0.243511349 0.354965985 187 235 248 
-0.60789758 0.253853589 0.363756478 189 234 247 
-0.586425483 0.275535762 0.335401922 175 222 243 
-0.566390216 0.184586495 0.426229984 167 206 230 
-0.566578388 0.180834085 0.476566941 158 199 224 
-0.607025683 0.185545117 0.483574361 170 208 230 
-0.567833066 0.183495373 0.504597604 160 201 224 
-0.607133567 0.367965132 0.259016782 144 192 219 
-0.592758477 0.306161404 0.285832584 168 216 237 
-0.622996151 0.337072611 0.305970639 156 204 229 
-0.604919255 0.35700351 0.279167265 147 195 222 
-0.588175416 0.283661544 0.325446904 171 218 241 
-0.568012536 0.18197757 0.529704213 156 199 220 
-0.564448833 0.163483083 0.571609378 152 190 215 
-0.567135751 0.169958502 0.623007536 142 180 206 
-0.657296479 0.392804086 0.28769955 150 193 221 
-0.619622946 0.419708431 0.257423759 146 187 216 
-0.615410984 0.398857534 0.295753479 129 166 193 
-0.567174673 0.169701606 0.627649248 140 179 205 
-0.617171288 0.406577408 0.290782809 130 167 193 
-0.527300775 0.243506283 0.139840931 169 216 235 
-0.533492804 0.26465404 0.189116955 187 236 247 
-0.492798656 0.0720042288 0.461614996 153 198 222 
-0.488878429 0.0521087348 0.502718866 154 200 224 
-0.488613278 0.0465751588 0.55203706 142 188 214 
-0.544575095 0.309431881 0.200328439 170 216 237 
-0.528242469 0.229239374 0.341613591 187 233 242 
-0.535407007 0.230205595 0.342926502 188 234 243 
-0.529175997 0.233199477 0.340464592 187 233 243 
-0.518083692 0.184830964 0.368697166 173 217 239 
-0.517594337 0.178416282 0.417511493 162 205 228 
-0.543439329 0.182581753 0.422617465 164 205 229 
-0.515273094 0.164803833 0.462208897 143 184 212 
-0.517612576 0.165993124 0.463112921 143 185 213 
-0.515426755 0.165134639 0.465586513 142 184 212 
-0.553646326 0.3442536 0.229841918 151 194 222 
-0.546599746 0.310353398 0.283040732 157 204 233 
-0.578407645 0.306671083 0.284532875 166 213 237 
-0.548233569 0.317458093 0.279099435 156 202 232 
-0.546261668 0.307696342 0.297044218 159 205 233 
-0.540384412 0.278601468 0.350528628 169 215 236 
-0.516947627 0.166891664 0.515886307 142 186 213 
-0.54316771 0.178161651 0.524898291 153 196 219 
-0.514438927 0.152542442 0.560162365 149 187 213 
-0.533886611 0.157568276 0.565033376 151 189 215 
-0.513770223 0.146849364 0.592725396 143 182 209 
-0.554004312 0.343939304 0.249767214 153 198 227 
-0.601365685 0.365147948 0.266508847 145 193 221 
-0.544342041 0.296990156 0.32788077 166 211 233 
-0.513601184 0.144758761 0.608193636 139 178 207 
-0.562594533 0.168973714 0.626749992 140 179 205 
-0.518350124 0.159437209 0.663110912 143 181 207 
-0.610045612 0.404240847 0.288728744 128 165 192 
-0.488593042 0.273369312 0.193858206 171 222 241 
-0.474085629 0.202004284 0.320846915 191 225 239 
-0.476949692 0.203160942 0.321790844 191 225 239 
-0.474806786 0.205121398 0.319316685 192 226 239 
-0.471324503 0.187882602 0.351006329 170 210 230 
-0.442054093 0.0491932929 0.548345029 153 195 219 
-0.492485285 0.28777647 0.212455183 166 216 237 
-0.513814449 0.303951412 0.223597944 162 211 233 
-0.488564014 0.267877102 0.253556788 182 226 242 
-0.512251019 0.281489998 0.263564914 168 214 235 
-0.484602302 0.247818738 0.294567496 191 234 246 
-0.505947828 0.260175824 0.30363521 186 234 249 
-0.470228434 0.182356447 0.362092406 161 204 227 
-0.469945401 0.176752537 0.411370426 152 191 218 
-0.496940732 0.170996577 0.463563234 145 187 215 
-0.471492797 0.178630948 0.461538881 149 192 218 
-0.540304899 0.338733435 0.245429903 153 198 227 
-0.532383442 0.294971108 0.325468332 164 210 232 
-0.471587747 0.178713977 0.464975387 149 191 218 
-0.467149407 0.156782836 0.504915059 127 171 203 
-0.467357993 0.153110564 0.555297852 136 179 209 
-0.467626244 0.149672776 0.605814755 147 185 211 
-0.477519244 0.148371786 0.606194139 145 183 210 
-0.467594266 0.149246782 0.609080553 146 185 211 
-0.448155463 0.312629849 0.0640311763 154 199 222 
-0.443946689 0.291600764 0.104486682 148 191 212 
-0.43625167 0.252381414 0.187021345 166 211 233 
-0.474741071 0.272215009 0.202040046 171 221 240 
-0.435057223 0.243196338 0.234251052 185 224 242 
-0.460409552 0.252844036 0.242285162 187 232 245 
-0.435732543 0.242675304 0.271044523 186 225 241 
-0.426572531 0.200874299 0.315011144 159 204 227 
-0.432652146 0.227426022 0.299076945 178 218 236 
-0.427663982 0.202732384 0.34447065 153 198 222 
-0.436061949 0.242652327 0.286423087 187 225 240 
-0.426796198 0.197261214 0.365427792 146 190 217 
-0.423646957 0.180395216 0.408264399 146 189 216 
-0.422309935 0.170650005 0.455173701 136 175 203 
-0.466842085 0.178281754 0.464218825 148 190 217 
-0.422975689 0.16943872 0.499199003 138 180 208 
-0.423178047 0.169569254 0.507038832 137 181 209 
-0.422392488 0.161990672 0.555187404 137 180 208 
-0.458562076 0.152960211 0.60660702 146 185 211 
-0.423975885 0.1643053 0.602161169 140 183 210 
-0.42406714 0.164078951 0.608864963 141 183 211 
-0.402503252 0.318811804 0.062377505 160 205 230 
-0.401637018 0.310916364 0.11034485 156 198 222 
-0.38597703 0.235908806 0.224893451 167 210 230 
-0.385138959 0.228124022 0.272924095 166 208 228 
-0.417498499 0.240390509 0.283152819 179 219 237 
-0.381429732 0.209057808 0.314502269 149 189 214 
-0.383142978 0.213322535 0.345765322 151 193 218 
-0.384522378 0.21671766 0.371366501 151 191 216 
-0.380947739 0.198180199 0.413247138 149 189 213 
-0.377612859 0.180584878 0.455666572 147 190 214 
-0.379528135 0.185342908 0.49072507 142 184 211 
-0.380641669 0.187994003 0.512387514 137 180 208 
-0.377295434 0.170354098 0.554781437 130 172 205 
-0.380803674 0.181572527 0.591181576 137 179 211 
-0.381476164 0.182289213 0.614090919 140 182 213 
-0.354011148 0.309343249 0.104255639 150 197 218 
-0.339724183 0.23523891 0.271804005 171 211 228 
-0.338377953 0.225457475 0.318692684 144 182 204 
-0.337057263 0.216166779 0.361299127 140 176 196 
-0.336883903 0.215095103 0.365249038 142 177 196 
-0.333726823 0.198198259 0.408068001 144 182 203 
-0.333713293 0.193653315 0.457951635 145 189 215 
-0.335330099 0.197531909 0.489080638 138 180 207 
-0.336909831 0.201721519 0.515049517 146 188 213 
-0.335374832 0.191198379 0.561513901 134 177 208 
-0.336594015 0.193704039 0.589642823 132 175 207 
-0.336365402 0.190598696 0.613654077 133 178 208 
-0.292247355 0.229759514 0.315963775 167 207 222 
-0.292618781 0.227165237 0.361843258 165 202 215 
-0.287541956 0.202287078 0.405217141 142 180 198 
-0.291639626 0.202334285 0.405693114 142 179 198 
-0.288850188 0.208509147 0.396138251 147 184 201 
-0.287623852 0.202438176 0.407298386 142 180 198 
-0.292512178 0.226308182 0.36647293 163 199 212 
-0.2863819 0.193237185 0.452524155 160 201 218 
-0.289243907 0.200373501 0.50461936 143 186 214 
-0.289780587 0.202099681 0.510076344 141 185 213 
-0.294059157 0.214419395 0.569605827 149 193 220 
-0.293828785 0.212985858 0.574959755 149 193 220 
-0.29126668 0.198955268 0.613244236 144 190 220 
-0.257559925 0.292500198 0.18920961 177 215 229 
-0.243390739 0.22335048 0.307108641 178 221 233 
-0.247894317 0.236748233 0.36498934 164 212 223 
-0.283770204 0.204239041 0.405864507 141 179 198 
-0.248187929 0.237708002 0.367803663 163 211 222 
-0.246177256 0.225315794 0.413199067 145 188 206 
-0.242619216 0.206843495 0.455116898 164 207 225 
-0.242724061 0.202763706 0.505266666 149 196 219 
-0.272362977 0.202514261 0.508387923 142 187 214 
-0.243720829 0.206002921 0.515033245 147 193 217 
-0.248682216 0.221682936 0.568570793 133 180 208 
-0.24878554 0.220990673 0.581007063 132 179 209 
-0.248780161 0.217575967 0.618704915 145 190 218 
-0.205186278 0.256313384 0.349785537 183 226 237 
-0.207110822 0.261866748 0.376431882 175 214 226 
-0.231047094 0.258194149 0.429421872 176 219 232 
-0.210716113 0.273603737 0.411526561 184 224 235 
-0.21491228 0.23925966 0.469706267 170 210 227 
-0.199378431 0.218008757 0.508796692 176 215 227 
-0.200455457 0.222809047 0.50490123 176 214 227 
-0.199688271 0.219011158 0.511882782 176 215 227 
-0.213279337 0.281612515 0.440208763 184 227 239 
-0.210623324 0.266684651 0.484153837 182 222 234 
-0.200091511 0.216318816 0.560313284 166 213 231 
-0.202045232 0.220594391 0.602497816 152 197 220 
-0.203731239 0.226128355 0.618407071 149 194 219 
-0.206817165 0.234132782 0.671135962 135 179 207 
-0.165291116 0.255755931 0.368512213 181 220 229 
-0.158104137 0.254224718 0.374387383 181 219 229 
-0.165407345 0.280294061 0.419990212 196 233 242 
-0.195971221 0.221004367 0.510051847 176 214 226 
-0.166599393 0.283756256 0.436245412 193 229 239 
-0.162260756 0.262216806 0.476408988 192 228 239 
-0.158264726 0.242023528 0.517342567 172 205 219 
-0.159220606 0.241287634 0.56940484 171 210 226 
-0.15974015 0.242154166 0.583627284 161 201 222 
-0.160146296 0.240433097 0.621399283 153 197 221 
-0.162199542 0.244244561 0.673310101 162 203 229 
-0.105933614 0.235437825 0.3509368 172 216 235 
-0.110684574 0.25046581 0.402059585 168 212 228 
-0.10401158 0.218902022 0.446445435 150 199 217 
-0.11528638 0.222179562 0.449467331 155 203 218 
-0.107293494 0.23367846 0.432919353 157 203 221 
-0.104777843 0.221224874 0.455812484 153 202 218 
-0.11381422 0.261910856 0.418561369 175 217 232 
-0.137221143 0.280904084 0.431465596 194 233 241 
-0.146817178 0.255741596 0.471189469 194 231 240 
-0.10939312 0.235555619 0.508453786 168 206 223 
-0.122830696 0.238707528 0.511645019 168 205 222 
-0.110171974 0.237843424 0.518788517 171 209 226 
-0.1117111 0.24017176 0.563577175 171 212 229 
-0.113038629 0.241949871 0.604765117 175 216 235 
-0.113241829 0.24169457 0.616931319 179 220 239 
-0.0692439526 0.285819471 0.269597024 166 207 225 
-0.0915483534 0.319284528 0.290252566 156 203 222 
-0.0820319131 0.339611173 0.258948117 156 205 225 
-0.0755480677 0.307513297 0.317952901 153 196 211 
-0.0646446347 0.254272103 0.4090029 148 199 219 
-0.0727982298 0.255303353 0.410459846 151 201 221 
-0.0600831211 0.231856987 0.448665589 170 217 231 
-0.0580563731 0.220921785 0.477131933 166 213 229 
-0.107766435 0.356552899 0.312308252 165 208 225 
-0.090041779 0.369178772 0.29812023 155 197 218 
-0.0806294978 0.326064348 0.345098436 163 210 226 
-0.091520533 0.337645292 0.352595091 168 219 236 
-0.0833508074 0.336055517 0.359009892 168 218 235 
-0.0666329563 0.262084782 0.413471371 155 205 225 
-0.0964741483 0.290766597 0.432353109 193 238 247 
-0.0763972327 0.301632285 0.422289282 189 236 248 
-0.0656368732 0.253679097 0.461146861 178 225 237 
-0.0762461349 0.272822857 0.472726673 183 230 241 
-0.0577652231 0.218257546 0.493370563 165 211 228 
-0.0698252246 0.269097984 0.482096285 183 229 241 
-0.0593692139 0.220068246 0.546889365 162 208 224 
-0.073819004 0.227730662 0.552645504 169 213 226 
-0.0598251894 0.219593436 0.573099315 169 213 227 
-0.102437511 0.399036586 0.334833294 165 196 212 
-0.0986230522 0.401575089 0.332092315 164 194 210 
-0.0848889947 0.342801005 0.354671031 166 217 234 
-0.0979280919 0.398134708 0.338416666 165 195 211 
-0.078510493 0.308754593 0.440164417 190 237 249 
-0.0964356065 0.309129953 0.494695872 169 215 229 
-0.0829123408 0.323800206 0.475064009 176 223 238 
-0.0726952329 0.276921332 0.526923656 195 236 242 
-0.0840838924 0.289279759 0.534897923 203 241 246 
-0.075559102 0.287398398 0.541980505 200 240 245 
-0.0596033558 0.216496408 0.597329617 173 216 232 
-0.104771875 0.238592714 0.614313185 178 220 238 
-0.0989694446 0.402618468 0.336400717 165 195 212 
-0.0833578035 0.323309124 0.500972092 170 218 234 
-0.0775778443 0.296106368 0.537896574 198 237 243 
-0.0361437015 0.343433022 0.272684813 172 214 229 
-0.0438635573 0.307986468 0.331224173 167 213 226 
-0.0575595498 0.281831622 0.370858818 193 242 249 
-0.0124935731 0.234918401 0.392743975 149 195 212 
-0.0623003989 0.257844269 0.410688519 149 200 220 
-0.0105714649 0.222874135 0.438338369 155 202 217 
-0.0422806963 0.239850104 0.451057523 162 209 224 
-0.0400407091 0.356633514 0.304909945 162 204 222 
-0.06348636 0.367270589 0.313272744 159 203 222 
-0.0406714976 0.355762839 0.343544692 179 228 241 
-0.0373646431 0.327913523 0.393707633 173 221 237 
-0.0294813365 0.261302114 0.513678312 174 218 231 
-0.0407752171 0.235728681 0.553365231 164 209 224 
-0.0107391626 0.207584739 0.615936875 183 227 242 
-0.0940607041 0.401064128 0.335015744 164 194 211 
-0.0413403399 0.357248306 0.357744753 183 232 245 
-0.0357216895 0.330679357 0.39503172 174 221 237 
-0.0374756828 0.333079427 0.448887616 190 232 245 
-0.038486518 0.334861517 0.475492567 183 227 242 
-0.0208648592 0.25433588 0.561299443 171 216 229 
-0.0303777382 0.294719517 0.549284637 183 228 240 
-0.015813686 0.229996696 0.599861741 181 226 239 
-0.0379136726 0.330308616 0.49978599 177 224 240 
-0.0335477516 0.308661968 0.539888322 178 222 237 
0.857248127 0.0214295387 -0.394897729 162 202 220 
0.900985599 0.0351350307 -0.392248303 169 209 227 
0.951804936 0.0210142136 -0.40551421 156 198 218 
0.948282421 0.0303632915 -0.347683787 177 217 233 
0.864090681 0.0484455526 -1.00924385 204 237 243 
0.846679389 0.0557142794 -1.0033766 191 230 238 
0.860319018 0.0643057525 -1.01232862 200 237 243 
0.868416071 0.026958257 -0.969050407 185 218 229 
0.824974775 0.027621001 -0.963916302 154 196 214 
0.871230066 0.0114094913 -0.925460458 195 227 235 
0.873411238 -0.00050625205 -0.893186331 196 227 237 
0.851072311 0.104089737 -1.02990115 181 220 231 
0.845642507 0.126876086 -1.03382468 172 214 227 
0.871065974 0.00756233931 -0.875177741 183 217 230 
0.847476184 0.0285814404 -0.861151338 155 193 211 
0.865760803 0.0272814929 -0.850742459 160 197 213 
0.834144056 0.173713833 -1.02639985 175 222 233 
0.858590424 0.0526933968 -0.803930879 176 207 222 
0.825174868 0.208030254 -0.995957553 182 225 236 
0.85796982 0.0545285642 -0.795831978 176 207 222 
0.858807862 0.0467437804 -0.747801363 158 196 215 
0.822281897 0.059191376 -0.73701632 161 204 222 
0.862036228 0.029566884 -0.705142558 165 203 221 
0.830895662 0.0384364724 -0.696895719 160 200 219 
0.860406756 0.0336171687 -0.675338149 161 199 219 
0.815692067 0.244889408 -0.970189214 164 205 224 
0.859141827 0.0364480615 -0.648723722 163 202 221 
0.86075747 0.0256081223 -0.602440476 182 220 234 
0.859229386 0.029360652 -0.57398802 173 211 227 
0.814614296 0.247342587 -0.947967052 162 199 218 
0.815910399 0.23775807 -0.90096575 161 203 224 
0.815378487 0.236357048 -0.86097908 161 197 217 
0.859299481 0.0268450081 -0.549249887 168 208 226 
0.862384081 0.0102330148 -0.506267965 165 206 225 
0.85977006 0.0165994167 -0.45700407 148 191 212 
0.815272033 0.235774547 -0.849617004 159 194 214 
0.818386376 0.219045743 -0.806702018 169 205 223 
0.819194198 0.211379886 -0.758603334 158 194 216 
0.859507918 0.0170425177 -0.449890107 147 190 211 
0.907079399 0.0650930703 -1.00491178 198 236 249 
0.904703319 0.0755728185 -1.01227832 206 244 253 
0.912199616 0.040482372 -0.966504693 178 218 232 
0.914559424 0.0264644921 -0.922032118 176 215 231 
0.914615214 0.0265043676 -0.922076941 176 215 231 
0.896806002 0.109951556 -1.03173792 196 234 243 
0.890622377 0.135194957 -1.02835476 188 225 234 
0.914615214 0.0264994204 -0.922019184 176 215 231 
0.918647408 0.00616389513 -0.881167054 182 231 240 
0.910430968 0.0371336043 -0.848091006 180 214 226 
0.880164444 0.176880896 -1.01145947 186 231 239 
0.907003641 0.0474232733 -0.805085361 167 205 222 
0.869391501 0.0522399843 -0.798332036 176 208 222 
0.909281671 0.0339803994 -0.760290861 160 202 221 
0.896169603 0.0358816087 -0.757815838 161 202 220 
0.908749342 0.0353732407 -0.751329422 159 201 221 
0.870552599 0.214379042 -0.986865997 169 211 225 
0.904652238 0.047678709 -0.699972928 168 206 223 
0.904994845 0.0438750088 -0.673432648 170 208 224 
0.865315795 0.233684599 -0.960968256 152 194 217 
0.852337778 0.244699121 -0.953550339 151 193 219 
0.862735093 0.242994338 -0.945943296 149 192 218 
0.904386699 0.0442305207 -0.649461925 169 208 225 
0.903361559 0.043766737 -0.597244024 174 213 227 
0.90355444 0.040920794 -0.574476421 178 217 232 
0.861463606 0.244328946 -0.902396977 164 204 221 
0.858424246 0.254250169 -0.873109341 164 202 219 
0.903271675 0.0396281779 -0.547127962 174 213 230 
0.903420448 0.0345517695 -0.497548252 173 211 227 
0.905112088 0.0234130025 -0.451435924 165 208 225 
0.889581978 0.020829618 -0.451134712 159 202 220 
0.905094683 0.0232111514 -0.448395938 165 209 226 
0.85787344 0.25394389 -0.844414473 157 192 211 
0.861284852 0.236047789 -0.802167058 158 194 216 
0.864068747 0.220617235 -0.758509457 165 200 220 
0.946214974 0.101372004 -1.04183447 177 219 233 
0.940193951 0.1011886 -1.04127264 181 222 235 
0.945784986 0.10318917 -1.04228246 178 219 233 
0.950955689 0.078252703 -1.00257456 188 218 225 
0.955569208 0.0556331575 -0.963028669 190 224 236 
0.95987469 0.0342241824 -0.922790408 179 230 241 
0.91496712 0.0265631378 -0.922023177 176 215 231 
0.959314883 0.0362103879 -0.919157028 178 230 240 
0.933875859 0.152059883 -1.03859484 182 219 228 
0.941545069 0.0513502359 -0.859102368 190 226 235 
0.952447593 0.0601218343 -0.869587421 189 226 235 
0.925302207 0.184418052 -1.0045526 179 217 227 
0.951337874 0.0632755756 -0.853691161 189 226 235 
0.951844752 0.0567924082 -0.804916143 178 212 227 
0.926255524 0.043163687 -0.757160485 177 217 233 
0.950446546 0.0599423945 -0.775731981 191 229 241 
0.920370102 0.202923 -0.983751893 172 211 227 
0.89259088 0.213248193 -0.975082576 166 207 224 
0.917974234 0.210609943 -0.95917511 174 214 231 
0.948992193 0.0635087788 -0.748591483 189 226 240 
0.95000571 0.0550347567 -0.700955033 188 228 239 
0.949385464 0.0551106632 -0.673324525 181 221 235 
0.915079772 0.219218343 -0.921948552 169 206 222 
0.894078791 0.231962413 -0.912708282 162 201 218 
0.912365973 0.228288546 -0.898147702 163 202 219 
0.948567092 0.0561955571 -0.647807956 173 214 230 
0.949155867 0.0493899584 -0.599217236 178 214 228 
0.94900912 0.0468887389 -0.564684868 179 221 237 
0.904760659 0.255853474 -0.855294287 150 191 209 
0.948492348 0.0475058854 -0.547811747 180 224 240 
0.949220121 0.0401540697 -0.499533445 160 204 223 
0.949902475 0.0329815149 -0.451152623 178 222 237 
0.951186001 0.026027739 -0.43281129 167 210 228 
0.904672503 0.255619258 -0.848645687 151 190 208 
0.908990085 0.234162673 -0.808434725 153 191 210 
0.912917614 0.214239001 -0.767346978 162 202 221 
0.914427161 0.203815371 -0.720825672 161 204 225 
0.91875875 0.177811921 -0.630732119 181 216 230 
0.991384804 0.109449267 -1.04240406 143 183 201 
0.990053236 0.115030438 -1.04328763 141 180 199 
0.959316552 0.0829773247 -1.00092316 186 213 220 
0.992224514 0.104281992 -1.02352905 157 187 201 
0.963259041 0.0610917509 -0.960904241 195 229 239 
0.960980713 0.0377004445 -0.921020985 180 230 241 
0.989124119 0.11833185 -1.03732371 144 183 202 
0.94797498 0.144265831 -1.01869416 180 222 233 
0.957887471 0.123825282 -0.978545308 197 230 239 
0.991056144 0.101756841 -0.94183749 180 219 233 
0.988936722 0.110472888 -0.941384196 175 214 231 
0.994153082 0.0850966275 -0.898883224 200 230 241 
0.994299948 0.0839229524 -0.892578125 202 230 241 
0.93451649 0.18220216 -0.996578336 179 216 227 
0.958965957 0.165280193 -0.956112802 183 214 222 
0.978089154 0.154088169 -0.928035617 196 224 233 
0.992827713 0.0858126879 -0.845990419 200 228 239 
0.993565142 0.0784236491 -0.797733426 174 207 222 
0.993103325 0.0797615051 -0.791402698 179 211 224 
0.949382722 0.204154462 -0.933912635 173 210 225 
0.966956437 0.19911477 -0.917281508 178 216 228 
0.980816305 0.137500495 -0.868910551 198 231 240 
0.96847862 0.163096815 -0.853630781 190 231 243 
0.972647011 0.170944303 -0.865496397 191 231 242 
0.976001084 0.154340237 -0.834973514 192 228 240 
0.988835514 0.0925153792 -0.737190485 194 227 240 
0.981395066 0.0748638511 -0.693617582 206 239 247 
0.990076125 0.0846626461 -0.706886888 204 236 245 
0.965888202 0.200648278 -0.885276079 184 222 231 
0.937747896 0.219692379 -0.871824086 169 209 223 
0.943195879 0.198171169 -0.831772447 175 213 230 
0.97597903 0.152014971 -0.808125734 189 220 232 
0.950590789 0.177121282 -0.791678429 179 214 226 
0.976865232 0.144041568 -0.760203004 188 221 231 
0.961515009 0.156925529 -0.751507521 186 220 230 
0.982036769 0.119229347 -0.721911311 181 213 227 
0.969978631 0.136134267 -0.711390257 173 206 221 
0.970895588 0.11351639 -0.671437323 170 211 224 
0.975387037 0.0917636752 -0.631406546 161 199 214 
0.970423996 0.067722559 -0.591581643 184 221 232 
0.909922481 0.254151165 -0.850021243 153 193 210 
0.914994895 0.232539073 -0.80997777 157 195 214 
0.920734763 0.211088568 -0.769919753 168 207 224 
0.933279335 0.191285044 -0.729713559 172 215 231 
0.941568077 0.170451462 -0.68960011 173 212 227 
0.952691019 0.150303841 -0.649424851 172 207 221 
0.965415537 0.130543917 -0.609214783 180 212 224 
0.97162801 0.109207749 -0.569146454 187 226 237 
0.980612934 0.08854267 -0.529017806 168 211 229 
0.989984691 0.0655407608 -0.490202874 193 239 251 
0.987755835 0.0759795308 -0.503874123 183 228 243 
0.958078802 0.0374087691 -0.449642718 180 225 239 
0.989949524 0.0651200414 -0.483911425 191 237 250 
0.986871183 0.0777744949 -0.483205736 189 234 246 
0.995595515 0.114598215 -1.04006588 145 184 202 
1.0350306 0.114530891 -0.93972075 169 200 215 
1.03330493 0.121819139 -0.941479445 156 190 206 
0.996044815 0.0873812735 -0.897848248 201 230 241 
1.0348258 0.114290267 -0.927639246 177 207 220 
1.03031588 0.13305667 -0.929124832 168 204 218 
0.990368187 0.150041074 -0.915495872 195 227 237 
0.986413896 0.126244098 -0.875649035 200 230 239 
1.03414083 0.109044254 -0.837892532 173 204 219 
1.03170037 0.119678169 -0.844018221 169 204 219 
0.997270048 0.0831920803 -0.795546651 180 210 223 
1.03365803 0.109986454 -0.826202154 173 204 219 
0.983235419 0.189508438 -0.89324224 191 225 233 
1.02932882 0.127951086 -0.8270787 171 207 222 
0.988063157 0.144997299 -0.813271165 192 223 236 
1.02256989 0.130509526 -0.772586584 172 209 222 
1.00506353 0.103432447 -0.733034968 191 226 240 
0.991724551 0.0683923662 -0.488842845 194 239 251 
1.03879452 0.120568424 -0.936850011 167 200 214 
1.04227185 0.116924286 -0.834499359 167 201 215 
-1.01221728 0.0942195952 0.268989384 196 238 247 
-1.01425731 0.0959491432 0.270154387 196 238 247 
-1.01323056 0.0986918509 0.265815884 195 238 247 
-1.01242328 0.0946954787 0.273162335 196 238 248 
-1.01299679 0.0972825587 0.270741254 197 238 248 
-0.977599204 0.161724627 0.0924770311 191 238 246 
-0.976247549 0.151921988 0.139353544 196 240 248 
-0.99016422 0.147460341 0.190813273 195 238 247 
-0.978555739 0.158024758 0.177507937 197 240 248 
-1.00662947 0.120635211 0.230387568 185 236 247 
-0.999796391 0.0766094625 0.310402334 189 233 245 
-0.989503562 0.0562609136 0.350559473 193 235 245 
-0.949361086 0.0193271935 0.378414422 172 217 233 
-0.985396028 0.0344152749 0.390581936 183 223 233 
-0.949077964 0.0137230158 0.427692205 172 218 234 
-0.959766388 0.0177789629 0.431073099 173 222 237 
-0.948872745 0.0110808313 0.447631329 172 219 236 
-0.98111701 0.16656357 0.200211018 188 231 239 
-0.97959727 0.156100363 0.246709704 184 232 241 
-0.991464853 0.142659754 0.293059796 194 236 245 
-0.980775952 0.158930659 0.269368112 185 231 240 
-0.989466548 0.120303601 0.333036304 195 239 248 
-1.00567055 0.0935417116 0.372616291 192 238 246 
-1.00225902 0.0715275705 0.412623584 192 234 246 
-0.993054748 0.0509155691 0.452757031 188 227 241 
-0.949957132 0.0126858056 0.47958222 177 222 239 
-0.976528168 0.0320759118 0.493050009 185 225 237 
-0.950597763 0.0107111037 0.530935943 166 209 229 
-0.959236622 0.0134213865 0.533359587 169 212 231 
-0.950344205 0.00828030705 0.546304941 164 208 229 
-0.986031473 0.176889837 0.311083525 188 233 243 
-0.981335819 0.153947741 0.350444883 192 237 248 
-0.988357127 0.138926119 0.395402372 186 232 244 
-0.982209742 0.15594402 0.368383825 189 235 247 
-1.00374913 0.112360746 0.435000092 192 236 245 
-1.00631785 0.0888991654 0.474877089 199 236 244 
-0.996967733 0.0683224797 0.515013754 185 222 232 
-0.986033559 0.0481291711 0.555184841 183 221 232 
-0.953378797 0.0171466768 0.587099969 178 220 236 
-0.970762432 0.0289856195 0.595450461 188 227 237 
-0.981999099 0.152062088 0.401849538 188 236 247 
-0.979165435 0.136436015 0.445395321 182 228 239 
-0.977275372 0.124517858 0.491061836 185 229 242 
-0.994566679 0.110097498 0.537475049 186 225 236 
-0.978054285 0.12528801 0.518263519 182 225 237 
-1.00760555 0.0841017067 0.57712394 186 225 234 
-0.998629928 0.0634343326 0.617252409 185 226 237 
-0.978009462 0.12291047 0.542625725 179 218 232 
-0.974419117 0.104311198 0.584470928 181 224 234 
-1.01584649 0.100461036 0.639286399 181 220 229 
-0.977885902 0.114369839 0.631859541 176 215 230 
-0.978892505 0.117396623 0.644438386 175 214 229 
-0.935067713 0.180168867 0.0978368297 172 214 231 
-0.95921272 0.177791774 0.151554495 195 239 246 
-0.938606262 0.191246063 0.137200326 182 225 237 
-0.902203798 0.0151036084 0.423292369 169 212 232 
-0.903118491 0.015566051 0.460148603 180 222 236 
-0.951964855 0.220739931 0.17412132 177 229 239 
-0.947277188 0.224085927 0.170357078 175 225 236 
-0.971060216 0.193278193 0.213638335 182 224 232 
-0.975438416 0.169378668 0.253475934 182 230 238 
-0.903369904 0.0151937008 0.475827128 183 224 237 
-0.912204146 0.0248052776 0.534384012 189 227 238 
-0.907431602 0.0268327594 0.532962799 191 228 239 
-0.947799861 0.225704685 0.176364422 178 230 240 
-0.971198797 0.234438494 0.236044288 181 228 241 
-0.953736186 0.245975927 0.223642677 181 228 241 
-0.979387939 0.209616542 0.275798857 182 225 237 
-0.984384775 0.18556729 0.315622985 188 233 243 
-0.980937958 0.163561732 0.355631024 191 236 247 
-0.907592893 0.0272950232 0.535231709 192 229 239 
-0.906457901 0.0183437169 0.58259517 184 224 239 
-0.955606341 0.251886666 0.243822485 174 221 238 
-0.976649821 0.251473129 0.298267454 172 221 237 
-0.959553778 0.264691085 0.282764524 166 216 237 
-0.978304029 0.22823292 0.338164419 181 226 238 
-0.989506781 0.202681541 0.377853364 182 228 239 
-0.976285458 0.183041841 0.41807428 194 240 246 
-0.968266785 0.162142843 0.458181947 180 227 237 
-0.962022603 0.140814394 0.498250872 187 230 242 
-0.961407781 0.270190269 0.306774467 167 216 236 
-0.961875319 0.267535329 0.357739151 159 205 224 
-0.976654589 0.246986166 0.400542259 164 207 223 
-0.962492704 0.269155383 0.368083417 157 202 220 
-0.973566413 0.224893793 0.440542489 184 226 239 
-0.958943784 0.205593273 0.480793923 178 224 236 
-0.941721916 0.170380205 0.512103558 174 214 230 
-0.948430538 0.19954139 0.49605307 174 218 232 
-0.938196301 0.152035356 0.554094374 166 204 222 
-0.947974443 0.139728844 0.600831807 159 202 219 
-0.939422905 0.154949665 0.578024983 156 198 217 
-0.962777615 0.266588748 0.409680933 167 209 224 
-0.960312724 0.252411902 0.454055578 155 194 211 
-0.95338285 0.220690891 0.48839578 169 213 227 
-0.940454066 0.156415045 0.60908252 148 191 211 
-0.94463098 0.158892095 0.663246512 157 200 218 
-0.942762554 0.161397278 0.65969789 155 197 216 
-0.942715108 0.160807282 0.664077818 155 199 217 
-0.892440259 0.198235631 0.10298074 164 207 225 
-0.895277619 0.207738727 0.127644539 172 216 230 
-0.855433941 0.0124021471 0.46904102 171 210 231 
-0.886837482 0.0125910342 0.472594649 180 221 236 
-0.855460584 0.0106270611 0.489990145 178 217 235 
-0.903662264 0.239161342 0.16340661 164 214 230 
-0.858812332 0.0211850405 0.526547611 184 221 236 
-0.902751088 0.0270933211 0.534589946 191 228 239 
-0.860709906 0.0265284479 0.554284453 185 220 235 
-0.906513691 0.249042004 0.184522837 158 207 225 
-0.909694672 0.258939773 0.220573813 162 211 229 
-0.860975564 0.025192976 0.581323147 182 218 234 
-0.912702799 0.268868864 0.248346061 166 217 237 
-0.914592206 0.273100048 0.288068801 173 223 241 
-0.916018426 0.277404994 0.305711508 173 222 240 
-0.955549061 0.274934471 0.361068994 158 204 223 
-0.920793474 0.293714285 0.343699634 166 214 235 
-0.926126599 0.190696627 0.521441758 173 215 230 
-0.92378974 0.168422401 0.561425626 171 212 228 
-0.921709359 0.295274019 0.368414968 164 211 232 
-0.939440072 0.297187507 0.423761815 160 199 219 
-0.92533952 0.306134403 0.414393425 151 192 216 
-0.941724896 0.273794651 0.463645011 130 165 183 
-0.940708637 0.251200795 0.503600121 144 181 199 
-0.94544512 0.22721456 0.543429911 148 183 201 
-0.903479278 0.201184422 0.577015936 169 208 221 
-0.907720268 0.218911305 0.574733555 158 194 208 
-0.900930464 0.186677784 0.621201932 144 183 203 
-0.900351286 0.182431728 0.641793072 148 189 208 
-0.92597425 0.307539999 0.427913755 158 197 221 
-0.922616243 0.289853811 0.470281214 130 165 184 
-0.932288349 0.2944327 0.526192486 143 182 204 
-0.926324487 0.300925672 0.517493963 139 178 202 
-0.927517712 0.272747606 0.566229343 152 196 214 
-0.919802666 0.268639863 0.576844215 151 195 214 
-0.899028122 0.174711138 0.666840732 154 199 218 
-0.926149547 0.299245238 0.528135896 137 176 200 
-0.922065854 0.278707743 0.568872511 147 190 209 
-0.849370718 0.214565486 0.107131205 151 198 223 
-0.850795984 0.218523756 0.128581017 156 205 228 
-0.809912324 0.0190971196 0.467680782 163 203 226 
-0.811721861 0.0250899196 0.484165758 169 207 229 
-0.857094646 0.240423113 0.174403757 165 215 231 
-0.861656547 0.242598444 0.176088393 166 215 231 
-0.857652843 0.242383361 0.178245932 166 216 232 
-0.816084385 0.0388570428 0.531465769 173 209 230 
-0.816904426 0.0406608582 0.549067557 175 210 231 
-0.862266243 0.256251752 0.235940188 165 215 236 
-0.871076286 0.258672476 0.238225132 164 215 236 
-0.862926185 0.258404076 0.242320895 164 215 236 
-0.818204522 0.0426957905 0.586144507 168 203 225 
-0.870219648 0.284425259 0.288012296 178 223 242 
-0.873694658 0.296665162 0.311537951 162 209 232 
-0.876420498 0.30503729 0.343647122 155 203 229 
-0.876477003 0.303105533 0.367704749 166 214 236 
-0.873754978 0.28791827 0.411501497 160 203 224 
-0.910589635 0.304170579 0.424390227 153 193 217 
-0.874466777 0.286223263 0.463015229 140 182 201 
-0.884231687 0.287710488 0.464897305 135 175 194 
-0.874934256 0.287594795 0.469236642 137 178 197 
-0.887185335 0.218476087 0.58463192 158 198 212 
-0.884846449 0.196202368 0.624615788 153 191 209 
-0.874976158 0.28373313 0.514074206 132 170 190 
-0.916951001 0.298145026 0.52652657 138 176 199 
-0.877467811 0.290052503 0.558244228 150 190 213 
-0.864545345 0.233764201 0.590460598 160 203 219 
-0.875546634 0.280541718 0.575727701 158 198 220 
-0.858913183 0.207142264 0.627717257 167 208 224 
-0.857007504 0.195162624 0.673348546 151 195 216 
-0.877595425 0.289533049 0.569874644 153 193 216 
-0.799598336 0.204558313 0.0962180868 150 196 221 
-0.801672697 0.208217114 0.15079394 142 187 215 
-0.815794826 0.212505102 0.154678375 146 192 219 
-0.8027367 0.21159786 0.162075013 145 189 218 
-0.758515 0.00270521641 0.45311591 150 196 223 
-0.766965151 0.0345133245 0.487605184 165 207 230 
-0.809510708 0.235047266 0.212494045 171 221 240 
-0.77137965 0.0487618148 0.531941354 180 217 235 
-0.772096515 0.0498307943 0.552972972 174 211 231 
-0.810431123 0.238139525 0.220391333 170 220 239 
-0.816668808 0.260398299 0.259417295 161 212 234 
-0.772770882 0.04973647 0.584981978 154 194 220 
-0.820959568 0.275016665 0.293966562 165 210 231 
-0.848728597 0.282435596 0.301053792 175 219 238 
-0.82235229 0.278449446 0.319759756 168 210 230 
-0.823984861 0.282411814 0.350679427 166 210 232 
-0.860501468 0.297940075 0.363139302 166 214 237 
-0.822645068 0.272655547 0.397582442 166 210 233 
-0.83716321 0.280749112 0.403580636 163 207 229 
-0.820069492 0.258043617 0.441708237 171 213 233 
-0.826225638 0.260556638 0.443751782 169 212 232 
-0.819995821 0.256699264 0.453268081 169 213 233 
-0.818638384 0.247928813 0.488406271 160 207 227 
-0.85560739 0.271798968 0.505453765 132 170 190 
-0.822561681 0.259316325 0.541982651 134 178 204 
-0.810658693 0.203099221 0.620215356 158 200 221 
-0.837525249 0.20765616 0.625646532 164 204 222 
-0.815730095 0.225497067 0.604151726 167 208 225 
-0.811673522 0.2054151 0.641067922 161 202 222 
-0.824294686 0.265661836 0.551031947 133 176 201 
-0.860358477 0.289003044 0.567692161 146 185 208 
-0.818969965 0.240247905 0.588979483 170 211 227 
-0.810760856 0.199008763 0.670358896 162 203 224 
-0.724327326 0.0519255102 0.47613439 180 220 237 
-0.730135679 0.0460338295 0.578282714 172 203 224 
-0.782990515 0.257153183 0.280076712 164 215 239 
-0.797141254 0.27208215 0.342110425 153 197 223 
-0.808774292 0.241940767 0.484064907 162 210 230 
-0.817626715 0.258152127 0.546213984 135 180 206 
-0.809174597 0.237358049 0.586331129 166 208 225 
-0.791210234 0.196026534 0.666588306 162 203 224 
0.0199141353 0.306616753 0.271113157 176 226 244 
-0.0127789527 0.338350117 0.291968286 162 209 227 
0.0216059238 0.29547748 0.317225218 176 227 239 
0.0136452764 0.327944398 0.321919471 169 217 234 
0.0304684788 0.251670629 0.397136033 166 214 231 
0.0321514904 0.240565866 0.443267733 163 207 225 
0.0418113694 0.18913427 0.571300805 176 222 237 
0.0330230072 0.189557344 0.572496653 177 223 238 
0.0406920537 0.194051057 0.568052351 177 223 238 
0.0420085713 0.187533736 0.580032945 176 222 237 
0.00841321796 0.347314984 0.346873879 174 223 238 
-0.0167663023 0.355739027 0.354223371 180 231 244 
0.0105437115 0.334451914 0.39199996 167 212 228 
-0.00397915393 0.335994244 0.394434839 169 215 230 
0.00952157378 0.338273823 0.396456599 167 212 228 
0.0394849926 0.198275208 0.576529026 178 223 238 
0.0328095257 0.222988278 0.608383298 178 222 237 
0.00934306532 0.334677726 0.444612294 167 217 232 
0.0145591497 0.309690595 0.482803971 172 218 232 
-0.0210473165 0.3273772 0.49633792 174 218 235 
0.0164931715 0.297599524 0.528371692 186 230 244 
-0.0168813057 0.305545688 0.536361694 182 227 241 
0.0189288855 0.283537179 0.572811782 177 221 237 
0.0281841084 0.242679238 0.601926088 176 221 239 
0.0461551398 0.398053825 0.213255197 147 191 213 
0.0458736718 0.398226261 0.21337992 147 192 213 
0.0460767075 0.39838326 0.213195771 147 191 213 
0.0415191501 0.374332428 0.253218025 157 198 218 
0.0413876325 0.351460755 0.29314813 163 208 227 
0.0496231318 0.28493461 0.413126379 185 231 244 
0.0658560246 0.300466955 0.393192887 176 224 239 
0.0493503809 0.262028754 0.453053385 173 216 231 
0.0749247968 0.255572587 0.475721091 174 218 232 
0.0818153024 0.222001523 0.532426715 172 217 234 
0.0796583891 0.223684967 0.533579528 173 219 235 
0.0810462236 0.225268811 0.53142786 173 219 235 
0.0573760271 0.195451826 0.573027134 172 218 234 
0.0819136947 0.220974505 0.539321959 172 217 234 
0.0263298154 0.434689641 0.235363185 156 199 221 
0.0356343091 0.439992934 0.230231166 163 206 226 
0.00149130821 0.405837834 0.27475512 147 186 207 
0.00891199708 0.384794116 0.314849705 165 208 228 
0.0150487944 0.363439649 0.354916364 172 222 238 
0.0103381127 0.339459628 0.394746691 167 212 228 
0.0635595322 0.307208538 0.423711747 178 228 240 
0.0364235938 0.30009377 0.475180775 175 225 235 
0.0598461032 0.320133954 0.45056501 173 224 235 
0.0691505969 0.276256204 0.510974824 184 227 238 
0.0628576726 0.283652127 0.515689611 188 231 241 
0.0807776749 0.226078629 0.534758687 174 220 236 
0.0679194182 0.28016755 0.524034262 188 232 241 
0.0814594328 0.218908027 0.583140552 169 213 230 
0.0611456931 0.237558097 0.595518172 179 221 237 
0.0744723231 0.247727782 0.583667517 183 226 240 
0.0346413404 0.443294495 0.239130795 159 203 223 
0.0340709686 0.441043794 0.290326655 155 203 226 
0.01294294 0.426963627 0.337346464 160 204 229 
0.0328415334 0.443733603 0.316880226 160 209 233 
0.0329424292 0.408964515 0.377715081 150 197 218 
0.0221783072 0.383519322 0.417413563 172 216 235 
0.0543255508 0.343491137 0.4444637 177 223 237 
0.0459219813 0.378979713 0.435915738 174 217 235 
0.0385120362 0.296113461 0.577501178 177 222 239 
0.060808301 0.305285871 0.571385324 178 222 240 
0.0631259382 0.293812573 0.592476368 186 230 244 
0.0315094143 0.446616948 0.345997453 163 205 230 
0.038385421 0.415107608 0.380458713 150 196 217 
0.0392046943 0.407396644 0.428531557 155 198 221 
0.0606530905 0.305153191 0.579985738 182 227 244 
0.0469277799 0.398481369 0.213402897 147 191 213 
0.0935938358 0.394141197 0.241756171 163 206 226 
0.105521441 0.298464417 0.414343953 168 214 232 
0.112853393 0.298797935 0.417023331 165 210 228 
0.129464626 0.22482799 0.476370722 143 187 205 
0.0941182524 0.250024676 0.493961543 168 214 230 
0.0826510787 0.224409312 0.533644736 174 219 235 
0.123414561 0.246515512 0.513132811 175 222 235 
0.130323112 0.212315142 0.576002538 162 210 226 
0.0463835597 0.439543515 0.235799998 159 203 224 
0.0835164189 0.433943987 0.262113094 168 214 236 
0.103909045 0.33299163 0.447691411 167 218 235 
0.117735937 0.266421199 0.552643299 185 227 241 
0.103344202 0.270611823 0.556504428 185 229 242 
0.110533327 0.249512032 0.596593916 169 215 232 
0.119247735 0.257058442 0.587277532 170 216 233 
0.120570123 0.250512004 0.599311709 166 214 231 
0.0796173513 0.447641492 0.288910776 157 204 228 
0.0770123601 0.456057191 0.314988315 157 205 230 
0.0743723065 0.373312682 0.458483428 174 219 237 
0.0938396305 0.372754872 0.468120962 163 211 232 
0.0713559985 0.304063112 0.578216612 180 223 240 
0.119867802 0.253552675 0.59776628 166 214 231 
0.0538928807 0.478069127 0.36064741 151 192 218 
0.0688690543 0.486285329 0.352946192 144 187 213 
0.0642206669 0.457729071 0.400805324 156 195 215 
0.0650016963 0.435078263 0.440755278 149 190 212 
0.090146482 0.388302535 0.464904338 162 210 232 
0.0792971849 0.434661567 0.447844952 150 193 214 
0.0670986176 0.492338896 0.366958857 149 191 216 
0.0480814576 0.495016515 0.422862738 139 180 202 
0.0628293306 0.506099939 0.410046995 141 182 207 
0.0744553804 0.45444876 0.450253755 151 193 213 
0.0668689162 0.486102164 0.446808308 145 187 210 
0.0620048344 0.507861912 0.428320497 136 177 203 
0.138437703 0.403133065 0.245988905 155 201 223 
0.118052572 0.301497489 0.414616913 167 212 230 
0.155068606 0.320802808 0.397334605 165 211 230 
0.168807745 0.252788067 0.522364497 178 221 237 
0.176918447 0.212636501 0.596174121 171 220 237 
0.128583729 0.44182983 0.268379062 152 195 220 
0.11796695 0.342670619 0.437024027 167 218 233 
0.143785089 0.366576374 0.406715602 163 207 226 
0.166834235 0.259062588 0.543245077 173 217 234 
0.168605477 0.24761112 0.589178503 173 219 236 
0.126084119 0.25327599 0.59693265 166 214 231 
0.127514079 0.445004135 0.282212853 146 191 217 
0.12250632 0.461830914 0.325136989 151 194 219 
0.112335533 0.382501423 0.459310323 162 208 227 
0.133217499 0.408805847 0.422611684 160 201 218 
0.113393337 0.496859372 0.354270518 143 188 215 
0.131819502 0.414611608 0.422279269 156 197 215 
0.0970689654 0.44283995 0.441453785 141 181 203 
0.121110767 0.458654761 0.424501151 138 176 199 
0.112184852 0.50074482 0.366577178 144 188 215 
0.107977629 0.513584733 0.417050123 142 185 210 
0.110812768 0.499549568 0.44285062 137 178 203 
0.10746631 0.514793277 0.427095443 147 190 215 
0.182196468 0.417496622 0.240347028 159 208 232 
0.203528106 0.318411291 0.36206758 163 210 229 
0.198298305 0.337785512 0.386878014 164 210 227 
0.204941362 0.25400883 0.536308408 171 214 229 
0.22639668 0.206095874 0.560244203 172 216 234 
0.20870471 0.232079893 0.57632333 189 231 245 
0.18015933 0.423708647 0.264843374 153 202 228 
0.136763781 0.438579619 0.277701586 149 194 219 
0.178208023 0.427156389 0.316115141 154 197 221 
0.193864703 0.356381267 0.383784682 166 212 229 
0.152258858 0.373810589 0.397837967 164 207 227 
0.183520198 0.400858819 0.364457369 154 200 223 
0.177464753 0.429804444 0.32081306 153 197 220 
0.142940283 0.458428591 0.340178043 153 197 220 
0.172333598 0.446152687 0.374720126 159 200 221 
0.134949669 0.410814852 0.41986987 159 200 217 
0.173543721 0.440161943 0.38573277 160 200 221 
0.124888808 0.495253205 0.362193823 145 189 217 
0.170963734 0.450856864 0.385337263 163 202 223 
0.139819711 0.47602731 0.402452022 159 196 217 
0.118614197 0.512088478 0.424399108 147 189 213 
0.235129863 0.393276364 0.242247999 172 219 238 
0.203978568 0.413654625 0.256756663 158 208 233 
0.237261951 0.380407006 0.287370503 159 205 228 
0.216475248 0.393839538 0.296961844 170 211 232 
0.223164678 0.372618824 0.337040514 150 195 217 
0.207294881 0.345937818 0.376627773 162 207 225 
0.180982828 0.426442683 0.318597704 154 198 221 
0.189820796 0.405742049 0.358723193 150 195 217 
0.176883131 0.443804383 0.380850345 162 202 223 
0.0831796527 0.017604202 0.57815975 150 195 222 
0.0823660195 0.0180010498 0.611104429 150 195 223 
0.0798797607 0.0260785222 0.635489881 149 195 222 
0.0772287548 0.0333479345 0.676418126 154 198 222 
0.0751244724 0.0402714312 0.696090758 157 198 221 
0.0792561173 0.0150535107 0.786633611 183 228 241 
0.130072817 0.0229048431 0.529326737 167 216 242 
0.129679769 0.0204544961 0.574600458 152 199 226 
0.128175497 0.0222126544 0.624124706 144 191 220 
0.127956077 0.0227354169 0.628388345 143 191 219 
0.126506627 0.0239388943 0.681559801 161 205 227 
0.0912685096 0.0299082398 0.688679278 158 200 223 
0.125457257 0.0255843997 0.711451948 160 205 226 
0.123360395 0.0318094194 0.738544583 152 198 219 
0.125520632 0.0188295245 0.783603847 162 209 228 
0.126686215 0.00975781679 0.830898464 159 204 223 
0.13306953 -0.0198156536 0.86646688 176 220 232 
0.175534666 0.0288373232 0.539183497 157 203 229 
0.172277063 0.0386398435 0.579812229 154 199 226 
0.174557209 0.0251887739 0.624602079 152 197 223 
0.135913581 0.0223602355 0.627309799 144 192 220 
0.174839884 0.0221920311 0.644924879 147 192 218 
0.174132973 0.0223639011 0.675469518 144 189 215 
0.171456575 0.0288562775 0.726199627 147 194 218 
0.171059996 0.0299465358 0.732289672 146 193 217 
0.17080608 0.0264525115 0.782774389 156 197 220 
0.174997509 0.00549146533 0.823268831 162 202 222 
0.177512854 -0.00888374448 0.867529988 172 211 225 
0.221792996 0.030826956 0.556288362 137 183 215 
0.220950335 0.0329513848 0.571369171 136 182 214 
0.220324755 0.0309175849 0.622689188 140 185 214 
0.220401824 0.0276291966 0.65569216 137 181 211 
0.219340801 0.0302919149 0.674814522 138 182 211 
0.217359066 0.0335868299 0.729182243 135 179 207 
0.188155681 0.0305192769 0.730722606 141 188 213 
0.21762386 0.0312964916 0.742476165 139 182 208 
0.217698187 0.027762562 0.7783342 147 189 211 
0.222355843 0.00496965647 0.817780912 160 198 218 
0.223994106 -0.00595930219 0.864013135 162 203 220 
0.224235564 -0.0113999546 0.913384557 167 213 230 
0.266523689 0.0403790176 0.559491277 136 183 213 
0.265466034 0.0435989201 0.572269678 136 181 211 
0.264271796 0.0437993705 0.624867558 142 183 210 
0.264514089 0.040242821 0.653267145 139 178 205 
0.263731688 0.0414298475 0.675995409 140 181 207 
0.264524281 0.0338237286 0.724128306 131 173 201 
0.266509831 0.0215302408 0.769580126 142 184 211 
0.249098867 0.0224303305 0.771983027 145 187 212 
0.269471288 0.00561776757 0.810443044 154 197 217 
0.26956591 0.005030334 0.812626183 155 198 217 
0.273694158 -0.0156824291 0.853262484 154 197 214 
0.272758991 -0.0164996982 0.905278265 185 226 236 
0.312297106 0.0451486111 0.567966521 136 180 207 
0.301698834 0.0441334546 0.568578899 135 179 207 
0.312316924 0.0446709692 0.572363853 137 180 206 
0.310495675 0.0477350652 0.621929109 133 177 205 
0.309807956 0.0470067859 0.661595464 126 171 202 
0.308787137 0.0499565005 0.675682843 127 173 202 
0.311273992 0.0356931984 0.720008075 129 172 201 
0.310511351 0.0341981053 0.771636128 145 186 212 
0.314083576 0.0157558322 0.812568784 149 191 213 
0.314147443 0.0154191554 0.813378632 149 191 213 
0.317193419 -0.00104120374 0.85644716 164 205 222 
0.320418298 -0.0182043612 0.899113834 180 222 235 
0.363445699 0.0326345861 0.521726847 147 194 220 
0.360285759 0.0421500504 0.561062038 137 181 211 
0.35936752 0.0427385271 0.596678495 131 174 205 
0.357643485 0.0480403602 0.616914272 128 171 202 
0.355376065 0.0524577796 0.671923995 126 169 198 
0.35434553 0.0523903668 0.672000527 126 169 198 
0.355372727 0.0524297953 0.672388732 126 169 198 
0.356767148 0.0425000489 0.718711793 133 176 205 
0.357950985 0.0333566368 0.765965343 145 188 213 
0.360276252 0.0197283924 0.810653865 154 195 215 
0.314560235 0.0154349804 0.813341856 149 191 213 
0.36255303 0.00679945946 0.849795341 168 207 221 
0.331937402 0.153537989 0.62477088 143 189 217 
0.362796038 0.00533553958 0.85490489 170 208 222 
0.364155114 -0.00449642539 0.901764691 176 221 235 
0.410417736 0.0310910642 0.545326591 152 194 219 
0.409783125 0.0332233608 0.550766945 151 193 218 
0.40765357 0.037099123 0.605466902 128 173 205 
0.381944001 0.0407163799 0.610259771 125 169 201 
0.407351613 0.0361848474 0.62948823 120 164 197 
0.404888093 0.0434735119 0.661595941 131 171 201 
0.405539125 0.0364235938 0.710046887 139 182 209 
0.386592954 0.0373558104 0.712635934 137 180 207 
0.405803025 0.0337664485 0.72745949 140 184 212 
0.378534168 0.15867433 0.591369748 135 180 209 
0.40556249 0.0318400562 0.759908497 142 187 215 
0.407532126 0.0196091235 0.80539614 174 215 230 
0.41219154 -0.00319084525 0.844838738 163 203 220 
0.365809858 0.00499978662 0.854391038 170 208 222 
0.414991945 -0.0186862051 0.888459325 171 215 230 
0.389069527 -0.0122102201 0.894830704 178 224 238 
0.413870424 -0.0162555873 0.912939131 174 217 230 
0.377740771 0.159125924 0.622777462 135 180 209 
0.377867162 0.154137373 0.672407448 139 184 212 
0.467413068 -0.00765827298 0.522194982 143 191 219 
0.451093078 -0.00209438801 0.52701503 144 194 221 
0.466383517 -0.00489065051 0.538707733 142 191 218 
0.416195482 0.0306527317 0.548663855 155 198 221 
0.458931983 0.0219130218 0.582960665 150 196 220 
0.457044899 0.0285889208 0.595409989 143 189 216 
0.455651879 0.0295707583 0.648454726 140 183 209 
0.437251031 0.0312632322 0.651397407 132 175 204 
0.455932677 0.0266759694 0.66773051 133 174 202 
0.45491761 0.0279641449 0.700019002 127 169 198 
0.45516175 0.0225129128 0.749384344 147 192 217 
0.429257333 0.0248426199 0.753498197 143 189 216 
0.456442118 0.0140693188 0.784430504 176 220 235 
0.463050663 -0.0174682438 0.831483245 156 194 213 
0.451524258 -0.0154474974 0.833849072 157 196 214 
0.459587693 -0.00150254369 0.813055873 172 212 228 
0.463069141 -0.0187374055 0.844738245 158 198 216 
0.423693299 0.166105419 0.598471701 131 177 207 
0.456051826 0.0145238638 0.797298193 182 225 238 
0.46169579 -0.016636312 0.88444227 170 215 229 
0.458450794 -0.00595936179 0.91477412 169 207 220 
0.423365891 0.165414244 0.621184587 135 180 207 
0.424908161 0.154862344 0.667632639 136 180 208 
0.453052819 0.0128323436 0.953780174 166 205 219 
0.512012362 0.00266069174 0.522907495 151 200 231 
0.511420846 0.00314345956 0.54470104 146 195 226 
0.509754896 0.00703904033 0.577894986 144 192 220 
0.466757238 0.0200509727 0.589698195 147 194 219 
0.506205618 0.0188762248 0.609305382 148 194 221 
0.502112627 0.0325758457 0.644984007 136 181 209 
0.502732158 0.0259867311 0.689759851 127 171 200 
0.502716422 0.0257115662 0.693541169 127 171 200 
0.501116157 0.0275074244 0.747051477 131 175 204 
0.50365597 0.0130361021 0.791257739 161 207 228 
0.47658962 0.0134592354 0.794462204 176 221 237 
0.507874727 -0.00803217292 0.831690729 163 201 216 
0.508005619 -0.0102038682 0.84981364 176 214 226 
0.471578002 0.161537617 0.613777876 131 173 200 
0.455560088 0.163762242 0.616748214 132 176 202 
0.47098428 0.162982911 0.624973953 135 178 204 
0.507799506 -0.0122284591 0.881773889 185 223 235 
0.504825294 -0.00454476476 0.932936072 179 214 225 
0.470274746 0.162166655 0.66662091 144 189 215 
0.471002936 0.154813647 0.714898467 143 184 209 
0.502846003 0.00274321437 0.942820191 177 213 226 
0.534303188 0.0180460513 0.528827488 146 196 227 
0.552792013 0.0293267667 0.517331302 148 197 226 
0.552035689 0.0309599936 0.533903956 147 195 225 
0.551675797 0.0278823674 0.584626913 152 195 220 
0.551172674 0.0272583067 0.614659131 147 189 215 
0.550237775 0.0290409029 0.637772739 137 179 207 
0.547917247 0.0336669683 0.69290185 130 172 201 
0.516628861 0.0276362598 0.693059385 128 171 200 
0.54778713 0.0339338183 0.695913136 130 172 201 
0.545128047 0.0401346385 0.749084234 145 186 209 
0.549504638 0.0184462667 0.789162695 160 202 220 
0.531024694 0.00379505754 0.835580766 166 203 217 
0.549734473 0.0142087042 0.825698853 163 201 218 
0.516019881 0.172475249 0.614844263 142 187 215 
0.515622258 0.172994345 0.627332509 150 196 222 
0.549626648 0.0134750605 0.838802457 165 202 218 
0.554273784 -0.00927662849 0.878272772 165 206 221 
0.550512552 0.00101020932 0.936639547 189 224 236 
0.528898478 -0.00120535493 0.937809348 185 220 232 
0.550161302 0.0020108521 0.941647291 192 226 238 
0.513421178 0.178194404 0.670598567 164 209 232 
0.516720414 0.160739094 0.713098109 156 200 225 
0.520677269 0.140699774 0.754119754 145 186 210 
0.599633396 0.0294973552 0.527877927 134 180 212 
0.57913053 0.0288962126 0.529803932 137 184 216 
0.599227428 0.0304394066 0.536048234 135 181 212 
0.596044958 0.0391053855 0.585856557 147 192 220 
0.597544193 0.0287227035 0.632401288 134 176 204 
0.596640766 0.0286485851 0.632460237 134 176 205 
0.597565949 0.0285796225 0.632992506 133 176 204 
0.597333789 0.0250577629 0.682788312 129 171 200 
0.59538877 0.0292730927 0.725243211 137 178 202 
0.594778419 0.0306067467 0.738445222 140 179 203 
0.597095311 0.017011106 0.783152342 156 195 215 
0.598769486 0.00594118237 0.82930398 159 196 215 
0.566734493 0.0124383569 0.836358547 164 200 216 
0.602137983 -0.0117862225 0.871647894 167 209 223 
0.565341353 -0.0107387006 0.876261234 165 207 221 
0.605071783 -0.027805835 0.91496855 171 209 224 
0.600253165 -0.0251282752 0.916954637 171 208 223 
0.604647458 -0.0266463459 0.921564102 171 208 223 
0.56042254 0.183566839 0.615998685 144 190 218 
0.56008482 0.183873504 0.628095925 148 196 223 
0.595633447 0.00789228082 0.95159781 170 217 232 
0.560117841 0.180272073 0.666597486 157 206 232 
0.563154399 0.163848907 0.709687293 153 200 225 
0.566671252 0.145538509 0.751697779 141 183 207 
0.590658844 0.0243343711 0.997273684 164 206 219 
0.646319091 0.0316185653 0.523901701 140 185 215 
0.64600563 0.0298555195 0.557883978 137 183 212 
0.645112574 0.0318673551 0.576527238 139 184 212 
0.643940628 0.0319804251 0.62907505 131 175 205 
0.645501494 0.0222663581 0.665360332 120 163 195 
0.645492792 0.0213898122 0.675500929 121 163 195 
0.641882479 0.0310838819 0.733528674 141 179 204 
0.622448862 0.0304094255 0.735297263 138 177 201 
0.641691267 0.0310441852 0.742749751 142 180 204 
0.64143157 0.0283637345 0.784456074 153 193 214 
0.648324132 -0.00321051478 0.818880141 161 203 220 
0.648526669 -0.00849831104 0.868339002 162 204 220 
0.650757968 -0.0217574835 0.913238466 164 209 224 
0.649701059 -0.0186928213 0.927705526 167 212 227 
0.606646419 0.187502354 0.613060117 144 190 218 
0.606572688 0.184726626 0.647289991 141 185 211 
0.640339494 0.0175662935 0.954576731 180 223 236 
0.606827974 0.18229714 0.662566245 144 186 211 
0.60969758 0.166530162 0.706031382 148 192 217 
0.612841904 0.149683386 0.748879015 134 178 204 
0.614625573 0.138183028 0.794784486 141 179 201 
0.693976879 0.0334501565 0.478512794 153 195 222 
0.694895506 0.0263105333 0.51567632 155 198 223 
0.692468464 0.0313549936 0.571044743 146 192 221 
0.683552921 0.0313310325 0.572011411 144 190 219 
0.693830132 0.0240918696 0.589241326 145 189 217 
0.6948089 0.0176672041 0.615699112 142 183 210 
0.690601707 0.0299893916 0.671925545 151 190 215 
0.700679421 -0.0188749135 0.752248287 134 176 203 
0.689139962 -0.0174821317 0.754273951 137 178 204 
0.697370112 -0.0035174191 0.733520269 147 189 215 
0.700427949 -0.0186549127 0.761347175 131 173 201 
0.690454423 0.0302852392 0.675399244 152 191 216 
0.692156613 0.0191050768 0.72148788 162 203 224 
0.669173956 0.0188790858 0.776248038 163 206 225 
0.697396994 -0.0104692578 0.80953902 150 192 213 
0.657495916 -0.00678732991 0.815926552 162 205 222 
0.696280122 -0.00820612907 0.835664988 165 206 221 
0.695113182 -0.00598752499 0.864585578 165 205 220 
0.696191132 -0.0147148669 0.912077069 166 210 226 
0.694564939 -0.00980016589 0.932120681 169 210 227 
0.648504972 0.208590657 0.619932234 167 211 235 
0.651529908 0.193157405 0.652554154 167 209 231 
0.686515749 0.019962281 0.970934629 166 205 216 
0.652393818 0.188818395 0.661106646 167 209 230 
0.656633675 0.16766715 0.70149225 147 192 216 
0.658854663 0.154448539 0.746415019 135 176 202 
0.661065638 0.141269386 0.791360259 140 178 200 
0.684464097 0.0268717408 0.988345981 165 203 216 
0.747594595 0.00480332971 0.498185664 133 178 210 
0.720111609 0.0218258798 0.510465741 147 192 220 
0.744440377 0.0146224499 0.533885717 133 179 211 
0.74315691 0.0177482665 0.558072865 135 179 211 
0.740510106 0.0239941776 0.610183239 145 186 212 
0.740369618 0.0242084563 0.614250898 144 186 212 
0.740395188 0.019616276 0.664107621 144 185 213 
0.693195641 0.0291791856 0.674496353 152 191 216 
0.741620541 0.0103096962 0.711267829 141 181 207 
0.71013999 0.0104406178 0.714798391 153 194 219 
0.719527543 -0.0101270378 0.754935861 148 188 213 
0.7423715 0.00469478965 0.739186406 156 194 217 
0.74217397 0.00364342332 0.75993824 168 206 226 
0.747006595 -0.0198370814 0.798991561 161 201 222 
0.745225608 -0.0173309445 0.852908194 173 208 223 
0.73009032 -0.0120562017 0.85744077 175 210 224 
0.745697558 -0.0218554139 0.881518364 167 208 223 
0.699081719 0.198828399 0.569366217 164 209 234 
0.744820416 -0.0202307403 0.903732777 166 209 225 
0.739270151 -0.000121682882 0.935091376 183 220 233 
0.660524964 0.213372573 0.621212661 165 209 234 
0.692269206 0.222468808 0.619434059 161 204 231 
0.698133171 0.194658101 0.659257233 170 213 235 
0.656682491 0.189602643 0.661062002 167 210 231 
0.69475472 0.210164294 0.642053068 167 210 234 
0.703619242 0.168610185 0.696842134 152 198 223 
0.661834836 0.168009907 0.701107144 148 192 217 
0.708761334 0.143913716 0.735200107 143 184 211 
0.682686806 0.150217146 0.741494358 142 182 207 
0.708979964 0.13974306 0.771506727 137 175 200 
0.731248677 0.0295031369 0.974158049 165 205 219 
0.691990614 0.223285586 0.623147607 162 204 231 
0.709052861 0.138276428 0.784458995 134 172 197 
0.708670437 0.135287136 0.835232496 148 187 208 
0.728031754 0.0412443578 0.991376996 166 206 221 
0.784995615 0.014690727 0.551812053 134 180 212 
0.750780582 0.0247632265 0.613408685 146 188 214 
0.777145386 0.00830480456 0.653915942 144 185 211 
0.763422847 -0.0268280506 0.89809978 167 209 225 
0.69630605 0.222033128 0.621992052 161 204 231 
0.736666501 0.140442759 0.782603085 134 173 198 
0.758841217 0.0316107869 0.982750893 167 204 219 
3 0 2 1 
3 5 0 1 
3 5 1 3 
3 3 1 4 
3 6 8 3 
3 6 3 7 
3 7 3 4 
3 9 6 7 
3 10 9 7 
3 11 9 10 
3 12 11 10 
3 11 12 13 
3 14 5 3 
3 14 3 8 
3 17 15 16 
3 15 18 16 
3 21 19 20 
3 19 22 20 
3 24 17 16 
3 23 24 16 
3 23 16 18 
3 25 23 18 
3 28 26 27 
3 26 21 20 
3 26 20 27 
3 27 20 29 
3 29 20 22 
3 30 29 22 
3 31 24 23 
3 31 23 25 
3 32 28 27 
3 33 32 27 
3 29 33 27 
3 33 29 30 
3 34 36 35 
3 35 36 37 
3 37 36 38 
3 39 37 38 
3 38 41 39 
3 40 41 38 
3 43 44 41 
3 43 41 42 
3 42 41 40 
3 47 43 42 
3 47 42 46 
3 46 42 45 
3 45 48 46 
3 46 48 49 
3 48 50 49 
3 49 50 51 
3 51 50 52 
3 53 51 52 
3 43 54 44 
3 43 47 54 
3 52 55 53 
3 55 56 53 
3 60 58 61 
3 60 59 58 
3 59 57 58 
3 59 60 62 
3 55 64 56 
3 63 64 55 
3 64 63 65 
3 66 64 65 
3 60 61 67 
3 62 60 67 
3 62 67 68 
3 68 67 69 
3 69 70 68 
3 71 70 69 
3 73 74 72 
3 73 66 74 
3 66 65 74 
3 73 72 75 
3 70 71 77 
3 76 70 77 
3 79 77 80 
3 79 78 77 
3 78 76 77 
3 78 82 81 
3 79 82 78 
3 85 81 82 
3 85 84 81 
3 84 83 81 
3 83 84 86 
3 84 87 86 
3 72 74 86 
3 72 86 88 
3 88 86 87 
3 72 88 75 
3 79 80 89 
3 82 79 89 
3 90 82 89 
3 82 90 85 
3 91 93 94 
3 92 91 94 
3 93 95 96 
3 94 93 96 
3 95 97 96 
3 94 34 92 
3 36 34 94 
3 36 98 38 
3 36 94 98 
3 94 96 98 
3 97 99 98 
3 96 97 98 
3 98 40 38 
3 99 40 98 
3 99 100 40 
3 100 42 40 
3 100 101 42 
3 42 101 45 
3 101 102 45 
3 45 102 48 
3 102 103 48 
3 48 103 50 
3 50 103 104 
3 52 50 104 
3 106 104 105 
3 106 55 104 
3 55 52 104 
3 105 107 106 
3 108 57 109 
3 57 59 109 
3 59 110 109 
3 62 110 59 
3 106 63 55 
3 63 106 107 
3 63 107 65 
3 65 107 111 
3 110 62 68 
3 112 110 68 
3 114 68 70 
3 114 113 68 
3 113 112 68 
3 113 114 115 
3 117 111 116 
3 117 74 111 
3 74 65 111 
3 116 118 117 
3 114 70 76 
3 115 114 76 
3 115 76 119 
3 119 76 78 
3 119 78 120 
3 78 81 120 
3 120 81 121 
3 81 83 121 
3 121 83 122 
3 83 86 122 
3 74 117 123 
3 74 123 86 
3 86 123 122 
3 117 118 123 
3 124 125 91 
3 91 125 93 
3 125 126 93 
3 93 126 95 
3 95 126 127 
3 97 95 127 
3 129 127 128 
3 129 99 127 
3 99 97 127 
3 128 130 129 
3 129 100 99 
3 130 100 129 
3 130 131 100 
3 131 101 100 
3 131 132 101 
3 101 132 102 
3 132 133 102 
3 102 133 103 
3 103 133 134 
3 104 103 134 
3 135 136 137 
3 134 105 104 
3 138 105 134 
3 105 138 139 
3 107 105 139 
3 137 136 108 
3 137 108 140 
3 140 108 109 
3 142 109 110 
3 142 141 109 
3 141 140 109 
3 141 142 143 
3 139 144 107 
3 144 111 107 
3 142 110 112 
3 143 142 112 
3 143 112 145 
3 145 112 113 
3 113 146 145 
3 115 146 113 
3 149 148 147 
3 147 151 150 
3 148 151 147 
3 150 151 152 
3 150 152 111 
3 150 111 144 
3 111 152 116 
3 116 152 118 
3 146 115 119 
3 153 146 119 
3 153 119 154 
3 119 120 154 
3 148 149 154 
3 148 154 121 
3 121 154 120 
3 151 148 121 
3 122 151 121 
3 152 151 122 
3 123 152 122 
3 152 123 118 
3 155 156 124 
3 124 156 125 
3 156 157 125 
3 125 157 126 
3 126 157 158 
3 127 126 158 
3 158 128 127 
3 159 128 158 
3 128 159 160 
3 130 128 160 
3 160 131 130 
3 161 131 160 
3 161 162 131 
3 131 162 132 
3 162 163 132 
3 132 163 133 
3 165 134 133 
3 165 133 164 
3 164 133 163 
3 164 166 165 
3 135 168 167 
3 137 168 135 
3 165 138 134 
3 138 165 166 
3 138 166 139 
3 139 166 169 
3 168 137 140 
3 170 168 140 
3 170 140 171 
3 140 141 171 
3 141 172 171 
3 143 172 141 
3 169 173 139 
3 173 144 139 
3 172 143 145 
3 174 172 145 
3 176 145 146 
3 176 175 145 
3 175 174 145 
3 175 176 177 
3 149 178 179 
3 147 178 149 
3 178 147 180 
3 147 150 180 
3 180 150 144 
3 173 180 144 
3 176 146 153 
3 177 176 153 
3 177 153 181 
3 181 153 154 
3 181 154 149 
3 179 181 149 
3 182 187 183 
3 186 184 185 
3 184 188 185 
3 187 155 183 
3 187 189 155 
3 189 156 155 
3 189 190 156 
3 156 190 157 
3 157 190 191 
3 158 157 191 
3 191 159 158 
3 192 159 191 
3 159 192 193 
3 160 159 193 
3 193 161 160 
3 194 161 193 
3 194 195 161 
3 161 195 162 
3 195 196 162 
3 162 196 163 
3 196 197 163 
3 163 197 164 
3 164 197 198 
3 166 164 198 
3 201 167 168 
3 201 200 167 
3 200 199 167 
3 200 201 202 
3 198 203 166 
3 203 169 166 
3 201 168 170 
3 202 201 170 
3 202 170 204 
3 204 170 171 
3 206 171 172 
3 206 205 171 
3 205 204 171 
3 205 206 207 
3 209 203 208 
3 209 173 203 
3 173 169 203 
3 208 210 209 
3 206 172 174 
3 207 206 174 
3 207 174 211 
3 211 174 175 
3 213 175 177 
3 213 212 175 
3 212 211 175 
3 179 212 213 
3 179 178 212 
3 178 214 212 
3 214 178 215 
3 178 180 215 
3 173 209 216 
3 173 216 180 
3 180 216 215 
3 209 210 216 
3 213 177 181 
3 213 181 179 
3 186 218 219 
3 186 185 218 
3 219 218 217 
3 187 182 218 
3 217 218 182 
3 218 185 188 
3 218 188 221 
3 221 188 220 
3 218 189 187 
3 221 189 218 
3 221 222 189 
3 222 190 189 
3 224 191 190 
3 224 190 223 
3 223 190 222 
3 223 225 224 
3 224 192 191 
3 192 227 193 
3 224 227 192 
3 224 226 227 
3 224 225 226 
3 226 228 227 
3 229 232 231 
3 230 232 229 
3 231 232 233 
3 227 194 193 
3 228 194 227 
3 228 234 194 
3 234 195 194 
3 234 235 195 
3 195 235 196 
3 235 236 196 
3 196 236 197 
3 197 236 237 
3 198 197 237 
3 232 230 199 
3 200 232 199 
3 200 202 239 
3 232 200 239 
3 232 239 238 
3 232 238 233 
3 238 239 240 
3 237 241 198 
3 241 203 198 
3 239 202 204 
3 240 239 204 
3 240 204 242 
3 242 204 205 
3 205 243 242 
3 207 243 205 
3 241 208 203 
3 244 208 241 
3 208 244 245 
3 210 208 245 
3 243 207 211 
3 246 243 211 
3 246 211 247 
3 211 212 247 
3 247 212 248 
3 212 214 248 
3 248 214 249 
3 214 215 249 
3 249 215 250 
3 215 216 250 
3 250 216 210 
3 245 250 210 
3 251 219 217 
3 252 253 220 
3 253 221 220 
3 253 222 221 
3 254 222 253 
3 254 255 222 
3 222 255 223 
3 223 255 256 
3 225 223 256 
3 256 226 225 
3 257 226 256 
3 259 228 226 
3 259 226 258 
3 258 226 257 
3 258 260 261 
3 259 258 261 
3 260 262 261 
3 263 229 264 
3 229 231 264 
3 231 265 264 
3 233 265 231 
3 259 234 228 
3 261 234 259 
3 235 234 261 
3 262 235 261 
3 262 266 235 
3 266 236 235 
3 236 266 267 
3 237 236 267 
3 265 233 238 
3 268 265 238 
3 238 269 268 
3 240 269 238 
3 271 267 270 
3 271 241 267 
3 241 237 267 
3 270 272 271 
3 269 240 242 
3 273 269 242 
3 275 242 243 
3 275 274 242 
3 274 273 242 
3 274 275 276 
3 279 278 277 
3 277 278 280 
3 241 271 244 
3 244 271 272 
3 244 272 245 
3 245 272 281 
3 275 243 246 
3 275 246 247 
3 275 247 283 
3 275 283 276 
3 282 283 247 
3 282 284 285 
3 282 247 284 
3 247 248 284 
3 278 279 284 
3 278 284 249 
3 249 284 248 
3 280 278 249 
3 280 249 286 
3 286 249 250 
3 286 250 245 
3 281 286 245 
3 283 282 287 
3 282 285 287 
3 290 289 288 
3 288 253 252 
3 288 291 253 
3 288 289 291 
3 291 292 253 
3 291 293 292 
3 292 254 253 
3 293 254 292 
3 293 294 254 
3 294 255 254 
3 296 256 255 
3 296 255 295 
3 295 255 294 
3 295 297 296 
3 296 257 256 
3 297 257 296 
3 297 298 257 
3 298 258 257 
3 298 299 258 
3 258 299 260 
3 301 262 260 
3 301 260 300 
3 300 260 299 
3 300 302 301 
3 303 263 304 
3 263 264 304 
3 264 305 304 
3 265 305 264 
3 301 266 262 
3 266 301 302 
3 266 302 267 
3 267 302 306 
3 305 265 268 
3 307 305 268 
3 309 268 269 
3 309 308 268 
3 308 307 268 
3 308 309 310 
3 270 312 311 
3 270 267 312 
3 267 306 312 
3 270 311 272 
3 309 269 273 
3 310 309 273 
3 310 273 313 
3 313 273 274 
3 274 314 313 
3 276 314 274 
3 279 315 316 
3 277 315 279 
3 312 317 311 
3 312 277 317 
3 312 315 277 
3 280 317 277 
3 311 317 281 
3 272 311 281 
3 319 318 314 
3 319 314 283 
3 283 314 276 
3 285 318 319 
3 285 284 318 
3 284 320 318 
3 320 284 279 
3 316 320 279 
3 317 280 286 
3 317 286 281 
3 319 283 287 
3 319 287 285 
3 321 289 290 
3 323 289 321 
3 323 322 289 
3 322 291 289 
3 291 322 324 
3 293 291 324 
3 324 294 293 
3 325 294 324 
3 325 326 294 
3 294 326 295 
3 295 326 327 
3 297 295 327 
3 327 298 297 
3 328 298 327 
3 328 329 298 
3 298 329 299 
3 329 330 299 
3 299 330 300 
3 300 330 331 
3 302 300 331 
3 334 304 333 
3 334 332 304 
3 332 303 304 
3 304 305 333 
3 331 335 302 
3 335 306 302 
3 334 333 336 
3 333 305 307 
3 333 307 336 
3 336 307 337 
3 337 307 338 
3 307 308 338 
3 308 339 338 
3 310 339 308 
3 335 340 306 
3 340 312 306 
3 339 310 313 
3 341 339 313 
3 343 313 314 
3 343 342 313 
3 342 341 313 
3 342 345 344 
3 343 345 342 
3 316 344 345 
3 316 315 344 
3 315 346 344 
3 346 315 312 
3 346 312 340 
3 343 314 318 
3 345 343 318 
3 320 345 318 
3 345 320 316 
3 348 322 323 
3 347 322 348 
3 322 347 349 
3 324 322 349 
3 349 325 324 
3 350 325 349 
3 350 351 325 
3 325 351 326 
3 353 327 326 
3 353 326 352 
3 352 326 351 
3 352 354 355 
3 353 352 355 
3 354 356 355 
3 353 328 327 
3 355 328 353 
3 329 328 355 
3 356 329 355 
3 356 357 329 
3 357 330 329 
3 330 357 358 
3 331 330 358 
3 361 332 334 
3 361 360 332 
3 360 359 332 
3 360 361 362 
3 364 358 363 
3 364 335 358 
3 335 331 358 
3 363 365 364 
3 361 334 336 
3 362 361 336 
3 362 336 366 
3 366 336 337 
3 366 337 367 
3 337 338 367 
3 338 368 367 
3 339 368 338 
3 369 335 364 
3 369 370 335 
3 370 340 335 
3 364 365 369 
3 368 339 341 
3 371 368 341 
3 371 341 372 
3 341 342 372 
3 372 342 373 
3 342 344 373 
3 373 344 374 
3 344 346 374 
3 340 370 374 
3 340 374 346 
3 375 347 348 
3 347 377 349 
3 375 377 347 
3 375 376 377 
3 375 378 376 
3 376 379 377 
3 377 350 349 
3 379 350 377 
3 379 380 350 
3 380 351 350 
3 380 381 351 
3 351 381 352 
3 381 382 352 
3 352 382 354 
3 354 382 383 
3 356 354 383 
3 383 357 356 
3 384 357 383 
3 386 358 357 
3 386 357 385 
3 385 357 384 
3 385 387 386 
3 390 360 389 
3 390 388 360 
3 388 359 360 
3 360 362 389 
3 386 363 358 
3 363 386 387 
3 363 387 365 
3 365 387 391 
3 390 389 392 
3 389 362 366 
3 389 366 392 
3 392 366 393 
3 395 367 394 
3 395 393 367 
3 393 366 367 
3 367 368 394 
3 370 396 397 
3 369 396 370 
3 396 369 365 
3 391 396 365 
3 395 394 398 
3 394 368 371 
3 394 371 398 
3 398 371 399 
3 399 371 400 
3 371 372 400 
3 402 373 401 
3 402 400 373 
3 400 372 373 
3 401 403 404 
3 401 373 403 
3 373 374 403 
3 403 374 370 
3 397 403 370 
3 402 401 405 
3 401 404 405 
3 406 376 378 
3 376 408 379 
3 406 408 376 
3 406 407 408 
3 406 409 407 
3 407 410 408 
3 408 380 379 
3 410 380 408 
3 410 411 380 
3 411 381 380 
3 411 412 381 
3 381 412 382 
3 414 383 382 
3 414 382 413 
3 413 382 412 
3 413 415 414 
3 414 384 383 
3 415 384 414 
3 415 416 384 
3 416 385 384 
3 385 416 417 
3 387 385 417 
3 388 390 418 
3 417 419 387 
3 419 391 387 
3 418 390 392 
3 418 392 420 
3 420 392 421 
3 421 392 422 
3 392 393 422 
3 393 423 422 
3 395 423 393 
3 397 424 425 
3 396 424 397 
3 424 396 391 
3 419 424 391 
3 423 395 398 
3 426 423 398 
3 426 398 427 
3 398 399 427 
3 429 400 428 
3 429 427 400 
3 427 399 400 
3 400 402 428 
3 404 430 431 
3 403 430 404 
3 430 403 397 
3 425 430 397 
3 429 428 432 
3 428 402 405 
3 428 405 432 
3 432 405 433 
3 433 405 404 
3 431 433 404 
3 435 407 409 
3 434 407 435 
3 407 434 436 
3 410 407 436 
3 436 411 410 
3 437 411 436 
3 437 438 411 
3 411 438 412 
3 438 439 412 
3 412 439 413 
3 413 439 440 
3 415 413 440 
3 440 416 415 
3 441 416 440 
3 416 441 442 
3 417 416 442 
3 442 443 417 
3 443 419 417 
3 444 420 445 
3 420 421 445 
3 445 421 446 
3 421 422 446 
3 422 447 446 
3 423 447 422 
3 450 449 448 
3 425 448 449 
3 425 424 448 
3 424 451 448 
3 451 424 419 
3 443 451 419 
3 447 423 426 
3 452 447 426 
3 452 426 453 
3 426 427 453 
3 427 454 453 
3 429 454 427 
3 457 456 455 
3 449 431 430 
3 450 431 449 
3 450 456 431 
3 450 455 456 
3 449 430 425 
3 454 429 432 
3 458 454 432 
3 456 457 458 
3 456 458 433 
3 433 458 432 
3 456 433 431 
3 460 434 435 
3 459 434 460 
3 462 436 434 
3 462 434 461 
3 461 434 459 
3 461 463 462 
3 462 437 436 
3 463 437 462 
3 463 464 437 
3 464 438 437 
3 464 465 438 
3 438 465 439 
3 467 440 439 
3 467 439 466 
3 466 439 465 
3 466 468 467 
3 467 441 440 
3 441 467 468 
3 441 468 442 
3 442 468 469 
3 470 471 472 
3 475 474 473 
3 473 474 443 
3 473 443 469 
3 469 443 442 
3 472 471 444 
3 472 444 476 
3 476 444 445 
3 476 445 477 
3 445 446 477 
3 446 478 477 
3 447 478 446 
3 450 479 480 
3 448 479 450 
3 474 475 479 
3 474 479 451 
3 451 479 448 
3 474 451 443 
3 478 447 452 
3 481 478 452 
3 481 452 482 
3 452 453 482 
3 484 453 454 
3 484 483 453 
3 483 482 453 
3 457 483 484 
3 457 455 483 
3 455 485 483 
3 485 455 450 
3 480 485 450 
3 484 454 458 
3 484 458 457 
3 486 459 460 
3 488 459 486 
3 488 487 459 
3 487 461 459 
3 490 463 461 
3 490 461 489 
3 489 461 487 
3 489 491 492 
3 490 489 492 
3 491 493 492 
3 490 464 463 
3 492 464 490 
3 465 464 492 
3 493 465 492 
3 493 494 465 
3 494 466 465 
3 466 494 495 
3 468 466 495 
3 496 497 498 
3 501 500 499 
3 499 500 469 
3 499 469 495 
3 495 469 468 
3 470 472 503 
3 497 470 503 
3 497 503 502 
3 497 502 498 
3 502 505 504 
3 503 505 502 
3 504 507 506 
3 505 507 504 
3 506 507 508 
3 511 510 509 
3 500 475 473 
3 501 475 500 
3 501 510 475 
3 501 509 510 
3 500 473 469 
3 503 472 476 
3 505 503 476 
3 477 505 476 
3 477 478 512 
3 477 512 505 
3 505 512 507 
3 508 514 513 
3 508 507 514 
3 507 512 514 
3 513 516 515 
3 514 516 513 
3 515 518 517 
3 516 518 515 
3 510 480 479 
3 511 480 510 
3 511 518 480 
3 511 517 518 
3 510 479 475 
3 512 478 481 
3 514 512 481 
3 482 514 481 
3 516 514 482 
3 483 516 482 
3 518 516 483 
3 485 518 483 
3 518 485 480 
3 520 487 488 
3 519 487 520 
3 519 521 487 
3 487 521 489 
3 521 522 489 
3 489 522 491 
3 491 522 523 
3 493 491 523 
3 524 525 526 
3 523 494 493 
3 527 494 523 
3 494 527 528 
3 495 494 528 
3 496 498 530 
3 525 496 530 
3 525 530 529 
3 525 529 526 
3 529 532 531 
3 530 532 529 
3 531 534 533 
3 532 534 531 
3 533 534 535 
3 501 536 537 
3 499 536 501 
3 536 499 495 
3 528 536 495 
3 530 498 502 
3 532 530 502 
3 504 532 502 
3 534 532 504 
3 506 534 504 
3 506 508 539 
3 534 506 539 
3 534 539 538 
3 534 538 535 
3 538 541 540 
3 539 541 538 
3 540 543 542 
3 541 543 540 
3 511 542 543 
3 511 509 542 
3 509 544 542 
3 544 509 501 
3 537 544 501 
3 539 508 513 
3 541 539 513 
3 515 541 513 
3 543 541 515 
3 517 543 515 
3 543 517 511 
3 547 545 546 
3 545 548 546 
3 547 546 549 
3 546 548 549 
3 552 550 551 
3 553 551 550 
3 556 554 555 
3 554 557 555 
3 560 558 559 
3 558 561 559 
3 552 551 562 
3 551 553 562 
3 555 563 564 
3 555 564 556 
3 557 565 563 
3 555 557 563 
3 567 560 559 
3 566 567 559 
3 561 568 566 
3 559 561 566 
3 564 563 569 
3 563 565 569 
3 567 566 570 
3 571 545 547 
3 571 547 572 
3 570 566 568 
3 545 571 573 
3 548 545 573 
3 572 547 549 
3 574 572 549 
3 574 549 548 
3 573 574 548 
3 575 577 576 
3 577 579 580 
3 577 580 576 
3 576 580 578 
3 579 581 582 
3 580 579 582 
3 581 583 582 
3 578 580 584 
3 580 585 584 
3 580 582 585 
3 582 586 585 
3 583 587 588 
3 583 588 582 
3 582 588 586 
3 587 589 590 
3 588 587 590 
3 589 591 590 
3 592 552 593 
3 592 585 552 
3 592 584 585 
3 550 552 585 
3 550 594 553 
3 550 585 594 
3 585 586 594 
3 556 588 554 
3 556 594 588 
3 594 586 588 
3 554 595 557 
3 554 588 595 
3 588 590 595 
3 591 596 558 
3 591 558 595 
3 591 595 590 
3 595 558 560 
3 598 561 558 
3 598 558 597 
3 597 558 596 
3 597 599 600 
3 598 597 600 
3 599 601 600 
3 593 552 562 
3 602 593 562 
3 553 594 603 
3 553 603 562 
3 562 603 602 
3 594 604 603 
3 594 556 604 
3 556 564 604 
3 605 557 595 
3 565 557 605 
3 595 567 605 
3 560 567 595 
3 606 561 598 
3 568 561 606 
3 598 600 606 
3 600 607 606 
3 601 608 607 
3 600 601 607 
3 604 564 569 
3 609 604 569 
3 565 609 569 
3 565 610 609 
3 565 605 610 
3 610 611 609 
3 570 605 567 
3 570 612 605 
3 612 610 605 
3 572 606 571 
3 572 612 606 
3 568 606 570 
3 570 606 612 
3 613 606 607 
3 613 573 606 
3 613 614 573 
3 573 571 606 
3 607 608 613 
3 611 610 615 
3 610 612 616 
3 615 610 616 
3 612 572 574 
3 612 574 616 
3 616 574 617 
3 617 574 573 
3 614 617 573 
3 575 618 619 
3 577 575 619 
3 619 579 577 
3 620 579 619 
3 620 621 579 
3 579 621 581 
3 581 621 622 
3 583 581 622 
3 625 623 624 
3 623 626 624 
3 622 587 583 
3 627 587 622 
3 627 628 587 
3 587 628 589 
3 625 624 629 
3 625 629 589 
3 625 589 628 
3 591 589 629 
3 626 630 631 
3 626 631 624 
3 624 631 629 
3 630 632 631 
3 592 593 633 
3 629 596 591 
3 631 596 629 
3 597 596 631 
3 631 599 597 
3 631 635 599 
3 631 632 635 
3 634 599 635 
3 599 634 601 
3 638 602 637 
3 636 602 638 
3 636 593 602 
3 636 633 593 
3 603 637 602 
3 639 637 603 
3 603 604 639 
3 641 634 635 
3 640 634 641 
3 634 640 608 
3 601 634 608 
3 638 637 642 
3 644 642 637 
3 644 637 643 
3 643 637 639 
3 609 639 604 
3 609 645 639 
3 645 643 639 
3 609 611 645 
3 648 647 646 
3 641 646 647 
3 641 647 614 
3 641 614 640 
3 613 640 614 
3 640 613 608 
3 644 643 649 
3 643 645 650 
3 649 643 650 
3 652 615 651 
3 650 615 652 
3 650 611 615 
3 650 645 611 
3 651 653 654 
3 651 615 653 
3 615 616 653 
3 647 648 653 
3 647 653 617 
3 617 653 616 
3 647 617 614 
3 652 651 655 
3 651 654 655 
3 658 619 618 
3 658 618 657 
3 657 618 656 
3 657 659 658 
3 658 620 619 
3 659 620 658 
3 659 660 620 
3 660 621 620 
3 621 660 661 
3 622 621 661 
3 623 625 662 
3 623 662 626 
3 661 627 622 
3 663 627 661 
3 663 664 627 
3 627 664 628 
3 625 665 662 
3 625 628 665 
3 628 664 665 
3 667 666 630 
3 665 667 630 
3 665 630 626 
3 665 626 662 
3 630 666 632 
3 667 668 666 
3 666 635 632 
3 666 669 635 
3 666 668 669 
3 669 670 635 
3 669 671 670 
3 636 673 672 
3 638 673 636 
3 674 635 670 
3 641 635 674 
3 671 675 674 
3 670 671 674 
3 642 676 677 
3 642 677 638 
3 638 677 673 
3 642 644 676 
3 648 678 679 
3 646 678 648 
3 641 674 646 
3 646 674 680 
3 646 680 678 
3 680 674 675 
3 677 676 681 
3 676 644 649 
3 676 649 681 
3 681 649 682 
3 684 650 683 
3 684 682 650 
3 682 649 650 
3 650 652 683 
3 653 685 654 
3 685 653 648 
3 685 648 686 
3 686 648 679 
3 684 683 687 
3 683 652 655 
3 683 655 687 
3 687 655 688 
3 654 685 689 
3 654 689 655 
3 655 689 688 
3 685 686 689 
3 692 691 657 
3 692 657 690 
3 690 657 656 
3 657 691 659 
3 692 693 691 
3 691 660 659 
3 691 693 660 
3 693 694 660 
3 660 694 695 
3 661 660 695 
3 695 663 661 
3 696 663 695 
3 696 697 663 
3 663 697 664 
3 697 698 664 
3 664 698 665 
3 700 667 665 
3 700 665 699 
3 699 665 698 
3 699 701 700 
3 700 668 667 
3 701 668 700 
3 701 702 668 
3 702 669 668 
3 669 702 703 
3 671 669 703 
3 672 705 704 
3 673 705 672 
3 708 707 706 
3 706 707 675 
3 706 675 703 
3 703 675 671 
3 710 709 705 
3 710 705 677 
3 677 705 673 
3 709 710 711 
3 678 712 679 
3 712 708 713 
3 712 680 708 
3 712 678 680 
3 680 707 708 
3 707 680 675 
3 710 677 681 
3 711 710 681 
3 711 681 714 
3 714 681 682 
3 682 715 714 
3 684 715 682 
3 716 679 712 
3 716 717 679 
3 717 686 679 
3 712 713 716 
3 715 684 687 
3 718 715 687 
3 718 687 719 
3 687 688 719 
3 719 688 720 
3 688 689 720 
3 720 689 686 
3 717 720 686 
3 690 721 722 
3 692 690 722 
3 722 693 692 
3 723 693 722 
3 723 724 693 
3 693 724 694 
3 694 724 725 
3 695 694 725 
3 728 726 727 
3 726 729 730 
3 727 726 730 
3 729 731 730 
3 725 696 695 
3 732 696 725 
3 727 732 728 
3 727 697 732 
3 697 696 732 
3 730 697 727 
3 698 697 730 
3 731 698 730 
3 731 733 698 
3 733 699 698 
3 699 733 734 
3 701 699 734 
3 702 736 735 
3 702 701 736 
3 701 734 736 
3 702 735 703 
3 739 704 705 
3 739 738 704 
3 738 737 704 
3 738 739 740 
3 735 708 706 
3 735 736 708 
3 736 741 708 
3 735 706 703 
3 739 705 709 
3 709 711 743 
3 739 709 743 
3 739 743 742 
3 739 742 740 
3 742 743 744 
3 741 745 708 
3 745 713 708 
3 743 711 714 
3 714 715 747 
3 743 714 747 
3 743 747 746 
3 743 746 744 
3 746 747 748 
3 751 750 749 
3 717 749 750 
3 717 716 749 
3 716 752 749 
3 752 716 713 
3 745 752 713 
3 747 715 718 
3 748 747 718 
3 748 718 753 
3 753 718 719 
3 750 751 753 
3 750 753 720 
3 720 753 719 
3 750 720 717 
3 754 722 721 
3 754 721 37 
3 37 721 35 
3 37 39 754 
3 754 723 722 
3 39 723 754 
3 39 41 723 
3 41 724 723 
3 724 41 44 
3 725 724 44 
3 728 47 46 
3 726 728 46 
3 46 49 726 
3 726 49 729 
3 755 731 729 
3 755 729 51 
3 51 729 49 
3 51 53 755 
3 44 732 725 
3 54 732 44 
3 54 728 732 
3 47 728 54 
3 755 733 731 
3 733 755 53 
3 733 53 734 
3 734 53 56 
3 58 756 61 
3 757 56 64 
3 757 736 56 
3 736 734 56 
3 64 66 757 
3 61 756 737 
3 61 737 67 
3 67 737 738 
3 758 738 740 
3 758 69 738 
3 69 67 738 
3 69 758 71 
3 759 736 757 
3 741 736 759 
3 66 73 760 
3 66 760 757 
3 757 760 759 
3 73 75 760 
3 758 740 742 
3 742 744 761 
3 758 742 761 
3 758 761 77 
3 758 77 71 
3 77 761 80 
3 85 762 84 
3 762 87 84 
3 762 741 87 
3 762 745 741 
3 759 87 741 
3 759 760 88 
3 87 759 88 
3 760 75 88 
3 761 744 746 
3 746 748 763 
3 761 746 763 
3 761 763 89 
3 761 89 80 
3 751 89 763 
3 751 749 89 
3 749 90 89 
3 762 85 90 
3 762 90 752 
3 752 90 749 
3 762 752 745 
3 763 748 753 
3 763 753 751 
3 764 766 765 
3 765 766 767 
3 766 768 767 
3 767 768 769 
3 769 768 770 
3 771 769 770 
3 770 773 771 
3 772 773 770 
3 773 772 774 
3 775 773 774 
3 777 778 776 
3 779 778 777 
3 774 781 775 
3 780 781 774 
3 780 782 781 
3 781 782 783 
3 782 784 783 
3 783 784 785 
3 785 784 786 
3 787 785 786 
3 778 779 788 
3 788 779 789 
3 786 791 787 
3 790 791 786 
3 791 790 792 
3 793 791 792 
3 788 789 795 
3 794 788 795 
3 794 795 796 
3 795 797 796 
3 796 797 798 
3 797 799 798 
3 801 799 802 
3 801 800 799 
3 800 798 799 
3 800 801 803 
3 792 805 793 
3 804 805 792 
3 805 804 806 
3 807 805 806 
3 801 802 808 
3 808 811 810 
3 801 808 810 
3 801 810 809 
3 801 809 803 
3 809 810 812 
3 806 814 807 
3 813 814 806 
3 813 815 814 
3 814 815 816 
3 819 817 818 
3 819 818 815 
3 815 818 816 
3 818 817 820 
3 810 811 821 
3 821 824 823 
3 810 821 823 
3 810 823 822 
3 810 822 812 
3 822 823 825 
3 819 826 817 
3 817 828 820 
3 817 826 828 
3 826 827 828 
3 828 827 829 
3 830 828 829 
3 823 824 831 
3 831 825 823 
3 831 833 825 
3 833 832 825 
3 829 835 830 
3 834 835 829 
3 835 834 836 
3 837 835 836 
3 839 838 832 
3 839 832 840 
3 840 832 833 
3 838 839 841 
3 836 843 837 
3 842 843 836 
3 845 846 843 
3 845 843 844 
3 844 843 842 
3 844 847 845 
3 839 840 848 
3 841 839 848 
3 841 848 849 
3 849 848 850 
3 852 850 853 
3 852 851 850 
3 851 849 850 
3 851 852 854 
3 845 855 846 
3 847 855 845 
3 847 856 855 
3 856 857 855 
3 852 853 858 
3 858 854 852 
3 858 860 854 
3 860 859 854 
3 863 862 861 
3 861 865 864 
3 862 865 861 
3 864 865 866 
3 859 860 868 
3 867 859 868 
3 867 868 869 
3 868 870 869 
3 862 863 869 
3 862 869 871 
3 871 869 870 
3 865 862 871 
3 872 865 871 
3 866 865 872 
3 866 872 873 
3 873 872 874 
3 873 874 875 
3 874 876 875 
3 876 877 875 
3 878 877 876 
3 877 878 880 
3 879 877 880 
3 881 883 882 
3 881 882 764 
3 764 882 766 
3 882 884 766 
3 766 884 768 
3 886 770 768 
3 886 768 885 
3 885 768 884 
3 885 887 886 
3 883 888 889 
3 881 888 883 
3 886 772 770 
3 772 891 774 
3 886 891 772 
3 886 890 891 
3 886 887 890 
3 890 892 893 
3 891 890 893 
3 892 894 893 
3 776 889 888 
3 776 778 889 
3 778 895 889 
3 891 780 774 
3 893 780 891 
3 782 780 893 
3 894 782 893 
3 894 896 782 
3 896 784 782 
3 898 786 784 
3 898 784 897 
3 897 784 896 
3 897 899 898 
3 901 900 895 
3 901 895 788 
3 788 895 778 
3 900 903 902 
3 901 903 900 
3 902 903 904 
3 898 790 786 
3 790 906 792 
3 898 906 790 
3 898 905 906 
3 898 899 905 
3 905 907 906 
3 901 788 794 
3 903 901 794 
3 796 903 794 
3 904 903 796 
3 904 796 908 
3 908 796 798 
3 908 798 909 
3 798 800 909 
3 800 910 909 
3 803 910 800 
3 906 804 792 
3 804 912 806 
3 906 912 804 
3 906 911 912 
3 906 907 911 
3 911 913 912 
3 910 803 809 
3 914 910 809 
3 809 915 914 
3 812 915 809 
3 912 813 806 
3 913 813 912 
3 913 916 813 
3 916 815 813 
3 815 916 917 
3 819 815 917 
3 915 812 822 
3 918 915 822 
3 822 919 918 
3 825 919 822 
3 917 826 819 
3 920 826 917 
3 920 921 826 
3 826 921 827 
3 827 921 922 
3 829 827 922 
3 919 825 923 
3 923 825 832 
3 922 834 829 
3 924 834 922 
3 926 836 834 
3 926 834 925 
3 925 834 924 
3 925 927 926 
3 923 832 838 
3 928 923 838 
3 930 838 841 
3 930 929 838 
3 929 928 838 
3 929 930 931 
3 926 842 836 
3 927 842 926 
3 927 932 842 
3 932 844 842 
3 934 847 844 
3 934 844 933 
3 933 844 932 
3 930 841 849 
3 931 930 849 
3 931 849 935 
3 935 849 851 
3 851 936 935 
3 854 936 851 
3 934 856 847 
3 938 937 936 
3 938 936 859 
3 859 936 854 
3 937 940 939 
3 938 940 937 
3 863 939 940 
3 863 861 939 
3 861 941 939 
3 941 861 942 
3 861 864 942 
3 944 864 866 
3 944 943 864 
3 943 942 864 
3 943 944 945 
3 938 859 867 
3 940 938 867 
3 869 940 867 
3 940 869 863 
3 944 866 873 
3 945 944 873 
3 945 873 946 
3 946 873 875 
3 875 947 946 
3 877 947 875 
3 947 877 879 
3 948 947 879 
3 951 949 950 
3 949 952 950 
3 883 954 953 
3 883 953 882 
3 882 953 955 
3 950 955 951 
3 950 884 955 
3 884 882 955 
3 952 884 950 
3 952 956 884 
3 956 885 884 
3 885 956 957 
3 887 885 957 
3 954 959 958 
3 954 883 959 
3 883 889 959 
3 957 890 887 
3 960 890 957 
3 960 961 890 
3 890 961 892 
3 892 961 962 
3 894 892 962 
3 964 963 959 
3 964 959 895 
3 895 959 889 
3 963 964 965 
3 962 896 894 
3 966 896 962 
3 966 967 896 
3 896 967 897 
3 897 967 968 
3 899 897 968 
3 964 895 900 
3 965 964 900 
3 965 900 969 
3 969 900 902 
3 902 970 969 
3 904 970 902 
3 968 905 899 
3 971 905 968 
3 973 907 905 
3 973 905 972 
3 972 905 971 
3 972 974 973 
3 970 904 908 
3 975 970 908 
3 975 908 976 
3 908 909 976 
3 909 977 976 
3 910 977 909 
3 973 911 907 
3 911 973 974 
3 911 974 913 
3 913 974 978 
3 914 979 980 
3 914 980 910 
3 910 980 977 
3 914 915 979 
3 978 916 913 
3 981 916 978 
3 983 917 916 
3 983 916 982 
3 982 916 981 
3 982 984 983 
3 980 979 985 
3 979 915 918 
3 979 918 985 
3 985 918 986 
3 918 987 986 
3 919 987 918 
3 983 920 917 
3 984 920 983 
3 984 988 920 
3 988 921 920 
3 990 922 921 
3 990 921 989 
3 989 921 988 
3 989 991 990 
3 993 992 987 
3 993 987 923 
3 923 987 919 
3 992 995 994 
3 993 995 992 
3 994 995 996 
3 990 924 922 
3 991 924 990 
3 991 997 924 
3 997 925 924 
3 925 997 998 
3 927 925 998 
3 993 923 928 
3 995 993 928 
3 929 995 928 
3 929 931 1000 
3 995 929 1000 
3 995 1000 999 
3 995 999 996 
3 999 1000 1001 
3 998 932 927 
3 1002 932 998 
3 1002 1003 932 
3 932 1003 933 
3 1000 931 935 
3 935 1001 1000 
3 935 936 1001 
3 936 1004 1001 
3 1004 936 937 
3 1005 1004 937 
3 1005 937 1006 
3 937 939 1006 
3 1006 939 1007 
3 939 941 1007 
3 1007 941 1008 
3 941 942 1008 
3 1008 942 1009 
3 942 943 1009 
3 943 1010 1009 
3 945 1010 943 
3 1010 945 946 
3 1011 1010 946 
3 1013 946 947 
3 1013 1012 946 
3 1012 1011 946 
3 1013 947 948 
3 1016 1014 1015 
3 951 1015 1014 
3 951 1014 949 
3 949 1014 1017 
3 949 1017 1018 
3 952 949 1018 
3 1015 1019 1016 
3 1015 955 1019 
3 955 953 1019 
3 1015 951 955 
3 1018 956 952 
3 1020 956 1018 
3 956 1020 1021 
3 957 956 1021 
3 958 1023 1022 
3 959 1023 958 
3 1021 960 957 
3 1024 960 1021 
3 1024 1025 960 
3 960 1025 961 
3 1027 962 961 
3 1027 961 1026 
3 1026 961 1025 
3 1026 1028 1027 
3 1023 959 963 
3 1029 1023 963 
3 963 1030 1029 
3 965 1030 963 
3 1027 966 962 
3 1027 967 966 
3 1027 1032 967 
3 1027 1028 1032 
3 1031 967 1032 
3 967 1031 968 
3 1030 965 969 
3 1033 1030 969 
3 969 1034 1033 
3 970 1034 969 
3 1032 1035 1031 
3 1031 971 968 
3 1031 1035 971 
3 1035 1036 971 
3 1038 1037 972 
3 1038 972 1036 
3 1036 972 971 
3 972 1037 974 
3 1034 970 975 
3 1039 1034 975 
3 1041 976 1040 
3 1041 1039 976 
3 1039 975 976 
3 976 977 1040 
3 1038 1042 1037 
3 1037 978 974 
3 1037 1043 978 
3 1037 1042 1043 
3 1043 1044 978 
3 1043 1045 1044 
3 1047 1041 1040 
3 1046 1047 1040 
3 1040 980 1046 
3 977 980 1040 
3 1044 981 978 
3 1045 981 1044 
3 1045 1048 981 
3 1048 982 981 
3 982 1048 1049 
3 984 982 1049 
3 1047 1046 1050 
3 1046 980 985 
3 1046 985 1050 
3 1050 985 1051 
3 1051 985 1052 
3 985 986 1052 
3 1054 986 987 
3 1054 1053 986 
3 1053 1052 986 
3 1053 1054 1055 
3 1049 988 984 
3 1056 988 1049 
3 1056 1057 988 
3 988 1057 989 
3 989 1057 1058 
3 991 989 1058 
3 1054 987 992 
3 1055 1054 992 
3 1055 992 1059 
3 1059 992 994 
3 1061 994 996 
3 1061 1060 994 
3 1060 1059 994 
3 1060 1061 1062 
3 1058 997 991 
3 1063 997 1058 
3 1065 998 997 
3 1065 997 1064 
3 1064 997 1063 
3 1064 1066 1065 
3 1061 996 999 
3 999 1062 1061 
3 999 1001 1062 
3 1001 1067 1062 
3 1065 1002 998 
3 1066 1002 1065 
3 1066 1068 1002 
3 1068 1003 1002 
3 1067 1001 1069 
3 1069 1001 1004 
3 1072 1071 1070 
3 1070 1071 1073 
3 1069 1004 1005 
3 1074 1069 1005 
3 1074 1005 1075 
3 1005 1006 1075 
3 1071 1072 1075 
3 1071 1075 1007 
3 1007 1075 1006 
3 1073 1071 1007 
3 1073 1007 1076 
3 1076 1007 1008 
3 1076 1008 1077 
3 1008 1009 1077 
3 1009 1078 1077 
3 1010 1078 1009 
3 1078 1010 1011 
3 1079 1078 1011 
3 1079 1011 1080 
3 1011 1012 1080 
3 1016 1082 1081 
3 1014 1016 1081 
3 1081 1083 1014 
3 1014 1083 1017 
3 1085 1018 1017 
3 1085 1017 1084 
3 1084 1017 1083 
3 1084 1086 1085 
3 1087 1016 1019 
3 1082 1016 1087 
3 1085 1020 1018 
3 1020 1089 1021 
3 1085 1089 1020 
3 1085 1088 1089 
3 1085 1086 1088 
3 1088 1090 1089 
3 1022 1092 1091 
3 1023 1092 1022 
3 1089 1024 1021 
3 1090 1024 1089 
3 1090 1093 1024 
3 1093 1025 1024 
3 1093 1094 1025 
3 1025 1094 1026 
3 1026 1094 1095 
3 1028 1026 1095 
3 1092 1023 1029 
3 1096 1092 1029 
3 1029 1097 1096 
3 1030 1097 1029 
3 1095 1098 1028 
3 1098 1032 1028 
3 1033 1099 1100 
3 1033 1100 1030 
3 1030 1100 1097 
3 1033 1034 1099 
3 1098 1035 1032 
3 1101 1035 1098 
3 1101 1102 1035 
3 1035 1102 1036 
3 1036 1102 1103 
3 1038 1036 1103 
3 1100 1099 1104 
3 1099 1034 1039 
3 1099 1039 1104 
3 1104 1039 1105 
3 1039 1106 1105 
3 1041 1106 1039 
3 1103 1042 1038 
3 1107 1042 1103 
3 1107 1108 1042 
3 1042 1108 1043 
3 1110 1045 1043 
3 1110 1043 1109 
3 1109 1043 1108 
3 1109 1111 1110 
3 1113 1112 1106 
3 1113 1106 1047 
3 1047 1106 1041 
3 1112 1113 1114 
3 1110 1048 1045 
3 1048 1116 1049 
3 1110 1116 1048 
3 1110 1115 1116 
3 1110 1111 1115 
3 1115 1117 1116 
3 1113 1047 1050 
3 1114 1113 1050 
3 1114 1050 1118 
3 1118 1050 1051 
3 1118 1051 1119 
3 1051 1052 1119 
3 1119 1052 1120 
3 1052 1053 1120 
3 1053 1121 1120 
3 1055 1121 1053 
3 1116 1056 1049 
3 1117 1056 1116 
3 1117 1122 1056 
3 1122 1057 1056 
3 1124 1058 1057 
3 1124 1057 1123 
3 1123 1057 1122 
3 1123 1125 1124 
3 1121 1055 1059 
3 1126 1121 1059 
3 1126 1059 1127 
3 1059 1060 1127 
3 1129 1060 1062 
3 1129 1128 1060 
3 1128 1127 1060 
3 1128 1129 1130 
3 1124 1063 1058 
3 1125 1063 1124 
3 1125 1131 1063 
3 1131 1064 1063 
3 1133 1066 1064 
3 1133 1064 1132 
3 1132 1064 1131 
3 1134 1129 1062 
3 1067 1134 1062 
3 1130 1136 1135 
3 1130 1129 1136 
3 1129 1134 1136 
3 1135 1136 1137 
3 1133 1068 1066 
3 1138 1134 1067 
3 1069 1138 1067 
3 1134 1138 1136 
3 1136 1138 1139 
3 1137 1070 1140 
3 1137 1139 1070 
3 1137 1136 1139 
3 1139 1072 1070 
3 1142 1070 1073 
3 1142 1141 1070 
3 1141 1140 1070 
3 1141 1142 1143 
3 1138 1069 1074 
3 1139 1138 1074 
3 1075 1139 1074 
3 1139 1075 1072 
3 1142 1073 1076 
3 1143 1142 1076 
3 1143 1076 1144 
3 1144 1076 1077 
3 1146 1077 1078 
3 1146 1145 1077 
3 1145 1144 1077 
3 1145 1146 1147 
3 1146 1078 1079 
3 1147 1146 1079 
3 1147 1079 1148 
3 1148 1079 1080 
3 1082 1150 1149 
3 1082 1149 1081 
3 1081 1149 1151 
3 1151 1152 1081 
3 1081 1152 1083 
3 1152 1153 1083 
3 1083 1153 1084 
3 1084 1153 1154 
3 1086 1084 1154 
3 1150 1082 1087 
3 1154 1088 1086 
3 1155 1088 1154 
3 1157 1090 1088 
3 1157 1088 1156 
3 1156 1088 1155 
3 1156 1158 1157 
3 1091 1160 1159 
3 1092 1160 1091 
3 1157 1093 1090 
3 1158 1093 1157 
3 1158 1161 1093 
3 1161 1094 1093 
3 1094 1161 1162 
3 1095 1094 1162 
3 1096 1163 1164 
3 1096 1164 1092 
3 1092 1164 1160 
3 1096 1097 1163 
3 1166 1162 1165 
3 1166 1098 1162 
3 1098 1095 1162 
3 1165 1167 1166 
3 1164 1163 1168 
3 1163 1097 1100 
3 1163 1100 1169 
3 1163 1169 1168 
3 1169 1100 1170 
3 1169 1170 1171 
3 1166 1101 1098 
3 1167 1101 1166 
3 1167 1172 1101 
3 1172 1102 1101 
3 1102 1172 1173 
3 1103 1102 1173 
3 1170 1100 1104 
3 1171 1170 1104 
3 1171 1104 1174 
3 1174 1104 1105 
3 1105 1175 1174 
3 1106 1175 1105 
3 1173 1107 1103 
3 1176 1107 1173 
3 1176 1177 1107 
3 1107 1177 1108 
3 1179 1178 1109 
3 1179 1109 1177 
3 1177 1109 1108 
3 1109 1178 1111 
3 1175 1106 1112 
3 1180 1175 1112 
3 1182 1112 1114 
3 1182 1181 1112 
3 1181 1180 1112 
3 1181 1182 1183 
3 1179 1184 1178 
3 1178 1115 1111 
3 1178 1184 1115 
3 1184 1185 1115 
3 1187 1117 1115 
3 1187 1115 1186 
3 1186 1115 1185 
3 1186 1188 1187 
3 1182 1114 1118 
3 1183 1182 1118 
3 1183 1118 1189 
3 1189 1118 1119 
3 1189 1119 1190 
3 1119 1120 1190 
3 1192 1120 1121 
3 1192 1191 1120 
3 1191 1190 1120 
3 1191 1194 1193 
3 1192 1194 1191 
3 1193 1194 1195 
3 1187 1122 1117 
3 1188 1122 1187 
3 1188 1196 1122 
3 1196 1123 1122 
3 1198 1125 1123 
3 1198 1123 1197 
3 1197 1123 1196 
3 1197 1199 1198 
3 1192 1121 1126 
3 1194 1192 1126 
3 1127 1194 1126 
3 1195 1194 1127 
3 1195 1127 1200 
3 1200 1127 1128 
3 1128 1201 1200 
3 1130 1201 1128 
3 1198 1131 1125 
3 1199 1131 1198 
3 1199 1202 1131 
3 1202 1132 1131 
3 1201 1130 1135 
3 1203 1201 1135 
3 1135 1204 1203 
3 1137 1204 1135 
3 1204 1137 1140 
3 1205 1204 1140 
3 1205 1140 1206 
3 1140 1141 1206 
3 1141 1207 1206 
3 1143 1207 1141 
3 1207 1143 1144 
3 1208 1207 1144 
3 1208 1144 1209 
3 1144 1145 1209 
3 1145 1210 1209 
3 1147 1210 1145 
3 1210 1147 1148 
3 1211 1210 1148 
3 1212 1214 1213 
3 1212 1213 1149 
3 1149 1213 1151 
3 1213 1215 1151 
3 1151 1215 1152 
3 1215 1216 1152 
3 1152 1216 1153 
3 1153 1216 1217 
3 1154 1153 1217 
3 1214 1218 1219 
3 1212 1218 1214 
3 1217 1155 1154 
3 1220 1155 1217 
3 1220 1221 1155 
3 1155 1221 1156 
3 1156 1221 1222 
3 1158 1156 1222 
3 1159 1219 1218 
3 1159 1160 1219 
3 1160 1223 1219 
3 1222 1161 1158 
3 1224 1161 1222 
3 1226 1162 1161 
3 1226 1161 1225 
3 1225 1161 1224 
3 1225 1227 1226 
3 1223 1160 1228 
3 1228 1160 1164 
3 1231 1230 1229 
3 1229 1230 1232 
3 1226 1165 1162 
3 1165 1226 1227 
3 1165 1227 1167 
3 1167 1227 1233 
3 1228 1164 1168 
3 1234 1228 1168 
3 1230 1231 1234 
3 1230 1234 1169 
3 1169 1234 1168 
3 1169 1232 1230 
3 1169 1171 1232 
3 1171 1235 1232 
3 1233 1172 1167 
3 1236 1172 1233 
3 1238 1173 1172 
3 1238 1172 1237 
3 1237 1172 1236 
3 1237 1239 1238 
3 1235 1171 1174 
3 1240 1235 1174 
3 1242 1174 1175 
3 1242 1241 1174 
3 1241 1240 1174 
3 1241 1242 1243 
3 1238 1176 1173 
3 1239 1176 1238 
3 1239 1244 1176 
3 1244 1177 1176 
3 1246 1179 1177 
3 1246 1177 1245 
3 1245 1177 1244 
3 1245 1247 1246 
3 1242 1175 1180 
3 1243 1242 1180 
3 1243 1180 1248 
3 1248 1180 1181 
3 1250 1181 1183 
3 1250 1249 1181 
3 1249 1248 1181 
3 1249 1250 1251 
3 1246 1184 1179 
3 1247 1184 1246 
3 1247 1252 1184 
3 1252 1185 1184 
3 1252 1253 1185 
3 1185 1253 1186 
3 1255 1188 1186 
3 1255 1186 1254 
3 1254 1186 1253 
3 1254 1256 1257 
3 1255 1254 1257 
3 1256 1258 1257 
3 1250 1183 1189 
3 1251 1250 1189 
3 1251 1189 1259 
3 1259 1189 1190 
3 1259 1190 1260 
3 1190 1191 1260 
3 1260 1191 1261 
3 1191 1193 1261 
3 1193 1262 1261 
3 1195 1262 1193 
3 1255 1196 1188 
3 1257 1196 1255 
3 1197 1196 1257 
3 1197 1264 1199 
3 1257 1264 1197 
3 1257 1263 1264 
3 1257 1258 1263 
3 1262 1195 1200 
3 1265 1262 1200 
3 1200 1266 1265 
3 1201 1266 1200 
3 1264 1202 1199 
3 1266 1201 1203 
3 1267 1266 1203 
3 1269 1203 1204 
3 1269 1268 1203 
3 1268 1267 1203 
3 1268 1269 1270 
3 1269 1204 1205 
3 1270 1269 1205 
3 1270 1205 1271 
3 1271 1205 1206 
3 1206 1272 1271 
3 1207 1272 1206 
3 1272 1207 1208 
3 1273 1272 1208 
3 1273 1208 1274 
3 1208 1209 1274 
3 1209 1275 1274 
3 1210 1275 1209 
3 1275 1210 1211 
3 1276 1275 1211 
3 1214 1278 1277 
3 1213 1214 1277 
3 1279 1277 1280 
3 1279 1215 1277 
3 1215 1213 1277 
3 1282 1215 1279 
3 1282 1281 1215 
3 1281 1216 1215 
3 1284 1217 1216 
3 1284 1216 1283 
3 1283 1216 1281 
3 1283 1285 1284 
3 1278 1214 1286 
3 1286 1214 1219 
3 1284 1220 1217 
3 1285 1220 1284 
3 1285 1287 1220 
3 1287 1221 1220 
3 1221 1287 1288 
3 1222 1221 1288 
3 1286 1219 1289 
3 1289 1219 1223 
3 1288 1224 1222 
3 1290 1224 1288 
3 1292 1291 1225 
3 1292 1225 1290 
3 1290 1225 1224 
3 1225 1291 1227 
3 1294 1293 1289 
3 1294 1289 1228 
3 1228 1289 1223 
3 1231 1293 1294 
3 1231 1229 1293 
3 1229 1295 1293 
3 1229 1296 1295 
3 1232 1296 1229 
3 1292 1297 1291 
3 1291 1233 1227 
3 1291 1298 1233 
3 1291 1297 1298 
3 1298 1299 1233 
3 1298 1300 1299 
3 1294 1228 1234 
3 1294 1234 1231 
3 1296 1232 1301 
3 1301 1232 1235 
3 1299 1236 1233 
3 1300 1236 1299 
3 1300 1302 1236 
3 1302 1237 1236 
3 1304 1239 1237 
3 1304 1237 1303 
3 1303 1237 1302 
3 1303 1305 1304 
3 1301 1235 1240 
3 1306 1301 1240 
3 1306 1240 1307 
3 1240 1241 1307 
3 1241 1308 1307 
3 1243 1308 1241 
3 1304 1244 1239 
3 1305 1244 1304 
3 1305 1309 1244 
3 1309 1245 1244 
3 1311 1247 1245 
3 1311 1245 1310 
3 1310 1245 1309 
3 1310 1312 1313 
3 1311 1310 1313 
3 1312 1314 1315 
3 1313 1312 1315 
3 1314 1316 1315 
3 1308 1243 1248 
3 1317 1308 1248 
3 1317 1248 1318 
3 1248 1249 1318 
3 1249 1319 1318 
3 1251 1319 1249 
3 1311 1252 1247 
3 1313 1252 1311 
3 1253 1252 1313 
3 1315 1253 1313 
3 1254 1253 1315 
3 1316 1254 1315 
3 1316 1320 1254 
3 1320 1256 1254 
3 1256 1320 1321 
3 1258 1256 1321 
3 1319 1251 1259 
3 1322 1319 1259 
3 1322 1259 1323 
3 1259 1260 1323 
3 1323 1260 1324 
3 1260 1261 1324 
3 1261 1325 1324 
3 1262 1325 1261 
3 1321 1263 1258 
3 1326 1263 1321 
3 1325 1262 1265 
3 1327 1325 1265 
3 1329 1265 1266 
3 1329 1328 1265 
3 1328 1327 1265 
3 1328 1329 1330 
3 1329 1266 1267 
3 1330 1329 1267 
3 1330 1267 1331 
3 1331 1267 1268 
3 1268 1332 1331 
3 1270 1332 1268 
3 1332 1270 1271 
3 1333 1332 1271 
3 1335 1271 1272 
3 1335 1334 1271 
3 1334 1333 1271 
3 1334 1335 1336 
3 1335 1272 1273 
3 1336 1335 1273 
3 1336 1273 1337 
3 1337 1273 1274 
3 1339 1274 1275 
3 1339 1338 1274 
3 1338 1337 1274 
3 1339 1275 1276 
3 1341 1278 1343 
3 1341 1342 1278 
3 1341 1340 1342 
3 1277 1278 1342 
3 1342 1280 1277 
3 1344 1281 1282 
3 1346 1281 1344 
3 1346 1345 1281 
3 1345 1283 1281 
3 1283 1345 1347 
3 1285 1283 1347 
3 1343 1278 1348 
3 1348 1278 1286 
3 1347 1287 1285 
3 1349 1287 1347 
3 1287 1349 1350 
3 1288 1287 1350 
3 1352 1351 1348 
3 1352 1348 1289 
3 1289 1348 1286 
3 1351 1352 1353 
3 1350 1290 1288 
3 1354 1290 1350 
3 1290 1354 1355 
3 1292 1290 1355 
3 1352 1289 1293 
3 1353 1352 1293 
3 1353 1293 1356 
3 1356 1293 1295 
3 1295 1357 1356 
3 1296 1357 1295 
3 1355 1297 1292 
3 1358 1297 1355 
3 1358 1359 1297 
3 1297 1359 1298 
3 1361 1300 1298 
3 1361 1298 1360 
3 1360 1298 1359 
3 1360 1362 1363 
3 1361 1360 1363 
3 1362 1364 1365 
3 1363 1362 1365 
3 1364 1366 1367 
3 1365 1364 1367 
3 1366 1368 1367 
3 1357 1296 1369 
3 1369 1296 1301 
3 1361 1302 1300 
3 1363 1302 1361 
3 1303 1302 1363 
3 1303 1370 1305 
3 1303 1363 1370 
3 1363 1365 1370 
3 1371 1372 1370 
3 1371 1370 1367 
3 1367 1370 1365 
3 1367 1368 1371 
3 1369 1301 1306 
3 1373 1369 1306 
3 1373 1306 1374 
3 1306 1307 1374 
3 1376 1307 1308 
3 1376 1375 1307 
3 1375 1374 1307 
3 1375 1376 1377 
3 1370 1309 1305 
3 1372 1309 1370 
3 1372 1378 1309 
3 1378 1310 1309 
3 1378 1379 1310 
3 1310 1379 1312 
3 1379 1380 1312 
3 1312 1380 1314 
3 1314 1380 1381 
3 1316 1314 1381 
3 1376 1308 1317 
3 1377 1376 1317 
3 1377 1317 1382 
3 1382 1317 1318 
3 1384 1318 1319 
3 1384 1383 1318 
3 1383 1382 1318 
3 1383 1384 1385 
3 1381 1320 1316 
3 1386 1320 1381 
3 1388 1321 1320 
3 1388 1320 1387 
3 1387 1320 1386 
3 1384 1319 1322 
3 1385 1384 1322 
3 1385 1322 1389 
3 1389 1322 1323 
3 1389 1323 1390 
3 1323 1324 1390 
3 1324 1391 1390 
3 1325 1391 1324 
3 1388 1326 1321 
3 1391 1325 1327 
3 1392 1391 1327 
3 1392 1327 1393 
3 1327 1328 1393 
3 1328 1394 1393 
3 1330 1394 1328 
3 1394 1330 1331 
3 1395 1394 1331 
3 1331 1396 1395 
3 1332 1396 1331 
3 1396 1332 1333 
3 1397 1396 1333 
3 1399 1334 1398 
3 1399 1397 1334 
3 1397 1333 1334 
3 1334 1336 1398 
3 1402 1400 1401 
3 1400 1403 1404 
3 1401 1400 1404 
3 1403 1399 1398 
3 1403 1398 1404 
3 1404 1398 1405 
3 1337 1398 1336 
3 1337 1406 1398 
3 1406 1405 1398 
3 1338 1406 1337 
3 1407 1406 1338 
3 1402 1401 1408 
3 1410 1408 1401 
3 1410 1401 1409 
3 1409 1401 1404 
3 1404 1405 1409 
3 1405 1411 1409 
3 1405 1406 1411 
3 1406 1412 1411 
3 1406 1407 1412 
3 1407 1413 1412 
3 1410 1409 1414 
3 1416 1414 1409 
3 1416 1409 1415 
3 1415 1409 1411 
3 1411 1412 1415 
3 1412 1417 1415 
3 1412 1413 1417 
3 1413 1418 1417 
3 1416 1415 1419 
3 1421 1419 1415 
3 1421 1415 1420 
3 1420 1415 1417 
3 1422 1423 1420 
3 1422 1420 1418 
3 1418 1420 1417 
3 1421 1420 1424 
3 1420 1423 1424 
3 1427 1426 1425 
3 1427 1425 1343 
3 1427 1343 1428 
3 1343 1425 1341 
3 1426 1427 1429 
3 1430 1345 1346 
3 1345 1432 1347 
3 1430 1432 1345 
3 1430 1431 1432 
3 1430 1433 1431 
3 1431 1434 1432 
3 1428 1343 1435 
3 1435 1343 1348 
3 1432 1349 1347 
3 1349 1432 1434 
3 1349 1434 1350 
3 1350 1434 1436 
3 1435 1348 1351 
3 1437 1435 1351 
3 1351 1438 1437 
3 1353 1438 1351 
3 1436 1354 1350 
3 1439 1354 1436 
3 1441 1355 1354 
3 1441 1354 1440 
3 1440 1354 1439 
3 1440 1442 1441 
3 1438 1353 1356 
3 1443 1438 1356 
3 1356 1444 1443 
3 1357 1444 1356 
3 1441 1358 1355 
3 1442 1358 1441 
3 1442 1445 1358 
3 1445 1359 1358 
3 1445 1446 1359 
3 1359 1446 1360 
3 1446 1447 1360 
3 1360 1447 1362 
3 1447 1448 1362 
3 1362 1448 1364 
3 1450 1449 1366 
3 1450 1366 1448 
3 1448 1366 1364 
3 1366 1449 1368 
3 1452 1451 1444 
3 1452 1444 1369 
3 1369 1444 1357 
3 1451 1452 1453 
3 1455 1450 1454 
3 1455 1372 1450 
3 1449 1450 1371 
3 1371 1450 1372 
3 1454 1456 1457 
3 1454 1457 1455 
3 1371 1368 1449 
3 1456 1458 1457 
3 1452 1369 1373 
3 1453 1452 1373 
3 1453 1373 1459 
3 1459 1373 1374 
3 1459 1374 1460 
3 1374 1375 1460 
3 1375 1461 1460 
3 1377 1461 1375 
3 1455 1378 1372 
3 1457 1378 1455 
3 1379 1378 1457 
3 1458 1379 1457 
3 1458 1462 1379 
3 1462 1380 1379 
3 1380 1462 1463 
3 1381 1380 1463 
3 1461 1377 1382 
3 1464 1461 1382 
3 1464 1382 1465 
3 1382 1383 1465 
3 1383 1466 1465 
3 1385 1466 1383 
3 1463 1386 1381 
3 1467 1386 1463 
3 1467 1468 1386 
3 1386 1468 1387 
3 1466 1385 1389 
3 1469 1466 1389 
3 1469 1389 1470 
3 1389 1390 1470 
3 1390 1471 1470 
3 1391 1471 1390 
3 1471 1391 1392 
3 1472 1471 1392 
3 1472 1392 1473 
3 1392 1393 1473 
3 1393 1474 1473 
3 1394 1474 1393 
3 1477 1475 1476 
3 1475 1478 1476 
3 1475 1394 1478 
3 1475 1474 1394 
3 1394 1395 1478 
3 1395 1396 1478 
3 1480 1477 1476 
3 1479 1480 1476 
3 1476 1478 1479 
3 1478 1481 1479 
3 1397 1478 1396 
3 1397 1482 1478 
3 1482 1481 1478 
3 1397 1399 1482 
3 1480 1479 1483 
3 1483 1402 1484 
3 1483 1481 1402 
3 1483 1479 1481 
3 1400 1402 1481 
3 1482 1400 1481 
3 1403 1400 1482 
3 1482 1399 1403 
3 1408 1485 1486 
3 1408 1486 1402 
3 1402 1486 1484 
3 1408 1410 1485 
3 1486 1485 1487 
3 1489 1414 1488 
3 1487 1414 1489 
3 1487 1410 1414 
3 1487 1485 1410 
3 1414 1416 1488 
3 1492 1491 1490 
3 1489 1488 1493 
3 1488 1416 1419 
3 1488 1419 1493 
3 1493 1419 1494 
3 1496 1419 1421 
3 1496 1495 1419 
3 1495 1494 1419 
3 1491 1423 1422 
3 1492 1423 1491 
3 1492 1496 1423 
3 1492 1495 1496 
3 1496 1421 1424 
3 1496 1424 1423 
3 1427 1428 1497 
3 1497 1429 1427 
3 1497 1499 1429 
3 1499 1498 1429 
3 1501 1431 1433 
3 1500 1431 1501 
3 1431 1500 1502 
3 1434 1431 1502 
3 1503 1497 1428 
3 1435 1503 1428 
3 1499 1503 1504 
3 1497 1503 1499 
3 1506 1502 1505 
3 1506 1436 1502 
3 1436 1434 1502 
3 1505 1507 1508 
3 1506 1505 1508 
3 1507 1509 1508 
3 1503 1435 1437 
3 1437 1438 1511 
3 1503 1437 1511 
3 1503 1511 1510 
3 1503 1510 1504 
3 1510 1511 1512 
3 1506 1439 1436 
3 1508 1439 1506 
3 1440 1439 1508 
3 1440 1514 1442 
3 1508 1514 1440 
3 1508 1513 1514 
3 1508 1509 1513 
3 1513 1515 1516 
3 1514 1513 1516 
3 1515 1517 1516 
3 1511 1438 1443 
3 1443 1444 1519 
3 1511 1443 1519 
3 1511 1519 1518 
3 1511 1518 1512 
3 1518 1521 1520 
3 1519 1521 1518 
3 1520 1521 1522 
3 1514 1445 1442 
3 1516 1445 1514 
3 1446 1445 1516 
3 1517 1446 1516 
3 1517 1523 1446 
3 1523 1447 1446 
3 1525 1524 1448 
3 1525 1448 1523 
3 1523 1448 1447 
3 1448 1524 1450 
3 1519 1444 1451 
3 1451 1453 1526 
3 1451 1526 1519 
3 1519 1526 1521 
3 1522 1528 1527 
3 1522 1521 1528 
3 1521 1526 1528 
3 1527 1528 1529 
3 1525 1530 1524 
3 1524 1454 1450 
3 1524 1530 1454 
3 1530 1531 1454 
3 1533 1532 1456 
3 1533 1456 1531 
3 1531 1456 1454 
3 1456 1532 1458 
3 1526 1453 1459 
3 1528 1526 1459 
3 1460 1528 1459 
3 1460 1461 1535 
3 1528 1460 1535 
3 1528 1535 1534 
3 1528 1534 1529 
3 1534 1535 1536 
3 1533 1537 1532 
3 1532 1462 1458 
3 1532 1537 1462 
3 1537 1538 1462 
3 1540 1463 1462 
3 1540 1462 1539 
3 1539 1462 1538 
3 1539 1541 1540 
3 1535 1461 1464 
3 1536 1535 1464 
3 1536 1464 1542 
3 1542 1464 1465 
3 1465 1543 1542 
3 1466 1543 1465 
3 1540 1467 1463 
3 1541 1467 1540 
3 1541 1544 1467 
3 1544 1468 1467 
3 1543 1466 1469 
3 1545 1543 1469 
3 1545 1469 1546 
3 1469 1470 1546 
3 1548 1470 1471 
3 1548 1547 1470 
3 1547 1546 1470 
3 1547 1548 1549 
3 1548 1471 1472 
3 1548 1472 1473 
3 1548 1473 1551 
3 1548 1551 1549 
3 1550 1551 1473 
3 1473 1474 1550 
3 1550 1475 1477 
3 1550 1477 1551 
3 1551 1477 1552 
3 1550 1474 1475 
3 1552 1477 1553 
3 1553 1477 1480 
3 1483 1554 1555 
3 1483 1555 1480 
3 1480 1555 1553 
3 1483 1484 1554 
3 1557 1555 1554 
3 1556 1557 1554 
3 1554 1486 1556 
3 1484 1486 1554 
3 1557 1556 1558 
3 1560 1487 1559 
3 1558 1487 1560 
3 1558 1486 1487 
3 1558 1556 1486 
3 1487 1489 1559 
3 1492 1561 1562 
3 1490 1561 1492 
3 1560 1559 1563 
3 1559 1489 1493 
3 1559 1493 1563 
3 1563 1493 1564 
3 1564 1493 1565 
3 1493 1494 1565 
3 1565 1494 1566 
3 1494 1495 1566 
3 1566 1495 1492 
3 1562 1566 1492 
3 1567 1498 1568 
3 1568 1498 1499 
3 1571 1570 1569 
3 1569 1500 1501 
3 1569 1570 1500 
3 1570 1572 1500 
3 1500 1572 1573 
3 1502 1500 1573 
3 1568 1499 1574 
3 1574 1499 1504 
3 1573 1505 1502 
3 1575 1505 1573 
3 1577 1576 1507 
3 1577 1507 1575 
3 1575 1507 1505 
3 1507 1576 1509 
3 1574 1504 1510 
3 1578 1574 1510 
3 1580 1510 1512 
3 1580 1579 1510 
3 1579 1578 1510 
3 1579 1582 1581 
3 1580 1582 1579 
3 1581 1582 1583 
3 1577 1584 1576 
3 1576 1513 1509 
3 1576 1584 1513 
3 1584 1585 1513 
3 1587 1586 1515 
3 1587 1515 1585 
3 1585 1515 1513 
3 1515 1586 1517 
3 1580 1512 1518 
3 1582 1580 1518 
3 1520 1582 1518 
3 1520 1522 1589 
3 1582 1520 1589 
3 1582 1589 1588 
3 1582 1588 1583 
3 1588 1589 1590 
3 1587 1591 1586 
3 1586 1523 1517 
3 1586 1591 1523 
3 1591 1592 1523 
3 1594 1525 1523 
3 1594 1523 1593 
3 1593 1523 1592 
3 1593 1595 1594 
3 1589 1522 1527 
3 1527 1529 1597 
3 1589 1527 1597 
3 1589 1597 1596 
3 1589 1596 1590 
3 1596 1597 1598 
3 1594 1530 1525 
3 1595 1530 1594 
3 1595 1599 1530 
3 1599 1531 1530 
3 1531 1599 1600 
3 1533 1531 1600 
3 1597 1529 1534 
3 1534 1598 1597 
3 1534 1536 1598 
3 1536 1601 1598 
3 1600 1537 1533 
3 1602 1537 1600 
3 1602 1603 1537 
3 1537 1603 1538 
3 1605 1604 1539 
3 1605 1539 1603 
3 1603 1539 1538 
3 1539 1604 1541 
3 1601 1536 1542 
3 1606 1601 1542 
3 1608 1542 1543 
3 1608 1607 1542 
3 1607 1606 1542 
3 1607 1608 1609 
3 1605 1610 1604 
3 1604 1544 1541 
3 1604 1610 1544 
3 1610 1611 1544 
3 1608 1543 1545 
3 1609 1608 1545 
3 1609 1545 1612 
3 1612 1545 1546 
3 1614 1547 1613 
3 1614 1612 1547 
3 1612 1546 1547 
3 1547 1549 1613 
3 1614 1613 1615 
3 1613 1616 1615 
3 1613 1549 1616 
3 1549 1551 1616 
3 1619 1617 1618 
3 1617 1620 1621 
3 1618 1617 1621 
3 1620 1552 1621 
3 1620 1616 1552 
3 1616 1551 1552 
3 1619 1618 1622 
3 1624 1622 1618 
3 1624 1618 1623 
3 1623 1618 1621 
3 1621 1553 1623 
3 1552 1553 1621 
3 1626 1624 1623 
3 1625 1626 1623 
3 1623 1555 1625 
3 1553 1555 1623 
3 1626 1625 1627 
3 1625 1628 1627 
3 1625 1555 1628 
3 1555 1557 1628 
3 1628 1557 1558 
3 1629 1628 1558 
3 1558 1630 1629 
3 1560 1630 1558 
3 1562 1631 1632 
3 1561 1631 1562 
3 1630 1560 1563 
3 1633 1630 1563 
3 1635 1564 1634 
3 1635 1633 1564 
3 1633 1563 1564 
3 1634 1636 1637 
3 1634 1564 1636 
3 1564 1565 1636 
3 1636 1565 1638 
3 1565 1566 1638 
3 1638 1566 1562 
3 1632 1638 1562 
3 1635 1634 1639 
3 1634 1637 1639 
3 1642 1640 1641 
3 1640 1643 1641 
3 1640 1567 1643 
3 1567 1568 1643 
3 1644 1570 1571 
3 1646 1570 1644 
3 1646 1645 1570 
3 1645 1572 1570 
3 1648 1573 1572 
3 1648 1572 1647 
3 1647 1572 1645 
3 1647 1649 1648 
3 1651 1650 1643 
3 1651 1643 1574 
3 1574 1643 1568 
3 1650 1651 1652 
3 1648 1575 1573 
3 1575 1648 1649 
3 1575 1649 1577 
3 1577 1649 1653 
3 1651 1574 1578 
3 1652 1651 1578 
3 1652 1578 1654 
3 1654 1578 1579 
3 1654 1579 1655 
3 1579 1581 1655 
3 1581 1656 1655 
3 1583 1656 1581 
3 1653 1584 1577 
3 1657 1584 1653 
3 1657 1658 1584 
3 1584 1658 1585 
3 1660 1587 1585 
3 1660 1585 1659 
3 1659 1585 1658 
3 1659 1661 1660 
3 1656 1583 1588 
3 1662 1656 1588 
3 1588 1663 1662 
3 1590 1663 1588 
3 1660 1591 1587 
3 1661 1591 1660 
3 1661 1664 1591 
3 1664 1592 1591 
3 1666 1665 1593 
3 1666 1593 1664 
3 1664 1593 1592 
3 1593 1665 1595 
3 1663 1590 1596 
3 1667 1663 1596 
3 1596 1668 1667 
3 1598 1668 1596 
3 1666 1669 1665 
3 1665 1599 1595 
3 1665 1669 1599 
3 1669 1670 1599 
3 1599 1670 1671 
3 1600 1599 1671 
3 1674 1672 1673 
3 1672 1601 1673 
3 1672 1668 1601 
3 1668 1598 1601 
3 1671 1602 1600 
3 1675 1602 1671 
3 1677 1676 1603 
3 1677 1603 1675 
3 1675 1603 1602 
3 1603 1676 1605 
3 1674 1673 1678 
3 1680 1606 1679 
3 1678 1606 1680 
3 1678 1601 1606 
3 1678 1673 1601 
3 1607 1679 1606 
3 1681 1679 1607 
3 1607 1609 1681 
3 1677 1682 1676 
3 1684 1683 1610 
3 1682 1684 1610 
3 1682 1610 1605 
3 1682 1605 1676 
3 1611 1610 1683 
3 1685 1611 1683 
3 1680 1679 1686 
3 1688 1686 1679 
3 1688 1679 1687 
3 1687 1679 1681 
3 1612 1681 1609 
3 1612 1689 1681 
3 1689 1687 1681 
3 1612 1614 1689 
3 1684 1690 1683 
3 1683 1691 1685 
3 1690 1691 1683 
3 1688 1687 1692 
3 1694 1692 1687 
3 1694 1687 1693 
3 1693 1687 1689 
3 1615 1689 1614 
3 1615 1695 1689 
3 1695 1693 1689 
3 1615 1616 1695 
3 1693 1617 1619 
3 1693 1619 1694 
3 1694 1619 1696 
3 1695 1617 1693 
3 1620 1617 1695 
3 1695 1616 1620 
3 1622 1697 1698 
3 1622 1698 1619 
3 1619 1698 1696 
3 1622 1624 1697 
3 1698 1697 1699 
3 1697 1700 1699 
3 1697 1624 1700 
3 1624 1626 1700 
3 1703 1702 1701 
3 1700 1626 1627 
3 1704 1700 1627 
3 1627 1705 1704 
3 1628 1705 1627 
3 1708 1707 1706 
3 1709 1707 1710 
3 1709 1702 1707 
3 1706 1707 1703 
3 1703 1707 1702 
3 1705 1628 1629 
3 1711 1705 1629 
3 1629 1712 1711 
3 1630 1712 1629 
3 1714 1707 1708 
3 1713 1707 1714 
3 1713 1631 1707 
3 1713 1632 1631 
3 1707 1631 1710 
3 1715 1716 1631 
3 1710 1631 1716 
3 1633 1717 1718 
3 1633 1718 1630 
3 1630 1718 1712 
3 1720 1633 1635 
3 1720 1719 1633 
3 1717 1633 1721 
3 1721 1633 1719 
3 1637 1719 1720 
3 1637 1636 1719 
3 1636 1722 1719 
3 1713 1714 1722 
3 1713 1722 1638 
3 1638 1722 1636 
3 1716 1715 1723 
3 1713 1638 1632 
3 1718 1717 1724 
3 1717 1721 1724 
3 1635 1639 1720 
3 1720 1639 1637 
3 1725 1642 1641 
3 1641 1726 1725 
3 1641 1643 1726 
3 1643 1727 1726 
3 1728 1645 1646 
3 1728 1647 1645 
3 1728 1731 1647 
3 1728 1730 1731 
3 1729 1647 1731 
3 1647 1729 1649 
3 1727 1643 1650 
3 1732 1727 1650 
3 1734 1650 1652 
3 1734 1733 1650 
3 1733 1732 1650 
3 1733 1734 1735 
3 1731 1736 1729 
3 1729 1653 1649 
3 1729 1737 1653 
3 1729 1736 1737 
3 1737 1738 1653 
3 1737 1739 1738 
3 1734 1652 1654 
3 1735 1734 1654 
3 1735 1654 1740 
3 1740 1654 1655 
3 1655 1741 1740 
3 1656 1741 1655 
3 1738 1657 1653 
3 1739 1657 1738 
3 1739 1742 1657 
3 1742 1658 1657 
3 1742 1743 1658 
3 1658 1743 1659 
3 1745 1661 1659 
3 1745 1659 1744 
3 1744 1659 1743 
3 1744 1746 1745 
3 1741 1656 1662 
3 1747 1741 1662 
3 1662 1748 1747 
3 1663 1748 1662 
3 1745 1664 1661 
3 1664 1750 1666 
3 1745 1750 1664 
3 1745 1749 1750 
3 1745 1746 1749 
3 1749 1751 1750 
3 1748 1663 1667 
3 1752 1748 1667 
3 1667 1753 1752 
3 1668 1753 1667 
3 1750 1669 1666 
3 1750 1670 1669 
3 1750 1755 1670 
3 1750 1751 1755 
3 1754 1670 1755 
3 1670 1754 1671 
3 1672 1674 1756 
3 1756 1668 1672 
3 1756 1757 1668 
3 1757 1753 1668 
3 1755 1758 1754 
3 1760 1759 1675 
3 1758 1760 1675 
3 1758 1675 1671 
3 1758 1671 1754 
3 1675 1759 1677 
3 1756 1674 1678 
3 1678 1757 1756 
3 1678 1680 1757 
3 1680 1761 1757 
3 1760 1762 1759 
3 1759 1682 1677 
3 1759 1762 1682 
3 1762 1763 1682 
3 1682 1763 1764 
3 1684 1682 1764 
3 1686 1765 1766 
3 1686 1766 1680 
3 1680 1766 1761 
3 1686 1688 1765 
3 1769 1768 1767 
3 1767 1768 1770 
3 1767 1770 1684 
3 1767 1684 1764 
3 1684 1770 1690 
3 1691 1690 1770 
3 1771 1691 1770 
3 1766 1765 1772 
3 1774 1692 1773 
3 1772 1692 1774 
3 1772 1688 1692 
3 1772 1765 1688 
3 1692 1694 1773 
3 1777 1776 1775 
3 1775 1779 1778 
3 1776 1779 1775 
3 1780 1779 1781 
3 1780 1768 1779 
3 1778 1779 1769 
3 1769 1779 1768 
3 1768 1782 1770 
3 1780 1782 1768 
3 1784 1770 1782 
3 1784 1783 1770 
3 1783 1771 1770 
3 1786 1774 1773 
3 1785 1786 1773 
3 1773 1696 1785 
3 1694 1696 1773 
3 1777 1787 1776 
3 1776 1788 1779 
3 1787 1788 1776 
3 1779 1788 1781 
3 1791 1790 1789 
3 1792 1790 1793 
3 1792 1783 1790 
3 1789 1790 1784 
3 1784 1790 1783 
3 1795 1786 1785 
3 1794 1795 1785 
3 1785 1698 1794 
3 1696 1698 1785 
3 1798 1797 1796 
3 1796 1790 1791 
3 1796 1797 1790 
3 1797 1799 1790 
3 1793 1801 1800 
3 1793 1790 1801 
3 1790 1799 1801 
3 1795 1794 1802 
3 1794 1698 1699 
3 1794 1699 1802 
3 1802 1699 1803 
3 1699 1804 1803 
3 1700 1804 1699 
3 1806 1797 1798 
3 1805 1797 1806 
3 1797 1805 1799 
3 1799 1805 1807 
3 1703 1701 1801 
3 1703 1801 1807 
3 1807 1801 1799 
3 1810 1808 1809 
3 1808 1811 1809 
3 1704 1812 1813 
3 1704 1813 1700 
3 1700 1813 1804 
3 1704 1705 1812 
3 1806 1814 1805 
3 1814 1815 1708 
3 1814 1708 1807 
3 1814 1807 1805 
3 1706 1807 1708 
3 1706 1703 1807 
3 1710 1816 1709 
3 1818 1810 1809 
3 1817 1818 1809 
3 1811 1819 1817 
3 1809 1811 1817 
3 1813 1812 1820 
3 1822 1711 1821 
3 1820 1711 1822 
3 1820 1705 1711 
3 1820 1812 1705 
3 1711 1712 1821 
3 1825 1824 1823 
3 1823 1824 1714 
3 1823 1714 1815 
3 1815 1714 1708 
3 1826 1816 1710 
3 1716 1826 1710 
3 1818 1817 1827 
3 1817 1819 1827 
3 1822 1821 1828 
3 1821 1712 1718 
3 1821 1718 1829 
3 1821 1829 1828 
3 1829 1718 1830 
3 1721 1829 1830 
3 1721 1719 1829 
3 1719 1831 1829 
3 1824 1825 1831 
3 1824 1831 1722 
3 1722 1831 1719 
3 1824 1722 1714 
3 1826 1716 1723 
3 1830 1718 1724 
3 1830 1724 1721 
3 1832 1726 1833 
3 1833 1726 1727 
3 1836 1835 1834 
3 1834 1835 1837 
3 1834 1837 1730 
3 1730 1837 1731 
3 1833 1727 1732 
3 1838 1833 1732 
3 1838 1732 1839 
3 1732 1733 1839 
3 1733 1840 1839 
3 1735 1840 1733 
3 1837 1736 1731 
3 1841 1736 1837 
3 1841 1842 1736 
3 1736 1842 1737 
3 1844 1739 1737 
3 1844 1737 1843 
3 1843 1737 1842 
3 1843 1845 1846 
3 1844 1843 1846 
3 1845 1847 1848 
3 1846 1845 1848 
3 1847 1849 1848 
3 1840 1735 1740 
3 1850 1840 1740 
3 1852 1740 1741 
3 1852 1851 1740 
3 1851 1850 1740 
3 1851 1852 1853 
3 1844 1742 1739 
3 1846 1742 1844 
3 1743 1742 1846 
3 1848 1743 1846 
3 1744 1743 1848 
3 1744 1848 1849 
3 1744 1849 1746 
3 1746 1849 1854 
3 1852 1741 1747 
3 1747 1748 1856 
3 1852 1747 1856 
3 1852 1856 1855 
3 1852 1855 1853 
3 1855 1856 1857 
3 1854 1749 1746 
3 1858 1749 1854 
3 1749 1858 1859 
3 1751 1749 1859 
3 1856 1748 1752 
3 1752 1857 1856 
3 1752 1753 1857 
3 1753 1860 1857 
3 1862 1859 1861 
3 1862 1755 1859 
3 1755 1751 1859 
3 1861 1863 1862 
3 1860 1753 1864 
3 1864 1753 1757 
3 1862 1758 1755 
3 1758 1866 1760 
3 1862 1866 1758 
3 1862 1865 1866 
3 1862 1863 1865 
3 1865 1867 1866 
3 1869 1868 1864 
3 1869 1864 1761 
3 1761 1864 1757 
3 1868 1869 1870 
3 1866 1762 1760 
3 1867 1762 1866 
3 1867 1871 1762 
3 1871 1763 1762 
3 1763 1871 1872 
3 1764 1763 1872 
3 1873 1869 1761 
3 1766 1873 1761 
3 1870 1875 1874 
3 1870 1869 1875 
3 1869 1873 1875 
3 1874 1875 1876 
3 1769 1877 1878 
3 1767 1877 1769 
3 1877 1767 1764 
3 1877 1764 1872 
3 1873 1766 1772 
3 1879 1875 1873 
3 1879 1873 1774 
3 1879 1774 1880 
3 1774 1873 1772 
3 1875 1879 1876 
3 1775 1881 1777 
3 1778 1881 1775 
3 1882 1881 1778 
3 1883 1780 1781 
3 1882 1778 1884 
3 1884 1778 1769 
3 1884 1769 1878 
3 1782 1780 1883 
3 1782 1883 1885 
3 1885 1784 1782 
3 1888 1886 1887 
3 1886 1786 1887 
3 1886 1880 1786 
3 1880 1774 1786 
3 1881 1787 1777 
3 1882 1891 1881 
3 1882 1889 1891 
3 1881 1891 1787 
3 1890 1788 1891 
3 1787 1891 1788 
3 1788 1890 1893 
3 1788 1893 1892 
3 1788 1892 1781 
3 1883 1781 1892 
3 1882 1884 1889 
3 1892 1894 1791 
3 1892 1791 1885 
3 1892 1885 1883 
3 1789 1885 1791 
3 1789 1784 1885 
3 1793 1895 1792 
3 1897 1888 1887 
3 1896 1897 1887 
3 1887 1795 1896 
3 1786 1795 1887 
3 1899 1890 1891 
3 1898 1890 1899 
3 1893 1796 1900 
3 1893 1898 1796 
3 1893 1890 1898 
3 1898 1798 1796 
3 1900 1796 1791 
3 1894 1900 1791 
3 1895 1793 1800 
3 1897 1896 1901 
3 1896 1795 1802 
3 1896 1802 1901 
3 1901 1802 1902 
3 1904 1803 1903 
3 1904 1902 1803 
3 1902 1802 1803 
3 1906 1803 1804 
3 1906 1905 1803 
3 1903 1803 1907 
3 1907 1803 1905 
3 1905 1906 1908 
3 1910 1898 1899 
3 1909 1898 1910 
3 1898 1909 1806 
3 1798 1898 1806 
3 1810 1912 1911 
3 1808 1810 1911 
3 1914 1811 1808 
3 1914 1808 1913 
3 1913 1808 1911 
3 1913 1916 1914 
3 1904 1903 1915 
3 1804 1813 1917 
3 1804 1917 1906 
3 1907 1915 1903 
3 1908 1917 1918 
3 1906 1917 1908 
3 1921 1920 1919 
3 1919 1909 1910 
3 1919 1920 1909 
3 1920 1922 1909 
3 1814 1806 1909 
3 1814 1909 1923 
3 1923 1909 1922 
3 1814 1923 1815 
3 1925 1924 1912 
3 1925 1912 1818 
3 1818 1912 1810 
3 1925 1926 1924 
3 1925 1811 1926 
3 1925 1819 1811 
3 1914 1926 1811 
3 1914 1916 1926 
3 1927 1928 1929 
3 1917 1813 1820 
3 1820 1918 1917 
3 1820 1822 1918 
3 1927 1918 1928 
3 1928 1918 1822 
3 1931 1920 1921 
3 1930 1920 1931 
3 1920 1930 1922 
3 1922 1930 1932 
3 1825 1823 1923 
3 1825 1923 1932 
3 1932 1923 1922 
3 1923 1823 1815 
3 1925 1818 1827 
3 1925 1827 1819 
3 1929 1928 1933 
3 1928 1822 1828 
3 1928 1828 1933 
3 1933 1828 1934 
3 1930 1931 1934 
3 1930 1934 1829 
3 1829 1934 1828 
3 1932 1930 1829 
3 1831 1932 1829 
3 1932 1831 1825 
3 1935 1832 1936 
3 1936 1832 1833 
3 1937 1835 1836 
3 1835 1939 1837 
3 1937 1939 1835 
3 1937 1938 1939 
3 1937 1940 1938 
3 1938 1941 1939 
3 1936 1833 1838 
3 1942 1936 1838 
3 1942 1838 1943 
3 1838 1839 1943 
3 1839 1944 1943 
3 1840 1944 1839 
3 1939 1841 1837 
3 1941 1841 1939 
3 1941 1945 1841 
3 1945 1842 1841 
3 1945 1946 1842 
3 1842 1946 1843 
3 1946 1947 1843 
3 1843 1947 1845 
3 1947 1948 1845 
3 1845 1948 1847 
3 1847 1948 1949 
3 1849 1847 1949 
3 1944 1840 1850 
3 1950 1944 1850 
3 1952 1851 1951 
3 1952 1950 1851 
3 1950 1850 1851 
3 1851 1853 1951 
3 1954 1949 1953 
3 1954 1854 1949 
3 1854 1849 1949 
3 1953 1955 1954 
3 1952 1951 1956 
3 1958 1855 1957 
3 1956 1855 1958 
3 1956 1853 1855 
3 1956 1951 1853 
3 1855 1857 1957 
3 1954 1858 1854 
3 1858 1954 1955 
3 1858 1955 1859 
3 1859 1955 1959 
3 1961 1958 1957 
3 1960 1961 1957 
3 1957 1860 1960 
3 1857 1860 1957 
3 1959 1861 1859 
3 1962 1861 1959 
3 1964 1863 1861 
3 1964 1861 1963 
3 1963 1861 1962 
3 1963 1965 1964 
3 1961 1960 1966 
3 1960 1860 1864 
3 1960 1864 1967 
3 1960 1967 1966 
3 1967 1864 1968 
3 1967 1968 1969 
3 1964 1865 1863 
3 1865 1964 1965 
3 1865 1965 1867 
3 1867 1965 1970 
3 1968 1864 1868 
3 1868 1870 1972 
3 1968 1868 1972 
3 1968 1972 1971 
3 1968 1971 1969 
3 1971 1972 1973 
3 1970 1871 1867 
3 1974 1871 1970 
3 1976 1872 1871 
3 1976 1871 1975 
3 1975 1871 1974 
3 1975 1977 1976 
3 1972 1870 1874 
3 1874 1973 1972 
3 1874 1876 1973 
3 1876 1978 1973 
3 1878 1979 1980 
3 1877 1979 1878 
3 1872 1976 1877 
3 1877 1976 1981 
3 1877 1981 1979 
3 1981 1976 1977 
3 1984 1982 1983 
3 1880 1983 1982 
3 1880 1982 1879 
3 1879 1982 1985 
3 1985 1876 1879 
3 1978 1876 1985 
3 1988 1987 1986 
3 1986 1987 1989 
3 1991 1980 1990 
3 1991 1884 1980 
3 1884 1878 1980 
3 1993 1991 1990 
3 1993 1990 1992 
3 1992 1994 1995 
3 1992 1995 1993 
3 1983 1886 1888 
3 1983 1888 1984 
3 1984 1888 1996 
3 1983 1880 1886 
3 1988 1997 1987 
3 2000 1987 1997 
3 2000 1999 1987 
3 1989 1987 1998 
3 1998 1987 1999 
3 1998 2002 2001 
3 1999 2002 1998 
3 1891 2001 2002 
3 1891 1889 2001 
3 1889 2003 2001 
3 1893 2005 1892 
3 1884 1991 1889 
3 1889 1991 2004 
3 1889 2004 2003 
3 1991 1993 2006 
3 1991 2006 2004 
3 2005 1894 1892 
3 1993 1995 2007 
3 2006 1993 2007 
3 1996 1888 2008 
3 2008 1888 1897 
3 2010 1999 2000 
3 2009 1999 2010 
3 1999 2009 2002 
3 2002 2009 2011 
3 2002 2011 1899 
3 1891 2002 1899 
3 2005 1893 1900 
3 2005 1900 1894 
3 2008 1897 1901 
3 2012 2008 1901 
3 2014 1902 2013 
3 2014 2012 1902 
3 2012 1901 1902 
3 1902 1904 2013 
3 1905 2015 1907 
3 2017 1905 2010 
3 2017 2015 1905 
3 2010 1905 2009 
3 1908 2016 1905 
3 2009 1905 2016 
3 2009 2016 2011 
3 2011 2016 2018 
3 2011 2018 1910 
3 1899 2011 1910 
3 1911 1912 2019 
3 2019 2020 2014 
3 2019 2014 1913 
3 2019 1913 1911 
3 1913 2014 2013 
3 1916 2013 2022 
3 1916 1913 2013 
3 2022 2013 2021 
3 1904 1915 2013 
3 2021 2013 1915 
3 1907 2015 2023 
3 1907 2023 1915 
3 1915 2023 2021 
3 1908 1918 2024 
3 1908 2024 2016 
3 2017 2023 2015 
3 1921 1919 2018 
3 1921 2018 2024 
3 2024 2018 2016 
3 2018 1919 1910 
3 2019 1912 1924 
3 2020 2019 1924 
3 2020 1924 2025 
3 2025 1924 1926 
3 2025 1926 1916 
3 2022 2025 1916 
3 1927 1929 2026 
3 1918 1927 2026 
3 1918 2026 2024 
3 2024 2026 2027 
3 2024 2027 1931 
3 1921 2024 1931 
3 2026 1929 1933 
3 2027 2026 1933 
3 1934 2027 1933 
3 2027 1934 1931 
3 2031 2030 2028 
3 2029 2031 2028 
3 2028 764 2029 
3 2029 764 765 
3 2030 2031 2033 
3 2032 2030 2033 
3 2033 2034 2032 
3 2035 2034 2033 
3 2034 2035 777 
3 776 2034 777 
3 2028 2030 2036 
3 764 2028 2036 
3 881 764 2036 
3 2036 2030 2032 
3 2032 2034 888 
3 2032 888 2036 
3 2036 888 881 
3 888 2034 776 
3 2037 953 954 
3 2037 954 958 
3 2037 2038 1019 
3 953 2037 1019 
3 2038 2037 958 
3 1022 2038 958 
3 2038 2039 1087 
3 1019 2038 1087 
3 2039 2038 1022 
3 1091 2039 1022 
3 2040 1149 1150 
3 1150 1087 2039 
3 1150 2039 2040 
3 2040 2039 2041 
3 2041 2039 1091 
3 1159 2041 1091 
3 1149 2040 1212 
3 1218 1212 2040 
3 2041 1218 2040 
3 1218 2041 1159 
3 2042 1340 1341 
3 1425 2042 1341 
3 2042 2043 1340 
3 2043 2042 1425 
3 1280 2044 1279 
3 2044 1282 1279 
3 2043 2045 1342 
3 1340 2043 1342 
3 1280 1342 2045 
3 1280 2045 2044 
3 2044 2045 2046 
3 1344 1282 2044 
3 1344 2044 2047 
3 2047 2044 2046 
3 2047 1346 1344 
3 2045 2043 1425 
3 1426 2045 1425 
3 1426 1429 2048 
3 1426 2048 2045 
3 2045 2048 2046 
3 2048 2049 2046 
3 2046 2049 2047 
3 1430 1346 2047 
3 1430 2047 2050 
3 2050 2047 2049 
3 2050 1433 1430 
3 1429 1498 2051 
3 2048 1429 2051 
3 2051 2052 2048 
3 2048 2052 2049 
3 2052 2053 2049 
3 2049 2053 2050 
3 2050 2053 1501 
3 1433 2050 1501 
3 2056 2054 2055 
3 2054 2057 2055 
3 1498 1567 2058 
3 2051 1498 2058 
3 2055 2058 2056 
3 2055 2052 2058 
3 2052 2051 2058 
3 2055 2053 2052 
3 2055 1571 2053 
3 2055 2057 1571 
3 1569 2053 1571 
3 2053 1569 1501 
3 2056 2060 2059 
3 2054 2056 2059 
3 2054 2059 2061 
3 2057 2054 2061 
3 1642 2062 1640 
3 1567 1640 2062 
3 1567 2062 2058 
3 2058 2062 2063 
3 2063 2056 2058 
3 2060 2056 2063 
3 1644 2061 2064 
3 1644 1571 2061 
3 1571 2057 2061 
3 2064 1646 1644 
3 2067 2065 2066 
3 2060 2066 2065 
3 2060 2065 2059 
3 2059 2065 2068 
3 2070 2061 2059 
3 2070 2059 2069 
3 2069 2059 2068 
3 2069 2071 2070 
3 2062 1642 1725 
3 1725 1726 2067 
3 1725 2067 2063 
3 1725 2063 2062 
3 2063 2067 2066 
3 2066 2060 2063 
3 2070 2064 2061 
3 2064 1728 1646 
3 2070 1728 2064 
3 2070 2072 1728 
3 2070 2071 2072 
3 2072 1730 1728 
3 2067 2074 2073 
3 2065 2067 2073 
3 2073 2075 2065 
3 2065 2075 2068 
3 2075 2076 2068 
3 2068 2076 2069 
3 2069 2076 2077 
3 2071 2069 2077 
3 2074 2067 1832 
3 1832 2067 1726 
3 2072 1836 1834 
3 2072 2071 1836 
3 2071 2077 1836 
3 2072 1834 1730 
3 2074 2079 2078 
3 2073 2074 2078 
3 2078 2080 2073 
3 2073 2080 2075 
3 2080 2081 2075 
3 2075 2081 2076 
3 2076 2081 2082 
3 2077 2076 2082 
3 2079 2074 1935 
3 1935 2074 1832 
3 1937 2082 2083 
3 1937 1836 2082 
3 1836 2077 2082 
3 2083 1940 1937 
3 2086 2085 2084 
3 2087 2085 2088 
3 2087 519 2085 
3 2084 2085 520 
3 520 2085 519 
3 2090 519 2087 
3 2090 2089 519 
3 2089 521 519 
3 2089 2091 521 
3 521 2091 522 
3 2093 523 522 
3 2093 522 2092 
3 2092 522 2091 
3 2092 2094 2093 
3 2097 524 526 
3 2097 2096 524 
3 2096 2095 524 
3 2096 2099 2098 
3 2097 2099 2096 
3 2098 2099 2100 
3 2093 527 523 
3 527 2093 2094 
3 527 2094 528 
3 528 2094 2101 
3 2097 526 529 
3 2099 2097 529 
3 531 2099 529 
3 2100 2099 531 
3 2100 531 2102 
3 2102 531 533 
3 2104 533 535 
3 2104 2103 533 
3 2103 2102 533 
3 2103 2104 2105 
3 536 2106 537 
3 2106 536 528 
3 2106 528 2107 
3 2107 528 2101 
3 2104 535 538 
3 2105 2104 538 
3 2105 538 2108 
3 2108 538 540 
3 2108 540 2109 
3 540 542 2109 
3 2109 542 2110 
3 542 544 2110 
3 537 2106 2111 
3 537 2111 544 
3 544 2111 2110 
3 2106 2107 2111 
3 2112 2085 2086 
3 2112 2088 2085 
3 2113 2089 2090 
3 2114 2089 2113 
3 2091 2089 2114 
3 2116 2091 2114 
3 2116 2115 2091 
3 2115 2092 2091 
3 2092 2115 2117 
3 2094 2092 2117 
3 2120 2096 2119 
3 2120 2118 2096 
3 2118 2095 2096 
3 2119 2121 2122 
3 2119 2096 2121 
3 2096 2098 2121 
3 2124 2098 2100 
3 2124 2123 2098 
3 2123 2121 2098 
3 2123 2124 2125 
3 2117 2126 2094 
3 2126 2101 2094 
3 2120 2119 2127 
3 2119 2122 2127 
3 2124 2100 2102 
3 2125 2124 2102 
3 2125 2102 2128 
3 2128 2102 2103 
3 2103 2129 2128 
3 2105 2129 2103 
3 2131 2126 2130 
3 2131 2107 2126 
3 2107 2101 2126 
3 2130 2132 2131 
3 2129 2105 2108 
3 2133 2129 2108 
3 2133 2108 2134 
3 2108 2109 2134 
3 2134 2109 2135 
3 2109 2110 2135 
3 2135 2110 2136 
3 2110 2111 2136 
3 2107 2131 2137 
3 2107 2137 2111 
3 2111 2137 2136 
3 2131 2132 2137 
3 2138 2139 2140 
3 2142 2115 2116 
3 2141 2115 2142 
3 2115 2141 2143 
3 2117 2115 2143 
3 2118 2120 2145 
3 2139 2118 2145 
3 2139 2145 2144 
3 2139 2144 2140 
3 2122 2144 2145 
3 2122 2121 2144 
3 2121 2146 2144 
3 2146 2121 2147 
3 2121 2123 2147 
3 2123 2148 2147 
3 2125 2148 2123 
3 2143 2149 2117 
3 2149 2126 2117 
3 2145 2120 2127 
3 2145 2127 2122 
3 2148 2125 2128 
3 2150 2148 2128 
3 2128 2151 2150 
3 2129 2151 2128 
3 2154 2153 2152 
3 2152 2156 2155 
3 2153 2156 2152 
3 2155 2156 2157 
3 2155 2157 2126 
3 2155 2126 2149 
3 2126 2157 2130 
3 2130 2157 2132 
3 2151 2129 2133 
3 2158 2151 2133 
3 2158 2133 2159 
3 2133 2134 2159 
3 2153 2154 2159 
3 2153 2159 2135 
3 2135 2159 2134 
3 2156 2153 2135 
3 2136 2156 2135 
3 2157 2156 2136 
3 2137 2157 2136 
3 2157 2137 2132 
3 2162 2138 2140 
3 2162 2161 2138 
3 2161 2160 2138 
3 2161 2162 2163 
3 2164 2141 2142 
3 2141 2164 2165 
3 2141 2165 2143 
3 2143 2165 2166 
3 2162 2140 2144 
3 2163 2162 2144 
3 2163 2144 2167 
3 2167 2144 2146 
3 2167 2146 2168 
3 2146 2147 2168 
3 2170 2147 2148 
3 2170 2169 2147 
3 2169 2168 2147 
3 2169 2170 2171 
3 2173 2166 2172 
3 2173 2149 2166 
3 2149 2143 2166 
3 2172 2174 2173 
3 2170 2148 2150 
3 2150 2151 2176 
3 2170 2150 2176 
3 2170 2176 2175 
3 2170 2175 2171 
3 2175 2176 2177 
3 2152 2178 2154 
3 2155 2178 2152 
3 2179 2178 2155 
3 2179 2180 2181 
3 2155 2180 2179 
3 2155 2173 2180 
3 2155 2149 2173 
3 2173 2174 2180 
3 2176 2151 2158 
3 2177 2176 2158 
3 2177 2158 2182 
3 2182 2158 2159 
3 2154 2178 2183 
3 2154 2183 2159 
3 2159 2183 2182 
3 2178 2179 2184 
3 2183 2178 2184 
3 2179 2181 2184 
3 2185 2160 2186 
3 2160 2161 2186 
3 2188 2161 2163 
3 2188 2187 2161 
3 2187 2186 2161 
3 2187 2188 2189 
3 2190 2191 2165 
3 2191 2166 2165 
3 2188 2163 2167 
3 2189 2188 2167 
3 2189 2167 2192 
3 2192 2167 2168 
3 2192 2168 2193 
3 2168 2169 2193 
3 2169 2194 2193 
3 2171 2194 2169 
3 2191 2172 2166 
3 2195 2172 2191 
3 2172 2195 2196 
3 2174 2172 2196 
3 2194 2171 2175 
3 2197 2194 2175 
3 2199 2175 2177 
3 2199 2198 2175 
3 2198 2197 2175 
3 2198 2199 2200 
3 2203 2202 2201 
3 2181 2201 2202 
3 2181 2180 2201 
3 2180 2204 2201 
3 2204 2180 2174 
3 2196 2204 2174 
3 2199 2177 2182 
3 2200 2199 2182 
3 2200 2182 2205 
3 2205 2182 2183 
3 2202 2203 2205 
3 2202 2205 2184 
3 2184 2205 2183 
3 2202 2184 2181 
3 2208 2206 2185 
3 2208 2185 2207 
3 2207 2185 2186 
3 2207 2186 2209 
3 2186 2187 2209 
3 2187 2210 2209 
3 2189 2210 2187 
3 2212 2213 2211 
3 2212 2191 2213 
3 2191 2190 2213 
3 2211 2214 2212 
3 2210 2189 2192 
3 2215 2210 2192 
3 2215 2192 2216 
3 2192 2193 2216 
3 2218 2193 2194 
3 2218 2217 2193 
3 2217 2216 2193 
3 2217 2218 2219 
3 2212 2195 2191 
3 2195 2212 2214 
3 2195 2214 2196 
3 2196 2214 2220 
3 2218 2194 2197 
3 2219 2218 2197 
3 2219 2197 2221 
3 2221 2197 2198 
3 2198 2222 2221 
3 2200 2222 2198 
3 2203 2223 2224 
3 2201 2223 2203 
3 2223 2201 2225 
3 2201 2204 2225 
3 2225 2204 2196 
3 2220 2225 2196 
3 2222 2200 2205 
3 2226 2222 2205 
3 2226 2205 2203 
3 2224 2226 2203 
3 2227 2208 2207 
3 2229 2227 2207 
3 2229 2207 2228 
3 2228 2207 2209 
3 2231 2209 2210 
3 2231 2230 2209 
3 2230 2228 2209 
3 2230 2231 2232 
3 2234 2211 2213 
3 2233 2211 2234 
3 2211 2233 2235 
3 2214 2211 2235 
3 2231 2210 2215 
3 2232 2231 2215 
3 2232 2215 2236 
3 2236 2215 2216 
3 2236 2216 2237 
3 2216 2217 2237 
3 2217 2238 2237 
3 2219 2238 2217 
3 2241 2240 2239 
3 2239 2243 2242 
3 2240 2243 2239 
3 2242 2243 2220 
3 2242 2220 2235 
3 2235 2220 2214 
3 2238 2219 2221 
3 2244 2238 2221 
3 2246 2221 2222 
3 2246 2245 2221 
3 2245 2244 2221 
3 2240 2224 2223 
3 2241 2224 2240 
3 2241 2246 2224 
3 2241 2245 2246 
3 2243 2240 2223 
3 2225 2243 2223 
3 2243 2225 2220 
3 2246 2222 2226 
3 2246 2226 2224 
3 2247 2229 2228 
3 2249 2247 2228 
3 2249 2228 2248 
3 2248 2228 2230 
3 2251 2230 2232 
3 2251 2250 2230 
3 2250 2248 2230 
3 2250 2251 2252 
3 2254 2233 2234 
3 2253 2233 2254 
3 2233 2253 2255 
3 2235 2233 2255 
3 2251 2232 2236 
3 2252 2251 2236 
3 2252 2236 2256 
3 2256 2236 2237 
3 2258 2237 2238 
3 2258 2257 2237 
3 2257 2256 2237 
3 2257 2258 2259 
3 2239 2260 2241 
3 2242 2260 2239 
3 2261 2260 2242 
3 2261 2242 2235 
3 2261 2235 2262 
3 2262 2235 2255 
3 2258 2238 2244 
3 2259 2258 2244 
3 2259 2244 2263 
3 2263 2244 2245 
3 2241 2260 2264 
3 2241 2264 2245 
3 2245 2264 2263 
3 2260 2261 2265 
3 2264 2260 2265 
3 2261 2262 2265 
3 2267 2249 2248 
3 2266 2267 2248 
3 2266 2248 2268 
3 2248 2250 2268 
3 2250 2269 2268 
3 2252 2269 2250 
3 2270 2253 2254 
3 2253 2270 2271 
3 2253 2271 2255 
3 2255 2271 2272 
3 2269 2252 2256 
3 2273 2269 2256 
3 2273 2256 2274 
3 2256 2257 2274 
3 2257 2275 2274 
3 2259 2275 2257 
3 2278 2277 2276 
3 2276 2280 2279 
3 2277 2280 2276 
3 2279 2280 2262 
3 2279 2262 2272 
3 2272 2262 2255 
3 2275 2259 2263 
3 2281 2275 2263 
3 2277 2278 2281 
3 2277 2281 2264 
3 2264 2281 2263 
3 2280 2277 2264 
3 2265 2280 2264 
3 2280 2265 2262 
3 2282 2267 2266 
3 2284 2282 2266 
3 2284 2266 2283 
3 2283 2266 2268 
3 2286 2268 2269 
3 2286 2285 2268 
3 2285 2283 2268 
3 2285 2286 2287 
3 2289 2290 2288 
3 2289 2272 2290 
3 2272 2271 2290 
3 2288 2291 2289 
3 2286 2269 2273 
3 2287 2286 2273 
3 2287 2273 2292 
3 2292 2273 2274 
3 2294 2274 2275 
3 2294 2293 2274 
3 2293 2292 2274 
3 2278 2293 2294 
3 2278 2276 2293 
3 2276 2295 2293 
3 2295 2276 2296 
3 2276 2279 2296 
3 2272 2289 2297 
3 2272 2297 2279 
3 2279 2297 2296 
3 2289 2291 2297 
3 2294 2275 2281 
3 2294 2281 2278 
3 2298 2284 2283 
3 2300 2298 2283 
3 2300 2283 2299 
3 2299 2283 2285 
3 2302 2285 2287 
3 2302 2301 2285 
3 2301 2299 2285 
3 2301 2302 2303 
3 2305 2288 2290 
3 2304 2288 2305 
3 2288 2304 2306 
3 2291 2288 2306 
3 2302 2287 2292 
3 2303 2302 2292 
3 2303 2292 2307 
3 2307 2292 2293 
3 2307 2293 2308 
3 2293 2295 2308 
3 2308 2295 2309 
3 2295 2296 2309 
3 2309 2296 2310 
3 2296 2297 2310 
3 2310 2297 2291 
3 2306 2310 2291 
3 2312 2300 2299 
3 2311 2312 2299 
3 2311 2299 2313 
3 2299 2301 2313 
3 2301 2314 2313 
3 2303 2314 2301 
3 2304 2318 2317 
3 2304 2305 2318 
3 2316 2318 2315 
3 2315 2318 2305 
3 2316 2315 2319 
3 2317 2306 2304 
3 2314 2303 2307 
3 2320 2314 2307 
3 2320 2307 2321 
3 2307 2308 2321 
3 2321 2308 2322 
3 2308 2309 2322 
3 2317 2318 2322 
3 2317 2322 2310 
3 2310 2322 2309 
3 2317 2310 2306 
3 2323 2312 2311 
3 2325 2323 2311 
3 2325 2311 2324 
3 2324 2311 2313 
3 2313 2326 2324 
3 2314 2326 2313 
3 2329 2328 2327 
3 2327 2331 2330 
3 2328 2331 2327 
3 2332 2318 2316 
3 2333 2318 2332 
3 2333 2331 2318 
3 2333 2330 2331 
3 2332 2316 2319 
3 2326 2314 2320 
3 2334 2326 2320 
3 2328 2329 2334 
3 2328 2334 2321 
3 2321 2334 2320 
3 2331 2328 2321 
3 2322 2331 2321 
3 2331 2322 2318 
3 2336 2325 2324 
3 2335 2336 2324 
3 2324 2337 2335 
3 2326 2337 2324 
3 2329 2338 2339 
3 2327 2338 2329 
3 2338 2327 2340 
3 2327 2330 2340 
3 2333 2341 2342 
3 2333 2342 2330 
3 2330 2342 2340 
3 2341 2343 2342 
3 2337 2326 2334 
3 2344 2337 2334 
3 2344 2334 2329 
3 2339 2344 2329 
3 2345 2336 2335 
3 2335 2337 2347 
3 2345 2335 2347 
3 2345 2347 2346 
3 2345 2346 2348 
3 2339 2346 2347 
3 2339 2338 2346 
3 2338 2349 2346 
3 2349 2338 2350 
3 2338 2340 2350 
3 2350 2340 2351 
3 2340 2342 2351 
3 2351 2342 2343 
3 2352 2351 2343 
3 2347 2337 2344 
3 2347 2344 2339 
3 2 2348 2346 
3 1 2 2346 
3 1 2346 4 
3 2346 2349 4 
3 4 2349 7 
3 2349 2350 7 
3 7 2350 10 
3 2350 2351 10 
3 2352 2353 12 
3 2352 12 2351 
3 2351 12 10 
3 2353 13 12 
3 2356 2354 2355 
3 2354 2357 2355 
3 2356 2355 2358 
3 2355 2357 2358 
3 2356 2360 2359 
3 2354 2356 2359 
3 2362 2357 2354 
3 2362 2354 2361 
3 2361 2354 2359 
3 2360 2356 2358 
3 2363 2360 2358 
3 2357 2362 2364 
3 2357 2364 2358 
3 2358 2364 2363 
3 2367 2365 2366 
3 2360 2368 2359 
3 2368 2369 2367 
3 2368 2367 2361 
3 2368 2361 2359 
3 2361 2367 2366 
3 2368 2360 2363 
3 2368 2363 2364 
3 2368 2364 2371 
3 2368 2371 2369 
3 2370 2371 2364 
3 2373 2371 2370 
3 2372 2373 2370 
3 2373 2372 2374 
3 2377 2375 2376 
3 2367 2376 2375 
3 2367 2375 2365 
3 2365 2375 2378 
3 2377 2376 2379 
3 2376 2380 2379 
3 2376 2367 2380 
3 2367 2369 2380 
3 2380 2369 2381 
3 2381 2369 2371 
3 2383 2382 2381 
3 2383 2381 2373 
3 2373 2381 2371 
3 2383 2373 2374 
3 2377 2385 2384 
3 2375 2377 2384 
3 2384 2386 2375 
3 2375 2386 2378 
3 2385 2377 2379 
3 2387 2385 2379 
3 2379 2388 2387 
3 2380 2388 2379 
3 2388 2380 2389 
3 2389 2380 2381 
3 2389 2381 2382 
3 2390 2389 2382 
3 2385 2392 2391 
3 2384 2385 2391 
3 2391 2393 2384 
3 2384 2393 2386 
3 2392 2385 2387 
3 2394 2392 2387 
3 2387 2395 2394 
3 2388 2395 2387 
3 2395 2388 2396 
3 2396 2388 2389 
3 2396 2389 2390 
3 2397 2396 2390 
3 2400 2398 2399 
3 2398 2401 2399 
3 2399 2391 2392 
3 2399 2392 2400 
3 2400 2392 2402 
3 2401 2391 2399 
3 2401 2403 2391 
3 2403 2393 2391 
3 2402 2392 2394 
3 2404 2402 2394 
3 2406 2394 2395 
3 2406 2405 2394 
3 2405 2404 2394 
3 2407 2406 2395 
3 2396 2407 2395 
3 2407 2396 2397 
3 2400 2031 2029 
3 2398 2400 2029 
3 2408 2401 2398 
3 2408 2398 765 
3 765 2398 2029 
3 2409 2033 2031 
3 2409 2031 2402 
3 2402 2031 2400 
3 2033 2409 2035 
3 2401 2408 2403 
3 2409 2402 2404 
3 2035 2409 2404 
3 2035 2404 777 
3 777 2404 2405 
3 186 2410 184 
3 2410 188 184 
3 186 219 2411 
3 2410 186 2411 
3 2410 2411 220 
3 188 2410 220 
3 219 251 2412 
3 219 2412 2411 
3 2411 2412 2413 
3 2411 2413 252 
3 220 2411 252 
3 290 288 2413 
3 290 2413 2414 
3 2414 2413 2412 
3 2413 288 252 
3 321 290 2414 
3 321 2414 2416 
3 2416 2414 2415 
3 2416 323 321 
3 2417 2418 2415 
3 2415 2418 2416 
3 2416 2418 348 
3 323 2416 348 
3 2419 2421 2422 
3 2420 2419 2422 
3 2421 2423 2424 
3 2422 2421 2424 
3 2423 2425 2424 
3 2422 2417 2420 
3 2418 2417 2422 
3 2418 375 348 
3 2418 2422 375 
3 2422 2424 375 
3 2425 378 375 
3 2424 2425 375 
3 2426 2428 2427 
3 2428 2419 2427 
3 2428 2429 2419 
3 2429 2421 2419 
3 2429 2430 2421 
3 2421 2430 2423 
3 2423 2430 2431 
3 2425 2423 2431 
3 406 2431 2432 
3 406 378 2431 
3 378 2425 2431 
3 2432 409 406 
3 2426 2433 2434 
3 2428 2426 2434 
3 2434 2429 2428 
3 2435 2429 2434 
3 2435 2436 2429 
3 2429 2436 2430 
3 2430 2436 2437 
3 2431 2430 2437 
3 2437 2432 2431 
3 2438 2432 2437 
3 2432 2438 435 
3 409 2432 435 
3 2433 2439 2440 
3 2434 2433 2440 
3 2440 2435 2434 
3 2441 2435 2440 
3 2441 2442 2435 
3 2435 2442 2436 
3 2436 2442 2443 
3 2437 2436 2443 
3 2443 2438 2437 
3 2444 2438 2443 
3 2438 2444 460 
3 435 2438 460 
3 2447 2440 2439 
3 2447 2439 2446 
3 2446 2439 2445 
3 2446 2448 2447 
3 2447 2441 2440 
3 2448 2441 2447 
3 2448 2449 2441 
3 2449 2442 2441 
3 2442 2449 2450 
3 2443 2442 2450 
3 2450 2444 2443 
3 2451 2444 2450 
3 486 460 2444 
3 486 2444 2452 
3 2452 2444 2451 
3 2452 488 486 
3 2453 2454 2445 
3 2445 2454 2446 
3 2446 2454 2455 
3 2448 2446 2455 
3 2455 2449 2448 
3 2456 2449 2455 
3 2449 2456 2457 
3 2450 2449 2457 
3 2457 2451 2450 
3 2458 2451 2457 
3 2458 2459 2451 
3 2451 2459 2452 
3 2452 2459 520 
3 488 2452 520 
3 2463 2464 2461 
3 2463 2461 2462 
3 2462 2461 2460 
3 2462 2465 2463 
3 2463 2466 2464 
3 2465 2466 2463 
3 2465 2467 2466 
3 2467 2468 2466 
3 2470 2471 2468 
3 2470 2468 2469 
3 2469 2468 2467 
3 2469 2472 2470 
3 2470 2473 2471 
3 2472 2473 2470 
3 2472 2474 2473 
3 2474 2475 2473 
3 2477 2478 2475 
3 2477 2475 2476 
3 2476 2475 2474 
3 2476 2479 2477 
3 2477 2480 2478 
3 2480 2482 2483 
3 2477 2482 2480 
3 2477 2481 2482 
3 2477 2479 2481 
3 2481 2484 2485 
3 2482 2481 2485 
3 2484 2486 2485 
3 2482 2487 2483 
3 2485 2487 2482 
3 2488 2487 2485 
3 2486 2488 2485 
3 2486 2489 2488 
3 2489 2490 2488 
3 2489 2491 2490 
3 2490 2491 2492 
3 2492 2491 2493 
3 2494 2492 2493 
3 2498 2496 2499 
3 2498 2497 2496 
3 2497 2495 2496 
3 2497 2498 2500 
3 2493 2501 2494 
3 2501 2502 2494 
3 2498 2499 2503 
3 2500 2498 2503 
3 2500 2503 2504 
3 2504 2503 2505 
3 2504 2505 2506 
3 2505 2507 2506 
3 2506 2507 2508 
3 2507 2509 2508 
3 2508 2509 2510 
3 2509 2511 2510 
3 2511 2512 2510 
3 2513 2512 2511 
3 2501 2515 2502 
3 2514 2515 2501 
3 2515 2514 2516 
3 2517 2515 2516 
3 2512 2513 2519 
3 2518 2512 2519 
3 0 2519 2 
3 0 2520 2519 
3 2520 2518 2519 
3 2520 0 5 
3 8 6 2521 
3 2521 9 2522 
3 6 9 2521 
3 2522 9 11 
3 2522 11 2517 
3 2522 2517 2516 
3 2517 11 2523 
3 2523 11 13 
3 2524 2526 2525 
3 2526 2460 2525 
3 2526 2527 2460 
3 2527 2462 2460 
3 2529 2465 2462 
3 2529 2462 2528 
3 2528 2462 2527 
3 2528 2530 2529 
3 2529 2467 2465 
3 2530 2467 2529 
3 2530 2531 2467 
3 2531 2469 2467 
3 2533 2472 2469 
3 2533 2469 2532 
3 2532 2469 2531 
3 2532 2534 2533 
3 2533 2474 2472 
3 2534 2474 2533 
3 2534 2535 2474 
3 2535 2476 2474 
3 2537 2479 2476 
3 2537 2476 2536 
3 2536 2476 2535 
3 2536 2538 2537 
3 2541 2539 2540 
3 2539 2542 2540 
3 2537 2481 2479 
3 2538 2481 2537 
3 2538 2543 2481 
3 2543 2484 2481 
3 2541 2540 2544 
3 2541 2544 2484 
3 2541 2484 2543 
3 2486 2484 2544 
3 2542 2545 2546 
3 2542 2546 2540 
3 2540 2546 2544 
3 2545 2547 2546 
3 2544 2489 2486 
3 2546 2489 2544 
3 2491 2489 2546 
3 2491 2546 2547 
3 2491 2547 2493 
3 2493 2547 2548 
3 2549 2495 2550 
3 2495 2497 2550 
3 2497 2551 2550 
3 2500 2551 2497 
3 2553 2548 2552 
3 2553 2501 2548 
3 2501 2493 2548 
3 2552 2554 2553 
3 2551 2500 2504 
3 2555 2551 2504 
3 2555 2504 2556 
3 2504 2506 2556 
3 2556 2506 2557 
3 2506 2508 2557 
3 2559 2510 2558 
3 2559 2557 2510 
3 2557 2508 2510 
3 2510 2512 2558 
3 2553 2514 2501 
3 2514 2553 2554 
3 2514 2554 2516 
3 2516 2554 2560 
3 2559 2558 2561 
3 2558 2512 2518 
3 2558 2518 2561 
3 2561 2518 2562 
3 2562 2518 2563 
3 2518 2520 2563 
3 14 2520 5 
3 14 2564 2520 
3 2564 2563 2520 
3 8 2564 14 
3 8 2521 2564 
3 2521 2565 2564 
3 2565 2521 2566 
3 2521 2522 2566 
3 2566 2522 2516 
3 2560 2566 2516 
3 2524 2567 2568 
3 2526 2524 2568 
3 2568 2527 2526 
3 2569 2527 2568 
3 2569 2570 2527 
3 2527 2570 2528 
3 2528 2570 2571 
3 2530 2528 2571 
3 2571 2531 2530 
3 2572 2531 2571 
3 2572 2573 2531 
3 2531 2573 2532 
3 2532 2573 2574 
3 2534 2532 2574 
3 2574 2535 2534 
3 2575 2535 2574 
3 2575 2576 2535 
3 2535 2576 2536 
3 2536 2576 2577 
3 2538 2536 2577 
3 2539 2541 2578 
3 2539 2578 2542 
3 2577 2543 2538 
3 2579 2543 2577 
3 2541 2580 2578 
3 2541 2543 2580 
3 2543 2579 2580 
3 2578 2545 2542 
3 2578 2580 2545 
3 2580 2581 2545 
3 2545 2581 2582 
3 2547 2545 2582 
3 2582 2583 2547 
3 2583 2548 2547 
3 2584 2549 2585 
3 2549 2550 2585 
3 2587 2550 2551 
3 2587 2586 2550 
3 2586 2585 2550 
3 2586 2587 2588 
3 2583 2552 2548 
3 2589 2552 2583 
3 2552 2589 2590 
3 2554 2552 2590 
3 2587 2551 2555 
3 2588 2587 2555 
3 2588 2555 2591 
3 2591 2555 2556 
3 2593 2557 2592 
3 2593 2591 2557 
3 2591 2556 2557 
3 2557 2559 2592 
3 2596 2595 2594 
3 2594 2595 2590 
3 2590 2595 2560 
3 2590 2560 2554 
3 2593 2592 2597 
3 2592 2559 2561 
3 2592 2561 2597 
3 2597 2561 2598 
3 2598 2561 2599 
3 2561 2562 2599 
3 17 2563 15 
3 17 2599 2563 
3 2599 2562 2563 
3 15 2600 18 
3 15 2563 2600 
3 2563 2564 2600 
3 2600 2564 2601 
3 2564 2565 2601 
3 2595 2596 2601 
3 2595 2601 2566 
3 2566 2601 2565 
3 2595 2566 2560 
3 2567 2602 2568 
3 2602 2569 2568 
3 2602 2603 2569 
3 2603 2604 2569 
3 2604 2605 2569 
3 2569 2605 2570 
3 2570 2605 2606 
3 2571 2570 2606 
3 2606 2572 2571 
3 2607 2572 2606 
3 2607 2608 2572 
3 2572 2608 2573 
3 2573 2608 2609 
3 2574 2573 2609 
3 2609 2575 2574 
3 2610 2575 2609 
3 2610 2611 2575 
3 2575 2611 2576 
3 2613 2577 2576 
3 2613 2576 2612 
3 2612 2576 2611 
3 2612 2614 2613 
3 2613 2579 2577 
3 2614 2579 2613 
3 2614 2615 2579 
3 2615 2580 2579 
3 2615 2616 2580 
3 2580 2616 2581 
3 2581 2616 2617 
3 2582 2581 2617 
3 2617 2618 2582 
3 2618 2583 2582 
3 2619 2584 2620 
3 2584 2585 2620 
3 2620 2585 2621 
3 2585 2586 2621 
3 2586 2622 2621 
3 2588 2622 2586 
3 2618 2589 2583 
3 2623 2589 2618 
3 2589 2623 2624 
3 2590 2589 2624 
3 2622 2588 2591 
3 2625 2622 2591 
3 2591 2626 2625 
3 2593 2626 2591 
3 2594 2627 2596 
3 2627 2594 2628 
3 2628 2594 2590 
3 2628 2590 2624 
3 2626 2593 2597 
3 2629 2626 2597 
3 21 2598 19 
3 21 2629 2598 
3 2629 2597 2598 
3 19 2630 22 
3 19 2598 2630 
3 2598 2599 2630 
3 2599 24 2630 
3 17 24 2599 
3 18 2631 25 
3 2600 2631 18 
3 2631 2600 2632 
3 2600 2601 2632 
3 2596 2627 2633 
3 2596 2633 2601 
3 2601 2633 2632 
3 2627 2628 2633 
3 2604 2603 2634 
3 2635 2604 2634 
3 2605 2604 2635 
3 2636 2605 2635 
3 2605 2636 2606 
3 2634 2637 2635 
3 2635 2637 2638 
3 2635 2638 2636 
3 2636 2638 2639 
3 2607 2606 2636 
3 2607 2636 2640 
3 2640 2636 2639 
3 2608 2607 2640 
3 2641 2608 2640 
3 2608 2641 2609 
3 2637 2642 2638 
3 2638 2642 2643 
3 2638 2643 2639 
3 2639 2643 2644 
3 2639 2644 2640 
3 2640 2644 2645 
3 2646 2645 2647 
3 2646 2641 2645 
3 2641 2640 2645 
3 2649 2648 2610 
3 2646 2649 2610 
3 2646 2610 2609 
3 2646 2609 2641 
3 2611 2610 2648 
3 2650 2611 2648 
3 2612 2611 2650 
3 2651 2612 2650 
3 2612 2651 2614 
3 2642 2652 2643 
3 2643 2652 2653 
3 2643 2653 2644 
3 2644 2653 2654 
3 2644 2654 2645 
3 2645 2654 2655 
3 2647 2657 2656 
3 2647 2645 2657 
3 2645 2655 2657 
3 2658 2657 2659 
3 2658 2648 2657 
3 2656 2657 2649 
3 2649 2657 2648 
3 2648 2660 2650 
3 2658 2660 2648 
3 2650 2661 2651 
3 2660 2661 2650 
3 2663 2662 2615 
3 2661 2663 2615 
3 2661 2615 2614 
3 2661 2614 2651 
3 2616 2615 2662 
3 2664 2616 2662 
3 2616 2664 2617 
3 2652 2665 2653 
3 2653 2665 2666 
3 2667 2666 2668 
3 2667 2654 2666 
3 2654 2653 2666 
3 2654 2669 2655 
3 2667 2669 2654 
3 2655 2670 2657 
3 2669 2670 2655 
3 2657 2670 2659 
3 2663 2671 2662 
3 2673 2662 2671 
3 2673 2672 2662 
3 2672 2664 2662 
3 2664 2672 2618 
3 2617 2664 2618 
3 2666 2665 2619 
3 2620 2666 2619 
3 2668 2666 2620 
3 2668 2620 2674 
3 2674 2620 2621 
3 2676 2621 2622 
3 2676 2675 2621 
3 2675 2674 2621 
3 2675 2676 2677 
3 2680 2679 2678 
3 2678 2682 2681 
3 2679 2682 2678 
3 2681 2684 2683 
3 2682 2684 2681 
3 2683 2672 2673 
3 2683 2684 2672 
3 2684 2685 2672 
3 2623 2618 2672 
3 2623 2672 2686 
3 2686 2672 2685 
3 2623 2686 2624 
3 2676 2622 2625 
3 2625 2677 2676 
3 2625 2626 2677 
3 2626 2687 2677 
3 2689 2679 2680 
3 2688 2679 2689 
3 2679 2688 2682 
3 2682 2688 2690 
3 2682 2690 2684 
3 2684 2690 2691 
3 2684 2691 2685 
3 2685 2691 2692 
3 2685 2692 2686 
3 2686 2692 2693 
3 2686 2693 2628 
3 2624 2686 2628 
3 2629 26 28 
3 2629 28 2626 
3 2626 28 2687 
3 2629 21 26 
3 2688 22 2630 
3 2688 2689 22 
3 2689 30 22 
3 2630 24 31 
3 2630 31 2688 
3 2688 31 2690 
3 25 2631 2691 
3 25 2691 31 
3 31 2691 2690 
3 2692 2691 2631 
3 2632 2692 2631 
3 2693 2692 2632 
3 2633 2693 2632 
3 2693 2633 2628 
3 2646 2647 2694 
3 2646 2694 2649 
3 2694 2647 2656 
3 2656 2649 2694 
3 2659 2695 2658 
3 2660 2658 2695 
3 2696 2660 2695 
3 2661 2660 2696 
3 2697 2661 2696 
3 2661 2697 2663 
3 2667 2668 2698 
3 2669 2667 2698 
3 2699 2669 2698 
3 2670 2669 2699 
3 2700 2670 2699 
3 2659 2670 2700 
3 2659 2700 2695 
3 2695 2700 2701 
3 2695 2701 2696 
3 2696 2701 2702 
3 2696 2702 2697 
3 2697 2702 2703 
3 2671 2663 2697 
3 2671 2697 2704 
3 2704 2697 2703 
3 2671 2704 2673 
3 2698 2668 2674 
3 2699 2698 2674 
3 2675 2699 2674 
3 2675 2677 2705 
3 2675 2705 2699 
3 2699 2705 2700 
3 2700 2705 2701 
3 2701 2705 2706 
3 2680 2678 2702 
3 2680 2702 2706 
3 2706 2702 2701 
3 2703 2702 2678 
3 2681 2703 2678 
3 2704 2703 2681 
3 2683 2704 2681 
3 2704 2683 2673 
3 2707 2705 2677 
3 2687 2707 2677 
3 2705 2707 2706 
3 2706 2707 2708 
3 2706 2708 2689 
3 2680 2706 2689 
3 32 2707 2687 
3 28 32 2687 
3 2707 32 2708 
3 2708 32 33 
3 2708 33 30 
3 2689 2708 30 
3 2712 2711 2710 
3 2709 2712 2710 
3 2710 2713 2709 
3 2714 2713 2710 
3 2715 2716 2717 
3 2713 2714 2719 
3 2718 2713 2719 
3 2722 2721 2720 
3 2722 2718 2721 
3 2718 2719 2721 
3 2721 2723 2720 
3 2722 2720 2724 
3 2720 2725 2724 
3 2720 2723 2725 
3 2723 2726 2725 
3 2725 2726 2728 
3 2727 2725 2728 
3 2728 2729 2727 
3 2730 2729 2728 
3 2729 2730 2732 
3 2731 2729 2732 
3 2732 2733 2731 
3 2734 2733 2732 
3 2733 2734 2736 
3 2735 2733 2736 
3 2735 2736 2737 
3 2736 2738 2737 
3 2740 2738 2741 
3 2740 2739 2738 
3 2739 2737 2738 
3 2745 2739 2740 
3 2745 2743 2739 
3 2744 2739 2742 
3 2742 2739 2743 
3 2740 2741 2746 
3 2744 2742 2747 
3 2740 2746 2745 
3 2749 2712 2709 
3 2748 2749 2709 
3 2751 2709 2713 
3 2751 2750 2709 
3 2750 2748 2709 
3 2750 2751 2752 
3 2751 2713 2718 
3 2718 2752 2751 
3 2718 2722 2752 
3 2722 2753 2752 
3 2753 2722 2724 
3 2754 2753 2724 
3 2756 2724 2725 
3 2756 2755 2724 
3 2755 2754 2724 
3 2755 2758 2757 
3 2756 2758 2755 
3 2757 2758 2759 
3 2756 2725 2727 
3 2727 2729 2760 
3 2727 2760 2756 
3 2756 2760 2758 
3 2759 2760 2761 
3 2758 2760 2759 
3 2760 2729 2731 
3 2731 2733 2763 
3 2760 2731 2763 
3 2760 2763 2762 
3 2760 2762 2761 
3 2762 2763 2764 
3 2763 2733 2735 
3 2764 2763 2735 
3 2764 2735 2765 
3 2765 2735 2737 
3 2767 2739 2766 
3 2767 2765 2739 
3 2765 2737 2739 
3 2739 2744 2766 
3 2767 2766 2768 
3 2766 2744 2747 
3 2766 2747 2768 
3 2768 2747 2769 
3 2770 2749 2748 
3 2772 2770 2748 
3 2772 2748 2771 
3 2771 2748 2750 
3 2775 2774 2773 
3 2775 2750 2774 
3 2775 2771 2750 
3 2752 2774 2750 
3 2778 2777 2776 
3 2778 2773 2777 
3 2773 2774 2777 
3 2776 2780 2779 
3 2777 2780 2776 
3 2779 2780 2781 
3 2782 2774 2752 
3 2753 2782 2752 
3 2774 2782 2777 
3 2777 2782 2783 
3 2777 2783 2780 
3 2780 2783 2784 
3 2781 2784 2785 
3 2780 2784 2781 
3 2782 2753 2754 
3 2754 2755 2783 
3 2754 2783 2782 
3 2784 2783 2755 
3 2757 2784 2755 
3 2757 2785 2784 
3 2757 2759 2785 
3 2759 2786 2785 
3 2788 2787 2786 
3 2788 2786 2761 
3 2761 2786 2759 
3 2787 2788 2789 
3 2788 2761 2762 
3 2762 2789 2788 
3 2762 2764 2789 
3 2764 2790 2789 
3 2790 2764 2765 
3 2791 2790 2765 
3 2793 2765 2767 
3 2793 2792 2765 
3 2792 2791 2765 
3 2792 2793 2794 
3 2793 2767 2768 
3 2794 2793 2768 
3 2794 2768 2795 
3 2795 2768 2769 
3 2796 2772 2771 
3 2796 2771 2775 
3 2797 2778 2776 
3 2798 2797 2776 
3 2779 2798 2776 
3 2779 2781 2800 
3 2779 2800 2798 
3 2798 2800 2799 
3 2799 2800 2801 
3 2801 2800 2802 
3 2801 2802 2803 
3 2803 2802 2804 
3 2803 2804 2805 
3 2805 2804 2806 
3 2807 2800 2781 
3 2785 2807 2781 
3 2808 2807 2809 
3 2808 2802 2807 
3 2802 2800 2807 
3 2811 2802 2808 
3 2811 2810 2802 
3 2810 2804 2802 
3 2804 2810 2806 
3 2806 2810 2812 
3 2813 2807 2785 
3 2786 2813 2785 
3 2809 2813 2814 
3 2807 2813 2809 
3 2811 2815 2810 
3 2810 2816 2812 
3 2815 2816 2810 
3 2813 2786 2787 
3 2787 2789 2818 
3 2813 2787 2818 
3 2813 2818 2817 
3 2813 2817 2814 
3 2817 2818 2819 
3 2820 2818 2789 
3 2790 2820 2789 
3 2819 2822 2821 
3 2819 2818 2822 
3 2818 2820 2822 
3 2821 2822 2823 
3 2820 2790 2791 
3 2822 2820 2791 
3 2792 2822 2791 
3 2792 2794 2825 
3 2822 2792 2825 
3 2822 2825 2824 
3 2822 2824 2823 
3 2825 2794 2795 
3 2808 2809 2826 
3 2808 2826 2811 
3 2827 2826 2809 
3 2814 2827 2809 
3 2815 2811 2826 
3 2815 2826 2828 
3 2828 2826 2827 
3 2816 2815 2828 
3 2829 2816 2828 
3 2827 2814 2817 
3 2817 2819 2830 
3 2817 2830 2827 
3 2827 2830 2828 
3 2828 2830 2829 
3 2829 2830 2831 
3 2830 2819 2821 
3 2821 2823 2832 
3 2821 2832 2830 
3 2830 2832 2831 
3 2832 2823 2824 
3 2833 2835 2836 
3 2834 2833 2836 
3 2835 2837 2838 
3 2836 2835 2838 
3 2837 2839 2838 
3 2834 2836 2841 
3 2840 2834 2841 
3 2836 2838 2842 
3 2841 2836 2842 
3 2839 2842 2838 
3 2843 2844 2845 
3 2843 2846 2847 
3 2844 2843 2847 
3 2846 2848 2847 
3 2845 2844 2849 
3 2844 2847 2850 
3 2849 2844 2850 
3 2847 2848 2850 
3 2851 2853 2852 
3 2853 2855 2856 
3 2853 2856 2852 
3 2852 2856 2854 
3 2855 2857 2858 
3 2856 2855 2858 
3 2857 2859 2858 
3 2854 2856 2860 
3 2856 2861 2860 
3 2856 2858 2861 
3 2858 2862 2861 
3 2859 2863 2864 
3 2859 2864 2858 
3 2858 2864 2862 
3 2863 2865 2866 
3 2864 2863 2866 
3 2865 2867 2866 
3 2861 2833 2860 
3 2835 2833 2861 
3 2862 2835 2861 
3 2837 2835 2862 
3 2837 2868 2839 
3 2837 2862 2868 
3 2862 2864 2868 
3 2864 2866 2868 
3 2866 2869 2868 
3 2867 2870 2871 
3 2867 2871 2866 
3 2866 2871 2869 
3 2870 2872 2873 
3 2871 2870 2873 
3 2872 2874 2873 
3 2875 2840 2876 
3 2840 2841 2876 
3 2878 2842 2877 
3 2878 2876 2842 
3 2876 2841 2842 
3 2845 2868 2843 
3 2845 2877 2868 
3 2839 2868 2842 
3 2842 2868 2877 
3 2869 2843 2868 
3 2846 2843 2869 
3 2846 2879 2848 
3 2846 2869 2879 
3 2869 2871 2879 
3 2871 2873 2879 
3 2873 2880 2879 
3 2874 2881 2882 
3 2874 2882 2873 
3 2873 2882 2880 
3 2881 2883 2884 
3 2882 2881 2884 
3 2883 2885 2884 
3 2878 2877 2886 
3 2877 2845 2849 
3 2877 2849 2886 
3 2886 2849 2887 
3 2889 2850 2888 
3 2889 2887 2850 
3 2887 2849 2850 
3 2848 2888 2850 
3 2848 2879 2888 
3 2879 2890 2888 
3 2879 2880 2890 
3 2880 2891 2890 
3 2880 2882 2891 
3 2882 2892 2891 
3 2882 2884 2892 
3 2884 2893 2892 
3 2885 2894 2895 
3 2885 2895 2884 
3 2884 2895 2893 
3 2894 2896 2897 
3 2895 2894 2897 
3 2896 2898 2897 
3 2901 2853 2851 
3 2901 2851 2900 
3 2900 2851 2899 
3 2900 2902 2901 
3 2901 2855 2853 
3 2902 2855 2901 
3 2902 2903 2855 
3 2903 2857 2855 
3 2857 2903 2904 
3 2859 2857 2904 
3 2904 2863 2859 
3 2905 2863 2904 
3 2905 2906 2863 
3 2863 2906 2865 
3 2908 2867 2865 
3 2908 2865 2907 
3 2907 2865 2906 
3 2907 2909 2908 
3 2908 2870 2867 
3 2909 2870 2908 
3 2909 2910 2870 
3 2910 2872 2870 
3 2912 2874 2872 
3 2912 2872 2911 
3 2911 2872 2910 
3 2911 2913 2912 
3 2914 2875 2915 
3 2875 2876 2915 
3 2876 2916 2915 
3 2878 2916 2876 
3 2912 2881 2874 
3 2913 2881 2912 
3 2913 2917 2881 
3 2917 2883 2881 
3 2919 2885 2883 
3 2919 2883 2918 
3 2918 2883 2917 
3 2918 2920 2919 
3 2916 2878 2886 
3 2921 2916 2886 
3 2921 2886 2922 
3 2886 2887 2922 
3 2887 2923 2922 
3 2889 2923 2887 
3 2919 2894 2885 
3 2920 2894 2919 
3 2920 2924 2894 
3 2924 2896 2894 
3 2926 2898 2896 
3 2926 2896 2925 
3 2925 2896 2924 
3 2925 2927 2926 
3 2930 2929 2900 
3 2930 2900 2928 
3 2928 2900 2899 
3 2900 2929 2902 
3 2930 2931 2929 
3 2929 2903 2902 
3 2929 2931 2903 
3 2931 2932 2903 
3 2903 2932 2933 
3 2904 2903 2933 
3 2933 2905 2904 
3 2934 2905 2933 
3 2934 2935 2905 
3 2905 2935 2906 
3 2935 2936 2906 
3 2906 2936 2907 
3 2907 2936 2937 
3 2909 2907 2937 
3 2937 2910 2909 
3 2938 2910 2937 
3 2938 2939 2910 
3 2910 2939 2911 
3 2911 2939 2940 
3 2913 2911 2940 
3 2915 2941 2914 
3 2942 2941 2915 
3 2915 2916 2942 
3 2940 2917 2913 
3 2943 2917 2940 
3 2943 2944 2917 
3 2917 2944 2918 
3 2918 2944 2945 
3 2920 2918 2945 
3 2941 2942 2947 
3 2946 2941 2947 
3 2942 2916 2921 
3 2942 2921 2947 
3 2947 2921 2948 
3 2948 2921 2949 
3 2921 2922 2949 
3 2922 2950 2949 
3 2923 2950 2922 
3 2945 2924 2920 
3 2951 2924 2945 
3 2951 2952 2924 
3 2924 2952 2925 
3 2954 2927 2925 
3 2954 2925 2953 
3 2953 2925 2952 
3 2953 2955 2954 
3 2928 2956 2957 
3 2930 2928 2957 
3 2957 2931 2930 
3 2958 2931 2957 
3 2960 2959 2932 
3 2960 2932 2958 
3 2958 2932 2931 
3 2932 2959 2933 
3 2960 2961 2959 
3 2959 2934 2933 
3 2959 2961 2934 
3 2961 2962 2934 
3 2964 2963 2935 
3 2964 2935 2962 
3 2962 2935 2934 
3 2936 2935 2963 
3 2965 2936 2963 
3 2936 2965 2937 
3 2964 2966 2963 
3 2963 2967 2965 
3 2966 2967 2963 
3 2965 2938 2937 
3 2965 2967 2938 
3 2967 2968 2938 
3 2970 2969 2939 
3 2970 2939 2968 
3 2968 2939 2938 
3 2939 2969 2940 
3 2971 2972 2973 
3 2970 2974 2969 
3 2969 2943 2940 
3 2969 2974 2943 
3 2974 2975 2943 
3 2975 2976 2943 
3 2943 2976 2944 
3 2944 2976 2977 
3 2945 2944 2977 
3 2973 2972 2946 
3 2973 2946 2978 
3 2978 2946 2947 
3 2978 2947 2979 
3 2947 2948 2979 
3 2979 2948 2980 
3 2948 2949 2980 
3 2949 2981 2980 
3 2950 2981 2949 
3 2977 2951 2945 
3 2982 2951 2977 
3 2982 2983 2951 
3 2951 2983 2952 
3 2983 2984 2952 
3 2952 2984 2953 
3 2953 2984 2985 
3 2955 2953 2985 
3 2956 2986 2987 
3 2957 2956 2987 
3 2987 2958 2957 
3 2988 2958 2987 
3 2990 2960 2958 
3 2990 2958 2989 
3 2989 2958 2988 
3 2989 2991 2990 
3 2990 2961 2960 
3 2991 2961 2990 
3 2991 2992 2961 
3 2992 2962 2961 
3 2962 2992 2993 
3 2964 2962 2993 
3 2993 2966 2964 
3 2994 2966 2993 
3 2994 2995 2966 
3 2966 2995 2967 
3 2997 2996 2968 
3 2997 2968 2995 
3 2995 2968 2967 
3 2968 2996 2970 
3 2971 2999 2998 
3 2973 2999 2971 
3 2997 3000 2996 
3 2996 2974 2970 
3 2996 3000 2974 
3 3000 3001 2974 
3 3001 3002 2974 
3 2974 3002 2975 
3 3002 3003 2975 
3 2975 3003 2976 
3 3005 2977 2976 
3 3005 2976 3004 
3 3004 2976 3003 
3 3004 3006 3005 
3 2999 2973 2978 
3 3007 2999 2978 
3 3007 2978 3008 
3 2978 2979 3008 
3 3008 2979 3009 
3 2979 2980 3009 
3 2980 3010 3009 
3 2981 3010 2980 
3 3005 2982 2977 
3 3006 2982 3005 
3 3006 3011 2982 
3 3011 2983 2982 
3 3011 3012 2983 
3 2983 3012 2984 
3 2984 3012 3013 
3 2985 2984 3013 
3 3015 2987 2986 
3 3015 2986 3014 
3 3014 2986 857 
3 3014 3016 3015 
3 3015 2988 2987 
3 3016 2988 3015 
3 3016 3017 2988 
3 3017 2989 2988 
3 2989 3017 3018 
3 2991 2989 3018 
3 3018 2992 2991 
3 3019 2992 3018 
3 3021 2993 2992 
3 3021 2992 3020 
3 3020 2992 3019 
3 3020 3022 3021 
3 880 3023 3024 
3 3021 2994 2993 
3 3022 2994 3021 
3 3022 3025 2994 
3 3025 2995 2994 
3 2995 3025 3026 
3 2997 2995 3026 
3 2998 2999 3028 
3 3023 2998 3028 
3 3023 3028 3027 
3 3023 3027 3024 
3 3027 3028 3029 
3 3026 3000 2997 
3 3030 3000 3026 
3 3030 3031 3000 
3 3000 3031 3001 
3 3031 3032 3001 
3 3001 3032 3002 
3 3032 3033 3002 
3 3002 3033 3003 
3 3033 3034 3003 
3 3003 3034 3004 
3 3036 3006 3004 
3 3036 3004 3035 
3 3035 3004 3034 
3 3035 3037 3038 
3 3036 3035 3038 
3 3037 3039 3038 
3 3028 2999 3007 
3 3029 3028 3007 
3 3029 3007 3040 
3 3040 3007 3008 
3 3040 3008 3041 
3 3008 3009 3041 
3 3009 3042 3041 
3 3010 3042 3009 
3 3036 3011 3006 
3 3038 3011 3036 
3 3012 3011 3038 
3 3012 3044 3013 
3 3038 3044 3012 
3 3038 3043 3044 
3 3038 3039 3043 
3 3043 3045 3044 
3 3048 3046 3047 
3 3046 3049 3050 
3 3047 3046 3050 
3 3049 3051 3052 
3 3050 3049 3052 
3 3051 3053 3052 
3 3047 2078 2079 
3 3047 2079 3048 
3 3048 2079 3054 
3 3050 2078 3047 
3 2080 2078 3050 
3 3052 2080 3050 
3 2081 2080 3052 
3 2081 3056 2082 
3 3052 3056 2081 
3 3052 3055 3056 
3 3052 3053 3055 
3 3055 3057 3056 
3 3054 2079 3058 
3 3058 2079 1935 
3 3056 2083 2082 
3 2083 3056 3057 
3 2083 3057 1940 
3 1940 3057 3059 
3 3060 3046 3048 
3 3060 3062 3061 
3 3060 3061 3046 
3 3046 3061 3049 
3 3061 3063 3049 
3 3049 3063 3051 
3 3051 3063 3064 
3 3053 3051 3064 
3 3048 3066 3060 
3 3048 3054 3066 
3 3066 3065 3060 
3 3060 3065 3062 
3 3064 3055 3053 
3 3067 3055 3064 
3 3055 3067 3068 
3 3057 3055 3068 
3 3066 3054 3069 
3 3069 3054 3058 
3 3071 3068 3070 
3 3071 3059 3068 
3 3059 3057 3068 
3 3070 3072 3071 
3 3075 3073 3074 
3 3062 3074 3073 
3 3062 3073 3061 
3 3061 3073 3076 
3 3076 3077 3061 
3 3061 3077 3063 
3 3063 3077 3078 
3 3064 3063 3078 
3 3074 3065 3075 
3 3075 3065 3066 
3 3075 3066 3079 
3 3074 3062 3065 
3 3078 3067 3064 
3 3080 3067 3078 
3 3067 3080 3081 
3 3068 3067 3081 
3 3079 3066 3082 
3 3082 3066 3069 
3 3081 3070 3068 
3 3083 3070 3081 
3 3085 3072 3070 
3 3085 3070 3084 
3 3084 3070 3083 
3 3084 3086 3085 
3 3089 3087 3088 
3 3087 3090 3088 
3 3093 3091 3092 
3 3091 3094 3092 
3 3075 3096 3095 
3 3073 3075 3095 
3 3095 3097 3073 
3 3073 3097 3076 
3 3092 3097 3093 
3 3092 3077 3097 
3 3077 3076 3097 
3 3077 3092 3094 
3 3077 3094 3078 
3 3078 3094 3098 
3 3096 3075 3099 
3 3099 3075 3079 
3 3098 3080 3078 
3 3100 3080 3098 
3 3102 3081 3080 
3 3102 3080 3101 
3 3101 3080 3100 
3 3101 3103 3102 
3 3099 3079 3104 
3 3104 3079 3082 
3 3102 3083 3081 
3 3103 3083 3102 
3 3103 3105 3083 
3 3105 3084 3083 
3 3084 3105 3106 
3 3086 3084 3106 
3 3087 3089 3107 
3 3087 3107 3090 
3 3110 3108 3109 
3 3093 3109 3108 
3 3093 3108 3091 
3 3091 3108 3111 
3 3091 3111 3112 
3 3094 3091 3112 
3 3096 3114 3113 
3 3095 3096 3113 
3 3109 3113 3110 
3 3109 3097 3113 
3 3097 3095 3113 
3 3109 3093 3097 
3 3112 3115 3094 
3 3115 3098 3094 
3 3114 3096 3116 
3 3116 3096 3099 
3 3115 3100 3098 
3 3117 3100 3115 
3 3117 3118 3100 
3 3100 3118 3101 
3 3101 3118 3119 
3 3103 3101 3119 
3 3121 3120 3116 
3 3121 3116 3104 
3 3104 3116 3099 
3 3120 3121 3122 
3 3119 3105 3103 
3 3123 3105 3119 
3 3105 3123 3124 
3 3106 3105 3124 
3 3127 3125 3126 
3 3110 3126 3125 
3 3110 3125 3108 
3 3108 3125 3128 
3 3128 3129 3108 
3 3108 3129 3111 
3 3111 3129 3130 
3 3112 3111 3130 
3 3126 3113 3114 
3 3126 3114 3127 
3 3127 3114 3131 
3 3126 3110 3113 
3 3133 3130 3132 
3 3133 3115 3130 
3 3115 3112 3130 
3 3132 3134 3133 
3 3131 3114 3135 
3 3135 3114 3116 
3 3133 3117 3115 
3 3134 3117 3133 
3 3134 3136 3117 
3 3136 3118 3117 
3 3118 3136 3137 
3 3119 3118 3137 
3 3135 3116 3120 
3 3138 3135 3120 
3 3120 3139 3138 
3 3122 3139 3120 
3 3137 3123 3119 
3 3140 3123 3137 
3 3123 3140 3141 
3 3124 3123 3141 
3 3127 3143 3142 
3 3125 3127 3142 
3 3142 3144 3125 
3 3125 3144 3128 
3 3144 3145 3128 
3 3128 3145 3129 
3 3147 3130 3129 
3 3147 3129 3146 
3 3146 3129 3145 
3 3146 3148 3147 
3 3143 3127 3149 
3 3149 3127 3131 
3 3147 3132 3130 
3 3132 3147 3148 
3 3132 3148 3134 
3 3134 3148 3150 
3 3149 3131 3151 
3 3151 3131 3135 
3 3150 3136 3134 
3 3152 3136 3150 
3 3136 3152 3153 
3 3137 3136 3153 
3 3151 3135 3138 
3 3154 3151 3138 
3 3138 3155 3154 
3 3139 3155 3138 
3 3153 3140 3137 
3 3156 3140 3153 
3 3158 3141 3140 
3 3158 3140 3157 
3 3157 3140 3156 
3 3157 3159 3158 
3 3143 3161 3160 
3 3142 3143 3160 
3 3160 3162 3142 
3 3142 3162 3144 
3 3162 3163 3144 
3 3144 3163 3145 
3 3163 3164 3145 
3 3145 3164 3146 
3 3146 3164 3165 
3 3148 3146 3165 
3 3161 3143 3166 
3 3166 3143 3149 
3 3165 3167 3148 
3 3167 3150 3148 
3 3166 3149 3168 
3 3168 3149 3151 
3 3167 3152 3150 
3 3169 3152 3167 
3 3171 3153 3152 
3 3171 3152 3170 
3 3170 3152 3169 
3 3170 3172 3171 
3 3168 3151 3154 
3 3173 3168 3154 
3 3154 3174 3173 
3 3155 3174 3154 
3 3171 3156 3153 
3 3172 3156 3171 
3 3172 3175 3156 
3 3175 3157 3156 
3 3157 3175 3176 
3 3159 3157 3176 
3 3179 3177 3178 
3 3177 3180 3181 
3 3178 3177 3181 
3 3180 3182 3181 
3 3161 3184 3183 
3 3160 3161 3183 
3 3178 3183 3179 
3 3178 3162 3183 
3 3162 3160 3183 
3 3181 3162 3178 
3 3163 3162 3181 
3 3182 3163 3181 
3 3182 3185 3163 
3 3185 3164 3163 
3 3164 3185 3186 
3 3165 3164 3186 
3 3184 3161 3187 
3 3187 3161 3166 
3 3189 3186 3188 
3 3189 3167 3186 
3 3167 3165 3186 
3 3188 3190 3189 
3 3187 3166 3191 
3 3191 3166 3168 
3 3189 3169 3167 
3 3190 3169 3189 
3 3190 3192 3169 
3 3192 3170 3169 
3 3170 3192 3193 
3 3172 3170 3193 
3 3191 3168 3173 
3 3194 3191 3173 
3 3173 3195 3194 
3 3174 3195 3173 
3 3193 3175 3172 
3 3196 3175 3193 
3 3198 3176 3175 
3 3198 3175 3197 
3 3197 3175 3196 
3 3197 3199 3198 
3 3179 3201 3200 
3 3177 3179 3200 
3 3200 3202 3177 
3 3177 3202 3180 
3 3204 3182 3180 
3 3204 3180 3203 
3 3203 3180 3202 
3 3203 3205 3204 
3 3184 3207 3206 
3 3183 3184 3206 
3 3206 3179 3183 
3 3201 3179 3206 
3 3204 3185 3182 
3 3185 3204 3205 
3 3185 3205 3186 
3 3186 3205 3208 
3 3207 3184 3209 
3 3209 3184 3187 
3 3208 3188 3186 
3 3210 3188 3208 
3 3188 3210 3211 
3 3190 3188 3211 
3 3209 3187 3212 
3 3212 3187 3191 
3 3211 3192 3190 
3 3213 3192 3211 
3 3215 3193 3192 
3 3215 3192 3214 
3 3214 3192 3213 
3 3214 3216 3215 
3 3212 3191 3194 
3 3217 3212 3194 
3 3194 3218 3217 
3 3195 3218 3194 
3 3215 3196 3193 
3 3216 3196 3215 
3 3216 3219 3196 
3 3219 3197 3196 
3 3197 3219 3220 
3 3199 3197 3220 
3 3223 3221 3222 
3 3201 3222 3221 
3 3201 3221 3200 
3 3200 3221 3224 
3 3224 3225 3200 
3 3200 3225 3202 
3 3225 3226 3202 
3 3202 3226 3203 
3 3203 3226 3227 
3 3205 3203 3227 
3 3222 3206 3207 
3 3222 3207 3223 
3 3223 3207 3228 
3 3222 3201 3206 
3 3230 3227 3229 
3 3230 3208 3227 
3 3208 3205 3227 
3 3229 3231 3230 
3 3233 3232 3228 
3 3233 3228 3209 
3 3209 3228 3207 
3 3232 3233 3234 
3 3230 3210 3208 
3 3210 3230 3231 
3 3210 3231 3211 
3 3211 3231 3235 
3 3236 3233 3209 
3 3212 3236 3209 
3 3234 3236 3237 
3 3233 3236 3234 
3 3235 3213 3211 
3 3238 3213 3235 
3 3238 3239 3213 
3 3213 3239 3214 
3 3241 3216 3214 
3 3241 3214 3240 
3 3240 3214 3239 
3 3240 3242 3241 
3 3236 3212 3217 
3 3217 3218 3244 
3 3236 3217 3244 
3 3236 3244 3243 
3 3236 3243 3237 
3 3243 3244 3245 
3 3248 3247 3246 
3 3246 3247 3249 
3 3241 3219 3216 
3 3219 3251 3220 
3 3241 3251 3219 
3 3241 3250 3251 
3 3241 3242 3250 
3 3250 3252 3251 
3 3221 3223 3253 
3 3253 3255 3254 
3 3253 3254 3221 
3 3221 3254 3224 
3 3254 3256 3224 
3 3224 3256 3225 
3 3256 3257 3225 
3 3225 3257 3226 
3 3226 3257 3258 
3 3227 3226 3258 
3 3259 3253 3223 
3 3259 3223 3260 
3 3260 3223 3228 
3 3253 3259 3255 
3 3229 3262 3261 
3 3229 3227 3262 
3 3227 3258 3262 
3 3229 3261 3231 
3 3260 3228 3232 
3 3263 3260 3232 
3 3232 3264 3263 
3 3234 3264 3232 
3 3262 3265 3261 
3 3261 3235 3231 
3 3261 3266 3235 
3 3261 3265 3266 
3 3266 3267 3235 
3 3266 3268 3267 
3 3264 3234 3269 
3 3269 3234 3237 
3 3267 3238 3235 
3 3268 3238 3267 
3 3268 3270 3238 
3 3270 3239 3238 
3 3270 3271 3239 
3 3239 3271 3240 
3 3240 3271 3272 
3 3242 3240 3272 
3 3269 3237 3243 
3 3273 3269 3243 
3 3275 3243 3245 
3 3275 3274 3243 
3 3274 3273 3243 
3 3248 3274 3275 
3 3248 3246 3274 
3 3246 3276 3274 
3 3246 3277 3276 
3 3249 3277 3246 
3 3272 3250 3242 
3 3278 3250 3272 
3 3280 3252 3250 
3 3280 3250 3279 
3 3279 3250 3278 
3 3279 3281 3280 
3 3284 3282 3283 
3 3282 3285 3283 
3 3288 3286 3287 
3 3255 3287 3286 
3 3255 3286 3254 
3 3254 3286 3289 
3 3283 3289 3284 
3 3283 3256 3289 
3 3256 3254 3289 
3 3285 3256 3283 
3 3285 3290 3256 
3 3290 3257 3256 
3 3257 3290 3291 
3 3258 3257 3291 
3 3287 3292 3288 
3 3259 3260 3293 
3 3293 3255 3259 
3 3293 3294 3255 
3 3287 3255 3292 
3 3292 3255 3294 
3 3296 3291 3295 
3 3296 3262 3291 
3 3262 3258 3291 
3 3295 3297 3296 
3 3293 3260 3263 
3 3263 3294 3293 
3 3263 3264 3294 
3 3264 3298 3294 
3 3296 3265 3262 
3 3297 3265 3296 
3 3297 3299 3265 
3 3299 3266 3265 
3 3266 3299 3300 
3 3268 3266 3300 
3 3302 3301 3298 
3 3302 3298 3269 
3 3269 3298 3264 
3 3301 3302 3303 
3 3300 3270 3268 
3 3304 3270 3300 
3 3304 3305 3270 
3 3270 3305 3271 
3 3307 3272 3271 
3 3307 3271 3306 
3 3306 3271 3305 
3 3306 3308 3307 
3 3302 3269 3273 
3 3303 3302 3273 
3 3303 3273 3309 
3 3309 3273 3274 
3 3309 3274 3310 
3 3274 3276 3310 
3 3312 3276 3277 
3 3312 3311 3276 
3 3311 3310 3276 
3 3311 3312 3313 
3 3307 3278 3272 
3 3308 3278 3307 
3 3308 3314 3278 
3 3314 3279 3278 
3 3316 3281 3279 
3 3316 3279 3315 
3 3315 3279 3314 
3 3315 3317 3316 
3 3320 3318 3319 
3 3318 3321 3322 
3 3319 3318 3322 
3 3321 3323 3322 
3 3326 3324 3325 
3 3324 3327 3328 
3 3325 3324 3328 
3 3284 3328 3327 
3 3284 3327 3282 
3 3282 3327 3329 
3 3331 3285 3282 
3 3331 3282 3330 
3 3330 3282 3329 
3 3330 3332 3331 
3 3325 3333 3326 
3 3286 3288 3334 
3 3286 3335 3289 
3 3286 3334 3335 
3 3289 3335 3328 
3 3333 3325 3335 
3 3328 3335 3325 
3 3328 3284 3289 
3 3331 3290 3285 
3 3290 3337 3291 
3 3331 3337 3290 
3 3331 3336 3337 
3 3331 3332 3336 
3 3336 3338 3339 
3 3337 3336 3339 
3 3338 3340 3339 
3 3341 3342 3343 
3 3334 3288 3292 
3 3292 3335 3334 
3 3292 3294 3335 
3 3341 3335 3342 
3 3342 3335 3294 
3 3337 3295 3291 
3 3344 3337 3339 
3 3344 3297 3337 
3 3344 3345 3297 
3 3297 3295 3337 
3 3339 3340 3344 
3 3343 3342 3346 
3 3342 3347 3346 
3 3342 3294 3347 
3 3294 3298 3347 
3 3345 3299 3297 
3 3348 3299 3345 
3 3350 3300 3299 
3 3350 3299 3349 
3 3349 3299 3348 
3 3349 3351 3350 
3 3347 3298 3301 
3 3352 3347 3301 
3 3301 3353 3352 
3 3303 3353 3301 
3 3350 3304 3300 
3 3351 3304 3350 
3 3351 3354 3304 
3 3354 3305 3304 
3 3354 3355 3305 
3 3305 3355 3306 
3 3306 3355 3356 
3 3308 3306 3356 
3 3353 3303 3309 
3 3357 3353 3309 
3 3357 3309 3358 
3 3309 3310 3358 
3 3358 3310 3359 
3 3310 3311 3359 
3 3361 3311 3313 
3 3361 3360 3311 
3 3360 3359 3311 
3 3360 3361 3362 
3 3356 3314 3308 
3 3363 3314 3356 
3 3363 3364 3314 
3 3314 3364 3315 
3 3366 3317 3315 
3 3366 3315 3365 
3 3365 3315 3364 
3 3320 3366 3365 
3 3320 3365 3318 
3 3318 3365 3367 
3 3367 3368 3318 
3 3318 3368 3321 
3 3321 3368 3369 
3 3323 3321 3369 
3 3324 3326 3370 
3 3370 3372 3371 
3 3370 3371 3324 
3 3324 3371 3327 
3 3371 3373 3327 
3 3327 3373 3329 
3 3373 3374 3329 
3 3329 3374 3330 
3 3330 3374 3375 
3 3332 3330 3375 
3 3370 3326 3333 
3 3333 3372 3370 
3 3333 3335 3372 
3 3335 3376 3372 
3 3375 3336 3332 
3 3377 3336 3375 
3 3377 3378 3336 
3 3336 3378 3338 
3 3338 3378 3379 
3 3340 3338 3379 
3 3341 3343 3380 
3 3380 3335 3341 
3 3380 3381 3335 
3 3381 3376 3335 
3 3344 3382 3345 
3 3382 3344 3340 
3 3382 3340 3383 
3 3383 3340 3379 
3 3380 3343 3346 
3 3346 3381 3380 
3 3346 3347 3381 
3 3347 3384 3381 
3 3382 3348 3345 
3 3383 3348 3382 
3 3383 3385 3348 
3 3385 3349 3348 
3 3387 3351 3349 
3 3387 3349 3386 
3 3386 3349 3385 
3 3386 3388 3389 
3 3387 3386 3389 
3 3388 3390 3389 
3 3384 3347 3352 
3 3391 3384 3352 
3 3393 3352 3353 
3 3393 3392 3352 
3 3392 3391 3352 
3 3392 3393 3394 
3 3387 3354 3351 
3 3389 3354 3387 
3 3355 3354 3389 
3 3355 3396 3356 
3 3389 3396 3355 
3 3389 3395 3396 
3 3389 3390 3395 
3 3395 3397 3396 
3 3393 3353 3357 
3 3394 3393 3357 
3 3394 3357 3398 
3 3398 3357 3358 
3 3398 3358 3399 
3 3358 3359 3399 
3 3401 3360 3400 
3 3401 3399 3360 
3 3399 3359 3360 
3 3360 3362 3400 
3 3396 3363 3356 
3 3397 3363 3396 
3 3397 3402 3363 
3 3402 3364 3363 
3 3402 3403 3364 
3 3364 3403 3365 
3 3403 3404 3365 
3 3365 3404 3367 
3 3406 3405 3368 
3 3406 3368 3404 
3 3404 3368 3367 
3 3368 3405 3369 
3 3409 3407 3408 
3 3407 3410 3408 
3 3372 3412 3411 
3 3371 3372 3411 
3 3411 3413 3371 
3 3371 3413 3373 
3 3413 3414 3373 
3 3373 3414 3374 
3 3409 3408 3415 
3 3409 3415 3374 
3 3409 3374 3414 
3 3375 3374 3415 
3 3410 3416 3415 
3 3408 3410 3415 
3 3412 3372 3417 
3 3417 3372 3376 
3 3415 3377 3375 
3 3416 3377 3415 
3 3416 3418 3377 
3 3418 3378 3377 
3 3378 3418 3419 
3 3379 3378 3419 
3 3417 3376 3420 
3 3420 3376 3381 
3 3422 3419 3421 
3 3422 3383 3419 
3 3383 3379 3419 
3 3421 3423 3422 
3 3420 3381 3424 
3 3424 3381 3384 
3 3422 3385 3383 
3 3423 3385 3422 
3 3423 3425 3385 
3 3425 3386 3385 
3 3425 3426 3386 
3 3386 3426 3388 
3 3428 3390 3388 
3 3428 3388 3427 
3 3427 3388 3426 
3 3427 3429 3430 
3 3428 3427 3430 
3 3429 3431 3430 
3 3424 3384 3391 
3 3432 3424 3391 
3 3432 3391 3433 
3 3391 3392 3433 
3 3392 3434 3433 
3 3394 3434 3392 
3 3428 3395 3390 
3 3395 3435 3397 
3 3395 3428 3435 
3 3428 3430 3435 
3 3431 3436 3437 
3 3431 3437 3430 
3 3430 3437 3435 
3 3436 3438 3439 
3 3437 3436 3439 
3 3438 3440 3439 
3 3434 3394 3398 
3 3441 3434 3398 
3 3441 3398 3442 
3 3398 3399 3442 
3 3444 3399 3401 
3 3444 3443 3399 
3 3443 3442 3399 
3 3443 3444 2711 
3 3435 3402 3397 
3 3437 3402 3435 
3 3403 3402 3437 
3 3439 3403 3437 
3 3404 3403 3439 
3 3404 3446 3406 
3 3439 3446 3404 
3 3439 3445 3446 
3 3439 3440 3445 
3 3445 2717 3446 
3 3449 2716 2715 
3 3449 3447 2716 
3 3447 3448 2716 
3 3451 3452 3448 
3 3451 3448 3450 
3 3450 3448 3447 
3 3450 3453 3451 
3 3451 3454 3452 
3 3454 3456 3457 
3 3451 3456 3454 
3 3451 3455 3456 
3 3451 3453 3455 
3 3455 3458 3459 
3 3456 3455 3459 
3 3458 3460 3459 
3 3456 3461 3457 
3 3461 3462 3463 
3 3461 3456 3462 
3 3456 3459 3462 
3 3460 3464 3462 
3 3459 3460 3462 
3 3462 3465 3463 
3 3465 3467 3468 
3 3462 3467 3465 
3 3462 3466 3467 
3 3462 3464 3466 
3 3466 3469 3467 
3 3467 3470 3468 
3 3469 3470 3467 
3 3469 3471 3470 
3 3471 3472 3470 
3 3474 3475 3472 
3 3474 3472 3473 
3 3473 3472 3471 
3 3473 3476 3474 
3 2742 3477 3479 
3 2742 2743 3477 
3 2743 3478 3477 
3 3477 3478 3480 
3 3478 3481 3480 
3 3480 3481 3482 
3 3481 3483 3482 
3 3483 3484 3482 
3 3485 3484 3483 
3 3474 3486 3475 
3 3476 3486 3474 
3 3476 3487 3486 
3 3487 3488 3486 
3 3490 3491 3488 
3 3490 3488 3489 
3 3489 3488 3487 
3 3489 3492 3493 
3 3490 3489 3493 
3 3492 3494 3493 
3 2742 3479 2747 
3 3484 3485 3496 
3 3495 3484 3496 
3 3498 3496 3499 
3 3498 3497 3496 
3 3497 3495 3496 
3 3497 3498 3500 
3 3490 3501 3491 
3 3493 3501 3490 
3 3502 3501 3493 
3 3494 3502 3493 
3 3494 3503 3502 
3 3503 3504 3502 
3 3506 3507 3504 
3 3506 3504 3505 
3 3505 3504 3503 
3 3505 3508 3509 
3 3506 3505 3509 
3 3508 3510 3509 
3 3511 3498 3499 
3 3512 3511 3499 
3 3500 3514 3513 
3 3500 3498 3514 
3 3498 3511 3514 
3 3513 3514 3515 
3 3506 3516 3507 
3 3509 3516 3506 
3 3517 3516 3509 
3 3510 3517 3509 
3 3510 3518 3517 
3 3518 3519 3517 
3 3521 3522 3519 
3 3521 3519 3520 
3 3520 3519 3518 
3 3520 3523 3521 
3 3511 3512 3524 
3 3514 3511 3524 
3 3525 3514 3524 
3 3525 3528 3527 
3 3514 3525 3527 
3 3514 3527 3526 
3 3514 3526 3515 
3 3526 3527 3529 
3 3521 3530 3522 
3 3523 3530 3521 
3 3523 2460 3530 
3 2460 2461 3530 
3 3527 3528 3531 
3 3529 3527 3531 
3 3529 3531 3532 
3 3532 3531 3533 
3 3535 3533 3536 
3 3535 3534 3533 
3 3534 3532 3533 
3 3534 3535 3537 
3 3535 3536 3538 
3 3535 3538 3540 
3 3535 3540 3541 
3 3535 3541 3537 
3 3539 3541 3540 
3 3540 3542 3539 
3 3544 3541 3539 
3 3543 3544 3539 
3 3546 3539 3542 
3 3546 3545 3539 
3 3545 3543 3539 
3 3546 3547 3545 
3 3544 3543 3548 
3 3543 3545 3549 
3 3548 3543 3549 
3 3545 3547 3551 
3 3545 3551 3549 
3 3549 3551 3550 
3 3554 3553 3552 
3 3554 3550 3553 
3 3550 3551 3553 
3 3553 3555 3552 
3 3554 3552 3556 
3 3552 3555 3558 
3 3552 3558 3556 
3 3556 3558 3557 
3 3557 3558 3559 
3 3558 3560 3559 
3 3559 3560 2495 
3 3560 2496 2495 
3 3562 3447 3449 
3 3561 3447 3562 
3 3561 3563 3447 
3 3447 3563 3450 
3 3450 3563 3564 
3 3453 3450 3564 
3 3564 3455 3453 
3 3565 3455 3564 
3 3565 3566 3455 
3 3455 3566 3458 
3 3458 3566 3567 
3 3460 3458 3567 
3 3569 3567 3568 
3 3569 3464 3567 
3 3464 3460 3567 
3 3568 3570 3569 
3 3569 3466 3464 
3 3466 3572 3469 
3 3569 3572 3466 
3 3569 3571 3572 
3 3569 3570 3571 
3 3571 3573 3572 
3 3572 3471 3469 
3 3573 3471 3572 
3 3573 3574 3471 
3 3574 3473 3471 
3 3576 3476 3473 
3 3576 3473 3575 
3 3575 3473 3574 
3 3575 3577 3578 
3 3576 3575 3578 
3 3577 3579 3578 
3 3479 3580 3581 
3 3477 3580 3479 
3 3580 3477 3582 
3 3477 3480 3582 
3 3582 3480 3583 
3 3480 3482 3583 
3 3585 3482 3484 
3 3585 3584 3482 
3 3584 3583 3482 
3 3584 3585 3586 
3 3576 3487 3476 
3 3578 3487 3576 
3 3489 3487 3578 
3 3579 3489 3578 
3 3579 3587 3489 
3 3587 3492 3489 
3 3589 3494 3492 
3 3589 3492 3588 
3 3588 3492 3587 
3 3588 3590 3589 
3 2769 2747 3479 
3 3581 2769 3479 
3 3585 3484 3495 
3 3586 3585 3495 
3 3586 3495 3591 
3 3591 3495 3497 
3 3497 3592 3591 
3 3500 3592 3497 
3 3589 3503 3494 
3 3590 3503 3589 
3 3590 3593 3503 
3 3593 3505 3503 
3 3593 3594 3505 
3 3505 3594 3508 
3 3508 3594 3595 
3 3510 3508 3595 
3 3592 3500 3513 
3 3596 3592 3513 
3 3513 3597 3596 
3 3515 3597 3513 
3 3595 3518 3510 
3 3598 3518 3595 
3 3598 3599 3518 
3 3518 3599 3520 
3 2525 3523 3520 
3 2525 3520 2524 
3 2524 3520 3599 
3 3597 3515 3526 
3 3600 3597 3526 
3 3526 3601 3600 
3 3529 3601 3526 
3 2525 2460 3523 
3 3601 3529 3532 
3 3602 3601 3532 
3 3602 3532 3603 
3 3532 3534 3603 
3 3534 3604 3603 
3 3537 3604 3534 
3 3606 3605 3604 
3 3606 3604 3541 
3 3541 3604 3537 
3 3605 3606 3607 
3 3608 3606 3541 
3 3544 3608 3541 
3 3607 3608 3609 
3 3606 3608 3607 
3 3608 3544 3548 
3 3609 3608 3548 
3 3609 3548 3610 
3 3610 3548 3549 
3 3610 3549 3611 
3 3549 3550 3611 
3 3550 3612 3611 
3 3554 3612 3550 
3 3612 3554 3556 
3 3613 3612 3556 
3 3613 3556 3614 
3 3556 3557 3614 
3 3614 3557 3615 
3 3557 3559 3615 
3 3615 3559 2549 
3 3559 2495 2549 
3 3616 3561 3562 
3 3618 3561 3616 
3 3618 3617 3561 
3 3617 3563 3561 
3 3563 3617 3619 
3 3564 3563 3619 
3 3622 3620 3621 
3 3620 3623 3621 
3 3619 3565 3564 
3 3624 3565 3619 
3 3621 3624 3622 
3 3621 3566 3624 
3 3566 3565 3624 
3 3566 3626 3567 
3 3621 3626 3566 
3 3621 3625 3626 
3 3621 3623 3625 
3 3625 3627 3626 
3 3626 3568 3567 
3 3568 3629 3570 
3 3626 3629 3568 
3 3626 3628 3629 
3 3626 3627 3628 
3 3628 3630 3629 
3 3629 3571 3570 
3 3571 3632 3573 
3 3629 3632 3571 
3 3629 3631 3632 
3 3629 3630 3631 
3 3631 3633 3634 
3 3632 3631 3634 
3 3633 3635 3636 
3 3634 3633 3636 
3 3635 3637 3636 
3 3640 3639 3638 
3 3638 3639 3641 
3 3632 3574 3573 
3 3634 3574 3632 
3 3575 3574 3634 
3 3636 3575 3634 
3 3577 3575 3636 
3 3577 3643 3579 
3 3636 3643 3577 
3 3636 3642 3643 
3 3636 3637 3642 
3 3642 3644 3645 
3 3643 3642 3645 
3 3644 3646 3645 
3 3581 3647 3648 
3 3580 3647 3581 
3 3647 3580 3649 
3 3580 3582 3649 
3 3649 3582 3650 
3 3582 3583 3650 
3 3639 3640 3650 
3 3639 3650 3584 
3 3584 3650 3583 
3 3584 3586 3652 
3 3639 3584 3652 
3 3639 3652 3651 
3 3639 3651 3641 
3 3651 3652 3653 
3 3643 3587 3579 
3 3645 3587 3643 
3 3588 3587 3645 
3 3588 3655 3590 
3 3645 3655 3588 
3 3645 3654 3655 
3 3645 3646 3654 
3 3654 3656 3655 
3 2795 2769 3581 
3 3648 2795 3581 
3 3652 3586 3591 
3 3591 3592 3658 
3 3652 3591 3658 
3 3652 3658 3657 
3 3652 3657 3653 
3 3657 3658 3659 
3 3655 3593 3590 
3 3656 3593 3655 
3 3656 3660 3593 
3 3660 3594 3593 
3 3662 3595 3594 
3 3662 3594 3661 
3 3661 3594 3660 
3 3661 3663 3662 
3 3658 3592 3596 
3 3596 3659 3658 
3 3596 3597 3659 
3 3597 3664 3659 
3 3662 3598 3595 
3 3663 3598 3662 
3 3663 3665 3598 
3 3665 3599 3598 
3 3665 2567 3599 
3 3599 2567 2524 
3 3664 3597 3600 
3 3666 3664 3600 
3 3668 3600 3601 
3 3668 3667 3600 
3 3667 3666 3600 
3 3667 3670 3669 
3 3668 3670 3667 
3 3669 3670 3671 
3 3668 3601 3602 
3 3670 3668 3602 
3 3603 3670 3602 
3 3603 3604 3673 
3 3670 3603 3673 
3 3670 3673 3672 
3 3670 3672 3671 
3 3672 3673 3674 
3 3673 3604 3605 
3 3605 3674 3673 
3 3605 3607 3674 
3 3607 3675 3674 
3 3677 3676 3675 
3 3677 3675 3609 
3 3609 3675 3607 
3 3676 3677 3678 
3 3677 3609 3610 
3 3678 3677 3610 
3 3678 3610 3679 
3 3679 3610 3611 
3 3681 3611 3612 
3 3681 3680 3611 
3 3680 3679 3611 
3 3680 3681 3682 
3 3681 3612 3613 
3 3682 3681 3613 
3 3682 3613 3683 
3 3683 3613 3614 
3 3683 3614 3684 
3 3614 3615 3684 
3 3684 3615 2584 
3 3615 2549 2584 
3 2805 2806 3685 
3 3685 2806 3686 
3 3617 3618 3685 
3 3617 3685 3687 
3 3687 3685 3686 
3 3617 3687 3619 
3 3620 3622 3688 
3 3620 3688 3623 
3 3689 2812 3690 
3 3689 3686 2812 
3 3686 2806 2812 
3 3686 3691 3687 
3 3689 3691 3686 
3 3693 3692 3624 
3 3691 3693 3624 
3 3691 3624 3619 
3 3691 3619 3687 
3 3622 3624 3692 
3 3622 3692 3688 
3 3688 3692 3694 
3 3625 3623 3688 
3 3625 3688 3695 
3 3695 3688 3694 
3 3625 3695 3627 
3 2812 2816 3690 
3 3698 3697 3696 
3 3696 3692 3693 
3 3696 3697 3692 
3 3697 3699 3692 
3 3692 3699 3694 
3 3694 3699 3700 
3 3694 3700 3695 
3 3695 3700 3701 
3 3628 3627 3695 
3 3628 3695 3702 
3 3702 3695 3701 
3 3628 3702 3630 
3 3698 3703 3697 
3 3705 3697 3703 
3 3705 3704 3697 
3 3704 3699 3697 
3 3706 3704 3707 
3 3706 3700 3704 
3 3700 3699 3704 
3 3700 3708 3701 
3 3706 3708 3700 
3 3701 3709 3702 
3 3708 3709 3701 
3 3702 3631 3630 
3 3702 3709 3631 
3 3709 3710 3631 
3 3712 3711 3633 
3 3712 3633 3710 
3 3710 3633 3631 
3 3635 3633 3711 
3 3713 3635 3711 
3 3635 3713 3637 
3 3715 3704 3705 
3 3714 3704 3715 
3 3707 3638 3716 
3 3707 3714 3638 
3 3707 3704 3714 
3 3714 3640 3638 
3 3718 3638 3641 
3 3718 3717 3638 
3 3717 3716 3638 
3 3717 3718 3719 
3 3712 3720 3711 
3 3711 3721 3713 
3 3720 3721 3711 
3 3713 3642 3637 
3 3713 3721 3642 
3 3721 3722 3642 
3 3724 3723 3644 
3 3724 3644 3722 
3 3722 3644 3642 
3 3644 3723 3646 
3 3648 2824 2825 
3 3648 3647 2824 
3 3647 3725 2824 
3 3725 3647 3726 
3 3647 3649 3726 
3 3714 3715 3726 
3 3714 3726 3650 
3 3650 3726 3649 
3 3714 3650 3640 
3 3718 3641 3651 
3 3651 3653 3728 
3 3718 3651 3728 
3 3718 3728 3727 
3 3718 3727 3719 
3 3727 3728 3729 
3 3724 3730 3723 
3 3732 3731 3654 
3 3730 3732 3654 
3 3730 3654 3646 
3 3730 3646 3723 
3 3654 3731 3656 
3 2825 2795 3648 
3 3728 3653 3657 
3 3657 3659 3734 
3 3728 3657 3734 
3 3728 3734 3733 
3 3728 3733 3729 
3 3733 3734 3735 
3 3732 3736 3731 
3 3731 3660 3656 
3 3731 3736 3660 
3 3736 3737 3660 
3 3739 3738 3661 
3 3739 3661 3737 
3 3737 3661 3660 
3 3661 3738 3663 
3 3740 3734 3659 
3 3664 3740 3659 
3 3735 3742 3741 
3 3735 3734 3742 
3 3734 3740 3742 
3 3741 3742 3743 
3 3739 3744 3738 
3 3738 3665 3663 
3 3738 3744 3665 
3 3744 3745 3665 
3 3746 2602 2567 
3 3746 2567 3745 
3 3745 2567 3665 
3 3740 3664 3666 
3 3742 3740 3666 
3 3667 3742 3666 
3 3743 3742 3667 
3 3743 3667 3747 
3 3747 3667 3669 
3 3749 3669 3671 
3 3749 3748 3669 
3 3748 3747 3669 
3 3748 3749 3750 
3 3746 2603 2602 
3 3749 3671 3672 
3 3672 3674 3752 
3 3749 3672 3752 
3 3749 3752 3751 
3 3749 3751 3750 
3 3751 3752 3753 
3 3754 3752 3674 
3 3675 3754 3674 
3 3753 3754 3755 
3 3752 3754 3753 
3 3754 3675 3676 
3 3676 3678 3757 
3 3754 3676 3757 
3 3754 3757 3756 
3 3754 3756 3755 
3 3756 3759 3758 
3 3757 3759 3756 
3 3758 3759 3760 
3 3757 3678 3679 
3 3759 3757 3679 
3 3680 3759 3679 
3 3680 3682 3762 
3 3759 3680 3762 
3 3759 3762 3761 
3 3759 3761 3760 
3 3761 3764 3763 
3 3762 3764 3761 
3 3763 3764 3765 
3 3762 3682 3683 
3 3764 3762 3683 
3 3684 3764 3683 
3 3765 3764 3684 
3 3765 3684 2619 
3 2619 3684 2584 
3 3689 3690 3766 
3 3691 3689 3766 
3 3767 3691 3766 
3 3691 3767 3693 
3 3690 2816 2829 
3 3690 2829 3766 
3 3766 2829 3768 
3 3698 3696 3767 
3 3698 3767 3768 
3 3768 3767 3766 
3 3767 3696 3693 
3 2829 2831 3768 
3 3768 2831 3769 
3 3703 3698 3768 
3 3703 3768 3770 
3 3770 3768 3769 
3 3703 3770 3705 
3 3706 3707 3771 
3 3708 3706 3771 
3 3772 3708 3771 
3 3709 3708 3772 
3 3773 3709 3772 
3 3710 3709 3773 
3 3774 3710 3773 
3 3710 3774 3712 
3 2831 2832 3769 
3 3769 2832 3775 
3 3769 3775 3770 
3 3770 3775 3776 
3 3770 3776 3715 
3 3705 3770 3715 
3 3771 3707 3716 
3 3772 3771 3716 
3 3717 3772 3716 
3 3717 3719 3777 
3 3717 3777 3772 
3 3772 3777 3773 
3 3773 3777 3774 
3 3774 3777 3778 
3 3720 3712 3774 
3 3720 3774 3779 
3 3779 3774 3778 
3 3721 3720 3779 
3 3780 3721 3779 
3 3722 3721 3780 
3 3781 3722 3780 
3 3722 3781 3724 
3 3775 2832 2824 
3 3725 3775 2824 
3 3776 3775 3725 
3 3726 3776 3725 
3 3776 3726 3715 
3 3777 3719 3727 
3 3727 3729 3782 
3 3727 3782 3777 
3 3777 3782 3778 
3 3778 3782 3779 
3 3779 3782 3783 
3 3779 3783 3780 
3 3780 3783 3784 
3 3780 3784 3781 
3 3781 3784 3785 
3 3730 3724 3781 
3 3730 3781 3786 
3 3786 3781 3785 
3 3730 3786 3732 
3 3782 3729 3733 
3 3733 3735 3787 
3 3733 3787 3782 
3 3782 3787 3783 
3 3783 3787 3784 
3 3784 3787 3788 
3 3789 3788 3790 
3 3789 3785 3788 
3 3785 3784 3788 
3 3792 3785 3789 
3 3792 3791 3785 
3 3791 3786 3785 
3 3736 3732 3786 
3 3736 3786 3793 
3 3793 3786 3791 
3 3737 3736 3793 
3 3794 3737 3793 
3 3737 3794 3739 
3 3787 3735 3741 
3 3741 3743 3795 
3 3741 3795 3787 
3 3787 3795 3788 
3 3790 3797 3796 
3 3790 3788 3797 
3 3788 3795 3797 
3 3796 3791 3792 
3 3796 3797 3791 
3 3797 3798 3791 
3 3791 3798 3793 
3 3793 3798 3799 
3 3793 3799 3794 
3 3794 3799 3800 
3 3744 3739 3794 
3 3744 3794 3801 
3 3801 3794 3800 
3 3745 3744 3801 
3 3802 3745 3801 
3 3745 3802 3746 
3 3795 3743 3747 
3 3797 3795 3747 
3 3748 3797 3747 
3 3748 3750 3803 
3 3748 3803 3797 
3 3797 3803 3798 
3 3798 3803 3799 
3 3799 3803 3804 
3 3799 3804 3800 
3 3800 3804 3805 
3 3800 3805 3801 
3 3801 3805 3806 
3 3801 3806 3802 
3 3802 3806 3807 
3 2603 3746 3802 
3 2603 3802 2634 
3 2634 3802 3807 
3 3803 3750 3751 
3 3751 3753 3808 
3 3751 3808 3803 
3 3803 3808 3804 
3 3804 3808 3805 
3 3805 3808 3809 
3 3805 3809 3806 
3 3806 3809 3810 
3 3806 3810 3807 
3 3807 3810 3811 
3 3807 3811 2634 
3 2634 3811 2637 
3 3812 3808 3753 
3 3755 3812 3753 
3 3808 3812 3809 
3 3809 3812 3813 
3 3809 3813 3810 
3 3810 3813 3814 
3 3810 3814 3811 
3 3811 3814 3815 
3 3811 3815 2637 
3 2637 3815 2642 
3 3812 3755 3756 
3 3813 3812 3756 
3 3758 3813 3756 
3 3758 3760 3816 
3 3758 3816 3813 
3 3813 3816 3814 
3 3814 3816 3815 
3 3815 3816 3817 
3 3815 3817 2642 
3 2642 3817 2652 
3 3816 3760 3761 
3 3817 3816 3761 
3 3763 3817 3761 
3 3763 3765 2665 
3 3763 2665 3817 
3 3817 2665 2652 
3 2665 3765 2619 
3 3789 3790 3818 
3 3789 3818 3792 
3 3818 3790 3796 
3 3818 3796 3792 
3 856 3819 857 
3 857 3819 3014 
3 3821 3016 3014 
3 3821 3014 3820 
3 3820 3014 3819 
3 3820 3822 3821 
3 3821 3017 3016 
3 3017 3824 3018 
3 3821 3824 3017 
3 3821 3823 3824 
3 3821 3822 3823 
3 3823 3825 3824 
3 3824 3019 3018 
3 3825 3019 3824 
3 3825 3826 3019 
3 3826 3020 3019 
3 3020 3826 3827 
3 3022 3020 3827 
3 3829 880 3024 
3 3829 3828 880 
3 3828 879 880 
3 3828 3829 3830 
3 3827 3025 3022 
3 3831 3025 3827 
3 3833 3026 3025 
3 3833 3025 3832 
3 3832 3025 3831 
3 3832 3834 3833 
3 3829 3024 3027 
3 3027 3029 3836 
3 3829 3027 3836 
3 3829 3836 3835 
3 3829 3835 3830 
3 3835 3836 3837 
3 3833 3030 3026 
3 3834 3030 3833 
3 3834 3838 3030 
3 3838 3031 3030 
3 3838 3839 3031 
3 3031 3839 3032 
3 3839 3840 3032 
3 3032 3840 3033 
3 3840 3841 3033 
3 3033 3841 3034 
3 3841 3842 3034 
3 3034 3842 3035 
3 3844 3843 3037 
3 3844 3037 3842 
3 3842 3037 3035 
3 3037 3843 3039 
3 3836 3029 3040 
3 3837 3836 3040 
3 3837 3040 3845 
3 3845 3040 3041 
3 3847 3041 3042 
3 3847 3846 3041 
3 3846 3845 3041 
3 3846 3847 3848 
3 3844 3849 3843 
3 3851 3850 3043 
3 3849 3851 3043 
3 3849 3043 3039 
3 3849 3039 3843 
3 3043 3850 3045 
3 933 3852 934 
3 3855 3853 3854 
3 3853 3856 3854 
3 3852 856 934 
3 3852 3857 856 
3 3857 3819 856 
3 3854 3857 3855 
3 3854 3820 3857 
3 3820 3819 3857 
3 3820 3854 3856 
3 3820 3856 3822 
3 3822 3856 3858 
3 3858 3823 3822 
3 3859 3823 3858 
3 3861 3825 3823 
3 3861 3823 3860 
3 3860 3823 3859 
3 3860 3862 3861 
3 3861 3826 3825 
3 3826 3864 3827 
3 3861 3864 3826 
3 3861 3863 3864 
3 3861 3862 3863 
3 3863 3865 3864 
3 948 879 3866 
3 879 3828 3866 
3 3868 3828 3830 
3 3868 3867 3828 
3 3867 3866 3828 
3 3867 3868 3869 
3 3864 3831 3827 
3 3865 3831 3864 
3 3865 3870 3831 
3 3870 3832 3831 
3 3872 3834 3832 
3 3872 3832 3871 
3 3871 3832 3870 
3 3871 3873 3872 
3 3868 3830 3835 
3 3835 3837 3875 
3 3868 3835 3875 
3 3868 3875 3874 
3 3868 3874 3869 
3 3874 3875 3876 
3 3872 3838 3834 
3 3873 3838 3872 
3 3873 3877 3838 
3 3877 3839 3838 
3 3877 3878 3839 
3 3839 3878 3840 
3 3878 3879 3840 
3 3840 3879 3841 
3 3879 3880 3841 
3 3841 3880 3842 
3 3842 3880 3881 
3 3844 3842 3881 
3 3875 3837 3845 
3 3876 3875 3845 
3 3876 3845 3882 
3 3882 3845 3846 
3 3846 3883 3882 
3 3848 3883 3846 
3 3881 3849 3844 
3 3884 3849 3881 
3 3849 3884 3885 
3 3851 3849 3885 
3 3887 3852 933 
3 3887 933 3886 
3 3886 933 1003 
3 3855 3887 3886 
3 3855 3886 3853 
3 3853 3886 3888 
3 3853 3888 3889 
3 3856 3853 3889 
3 3887 3857 3852 
3 3887 3855 3857 
3 3889 3890 3856 
3 3890 3858 3856 
3 3890 3859 3858 
3 3891 3859 3890 
3 3891 3892 3859 
3 3859 3892 3860 
3 3860 3892 3893 
3 3862 3860 3893 
3 1012 1013 3894 
3 3893 3863 3862 
3 3895 3863 3893 
3 3863 3895 3896 
3 3865 3863 3896 
3 3894 1013 948 
3 3894 948 3897 
3 3897 948 3866 
3 3899 3867 3898 
3 3899 3897 3867 
3 3897 3866 3867 
3 3867 3869 3898 
3 3896 3870 3865 
3 3900 3870 3896 
3 3900 3901 3870 
3 3870 3901 3871 
3 3903 3873 3871 
3 3903 3871 3902 
3 3902 3871 3901 
3 3902 3904 3903 
3 3899 3898 3905 
3 3898 3869 3874 
3 3898 3874 3905 
3 3905 3874 3906 
3 3908 3874 3876 
3 3908 3907 3874 
3 3907 3906 3874 
3 3907 3908 3909 
3 3903 3877 3873 
3 3904 3877 3903 
3 3904 3910 3877 
3 3910 3878 3877 
3 3910 3911 3878 
3 3878 3911 3879 
3 3911 3912 3879 
3 3879 3912 3880 
3 3880 3912 3913 
3 3881 3880 3913 
3 3908 3876 3882 
3 3882 3909 3908 
3 3882 3883 3909 
3 3883 3914 3909 
3 3913 3884 3881 
3 3915 3884 3913 
3 3884 3915 3916 
3 3885 3884 3916 
3 1068 3917 1003 
3 1003 3917 3886 
3 3917 3918 3886 
3 3886 3918 3888 
3 3888 3918 3919 
3 3889 3888 3919 
3 3921 3919 3920 
3 3921 3890 3919 
3 3890 3889 3919 
3 3920 3922 3921 
3 3921 3891 3890 
3 3922 3891 3921 
3 3922 3923 3891 
3 3923 3892 3891 
3 3892 3923 3924 
3 3893 3892 3924 
3 1012 3925 1080 
3 3894 3925 1012 
3 3924 3895 3893 
3 3926 3895 3924 
3 3928 3896 3895 
3 3928 3895 3927 
3 3927 3895 3926 
3 3927 3929 3928 
3 3925 3894 3897 
3 3930 3925 3897 
3 3932 3897 3899 
3 3932 3931 3897 
3 3931 3930 3897 
3 3931 3932 3933 
3 3928 3900 3896 
3 3929 3900 3928 
3 3929 3934 3900 
3 3934 3901 3900 
3 3934 3935 3901 
3 3901 3935 3902 
3 3937 3904 3902 
3 3937 3902 3936 
3 3936 3902 3935 
3 3936 3938 3937 
3 3932 3899 3905 
3 3933 3932 3905 
3 3933 3905 3939 
3 3939 3905 3906 
3 3941 3907 3940 
3 3941 3939 3907 
3 3939 3906 3907 
3 3907 3909 3940 
3 3937 3910 3904 
3 3938 3910 3937 
3 3938 3942 3910 
3 3942 3911 3910 
3 3942 3943 3911 
3 3911 3943 3912 
3 3912 3943 3944 
3 3913 3912 3944 
3 3941 3940 3945 
3 3940 3946 3945 
3 3940 3909 3946 
3 3909 3914 3946 
3 3944 3915 3913 
3 3947 3915 3944 
3 3915 3947 3948 
3 3916 3915 3948 
3 1132 3949 3950 
3 1133 1132 3950 
3 3949 3951 3950 
3 3950 1068 1133 
3 3917 1068 3950 
3 3950 3918 3917 
3 3950 3953 3918 
3 3950 3951 3953 
3 3952 3918 3953 
3 3918 3952 3919 
3 3953 3954 3952 
3 3952 3920 3919 
3 3952 3954 3920 
3 3954 3955 3920 
3 3920 3955 3956 
3 3922 3920 3956 
3 3956 3923 3922 
3 3957 3923 3956 
3 3959 3924 3923 
3 3959 3923 3958 
3 3958 3923 3957 
3 3958 3960 3959 
3 1080 3961 1148 
3 3925 3961 1080 
3 3959 3926 3924 
3 3960 3926 3959 
3 3960 3962 3926 
3 3962 3927 3926 
3 3964 3929 3927 
3 3964 3927 3963 
3 3963 3927 3962 
3 3963 3965 3964 
3 3961 3925 3930 
3 3966 3961 3930 
3 3966 3930 3967 
3 3930 3931 3967 
3 3931 3968 3967 
3 3933 3968 3931 
3 3964 3934 3929 
3 3965 3934 3964 
3 3965 3969 3934 
3 3969 3935 3934 
3 3969 3970 3935 
3 3935 3970 3936 
3 3936 3970 3971 
3 3938 3936 3971 
3 3968 3933 3939 
3 3972 3968 3939 
3 3939 3973 3972 
3 3941 3973 3939 
3 3971 3942 3938 
3 3974 3942 3971 
3 3974 3975 3942 
3 3942 3975 3943 
3 3943 3975 3976 
3 3944 3943 3976 
3 3973 3941 3945 
3 3977 3973 3945 
3 3945 3978 3977 
3 3946 3978 3945 
3 3976 3947 3944 
3 3979 3947 3976 
3 3947 3979 3980 
3 3948 3947 3980 
3 1202 3981 1132 
3 1132 3981 3949 
3 3949 3981 3982 
3 3951 3949 3982 
3 3984 3982 3983 
3 3984 3953 3982 
3 3953 3951 3982 
3 3983 3985 3984 
3 3984 3954 3953 
3 3985 3954 3984 
3 3985 3986 3954 
3 3986 3955 3954 
3 3955 3986 3987 
3 3956 3955 3987 
3 3987 3957 3956 
3 3988 3957 3987 
3 3988 3989 3957 
3 3957 3989 3958 
3 3958 3989 3990 
3 3960 3958 3990 
3 3993 3991 3992 
3 3991 3994 3992 
3 3996 1148 3961 
3 3996 3995 1148 
3 3995 1211 1148 
3 3995 3996 3997 
3 3990 3962 3960 
3 3998 3962 3990 
3 3992 3998 3993 
3 3992 3963 3998 
3 3963 3962 3998 
3 3963 4000 3965 
3 3992 4000 3963 
3 3992 3999 4000 
3 3992 3994 3999 
3 3999 4001 4000 
3 3996 3961 3966 
3 3997 3996 3966 
3 3997 3966 4002 
3 4002 3966 3967 
3 3967 4003 4002 
3 3968 4003 3967 
3 4000 3969 3965 
3 4001 3969 4000 
3 4001 4004 3969 
3 4004 3970 3969 
3 4006 3971 3970 
3 4006 3970 4005 
3 4005 3970 4004 
3 4005 4007 4006 
3 4003 3968 3972 
3 4008 4003 3972 
3 3972 4009 4008 
3 3973 4009 3972 
3 4006 3974 3971 
3 4007 3974 4006 
3 4007 4010 3974 
3 4010 3975 3974 
3 4012 3976 3975 
3 4012 3975 4011 
3 4011 3975 4010 
3 4011 4013 4012 
3 4009 3973 3977 
3 4014 4009 3977 
3 4016 3977 3978 
3 4016 4015 3977 
3 4015 4014 3977 
3 4015 4016 4017 
3 4012 3979 3976 
3 3979 4019 3980 
3 4012 4019 3979 
3 4012 4018 4019 
3 4012 4013 4018 
3 4018 4020 4021 
3 4019 4018 4021 
3 4020 4022 4021 
3 1263 4023 1264 
3 4023 1202 1264 
3 4023 4024 1202 
3 4024 3981 1202 
3 3981 4024 4025 
3 3982 3981 4025 
3 4025 3983 3982 
3 4026 3983 4025 
3 4028 3985 3983 
3 4028 3983 4027 
3 4027 3983 4026 
3 4027 4029 4028 
3 4028 3986 3985 
3 3986 4031 3987 
3 4028 4031 3986 
3 4028 4030 4031 
3 4028 4029 4030 
3 4030 4032 4033 
3 4031 4030 4033 
3 4032 4034 4033 
3 4031 3988 3987 
3 4033 3988 4031 
3 3989 3988 4033 
3 3989 4036 3990 
3 4033 4036 3989 
3 4033 4035 4036 
3 4033 4034 4035 
3 3993 4036 4035 
3 3993 4035 3991 
3 3991 4035 4037 
3 4039 3994 3991 
3 4039 3991 4038 
3 4038 3991 4037 
3 4038 4040 4039 
3 1276 1211 4041 
3 1211 3995 4041 
3 3995 4042 4041 
3 3997 4042 3995 
3 4036 3998 3990 
3 4036 3993 3998 
3 4039 3999 3994 
3 3999 4044 4001 
3 4039 4044 3999 
3 4039 4043 4044 
3 4039 4040 4043 
3 4043 4045 4044 
3 4042 3997 4002 
3 4046 4042 4002 
3 4048 4002 4003 
3 4048 4047 4002 
3 4047 4046 4002 
3 4047 4048 4049 
3 4044 4004 4001 
3 4045 4004 4044 
3 4045 4050 4004 
3 4050 4005 4004 
3 4052 4007 4005 
3 4052 4005 4051 
3 4051 4005 4050 
3 4051 4053 4052 
3 4048 4003 4008 
3 4008 4049 4048 
3 4008 4009 4049 
3 4009 4054 4049 
3 4052 4010 4007 
3 4053 4010 4052 
3 4053 4055 4010 
3 4055 4011 4010 
3 4011 4055 4056 
3 4013 4011 4056 
3 4059 4057 4058 
3 4057 4060 4058 
3 4057 4009 4060 
3 4057 4054 4009 
3 4009 4014 4060 
3 4060 4061 4062 
3 4060 4014 4061 
3 4014 4015 4061 
3 4015 4063 4061 
3 4017 4063 4015 
3 4056 4018 4013 
3 4064 4018 4056 
3 4064 4065 4018 
3 4018 4065 4020 
3 4067 4022 4020 
3 4067 4020 4066 
3 4066 4020 4065 
3 4066 2412 251 
3 4067 4066 251 
3 1263 1326 4068 
3 4023 1263 4068 
3 4068 4024 4023 
3 4069 4024 4068 
3 4024 4069 4070 
3 4025 4024 4070 
3 4073 4071 4072 
3 4071 4074 4072 
3 4070 4026 4025 
3 4075 4026 4070 
3 4075 4076 4026 
3 4026 4076 4027 
3 4078 4029 4027 
3 4078 4027 4077 
3 4077 4027 4076 
3 4077 4073 4072 
3 4077 4072 4078 
3 4078 4072 4079 
3 4074 4080 4081 
3 4074 4081 4072 
3 4072 4081 4079 
3 4080 4082 4081 
3 4078 4030 4029 
3 4079 4030 4078 
3 4032 4030 4079 
3 4032 4083 4034 
3 4032 4079 4083 
3 4079 4081 4083 
3 4082 4084 4085 
3 4082 4085 4081 
3 4081 4085 4083 
3 4084 4086 4087 
3 4085 4084 4087 
3 4086 4088 4087 
3 1338 1339 4089 
3 4083 4035 4034 
3 4085 4035 4083 
3 4037 4035 4085 
3 4087 4037 4085 
3 4038 4037 4087 
3 4038 4091 4040 
3 4087 4091 4038 
3 4087 4090 4091 
3 4087 4088 4090 
3 4090 4092 4091 
3 1339 1276 4041 
3 1339 4041 4094 
3 1339 4094 4089 
3 4093 4094 4041 
3 4041 4042 4093 
3 4091 4043 4040 
3 4043 4096 4045 
3 4091 4096 4043 
3 4091 4095 4096 
3 4091 4092 4095 
3 4095 4097 4098 
3 4096 4095 4098 
3 4097 4099 4098 
3 4094 4093 4100 
3 4093 4042 4046 
3 4093 4046 4100 
3 4100 4046 4101 
3 4103 4047 4102 
3 4103 4101 4047 
3 4101 4046 4047 
3 4047 4049 4102 
3 4096 4050 4045 
3 4098 4050 4096 
3 4051 4050 4098 
3 4051 4105 4053 
3 4098 4105 4051 
3 4098 4104 4105 
3 4098 4099 4104 
3 4104 4106 4107 
3 4105 4104 4107 
3 4106 4108 4107 
3 4103 4102 4109 
3 4102 4110 4109 
3 4102 4049 4110 
3 4049 4054 4110 
3 4105 4055 4053 
3 4055 4111 4056 
3 4055 4105 4111 
3 4105 4107 4111 
3 4108 4112 4113 
3 4108 4113 4107 
3 4107 4113 4111 
3 4112 4114 4113 
3 4059 4116 4115 
3 4057 4059 4115 
3 4115 4054 4057 
3 4110 4054 4115 
3 4062 4117 4118 
3 4061 4117 4062 
3 4120 4061 4063 
3 4120 4119 4061 
3 4119 4117 4061 
3 4119 4120 4121 
3 4111 4064 4056 
3 4113 4064 4111 
3 4065 4064 4113 
3 4114 4065 4113 
3 4114 4122 4065 
3 4122 4066 4065 
3 4122 2414 4066 
3 4066 2414 2412 
3 1387 4123 1388 
3 1326 4125 4068 
3 1388 4125 1326 
3 1388 4124 4125 
3 1388 4123 4124 
3 4124 4126 4127 
3 4125 4124 4127 
3 4126 4128 4127 
3 4125 4069 4068 
3 4069 4129 4070 
3 4069 4125 4129 
3 4125 4127 4129 
3 4128 4130 4131 
3 4128 4131 4127 
3 4127 4131 4129 
3 4130 4132 4133 
3 4131 4130 4133 
3 4073 4133 4132 
3 4073 4132 4071 
3 4071 4132 4134 
3 4136 4074 4071 
3 4136 4071 4135 
3 4135 4071 4134 
3 4135 4137 4138 
3 4136 4135 4138 
3 4137 4139 4138 
3 4129 4075 4070 
3 4131 4075 4129 
3 4076 4075 4131 
3 4133 4076 4131 
3 4077 4076 4133 
3 4133 4073 4077 
3 4136 4080 4074 
3 4080 4140 4082 
3 4080 4136 4140 
3 4136 4138 4140 
3 4139 4141 4142 
3 4139 4142 4138 
3 4138 4142 4140 
3 4141 4143 4142 
3 4140 4084 4082 
3 4142 4084 4140 
3 4086 4084 4142 
3 4086 4145 4088 
3 4142 4145 4086 
3 4142 4144 4145 
3 4142 4143 4144 
3 4144 4146 4145 
3 1338 4089 1407 
3 4145 4090 4088 
3 4090 4145 4146 
3 4090 4146 4092 
3 4092 4146 4147 
3 1407 4094 1413 
3 4089 4094 1407 
3 4147 4095 4092 
3 4148 4095 4147 
3 4150 4149 4097 
3 4150 4097 4148 
3 4148 4097 4095 
3 4097 4149 4099 
3 4100 1413 4094 
3 4100 4151 1413 
3 4151 1418 1413 
3 4101 4151 4100 
3 4152 4151 4101 
3 4101 4103 4152 
3 4150 4153 4149 
3 4149 4104 4099 
3 4149 4153 4104 
3 4153 4154 4104 
3 4154 4155 4104 
3 4104 4155 4106 
3 4106 4155 4156 
3 4108 4106 4156 
3 1418 4151 4157 
3 1422 1418 4157 
3 4151 4152 4158 
3 4157 4151 4158 
3 4152 4103 4109 
3 4152 4109 4158 
3 4158 4109 4159 
3 4109 4160 4159 
3 4110 4160 4109 
3 4163 4162 4161 
3 4161 4162 4164 
3 4156 4112 4108 
3 4165 4112 4156 
3 4167 4114 4112 
3 4167 4112 4166 
3 4166 4112 4165 
3 4166 4168 4167 
3 4115 4116 4169 
3 4169 4110 4115 
3 4169 4170 4110 
3 4170 4160 4110 
3 4162 4118 4117 
3 4162 4163 4118 
3 4163 4171 4118 
3 4164 4162 4117 
3 4164 4117 4172 
3 4172 4117 4119 
3 4174 4119 4121 
3 4174 4173 4119 
3 4173 4172 4119 
3 4173 4174 4175 
3 4167 4122 4114 
3 4168 4122 4167 
3 4168 2415 4122 
3 2415 2414 4122 
3 4177 4123 1387 
3 4177 1387 4176 
3 4176 1387 1468 
3 4176 4178 4179 
3 4177 4176 4179 
3 4180 4179 4178 
3 4177 4124 4123 
3 4179 4124 4177 
3 4126 4124 4179 
3 4180 4128 4179 
3 4180 4181 4128 
3 4128 4126 4179 
3 4181 4130 4128 
3 4182 4130 4181 
3 4182 4183 4130 
3 4130 4183 4132 
3 4183 4184 4132 
3 4132 4184 4134 
3 4184 4185 4134 
3 4134 4185 4135 
3 4187 4186 4137 
3 4187 4137 4185 
3 4185 4137 4135 
3 4137 4186 4139 
3 4187 4188 4186 
3 4186 4141 4139 
3 4186 4188 4141 
3 4188 4189 4141 
3 4141 4189 4190 
3 4143 4141 4190 
3 4190 4144 4143 
3 4191 4144 4190 
3 4144 4191 4192 
3 4146 4144 4192 
3 4192 4193 4146 
3 4193 4147 4146 
3 4196 4195 4194 
3 4193 4195 4147 
3 4193 4194 4195 
3 4147 4195 4148 
3 4198 4197 4195 
3 4148 4195 4197 
3 4148 4197 4199 
3 4150 4148 4199 
3 1490 1491 4200 
3 4203 4202 4201 
3 4201 4202 4204 
3 4196 4205 4195 
3 4195 4205 4198 
3 4199 4153 4150 
3 4206 4153 4199 
3 4206 4207 4153 
3 4153 4207 4154 
3 4207 4208 4154 
3 4154 4208 4155 
3 4210 4156 4155 
3 4210 4155 4209 
3 4209 4155 4208 
3 4209 4211 4210 
3 4200 1491 1422 
3 4200 1422 4212 
3 4212 1422 4157 
3 4212 4157 4213 
3 4157 4158 4213 
3 4202 4203 4213 
3 4202 4213 4159 
3 4159 4213 4158 
3 4159 4160 4215 
3 4202 4159 4215 
3 4202 4215 4214 
3 4202 4214 4204 
3 4163 4214 4215 
3 4163 4161 4214 
3 4161 4216 4214 
3 4161 4217 4216 
3 4164 4217 4161 
3 4210 4165 4156 
3 4211 4165 4210 
3 4211 4218 4165 
3 4218 4166 4165 
3 4166 4218 4219 
3 4168 4166 4219 
3 4220 4215 4160 
3 4170 4220 4160 
3 4215 4220 4171 
3 4163 4215 4171 
3 4217 4164 4172 
3 4221 4217 4172 
3 4221 4172 4222 
3 4172 4173 4222 
3 4224 4173 4175 
3 4224 4223 4173 
3 4223 4222 4173 
3 4223 4224 4225 
3 4219 2415 4168 
3 2417 2415 4219 
3 1544 4226 1468 
3 1468 4226 4176 
3 4226 4227 4176 
3 4176 4227 4178 
3 4178 4227 4228 
3 4180 4178 4228 
3 4230 4228 4229 
3 4230 4181 4228 
3 4181 4180 4228 
3 4229 4231 4230 
3 4230 4182 4181 
3 4231 4182 4230 
3 4231 4232 4182 
3 4232 4183 4182 
3 4232 4233 4183 
3 4183 4233 4184 
3 4235 4234 4185 
3 4235 4185 4233 
3 4233 4185 4184 
3 4185 4234 4187 
3 4235 4236 4234 
3 4234 4188 4187 
3 4234 4236 4188 
3 4236 4237 4188 
3 4239 4238 4189 
3 4239 4189 4237 
3 4237 4189 4188 
3 4189 4238 4190 
3 4239 4240 4238 
3 4242 4241 4191 
3 4240 4242 4191 
3 4240 4191 4190 
3 4240 4190 4238 
3 4191 4241 4192 
3 4242 4243 4241 
3 4241 4243 4244 
3 4241 4244 4192 
3 4192 4244 4193 
3 4194 4245 4196 
3 4246 4197 4198 
3 4245 4194 4247 
3 4247 4194 4193 
3 4247 4193 4244 
3 4197 4246 4199 
3 4249 1490 4200 
3 4249 4248 1490 
3 4248 1561 1490 
3 4248 4251 4250 
3 4249 4251 4248 
3 4203 4250 4251 
3 4203 4201 4250 
3 4201 4252 4250 
3 4201 4253 4252 
3 4204 4253 4201 
3 4245 4205 4196 
3 4198 4254 4246 
3 4198 4205 4254 
3 4247 4254 4245 
3 4245 4254 4205 
3 4246 4206 4199 
3 4246 4254 4206 
3 4254 4255 4206 
3 4255 4256 4206 
3 4206 4256 4207 
3 4256 4257 4207 
3 4207 4257 4208 
3 4257 4258 4208 
3 4208 4258 4209 
3 4260 4211 4209 
3 4260 4209 4259 
3 4259 4209 4258 
3 4259 4261 4260 
3 4249 4200 4212 
3 4251 4249 4212 
3 4251 4212 4213 
3 4263 4264 4262 
3 4262 4265 4266 
3 4262 4266 4263 
3 4213 4203 4251 
3 4265 4267 4266 
3 4265 4204 4267 
3 4265 4253 4204 
3 4204 4214 4267 
3 4267 4268 4269 
3 4267 4214 4268 
3 4214 4216 4268 
3 4216 4270 4268 
3 4217 4270 4216 
3 4260 4218 4211 
3 4218 2420 4219 
3 4260 2420 4218 
3 4260 2419 2420 
3 4260 4261 2419 
3 4264 4263 4271 
3 4263 4266 4272 
3 4271 4263 4272 
3 4266 4267 4273 
3 4272 4266 4273 
3 4267 4269 4273 
3 4221 4274 4275 
3 4221 4275 4217 
3 4217 4275 4270 
3 4274 4276 4277 
3 4274 4221 4276 
3 4221 4222 4276 
3 4276 4222 4278 
3 4222 4223 4278 
3 4223 4279 4278 
3 4225 4279 4223 
3 2420 2417 4219 
3 1611 4280 1544 
3 1544 4280 4226 
3 4282 4281 4227 
3 4282 4227 4280 
3 4280 4227 4226 
3 4227 4281 4228 
3 4282 4283 4281 
3 4281 4229 4228 
3 4281 4283 4229 
3 4283 4284 4229 
3 4229 4284 4285 
3 4231 4229 4285 
3 4285 4232 4231 
3 4286 4232 4285 
3 4286 4287 4232 
3 4232 4287 4233 
3 4233 4287 4288 
3 4235 4233 4288 
3 4288 4236 4235 
3 4289 4236 4288 
3 4291 4290 4237 
3 4291 4237 4289 
3 4289 4237 4236 
3 4237 4290 4239 
3 4291 4292 4290 
3 4294 4293 4240 
3 4292 4294 4240 
3 4292 4240 4239 
3 4292 4239 4290 
3 4240 4293 4242 
3 4294 4295 4293 
3 4297 4296 4243 
3 4295 4297 4243 
3 4295 4243 4242 
3 4295 4242 4293 
3 4243 4296 4244 
3 4300 4299 4298 
3 4298 4299 4301 
3 4303 4296 4297 
3 4302 4296 4303 
3 4296 4302 4247 
3 4244 4296 4247 
3 4299 4300 1631 
3 4299 1631 4248 
3 4248 1631 1561 
3 4301 4299 4248 
3 4301 4248 4304 
3 4304 4248 4250 
3 4304 4250 4305 
3 4250 4252 4305 
3 4252 4306 4305 
3 4253 4306 4252 
3 4309 4308 4307 
3 4307 4308 4310 
3 4312 4302 4303 
3 4311 4302 4312 
3 4254 4247 4302 
3 4254 4302 4313 
3 4313 4302 4311 
3 4255 4254 4313 
3 4314 4255 4313 
3 4256 4255 4314 
3 4315 4256 4314 
3 4315 4317 4316 
3 4315 4316 4256 
3 4256 4316 4257 
3 4316 4318 4257 
3 4257 4318 4258 
3 4320 4319 4259 
3 4320 4259 4318 
3 4318 4259 4258 
3 4319 4261 4259 
3 4321 2426 2427 
3 4262 4264 4322 
3 4265 4262 4322 
3 4323 4265 4322 
3 4324 4306 4253 
3 4324 4253 4323 
3 4324 4323 4325 
3 4265 4323 4253 
3 4269 4324 4325 
3 4269 4268 4324 
3 4327 4324 4326 
3 4326 4324 4268 
3 4268 4270 4326 
3 4309 4328 4308 
3 4308 4328 4310 
3 4312 4329 4311 
3 4311 4330 4313 
3 4329 4330 4311 
3 4313 4331 4314 
3 4330 4331 4313 
3 4314 4332 4315 
3 4331 4332 4314 
3 4315 4332 4317 
3 4320 4333 4319 
3 2427 4333 4321 
3 2427 2419 4333 
3 4319 4333 4261 
3 4261 4333 2419 
3 4322 4264 4271 
3 4323 4322 4271 
3 4272 4323 4271 
3 4325 4323 4272 
3 4273 4325 4272 
3 4327 4326 4334 
3 4325 4273 4269 
3 4326 4270 4275 
3 4326 4275 4335 
3 4326 4335 4334 
3 4335 4275 4336 
3 4277 4335 4336 
3 4277 4276 4335 
3 4276 4337 4335 
3 4337 4276 4338 
3 4276 4278 4338 
3 4340 4278 4279 
3 4340 4339 4278 
3 4339 4338 4278 
3 4339 4340 4341 
3 4280 1611 1685 
3 4342 4280 1685 
3 4280 4342 4282 
3 4344 1685 1691 
3 4344 4343 1685 
3 4343 4342 1685 
3 4283 4282 4342 
3 4283 4342 4345 
3 4345 4342 4343 
3 4284 4283 4345 
3 4346 4284 4345 
3 4284 4346 4285 
3 4344 4347 4343 
3 4343 4348 4345 
3 4347 4348 4343 
3 4350 4345 4348 
3 4350 4349 4345 
3 4349 4346 4345 
3 4286 4285 4346 
3 4286 4346 4351 
3 4351 4346 4349 
3 4287 4286 4351 
3 4352 4287 4351 
3 4287 4352 4288 
3 4350 4353 4349 
3 4349 4354 4351 
3 4353 4354 4349 
3 4356 4351 4354 
3 4356 4355 4351 
3 4355 4352 4351 
3 4288 4352 4355 
3 4288 4355 4357 
3 4288 4357 4289 
3 4358 4357 4355 
3 4289 4357 4359 
3 4291 4289 4359 
3 4362 4361 4360 
3 4363 4361 4364 
3 4363 4355 4361 
3 4360 4361 4356 
3 4356 4361 4355 
3 4355 4363 4358 
3 4292 4366 4365 
3 4292 4291 4366 
3 4291 4359 4366 
3 4292 4365 4294 
3 1701 4368 4367 
3 1702 4368 1701 
3 4367 4368 4369 
3 4362 4370 4361 
3 4373 4361 4370 
3 4373 4372 4361 
3 4364 4361 4371 
3 4371 4361 4372 
3 4371 4372 4374 
3 4366 4375 4365 
3 4377 4376 4295 
3 4375 4377 4295 
3 4375 4295 4294 
3 4375 4294 4365 
3 4295 4376 4297 
3 1709 4378 4300 
3 1709 4300 4368 
3 1709 4368 1702 
3 4298 4368 4300 
3 4298 4301 4380 
3 4368 4298 4380 
3 4368 4380 4379 
3 4368 4379 4369 
3 4379 4382 4381 
3 4380 4382 4379 
3 4381 4384 4383 
3 4382 4384 4381 
3 4385 4384 4386 
3 4385 4372 4384 
3 4383 4384 4373 
3 4373 4384 4372 
3 4372 4385 4374 
3 4377 4387 4376 
3 4376 4387 4388 
3 4376 4388 4297 
3 4297 4388 4303 
3 1715 1631 4300 
3 1715 4300 4389 
3 4389 4300 4378 
3 4380 4301 4304 
3 4382 4380 4304 
3 4305 4382 4304 
3 4305 4306 4390 
3 4305 4390 4382 
3 4382 4390 4384 
3 4386 4392 4391 
3 4386 4384 4392 
3 4384 4390 4392 
3 4391 4392 4393 
3 4307 4394 4309 
3 4396 4307 4310 
3 4396 4395 4307 
3 4394 4307 4397 
3 4397 4307 4395 
3 4395 4396 4312 
3 4395 4312 4388 
3 4388 4312 4303 
3 4400 4398 4399 
3 4402 4399 4398 
3 4401 4316 4317 
3 4318 4316 4401 
3 4403 4318 4401 
3 4318 4403 4320 
3 4321 4404 2433 
3 2426 4321 2433 
3 1715 4389 1723 
3 4390 4306 4324 
3 4324 4327 4405 
3 4324 4405 4390 
3 4390 4405 4392 
3 4393 4405 4406 
3 4392 4405 4393 
3 4328 4409 4408 
3 4328 4309 4409 
3 4407 4409 4394 
3 4394 4409 4309 
3 4407 4394 4397 
3 4408 4396 4328 
3 4408 4410 4396 
3 4396 4310 4328 
3 4312 4396 4410 
3 4312 4410 4411 
3 4312 4411 4329 
3 4412 4411 4410 
3 4411 4413 4329 
3 4329 4413 4330 
3 4413 4414 4330 
3 4330 4414 4331 
3 4399 4414 4400 
3 4399 4332 4414 
3 4332 4331 4414 
3 4317 4415 4401 
3 4317 4332 4415 
3 4402 4415 4399 
3 4399 4415 4332 
3 4401 4416 4403 
3 4415 4416 4401 
3 4403 4333 4320 
3 4403 4416 4333 
3 4416 4417 4333 
3 4417 4321 4333 
3 4404 4321 4417 
3 4405 4327 4334 
3 4406 4405 4334 
3 4406 4334 4418 
3 4418 4334 4335 
3 4408 4409 4418 
3 4408 4418 4337 
3 4337 4418 4335 
3 4410 4408 4337 
3 4338 4410 4337 
3 4412 4410 4338 
3 4412 4338 4419 
3 4419 4338 4339 
3 4421 4339 4341 
3 4421 4420 4339 
3 4420 4419 4339 
3 4420 4421 4422 
3 1691 1771 4344 
3 4347 4344 1771 
3 4347 1771 4423 
3 4423 1771 1783 
3 4348 4347 4423 
3 4424 4348 4423 
3 4348 4424 4350 
3 1783 4425 4423 
3 1792 4425 1783 
3 4427 4423 4425 
3 4427 4426 4423 
3 4426 4424 4423 
3 4350 4424 4426 
3 4350 4426 4428 
3 4350 4428 4353 
3 4429 4428 4426 
3 4431 4430 4354 
3 4431 4354 4428 
3 4428 4354 4353 
3 4354 4430 4356 
3 4357 4358 4432 
3 4357 4432 4359 
3 1800 4434 4433 
3 1801 4434 1800 
3 4433 4426 4427 
3 4433 4434 4426 
3 4434 4435 4426 
3 4429 4437 4436 
3 4429 4426 4437 
3 4426 4435 4437 
3 4430 4362 4360 
3 4431 4362 4430 
3 4431 4437 4362 
3 4431 4436 4437 
3 4360 4356 4430 
3 4364 4438 4363 
3 4358 4363 4438 
3 4358 4438 4432 
3 4432 4438 4439 
3 4432 4439 4366 
3 4359 4432 4366 
3 4434 1801 1701 
3 4367 4434 1701 
3 4367 4369 4440 
3 4367 4440 4434 
3 4434 4440 4435 
3 4441 4440 4442 
3 4441 4437 4440 
3 4437 4435 4440 
3 4437 4370 4362 
3 4437 4441 4370 
3 4441 4443 4370 
3 4364 4371 4438 
3 4370 4444 4373 
3 4370 4443 4444 
3 4444 4445 4373 
3 4438 4374 4439 
3 4438 4371 4374 
3 4439 4374 4446 
3 4445 4444 4374 
3 4446 4374 4444 
3 4448 4447 4375 
3 4446 4448 4375 
3 4446 4375 4366 
3 4446 4366 4439 
3 4375 4447 4377 
3 1709 1816 4378 
3 4440 4369 4379 
3 4442 4440 4379 
3 4442 4379 4449 
3 4449 4379 4381 
3 4449 4381 4450 
3 4381 4383 4450 
3 4383 4445 4450 
3 4383 4373 4445 
3 4450 4445 4451 
3 4385 4386 4445 
3 4451 4445 4386 
3 4445 4374 4385 
3 4448 4452 4447 
3 4454 4453 4387 
3 4452 4454 4387 
3 4452 4387 4377 
3 4452 4377 4447 
3 4453 4388 4387 
3 4457 4455 4456 
3 4455 4458 4459 
3 4456 4455 4459 
3 4458 4460 4459 
3 1816 1826 4389 
3 4378 1816 4389 
3 4451 4386 4391 
3 4461 4451 4391 
3 4463 4391 4393 
3 4463 4462 4391 
3 4462 4461 4391 
3 4462 4463 4464 
3 4453 4397 4395 
3 4453 4454 4397 
3 4454 4465 4397 
3 4456 4466 4467 
3 4456 4467 4457 
3 4453 4395 4388 
3 4456 4459 4466 
3 4459 4468 4466 
3 4460 4469 4468 
3 4459 4460 4468 
3 4398 4400 4470 
3 4470 4402 4398 
3 4473 4471 4472 
3 4471 4474 4475 
3 4472 4471 4475 
3 4474 4476 4477 
3 4475 4474 4477 
3 4404 4477 4476 
3 4404 4476 2433 
3 2433 4476 2439 
3 1826 1723 4389 
3 4478 4463 4393 
3 4406 4478 4393 
3 4464 4407 4479 
3 4464 4478 4407 
3 4464 4463 4478 
3 4478 4409 4407 
3 4479 4407 4397 
3 4465 4479 4397 
3 4466 4480 4467 
3 4411 4412 4481 
3 4411 4482 4413 
3 4411 4481 4482 
3 4413 4482 4468 
3 4480 4466 4482 
3 4468 4482 4466 
3 4469 4413 4468 
3 4469 4483 4413 
3 4483 4414 4413 
3 4400 4484 4470 
3 4400 4414 4484 
3 4414 4483 4484 
3 4472 4484 4473 
3 4472 4415 4484 
3 4470 4484 4402 
3 4402 4484 4415 
3 4475 4415 4472 
3 4416 4415 4475 
3 4477 4416 4475 
3 4417 4416 4477 
3 4477 4404 4417 
3 4478 4406 4418 
3 4478 4418 4409 
3 4481 4412 4419 
3 4481 4419 4420 
3 4481 4420 4486 
3 4481 4486 4482 
3 4485 4486 4420 
3 4420 4422 4485 
3 4425 1792 1895 
3 4487 4425 1895 
3 4425 4487 4427 
3 4428 4429 4488 
3 4488 4431 4428 
3 4487 1895 1800 
3 4433 4487 1800 
3 4487 4433 4427 
3 4488 4429 4436 
3 4488 4436 4431 
3 4489 4441 4442 
3 4443 4441 4489 
3 4490 4443 4489 
3 4444 4443 4490 
3 4491 4444 4490 
3 4446 4444 4491 
3 4492 4446 4491 
3 4446 4492 4448 
3 4442 4449 4489 
3 4490 4489 4449 
3 4450 4490 4449 
3 4450 4451 4493 
3 4450 4493 4490 
3 4490 4493 4491 
3 4491 4493 4492 
3 4492 4493 4494 
3 4452 4448 4492 
3 4452 4492 4495 
3 4495 4492 4494 
3 4495 4454 4452 
3 4498 4496 4497 
3 4457 4497 4496 
3 4457 4496 4455 
3 4455 4496 4499 
3 4499 4500 4455 
3 4455 4500 4458 
3 4458 4500 4501 
3 4460 4458 4501 
3 4493 4451 4461 
3 4494 4493 4461 
3 4462 4494 4461 
3 4502 4495 4494 
3 4502 4494 4464 
3 4502 4464 4503 
3 4464 4494 4462 
3 4497 4504 4498 
3 4495 4502 4454 
3 4454 4502 4505 
3 4454 4505 4465 
3 4497 4457 4467 
3 4497 4467 4506 
3 4497 4506 4504 
3 4506 4467 4507 
3 4506 4507 4508 
3 4510 4501 4509 
3 4510 4469 4501 
3 4469 4460 4501 
3 4509 4511 4512 
3 4510 4509 4512 
3 4473 4512 4511 
3 4473 4511 4471 
3 4471 4511 4513 
3 4515 4514 4474 
3 4515 4474 4513 
3 4513 4474 4471 
3 4514 4517 4516 
3 4514 4516 4474 
3 4474 4516 4476 
3 4516 2445 4476 
3 4476 2445 2439 
3 4503 4464 4479 
3 4518 4503 4479 
3 4518 4479 4465 
3 4505 4518 4465 
3 4507 4467 4480 
3 4480 4508 4507 
3 4480 4482 4508 
3 4482 4519 4508 
3 4510 4483 4469 
3 4512 4483 4510 
3 4484 4483 4512 
3 4512 4473 4484 
3 4515 4520 4514 
3 4514 4520 4517 
3 4522 4521 4519 
3 4522 4519 4486 
3 4486 4519 4482 
3 4521 4522 4523 
3 1994 4524 1995 
3 1995 4524 2007 
3 4527 4525 4526 
3 4525 4528 4526 
3 4527 4526 4529 
3 4526 4528 4529 
3 4532 4530 4531 
3 4530 4533 4534 
3 4531 4530 4534 
3 4533 4535 4534 
3 4496 4498 4536 
3 4499 4496 4536 
3 4499 4536 4538 
3 4537 4532 4531 
3 4499 4539 4500 
3 4499 4538 4539 
3 4500 4539 4534 
3 4537 4531 4539 
3 4534 4539 4531 
3 4500 4541 4501 
3 4534 4541 4500 
3 4534 4540 4541 
3 4534 4535 4540 
3 4540 4542 4541 
3 4502 4503 4543 
3 4498 4504 4536 
3 4502 4543 4505 
3 4538 4536 4504 
3 4506 4538 4504 
3 4506 4508 4545 
3 4538 4506 4545 
3 4538 4545 4544 
3 4538 4544 4539 
3 4544 4545 4546 
3 4501 4541 4509 
3 4542 4509 4541 
3 4542 4547 4509 
3 4547 4511 4509 
3 4547 4548 4511 
3 4511 4548 4513 
3 4550 4515 4513 
3 4550 4513 4549 
3 4549 4513 4548 
3 4517 4550 4549 
3 4517 4549 4516 
3 4516 4549 4551 
3 4551 2453 4516 
3 4516 2453 2445 
3 4543 4503 4518 
3 4543 4518 4505 
3 4554 4552 4553 
3 4555 4545 4508 
3 4555 4508 4519 
3 4553 4552 4556 
3 4546 4555 4557 
3 4545 4555 4546 
3 4550 4520 4515 
3 4550 4517 4520 
3 4560 4558 4559 
3 4558 4554 4553 
3 4558 4553 4559 
3 4559 4553 4561 
3 4519 4521 4555 
3 4556 4562 4553 
3 4553 4562 4563 
3 4553 4563 4561 
3 4555 4521 4523 
3 4555 4523 4565 
3 4555 4565 4557 
3 4564 4557 4565 
3 4562 4566 4563 
3 4564 4568 4567 
3 4565 4568 4564 
3 4567 4568 4569 
3 3058 1935 4570 
3 4570 1935 1936 
3 3059 1938 1940 
3 4571 1938 3059 
3 4573 1941 1938 
3 4573 1938 4572 
3 4572 1938 4571 
3 4572 4574 4575 
3 4573 4572 4575 
3 4574 4576 4575 
3 4570 1936 1942 
3 4577 4570 1942 
3 4579 1943 4578 
3 4579 4577 1943 
3 4577 1942 1943 
3 1943 1944 4578 
3 4573 1945 1941 
3 4575 1945 4573 
3 1946 1945 4575 
3 4576 1946 4575 
3 4576 4580 1946 
3 4580 1947 1946 
3 4580 4581 1947 
3 1947 4581 1948 
3 4583 1949 1948 
3 4583 1948 4582 
3 4582 1948 4581 
3 4582 4584 4583 
3 4579 4578 4585 
3 4587 1950 4586 
3 4585 1950 4587 
3 4585 1944 1950 
3 4585 4578 1944 
3 1950 1952 4586 
3 4583 1953 1949 
3 1953 4583 4584 
3 1953 4584 1955 
3 1955 4584 4588 
3 4587 4586 4589 
3 4586 1952 1956 
3 4586 1956 4589 
3 4589 1956 4590 
3 1956 4591 4590 
3 1958 4591 1956 
3 4593 4588 4592 
3 4593 1959 4588 
3 1959 1955 4588 
3 4592 4594 4593 
3 4591 1958 4595 
3 4595 1958 1961 
3 4593 1962 1959 
3 4594 1962 4593 
3 4594 4596 1962 
3 4596 1963 1962 
3 1963 4596 4597 
3 1965 1963 4597 
3 4595 1961 1966 
3 4598 4595 1966 
3 4598 1966 4599 
3 1966 1967 4599 
3 1967 4600 4599 
3 1969 4600 1967 
3 4602 4597 4601 
3 4602 1970 4597 
3 1970 1965 4597 
3 4601 4603 4602 
3 4600 1969 1971 
3 4604 4600 1971 
3 1971 4605 4604 
3 1973 4605 1971 
3 4602 1974 1970 
3 4603 1974 4602 
3 4603 4606 1974 
3 4606 1975 1974 
3 4608 1977 1975 
3 4608 1975 4607 
3 4607 1975 4606 
3 4605 1973 4609 
3 4609 1973 1978 
3 1979 4610 1980 
3 1981 4610 1979 
3 4611 4610 1981 
3 4611 4612 4613 
3 1981 4612 4611 
3 1981 4608 4612 
3 1981 1977 4608 
3 1982 1984 4614 
3 1985 1982 4614 
3 4615 1985 4614 
3 4615 1978 1985 
3 4615 4616 1978 
3 4616 4609 1978 
3 1986 4617 1988 
3 4619 1986 1989 
3 4619 4618 1986 
3 4617 1986 4620 
3 4620 1986 4618 
3 4618 4619 4621 
3 4610 1990 1980 
3 4611 1990 4610 
3 1992 1990 4611 
3 4611 1994 1992 
3 4611 4623 1994 
3 4611 4613 4623 
3 4622 1994 4623 
3 4624 4614 1984 
3 4624 1984 4625 
3 4625 1984 1996 
3 4627 4614 4624 
3 4627 4626 4614 
3 4626 4615 4614 
3 4616 4629 4628 
3 4616 4615 4629 
3 4615 4626 4629 
3 4631 1988 4629 
3 4631 1997 1988 
3 4629 1988 4628 
3 4617 4630 1988 
3 4628 1988 4630 
3 4620 4630 4617 
3 1989 1998 4619 
3 4631 2000 1997 
3 4621 4619 1998 
3 4621 1998 4632 
3 4632 1998 2001 
3 4632 2001 4633 
3 2001 2003 4633 
3 4633 2003 4634 
3 2003 2004 4634 
3 4634 2004 4635 
3 2004 2006 4635 
3 4622 4623 4635 
3 4622 4635 2007 
3 2007 4635 2006 
3 4637 4636 4625 
3 4637 4625 2008 
3 2008 4625 1996 
3 4638 4637 4639 
3 4638 4626 4637 
3 4636 4637 4627 
3 4627 4637 4626 
3 4626 4640 4629 
3 4638 4640 4626 
3 4642 4629 4640 
3 4642 4641 4629 
3 4641 4631 4629 
3 4631 4641 2010 
3 2000 4631 2010 
3 4637 2008 2012 
3 2012 4639 4637 
3 2012 2014 4639 
3 2014 4643 4639 
3 4645 4641 4642 
3 4644 4641 4645 
3 4641 4644 2017 
3 2010 4641 2017 
3 4643 2014 4646 
3 4646 2014 2020 
3 2022 4647 4648 
3 2021 4647 2022 
3 4644 4645 4647 
3 4644 4647 2023 
3 2023 4647 2021 
3 4644 2023 2017 
3 4646 2020 2025 
3 4649 4646 2025 
3 4649 2025 2022 
3 4648 4649 2022 
3 3069 3058 4650 
3 4650 3058 4570 
3 3071 4571 3059 
3 3072 4571 3071 
3 3072 4651 4571 
3 4651 4572 4571 
3 4651 4652 4572 
3 4572 4652 4574 
3 4654 4576 4574 
3 4654 4574 4653 
3 4653 4574 4652 
3 4653 4655 4654 
3 4650 4570 4577 
3 4656 4650 4577 
3 4577 4657 4656 
3 4579 4657 4577 
3 4654 4580 4576 
3 4655 4580 4654 
3 4655 4658 4580 
3 4658 4581 4580 
3 4658 4659 4581 
3 4581 4659 4582 
3 4582 4659 4660 
3 4584 4582 4660 
3 4585 4661 4662 
3 4585 4662 4579 
3 4579 4662 4657 
3 4585 4587 4661 
3 4664 4660 4663 
3 4664 4588 4660 
3 4588 4584 4660 
3 4663 4665 4664 
3 4662 4661 4666 
3 4661 4587 4589 
3 4661 4589 4666 
3 4666 4589 4667 
3 4669 4590 4668 
3 4669 4667 4590 
3 4667 4589 4590 
3 4590 4591 4668 
3 4664 4592 4588 
3 4592 4671 4594 
3 4664 4671 4592 
3 4664 4670 4671 
3 4664 4665 4670 
3 4670 4672 4671 
3 4669 4668 4673 
3 4668 4591 4595 
3 4668 4595 4674 
3 4668 4674 4673 
3 4674 4595 4675 
3 4674 4675 4676 
3 4671 4596 4594 
3 4596 4678 4597 
3 4671 4678 4596 
3 4671 4677 4678 
3 4671 4672 4677 
3 4677 4679 4678 
3 4675 4595 4598 
3 4676 4675 4598 
3 4676 4598 4680 
3 4680 4598 4599 
3 4682 4599 4600 
3 4682 4681 4599 
3 4681 4680 4599 
3 4681 4682 4683 
3 4678 4601 4597 
3 4601 4685 4603 
3 4678 4685 4601 
3 4678 4684 4685 
3 4678 4679 4684 
3 4684 4686 4685 
3 4682 4600 4604 
3 4604 4605 4688 
3 4682 4604 4688 
3 4682 4688 4687 
3 4682 4687 4683 
3 4687 4688 4689 
3 4685 4606 4603 
3 4685 4607 4606 
3 4685 4691 4607 
3 4685 4686 4691 
3 4690 4607 4691 
3 4692 4688 4605 
3 4692 4605 4693 
3 4693 4605 4609 
3 4688 4692 4689 
3 4690 4613 4612 
3 4690 4691 4613 
3 4691 4694 4613 
3 4696 4695 4693 
3 4696 4693 4616 
3 4616 4693 4609 
3 4695 4698 4697 
3 4696 4698 4695 
3 4620 4697 4698 
3 4620 4618 4697 
3 4618 4699 4697 
3 4618 4700 4699 
3 4621 4700 4618 
3 4703 4702 4701 
3 4701 4702 4623 
3 4701 4623 4694 
3 4694 4623 4613 
3 4624 4625 4704 
3 4624 4704 4627 
3 4696 4616 4628 
3 4698 4696 4628 
3 4630 4698 4628 
3 4698 4630 4620 
3 4700 4621 4632 
3 4705 4700 4632 
3 4705 4632 4706 
3 4632 4633 4706 
3 4706 4633 4707 
3 4633 4634 4707 
3 4702 4703 4707 
3 4702 4707 4635 
3 4635 4707 4634 
3 4702 4635 4623 
3 4704 4625 4636 
3 4636 4627 4704 
3 4639 4708 4638 
3 4640 4638 4708 
3 4709 4640 4708 
3 4640 4709 4642 
3 4710 4708 4639 
3 4710 4639 4711 
3 4711 4639 4643 
3 4708 4712 4709 
3 4710 4712 4708 
3 4709 4712 4713 
3 4709 4713 4642 
3 4642 4713 4645 
3 4715 4714 4711 
3 4715 4711 4646 
3 4646 4711 4643 
3 4648 4714 4715 
3 4648 4647 4714 
3 4647 4716 4714 
3 4716 4647 4645 
3 4713 4716 4645 
3 4715 4646 4649 
3 4715 4649 4648 
3 3082 3069 4717 
3 4717 3069 4650 
3 3085 4651 3072 
3 3086 4651 3085 
3 3086 4718 4651 
3 4718 4652 4651 
3 3088 4718 3089 
3 3088 4653 4718 
3 4653 4652 4718 
3 4653 3088 3090 
3 4653 3090 4655 
3 4655 3090 4719 
3 4717 4650 4656 
3 4720 4717 4656 
3 4656 4721 4720 
3 4657 4721 4656 
3 4719 4658 4655 
3 4722 4658 4719 
3 4722 4723 4658 
3 4658 4723 4659 
3 4725 4660 4659 
3 4725 4659 4724 
3 4724 4659 4723 
3 4724 4726 4727 
3 4725 4724 4727 
3 4726 4728 4727 
3 4730 4729 4721 
3 4730 4721 4662 
3 4662 4721 4657 
3 4729 4730 4731 
3 4725 4663 4660 
3 4663 4732 4665 
3 4663 4725 4732 
3 4725 4727 4732 
3 4728 4733 4732 
3 4727 4728 4732 
3 4730 4662 4666 
3 4731 4730 4666 
3 4731 4666 4734 
3 4734 4666 4667 
3 4736 4667 4669 
3 4736 4735 4667 
3 4735 4734 4667 
3 4735 4736 4737 
3 4732 4670 4665 
3 4670 4732 4733 
3 4670 4733 4672 
3 4672 4733 4738 
3 4736 4669 4673 
3 4737 4736 4673 
3 4737 4673 4739 
3 4739 4673 4674 
3 4674 4740 4739 
3 4676 4740 4674 
3 4738 4677 4672 
3 4741 4677 4738 
3 4677 4741 4742 
3 4679 4677 4742 
3 4740 4676 4680 
3 4743 4740 4680 
3 4743 4680 4744 
3 4680 4681 4744 
3 4746 4681 4683 
3 4746 4745 4681 
3 4745 4744 4681 
3 4745 4746 4747 
3 4684 4749 4748 
3 4684 4679 4749 
3 4679 4742 4749 
3 4748 4686 4684 
3 4752 4750 4751 
3 4746 4683 4687 
3 4687 4689 4754 
3 4746 4687 4754 
3 4746 4754 4753 
3 4746 4753 4747 
3 4753 4756 4755 
3 4754 4756 4753 
3 4755 4756 4757 
3 4759 4748 4749 
3 4758 4748 4759 
3 4748 4758 4691 
3 4748 4691 4686 
3 4751 4760 4752 
3 4692 4693 4761 
3 4689 4692 4761 
3 4689 4761 4754 
3 4754 4761 4762 
3 4754 4762 4756 
3 4756 4762 4763 
3 4757 4763 4764 
3 4756 4763 4757 
3 4759 4765 4758 
3 4758 4765 4766 
3 4758 4766 4691 
3 4691 4766 4694 
3 4761 4693 4695 
3 4762 4761 4695 
3 4697 4762 4695 
3 4763 4762 4697 
3 4699 4763 4697 
3 4699 4700 4768 
3 4763 4699 4768 
3 4763 4768 4767 
3 4763 4767 4764 
3 4767 4768 4769 
3 4703 4770 4771 
3 4701 4770 4703 
3 4770 4701 4694 
3 4766 4770 4694 
3 4768 4700 4705 
3 4769 4768 4705 
3 4769 4705 4772 
3 4772 4705 4706 
3 4772 4706 4773 
3 4706 4707 4773 
3 4773 4707 4703 
3 4771 4773 4703 
3 4710 4711 4774 
3 4712 4710 4774 
3 4775 4712 4774 
3 4712 4775 4713 
3 4774 4711 4714 
3 4775 4774 4714 
3 4716 4775 4714 
3 4775 4716 4713 
3 4777 4776 3104 
3 4777 3104 4717 
3 4717 3104 3082 
3 4776 4777 4778 
3 3106 4718 3086 
3 4779 4718 3106 
3 3089 4718 4779 
3 3089 4779 4780 
3 3089 4780 3107 
3 4780 4779 4781 
3 3107 4780 4719 
3 3090 3107 4719 
3 4777 4717 4720 
3 4720 4721 4783 
3 4777 4720 4783 
3 4777 4783 4782 
3 4777 4782 4778 
3 4782 4783 4784 
3 4781 4785 4780 
3 4780 4722 4719 
3 4780 4785 4722 
3 4785 4786 4722 
3 4786 4787 4722 
3 4722 4787 4723 
3 4787 4788 4723 
3 4723 4788 4724 
3 4790 4789 4726 
3 4790 4726 4788 
3 4788 4726 4724 
3 4726 4789 4728 
3 4783 4721 4729 
3 4729 4784 4783 
3 4729 4731 4784 
3 4731 4791 4784 
3 4790 4792 4789 
3 4789 4733 4728 
3 4789 4793 4733 
3 4789 4792 4793 
3 4793 4794 4733 
3 4793 4795 4794 
3 4791 4731 4734 
3 4796 4791 4734 
3 4796 4734 4797 
3 4734 4735 4797 
3 4735 4798 4797 
3 4737 4798 4735 
3 4799 4733 4794 
3 4738 4733 4799 
3 4795 4800 4801 
3 4795 4801 4794 
3 4794 4801 4799 
3 4800 4802 4801 
3 4798 4737 4739 
3 4803 4798 4739 
3 4805 4739 4740 
3 4805 4804 4739 
3 4804 4803 4739 
3 4804 4807 4806 
3 4805 4807 4804 
3 4806 4807 4808 
3 4799 4741 4738 
3 4741 4809 4742 
3 4741 4799 4809 
3 4799 4801 4809 
3 4802 4810 4811 
3 4802 4811 4801 
3 4801 4811 4809 
3 4805 4740 4743 
3 4807 4805 4743 
3 4744 4807 4743 
3 4808 4807 4744 
3 4808 4744 4812 
3 4812 4744 4745 
3 4814 4745 4747 
3 4814 4813 4745 
3 4813 4812 4745 
3 4813 4814 4815 
3 4816 4742 4809 
3 4749 4742 4816 
3 4752 4811 4750 
3 4752 4816 4811 
3 4816 4809 4811 
3 4814 4747 4753 
3 4815 4814 4753 
3 4815 4753 4817 
3 4817 4753 4755 
3 4755 4818 4817 
3 4757 4818 4755 
3 4819 4749 4816 
3 4759 4749 4819 
3 4752 4819 4816 
3 4752 4820 4819 
3 4752 4760 4820 
3 4821 4819 4820 
3 4818 4757 4822 
3 4822 4757 4764 
3 4819 4765 4759 
3 4765 4819 4821 
3 4765 4821 4766 
3 4766 4821 4823 
3 4822 4764 4767 
3 4824 4822 4767 
3 4826 4767 4769 
3 4826 4825 4767 
3 4825 4824 4767 
3 4825 4828 4827 
3 4826 4828 4825 
3 4771 4827 4828 
3 4771 4770 4827 
3 4770 4829 4827 
3 4829 4770 4766 
3 4823 4829 4766 
3 4826 4769 4772 
3 4828 4826 4772 
3 4773 4828 4772 
3 4828 4773 4771 
3 3121 3104 4776 
3 4776 3122 3121 
3 4776 4778 3122 
3 4778 4830 3122 
3 3124 4779 3106 
3 4831 4779 3124 
3 4833 4781 4779 
3 4833 4779 4832 
3 4832 4779 4831 
3 4832 4834 4833 
3 4830 4778 4782 
3 4835 4830 4782 
3 4782 4836 4835 
3 4784 4836 4782 
3 4833 4785 4781 
3 4834 4785 4833 
3 4834 4837 4785 
3 4837 4786 4785 
3 4837 4838 4786 
3 4786 4838 4787 
3 4838 4839 4787 
3 4787 4839 4788 
3 4788 4839 4840 
3 4790 4788 4840 
3 4836 4784 4841 
3 4841 4784 4791 
3 4840 4792 4790 
3 4842 4792 4840 
3 4842 4843 4792 
3 4792 4843 4793 
3 4845 4795 4793 
3 4845 4793 4844 
3 4844 4793 4843 
3 4844 4846 4845 
3 4841 4791 4796 
3 4847 4841 4796 
3 4847 4796 4848 
3 4796 4797 4848 
3 4850 4797 4798 
3 4850 4849 4797 
3 4849 4848 4797 
3 4849 4852 4851 
3 4850 4852 4849 
3 4851 4852 4853 
3 4845 4800 4795 
3 4800 4845 4846 
3 4800 4846 4802 
3 4802 4846 4854 
3 4850 4798 4803 
3 4852 4850 4803 
3 4804 4852 4803 
3 4853 4852 4804 
3 4853 4804 4855 
3 4855 4804 4806 
3 4857 4806 4808 
3 4857 4856 4806 
3 4856 4855 4806 
3 4856 4857 4858 
3 4854 4810 4802 
3 4859 4810 4854 
3 4857 4808 4812 
3 4858 4857 4812 
3 4858 4812 4860 
3 4860 4812 4813 
3 4862 4813 4815 
3 4862 4861 4813 
3 4861 4860 4813 
3 4861 4862 4863 
3 4862 4815 4817 
3 4817 4818 4865 
3 4862 4817 4865 
3 4862 4865 4864 
3 4862 4864 4863 
3 4864 4865 4866 
3 4820 4867 4821 
3 4868 4865 4818 
3 4868 4818 4869 
3 4869 4818 4822 
3 4865 4868 4866 
3 4872 4871 4870 
3 4871 4873 4870 
3 4871 4821 4873 
3 4871 4823 4821 
3 4867 4873 4821 
3 4869 4822 4824 
3 4874 4869 4824 
3 4874 4824 4875 
3 4824 4825 4875 
3 4875 4825 4876 
3 4825 4827 4876 
3 4871 4872 4876 
3 4871 4876 4829 
3 4829 4876 4827 
3 4871 4829 4823 
3 4878 4877 3139 
3 4878 3139 4830 
3 4830 3139 3122 
3 4877 4878 4879 
3 3141 4831 3124 
3 4880 4831 3141 
3 4880 4881 4831 
3 4831 4881 4832 
3 4832 4881 4882 
3 4834 4832 4882 
3 4878 4830 4835 
3 4835 4836 4884 
3 4878 4835 4884 
3 4878 4884 4883 
3 4878 4883 4879 
3 4883 4884 4885 
3 4882 4837 4834 
3 4886 4837 4882 
3 4886 4887 4837 
3 4837 4887 4838 
3 4887 4888 4838 
3 4838 4888 4839 
3 4890 4840 4839 
3 4890 4839 4889 
3 4889 4839 4888 
3 4889 4891 4890 
3 4892 4884 4836 
3 4841 4892 4836 
3 4885 4892 4893 
3 4884 4892 4885 
3 4896 4895 4894 
3 4894 4898 4897 
3 4895 4898 4894 
3 4897 4898 4899 
3 4890 4842 4840 
3 4891 4842 4890 
3 4891 4900 4842 
3 4900 4843 4842 
3 4900 4901 4843 
3 4843 4901 4844 
3 4903 4846 4844 
3 4903 4844 4902 
3 4902 4844 4901 
3 4892 4841 4847 
3 4893 4892 4847 
3 4893 4847 4904 
3 4904 4847 4848 
3 4895 4896 4904 
3 4895 4904 4849 
3 4849 4904 4848 
3 4898 4895 4849 
3 4851 4898 4849 
3 4851 4853 4906 
3 4898 4851 4906 
3 4898 4906 4905 
3 4898 4905 4899 
3 4905 4906 4907 
3 4908 4846 4903 
3 4854 4846 4908 
3 4906 4853 4855 
3 4907 4906 4855 
3 4907 4855 4909 
3 4909 4855 4856 
3 4911 4856 4858 
3 4911 4910 4856 
3 4910 4909 4856 
3 4910 4911 4912 
3 4908 4859 4854 
3 4911 4858 4860 
3 4912 4911 4860 
3 4912 4860 4913 
3 4913 4860 4861 
3 4915 4861 4863 
3 4915 4914 4861 
3 4914 4913 4861 
3 4914 4915 4916 
3 4915 4863 4864 
3 4864 4866 4918 
3 4915 4864 4918 
3 4915 4918 4917 
3 4915 4917 4916 
3 4917 4920 4919 
3 4918 4920 4917 
3 4919 4920 4921 
3 4868 4869 4922 
3 4866 4868 4922 
3 4866 4922 4918 
3 4918 4922 4923 
3 4918 4923 4920 
3 4920 4923 4924 
3 4921 4870 4925 
3 4921 4924 4870 
3 4921 4920 4924 
3 4924 4872 4870 
3 4925 4870 4926 
3 4870 4873 4926 
3 4922 4869 4874 
3 4923 4922 4874 
3 4875 4923 4874 
3 4924 4923 4875 
3 4876 4924 4875 
3 4924 4876 4872 
3 3155 3139 4877 
3 4927 3155 4877 
3 4929 4877 4879 
3 4929 4928 4877 
3 4928 4927 4877 
3 4928 4929 4930 
3 3158 4880 3141 
3 3159 4880 3158 
3 3159 4931 4880 
3 4931 4881 4880 
3 4881 4931 4932 
3 4882 4881 4932 
3 4929 4879 4883 
3 4883 4885 4934 
3 4929 4883 4934 
3 4929 4934 4933 
3 4929 4933 4930 
3 4933 4936 4935 
3 4934 4936 4933 
3 4935 4936 4937 
3 4932 4886 4882 
3 4938 4886 4932 
3 4938 4939 4886 
3 4886 4939 4887 
3 4941 4940 4888 
3 4941 4888 4939 
3 4939 4888 4887 
3 4889 4888 4940 
3 4942 4889 4940 
3 4889 4942 4891 
3 4943 4934 4885 
3 4893 4943 4885 
3 4896 4894 4936 
3 4896 4936 4943 
3 4943 4936 4934 
3 4937 4936 4894 
3 4937 4894 4944 
3 4944 4894 4897 
3 4897 4945 4944 
3 4899 4945 4897 
3 4941 4946 4940 
3 4940 4947 4942 
3 4946 4947 4940 
3 4942 4900 4891 
3 4942 4947 4900 
3 4947 4948 4900 
3 4948 4949 4900 
3 4900 4949 4901 
3 4949 4950 4901 
3 4901 4950 4902 
3 4943 4893 4904 
3 4943 4904 4896 
3 4945 4899 4905 
3 4951 4945 4905 
3 4953 4905 4907 
3 4953 4952 4905 
3 4952 4951 4905 
3 4952 4953 4954 
3 4953 4907 4909 
3 4954 4953 4909 
3 4954 4909 4955 
3 4955 4909 4910 
3 4957 4910 4912 
3 4957 4956 4910 
3 4956 4955 4910 
3 4956 4957 4958 
3 4957 4912 4913 
3 4958 4957 4913 
3 4958 4913 4959 
3 4959 4913 4914 
3 4961 4914 4916 
3 4961 4960 4914 
3 4960 4959 4914 
3 4960 4961 4962 
3 4961 4916 4917 
3 4962 4961 4917 
3 4962 4917 4963 
3 4963 4917 4919 
3 4919 4964 4963 
3 4921 4964 4919 
3 4925 4965 4966 
3 4925 4966 4921 
3 4921 4966 4964 
3 4926 4965 4925 
3 4967 4965 4926 
3 4966 4965 4968 
3 4965 4967 4969 
3 4968 4965 4969 
3 3174 3155 4927 
3 4970 3174 4927 
3 4970 4927 4971 
3 4927 4928 4971 
3 4973 4928 4930 
3 4973 4972 4928 
3 4972 4971 4928 
3 4972 4973 4974 
3 3176 4931 3159 
3 4975 4931 3176 
3 4977 4932 4931 
3 4977 4931 4976 
3 4976 4931 4975 
3 4976 4978 4977 
3 4973 4930 4933 
3 4974 4973 4933 
3 4974 4933 4979 
3 4979 4933 4935 
3 4981 4935 4937 
3 4981 4980 4935 
3 4980 4979 4935 
3 4980 4981 4982 
3 4977 4938 4932 
3 4978 4938 4977 
3 4978 4983 4938 
3 4983 4939 4938 
3 4985 4941 4939 
3 4985 4939 4984 
3 4984 4939 4983 
3 4984 4986 4985 
3 4981 4937 4944 
3 4944 4945 4988 
3 4981 4944 4988 
3 4981 4988 4987 
3 4981 4987 4982 
3 4987 4988 4989 
3 4985 4946 4941 
3 4986 4946 4985 
3 4986 4990 4946 
3 4990 4947 4946 
3 4990 4991 4947 
3 4947 4991 4948 
3 4991 4992 4948 
3 4948 4992 4949 
3 4992 4993 4949 
3 4949 4993 4950 
3 4988 4945 4951 
3 4989 4988 4951 
3 4989 4951 4994 
3 4994 4951 4952 
3 4996 4952 4954 
3 4996 4995 4952 
3 4995 4994 4952 
3 4995 4996 4997 
3 4996 4954 4955 
3 4997 4996 4955 
3 4997 4955 4998 
3 4998 4955 4956 
3 4956 4999 4998 
3 4958 4999 4956 
3 4999 4958 4959 
3 5000 4999 4959 
3 5000 4959 5001 
3 4959 4960 5001 
3 4960 5002 5001 
3 4962 5002 4960 
3 5002 4962 4963 
3 5003 5002 4963 
3 4963 5004 5003 
3 4964 5004 4963 
3 5006 5005 5004 
3 5006 5004 4966 
3 4966 5004 4964 
3 5005 5006 5007 
3 5006 4966 4968 
3 5007 5006 4968 
3 5007 4968 5008 
3 5008 4968 4969 
3 3195 3174 4970 
3 5009 3195 4970 
3 5009 4970 5010 
3 4970 4971 5010 
3 5010 4971 5011 
3 4971 4972 5011 
3 5013 4972 4974 
3 5013 5012 4972 
3 5012 5011 4972 
3 5012 5013 5014 
3 3198 4975 3176 
3 3199 4975 3198 
3 3199 5015 4975 
3 5015 4976 4975 
3 4976 5015 5016 
3 4978 4976 5016 
3 5013 4974 4979 
3 5014 5013 4979 
3 5014 4979 5017 
3 5017 4979 4980 
3 4980 5018 5017 
3 4982 5018 4980 
3 5016 4983 4978 
3 5019 4983 5016 
3 5019 5020 4983 
3 4983 5020 4984 
3 4984 5020 5021 
3 4986 4984 5021 
3 5018 4982 4987 
3 5022 5018 4987 
3 5024 4987 4989 
3 5024 5023 4987 
3 5023 5022 4987 
3 5023 5024 5025 
3 5021 4990 4986 
3 5026 4990 5021 
3 5026 5027 4990 
3 4990 5027 4991 
3 5027 5028 4991 
3 4991 5028 4992 
3 5028 5029 4992 
3 4992 5029 4993 
3 5024 4989 4994 
3 5025 5024 4994 
3 5025 4994 5030 
3 5030 4994 4995 
3 4995 5031 5030 
3 4997 5031 4995 
3 5031 4997 4998 
3 5032 5031 4998 
3 5034 4998 4999 
3 5034 5033 4998 
3 5033 5032 4998 
3 5033 5034 5035 
3 5034 4999 5000 
3 5035 5034 5000 
3 5035 5000 5036 
3 5036 5000 5001 
3 5001 5037 5036 
3 5002 5037 5001 
3 5037 5002 5003 
3 5038 5037 5003 
3 5003 5039 5038 
3 5004 5039 5003 
3 5039 5004 5005 
3 5040 5039 5005 
3 5005 5041 5040 
3 5007 5041 5005 
3 5041 5007 5008 
3 5042 5041 5008 
3 3218 3195 5009 
3 5043 3218 5009 
3 5043 5009 5044 
3 5009 5010 5044 
3 5044 5010 5045 
3 5010 5011 5045 
3 5045 5011 5046 
3 5011 5012 5046 
3 5012 5047 5046 
3 5014 5047 5012 
3 3220 5015 3199 
3 5048 5015 3220 
3 5050 5016 5015 
3 5050 5015 5049 
3 5049 5015 5048 
3 5049 5051 5050 
3 5047 5014 5017 
3 5052 5047 5017 
3 5054 5017 5018 
3 5054 5053 5017 
3 5053 5052 5017 
3 5053 5054 5055 
3 5050 5019 5016 
3 5051 5019 5050 
3 5051 5056 5019 
3 5056 5020 5019 
3 5058 5021 5020 
3 5058 5020 5057 
3 5057 5020 5056 
3 5057 5059 5060 
3 5058 5057 5060 
3 5059 5061 5060 
3 5054 5018 5022 
3 5055 5054 5022 
3 5055 5022 5062 
3 5062 5022 5023 
3 5064 5023 5025 
3 5064 5063 5023 
3 5063 5062 5023 
3 5063 5064 5065 
3 5058 5026 5021 
3 5060 5026 5058 
3 5027 5026 5060 
3 5061 5027 5060 
3 5061 5066 5027 
3 5066 5028 5027 
3 5066 5067 5028 
3 5028 5067 5029 
3 5064 5025 5030 
3 5030 5031 5069 
3 5064 5030 5069 
3 5064 5069 5068 
3 5064 5068 5065 
3 5068 5069 5070 
3 5069 5031 5032 
3 5070 5069 5032 
3 5070 5032 5071 
3 5071 5032 5033 
3 5033 5072 5071 
3 5035 5072 5033 
3 5072 5035 5036 
3 5073 5072 5036 
3 5036 5074 5073 
3 5037 5074 5036 
3 5038 5075 5076 
3 5038 5076 5037 
3 5037 5076 5074 
3 5038 5039 5075 
3 5076 5075 5077 
3 5079 5040 5078 
3 5077 5040 5079 
3 5077 5039 5040 
3 5077 5075 5039 
3 5040 5041 5078 
3 5079 5078 5080 
3 5078 5041 5042 
3 5078 5042 5080 
3 5080 5042 5081 
3 3244 3218 5043 
3 3245 3244 5043 
3 3245 5043 5082 
3 5082 5043 5044 
3 3247 3248 5082 
3 3247 5082 5045 
3 5045 5082 5044 
3 3249 3247 5045 
3 3249 5045 5083 
3 5083 5045 5046 
3 5085 5046 5047 
3 5085 5084 5046 
3 5084 5083 5046 
3 5084 5085 5086 
3 3251 5048 3220 
3 3252 5048 3251 
3 3252 5087 5048 
3 5087 5049 5048 
3 5049 5087 5088 
3 5051 5049 5088 
3 5091 5089 5090 
3 5089 5092 5090 
3 5085 5047 5052 
3 5086 5085 5052 
3 5086 5052 5093 
3 5093 5052 5053 
3 5053 5094 5093 
3 5055 5094 5053 
3 5088 5056 5051 
3 5095 5056 5088 
3 5090 5095 5091 
3 5090 5057 5095 
3 5057 5056 5095 
3 5092 5057 5090 
3 5092 5096 5057 
3 5096 5059 5057 
3 5098 5061 5059 
3 5098 5059 5097 
3 5097 5059 5096 
3 5097 5099 5098 
3 5094 5055 5062 
3 5100 5094 5062 
3 5100 5062 5101 
3 5062 5063 5101 
3 5063 5102 5101 
3 5065 5102 5063 
3 5098 5066 5061 
3 5099 5066 5098 
3 5099 5103 5066 
3 5103 5067 5066 
3 5102 5065 5068 
3 5104 5102 5068 
3 5068 5105 5104 
3 5070 5105 5068 
3 5105 5070 5071 
3 5106 5105 5071 
3 5071 5107 5106 
3 5072 5107 5071 
3 5073 5108 5109 
3 5073 5109 5072 
3 5072 5109 5107 
3 5073 5074 5108 
3 5111 5109 5108 
3 5110 5111 5108 
3 5108 5076 5110 
3 5074 5076 5108 
3 5111 5110 5112 
3 5110 5076 5077 
3 5110 5077 5112 
3 5112 5077 5113 
3 5077 5114 5113 
3 5079 5114 5077 
3 5114 5079 5080 
3 5115 5114 5080 
3 5117 5081 5116 
3 5117 5115 5081 
3 5115 5080 5081 
3 5117 5116 5118 
3 3275 3245 5082 
3 3275 5082 3248 
3 3277 3249 5083 
3 5119 3277 5083 
3 5119 5083 5120 
3 5083 5084 5120 
3 5122 5084 5086 
3 5122 5121 5084 
3 5121 5120 5084 
3 5121 5122 5123 
3 3280 5087 3252 
3 5087 5125 5088 
3 3280 5125 5087 
3 3280 5124 5125 
3 3280 3281 5124 
3 5091 5125 5124 
3 5091 5124 5089 
3 5089 5124 5126 
3 5128 5092 5089 
3 5128 5089 5127 
3 5127 5089 5126 
3 5127 5129 5128 
3 5122 5086 5093 
3 5093 5094 5131 
3 5122 5093 5131 
3 5122 5131 5130 
3 5122 5130 5123 
3 5130 5131 5132 
3 5125 5095 5088 
3 5125 5091 5095 
3 5128 5096 5092 
3 5129 5096 5128 
3 5129 5133 5096 
3 5133 5097 5096 
3 5135 5099 5097 
3 5135 5097 5134 
3 5134 5097 5133 
3 5131 5094 5100 
3 5132 5131 5100 
3 5132 5100 5136 
3 5136 5100 5101 
3 5101 5137 5136 
3 5102 5137 5101 
3 5135 5103 5099 
3 5137 5102 5104 
3 5138 5137 5104 
3 5140 5104 5105 
3 5140 5139 5104 
3 5139 5138 5104 
3 5139 5140 5141 
3 5142 5143 5144 
3 5140 5105 5106 
3 5106 5141 5140 
3 5106 5107 5141 
3 5142 5141 5143 
3 5143 5141 5107 
3 5144 5143 5145 
3 5143 5146 5145 
3 5143 5107 5146 
3 5107 5109 5146 
3 5148 5147 5146 
3 5148 5146 5111 
3 5111 5146 5109 
3 5147 5148 5149 
3 5148 5111 5112 
3 5149 5148 5112 
3 5149 5112 5150 
3 5150 5112 5113 
3 5113 5151 5150 
3 5114 5151 5113 
3 5151 5114 5115 
3 5152 5151 5115 
3 5154 5115 5117 
3 5154 5153 5115 
3 5153 5152 5115 
3 5154 5117 5118 
3 3312 3277 5119 
3 3313 3312 5119 
3 3313 5119 5155 
3 5155 5119 5120 
3 5155 5120 5156 
3 5120 5121 5156 
3 5121 5157 5156 
3 5123 5157 5121 
3 3316 5124 3281 
3 3317 5124 3316 
3 3317 5158 5124 
3 5158 5126 5124 
3 3319 5158 3320 
3 3319 5127 5158 
3 5127 5126 5158 
3 5127 5159 5129 
3 5127 3319 5159 
3 3319 3322 5159 
3 3323 5160 5161 
3 3323 5161 3322 
3 3322 5161 5159 
3 5157 5123 5130 
3 5162 5157 5130 
3 5130 5163 5162 
3 5132 5163 5130 
3 5159 5133 5129 
3 5161 5133 5159 
3 5134 5133 5161 
3 5163 5132 5136 
3 5164 5163 5136 
3 5136 5165 5164 
3 5137 5165 5136 
3 5165 5137 5138 
3 5166 5165 5138 
3 5168 5139 5167 
3 5168 5166 5139 
3 5166 5138 5139 
3 5139 5141 5167 
3 5167 5142 5144 
3 5167 5144 5168 
3 5168 5144 5169 
3 5167 5141 5142 
3 5145 5170 5171 
3 5145 5171 5144 
3 5144 5171 5169 
3 5145 5146 5170 
3 5171 5170 5172 
3 5170 5146 5147 
3 5170 5147 5172 
3 5172 5147 5173 
3 5175 5147 5149 
3 5175 5174 5147 
3 5174 5173 5147 
3 5174 5175 5176 
3 5175 5149 5150 
3 5150 5151 5178 
3 5175 5150 5178 
3 5175 5178 5177 
3 5175 5177 5176 
3 5177 5180 5179 
3 5178 5180 5177 
3 5178 5151 5152 
3 5180 5178 5152 
3 5153 5180 5152 
3 3361 3313 5155 
3 3362 3361 5155 
3 3362 5155 5181 
3 5181 5155 5156 
3 5156 5182 5181 
3 5157 5182 5156 
3 3366 5158 3317 
3 3366 3320 5158 
3 3369 5160 3323 
3 5183 5160 3369 
3 5182 5157 5162 
3 5184 5182 5162 
3 5186 5162 5163 
3 5186 5185 5162 
3 5185 5184 5162 
3 5185 5186 5187 
3 5186 5163 5164 
3 5164 5187 5186 
3 5164 5165 5187 
3 5165 5188 5187 
3 5188 5165 5166 
3 5189 5188 5166 
3 5166 5190 5189 
3 5168 5190 5166 
3 5190 5168 5191 
3 5191 5168 5169 
3 5191 5169 5192 
3 5192 5169 5171 
3 5192 5171 5172 
3 5193 5192 5172 
3 5193 5172 5194 
3 5172 5173 5194 
3 5194 5173 5195 
3 5173 5174 5195 
3 5197 5174 5176 
3 5197 5196 5174 
3 5196 5195 5174 
3 5196 5199 5198 
3 5197 5199 5196 
3 5197 5176 5177 
3 5199 5197 5177 
3 5179 5199 5177 
3 3401 3400 5200 
3 3400 3362 5181 
3 3400 5181 5200 
3 5200 5181 5201 
3 5181 5202 5201 
3 5182 5202 5181 
3 3406 5203 3405 
3 3405 5183 3369 
3 3405 5203 5183 
3 5203 5204 5183 
3 5202 5182 5184 
3 5205 5202 5184 
3 5207 5185 5206 
3 5207 5205 5185 
3 5205 5184 5185 
3 5185 5187 5206 
3 5207 5206 5208 
3 5206 5209 5208 
3 5206 5187 5209 
3 5187 5188 5209 
3 5209 5188 5189 
3 5210 5209 5189 
3 5189 5211 5210 
3 5190 5211 5189 
3 5213 5212 5211 
3 5213 5211 5191 
3 5191 5211 5190 
3 5212 5213 5214 
3 5215 5213 5191 
3 5192 5215 5191 
3 5214 5217 5216 
3 5214 5213 5217 
3 5213 5215 5217 
3 5216 5217 5218 
3 5215 5192 5193 
3 5217 5215 5193 
3 5194 5217 5193 
3 5218 5217 5194 
3 5218 5194 5219 
3 5219 5194 5195 
3 5219 5195 5220 
3 5195 5196 5220 
3 5220 5196 5221 
3 5196 5198 5221 
3 3444 3401 5200 
3 2711 3444 5200 
3 2711 5200 2710 
3 2710 5200 5201 
3 5201 2714 2710 
3 5202 2714 5201 
3 3446 5203 3406 
3 2717 5203 3446 
3 2717 2716 5203 
3 2716 5204 5203 
3 2714 5202 5205 
3 2719 2714 5205 
3 5222 5205 5207 
3 5222 2721 5205 
3 2721 2719 5205 
3 2721 5222 2723 
3 5222 5207 5208 
3 5208 2723 5222 
3 5208 5209 2723 
3 5209 2726 2723 
3 2726 5209 5210 
3 2728 2726 5210 
3 5210 2730 2728 
3 5211 2730 5210 
3 2730 5211 5212 
3 2732 2730 5212 
3 5212 2734 2732 
3 5214 2734 5212 
3 2734 5214 5216 
3 2736 2734 5216 
3 5223 5216 5218 
3 5223 2738 5216 
3 2738 2736 5216 
3 2738 5223 2741 
3 2745 5224 2743 
3 5223 5218 5219 
3 2741 5223 5219 
3 2741 5219 2746 
3 2746 5219 5220 
3 5224 2745 2746 
3 5224 2746 5221 
3 5221 2746 5220 
3 5227 5225 5226 
3 5225 5228 5229 
3 5226 5225 5229 
3 5228 5230 5229 
3 5227 5226 5231 
3 5226 5229 5232 
3 5231 5226 5232 
3 5230 5232 5229 
3 5235 5233 5234 
3 5233 5236 5237 
3 5234 5233 5237 
3 5236 5238 5239 
3 5237 5236 5239 
3 5238 5240 5239 
3 5235 5234 5241 
3 5241 5227 5242 
3 5241 5237 5227 
3 5241 5234 5237 
3 5225 5227 5237 
3 5239 5225 5237 
3 5228 5225 5239 
3 5228 5244 5230 
3 5239 5244 5228 
3 5239 5243 5244 
3 5239 5240 5243 
3 5243 5245 5244 
3 5242 5227 5231 
3 5246 5242 5231 
3 5246 5231 5247 
3 5231 5232 5247 
3 5230 5244 5232 
3 5232 5244 5248 
3 5232 5248 5247 
3 5248 5244 5245 
3 5251 5249 5250 
3 5249 5252 5250 
3 2361 5253 5254 
3 2362 2361 5254 
3 5253 5251 5250 
3 5253 5250 5254 
3 5254 5250 5255 
3 5252 5256 5257 
3 5252 5257 5250 
3 5250 5257 5255 
3 5256 5258 5257 
3 2364 5235 5259 
3 2364 5254 5235 
3 2364 2362 5254 
3 5233 5235 5254 
3 5255 5233 5254 
3 5236 5233 5255 
3 5257 5236 5255 
3 5238 5236 5257 
3 5238 5261 5240 
3 5257 5261 5238 
3 5257 5260 5261 
3 5257 5258 5260 
3 5260 5262 5263 
3 5261 5260 5263 
3 5262 5264 5263 
3 5259 5235 5241 
3 5265 5259 5241 
3 5241 5266 5265 
3 5242 5266 5241 
3 5261 5243 5240 
3 5243 5267 5245 
3 5243 5261 5267 
3 5261 5263 5267 
3 5264 5268 5269 
3 5264 5269 5263 
3 5263 5269 5267 
3 5268 5270 5271 
3 5269 5268 5271 
3 5270 5272 5271 
3 5246 5273 5274 
3 5246 5274 5242 
3 5242 5274 5266 
3 5247 5273 5246 
3 5275 5273 5247 
3 5248 5275 5247 
3 5276 5275 5248 
3 5245 5276 5248 
3 5245 5267 5276 
3 5267 5277 5276 
3 5267 5269 5277 
3 5269 5278 5277 
3 5269 5271 5278 
3 5271 5279 5278 
3 5272 5280 5281 
3 5272 5281 5271 
3 5271 5281 5279 
3 5280 5282 5283 
3 5281 5280 5283 
3 5282 5284 5283 
3 5274 5273 5285 
3 5287 5285 5273 
3 5287 5273 5286 
3 5286 5273 5275 
3 5275 5276 5286 
3 5276 5288 5286 
3 5276 5277 5288 
3 5277 5289 5288 
3 5277 5278 5289 
3 5278 5290 5289 
3 5278 5279 5290 
3 5279 5291 5290 
3 5279 5281 5291 
3 5281 5292 5291 
3 5281 5283 5292 
3 5283 5293 5292 
3 5284 5294 5295 
3 5284 5295 5283 
3 5283 5295 5293 
3 5294 5296 5297 
3 5295 5294 5297 
3 5296 5298 5297 
3 5287 5286 5299 
3 5286 5288 5300 
3 5299 5286 5300 
3 5288 5289 5301 
3 5300 5288 5301 
3 5289 5290 5302 
3 5301 5289 5302 
3 5290 5291 5303 
3 5302 5290 5303 
3 5291 5292 5304 
3 5303 5291 5304 
3 5306 5304 5292 
3 5306 5292 5305 
3 5305 5292 5293 
3 5293 5295 5305 
3 5295 5307 5305 
3 5295 5297 5307 
3 5297 5308 5307 
3 5298 5309 5310 
3 5298 5310 5297 
3 5297 5310 5308 
3 5309 5311 5312 
3 5310 5309 5312 
3 5311 5313 5312 
3 5306 5305 5314 
3 5316 5314 5305 
3 5316 5305 5315 
3 5315 5305 5307 
3 5317 5318 5315 
3 5317 5315 5308 
3 5308 5315 5307 
3 5320 5317 5308 
3 5320 5308 5319 
3 5319 5308 5310 
3 5310 5312 5319 
3 5312 5321 5319 
3 5313 5322 5323 
3 5313 5323 5312 
3 5312 5323 5321 
3 5322 5324 5325 
3 5323 5322 5325 
3 5324 5326 5325 
3 5316 5315 5327 
3 5318 5327 5315 
3 5328 5329 5330 
3 5328 5320 5319 
3 5328 5319 5329 
3 5329 5319 5331 
3 5319 5321 5331 
3 5321 5332 5331 
3 5333 5334 5332 
3 5333 5332 5323 
3 5323 5332 5321 
3 5336 5333 5323 
3 5336 5323 5335 
3 5335 5323 5325 
3 5326 5337 5335 
3 5325 5326 5335 
3 5330 5329 5338 
3 5329 5331 5339 
3 5338 5329 5339 
3 5341 5339 5331 
3 5341 5331 5340 
3 5340 5331 5332 
3 5334 5342 5343 
3 5334 5343 5332 
3 5332 5343 5340 
3 5342 5345 5343 
3 5336 5335 5344 
3 5335 5337 5344 
3 5341 5340 5346 
3 5340 5343 5347 
3 5346 5340 5347 
3 5345 5347 5343 
3 5348 5349 5350 
3 5348 5351 5349 
3 5350 5349 5352 
3 5351 5352 5349 
3 2833 2834 5353 
3 5353 2834 2840 
3 2365 5354 5355 
3 2366 2365 5355 
3 5251 5355 5354 
3 5251 5354 5249 
3 5249 5354 5356 
3 5358 5252 5249 
3 5358 5249 5357 
3 5357 5249 5356 
3 5357 5359 5358 
3 5355 2361 2366 
3 5253 2361 5355 
3 5355 5251 5253 
3 5358 5256 5252 
3 5256 5361 5258 
3 5358 5361 5256 
3 5358 5360 5361 
3 5358 5359 5360 
3 5360 5362 5361 
3 2364 5259 2370 
3 5361 5260 5258 
3 5362 5260 5361 
3 5362 5363 5260 
3 5363 5262 5260 
3 5262 5363 5364 
3 5264 5262 5364 
3 5265 2370 5259 
3 5265 5365 2370 
3 5365 2372 2370 
3 5265 5266 5365 
3 5364 5268 5264 
3 5366 5268 5364 
3 5366 5367 5268 
3 5268 5367 5270 
3 5270 5367 5368 
3 5272 5270 5368 
3 5370 2374 2372 
3 5370 2372 5369 
3 5369 2372 5365 
3 5365 5274 5369 
3 5266 5274 5365 
3 5368 5280 5272 
3 5371 5280 5368 
3 5373 5372 5282 
3 5373 5282 5371 
3 5371 5282 5280 
3 5282 5372 5284 
3 5370 5369 5374 
3 5376 5285 5375 
3 5374 5285 5376 
3 5374 5274 5285 
3 5374 5369 5274 
3 5285 5287 5375 
3 5373 5377 5372 
3 5372 5294 5284 
3 5372 5377 5294 
3 5377 5378 5294 
3 5378 5379 5294 
3 5294 5379 5296 
3 5296 5379 5380 
3 5298 5296 5380 
3 5376 5375 5381 
3 5383 5299 5382 
3 5381 5299 5383 
3 5381 5287 5299 
3 5381 5375 5287 
3 5300 5382 5299 
3 5384 5382 5300 
3 5301 5384 5300 
3 5385 5384 5301 
3 5302 5385 5301 
3 5386 5385 5302 
3 5303 5386 5302 
3 5387 5386 5303 
3 5304 5387 5303 
3 5388 5387 5304 
3 5304 5306 5388 
3 5380 5309 5298 
3 5389 5309 5380 
3 5391 5390 5311 
3 5391 5311 5389 
3 5389 5311 5309 
3 5311 5390 5313 
3 5393 5383 5382 
3 5392 5393 5382 
3 5382 5384 5392 
3 5384 5394 5392 
3 5384 5385 5394 
3 5385 5395 5394 
3 5385 5386 5395 
3 5386 5396 5395 
3 5386 5387 5396 
3 5387 5397 5396 
3 5387 5388 5397 
3 5388 5398 5397 
3 5314 5388 5306 
3 5314 5399 5388 
3 5399 5398 5388 
3 5314 5316 5399 
3 5317 5400 5318 
3 5317 5320 5400 
3 5391 5401 5390 
3 5390 5322 5313 
3 5390 5401 5322 
3 5401 5402 5322 
3 5404 5403 5324 
3 5404 5324 5402 
3 5402 5324 5322 
3 5324 5403 5326 
3 5393 5392 5405 
3 5392 5394 5406 
3 5405 5392 5406 
3 5394 5395 5407 
3 5406 5394 5407 
3 5395 5396 5408 
3 5407 5395 5408 
3 5396 5397 5409 
3 5408 5396 5409 
3 5397 5398 5410 
3 5409 5397 5410 
3 5412 5410 5398 
3 5412 5398 5411 
3 5411 5398 5399 
3 5327 5399 5316 
3 5327 5413 5399 
3 5413 5411 5399 
3 5330 5400 5328 
3 5330 5413 5400 
3 5318 5400 5327 
3 5327 5400 5413 
3 5400 5320 5328 
3 5333 5414 5334 
3 5404 5415 5403 
3 5414 5333 5336 
3 5403 5337 5326 
3 5403 2851 5337 
3 5403 5415 2851 
3 2851 2852 5337 
3 5412 5411 5416 
3 5418 5416 5411 
3 5418 5411 5417 
3 5417 5411 5413 
3 5338 5413 5330 
3 5338 5419 5413 
3 5419 5417 5413 
3 5339 5419 5338 
3 5420 5419 5339 
3 5339 5341 5420 
3 5414 5342 5334 
3 5344 5414 5336 
3 5344 5421 5414 
3 5342 5414 5345 
3 5345 5414 5421 
3 5337 5421 5344 
3 5337 2852 5421 
3 2852 2854 5421 
3 5418 5417 5422 
3 5424 5422 5417 
3 5424 5417 5423 
3 5423 5417 5419 
3 5419 5420 5423 
3 5420 5425 5423 
3 5346 5420 5341 
3 5346 5426 5420 
3 5426 5425 5420 
3 5347 5426 5346 
3 5427 5426 5347 
3 5350 5421 5348 
3 5350 5427 5421 
3 5345 5421 5347 
3 5347 5421 5427 
3 5348 2860 5351 
3 5348 5421 2860 
3 5421 2854 2860 
3 5424 5423 5428 
3 5423 5425 5429 
3 5428 5423 5429 
3 5425 5426 5430 
3 5429 5425 5430 
3 5432 5430 5426 
3 5432 5426 5431 
3 5431 5426 5427 
3 5352 5427 5350 
3 5352 5433 5427 
3 5433 5431 5427 
3 5353 2860 2833 
3 5353 5433 2860 
3 5351 2860 5352 
3 5352 2860 5433 
3 5432 5431 5434 
3 5431 5433 5435 
3 5434 5431 5435 
3 5433 5353 2840 
3 5433 2840 5435 
3 5435 2840 2875 
3 2378 5436 2365 
3 2365 5436 5354 
3 5436 5437 5354 
3 5354 5437 5356 
3 5439 5438 5357 
3 5439 5357 5437 
3 5437 5357 5356 
3 5357 5438 5359 
3 5439 5440 5438 
3 5438 5360 5359 
3 5438 5440 5360 
3 5440 5441 5360 
3 5360 5441 5442 
3 5362 5360 5442 
3 5442 5363 5362 
3 5443 5363 5442 
3 5445 5364 5363 
3 5445 5363 5444 
3 5444 5363 5443 
3 5444 5446 5445 
3 2382 2383 5447 
3 5445 5366 5364 
3 5446 5366 5445 
3 5446 5448 5366 
3 5448 5367 5366 
3 5450 5368 5367 
3 5450 5367 5449 
3 5449 5367 5448 
3 5449 5451 5450 
3 2374 5370 5453 
3 2383 2374 5453 
3 2383 5453 5452 
3 2383 5452 5447 
3 5452 5453 5454 
3 5450 5371 5368 
3 5371 5456 5373 
3 5450 5456 5371 
3 5450 5455 5456 
3 5450 5451 5455 
3 5455 5457 5456 
3 5453 5370 5374 
3 5374 5454 5453 
3 5374 5376 5454 
3 5376 5458 5454 
3 5456 5377 5373 
3 5457 5377 5456 
3 5457 5459 5377 
3 5459 5378 5377 
3 5459 5460 5378 
3 5378 5460 5379 
3 5462 5380 5379 
3 5462 5379 5461 
3 5461 5379 5460 
3 5461 5463 5462 
3 5458 5376 5381 
3 5464 5458 5381 
3 5381 5465 5464 
3 5383 5465 5381 
3 5462 5389 5380 
3 5389 5467 5391 
3 5462 5467 5389 
3 5462 5466 5467 
3 5462 5463 5466 
3 5466 5468 5467 
3 5470 5469 5465 
3 5470 5465 5393 
3 5393 5465 5383 
3 5469 5472 5471 
3 5470 5472 5469 
3 5471 5474 5473 
3 5472 5474 5471 
3 5473 5474 5475 
3 5467 5401 5391 
3 5468 5401 5467 
3 5468 5476 5401 
3 5476 5402 5401 
3 5478 5404 5402 
3 5478 5402 5477 
3 5477 5402 5476 
3 5477 5479 5478 
3 5470 5393 5405 
3 5472 5470 5405 
3 5406 5472 5405 
3 5474 5472 5406 
3 5407 5474 5406 
3 5475 5474 5407 
3 5475 5407 5480 
3 5480 5407 5408 
3 5480 5408 5481 
3 5408 5409 5481 
3 5483 5410 5482 
3 5483 5481 5410 
3 5481 5409 5410 
3 5410 5412 5482 
3 5478 5415 5404 
3 5479 5415 5478 
3 5479 2899 5415 
3 2899 2851 5415 
3 5483 5482 5484 
3 5482 5412 5416 
3 5482 5416 5484 
3 5484 5416 5485 
3 5416 5486 5485 
3 5418 5486 5416 
3 5486 5418 5422 
3 5487 5486 5422 
3 5422 5488 5487 
3 5424 5488 5422 
3 5488 5424 5428 
3 5489 5488 5428 
3 5489 5428 5490 
3 5428 5429 5490 
3 5490 5429 5491 
3 5429 5430 5491 
3 5430 5492 5491 
3 5432 5492 5430 
3 5492 5432 5434 
3 5493 5492 5434 
3 5493 5434 5494 
3 5434 5435 5494 
3 5494 5435 2914 
3 5435 2875 2914 
3 2386 5495 2378 
3 2378 5495 5436 
3 5495 5496 5436 
3 5436 5496 5437 
3 5498 5439 5437 
3 5498 5437 5497 
3 5497 5437 5496 
3 5497 5499 5498 
3 5498 5440 5439 
3 5499 5440 5498 
3 5499 5500 5440 
3 5500 5441 5440 
3 5441 5500 5501 
3 5442 5441 5501 
3 5501 5443 5442 
3 5502 5443 5501 
3 5502 5503 5443 
3 5443 5503 5444 
3 5505 5446 5444 
3 5505 5444 5504 
3 5504 5444 5503 
3 5504 5506 5505 
3 5508 2382 5447 
3 5508 5507 2382 
3 5507 2390 2382 
3 5507 5508 5509 
3 5505 5448 5446 
3 5506 5448 5505 
3 5506 5510 5448 
3 5510 5449 5448 
3 5449 5510 5511 
3 5451 5449 5511 
3 5508 5447 5452 
3 5452 5509 5508 
3 5452 5454 5509 
3 5454 5512 5509 
3 5511 5455 5451 
3 5513 5455 5511 
3 5455 5513 5514 
3 5457 5455 5514 
3 5516 5515 5512 
3 5516 5512 5458 
3 5458 5512 5454 
3 5515 5516 5517 
3 5514 5459 5457 
3 5518 5459 5514 
3 5518 5519 5459 
3 5459 5519 5460 
3 5519 5520 5460 
3 5460 5520 5461 
3 5461 5520 5521 
3 5463 5461 5521 
3 5516 5458 5464 
3 5464 5465 5523 
3 5516 5464 5523 
3 5516 5523 5522 
3 5516 5522 5517 
3 5522 5523 5524 
3 5521 5466 5463 
3 5525 5466 5521 
3 5466 5525 5526 
3 5468 5466 5526 
3 5523 5465 5469 
3 5524 5523 5469 
3 5524 5469 5527 
3 5527 5469 5471 
3 5527 5471 5528 
3 5471 5473 5528 
3 5473 5529 5528 
3 5475 5529 5473 
3 5526 5476 5468 
3 5530 5476 5526 
3 5532 5531 5477 
3 5532 5477 5530 
3 5530 5477 5476 
3 5477 5531 5479 
3 5529 5475 5480 
3 5533 5529 5480 
3 5533 5480 5534 
3 5480 5481 5534 
3 5481 5535 5534 
3 5483 5535 5481 
3 5532 5536 5531 
3 5531 2899 5479 
3 5531 5536 2899 
3 5536 2928 2899 
3 5535 5483 5484 
3 5537 5535 5484 
3 5539 5485 5538 
3 5539 5537 5485 
3 5537 5484 5485 
3 5485 5486 5538 
3 5539 5538 5540 
3 5542 5487 5541 
3 5540 5487 5542 
3 5540 5486 5487 
3 5540 5538 5486 
3 5487 5488 5541 
3 5542 5541 5543 
3 5541 5488 5489 
3 5541 5489 5543 
3 5543 5489 5544 
3 5544 5489 5545 
3 5489 5490 5545 
3 5545 5490 5546 
3 5490 5491 5546 
3 5548 5491 5492 
3 5548 5547 5491 
3 5547 5546 5491 
3 5547 5548 5549 
3 5548 5492 5493 
3 5549 5548 5493 
3 5549 5493 5550 
3 5550 5493 5494 
3 5551 2914 2941 
3 5551 5550 2914 
3 5550 5494 2914 
3 5551 2941 2946 
3 2393 5552 2386 
3 2386 5552 5495 
3 5552 5553 5495 
3 5495 5553 5496 
3 5553 5554 5496 
3 5496 5554 5497 
3 5497 5554 5555 
3 5499 5497 5555 
3 5555 5500 5499 
3 5556 5500 5555 
3 5558 5501 5500 
3 5558 5500 5557 
3 5557 5500 5556 
3 5557 5559 5558 
3 5558 5502 5501 
3 5559 5502 5558 
3 5559 5560 5502 
3 5560 5503 5502 
3 5560 5561 5503 
3 5503 5561 5504 
3 5504 5561 5562 
3 5506 5504 5562 
3 2397 2390 5563 
3 2390 5507 5563 
3 5565 5507 5509 
3 5565 5564 5507 
3 5564 5563 5507 
3 5564 5565 5566 
3 5510 5568 5567 
3 5510 5506 5568 
3 5506 5562 5568 
3 5510 5567 5511 
3 5569 5565 5509 
3 5512 5569 5509 
3 5566 5569 5570 
3 5565 5569 5566 
3 5568 5571 5567 
3 5567 5513 5511 
3 5567 5571 5513 
3 5571 5572 5513 
3 5513 5572 5573 
3 5514 5513 5573 
3 5569 5512 5515 
3 5515 5517 5575 
3 5569 5515 5575 
3 5569 5575 5574 
3 5569 5574 5570 
3 5574 5575 5576 
3 5573 5518 5514 
3 5577 5518 5573 
3 5577 5578 5518 
3 5518 5578 5519 
3 5580 5579 5520 
3 5580 5520 5578 
3 5578 5520 5519 
3 5520 5579 5521 
3 5575 5517 5522 
3 5522 5524 5582 
3 5575 5522 5582 
3 5575 5582 5581 
3 5575 5581 5576 
3 5581 5582 5583 
3 5580 5584 5579 
3 5579 5525 5521 
3 5579 5584 5525 
3 5584 5585 5525 
3 5525 5585 5586 
3 5526 5525 5586 
3 5582 5524 5527 
3 5583 5582 5527 
3 5583 5527 5587 
3 5587 5527 5528 
3 5589 5528 5529 
3 5589 5588 5528 
3 5588 5587 5528 
3 5588 5589 5590 
3 5530 5592 5591 
3 5530 5526 5592 
3 5526 5586 5592 
3 5530 5591 5532 
3 5589 5529 5533 
3 5589 5533 5534 
3 5589 5534 5594 
3 5589 5594 5590 
3 5593 5594 5534 
3 5534 5535 5593 
3 5592 5595 5591 
3 5591 5536 5532 
3 5591 5595 5536 
3 5595 5596 5536 
3 5596 2956 5536 
3 5536 2956 2928 
3 5594 5593 5597 
3 5593 5535 5537 
3 5593 5537 5597 
3 5597 5537 5598 
3 5537 5599 5598 
3 5539 5599 5537 
3 5599 5539 5540 
3 5600 5599 5540 
3 5602 5540 5542 
3 5602 5601 5540 
3 5601 5600 5540 
3 5601 5604 5603 
3 5602 5604 5601 
3 5603 5604 5605 
3 5602 5542 5543 
3 5604 5602 5543 
3 5544 5604 5543 
3 5605 5604 5544 
3 5605 5544 5606 
3 5606 5544 5545 
3 5606 5545 5607 
3 5545 5546 5607 
3 5607 5546 5608 
3 5546 5547 5608 
3 5547 5609 5608 
3 5549 5609 5547 
3 5609 5549 5550 
3 5610 5609 5550 
3 2972 5550 5551 
3 2972 2971 5550 
3 2971 5610 5550 
3 2972 5551 2946 
3 5613 5611 5612 
3 5611 5614 5615 
3 5612 5611 5615 
3 5614 5616 5615 
3 5612 2403 5613 
3 5612 5552 2403 
3 5552 2393 2403 
3 5615 5552 5612 
3 5553 5552 5615 
3 5616 5553 5615 
3 5616 5617 5553 
3 5617 5554 5553 
3 5619 5555 5554 
3 5619 5554 5618 
3 5618 5554 5617 
3 5618 5620 5619 
3 2405 2406 5621 
3 5619 5556 5555 
3 5620 5556 5619 
3 5620 5622 5556 
3 5622 5557 5556 
3 5624 5559 5557 
3 5624 5557 5623 
3 5623 5557 5622 
3 5623 5625 5624 
3 5621 2407 5626 
3 2406 2407 5621 
3 5624 5560 5559 
3 5624 5561 5560 
3 5624 5628 5561 
3 5624 5625 5628 
3 5627 5561 5628 
3 5561 5627 5562 
3 5626 2407 2397 
3 5626 2397 5629 
3 5629 2397 5563 
3 5629 5563 5630 
3 5563 5564 5630 
3 5564 5631 5630 
3 5566 5631 5564 
3 5628 5632 5627 
3 5627 5632 5633 
3 5627 5633 5562 
3 5562 5633 5568 
3 5635 5634 5631 
3 5635 5631 5570 
3 5570 5631 5566 
3 5634 5637 5636 
3 5635 5637 5634 
3 5636 5637 5638 
3 5633 5571 5568 
3 5639 5571 5633 
3 5639 5640 5571 
3 5571 5640 5572 
3 5642 5573 5572 
3 5642 5572 5641 
3 5641 5572 5640 
3 5641 5643 5642 
3 5635 5570 5574 
3 5574 5576 5644 
3 5574 5644 5635 
3 5635 5644 5637 
3 5638 5644 5645 
3 5637 5644 5638 
3 5642 5577 5573 
3 5643 5577 5642 
3 5643 5646 5577 
3 5646 5578 5577 
3 5648 5580 5578 
3 5648 5578 5647 
3 5647 5578 5646 
3 5647 5649 5648 
3 5644 5576 5581 
3 5581 5583 5651 
3 5644 5581 5651 
3 5644 5651 5650 
3 5644 5650 5645 
3 5650 5651 5652 
3 5648 5584 5580 
3 5649 5584 5648 
3 5649 5653 5584 
3 5653 5585 5584 
3 5585 5653 5654 
3 5586 5585 5654 
3 5651 5583 5587 
3 5652 5651 5587 
3 5652 5587 5655 
3 5655 5587 5588 
3 5588 5656 5655 
3 5590 5656 5588 
3 5658 5654 5657 
3 5658 5592 5654 
3 5592 5586 5654 
3 5657 5659 5658 
3 5661 5660 5656 
3 5661 5656 5594 
3 5594 5656 5590 
3 5660 5661 5662 
3 5658 5595 5592 
3 5659 5595 5658 
3 5659 5663 5595 
3 5663 5596 5595 
3 5663 2986 5596 
3 5596 2986 2956 
3 5661 5594 5597 
3 5662 5661 5597 
3 5662 5597 5664 
3 5664 5597 5598 
3 5666 5598 5599 
3 5666 5665 5598 
3 5665 5664 5598 
3 5665 5666 5667 
3 5666 5599 5600 
3 5667 5666 5600 
3 5667 5600 5668 
3 5668 5600 5601 
3 5668 5601 5669 
3 5601 5603 5669 
3 5671 5603 5605 
3 5671 5670 5603 
3 5670 5669 5603 
3 5670 5673 5672 
3 5671 5673 5670 
3 5672 5675 5674 
3 5673 5675 5672 
3 5674 5675 5676 
3 5671 5605 5606 
3 5673 5671 5606 
3 5607 5673 5606 
3 5675 5673 5607 
3 5608 5675 5607 
3 5608 5609 5678 
3 5675 5608 5678 
3 5675 5678 5677 
3 5675 5677 5676 
3 5677 5678 5679 
3 5678 5609 5610 
3 5679 5678 5610 
3 5679 5610 2998 
3 2998 5610 2971 
3 5613 2408 765 
3 5613 765 5611 
3 5611 765 767 
3 767 769 5611 
3 5611 769 5614 
3 5614 769 771 
3 5616 5614 771 
3 2408 5613 2403 
3 771 5617 5616 
3 773 5617 771 
3 775 5680 5618 
3 775 5618 773 
3 773 5618 5617 
3 5618 5680 5620 
3 2405 779 777 
3 5621 779 2405 
3 775 781 5680 
3 5680 5622 5620 
3 5680 781 5622 
3 781 783 5622 
3 783 785 5622 
3 5622 785 5623 
3 5623 785 787 
3 5625 5623 787 
3 779 5621 789 
3 789 5621 5626 
3 5681 787 791 
3 5681 5628 787 
3 5628 5625 787 
3 791 793 5681 
3 789 5626 5629 
3 795 789 5629 
3 795 5629 797 
3 5629 5630 797 
3 5682 5630 5631 
3 5682 799 5630 
3 799 797 5630 
3 799 5682 802 
3 5681 5632 5628 
3 5632 5683 5633 
3 5681 5683 5632 
3 5681 805 5683 
3 5681 793 805 
3 805 807 5683 
3 5682 5631 5634 
3 802 5682 5634 
3 802 5634 808 
3 808 5634 5636 
3 5636 811 808 
3 5638 811 5636 
3 5683 5639 5633 
3 807 5639 5683 
3 807 814 5639 
3 814 5640 5639 
3 814 816 5640 
3 5640 816 5641 
3 5684 5643 5641 
3 5684 5641 818 
3 818 5641 816 
3 818 820 5684 
3 5685 821 811 
3 5685 811 5645 
3 5645 811 5638 
3 821 5685 824 
3 5684 5646 5643 
3 820 5646 5684 
3 820 828 5646 
3 828 5647 5646 
3 5647 828 830 
3 5649 5647 830 
3 5685 5645 5650 
3 5650 5652 5686 
3 5685 5650 5686 
3 5685 5686 831 
3 5685 831 824 
3 831 5686 833 
3 830 5653 5649 
3 835 5653 830 
3 5653 835 837 
3 5654 5653 837 
3 5686 5652 5655 
3 5655 833 5686 
3 5655 5656 833 
3 5656 840 833 
3 837 5657 5654 
3 843 5657 837 
3 5657 843 846 
3 5659 5657 846 
3 840 5656 5660 
3 848 840 5660 
3 5687 5660 5662 
3 5687 850 5660 
3 850 848 5660 
3 850 5687 853 
3 846 5663 5659 
3 855 5663 846 
3 855 857 5663 
3 5663 857 2986 
3 5687 5662 5664 
3 853 5687 5664 
3 853 5664 858 
3 858 5664 5665 
3 5665 860 858 
3 5667 860 5665 
3 860 5667 5668 
3 868 860 5668 
3 868 5668 870 
3 5668 5669 870 
3 870 5669 871 
3 5669 5670 871 
3 871 5670 872 
3 5670 5672 872 
3 872 5672 874 
3 5672 5674 874 
3 5688 5674 5676 
3 5688 876 5674 
3 876 874 5674 
3 876 5688 878 
3 5688 5676 5677 
3 5677 5679 3023 
3 5688 5677 3023 
3 5688 3023 880 
3 5688 880 878 
3 3023 5679 2998 
3 4607 5689 4608 
3 4608 5689 4612 
3 1994 4622 4524 
3 4622 2007 4524 
3 5692 5690 5691 
3 4527 5691 5690 
3 4527 5690 4525 
3 4525 5690 5693 
3 4525 5693 5694 
3 4528 4525 5694 
3 5697 5695 5696 
3 5695 5698 5696 
3 5692 5691 5699 
3 5691 4527 4529 
3 5691 4529 5699 
3 5699 4529 5700 
3 5700 4529 4528 
3 5700 4528 5694 
3 5701 5702 5703 
3 5701 5705 5702 
3 5697 5696 5704 
3 5696 5698 5704 
3 4532 5706 4530 
3 4533 4530 5706 
3 5707 4533 5706 
3 5707 4535 4533 
3 5710 5708 5709 
3 5708 5711 5709 
3 5703 5702 5712 
3 5702 5705 5712 
3 5713 5714 5715 
3 5706 4532 4537 
3 5706 4539 5707 
3 5706 4537 4539 
3 5707 4539 5716 
3 5714 5713 4539 
3 5716 4539 5713 
3 5709 5716 5710 
3 5709 4540 5716 
3 5707 5716 4535 
3 4535 5716 4540 
3 4540 5718 4542 
3 5709 5718 4540 
3 5709 5717 5718 
3 5709 5711 5717 
3 5717 5719 5718 
3 5721 5715 5714 
3 5720 5721 5714 
3 4539 5720 5714 
3 4539 5722 5720 
3 4539 4544 5722 
3 5723 5720 5722 
3 4544 5724 5722 
3 4546 5724 4544 
3 5718 4547 4542 
3 5719 4547 5718 
3 5719 5725 4547 
3 5725 4548 4547 
3 5725 5726 4548 
3 4548 5726 4549 
3 5726 5727 4549 
3 4549 5727 4551 
3 5727 5728 4551 
3 4551 5728 2453 
3 5720 5729 5721 
3 4552 4554 5730 
3 5720 5723 5729 
3 5730 4556 4552 
3 5731 5732 5733 
3 5731 4557 5732 
3 5731 5724 4557 
3 5724 4546 4557 
3 4560 5735 5734 
3 4558 4560 5734 
3 4554 4558 5734 
3 4554 5734 5736 
3 4554 5736 5730 
3 5736 5734 5737 
3 5733 4562 5738 
3 5733 5732 4562 
3 5738 4562 5736 
3 4556 5730 4562 
3 5736 4562 5730 
3 4566 5732 5740 
3 4566 4562 5732 
3 5740 5732 5739 
3 4557 4564 5732 
3 5739 5732 4564 
3 5739 4564 5741 
3 4564 4567 5741 
3 4567 5742 5741 
3 4569 5742 4567 
3 4607 4690 5689 
3 5745 5743 5744 
3 5743 5746 5747 
3 5744 5743 5747 
3 5746 5748 5749 
3 5747 5746 5749 
3 5748 5750 5749 
3 4690 4612 5689 
3 5752 5745 5744 
3 5751 5752 5744 
3 5744 5747 5751 
3 5747 5753 5751 
3 5747 5749 5753 
3 5749 5754 5753 
3 5750 5755 5754 
3 5749 5750 5754 
3 5758 5756 5757 
3 5756 5760 5757 
3 5752 5751 5759 
3 5762 5759 5751 
3 5762 5751 5761 
3 5761 5751 5753 
3 5753 5754 5761 
3 5754 5763 5761 
3 5755 5764 5765 
3 5755 5765 5754 
3 5754 5765 5763 
3 5764 5766 5767 
3 5765 5764 5767 
3 5766 5768 5767 
3 5758 5757 5769 
3 5757 5760 5769 
3 5762 5761 5770 
3 5761 5763 5771 
3 5770 5761 5771 
3 5773 5771 5763 
3 5773 5763 5772 
3 5772 5763 5765 
3 5765 5767 5772 
3 5767 5774 5772 
3 5768 5775 5776 
3 5768 5776 5767 
3 5767 5776 5774 
3 5775 5777 5778 
3 5776 5775 5778 
3 5777 5779 5778 
3 5690 5692 5780 
3 5780 5781 5773 
3 5780 5773 5693 
3 5780 5693 5690 
3 5693 5773 5772 
3 5693 5782 5694 
3 5693 5772 5782 
3 5772 5774 5782 
3 5697 5776 5695 
3 5697 5782 5776 
3 5782 5774 5776 
3 5695 5783 5698 
3 5695 5776 5783 
3 5776 5778 5783 
3 5779 5784 5785 
3 5779 5785 5778 
3 5778 5785 5783 
3 5784 5786 5787 
3 5785 5784 5787 
3 5786 5788 5787 
3 5780 5692 5699 
3 5781 5780 5699 
3 5781 5699 5789 
3 5789 5699 5700 
3 5700 5782 5789 
3 5700 5694 5782 
3 5789 5782 5790 
3 5701 5703 5782 
3 5790 5782 5703 
3 5704 5782 5697 
3 5704 5791 5782 
3 5701 5782 5705 
3 5705 5782 5791 
3 5698 5791 5704 
3 5698 5783 5791 
3 5783 5792 5791 
3 5783 5785 5792 
3 5785 5793 5792 
3 5710 5787 5708 
3 5710 5793 5787 
3 5793 5785 5787 
3 5708 5795 5711 
3 5787 5795 5708 
3 5787 5794 5795 
3 5787 5788 5794 
3 5794 5796 5797 
3 5795 5794 5797 
3 5796 5798 5797 
3 5712 5799 5800 
3 5712 5800 5703 
3 5703 5800 5790 
3 5705 5799 5712 
3 5705 5791 5799 
3 5791 5801 5799 
3 5715 5792 5713 
3 5715 5801 5792 
3 5801 5791 5792 
3 5793 5713 5792 
3 5716 5713 5793 
3 5793 5710 5716 
3 5795 5717 5711 
3 5717 5802 5719 
3 5717 5795 5802 
3 5795 5797 5802 
3 5798 5803 5804 
3 5798 5804 5797 
3 5797 5804 5802 
3 5803 5805 5806 
3 5804 5803 5806 
3 5805 5807 5808 
3 5806 5805 5808 
3 5800 5799 5809 
3 5799 5801 5810 
3 5809 5799 5810 
3 5801 5811 5810 
3 5801 5715 5811 
3 5715 5721 5811 
3 5722 5812 5723 
3 5722 5724 5812 
3 5802 5725 5719 
3 5804 5725 5802 
3 5726 5725 5804 
3 5806 5726 5804 
3 5727 5726 5806 
3 5808 5727 5806 
3 5728 5727 5808 
3 5815 5813 5814 
3 5813 5816 5814 
3 5729 5817 5818 
3 5729 5818 5721 
3 5721 5818 5811 
3 5733 5812 5731 
3 5733 5817 5812 
3 5723 5812 5729 
3 5729 5812 5817 
3 5812 5724 5731 
3 5820 5815 5814 
3 5819 5820 5814 
3 5816 5821 5734 
3 5816 5734 5819 
3 5816 5819 5814 
3 5819 5734 5735 
3 5818 5817 5822 
3 5818 5822 5734 
3 5818 5734 5821 
3 5737 5734 5822 
3 5817 5738 5822 
3 5733 5738 5817 
3 5740 5823 5824 
3 5739 5823 5740 
3 5823 5739 5825 
3 5739 5741 5825 
3 5741 5826 5825 
3 5742 5826 5741 
3 4750 5827 4751 
3 5830 5828 5829 
3 5828 5831 5829 
3 4751 5827 4760 
3 5834 5832 5833 
3 5745 5833 5832 
3 5745 5832 5743 
3 5743 5832 5835 
3 5829 5835 5830 
3 5829 5746 5835 
3 5746 5743 5835 
3 5831 5746 5829 
3 5831 5836 5746 
3 5836 5748 5746 
3 5838 5750 5748 
3 5838 5748 5837 
3 5837 5748 5836 
3 5837 5839 5838 
3 5841 5834 5833 
3 5840 5841 5833 
3 5833 5752 5840 
3 5745 5752 5833 
3 5842 5750 5838 
3 5755 5750 5842 
3 5839 5843 5842 
3 5838 5839 5842 
3 5846 5844 5845 
3 5840 5756 5758 
3 5841 5840 5758 
3 5841 5758 5845 
3 5841 5845 5844 
3 5759 5840 5752 
3 5759 5847 5840 
3 5756 5840 5760 
3 5760 5840 5847 
3 5759 5762 5847 
3 5842 5764 5755 
3 5843 5764 5842 
3 5843 5848 5764 
3 5848 5766 5764 
3 5850 5768 5766 
3 5850 5766 5849 
3 5849 5766 5848 
3 5849 5851 5850 
3 5846 5845 5852 
3 5854 5769 5853 
3 5852 5769 5854 
3 5852 5758 5769 
3 5852 5845 5758 
3 5853 5855 5856 
3 5769 5855 5853 
3 5769 5847 5855 
3 5769 5760 5847 
3 5858 5770 5857 
3 5855 5770 5858 
3 5855 5762 5770 
3 5855 5847 5762 
3 5771 5857 5770 
3 5859 5857 5771 
3 5771 5773 5859 
3 5850 5775 5768 
3 5851 5775 5850 
3 5851 5860 5775 
3 5860 5777 5775 
3 5862 5779 5777 
3 5862 5777 5861 
3 5861 5777 5860 
3 5861 5863 5864 
3 5862 5861 5864 
3 5863 5865 5864 
3 5854 5853 5866 
3 5853 5856 5866 
3 5858 5857 5867 
3 5869 5867 5857 
3 5869 5857 5868 
3 5868 5857 5859 
3 5859 5781 5868 
3 5773 5781 5859 
3 5862 5784 5779 
3 5864 5784 5862 
3 5786 5784 5864 
3 5786 5871 5788 
3 5864 5871 5786 
3 5864 5870 5871 
3 5864 5865 5870 
3 5870 5872 5873 
3 5871 5870 5873 
3 5872 5874 5873 
3 5869 5868 5875 
3 5877 5789 5876 
3 5875 5789 5877 
3 5875 5781 5789 
3 5875 5868 5781 
3 5789 5790 5876 
3 5871 5794 5788 
3 5873 5794 5871 
3 5796 5794 5873 
3 5796 5879 5798 
3 5873 5879 5796 
3 5873 5878 5879 
3 5873 5874 5878 
3 5878 5880 5881 
3 5879 5878 5881 
3 5880 5882 5881 
3 5877 5876 5883 
3 5876 5884 5883 
3 5876 5790 5884 
3 5790 5800 5884 
3 5879 5803 5798 
3 5881 5803 5879 
3 5805 5803 5881 
3 5882 5805 5881 
3 5882 5885 5805 
3 5885 5807 5805 
3 5809 5886 5887 
3 5809 5887 5800 
3 5800 5887 5884 
3 5810 5886 5809 
3 5888 5886 5810 
3 5810 5811 5888 
3 5886 5813 5815 
3 5886 5815 5887 
3 5887 5815 5889 
3 5813 5890 5816 
3 5813 5886 5890 
3 5886 5888 5890 
3 5888 5818 5890 
3 5811 5818 5888 
3 5889 5815 5891 
3 5891 5815 5820 
3 5890 5821 5816 
3 5890 5818 5821 
3 5823 5892 5824 
3 5892 5893 5894 
3 5892 5823 5893 
3 5823 5825 5893 
3 5825 5895 5893 
3 5826 5895 5825 
3 4810 5896 4811 
3 4750 4811 5896 
3 4750 5896 5827 
3 5827 5896 5897 
3 5900 5898 5899 
3 5898 5901 5902 
3 5899 5898 5902 
3 5830 5902 5901 
3 5830 5901 5828 
3 5828 5901 5903 
3 5905 5831 5828 
3 5905 5828 5904 
3 5904 5828 5903 
3 5904 5906 5905 
3 4820 4760 5827 
3 4820 5827 5897 
3 5907 5908 5909 
3 5899 5832 5834 
3 5900 5899 5834 
3 5900 5834 5908 
3 5900 5908 5907 
3 5902 5832 5899 
3 5835 5832 5902 
3 5902 5830 5835 
3 5905 5836 5831 
3 5906 5836 5905 
3 5906 5910 5836 
3 5910 5837 5836 
3 5837 5910 5911 
3 5839 5837 5911 
3 5913 5909 5908 
3 5912 5913 5908 
3 5908 5841 5912 
3 5834 5841 5908 
3 5915 5911 5914 
3 5915 5843 5911 
3 5843 5839 5911 
3 5914 5916 5915 
3 5912 5844 5846 
3 5912 5846 5913 
3 5913 5846 5917 
3 5912 5841 5844 
3 5915 5848 5843 
3 5916 5848 5915 
3 5916 5918 5848 
3 5918 5849 5848 
3 5920 5851 5849 
3 5920 5849 5919 
3 5919 5849 5918 
3 5919 5921 5920 
3 5917 5846 5852 
3 5922 5917 5852 
3 5852 5923 5922 
3 5854 5923 5852 
3 5855 5924 5856 
3 5855 5858 5924 
3 5920 5860 5851 
3 5921 5860 5920 
3 5921 5925 5860 
3 5925 5861 5860 
3 5925 5926 5861 
3 5861 5926 5863 
3 5928 5865 5863 
3 5928 5863 5927 
3 5927 5863 5926 
3 5927 5929 5930 
3 5928 5927 5930 
3 5929 5931 5930 
3 5923 5854 5866 
3 5932 5923 5866 
3 5856 5932 5866 
3 5856 5933 5932 
3 5856 5924 5933 
3 5933 5934 5932 
3 5867 5924 5858 
3 5867 5935 5924 
3 5935 5933 5924 
3 5867 5869 5935 
3 5928 5870 5865 
3 5930 5870 5928 
3 5872 5870 5930 
3 5872 5937 5874 
3 5930 5937 5872 
3 5930 5936 5937 
3 5930 5931 5936 
3 5936 5938 5939 
3 5937 5936 5939 
3 5938 5940 5939 
3 5934 5933 5941 
3 5933 5935 5942 
3 5941 5933 5942 
3 5935 5869 5875 
3 5935 5875 5942 
3 5942 5875 5943 
3 5875 5944 5943 
3 5877 5944 5875 
3 5937 5878 5874 
3 5939 5878 5937 
3 5880 5878 5939 
3 5880 5939 5940 
3 5880 5940 5882 
3 5882 5940 5945 
3 5883 5946 5947 
3 5883 5947 5877 
3 5877 5947 5944 
3 5883 5884 5946 
3 5945 5885 5882 
3 5948 5885 5945 
3 5947 5946 5949 
3 5946 5950 5949 
3 5946 5884 5950 
3 5884 5887 5950 
3 5950 5887 5951 
3 5951 5887 5889 
3 5951 5889 5952 
3 5952 5889 5891 
3 5955 5954 5953 
3 5894 5953 5954 
3 5894 5893 5953 
3 5893 5956 5953 
3 5958 5893 5895 
3 5958 5957 5893 
3 5957 5956 5893 
3 5957 5958 5959 
3 5961 5896 4810 
3 5961 4810 5960 
3 5960 4810 4859 
3 5960 5962 5963 
3 5961 5960 5963 
3 5962 5964 5963 
3 5965 5896 5961 
3 5897 5896 5965 
3 5900 5963 5898 
3 5900 5965 5963 
3 5965 5961 5963 
3 5964 5898 5963 
3 5964 5966 5898 
3 5966 5901 5898 
3 5966 5967 5901 
3 5901 5967 5903 
3 5967 5968 5903 
3 5903 5968 5904 
3 5904 5968 5969 
3 5906 5904 5969 
3 5909 5965 5907 
3 5909 4867 5965 
3 5897 5965 4820 
3 4820 5965 4867 
3 5965 5900 5907 
3 5969 5910 5906 
3 5970 5910 5969 
3 5910 5970 5971 
3 5911 5910 5971 
3 4867 5972 4873 
3 4867 5909 5972 
3 5909 5913 5972 
3 5971 5914 5911 
3 5973 5914 5971 
3 5914 5973 5974 
3 5916 5914 5974 
3 5972 5913 5975 
3 5975 5913 5917 
3 5974 5918 5916 
3 5976 5918 5974 
3 5976 5977 5918 
3 5918 5977 5919 
3 5919 5977 5978 
3 5921 5919 5978 
3 5981 5979 5980 
3 5979 5982 5980 
3 5922 5983 5984 
3 5922 5984 5917 
3 5917 5984 5975 
3 5922 5923 5983 
3 5978 5925 5921 
3 5985 5925 5978 
3 5980 5985 5981 
3 5980 5926 5985 
3 5926 5925 5985 
3 5982 5926 5980 
3 5982 5986 5926 
3 5986 5927 5926 
3 5986 5987 5927 
3 5927 5987 5929 
3 5989 5931 5929 
3 5989 5929 5988 
3 5988 5929 5987 
3 5988 5990 5989 
3 5984 5983 5991 
3 5993 5932 5992 
3 5991 5932 5993 
3 5991 5923 5932 
3 5991 5983 5923 
3 5932 5934 5992 
3 5989 5936 5931 
3 5990 5936 5989 
3 5990 5994 5936 
3 5994 5938 5936 
3 5938 5994 5995 
3 5940 5938 5995 
3 5993 5992 5996 
3 5992 5934 5941 
3 5992 5941 5996 
3 5996 5941 5997 
3 5997 5941 5998 
3 5941 5942 5998 
3 5998 5942 5999 
3 5942 5943 5999 
3 5943 6000 5999 
3 5944 6000 5943 
3 5995 6001 5940 
3 6001 5945 5940 
3 6000 5944 6002 
3 6002 5944 5947 
3 6001 5948 5945 
3 6003 5948 6001 
3 6002 5947 5949 
3 6004 6002 5949 
3 5949 6005 6004 
3 5950 6005 5949 
3 6005 5950 6006 
3 6006 5950 5951 
3 6009 6008 6007 
3 6007 6008 6010 
3 6006 5951 6011 
3 6011 5951 5952 
3 6014 6013 6012 
3 6008 5955 5953 
3 6009 5955 6008 
3 6009 6013 5955 
3 6009 6012 6013 
3 6010 6008 5953 
3 6010 5953 6015 
3 6015 5953 5956 
3 6015 5956 6016 
3 5956 5957 6016 
3 6018 5957 5959 
3 6018 6017 5957 
3 6017 6016 5957 
3 6017 6018 6019 
3 4902 6020 4903 
3 6020 6021 4908 
3 4903 6020 4908 
3 6021 4859 4908 
3 6021 6022 4859 
3 6022 5960 4859 
3 6022 6023 5960 
3 5960 6023 5962 
3 6025 5964 5962 
3 6025 5962 6024 
3 6024 5962 6023 
3 6024 6026 6025 
3 6025 5966 5964 
3 6026 5966 6025 
3 6026 6027 5966 
3 6027 5967 5966 
3 6027 6028 5967 
3 5967 6028 5968 
3 5968 6028 6029 
3 5969 5968 6029 
3 6029 5970 5969 
3 6030 5970 6029 
3 5970 6030 6031 
3 5971 5970 6031 
3 4873 6032 4926 
3 5972 6032 4873 
3 6031 5973 5971 
3 6033 5973 6031 
3 5973 6033 6034 
3 5974 5973 6034 
3 6032 5972 6035 
3 6035 5972 5975 
3 6034 5976 5974 
3 6036 5976 6034 
3 6036 6037 5976 
3 5976 6037 5977 
3 6039 5978 5977 
3 6039 5977 6038 
3 6038 5977 6037 
3 5981 6039 6038 
3 5981 6038 5979 
3 5979 6038 6040 
3 5979 6040 6041 
3 5982 5979 6041 
3 6043 6042 6035 
3 6043 6035 5984 
3 5984 6035 5975 
3 6042 6043 6044 
3 6039 5985 5978 
3 6039 5981 5985 
3 6041 5986 5982 
3 6045 5986 6041 
3 6045 6046 5986 
3 5986 6046 5987 
3 6048 6047 5988 
3 6048 5988 6046 
3 6046 5988 5987 
3 5988 6047 5990 
3 6043 5984 5991 
3 5991 5993 6050 
3 6043 5991 6050 
3 6043 6050 6049 
3 6043 6049 6044 
3 6049 6052 6051 
3 6050 6052 6049 
3 6051 6054 6053 
3 6052 6054 6051 
3 6053 6054 6055 
3 6048 6056 6047 
3 6058 6057 5994 
3 6056 6058 5994 
3 6056 5994 5990 
3 6056 5990 6047 
3 5994 6057 5995 
3 6050 5993 5996 
3 6052 6050 5996 
3 5997 6052 5996 
3 6054 6052 5997 
3 5998 6054 5997 
3 6055 6054 5998 
3 6055 5998 6059 
3 6059 5998 5999 
3 5999 6060 6059 
3 6000 6060 5999 
3 6058 6061 6057 
3 6057 6061 6062 
3 6057 6062 5995 
3 5995 6062 6001 
3 6060 6000 6063 
3 6063 6000 6002 
3 6062 6003 6001 
3 6064 6003 6062 
3 6063 6002 6004 
3 6065 6063 6004 
3 6004 6066 6065 
3 6005 6066 6004 
3 6066 6005 6067 
3 6067 6005 6006 
3 6070 6069 6068 
3 6009 6068 6069 
3 6009 6007 6068 
3 6072 6068 6071 
3 6071 6068 6007 
3 6007 6010 6071 
3 6075 6074 6073 
3 6073 6074 6076 
3 6067 6006 6077 
3 6077 6006 6011 
3 6080 6079 6078 
3 6069 6014 6012 
3 6070 6014 6069 
3 6070 6079 6014 
3 6070 6078 6079 
3 6072 6071 6081 
3 6069 6012 6009 
3 6071 6010 6015 
3 6071 6015 6081 
3 6081 6015 6082 
3 6074 6075 6082 
3 6074 6082 6016 
3 6016 6082 6015 
3 6076 6074 6016 
3 6076 6016 6083 
3 6083 6016 6017 
3 6085 6017 6019 
3 6085 6084 6017 
3 6084 6083 6017 
3 6084 2206 6086 
3 6085 2206 6084 
3 4902 4950 6087 
3 6020 4902 6087 
3 6089 6087 6088 
3 6089 6021 6087 
3 6021 6020 6087 
3 6088 6090 6089 
3 6089 6022 6021 
3 6090 6022 6089 
3 6090 6091 6022 
3 6091 6023 6022 
3 6091 6092 6023 
3 6023 6092 6024 
3 6094 6026 6024 
3 6094 6024 6093 
3 6093 6024 6092 
3 6093 6095 6094 
3 6094 6027 6026 
3 6095 6027 6094 
3 6095 6096 6027 
3 6096 6028 6027 
3 6098 6029 6028 
3 6098 6028 6097 
3 6097 6028 6096 
3 6097 6099 6098 
3 6098 6030 6029 
3 6030 6101 6031 
3 6098 6101 6030 
3 6098 6100 6101 
3 6098 6099 6100 
3 6100 6102 6101 
3 4926 6032 4967 
3 6101 6033 6031 
3 6033 6104 6034 
3 6101 6104 6033 
3 6101 6103 6104 
3 6101 6102 6103 
3 6103 6105 6104 
3 4967 6032 6035 
3 4967 6035 6106 
3 4967 6106 4969 
3 6106 6035 6107 
3 6106 6109 6108 
3 6107 6109 6106 
3 6108 6109 6110 
3 6104 6036 6034 
3 6105 6036 6104 
3 6105 6111 6036 
3 6111 6037 6036 
3 6111 6112 6037 
3 6037 6112 6038 
3 6112 6113 6038 
3 6038 6113 6040 
3 6040 6113 6114 
3 6041 6040 6114 
3 6107 6035 6042 
3 6042 6044 6115 
3 6042 6115 6107 
3 6107 6115 6109 
3 6110 6117 6116 
3 6110 6109 6117 
3 6109 6115 6117 
3 6116 6117 6118 
3 6121 6120 6119 
3 6119 6123 6122 
3 6120 6123 6119 
3 6122 6123 6124 
3 6114 6045 6041 
3 6125 6045 6114 
3 6125 6126 6045 
3 6045 6126 6046 
3 6046 6126 6127 
3 6048 6046 6127 
3 6115 6044 6049 
3 6117 6115 6049 
3 6051 6117 6049 
3 6118 6117 6051 
3 6118 6051 6128 
3 6128 6051 6053 
3 6121 6129 6120 
3 6121 6053 6129 
3 6121 6128 6053 
3 6055 6129 6053 
3 6130 6129 6131 
3 6130 6123 6129 
3 6123 6120 6129 
3 6123 6130 6124 
3 6127 6056 6048 
3 6132 6056 6127 
3 6134 6058 6056 
3 6134 6056 6133 
3 6133 6056 6132 
3 6133 6135 6134 
3 6129 6055 6059 
3 6059 6060 6137 
3 6129 6059 6137 
3 6129 6137 6136 
3 6129 6136 6131 
3 6136 6137 6138 
3 6134 6061 6058 
3 6061 6140 6062 
3 6134 6140 6061 
3 6134 6139 6140 
3 6134 6135 6139 
3 6141 6137 6060 
3 6141 6060 6142 
3 6142 6060 6063 
3 6137 6141 6138 
3 6140 6064 6062 
3 6142 6063 6065 
3 6143 6142 6065 
3 6065 6144 6143 
3 6066 6144 6065 
3 6144 6066 6145 
3 6145 6066 6067 
3 6068 6146 6070 
3 6148 6068 6072 
3 6148 6147 6068 
3 6146 6068 6149 
3 6149 6068 6147 
3 6147 6151 6150 
3 6148 6151 6147 
3 6075 6150 6151 
3 6075 6073 6150 
3 6073 6152 6150 
3 6154 6073 6076 
3 6154 6153 6073 
3 6153 6152 6073 
3 6153 6156 6155 
3 6154 6156 6153 
3 6155 6156 6157 
3 6159 6158 6145 
3 6159 6145 6077 
3 6077 6145 6067 
3 6158 6161 6160 
3 6159 6161 6158 
3 6080 6160 6161 
3 6080 6078 6160 
3 6078 6162 6160 
3 6070 6146 6163 
3 6070 6163 6078 
3 6078 6163 6162 
3 6146 6149 6163 
3 6072 6081 6148 
3 6151 6148 6081 
3 6082 6151 6081 
3 6151 6082 6075 
3 6154 6076 6083 
3 6156 6154 6083 
3 6084 6156 6083 
3 6157 6156 6084 
3 6157 6084 6164 
3 6164 6084 6086 
3 4950 4993 6165 
3 6087 4950 6165 
3 6165 6088 6087 
3 6166 6088 6165 
3 6088 6166 6167 
3 6090 6088 6167 
3 6170 6168 6169 
3 6168 6171 6169 
3 6167 6091 6090 
3 6172 6091 6167 
3 6172 6173 6091 
3 6091 6173 6092 
3 6169 6173 6170 
3 6169 6093 6173 
3 6093 6092 6173 
3 6093 6175 6095 
3 6169 6175 6093 
3 6169 6174 6175 
3 6169 6171 6174 
3 6174 6176 6175 
3 6175 6096 6095 
3 6175 6097 6096 
3 6175 6178 6097 
3 6175 6176 6178 
3 6177 6097 6178 
3 6097 6177 6099 
3 6178 6179 6177 
3 6177 6100 6099 
3 6177 6179 6100 
3 6179 6180 6100 
3 6182 6102 6100 
3 6182 6100 6181 
3 6181 6100 6180 
3 6181 6183 6182 
3 6182 6103 6102 
3 6103 6185 6105 
3 6182 6185 6103 
3 6182 6184 6185 
3 6182 6183 6184 
3 6184 6186 6185 
3 5008 4969 6187 
3 4969 6106 6187 
3 6187 6106 6188 
3 6106 6108 6188 
3 6108 6189 6188 
3 6110 6189 6108 
3 6185 6111 6105 
3 6186 6111 6185 
3 6186 6190 6111 
3 6190 6112 6111 
3 6190 6191 6112 
3 6112 6191 6113 
3 6193 6114 6113 
3 6193 6113 6192 
3 6192 6113 6191 
3 6192 6194 6193 
3 6189 6110 6116 
3 6195 6189 6116 
3 6197 6116 6118 
3 6197 6196 6116 
3 6196 6195 6116 
3 6121 6196 6197 
3 6121 6119 6196 
3 6119 6198 6196 
3 6198 6119 6199 
3 6119 6122 6199 
3 6122 6200 6199 
3 6124 6200 6122 
3 6193 6125 6114 
3 6194 6125 6193 
3 6194 6201 6125 
3 6201 6126 6125 
3 6126 6201 6202 
3 6127 6126 6202 
3 6197 6118 6128 
3 6197 6128 6121 
3 6130 6131 6203 
3 6204 6200 6124 
3 6204 6124 6203 
3 6204 6203 6205 
3 6130 6203 6124 
3 6204 6205 6206 
3 6202 6132 6127 
3 6207 6132 6202 
3 6207 6208 6132 
3 6132 6208 6133 
3 6133 6208 6209 
3 6135 6133 6209 
3 6203 6131 6136 
3 6210 6205 6203 
3 6210 6203 6138 
3 6210 6138 6211 
3 6138 6203 6136 
3 6205 6210 6206 
3 6209 6139 6135 
3 6212 6139 6209 
3 6141 6142 6213 
3 6213 6138 6141 
3 6213 6214 6138 
3 6214 6211 6138 
3 6217 6216 6215 
3 6215 6216 6218 
3 6213 6142 6143 
3 6143 6214 6213 
3 6143 6144 6214 
3 6144 6219 6214 
3 6217 6220 6216 
3 6223 6216 6220 
3 6223 6222 6216 
3 6218 6216 6221 
3 6221 6216 6222 
3 6221 6222 6224 
3 6227 6226 6225 
3 6225 6226 6228 
3 6230 6229 6219 
3 6230 6219 6145 
3 6145 6219 6144 
3 6229 6232 6231 
3 6230 6232 6229 
3 6231 6234 6233 
3 6232 6234 6231 
3 6233 6222 6223 
3 6233 6234 6222 
3 6234 6235 6222 
3 6224 6147 6236 
3 6224 6235 6147 
3 6224 6222 6235 
3 6235 6149 6147 
3 6226 6227 6236 
3 6226 6236 6150 
3 6150 6236 6147 
3 6228 6226 6150 
3 6228 6150 6237 
3 6237 6150 6152 
3 6237 6152 6238 
3 6152 6153 6238 
3 6238 6153 6239 
3 6153 6155 6239 
3 6241 6155 6157 
3 6241 6240 6155 
3 6240 6239 6155 
3 6230 6145 6158 
3 6232 6230 6158 
3 6160 6232 6158 
3 6234 6232 6160 
3 6162 6234 6160 
3 6235 6234 6162 
3 6163 6235 6162 
3 6235 6163 6149 
3 6241 6157 6164 
3 4993 5029 6242 
3 6165 4993 6242 
3 6242 6166 6165 
3 6243 6166 6242 
3 6245 6167 6166 
3 6245 6166 6244 
3 6244 6166 6243 
3 6244 6246 6245 
3 6168 6170 6247 
3 6168 6247 6171 
3 6245 6172 6167 
3 6246 6172 6245 
3 6246 6248 6172 
3 6248 6173 6172 
3 6170 6249 6247 
3 6170 6173 6249 
3 6173 6248 6249 
3 6251 6250 6174 
3 6249 6251 6174 
3 6249 6174 6171 
3 6249 6171 6247 
3 6174 6250 6176 
3 6251 6252 6250 
3 6250 6252 6253 
3 6250 6253 6176 
3 6176 6253 6178 
3 6253 6179 6178 
3 6254 6179 6253 
3 6254 6255 6179 
3 6179 6255 6180 
3 6255 6256 6180 
3 6180 6256 6181 
3 6181 6256 6257 
3 6183 6181 6257 
3 6257 6184 6183 
3 6258 6184 6257 
3 6260 6186 6184 
3 6260 6184 6259 
3 6259 6184 6258 
3 6259 6261 6260 
3 5042 5008 6262 
3 5008 6187 6262 
3 6264 6188 6263 
3 6264 6262 6188 
3 6262 6187 6188 
3 6188 6189 6263 
3 6260 6190 6186 
3 6261 6190 6260 
3 6261 6265 6190 
3 6265 6191 6190 
3 6265 6266 6191 
3 6191 6266 6192 
3 6268 6194 6192 
3 6268 6192 6267 
3 6267 6192 6266 
3 6267 6269 6268 
3 6264 6263 6270 
3 6263 6189 6195 
3 6263 6195 6270 
3 6270 6195 6271 
3 6271 6195 6272 
3 6195 6196 6272 
3 6272 6196 6273 
3 6196 6198 6273 
3 6273 6198 6274 
3 6198 6199 6274 
3 6276 6199 6200 
3 6276 6275 6199 
3 6275 6274 6199 
3 6275 6276 6277 
3 6268 6201 6194 
3 6201 6268 6269 
3 6201 6269 6202 
3 6202 6269 6278 
3 6276 6200 6204 
3 6204 6206 6280 
3 6276 6204 6280 
3 6276 6280 6279 
3 6276 6279 6277 
3 6279 6280 6281 
3 6278 6207 6202 
3 6282 6207 6278 
3 6282 6283 6207 
3 6207 6283 6208 
3 6285 6209 6208 
3 6285 6208 6284 
3 6284 6208 6283 
3 6211 6287 6286 
3 6210 6211 6286 
3 6206 6210 6286 
3 6206 6286 6288 
3 6206 6288 6280 
3 6288 6286 6289 
3 6281 6291 6290 
3 6281 6280 6291 
3 6280 6288 6291 
3 6290 6291 6292 
3 6285 6212 6209 
3 6287 6211 6293 
3 6293 6211 6214 
3 6289 6294 6288 
3 6294 6295 6217 
3 6294 6217 6291 
3 6294 6291 6288 
3 6215 6291 6217 
3 6215 6218 6297 
3 6291 6215 6297 
3 6291 6297 6296 
3 6291 6296 6292 
3 6296 6299 6298 
3 6297 6299 6296 
3 6298 6299 6300 
3 6293 6219 6301 
3 6293 6214 6219 
3 6219 6302 6301 
3 6301 6302 6303 
3 6220 6305 6304 
3 6220 6217 6305 
3 6217 6295 6305 
3 6218 6221 6297 
3 6220 6304 6223 
3 6221 6224 6306 
3 6221 6306 6297 
3 6297 6306 6299 
3 6300 6225 6307 
3 6300 6306 6225 
3 6300 6299 6306 
3 6306 6227 6225 
3 6309 6225 6228 
3 6309 6308 6225 
3 6308 6307 6225 
3 6308 6311 6310 
3 6309 6311 6308 
3 6310 6311 6312 
3 6219 6229 6302 
3 6303 6302 6229 
3 6303 6229 6313 
3 6313 6229 6231 
3 6304 6305 6313 
3 6304 6313 6233 
3 6233 6313 6231 
3 6304 6233 6223 
3 6306 6224 6236 
3 6306 6236 6227 
3 6309 6228 6237 
3 6311 6309 6237 
3 6238 6311 6237 
3 6312 6311 6238 
3 6312 6238 6314 
3 6314 6238 6239 
3 6314 6239 6315 
3 6239 6240 6315 
3 5029 5067 6316 
3 6242 5029 6316 
3 6316 6243 6242 
3 6317 6243 6316 
3 6317 6318 6243 
3 6243 6318 6244 
3 6320 6246 6244 
3 6320 6244 6319 
3 6319 6244 6318 
3 6319 6321 6320 
3 6320 6248 6246 
3 6321 6248 6320 
3 6321 6322 6248 
3 6322 6249 6248 
3 6249 6322 6323 
3 6251 6249 6323 
3 6323 6252 6251 
3 6324 6252 6323 
3 6252 6324 6325 
3 6253 6252 6325 
3 6325 6254 6253 
3 6326 6254 6325 
3 6326 6327 6254 
3 6254 6327 6255 
3 6327 6328 6255 
3 6255 6328 6256 
3 6330 6257 6256 
3 6330 6256 6329 
3 6329 6256 6328 
3 6329 6331 6330 
3 6330 6258 6257 
3 6331 6258 6330 
3 6331 6332 6258 
3 6332 6259 6258 
3 6334 6261 6259 
3 6334 6259 6333 
3 6333 6259 6332 
3 6333 6335 6334 
3 5081 5042 6336 
3 5042 6262 6336 
3 6338 6262 6264 
3 6338 6337 6262 
3 6337 6336 6262 
3 6337 6338 6339 
3 6334 6265 6261 
3 6335 6265 6334 
3 6335 6340 6265 
3 6340 6266 6265 
3 6340 6341 6266 
3 6266 6341 6267 
3 6267 6341 6342 
3 6269 6267 6342 
3 6338 6264 6270 
3 6339 6338 6270 
3 6339 6270 6343 
3 6343 6270 6271 
3 6343 6271 6344 
3 6271 6272 6344 
3 6344 6272 6345 
3 6272 6273 6345 
3 6345 6273 6346 
3 6273 6274 6346 
3 6346 6274 6347 
3 6274 6275 6347 
3 6275 6348 6347 
3 6277 6348 6275 
3 6350 6342 6349 
3 6350 6278 6342 
3 6278 6269 6342 
3 6349 6351 6350 
3 6279 6352 6353 
3 6279 6353 6277 
3 6277 6353 6348 
3 6279 6281 6352 
3 6350 6282 6278 
3 6351 6282 6350 
3 6351 6354 6282 
3 6354 6283 6282 
3 6354 6355 6283 
3 6283 6355 6284 
3 6286 6287 6356 
3 6353 6352 6357 
3 6356 6289 6286 
3 6352 6281 6290 
3 6352 6290 6357 
3 6357 6290 6358 
3 6290 6359 6358 
3 6292 6359 6290 
3 6360 6356 6287 
3 6293 6360 6287 
3 6294 6289 6356 
3 6294 6356 6361 
3 6361 6356 6360 
3 6294 6361 6295 
3 6359 6292 6296 
3 6362 6359 6296 
3 6362 6296 6363 
3 6296 6298 6363 
3 6365 6298 6300 
3 6365 6364 6298 
3 6364 6363 6298 
3 6364 6365 6366 
3 6293 6301 6360 
3 6301 6303 6367 
3 6301 6367 6360 
3 6360 6367 6361 
3 6361 6367 6305 
3 6295 6361 6305 
3 6365 6300 6307 
3 6366 6365 6307 
3 6366 6307 6368 
3 6368 6307 6308 
3 6368 6308 6369 
3 6308 6310 6369 
3 6371 6310 6312 
3 6371 6370 6310 
3 6370 6369 6310 
3 6370 6371 6372 
3 6367 6303 6313 
3 6367 6313 6305 
3 6371 6312 6314 
3 6372 6371 6314 
3 6372 6314 6373 
3 6373 6314 6315 
3 6375 6316 5067 
3 6375 5067 6374 
3 6374 5067 5103 
3 6374 6376 6375 
3 6375 6317 6316 
3 6376 6317 6375 
3 6376 6377 6317 
3 6377 6318 6317 
3 6377 6378 6318 
3 6318 6378 6319 
3 6319 6378 6379 
3 6321 6319 6379 
3 6379 6322 6321 
3 6380 6322 6379 
3 6322 6380 6381 
3 6323 6322 6381 
3 6381 6324 6323 
3 6382 6324 6381 
3 6384 6325 6324 
3 6384 6324 6383 
3 6383 6324 6382 
3 6383 6385 6384 
3 6384 6326 6325 
3 6385 6326 6384 
3 6385 6386 6326 
3 6386 6327 6326 
3 6386 6387 6327 
3 6327 6387 6328 
3 6387 6388 6328 
3 6328 6388 6329 
3 6329 6388 6389 
3 6331 6329 6389 
3 6389 6332 6331 
3 6390 6332 6389 
3 6390 6391 6332 
3 6332 6391 6333 
3 6333 6391 6392 
3 6335 6333 6392 
3 6336 5116 5081 
3 6393 5116 6336 
3 6393 6394 6395 
3 6393 6336 6394 
3 6336 6337 6394 
3 6397 6337 6339 
3 6397 6396 6337 
3 6396 6394 6337 
3 6396 6399 6398 
3 6397 6399 6396 
3 6398 6399 6400 
3 6392 6340 6335 
3 6401 6340 6392 
3 6403 6402 6401 
3 6401 6402 6341 
3 6401 6341 6340 
3 6402 6342 6341 
3 5116 6393 6404 
3 5118 5116 6404 
3 6393 6395 6404 
3 6397 6339 6343 
3 6399 6397 6343 
3 6344 6399 6343 
3 6400 6399 6344 
3 6400 6344 6405 
3 6405 6344 6345 
3 6405 6345 6406 
3 6345 6346 6406 
3 6406 6346 6407 
3 6346 6347 6407 
3 6347 6408 6407 
3 6348 6408 6347 
3 6403 6409 6402 
3 6402 6349 6342 
3 6402 6409 6349 
3 6409 6410 6349 
3 6412 6351 6349 
3 6412 6349 6411 
3 6411 6349 6410 
3 6411 6413 6412 
3 6415 6414 6408 
3 6415 6408 6353 
3 6353 6408 6348 
3 6414 6415 6416 
3 6412 6354 6351 
3 6413 6354 6412 
3 6413 6417 6354 
3 6417 6355 6354 
3 6415 6353 6357 
3 6416 6415 6357 
3 6416 6357 6418 
3 6418 6357 6358 
3 6358 6419 6418 
3 6359 6419 6358 
3 6422 6421 6420 
3 6420 6421 6423 
3 6419 6359 6362 
3 6424 6419 6362 
3 6421 6422 6424 
3 6421 6424 6363 
3 6363 6424 6362 
3 6423 6421 6363 
3 6423 6363 6425 
3 6425 6363 6364 
3 6427 6364 6366 
3 6427 6426 6364 
3 6426 6425 6364 
3 6426 6427 6428 
3 6427 6366 6368 
3 6428 6427 6368 
3 6428 6368 6429 
3 6429 6368 6369 
3 6429 6369 6430 
3 6369 6370 6430 
3 6370 6431 6430 
3 6372 6431 6370 
3 6431 6372 6373 
3 6432 6431 6373 
3 5134 6433 5135 
3 6433 5103 5135 
3 6433 6434 5103 
3 6434 6374 5103 
3 6436 6376 6374 
3 6436 6374 6435 
3 6435 6374 6434 
3 6435 6437 6436 
3 6436 6377 6376 
3 6437 6377 6436 
3 6437 6438 6377 
3 6438 6378 6377 
3 6378 6438 6439 
3 6379 6378 6439 
3 6439 6380 6379 
3 6440 6380 6439 
3 6380 6440 6441 
3 6381 6380 6441 
3 6441 6382 6381 
3 6442 6382 6441 
3 6442 6443 6382 
3 6382 6443 6383 
3 6383 6443 6444 
3 6385 6383 6444 
3 6444 6386 6385 
3 6445 6386 6444 
3 6445 6446 6386 
3 6386 6446 6387 
3 6448 6447 6388 
3 6448 6388 6446 
3 6446 6388 6387 
3 6388 6447 6389 
3 6448 6449 6447 
3 6447 6390 6389 
3 6447 6449 6390 
3 6449 6450 6390 
3 6450 6451 6390 
3 6390 6451 6391 
3 6391 6451 6452 
3 6392 6391 6452 
3 5153 5154 6453 
3 6395 6454 6455 
3 6394 6454 6395 
3 6454 6394 6456 
3 6394 6396 6456 
3 6456 6396 6457 
3 6396 6398 6457 
3 6398 6458 6457 
3 6400 6458 6398 
3 6461 6460 6459 
3 6459 6460 6462 
3 6452 6401 6392 
3 6463 6401 6452 
3 6401 6463 6464 
3 6401 6464 6403 
3 6453 5154 5118 
3 6453 5118 6465 
3 6465 5118 6404 
3 6465 6404 6395 
3 6455 6465 6395 
3 6458 6400 6405 
3 6466 6458 6405 
3 6466 6405 6467 
3 6405 6406 6467 
3 6460 6461 6467 
3 6460 6467 6407 
3 6407 6467 6406 
3 6407 6462 6460 
3 6407 6408 6462 
3 6408 6468 6462 
3 6464 6409 6403 
3 6469 6409 6464 
3 6469 6470 6409 
3 6409 6470 6410 
3 6472 6471 6411 
3 6472 6411 6470 
3 6470 6411 6410 
3 6411 6471 6413 
3 6468 6408 6414 
3 6473 6468 6414 
3 6475 6414 6416 
3 6475 6474 6414 
3 6474 6473 6414 
3 6474 6475 6476 
3 6472 6477 6471 
3 6471 6417 6413 
3 6471 6477 6417 
3 6477 6478 6417 
3 6475 6416 6418 
3 6418 6419 6480 
3 6475 6418 6480 
3 6475 6480 6479 
3 6475 6479 6476 
3 6422 6479 6480 
3 6422 6420 6479 
3 6420 6481 6479 
3 6420 6482 6481 
3 6423 6482 6420 
3 6480 6419 6424 
3 6480 6424 6422 
3 6482 6423 6425 
3 6483 6482 6425 
3 6483 6425 6484 
3 6425 6426 6484 
3 6426 6485 6484 
3 6428 6485 6426 
3 6485 6428 6429 
3 6486 6485 6429 
3 6486 6429 6487 
3 6429 6430 6487 
3 6430 6488 6487 
3 6431 6488 6430 
3 6488 6431 6432 
3 6489 6488 6432 
3 5160 6490 5161 
3 5134 6492 6433 
3 5161 6492 5134 
3 5161 6491 6492 
3 5161 6490 6491 
3 6491 6493 6492 
3 6492 6434 6433 
3 6493 6434 6492 
3 6493 6494 6434 
3 6494 6435 6434 
3 6435 6494 6495 
3 6437 6435 6495 
3 6495 6438 6437 
3 6496 6438 6495 
3 6438 6496 6497 
3 6439 6438 6497 
3 6440 6499 6498 
3 6440 6439 6499 
3 6439 6497 6499 
3 6440 6498 6441 
3 6499 6500 6498 
3 6498 6442 6441 
3 6498 6500 6442 
3 6500 6501 6442 
3 6501 6502 6442 
3 6442 6502 6443 
3 6504 6444 6443 
3 6504 6443 6503 
3 6503 6443 6502 
3 6503 6505 6504 
3 6504 6445 6444 
3 6505 6445 6504 
3 6505 6506 6445 
3 6506 6446 6445 
3 6508 6448 6446 
3 6508 6446 6507 
3 6507 6446 6506 
3 6507 6509 6508 
3 5179 6511 6510 
3 5180 6511 5179 
3 6510 6513 6512 
3 6511 6513 6510 
3 6512 6515 6514 
3 6513 6515 6512 
3 6514 6515 6516 
3 6508 6449 6448 
3 6509 6449 6508 
3 6509 6517 6449 
3 6517 6450 6449 
3 6517 6518 6450 
3 6450 6518 6451 
3 6520 6452 6451 
3 6520 6451 6519 
3 6519 6451 6518 
3 6519 6521 6520 
3 5153 6453 6522 
3 5153 6522 5180 
3 5180 6522 6511 
3 6455 6454 6513 
3 6455 6513 6522 
3 6522 6513 6511 
3 6515 6513 6454 
3 6456 6515 6454 
3 6516 6515 6456 
3 6516 6456 6523 
3 6523 6456 6457 
3 6525 6457 6458 
3 6525 6524 6457 
3 6524 6523 6457 
3 6524 6525 6526 
3 6459 6527 6461 
3 6459 6462 6527 
3 6520 6463 6452 
3 6463 6529 6464 
3 6520 6529 6463 
3 6520 6528 6529 
3 6520 6521 6528 
3 6528 6530 6529 
3 6522 6453 6465 
3 6522 6465 6455 
3 6525 6458 6466 
3 6526 6525 6466 
3 6526 6466 6531 
3 6531 6466 6467 
3 6461 6527 6532 
3 6461 6532 6467 
3 6467 6532 6531 
3 6527 6462 6468 
3 6527 6468 6533 
3 6527 6533 6532 
3 6533 6468 6534 
3 6533 6534 6535 
3 6529 6469 6464 
3 6530 6469 6529 
3 6530 6536 6469 
3 6536 6470 6469 
3 6538 6472 6470 
3 6538 6470 6537 
3 6537 6470 6536 
3 6537 6539 6538 
3 6534 6468 6473 
3 6535 6534 6473 
3 6535 6473 6540 
3 6540 6473 6474 
3 6474 6541 6540 
3 6476 6541 6474 
3 6538 6477 6472 
3 6539 6477 6538 
3 6539 6542 6477 
3 6542 6478 6477 
3 6541 6476 6479 
3 6543 6541 6479 
3 6543 6479 6544 
3 6479 6481 6544 
3 6481 6545 6544 
3 6482 6545 6481 
3 6545 6482 6483 
3 6546 6545 6483 
3 6546 6483 6547 
3 6483 6484 6547 
3 6484 6548 6547 
3 6485 6548 6484 
3 6548 6485 6486 
3 6549 6548 6486 
3 6549 6486 6550 
3 6486 6487 6550 
3 6487 6551 6550 
3 6488 6551 6487 
3 6551 6488 6489 
3 6552 6551 6489 
3 5160 5183 6553 
3 6490 5160 6553 
3 6553 6491 6490 
3 6554 6491 6553 
3 6491 6554 6555 
3 6493 6491 6555 
3 6555 6494 6493 
3 6556 6494 6555 
3 6494 6556 6557 
3 6495 6494 6557 
3 6557 6496 6495 
3 6558 6496 6557 
3 6496 6558 6559 
3 6497 6496 6559 
3 6561 6559 6560 
3 6561 6499 6559 
3 6499 6497 6559 
3 6560 6562 6561 
3 6561 6500 6499 
3 6562 6500 6561 
3 6562 6563 6500 
3 6563 6501 6500 
3 6563 6564 6501 
3 6501 6564 6502 
3 6564 6565 6502 
3 6502 6565 6503 
3 6503 6565 6566 
3 6505 6503 6566 
3 5198 6568 6567 
3 5199 6568 5198 
3 6567 6570 6569 
3 6568 6570 6567 
3 6569 6572 6571 
3 6570 6572 6569 
3 6571 6572 6573 
3 6566 6506 6505 
3 6574 6506 6566 
3 6574 6575 6506 
3 6506 6575 6507 
3 6507 6575 6576 
3 6509 6507 6576 
3 6568 5199 5179 
3 6510 6568 5179 
3 6570 6568 6510 
3 6512 6570 6510 
3 6572 6570 6512 
3 6514 6572 6512 
3 6514 6516 6578 
3 6572 6514 6578 
3 6572 6578 6577 
3 6572 6577 6573 
3 6577 6578 6579 
3 6576 6517 6509 
3 6580 6517 6576 
3 6582 6581 6518 
3 6582 6518 6580 
3 6580 6518 6517 
3 6519 6518 6581 
3 6583 6519 6581 
3 6519 6583 6521 
3 6578 6516 6523 
3 6579 6578 6523 
3 6579 6523 6584 
3 6584 6523 6524 
3 6524 6585 6584 
3 6526 6585 6524 
3 6582 6586 6581 
3 6581 6587 6583 
3 6586 6587 6581 
3 6583 6528 6521 
3 6583 6587 6528 
3 6587 6588 6528 
3 6590 6530 6528 
3 6590 6528 6589 
3 6589 6528 6588 
3 6589 6591 6592 
3 6590 6589 6592 
3 6591 6593 6592 
3 6585 6526 6531 
3 6594 6585 6531 
3 6594 6531 6595 
3 6531 6532 6595 
3 6597 6533 6596 
3 6597 6595 6533 
3 6595 6532 6533 
3 6533 6535 6596 
3 6590 6536 6530 
3 6592 6536 6590 
3 6537 6536 6592 
3 6537 6599 6539 
3 6592 6599 6537 
3 6592 6598 6599 
3 6592 6593 6598 
3 6597 6596 6600 
3 6596 6535 6540 
3 6596 6540 6600 
3 6600 6540 6601 
3 6540 6602 6601 
3 6541 6602 6540 
3 6599 6542 6539 
3 6602 6541 6543 
3 6603 6602 6543 
3 6603 6543 6604 
3 6543 6544 6604 
3 6606 6544 6545 
3 6606 6605 6544 
3 6605 6604 6544 
3 6605 6606 6607 
3 6606 6545 6546 
3 6607 6606 6546 
3 6607 6546 6608 
3 6608 6546 6547 
3 6610 6547 6548 
3 6610 6609 6547 
3 6609 6608 6547 
3 6609 6610 6611 
3 6610 6548 6549 
3 6611 6610 6549 
3 6611 6549 6612 
3 6612 6549 6550 
3 6550 6613 6612 
3 6551 6613 6550 
3 6613 6551 6552 
3 6614 6613 6552 
3 5183 5204 6615 
3 6553 5183 6615 
3 6615 6554 6553 
3 6616 6554 6615 
3 6618 6555 6554 
3 6618 6554 6617 
3 6617 6554 6616 
3 6617 6619 6618 
3 6618 6556 6555 
3 6556 6621 6557 
3 6618 6621 6556 
3 6618 6620 6621 
3 6618 6619 6620 
3 6620 6622 6621 
3 6621 6558 6557 
3 6558 6621 6622 
3 6558 6622 6559 
3 6559 6622 6623 
3 6623 6560 6559 
3 6624 6560 6623 
3 6626 6562 6560 
3 6626 6560 6625 
3 6625 6560 6624 
3 6625 6627 6626 
3 6626 6563 6562 
3 6627 6563 6626 
3 6627 6628 6563 
3 6628 6564 6563 
3 6628 6629 6564 
3 6564 6629 6565 
3 6631 6566 6565 
3 6631 6565 6630 
3 6630 6565 6629 
3 6630 6632 6631 
3 5221 5198 6633 
3 5198 6567 6633 
3 6633 6567 6634 
3 6567 6569 6634 
3 6634 6569 6635 
3 6569 6571 6635 
3 6637 6571 6573 
3 6637 6636 6571 
3 6636 6635 6571 
3 6636 6637 6638 
3 6631 6574 6566 
3 6632 6574 6631 
3 6632 6639 6574 
3 6639 6575 6574 
3 6641 6576 6575 
3 6641 6575 6640 
3 6640 6575 6639 
3 6640 6642 6641 
3 6637 6573 6577 
3 6577 6638 6637 
3 6577 6579 6638 
3 6579 6643 6638 
3 6641 6580 6576 
3 6580 6645 6582 
3 6641 6645 6580 
3 6641 6644 6645 
3 6641 6642 6644 
3 6644 6646 6645 
3 6649 6647 6648 
3 6647 6650 6648 
3 6643 6579 6584 
3 6651 6643 6584 
3 6653 6584 6585 
3 6653 6652 6584 
3 6652 6651 6584 
3 6652 6653 6654 
3 6645 6586 6582 
3 6646 6586 6645 
3 6646 6655 6586 
3 6655 6587 6586 
3 6648 6655 6649 
3 6648 6588 6655 
3 6588 6587 6655 
3 6650 6588 6648 
3 6650 6656 6588 
3 6656 6589 6588 
3 6656 6657 6589 
3 6589 6657 6591 
3 6591 6657 6658 
3 6593 6591 6658 
3 6653 6585 6594 
3 6654 6653 6594 
3 6654 6594 6659 
3 6659 6594 6595 
3 6661 6595 6597 
3 6661 6660 6595 
3 6660 6659 6595 
3 6660 6663 6662 
3 6661 6663 6660 
3 6662 6663 6664 
3 6658 6598 6593 
3 6665 6598 6658 
3 6597 6600 6661 
3 6663 6661 6600 
3 6601 6663 6600 
3 6601 6664 6663 
3 6601 6602 6664 
3 6602 6666 6664 
3 6666 6602 6603 
3 6667 6666 6603 
3 6667 6603 6668 
3 6603 6604 6668 
3 6670 6605 6669 
3 6670 6668 6605 
3 6668 6604 6605 
3 6605 6607 6669 
3 6670 6669 6671 
3 6669 6607 6608 
3 6669 6608 6671 
3 6671 6608 6672 
3 6674 6609 6673 
3 6674 6672 6609 
3 6672 6608 6609 
3 6609 6611 6673 
3 6674 6673 6675 
3 6673 6611 6612 
3 6673 6612 6675 
3 6675 6612 6676 
3 6678 6612 6613 
3 6678 6677 6612 
3 6677 6676 6612 
3 6678 6613 6614 
3 6679 6615 5204 
3 6679 5204 3448 
3 3448 5204 2716 
3 3448 3452 6679 
3 6679 6616 6615 
3 3452 6616 6679 
3 3452 3454 6616 
3 3454 6617 6616 
3 6617 3454 3457 
3 6619 6617 3457 
3 3457 6620 6619 
3 3461 6620 3457 
3 6620 3461 3463 
3 6622 6620 3463 
3 6680 3463 3465 
3 6680 6623 3463 
3 6623 6622 3463 
3 3465 3468 6680 
3 6680 6624 6623 
3 3468 6624 6680 
3 3468 3470 6624 
3 3470 6625 6624 
3 6681 6627 6625 
3 6681 6625 3472 
3 3472 6625 3470 
3 3472 3475 6681 
3 2743 6682 3478 
3 5224 6682 2743 
3 3478 6683 3481 
3 6682 6683 3478 
3 3481 6684 3483 
3 6683 6684 3481 
3 3483 6684 3485 
3 6681 6628 6627 
3 3475 6628 6681 
3 3475 3486 6628 
3 3486 6629 6628 
3 3486 3488 6629 
3 6629 3488 6630 
3 6630 3488 3491 
3 6632 6630 3491 
3 6682 5224 5221 
3 6633 6682 5221 
3 6683 6682 6633 
3 6634 6683 6633 
3 6684 6683 6634 
3 6635 6684 6634 
3 3485 6684 6635 
3 3485 6635 3496 
3 3496 6635 6636 
3 6636 3499 3496 
3 6638 3499 6636 
3 3491 6639 6632 
3 3501 6639 3491 
3 3501 3502 6639 
3 6639 3502 6640 
3 6685 6642 6640 
3 6685 6640 3504 
3 3504 6640 3502 
3 3504 3507 6685 
3 3499 6638 3512 
3 3512 6638 6643 
3 6685 6644 6642 
3 6644 6686 6646 
3 6685 6686 6644 
3 6685 3516 6686 
3 6685 3507 3516 
3 6649 6686 3516 
3 6649 3516 6647 
3 6647 3516 3517 
3 6687 6650 6647 
3 6687 6647 3519 
3 3519 6647 3517 
3 3519 3522 6687 
3 3512 6643 6651 
3 3524 3512 6651 
3 3524 6651 3525 
3 6651 6652 3525 
3 6652 3528 3525 
3 6654 3528 6652 
3 6686 6655 6646 
3 6686 6649 6655 
3 6687 6656 6650 
3 3522 6656 6687 
3 3522 3530 6656 
3 3530 6657 6656 
3 6688 6658 6657 
3 6688 6657 2461 
3 2461 6657 3530 
3 3528 6654 6659 
3 3531 3528 6659 
3 3531 6659 3533 
3 6659 6660 3533 
3 3536 6662 6689 
3 3536 3533 6662 
3 3533 6660 6662 
3 6662 6664 6689 
3 6688 6665 6658 
3 3536 6689 3538 
3 6689 6664 6666 
3 6689 6666 3540 
3 6689 3540 3538 
3 3540 6666 6690 
3 3540 6690 3542 
3 6690 6666 6667 
3 3542 6690 6667 
3 3542 6667 3546 
3 3546 6667 6668 
3 6668 3547 3546 
3 6670 3547 6668 
3 3547 6670 6671 
3 3551 3547 6671 
3 3551 6671 3553 
3 6671 6672 3553 
3 6672 3555 3553 
3 6674 3555 6672 
3 3555 6674 6675 
3 3558 3555 6675 
3 3558 6675 3560 
3 6675 6676 3560 
3 3560 6676 2496 
3 6676 6677 2496 
3 3847 3042 6691 
3 3848 3847 6691 
3 3848 6691 6692 
3 6692 6691 6693 
3 6693 6694 6692 
3 6695 6694 6693 
3 6697 3851 6696 
3 6697 6699 3851 
3 3850 3851 6698 
3 6698 3851 6699 
3 3850 6698 3045 
3 6696 6700 6697 
3 6694 6695 6701 
3 6701 6695 6702 
3 6697 6703 6699 
3 6700 6703 6697 
3 6700 6704 6703 
3 6704 6705 6703 
3 6704 6706 6705 
3 6705 6706 6707 
3 6707 6706 6708 
3 6709 6707 6708 
3 6701 6702 6711 
3 6710 6701 6711 
3 6714 6713 6712 
3 6714 6710 6713 
3 6710 6711 6713 
3 6713 6715 6712 
3 6708 35 6709 
3 34 35 6708 
3 6714 6712 6716 
3 6712 6715 6718 
3 6712 6718 6716 
3 6716 6718 6717 
3 6720 6718 6721 
3 6720 6719 6718 
3 6719 6717 6718 
3 6719 6723 6722 
3 6720 6723 6719 
3 6722 6725 6724 
3 6723 6725 6722 
3 6724 6727 6726 
3 6725 6727 6724 
3 6726 6727 6728 
3 6720 6721 6729 
3 6723 6720 6729 
3 6730 6723 6729 
3 6725 6723 6730 
3 6731 6725 6730 
3 6731 6733 6732 
3 6731 6732 6725 
3 6725 6732 6727 
3 6728 6735 6734 
3 6728 6727 6735 
3 6727 6732 6735 
3 6734 6737 6736 
3 6735 6737 6734 
3 6736 6739 6738 
3 6737 6739 6736 
3 6738 6739 6740 
3 6732 6733 6741 
3 6735 6732 6741 
3 6742 6735 6741 
3 6737 6735 6742 
3 6743 6737 6742 
3 6739 6737 6743 
3 6744 6739 6743 
3 6740 6739 6744 
3 6740 6744 57 
3 57 6744 58 
3 3883 3848 6692 
3 6745 3883 6692 
3 6692 6746 6745 
3 6694 6746 6692 
3 3885 6696 3851 
3 6747 6696 3885 
3 6749 6700 6696 
3 6749 6696 6748 
3 6748 6696 6747 
3 6748 6750 6749 
3 6746 6694 6751 
3 6751 6694 6701 
3 6749 6704 6700 
3 6750 6704 6749 
3 6750 6752 6704 
3 6752 6706 6704 
3 92 6708 6706 
3 92 6706 91 
3 91 6706 6752 
3 6751 6701 6710 
3 6753 6751 6710 
3 6710 6754 6753 
3 6714 6754 6710 
3 6757 6756 6755 
3 6755 6759 6758 
3 6756 6759 6755 
3 6758 6759 6760 
3 92 34 6708 
3 6763 6761 6762 
3 6761 6764 6762 
3 6761 6714 6764 
3 6761 6754 6714 
3 6714 6716 6764 
3 6764 6765 6766 
3 6764 6716 6765 
3 6716 6717 6765 
3 6765 6717 6767 
3 6717 6719 6767 
3 6756 6757 6767 
3 6756 6767 6722 
3 6722 6767 6719 
3 6759 6756 6722 
3 6724 6759 6722 
3 6760 6759 6724 
3 6760 6724 6768 
3 6768 6724 6726 
3 6726 6769 6768 
3 6728 6769 6726 
3 6763 6762 6770 
3 6762 6764 6771 
3 6770 6762 6771 
3 6764 6766 6771 
3 6769 6728 6734 
3 6772 6769 6734 
3 6772 6734 6773 
3 6734 6736 6773 
3 6773 6736 6774 
3 6736 6738 6774 
3 6738 6775 6774 
3 6740 6775 6738 
3 6775 6740 57 
3 108 6775 57 
3 3914 3883 6745 
3 6776 3914 6745 
3 6745 6777 6776 
3 6746 6777 6745 
3 3916 6747 3885 
3 6778 6747 3916 
3 6778 6779 6747 
3 6747 6779 6748 
3 6748 6779 6780 
3 6750 6748 6780 
3 6777 6746 6781 
3 6781 6746 6751 
3 6780 6752 6750 
3 6782 6752 6780 
3 6782 124 6752 
3 6752 124 91 
3 6753 6783 6784 
3 6753 6784 6751 
3 6751 6784 6781 
3 6753 6754 6783 
3 6757 6785 6786 
3 6755 6785 6757 
3 6785 6755 6787 
3 6755 6758 6787 
3 6758 6788 6787 
3 6760 6788 6758 
3 6783 6761 6763 
3 6783 6763 6784 
3 6784 6763 6789 
3 6783 6754 6761 
3 6766 6790 6791 
3 6765 6790 6766 
3 6790 6765 6792 
3 6765 6767 6792 
3 6792 6767 6757 
3 6786 6792 6757 
3 6788 6760 6768 
3 6793 6788 6768 
3 6795 6768 6769 
3 6795 6794 6768 
3 6794 6793 6768 
3 6794 6797 6796 
3 6795 6797 6794 
3 6796 6797 6798 
3 6789 6763 6770 
3 6799 6789 6770 
3 6799 6770 6800 
3 6770 6771 6800 
3 6800 6771 6766 
3 6791 6800 6766 
3 6795 6769 6772 
3 6797 6795 6772 
3 6773 6797 6772 
3 6798 6797 6773 
3 6798 6773 6801 
3 6801 6773 6774 
3 136 6774 6775 
3 136 135 6774 
3 135 6801 6774 
3 136 6775 108 
3 3946 3914 6776 
3 6802 3946 6776 
3 6776 6803 6802 
3 6777 6803 6776 
3 3948 6778 3916 
3 6804 6778 3948 
3 6804 6805 6778 
3 6778 6805 6779 
3 6807 6780 6779 
3 6807 6779 6806 
3 6806 6779 6805 
3 6806 6808 6807 
3 6803 6777 6809 
3 6809 6777 6781 
3 6812 6811 6810 
3 6810 6811 6813 
3 6807 6782 6780 
3 6808 6782 6807 
3 6808 155 6782 
3 155 124 6782 
3 6809 6781 6814 
3 6814 6781 6784 
3 6817 6816 6815 
3 6811 6786 6785 
3 6812 6786 6811 
3 6812 6816 6786 
3 6812 6815 6816 
3 6813 6811 6785 
3 6813 6785 6818 
3 6818 6785 6787 
3 6820 6787 6788 
3 6820 6819 6787 
3 6819 6818 6787 
3 6819 6820 6821 
3 6814 6784 6822 
3 6822 6784 6789 
3 6825 6824 6823 
3 6791 6823 6824 
3 6791 6790 6823 
3 6790 6826 6823 
3 6816 6817 6826 
3 6816 6826 6792 
3 6792 6826 6790 
3 6816 6792 6786 
3 6820 6788 6793 
3 6821 6820 6793 
3 6821 6793 6827 
3 6827 6793 6794 
3 6827 6794 6828 
3 6794 6796 6828 
3 6796 6829 6828 
3 6798 6829 6796 
3 6799 6830 6831 
3 6799 6831 6789 
3 6789 6831 6822 
3 6830 6825 6832 
3 6830 6800 6825 
3 6830 6799 6800 
3 6800 6824 6825 
3 6824 6800 6791 
3 6829 6798 6801 
3 6833 6829 6801 
3 6833 6801 167 
3 6801 135 167 
3 6831 6830 6834 
3 6830 6832 6834 
3 3978 3946 6802 
3 6835 3978 6802 
3 6802 6836 6835 
3 6803 6836 6802 
3 3980 6804 3948 
3 6837 6804 3980 
3 6837 6838 6804 
3 6804 6838 6805 
3 6838 6839 6805 
3 6805 6839 6806 
3 183 6808 6806 
3 183 6806 182 
3 182 6806 6839 
3 6836 6803 6840 
3 6840 6803 6809 
3 6843 6842 6841 
3 6812 6841 6842 
3 6812 6810 6841 
3 6810 6844 6841 
3 6846 6810 6813 
3 6846 6845 6810 
3 6845 6844 6810 
3 6845 6848 6847 
3 6846 6848 6845 
3 6847 6848 6849 
3 183 155 6808 
3 6840 6809 6850 
3 6850 6809 6814 
3 6853 6852 6851 
3 6851 6852 6854 
3 6842 6817 6815 
3 6842 6843 6817 
3 6843 6855 6817 
3 6842 6815 6812 
3 6846 6813 6818 
3 6848 6846 6818 
3 6819 6848 6818 
3 6819 6821 6857 
3 6848 6819 6857 
3 6848 6857 6856 
3 6848 6856 6849 
3 6856 6859 6858 
3 6857 6859 6856 
3 6858 6859 6860 
3 6862 6861 6850 
3 6862 6850 6822 
3 6822 6850 6814 
3 6852 6825 6823 
3 6853 6825 6852 
3 6853 6862 6825 
3 6853 6861 6862 
3 6854 6852 6823 
3 6854 6823 6863 
3 6863 6823 6826 
3 6863 6826 6817 
3 6855 6863 6817 
3 6857 6821 6827 
3 6859 6857 6827 
3 6828 6859 6827 
3 6828 6829 6865 
3 6859 6828 6865 
3 6859 6865 6864 
3 6859 6864 6860 
3 6864 6865 6866 
3 6867 6862 6822 
3 6831 6867 6822 
3 6862 6867 6832 
3 6825 6862 6832 
3 6865 6829 6833 
3 6866 6865 6833 
3 6866 6833 199 
3 199 6833 167 
3 6867 6831 6834 
3 6867 6834 6832 
3 4016 3978 6835 
3 6835 4017 4016 
3 6835 6836 4017 
3 6836 6868 4017 
3 6871 6870 6869 
3 6869 6870 6872 
3 4019 6837 3980 
3 4021 6837 4019 
3 6838 6837 4021 
3 4022 6838 4021 
3 4022 6873 6838 
3 6873 6839 6838 
3 6873 217 6839 
3 6839 217 182 
3 6875 6874 6868 
3 6875 6868 6840 
3 6840 6868 6836 
3 6874 6877 6876 
3 6875 6877 6874 
3 6876 6879 6878 
3 6877 6879 6876 
3 6870 6843 6841 
3 6871 6843 6870 
3 6871 6879 6843 
3 6871 6878 6879 
3 6872 6870 6841 
3 6872 6841 6880 
3 6880 6841 6844 
3 6880 6844 6881 
3 6844 6845 6881 
3 6883 6847 6882 
3 6883 6881 6847 
3 6881 6845 6847 
3 6847 6849 6882 
3 6884 6875 6840 
3 6850 6884 6840 
3 6853 6851 6877 
3 6853 6877 6884 
3 6884 6877 6875 
3 6851 6854 6885 
3 6851 6885 6877 
3 6877 6885 6879 
3 6879 6885 6855 
3 6843 6879 6855 
3 6883 6882 6886 
3 6882 6849 6856 
3 6882 6856 6886 
3 6886 6856 6887 
3 6887 6856 6888 
3 6856 6858 6888 
3 6890 6858 6860 
3 6890 6889 6858 
3 6889 6888 6858 
3 6889 6890 6891 
3 6884 6850 6861 
3 6884 6861 6853 
3 6885 6854 6863 
3 6885 6863 6855 
3 6890 6860 6864 
3 6864 6866 230 
3 6890 6864 230 
3 6890 230 229 
3 6890 229 6891 
3 230 6866 199 
3 4059 4058 6892 
3 4058 4060 6893 
3 6892 4058 6893 
3 4060 4062 6893 
3 6895 6894 4063 
3 6895 4063 6868 
3 6868 4063 4017 
3 6894 6897 6896 
3 6895 6897 6894 
3 6896 6897 6898 
3 6871 6899 6900 
3 6869 6899 6871 
3 6869 6901 6899 
3 6872 6901 6869 
3 4067 6873 4022 
3 251 6873 4067 
3 217 6873 251 
3 6895 6868 6874 
3 6897 6895 6874 
3 6876 6897 6874 
3 6898 6897 6876 
3 6898 6876 6902 
3 6902 6876 6878 
3 6902 6878 6871 
3 6900 6902 6871 
3 6901 6872 6880 
3 6903 6901 6880 
3 6903 6880 6904 
3 6880 6881 6904 
3 6906 6881 6883 
3 6906 6905 6881 
3 6905 6904 6881 
3 6905 6906 6907 
3 6906 6883 6886 
3 6907 6906 6886 
3 6907 6886 6908 
3 6908 6886 6887 
3 6908 6887 6909 
3 6887 6888 6909 
3 6911 6889 6910 
3 6911 6909 6889 
3 6909 6888 6889 
3 6889 6891 6910 
3 6911 6910 6912 
3 6910 6891 229 
3 6910 229 6912 
3 6912 229 263 
3 4116 4059 6892 
3 6913 4116 6892 
3 6913 6892 6914 
3 6892 6893 6914 
3 6914 6893 4062 
3 4118 6914 4062 
3 4120 4063 6894 
3 4121 4120 6894 
3 4121 6894 6915 
3 6915 6894 6896 
3 6917 6896 6898 
3 6917 6916 6896 
3 6916 6915 6896 
3 6900 6916 6917 
3 6900 6899 6916 
3 6899 6918 6916 
3 6899 6919 6918 
3 6901 6919 6899 
3 6917 6898 6902 
3 6917 6902 6900 
3 6919 6901 6903 
3 6920 6919 6903 
3 6920 6903 6921 
3 6903 6904 6921 
3 6921 6904 6922 
3 6904 6905 6922 
3 6905 6923 6922 
3 6907 6923 6905 
3 6923 6907 6908 
3 6924 6923 6908 
3 6924 6908 6925 
3 6908 6909 6925 
3 6909 6926 6925 
3 6911 6926 6909 
3 6926 6911 6912 
3 6927 6926 6912 
3 6927 6912 303 
3 6912 263 303 
3 4169 4116 6913 
3 4170 4169 6913 
3 4170 6913 6928 
3 6928 6913 6914 
3 6928 6914 4118 
3 4171 6928 4118 
3 4174 4121 6915 
3 4175 4174 6915 
3 4175 6915 6929 
3 6929 6915 6916 
3 6929 6916 6930 
3 6916 6918 6930 
3 6918 6931 6930 
3 6919 6931 6918 
3 6931 6919 6920 
3 6932 6931 6920 
3 6932 6920 6933 
3 6920 6921 6933 
3 6933 6921 6934 
3 6921 6922 6934 
3 6922 6935 6934 
3 6923 6935 6922 
3 6935 6923 6924 
3 6936 6935 6924 
3 6936 6924 6937 
3 6924 6925 6937 
3 6925 6938 6937 
3 6926 6938 6925 
3 6938 6926 6927 
3 6939 6938 6927 
3 6939 6927 332 
3 6927 303 332 
3 4220 4170 6928 
3 4220 6928 4171 
3 4224 4175 6929 
3 4225 4224 6929 
3 4225 6929 6940 
3 6940 6929 6930 
3 6930 6941 6940 
3 6931 6941 6930 
3 6944 6943 6942 
3 6942 6943 6945 
3 6941 6931 6932 
3 6946 6941 6932 
3 6943 6944 6946 
3 6943 6946 6933 
3 6933 6946 6932 
3 6945 6943 6933 
3 6945 6933 6947 
3 6947 6933 6934 
3 6934 6948 6947 
3 6935 6948 6934 
3 6948 6935 6936 
3 6949 6948 6936 
3 6949 6936 6950 
3 6936 6937 6950 
3 6937 6951 6950 
3 6938 6951 6937 
3 6951 6938 6939 
3 6952 6951 6939 
3 6952 6939 359 
3 6939 332 359 
3 4275 4274 6953 
3 4274 4277 6953 
3 4279 4225 6940 
3 6954 4279 6940 
3 6940 6955 6954 
3 6941 6955 6940 
3 6942 6956 6944 
3 6942 6945 6956 
3 6955 6941 6946 
3 6957 6955 6946 
3 6944 6956 6958 
3 6944 6958 6946 
3 6946 6958 6957 
3 6956 6945 6947 
3 6956 6947 6958 
3 6958 6947 6959 
3 6961 6947 6948 
3 6961 6960 6947 
3 6960 6959 6947 
3 6960 6961 6962 
3 6961 6948 6949 
3 6962 6961 6949 
3 6962 6949 6963 
3 6963 6949 6950 
3 6950 6964 6963 
3 6951 6964 6950 
3 6964 6951 6952 
3 6965 6964 6952 
3 6965 6952 388 
3 6952 359 388 
3 4336 4275 6953 
3 4336 6953 4277 
3 4340 4279 6954 
3 6954 4341 4340 
3 6954 6955 4341 
3 6955 6966 4341 
3 6966 6955 6957 
3 6967 6966 6957 
3 6969 6958 6968 
3 6969 6967 6958 
3 6967 6957 6958 
3 6959 6968 6958 
3 6970 6968 6959 
3 6970 6971 6972 
3 6970 6959 6971 
3 6959 6960 6971 
3 6960 6973 6971 
3 6962 6973 6960 
3 6969 6968 6974 
3 6968 6970 6975 
3 6974 6968 6975 
3 6970 6972 6975 
3 6973 6962 6963 
3 6976 6973 6963 
3 6963 6977 6976 
3 6964 6977 6963 
3 6977 6964 6965 
3 6978 6977 6965 
3 6979 388 418 
3 6979 6978 388 
3 6978 6965 388 
3 6979 418 420 
3 6980 4421 4341 
3 6966 6980 4341 
3 4422 6980 6981 
3 4421 6980 4422 
3 6980 6966 6967 
3 6967 6981 6980 
3 6967 6969 6981 
3 6969 6982 6981 
3 6971 6983 6972 
3 6971 6973 6983 
3 6982 6969 6974 
3 6984 6982 6974 
3 6984 6974 6985 
3 6974 6975 6985 
3 6972 6983 6986 
3 6972 6986 6975 
3 6975 6986 6985 
3 6983 6973 6976 
3 6983 6976 6986 
3 6986 6976 6987 
3 6976 6988 6987 
3 6977 6988 6976 
3 6988 6977 6978 
3 6989 6988 6978 
3 6978 6990 6989 
3 6979 6990 6978 
3 6990 6979 420 
3 444 6990 420 
3 4486 4485 6991 
3 4485 6992 6991 
3 4485 4422 6992 
3 4422 6981 6992 
3 6995 6994 6993 
3 6993 6994 6996 
3 6998 6997 6992 
3 6998 6992 6982 
3 6982 6992 6981 
3 6997 6994 6995 
3 6997 6998 6994 
3 6998 6999 6994 
3 6996 7001 7000 
3 6996 6994 7001 
3 6994 6999 7001 
3 7000 7001 7002 
3 6998 6982 6984 
3 6999 6998 6984 
3 6985 6999 6984 
3 7001 6999 6985 
3 6986 7001 6985 
3 7002 7001 6986 
3 7002 6986 7003 
3 7003 6986 6987 
3 6987 7004 7003 
3 6988 7004 6987 
3 7004 6988 6989 
3 7005 7004 6989 
3 471 6989 6990 
3 471 470 6989 
3 470 7005 6989 
3 471 6990 444 
3 7008 7006 7007 
3 7006 7009 7007 
3 4522 4486 6991 
3 6991 6992 7011 
3 4522 6991 7011 
3 4522 7011 7010 
3 4522 7010 4523 
3 6995 7010 7011 
3 6995 6993 7010 
3 6993 7012 7010 
3 6993 7013 7012 
3 6996 7013 6993 
3 7015 7008 7007 
3 7014 7015 7007 
3 7009 7016 7017 
3 7009 7017 7007 
3 7007 7017 7014 
3 7016 7018 7017 
3 7019 7020 7021 
3 7011 6992 6997 
3 7019 7022 7023 
3 7019 7023 7020 
3 6997 6995 7011 
3 7013 6996 7000 
3 7013 7000 7024 
3 7025 7023 7022 
3 7027 7000 7002 
3 7027 7026 7000 
3 7026 7024 7000 
3 7026 7027 7028 
3 7030 7015 7014 
3 7029 7030 7014 
3 7031 7032 7029 
3 7031 7029 7017 
3 7017 7029 7014 
3 7017 7018 7031 
3 7021 7020 7033 
3 7035 7033 7020 
3 7035 7020 7034 
3 7034 7020 7023 
3 7025 7036 7037 
3 7025 7037 7023 
3 7023 7037 7034 
3 7036 7038 7037 
3 7002 7003 7027 
3 7003 7004 7040 
3 7027 7003 7040 
3 7027 7040 7039 
3 7027 7039 7028 
3 7039 497 496 
3 7040 497 7039 
3 7030 7029 7041 
3 7029 7032 7041 
3 7035 7034 7042 
3 7034 7037 7043 
3 7042 7034 7043 
3 7037 7038 7043 
3 7040 7004 7005 
3 497 7040 7005 
3 470 497 7005 
3 4559 7006 7008 
3 4559 7008 4560 
3 4560 7008 7044 
3 7006 7045 7009 
3 7006 4559 7045 
3 4559 4561 7045 
3 4561 4563 7045 
3 4563 7046 7045 
3 4523 7010 4565 
3 4566 7047 4563 
3 4563 7047 7048 
3 4563 7048 7046 
3 7047 7049 7048 
3 7049 7050 7048 
3 7010 4568 4565 
3 7010 7012 4568 
3 7012 4569 4568 
3 7012 7013 4569 
3 7049 4569 7050 
3 7050 4569 7013 
3 7052 7051 7044 
3 7052 7044 7015 
3 7015 7044 7008 
3 7051 7052 7053 
3 7009 7045 7016 
3 7016 7054 7018 
3 7016 7045 7054 
3 7045 7046 7054 
3 7021 7048 7019 
3 7021 7054 7048 
3 7054 7046 7048 
3 7050 7019 7048 
3 7022 7019 7050 
3 7024 7050 7013 
3 7024 7055 7050 
3 7022 7050 7025 
3 7025 7050 7055 
3 7026 7055 7024 
3 7056 7055 7026 
3 7026 7028 7056 
3 7057 525 524 
3 7058 7052 7015 
3 7030 7058 7015 
3 7053 7031 7059 
3 7053 7058 7031 
3 7053 7052 7058 
3 7058 7032 7031 
3 7018 7054 7060 
3 7018 7060 7031 
3 7031 7060 7059 
3 7054 7021 7033 
3 7054 7033 7060 
3 7060 7033 7061 
3 7033 7062 7061 
3 7035 7062 7033 
3 7055 7036 7025 
3 7063 7055 7056 
3 7063 7038 7055 
3 7063 7064 7038 
3 7038 7036 7055 
3 7056 7028 7039 
3 7056 7039 7063 
3 7063 7039 7065 
3 525 7057 7065 
3 525 7065 496 
3 496 7065 7039 
3 7058 7030 7041 
3 7058 7041 7032 
3 7062 7035 7042 
3 7066 7062 7042 
3 7066 7042 7067 
3 7042 7043 7067 
3 7067 7043 7038 
3 7064 7067 7038 
3 7068 3449 2715 
3 7068 7069 3562 
3 3449 7068 3562 
3 3616 3562 7069 
3 3616 7069 7071 
3 7071 7069 7070 
3 7071 3618 3616 
3 7071 7070 2805 
3 3685 7071 2805 
3 7071 3685 3618 
3 7074 7072 7073 
3 7072 7075 7076 
3 7073 7072 7076 
3 3409 7076 7075 
3 3409 7075 3407 
3 3407 7075 7077 
3 3407 7077 7078 
3 3410 3407 7078 
3 3412 7080 7079 
3 3411 3412 7079 
3 7073 7079 7074 
3 7073 3413 7079 
3 3413 3411 7079 
3 7076 3413 7073 
3 3414 3413 7076 
3 7076 3409 3414 
3 7082 7078 7081 
3 7082 3416 7078 
3 3416 3410 7078 
3 7081 7083 7082 
3 7080 3412 7084 
3 7084 3412 3417 
3 7082 3418 3416 
3 3418 7082 7083 
3 3418 7083 3419 
3 3419 7083 7085 
3 7084 3417 7086 
3 7086 3417 3420 
3 7085 3421 3419 
3 7087 3421 7085 
3 7089 3423 3421 
3 7089 3421 7088 
3 7088 3421 7087 
3 7088 7090 7091 
3 7089 7088 7091 
3 7090 7092 7091 
3 7086 3420 7093 
3 7093 3420 3424 
3 7089 3425 3423 
3 7091 3425 7089 
3 3426 3425 7091 
3 7092 3426 7091 
3 7092 7094 3426 
3 7094 3427 3426 
3 7094 7095 3427 
3 3427 7095 3429 
3 3429 7095 7096 
3 3431 3429 7096 
3 7093 3424 3432 
3 7097 7093 3432 
3 7097 3432 7098 
3 3432 3433 7098 
3 3433 7099 7098 
3 3434 7099 3433 
3 7096 3436 3431 
3 7100 3436 7096 
3 7100 7101 3436 
3 3436 7101 3438 
3 3438 7101 7102 
3 3440 3438 7102 
3 7099 3434 3441 
3 7103 7099 3441 
3 7103 3441 7104 
3 3441 3442 7104 
3 7104 3442 7105 
3 3442 3443 7105 
3 3443 2712 7105 
3 2711 2712 3443 
3 7102 3445 3440 
3 7106 3445 7102 
3 2715 2717 3445 
3 2715 3445 7068 
3 7068 3445 7106 
3 7074 7108 7107 
3 7072 7074 7107 
3 7107 7109 7072 
3 7072 7109 7075 
3 7111 7110 7077 
3 7111 7077 7109 
3 7109 7077 7075 
3 7077 7110 7078 
3 7080 7113 7112 
3 7079 7080 7112 
3 7112 7074 7079 
3 7108 7074 7112 
3 7111 7114 7110 
3 7110 7081 7078 
3 7110 7114 7081 
3 7114 7115 7081 
3 7081 7115 7116 
3 7083 7081 7116 
3 7113 7080 7117 
3 7117 7080 7084 
3 7119 7116 7118 
3 7119 7085 7116 
3 7085 7083 7116 
3 7118 7120 7121 
3 7119 7118 7121 
3 7120 7122 7121 
3 7117 7084 7123 
3 7123 7084 7086 
3 7119 7087 7085 
3 7121 7087 7119 
3 7088 7087 7121 
3 7122 7088 7121 
3 7122 7124 7088 
3 7124 7090 7088 
3 7090 7124 7125 
3 7092 7090 7125 
3 7127 7126 7123 
3 7127 7123 7093 
3 7093 7123 7086 
3 7126 7127 7128 
3 7125 7094 7092 
3 7129 7094 7125 
3 7129 7130 7094 
3 7094 7130 7095 
3 7095 7130 7131 
3 7096 7095 7131 
3 7127 7093 7097 
3 7128 7127 7097 
3 7128 7097 7132 
3 7132 7097 7098 
3 7098 7133 7132 
3 7099 7133 7098 
3 7131 7100 7096 
3 7134 7100 7131 
3 7134 7135 7100 
3 7100 7135 7101 
3 7137 7102 7101 
3 7137 7101 7136 
3 7136 7101 7135 
3 7136 7138 7137 
3 7133 7099 7103 
3 7139 7133 7103 
3 7139 7103 7140 
3 7103 7104 7140 
3 7140 7104 7141 
3 7104 7105 7141 
3 7105 2749 7141 
3 2712 2749 7105 
3 7137 7106 7102 
3 7138 7106 7137 
3 7138 7069 7106 
3 7069 7068 7106 
3 7144 7142 7143 
3 7108 7143 7142 
3 7108 7142 7107 
3 7107 7142 7145 
3 7145 7146 7107 
3 7107 7146 7109 
3 7148 7111 7109 
3 7148 7109 7147 
3 7147 7109 7146 
3 7147 7149 7148 
3 7143 7112 7113 
3 7143 7113 7144 
3 7144 7113 7150 
3 7143 7108 7112 
3 7148 7114 7111 
3 7148 7115 7114 
3 7148 7152 7115 
3 7148 7149 7152 
3 7151 7115 7152 
3 7115 7151 7116 
3 7150 7113 7153 
3 7153 7113 7117 
3 7152 7154 7151 
3 7151 7118 7116 
3 7151 7154 7118 
3 7154 7155 7118 
3 7157 7156 7120 
3 7157 7120 7155 
3 7155 7120 7118 
3 7120 7156 7122 
3 7159 7158 7153 
3 7159 7153 7123 
3 7123 7153 7117 
3 7158 7159 7160 
3 7157 7161 7156 
3 7156 7124 7122 
3 7156 7161 7124 
3 7161 7162 7124 
3 7124 7162 7163 
3 7125 7124 7163 
3 7159 7123 7126 
3 7126 7128 7165 
3 7159 7126 7165 
3 7159 7165 7164 
3 7159 7164 7160 
3 7164 7165 7166 
3 7163 7129 7125 
3 7167 7129 7163 
3 7167 7168 7129 
3 7129 7168 7130 
3 7130 7168 7169 
3 7131 7130 7169 
3 7165 7128 7132 
3 7132 7166 7165 
3 7132 7133 7166 
3 7133 7170 7166 
3 7169 7134 7131 
3 7171 7134 7169 
3 7171 7172 7134 
3 7134 7172 7135 
3 7172 7173 7135 
3 7135 7173 7136 
3 7136 7173 7174 
3 7138 7136 7174 
3 7170 7133 7139 
3 7175 7170 7139 
3 7175 7139 7176 
3 7139 7140 7176 
3 7176 7140 7177 
3 7140 7141 7177 
3 2770 7141 2749 
3 2770 7178 7141 
3 7178 7177 7141 
3 7178 2770 2772 
3 2775 2773 7179 
3 7179 2773 2778 
3 7174 7069 7138 
3 7070 7069 7174 
3 7144 7181 7180 
3 7142 7144 7180 
3 7183 7182 7145 
3 7183 7145 7180 
3 7180 7145 7142 
3 7146 7145 7182 
3 7184 7146 7182 
3 7147 7146 7184 
3 7185 7147 7184 
3 7147 7185 7149 
3 7187 7186 7181 
3 7187 7181 7150 
3 7150 7181 7144 
3 7186 7182 7183 
3 7186 7187 7182 
3 7187 7188 7182 
3 7189 7188 7190 
3 7189 7184 7188 
3 7184 7182 7188 
3 7184 7191 7185 
3 7189 7191 7184 
3 7185 7191 7192 
3 7185 7192 7149 
3 7149 7192 7152 
3 7193 7187 7150 
3 7153 7193 7150 
3 7187 7193 7188 
3 7188 7193 7194 
3 7190 7194 7195 
3 7188 7194 7190 
3 7192 7154 7152 
3 7196 7154 7192 
3 7196 7197 7154 
3 7154 7197 7155 
3 7155 7197 7198 
3 7157 7155 7198 
3 7193 7153 7158 
3 7158 7160 7199 
3 7158 7199 7193 
3 7193 7199 7194 
3 7195 7199 7200 
3 7194 7199 7195 
3 7203 7202 7201 
3 7201 7202 7204 
3 7198 7161 7157 
3 7205 7161 7198 
3 7207 7206 7162 
3 7207 7162 7205 
3 7205 7162 7161 
3 7162 7206 7163 
3 7199 7160 7164 
3 7164 7166 7209 
3 7199 7164 7209 
3 7199 7209 7208 
3 7199 7208 7200 
3 7208 7202 7203 
3 7208 7209 7202 
3 7209 7210 7202 
3 7204 7212 7211 
3 7204 7202 7212 
3 7202 7210 7212 
3 7211 7214 7213 
3 7212 7214 7211 
3 7213 7216 7215 
3 7214 7216 7213 
3 7215 7206 7207 
3 7215 7216 7206 
3 7216 7217 7206 
3 7167 7163 7206 
3 7167 7206 7218 
3 7218 7206 7217 
3 7168 7167 7218 
3 7219 7168 7218 
3 7168 7219 7169 
3 7220 7209 7166 
3 7170 7220 7166 
3 7209 7220 7210 
3 7210 7220 7221 
3 7210 7221 7212 
3 7212 7221 7222 
3 7212 7222 7214 
3 7214 7222 7223 
3 7214 7223 7216 
3 7216 7223 7224 
3 7216 7224 7217 
3 7217 7224 7225 
3 7217 7225 7218 
3 7218 7225 7226 
3 7218 7226 7219 
3 7219 7226 7227 
3 7171 7169 7219 
3 7171 7219 7228 
3 7228 7219 7227 
3 7228 7230 7229 
3 7228 7229 7171 
3 7171 7229 7172 
3 7232 7231 7173 
3 7232 7173 7229 
3 7229 7173 7172 
3 7173 7231 7174 
3 7220 7170 7175 
3 7221 7220 7175 
3 7176 7221 7175 
3 7222 7221 7176 
3 7177 7222 7176 
3 7223 7222 7177 
3 7178 7223 7177 
3 7178 2772 2796 
3 7178 2796 7223 
3 7223 2796 7224 
3 2775 7179 7225 
3 2775 7225 2796 
3 2796 7225 7224 
3 7179 2778 2797 
3 7179 2797 7225 
3 7225 2797 7226 
3 7226 2797 7227 
3 7227 2797 2798 
3 7227 2798 7228 
3 7228 2798 2799 
3 7230 2801 7233 
3 7230 7228 2801 
3 7228 2799 2801 
3 7233 7231 7232 
3 7233 2801 7231 
3 2801 2803 7231 
3 7070 7174 7231 
3 7070 7231 2805 
3 2805 7231 2803 
3 7180 7181 7234 
3 7180 7234 7183 
3 7234 7181 7186 
3 7234 7186 7183 
3 7190 7236 7235 
3 7189 7190 7235 
3 7238 7237 7191 
3 7238 7191 7235 
3 7235 7191 7189 
3 7191 7237 7192 
3 7240 7239 7236 
3 7240 7236 7195 
3 7195 7236 7190 
3 7239 7237 7238 
3 7239 7240 7237 
3 7240 7241 7237 
3 7192 7237 7241 
3 7192 7241 7242 
3 7192 7242 7196 
3 7243 7242 7241 
3 7245 7244 7197 
3 7245 7197 7242 
3 7242 7197 7196 
3 7197 7244 7198 
3 7246 7240 7195 
3 7200 7246 7195 
3 7203 7201 7241 
3 7203 7241 7246 
3 7246 7241 7240 
3 7201 7204 7248 
3 7241 7201 7248 
3 7241 7248 7247 
3 7241 7247 7243 
3 7247 7244 7245 
3 7247 7248 7244 
3 7248 7249 7244 
3 7205 7198 7244 
3 7205 7244 7250 
3 7250 7244 7249 
3 7205 7250 7207 
3 7246 7200 7208 
3 7246 7208 7203 
3 7248 7204 7211 
3 7249 7248 7211 
3 7213 7249 7211 
3 7250 7249 7213 
3 7215 7250 7213 
3 7250 7215 7207 
3 7229 7230 7251 
3 7229 7251 7232 
3 7251 7230 7233 
3 7251 7233 7232 
3 7235 7236 7252 
3 7235 7252 7238 
3 7252 7236 7239 
3 7252 7239 7238 
3 7242 7243 7253 
3 7242 7253 7245 
3 7253 7243 7247 
3 7253 7247 7245 
3 7256 7254 7255 
3 7254 7257 7255 
3 7256 7255 7258 
3 7255 7257 7258 
3 2889 2888 7259 
3 2888 2890 7260 
3 7259 2888 7260 
3 7262 7260 2890 
3 7262 2890 7261 
3 7261 2890 2891 
3 2891 2892 7261 
3 2892 7263 7261 
3 7256 2893 7254 
3 7256 7263 2893 
3 7263 2892 2893 
3 7254 7264 7257 
3 7254 2893 7264 
3 2893 2895 7264 
3 2895 2897 7264 
3 2897 7265 7264 
3 2898 7266 7267 
3 2898 7267 2897 
3 2897 7267 7265 
3 7266 7268 7269 
3 7267 7266 7269 
3 7268 7270 7269 
3 7262 7261 7271 
3 7261 7263 7272 
3 7271 7261 7272 
3 7274 7258 7273 
3 7272 7258 7274 
3 7272 7256 7258 
3 7272 7263 7256 
3 7257 7273 7258 
3 7257 7264 7273 
3 7264 7275 7273 
3 7264 7265 7275 
3 7265 7276 7275 
3 7265 7267 7276 
3 7267 7277 7276 
3 7267 7269 7277 
3 7269 7278 7277 
3 7270 7279 7280 
3 7270 7280 7269 
3 7269 7280 7278 
3 7279 7281 7282 
3 7280 7279 7282 
3 7281 7283 7282 
3 7274 7273 7284 
3 7273 7275 7285 
3 7284 7273 7285 
3 7287 7285 7275 
3 7287 7275 7286 
3 7286 7275 7276 
3 7276 7277 7286 
3 7277 7288 7286 
3 7277 7278 7288 
3 7278 7289 7288 
3 7278 7280 7289 
3 7280 7290 7289 
3 7280 7282 7290 
3 7282 7291 7290 
3 7283 7292 7293 
3 7283 7293 7282 
3 7282 7293 7291 
3 7292 575 576 
3 7293 7292 576 
3 7287 7286 7294 
3 7286 7288 7295 
3 7294 7286 7295 
3 7288 7289 7296 
3 7295 7288 7296 
3 7298 7296 7289 
3 7298 7289 7297 
3 7297 7289 7290 
3 7290 7291 7297 
3 7291 7299 7297 
3 7291 7293 7299 
3 7293 7300 7299 
3 7293 576 7300 
3 576 578 7300 
3 7298 7297 7301 
3 7297 7299 7302 
3 7301 7297 7302 
3 7304 7302 7299 
3 7304 7299 7303 
3 7303 7299 7300 
3 7300 578 7303 
3 578 584 7303 
3 7304 7303 7305 
3 7303 584 592 
3 7305 7303 592 
3 2923 2889 7259 
3 7306 2923 7259 
3 7308 7260 7307 
3 7308 7306 7260 
3 7306 7259 7260 
3 7260 7262 7307 
3 2926 7266 2898 
3 2927 7266 2926 
3 2927 7309 7266 
3 7309 7268 7266 
3 7268 7309 7310 
3 7270 7268 7310 
3 7312 7308 7307 
3 7311 7312 7307 
3 7271 7307 7262 
3 7271 7313 7307 
3 7313 7311 7307 
3 7272 7313 7271 
3 7314 7313 7272 
3 7272 7274 7314 
3 7310 7279 7270 
3 7315 7279 7310 
3 7317 7316 7281 
3 7317 7281 7315 
3 7315 7281 7279 
3 7281 7316 7283 
3 7312 7311 7318 
3 7320 7318 7311 
3 7320 7311 7319 
3 7319 7311 7313 
3 7313 7314 7319 
3 7314 7321 7319 
3 7284 7314 7274 
3 7284 7322 7314 
3 7322 7321 7314 
3 7285 7322 7284 
3 7323 7322 7285 
3 7285 7287 7323 
3 7317 7324 7316 
3 7316 7292 7283 
3 7316 7324 7292 
3 7324 7325 7292 
3 7325 618 7292 
3 7292 618 575 
3 7320 7319 7326 
3 7328 7326 7319 
3 7328 7319 7327 
3 7327 7319 7321 
3 7321 7322 7327 
3 7322 7329 7327 
3 7322 7323 7329 
3 7323 7330 7329 
3 7294 7323 7287 
3 7294 7331 7323 
3 7331 7330 7323 
3 7295 7331 7294 
3 7332 7331 7295 
3 7296 7332 7295 
3 7333 7332 7296 
3 7296 7298 7333 
3 7328 7327 7334 
3 7327 7329 7335 
3 7334 7327 7335 
3 7337 7335 7329 
3 7337 7329 7336 
3 7336 7329 7330 
3 7330 7331 7336 
3 7331 7338 7336 
3 7331 7332 7338 
3 7332 7339 7338 
3 7340 7341 7339 
3 7340 7339 7333 
3 7333 7339 7332 
3 7333 7298 7301 
3 7333 7301 7340 
3 7340 7301 7342 
3 7344 7302 7343 
3 7344 7342 7302 
3 7342 7301 7302 
3 7302 7304 7343 
3 7337 7336 7345 
3 7336 7338 7346 
3 7345 7336 7346 
3 7338 7339 7347 
3 7346 7338 7347 
3 7339 7341 7347 
3 7344 7343 7348 
3 7350 7305 7349 
3 7348 7305 7350 
3 7348 7304 7305 
3 7348 7343 7304 
3 592 7349 7305 
3 633 7349 592 
3 7350 7349 7351 
3 7349 633 636 
3 7351 7349 636 
3 2950 2923 7306 
3 7352 2950 7306 
3 7306 7353 7352 
3 7308 7353 7306 
3 2954 7309 2927 
3 7309 7355 7310 
3 2954 7355 7309 
3 2954 7354 7355 
3 2954 2955 7354 
3 7354 7356 7355 
3 7353 7308 7357 
3 7357 7308 7312 
3 7355 7315 7310 
3 7315 7359 7317 
3 7355 7359 7315 
3 7355 7358 7359 
3 7355 7356 7358 
3 7358 7360 7359 
3 7357 7312 7318 
3 7361 7357 7318 
3 7318 7362 7361 
3 7320 7362 7318 
3 7359 7324 7317 
3 7360 7324 7359 
3 7360 7363 7324 
3 7363 7325 7324 
3 7363 656 7325 
3 7325 656 618 
3 7362 7320 7326 
3 7364 7362 7326 
3 7326 7365 7364 
3 7328 7365 7326 
3 7365 7328 7334 
3 7366 7365 7334 
3 7368 7335 7367 
3 7368 7366 7335 
3 7366 7334 7335 
3 7335 7337 7367 
3 7340 7369 7341 
3 7342 7369 7340 
3 7370 7369 7342 
3 7342 7344 7370 
3 7368 7367 7371 
3 7373 7345 7372 
3 7371 7345 7373 
3 7371 7337 7345 
3 7371 7367 7337 
3 7346 7372 7345 
3 7374 7372 7346 
3 7347 7374 7346 
3 7375 7374 7347 
3 7341 7375 7347 
3 7341 7369 7375 
3 7369 7376 7375 
3 7377 7378 7376 
3 7377 7376 7370 
3 7370 7376 7369 
3 7370 7344 7348 
3 7370 7348 7377 
3 7377 7348 7379 
3 7348 7380 7379 
3 7350 7380 7348 
3 7373 7372 7381 
3 7372 7374 7382 
3 7381 7372 7382 
3 7384 7382 7374 
3 7384 7374 7383 
3 7383 7374 7375 
3 7375 7376 7383 
3 7376 7385 7383 
3 7378 7386 7385 
3 7376 7378 7385 
3 7380 7350 7351 
3 7387 7380 7351 
3 7387 7351 672 
3 7351 636 672 
3 7384 7383 7388 
3 7383 7385 7389 
3 7388 7383 7389 
3 7385 7386 7389 
3 2981 2950 7352 
3 7390 2981 7352 
3 7352 7391 7390 
3 7353 7391 7352 
3 2985 7354 2955 
3 7392 7354 2985 
3 7354 7392 7393 
3 7356 7354 7393 
3 7395 7394 7391 
3 7395 7391 7357 
3 7357 7391 7353 
3 7394 7395 7396 
3 7393 7358 7356 
3 7397 7358 7393 
3 7358 7397 7398 
3 7360 7358 7398 
3 7395 7357 7361 
3 7361 7362 7400 
3 7395 7361 7400 
3 7395 7400 7399 
3 7395 7399 7396 
3 7399 7400 7401 
3 7398 7363 7360 
3 7402 7363 7398 
3 7402 690 7363 
3 7363 690 656 
3 7400 7362 7364 
3 7364 7401 7400 
3 7364 7365 7401 
3 7365 7403 7401 
3 7403 7365 7366 
3 7404 7403 7366 
3 7366 7405 7404 
3 7368 7405 7366 
3 7405 7368 7371 
3 7406 7405 7371 
3 7408 7371 7373 
3 7408 7407 7371 
3 7407 7406 7371 
3 7407 7410 7409 
3 7408 7410 7407 
3 7409 7410 7411 
3 7377 7412 7378 
3 7379 7412 7377 
3 7413 7412 7379 
3 7379 7380 7413 
3 7408 7373 7381 
3 7410 7408 7381 
3 7382 7410 7381 
3 7382 7384 7415 
3 7410 7382 7415 
3 7410 7415 7414 
3 7410 7414 7411 
3 7414 7415 7416 
3 7417 7378 7412 
3 7417 7418 7378 
3 7418 7386 7378 
3 7412 7413 7419 
3 7417 7412 7419 
3 7413 7380 7387 
3 7413 7387 7419 
3 7419 7387 7420 
3 7420 7387 704 
3 7387 672 704 
3 7415 7384 7388 
3 7416 7415 7388 
3 7416 7388 7421 
3 7421 7388 7389 
3 7421 7389 7386 
3 7418 7421 7386 
3 3010 2981 7390 
3 7422 3010 7390 
3 7424 7390 7391 
3 7424 7423 7390 
3 7423 7422 7390 
3 7423 7424 7425 
3 3013 7392 2985 
3 7426 7392 3013 
3 7392 7426 7427 
3 7393 7392 7427 
3 7424 7391 7394 
3 7394 7425 7424 
3 7394 7396 7425 
3 7396 7428 7425 
3 7427 7397 7393 
3 7429 7397 7427 
3 7397 7429 7430 
3 7398 7397 7430 
3 7428 7396 7399 
3 7431 7428 7399 
3 7399 7432 7431 
3 7401 7432 7399 
3 7430 7402 7398 
3 7433 7402 7430 
3 7433 721 7402 
3 7402 721 690 
3 7435 7434 7432 
3 7435 7432 7403 
3 7403 7432 7401 
3 7434 7435 7436 
3 7435 7403 7404 
3 7404 7405 7438 
3 7435 7404 7438 
3 7435 7438 7437 
3 7435 7437 7436 
3 7437 7440 7439 
3 7438 7440 7437 
3 7439 7442 7441 
3 7440 7442 7439 
3 7441 7442 7443 
3 7438 7405 7406 
3 7440 7438 7406 
3 7407 7440 7406 
3 7442 7440 7407 
3 7409 7442 7407 
3 7409 7411 7445 
3 7442 7409 7445 
3 7442 7445 7444 
3 7442 7444 7443 
3 7444 7445 7446 
3 7449 7448 7447 
3 7447 7448 7450 
3 7445 7411 7414 
3 7414 7416 7452 
3 7445 7414 7452 
3 7445 7452 7451 
3 7445 7451 7446 
3 7418 7451 7452 
3 7418 7417 7451 
3 7417 7453 7451 
3 7448 7449 7453 
3 7448 7453 7419 
3 7419 7453 7417 
3 7450 7448 7419 
3 7450 7419 7454 
3 7454 7419 7420 
3 7454 7420 737 
3 7420 704 737 
3 7452 7416 7421 
3 7452 7421 7418 
3 3042 3010 7422 
3 6691 3042 7422 
3 6691 7422 6693 
3 7422 7423 6693 
3 7423 6695 6693 
3 7425 6695 7423 
3 7426 6699 7455 
3 7426 3013 6699 
3 6698 6699 3044 
3 3044 6699 3013 
3 6698 3044 3045 
3 7455 7427 7426 
3 6695 7425 6702 
3 6702 7425 7428 
3 6699 6703 7455 
3 7455 7429 7427 
3 7455 6703 7429 
3 6703 6705 7429 
3 7456 7430 7429 
3 7456 7429 6707 
3 6707 7429 6705 
3 6707 6709 7456 
3 6702 7428 7431 
3 6711 6702 7431 
3 7457 7431 7432 
3 7457 6713 7431 
3 6713 6711 7431 
3 6713 7457 6715 
3 7456 7433 7430 
3 6709 7433 7456 
3 6709 35 7433 
3 35 721 7433 
3 7457 7432 7434 
3 7434 7436 7458 
3 7457 7434 7458 
3 7457 7458 6718 
3 7457 6718 6715 
3 6718 7458 6721 
3 7458 7436 7437 
3 6721 7458 7437 
3 6721 7437 6729 
3 6729 7437 7439 
3 6729 7439 6730 
3 7439 7441 6730 
3 7459 7441 7443 
3 7459 6731 7441 
3 6731 6730 7441 
3 6731 7459 6733 
3 7459 7443 7444 
3 7444 7446 7460 
3 7459 7444 7460 
3 7459 7460 6741 
3 7459 6741 6733 
3 6741 7461 6742 
3 7460 7461 6741 
3 7449 6742 7461 
3 7449 7447 6742 
3 7447 6743 6742 
3 7462 7447 7450 
3 7462 6744 7447 
3 6744 6743 7447 
3 6744 756 58 
3 7462 756 6744 
3 7460 7446 7451 
3 7461 7460 7451 
3 7453 7461 7451 
3 7461 7453 7449 
3 7462 7450 7454 
3 756 7462 7454 
3 737 756 7454 
3 7464 7463 5735 
3 7464 5735 7044 
3 7044 5735 4560 
3 7465 7464 7466 
3 7465 5736 7464 
3 7463 7464 5737 
3 5737 7464 5736 
3 5736 7465 5738 
3 5740 7047 4566 
3 7467 7047 5740 
3 7467 7468 7047 
3 7047 7468 7049 
3 7468 4569 7049 
3 5742 4569 7468 
3 7471 7470 7469 
3 7469 7470 7472 
3 7464 7044 7051 
3 7051 7053 7474 
3 7464 7051 7474 
3 7464 7474 7473 
3 7464 7473 7466 
3 7473 7476 7475 
3 7474 7476 7473 
3 7475 7476 7477 
3 7471 7478 7470 
3 2095 7470 524 
3 2095 7472 7470 
3 524 7470 7057 
3 7478 7479 7470 
3 7057 7470 7479 
3 7474 7053 7059 
3 7476 7474 7059 
3 7060 7476 7059 
3 7477 7476 7060 
3 7477 7060 7480 
3 7480 7060 7061 
3 7482 7061 7062 
3 7482 7481 7061 
3 7481 7480 7061 
3 7481 7484 7483 
3 7482 7484 7481 
3 7064 7483 7484 
3 7064 7063 7483 
3 7063 7485 7483 
3 7485 7063 7486 
3 7063 7065 7486 
3 7486 7065 7057 
3 7479 7486 7057 
3 7482 7062 7066 
3 7484 7482 7066 
3 7067 7484 7066 
3 7484 7067 7064 
3 7489 7487 7488 
3 7487 5820 5819 
3 7487 5819 7488 
3 7488 5819 7490 
3 7463 5819 5735 
3 7463 7491 5819 
3 7491 7490 5819 
3 7466 5822 7465 
3 7466 7491 5822 
3 5737 5822 7463 
3 7463 5822 7491 
3 5822 5738 7465 
3 7467 7493 7492 
3 7467 5740 7493 
3 5740 5824 7493 
3 7468 7467 7492 
3 7494 7468 7492 
3 7494 5742 7468 
3 7494 7495 5742 
3 7495 5826 5742 
3 7498 7497 7496 
3 7471 7496 7497 
3 7471 7469 7496 
3 7500 7496 7499 
3 7499 7496 7469 
3 7469 7472 7499 
3 7502 7489 7488 
3 7501 7502 7488 
3 7488 7490 7501 
3 7490 7503 7501 
3 7490 7491 7503 
3 7491 7504 7503 
3 7473 7491 7466 
3 7473 7505 7491 
3 7505 7504 7491 
3 7475 7505 7473 
3 7506 7505 7475 
3 7493 7507 7492 
3 7506 7475 7477 
3 7509 7492 7507 
3 7509 7508 7492 
3 7508 7494 7492 
3 7495 7511 7510 
3 7495 7494 7511 
3 7494 7508 7511 
3 7512 7511 7513 
3 7512 7497 7511 
3 7510 7511 7498 
3 7498 7511 7497 
3 7512 7516 7515 
3 7512 7515 7478 
3 7512 7478 7497 
3 7471 7497 7478 
3 7500 7499 7514 
3 7515 7479 7478 
3 7499 7472 7514 
3 7514 7472 2095 
3 7514 2095 2118 
3 7502 7501 7517 
3 7501 7503 7518 
3 7517 7501 7518 
3 7520 7518 7503 
3 7520 7503 7519 
3 7519 7503 7504 
3 7504 7505 7519 
3 7505 7521 7519 
3 7505 7506 7521 
3 7506 7522 7521 
3 7477 7522 7506 
3 7477 7523 7522 
3 7477 7480 7523 
3 7524 7522 7523 
3 7508 7509 7523 
3 7508 7523 7481 
3 7481 7523 7480 
3 7511 7508 7481 
3 7483 7511 7481 
3 7511 7483 7485 
3 7511 7485 7526 
3 7511 7526 7513 
3 7525 7526 7485 
3 7525 7516 7527 
3 7525 7486 7516 
3 7525 7485 7486 
3 7486 7515 7516 
3 7515 7486 7479 
3 7520 7519 7528 
3 7519 7521 7529 
3 7528 7519 7529 
3 7521 7522 7530 
3 7529 7521 7530 
3 7522 7524 7530 
3 7526 7525 7531 
3 7525 7527 7531 
3 7487 7489 7532 
3 7532 5820 7487 
3 7532 7533 5820 
3 7533 5891 5820 
3 7534 5824 5892 
3 7493 5824 7534 
3 5894 7535 7534 
3 5892 5894 7534 
3 7537 7536 5895 
3 7537 5895 7495 
3 7495 5895 5826 
3 7498 7536 7537 
3 7498 7496 7536 
3 7539 7536 7538 
3 7538 7536 7496 
3 7496 7500 7538 
3 7540 2139 2138 
3 7541 7532 7489 
3 7502 7541 7489 
3 7533 7541 7542 
3 7532 7541 7533 
3 7534 7507 7493 
3 7507 7534 7535 
3 7507 7535 7509 
3 7509 7535 7543 
3 7537 7495 7510 
3 7537 7510 7498 
3 7538 7544 7539 
3 7513 7545 7512 
3 7544 7538 7500 
3 7544 7500 7514 
3 7544 7514 7547 
3 7546 7547 7514 
3 7545 7516 7512 
3 7546 7540 7548 
3 7546 2118 7540 
3 7546 7514 2118 
3 2118 2139 7540 
3 7541 7502 7517 
3 7542 7541 7517 
3 7542 7517 7549 
3 7549 7517 7518 
3 7518 7550 7549 
3 7520 7550 7518 
3 7523 7551 7524 
3 7551 7523 7509 
3 7551 7509 7552 
3 7552 7509 7543 
3 7553 7545 7513 
3 7526 7553 7513 
3 7545 7553 7527 
3 7545 7527 7516 
3 7546 7554 7547 
3 7546 7548 7554 
3 7528 7555 7556 
3 7528 7556 7520 
3 7520 7556 7550 
3 7529 7555 7528 
3 7557 7555 7529 
3 7530 7557 7529 
3 7558 7557 7530 
3 7558 7559 7560 
3 7530 7559 7558 
3 7530 7551 7559 
3 7530 7524 7551 
3 7551 7552 7559 
3 7553 7526 7531 
3 7553 7531 7527 
3 7556 7555 7561 
3 7563 7561 7555 
3 7563 7555 7562 
3 7562 7555 7557 
3 7564 7565 7562 
3 7564 7562 7558 
3 7558 7562 7557 
3 7558 7560 7564 
3 7563 7562 7566 
3 7562 7565 7566 
3 5952 5891 7567 
3 7567 5891 7533 
3 7569 5954 5955 
3 7568 5954 7569 
3 5954 7568 7535 
3 5894 5954 7535 
3 5958 5895 7536 
3 7536 5959 5958 
3 7536 7539 5959 
3 7539 7570 5959 
3 7540 2160 7571 
3 2138 2160 7540 
3 7567 7533 7572 
3 7572 7533 7542 
3 7574 7568 7569 
3 7573 7568 7574 
3 7568 7573 7543 
3 7535 7568 7543 
3 7570 7539 7544 
3 7575 7570 7544 
3 7577 7544 7547 
3 7577 7576 7544 
3 7576 7575 7544 
3 7576 7577 7548 
3 7576 7548 7571 
3 7571 7548 7540 
3 7572 7542 7549 
3 7578 7572 7549 
3 7549 7579 7578 
3 7550 7579 7549 
3 7581 7573 7574 
3 7580 7573 7581 
3 7573 7580 7552 
3 7543 7573 7552 
3 7577 7547 7554 
3 7577 7554 7548 
3 7579 7550 7582 
3 7582 7550 7556 
3 7585 7584 7583 
3 7580 7560 7559 
3 7581 7560 7580 
3 7581 7584 7560 
3 7581 7583 7584 
3 7580 7559 7552 
3 7582 7556 7561 
3 7586 7582 7561 
3 7561 7587 7586 
3 7563 7587 7561 
3 7584 7565 7564 
3 7584 7585 7565 
3 7585 7588 7565 
3 7584 7564 7560 
3 7587 7563 7566 
3 7589 7587 7566 
3 7589 7566 7565 
3 7588 7589 7565 
3 6011 5952 7590 
3 7590 5952 7567 
3 6014 7591 6013 
3 6013 7591 7592 
3 6013 7592 5955 
3 5955 7592 7569 
3 7593 6018 5959 
3 7570 7593 5959 
3 6019 7595 7594 
3 6019 6018 7595 
3 6018 7593 7595 
3 7571 7594 7595 
3 7571 2160 7594 
3 2160 2185 7594 
3 7597 7596 7590 
3 7597 7590 7572 
3 7572 7590 7567 
3 7596 7597 7598 
3 7601 7600 7599 
3 7599 7600 7574 
3 7599 7574 7592 
3 7592 7574 7569 
3 7593 7570 7575 
3 7595 7593 7575 
3 7576 7595 7575 
3 7595 7576 7571 
3 7597 7572 7578 
3 7578 7579 7603 
3 7597 7578 7603 
3 7597 7603 7602 
3 7597 7602 7598 
3 7602 7603 7604 
3 7606 7600 7601 
3 7605 7600 7606 
3 7600 7605 7581 
3 7574 7600 7581 
3 7607 7603 7579 
3 7582 7607 7579 
3 7604 7609 7608 
3 7604 7603 7609 
3 7603 7607 7609 
3 7605 7585 7583 
3 7606 7585 7605 
3 7606 7609 7585 
3 7606 7608 7609 
3 7605 7583 7581 
3 7607 7582 7586 
3 7586 7587 7610 
3 7586 7610 7607 
3 7607 7610 7609 
3 7609 7610 7588 
3 7585 7609 7588 
3 7610 7587 7589 
3 7610 7589 7588 
3 7612 7611 6077 
3 7612 6077 7590 
3 7590 6077 6011 
3 7611 7614 7613 
3 7612 7614 7611 
3 7613 6079 6080 
3 7613 7614 6079 
3 7614 7615 6079 
3 7591 6014 6079 
3 7591 6079 7616 
3 7616 6079 7615 
3 7591 7616 7592 
3 6085 6019 7594 
3 2206 6085 7594 
3 2185 2206 7594 
3 7612 7590 7596 
3 7596 7598 7617 
3 7596 7617 7612 
3 7612 7617 7614 
3 7614 7617 7615 
3 7615 7617 7618 
3 7601 7599 7616 
3 7601 7616 7618 
3 7618 7616 7615 
3 7616 7599 7592 
3 7617 7598 7602 
3 7602 7604 7619 
3 7602 7619 7617 
3 7617 7619 7618 
3 7618 7619 7606 
3 7601 7618 7606 
3 7619 7604 7608 
3 7619 7608 7606 
3 6159 6077 7611 
3 6161 6159 7611 
3 7613 6161 7611 
3 6161 7613 6080 
3 5728 7620 2453 
3 2453 7620 2454 
3 2454 7620 7621 
3 2455 2454 7621 
3 7621 2456 2455 
3 7622 2456 7621 
3 2456 7622 7623 
3 2457 2456 7623 
3 7623 2458 2457 
3 7624 2458 7623 
3 2086 2084 2459 
3 2086 2459 7624 
3 7624 2459 2458 
3 2084 520 2459 
3 2088 7625 2087 
3 7625 2090 2087 
3 5807 7626 5808 
3 7626 5728 5808 
3 7626 7627 5728 
3 7627 7620 5728 
3 7620 7627 7628 
3 7621 7620 7628 
3 7628 7622 7621 
3 7629 7622 7628 
3 7631 7623 7622 
3 7631 7622 7630 
3 7630 7622 7629 
3 7630 7632 7631 
3 7631 7624 7623 
3 7624 2112 2086 
3 7631 2112 7624 
3 7631 7633 2112 
3 7631 7632 7633 
3 2088 2112 7633 
3 2088 7633 7625 
3 7625 7633 7634 
3 2113 2090 7625 
3 2113 7625 7635 
3 7635 7625 7634 
3 7635 7636 2114 
3 2113 7635 2114 
3 7636 2116 2114 
3 5807 5885 7637 
3 7626 5807 7637 
3 7637 7627 7626 
3 7638 7627 7637 
3 7640 7628 7627 
3 7640 7627 7639 
3 7639 7627 7638 
3 7639 7641 7640 
3 7640 7629 7628 
3 7641 7629 7640 
3 7641 7642 7629 
3 7642 7630 7629 
3 7630 7642 7643 
3 7632 7630 7643 
3 7643 7633 7632 
3 7644 7633 7643 
3 7644 7645 7633 
3 7633 7645 7634 
3 7645 7646 7634 
3 7634 7646 7635 
3 7646 7647 7635 
3 7635 7647 7636 
3 7636 7647 2142 
3 2116 7636 2142 
3 5885 5948 7648 
3 7637 5885 7648 
3 7648 7638 7637 
3 7649 7638 7648 
3 7649 7650 7638 
3 7638 7650 7639 
3 7639 7650 7651 
3 7641 7639 7651 
3 7651 7642 7641 
3 7652 7642 7651 
3 7654 7643 7642 
3 7654 7642 7653 
3 7653 7642 7652 
3 7653 7655 7654 
3 7654 7644 7643 
3 7655 7644 7654 
3 7655 7656 7644 
3 7656 7645 7644 
3 7656 7657 7645 
3 7645 7657 7646 
3 7657 7658 7646 
3 7646 7658 7647 
3 2164 2142 7647 
3 2164 7647 7659 
3 7659 7647 7658 
3 7659 2165 2164 
3 5948 6003 7660 
3 7648 5948 7660 
3 7660 7649 7648 
3 7661 7649 7660 
3 7661 7662 7649 
3 7649 7662 7650 
3 7650 7662 7663 
3 7651 7650 7663 
3 7663 7652 7651 
3 7664 7652 7663 
3 7664 7665 7652 
3 7652 7665 7653 
3 7667 7655 7653 
3 7667 7653 7666 
3 7666 7653 7665 
3 7666 7668 7667 
3 7667 7656 7655 
3 7668 7656 7667 
3 7668 7669 7656 
3 7669 7657 7656 
3 7669 7670 7657 
3 7657 7670 7658 
3 7670 7671 7658 
3 7658 7671 7659 
3 7659 7671 2190 
3 2165 7659 2190 
3 7673 7660 6003 
3 7673 6003 7672 
3 7672 6003 6064 
3 7672 7674 7673 
3 7673 7661 7660 
3 7674 7661 7673 
3 7674 7675 7661 
3 7675 7662 7661 
3 7662 7675 7676 
3 7663 7662 7676 
3 7676 7664 7663 
3 7677 7664 7676 
3 7677 7678 7664 
3 7664 7678 7665 
3 7678 7679 7665 
3 7665 7679 7666 
3 7666 7679 7680 
3 7668 7666 7680 
3 6086 2206 2208 
3 7680 7669 7668 
3 7681 7669 7680 
3 7681 7682 7669 
3 7669 7682 7670 
3 7682 7683 7670 
3 7670 7683 7671 
3 7671 7683 2213 
3 2190 7671 2213 
3 6139 7684 6140 
3 7684 6064 6140 
3 7684 7685 6064 
3 7685 7672 6064 
3 7672 7685 7686 
3 7674 7672 7686 
3 7686 7675 7674 
3 7687 7675 7686 
3 7689 7676 7675 
3 7689 7675 7688 
3 7688 7675 7687 
3 7688 7690 7689 
3 7689 7677 7676 
3 7690 7677 7689 
3 7690 7691 7677 
3 7691 7678 7677 
3 7691 7692 7678 
3 7678 7692 7679 
3 7694 7680 7679 
3 7694 7679 7693 
3 7693 7679 7692 
3 7693 7695 7694 
3 2227 6086 2208 
3 2227 7696 6086 
3 7696 6164 6086 
3 7696 2227 2229 
3 7694 7681 7680 
3 7695 7681 7694 
3 7695 7697 7681 
3 7697 7682 7681 
3 7697 7698 7682 
3 7682 7698 7683 
3 7683 7698 2234 
3 2213 7683 2234 
3 6139 6212 7699 
3 7684 6139 7699 
3 7699 7685 7684 
3 7700 7685 7699 
3 7702 7686 7685 
3 7702 7685 7701 
3 7701 7685 7700 
3 7701 7703 7702 
3 7702 7687 7686 
3 7703 7687 7702 
3 7703 7704 7687 
3 7704 7688 7687 
3 7706 7690 7688 
3 7706 7688 7705 
3 7705 7688 7704 
3 7705 7707 7706 
3 6240 6241 7708 
3 7706 7691 7690 
3 7707 7691 7706 
3 7707 7709 7691 
3 7709 7692 7691 
3 7709 7710 7692 
3 7692 7710 7693 
3 7712 7695 7693 
3 7712 7693 7711 
3 7711 7693 7710 
3 7711 7713 7714 
3 7712 7711 7714 
3 7713 7715 7714 
3 7708 6241 6164 
3 7708 6164 7716 
3 7716 6164 7696 
3 2247 7696 2229 
3 2247 7717 7696 
3 7717 7716 7696 
3 7717 2247 2249 
3 7712 7697 7695 
3 7714 7697 7712 
3 7698 7697 7714 
3 7698 7714 7715 
3 7698 7715 2234 
3 2234 7715 2254 
3 6284 7718 7719 
3 6285 6284 7719 
3 7718 7720 7719 
3 6212 7721 7699 
3 6212 6285 7721 
3 6285 7719 7721 
3 7720 7722 7721 
3 7719 7720 7721 
3 7721 7700 7699 
3 7722 7700 7721 
3 7722 7723 7700 
3 7723 7701 7700 
3 7725 7703 7701 
3 7725 7701 7724 
3 7724 7701 7723 
3 7724 7726 7725 
3 7725 7704 7703 
3 7726 7704 7725 
3 7726 7727 7704 
3 7727 7705 7704 
3 7729 7707 7705 
3 7729 7705 7728 
3 7728 7705 7727 
3 7728 7730 7729 
3 7733 7731 7732 
3 7731 7734 7732 
3 6240 7735 6315 
3 7708 7735 6240 
3 7729 7709 7707 
3 7730 7709 7729 
3 7730 7736 7709 
3 7736 7710 7709 
3 7732 7736 7733 
3 7732 7711 7736 
3 7711 7710 7736 
3 7734 7711 7732 
3 7734 7737 7711 
3 7737 7713 7711 
3 7713 7737 7738 
3 7715 7713 7738 
3 7735 7708 7716 
3 7739 7735 7716 
3 7739 7716 7740 
3 7716 7717 7740 
3 7717 2267 7740 
3 2249 2267 7717 
3 2270 7738 7741 
3 2270 2254 7738 
3 2254 7715 7738 
3 7741 2271 2270 
3 6355 7742 6284 
3 6284 7742 7718 
3 7718 7742 7743 
3 7720 7718 7743 
3 7745 7743 7744 
3 7745 7722 7743 
3 7722 7720 7743 
3 7744 7746 7745 
3 7745 7723 7722 
3 7746 7723 7745 
3 7746 7747 7723 
3 7747 7724 7723 
3 7724 7747 7748 
3 7726 7724 7748 
3 7748 7727 7726 
3 7749 7727 7748 
3 7749 7750 7727 
3 7727 7750 7728 
3 7752 7730 7728 
3 7752 7728 7751 
3 7751 7728 7750 
3 7733 7752 7751 
3 7733 7751 7731 
3 7731 7751 7753 
3 7731 7753 7754 
3 7734 7731 7754 
3 7756 6315 7735 
3 7756 7755 6315 
3 7755 6373 6315 
3 7755 7756 7757 
3 7752 7736 7730 
3 7752 7733 7736 
3 7754 7737 7734 
3 7758 7737 7754 
3 7737 7758 7759 
3 7738 7737 7759 
3 7756 7735 7739 
3 7757 7756 7739 
3 7757 7739 7760 
3 7760 7739 7740 
3 2282 7740 2267 
3 2282 7761 7740 
3 7761 7760 7740 
3 7761 2282 2284 
3 7759 7741 7738 
3 7762 7741 7759 
3 7741 7762 2290 
3 2271 7741 2290 
3 7764 7763 7742 
3 7764 7742 6417 
3 6417 7742 6355 
3 7742 7763 7743 
3 7764 7765 7763 
3 7763 7744 7743 
3 7763 7765 7744 
3 7765 7766 7744 
3 7744 7766 7767 
3 7746 7744 7767 
3 7767 7747 7746 
3 7768 7747 7767 
3 7770 7748 7747 
3 7770 7747 7769 
3 7769 7747 7768 
3 7769 7771 7770 
3 7770 7749 7748 
3 7771 7749 7770 
3 7771 7772 7749 
3 7772 7750 7749 
3 7772 7773 7750 
3 7750 7773 7751 
3 7775 7774 7753 
3 7775 7753 7773 
3 7773 7753 7751 
3 7753 7774 7754 
3 6432 6373 7776 
3 6373 7755 7776 
3 7755 7777 7776 
3 7757 7777 7755 
3 7775 7778 7774 
3 7774 7758 7754 
3 7774 7778 7758 
3 7778 7779 7758 
3 7781 7759 7758 
3 7781 7758 7780 
3 7780 7758 7779 
3 7780 7782 7781 
3 7777 7757 7760 
3 7783 7777 7760 
3 7783 7760 7784 
3 7760 7761 7784 
3 2298 7761 2284 
3 2298 7785 7761 
3 7785 7784 7761 
3 7785 2298 2300 
3 7781 7762 7759 
3 7762 7781 7782 
3 7762 7782 2290 
3 2290 7782 2305 
3 7787 7764 6417 
3 7787 6417 7786 
3 7786 6417 6478 
3 7786 7788 7787 
3 7787 7765 7764 
3 7788 7765 7787 
3 7788 7789 7765 
3 7789 7766 7765 
3 7791 7767 7766 
3 7791 7766 7790 
3 7790 7766 7789 
3 7790 7792 7791 
3 7791 7768 7767 
3 7792 7768 7791 
3 7792 7793 7768 
3 7793 7769 7768 
3 7769 7793 7794 
3 7771 7769 7794 
3 7794 7772 7771 
3 7795 7772 7794 
3 7795 7796 7772 
3 7772 7796 7773 
3 7798 7775 7773 
3 7798 7773 7797 
3 7797 7773 7796 
3 7797 7799 7800 
3 7798 7797 7800 
3 7799 7801 7802 
3 7800 7799 7802 
3 7801 7803 7802 
3 6489 6432 7804 
3 6432 7776 7804 
3 7776 7805 7804 
3 7777 7805 7776 
3 7798 7778 7775 
3 7800 7778 7798 
3 7779 7778 7800 
3 7802 7779 7800 
3 7780 7779 7802 
3 7780 7802 7803 
3 7780 7803 7782 
3 7782 7803 7806 
3 7805 7777 7783 
3 7807 7805 7783 
3 7807 7783 7808 
3 7783 7784 7808 
3 7808 7784 7809 
3 7784 7785 7809 
3 7785 2312 7809 
3 2300 2312 7785 
3 2315 7806 7810 
3 2315 2305 7806 
3 2305 7782 7806 
3 7810 2319 2315 
3 6542 7811 6478 
3 6478 7811 7786 
3 7786 7811 7812 
3 7788 7786 7812 
3 7812 7789 7788 
3 7813 7789 7812 
3 7813 7814 7789 
3 7789 7814 7790 
3 7790 7814 7815 
3 7792 7790 7815 
3 7815 7793 7792 
3 7816 7793 7815 
3 7818 7794 7793 
3 7818 7793 7817 
3 7817 7793 7816 
3 7817 7819 7818 
3 7818 7795 7794 
3 7819 7795 7818 
3 7819 7820 7795 
3 7820 7796 7795 
3 7820 7821 7796 
3 7796 7821 7797 
3 7821 7822 7797 
3 7797 7822 7799 
3 7822 7823 7799 
3 7799 7823 7801 
3 7801 7823 7824 
3 7803 7801 7824 
3 6552 6489 7825 
3 6489 7804 7825 
3 7804 7826 7825 
3 7805 7826 7804 
3 7824 7827 7803 
3 7827 7806 7803 
3 7826 7805 7807 
3 7828 7826 7807 
3 7828 7807 7829 
3 7807 7808 7829 
3 7829 7808 7830 
3 7808 7809 7830 
3 2323 7809 2312 
3 2323 7831 7809 
3 7831 7830 7809 
3 7831 2323 2325 
3 7810 2333 2332 
3 7810 7806 2333 
3 7806 7827 2333 
3 7810 2332 2319 
3 6598 7832 6599 
3 7832 6542 6599 
3 7832 7833 6542 
3 7833 7811 6542 
3 7835 7812 7811 
3 7835 7811 7834 
3 7834 7811 7833 
3 7834 7836 7835 
3 7835 7813 7812 
3 7836 7813 7835 
3 7836 7837 7813 
3 7837 7814 7813 
3 7814 7837 7838 
3 7815 7814 7838 
3 7841 7839 7840 
3 7839 7842 7840 
3 7838 7816 7815 
3 7843 7816 7838 
3 7843 7844 7816 
3 7816 7844 7817 
3 7841 7840 7845 
3 7841 7845 7817 
3 7841 7817 7844 
3 7819 7817 7845 
3 7842 7846 7847 
3 7842 7847 7840 
3 7840 7847 7845 
3 7846 7848 7847 
3 7845 7820 7819 
3 7847 7820 7845 
3 7821 7820 7847 
3 7848 7821 7847 
3 7848 7849 7821 
3 7849 7822 7821 
3 7849 7850 7822 
3 7822 7850 7823 
3 7823 7850 7851 
3 7824 7823 7851 
3 6614 6552 7852 
3 6552 7825 7852 
3 7825 7853 7852 
3 7826 7853 7825 
3 7851 7854 7824 
3 7854 7827 7824 
3 7853 7826 7828 
3 7855 7853 7828 
3 7855 7828 7856 
3 7828 7829 7856 
3 7856 7829 7857 
3 7829 7830 7857 
3 7857 7830 7858 
3 7830 7831 7858 
3 7831 2336 7858 
3 2325 2336 7831 
3 2341 7854 7859 
3 2341 2333 7854 
3 2333 7827 7854 
3 7859 2343 2341 
3 7861 7832 6598 
3 7861 6598 7860 
3 7860 6598 6665 
3 7860 7862 7861 
3 7861 7833 7832 
3 7862 7833 7861 
3 7862 7863 7833 
3 7863 7834 7833 
3 7834 7863 7864 
3 7836 7834 7864 
3 7864 7837 7836 
3 7865 7837 7864 
3 7867 7838 7837 
3 7867 7837 7866 
3 7866 7837 7865 
3 7866 7868 7869 
3 7867 7866 7869 
3 7871 7869 7868 
3 7870 7839 7841 
3 7839 7870 7842 
3 7867 7843 7838 
3 7869 7843 7867 
3 7844 7843 7869 
3 7841 7872 7870 
3 7841 7844 7872 
3 7871 7872 7869 
3 7869 7872 7844 
3 7870 7846 7842 
3 7870 7872 7846 
3 7872 7873 7846 
3 7875 7848 7846 
3 7875 7846 7874 
3 7874 7846 7873 
3 7874 7876 7875 
3 6677 6678 7877 
3 7875 7849 7848 
3 7876 7849 7875 
3 7876 7878 7849 
3 7878 7850 7849 
3 7850 7878 7879 
3 7851 7850 7879 
3 6678 6614 7852 
3 6678 7852 7881 
3 6678 7881 7877 
3 7880 7881 7852 
3 7883 7852 7853 
3 7883 7882 7852 
3 7880 7852 7884 
3 7884 7852 7882 
3 7882 7886 7885 
3 7883 7886 7882 
3 7885 7888 7887 
3 7886 7888 7885 
3 7887 7888 7889 
3 7879 7890 7851 
3 7890 7854 7851 
3 7881 7880 7891 
3 7880 7884 7891 
3 7853 7855 7883 
3 7886 7883 7855 
3 7856 7886 7855 
3 7888 7886 7856 
3 7857 7888 7856 
3 7889 7888 7857 
3 7889 7857 7892 
3 7892 7857 7858 
3 2345 7858 2336 
3 2345 7893 7858 
3 7893 7892 7858 
3 7893 2345 2348 
3 7890 7859 7854 
3 7894 7859 7890 
3 7859 7894 2352 
3 2343 7859 2352 
3 2461 2464 6688 
3 2464 6665 6688 
3 2464 2466 6665 
3 2466 7860 6665 
3 7895 7862 7860 
3 7895 7860 2468 
3 2468 7860 2466 
3 2468 2471 7895 
3 7895 7863 7862 
3 7863 7896 7864 
3 7895 7896 7863 
3 7895 2473 7896 
3 7895 2471 2473 
3 2473 2475 7897 
3 7896 2473 7897 
3 2475 2478 7897 
3 7896 7865 7864 
3 7897 7865 7896 
3 7866 7865 7897 
3 2478 7866 7897 
3 2478 2480 7866 
3 2480 7868 7866 
3 7868 2480 2483 
3 7871 7868 2483 
3 2483 7872 7871 
3 2487 7872 2483 
3 2487 2488 7872 
3 7872 2488 7873 
3 2488 2490 7873 
3 7873 2490 7874 
3 7898 7876 7874 
3 7898 7874 2492 
3 2492 7874 2490 
3 2492 2494 7898 
3 6677 2499 2496 
3 7877 2499 6677 
3 7898 7878 7876 
3 7878 7898 2494 
3 7878 2494 7879 
3 7879 2494 2502 
3 7899 2503 2499 
3 7899 2499 7881 
3 7881 2499 7877 
3 7884 2503 7899 
3 7884 7882 2503 
3 7882 2505 2503 
3 2505 7882 2507 
3 7882 7885 2507 
3 2507 7885 2509 
3 7885 7887 2509 
3 7900 7887 7889 
3 7900 2511 7887 
3 2511 2509 7887 
3 2511 7900 2513 
3 7901 2502 2515 
3 7901 7890 2502 
3 7890 7879 2502 
3 2515 2517 7901 
3 7899 7881 7891 
3 7899 7891 7884 
3 7900 7889 7892 
3 2513 7900 7892 
3 2513 7892 2519 
3 2519 7892 7893 
3 7893 2 2519 
3 2348 2 7893 
3 7901 7894 7890 
3 7894 2353 2352 
3 7901 2353 7894 
3 7901 2523 2353 
3 7901 2517 2523 
3 2523 13 2353 
