ply
format ascii 1.0
comment created by gply, a Houdini tool.
comment converted from .[b]geo
comment for more information about Houdini, try:
comment www.sidefx.com
element vertex 10238
property float x
property float y
property float z
property uchar red
property uchar green
property uchar blue
element face 20504
property list uchar int vertex_indices
end_header
-0.989785016 0.174877793 0.0486136898 160 206 228 
-0.983536661 0.189546227 0.0559065416 160 204 225 
-0.982339621 0.186841398 0.0310095325 156 201 222 
-0.992583513 0.151360601 0.0884856954 158 204 225 
-0.982126951 0.179515332 0.102652512 155 201 222 
-0.991721272 0.128729463 0.12843743 161 207 231 
-0.979349196 0.16410917 0.146324068 161 209 227 
-1.00269008 0.103234708 0.168131471 168 212 232 
-0.976170599 0.147127777 0.189094633 156 206 228 
-0.990892768 0.083250314 0.208321363 164 213 236 
-0.99472487 0.123516649 0.230646878 160 208 231 
-0.97643286 0.147515565 0.196826726 156 206 229 
-0.983566403 0.0621838272 0.24841392 171 215 236 
-0.995221555 0.100556582 0.270569026 166 214 236 
-0.974372268 0.0415693521 0.288547158 171 216 235 
-0.994559228 0.0778770745 0.310516417 170 214 234 
-0.958151937 0.0226555467 0.328833401 167 214 234 
-0.981932044 0.0580935776 0.350724399 172 217 236 
-0.950695038 0.0245686471 0.381412297 159 204 225 
-0.972631454 0.0375048816 0.390859962 165 209 228 
-0.948184431 0.0177581012 0.341831207 164 209 229 
-0.950843036 0.0208348334 0.429700762 184 227 243 
-0.975854516 0.141393989 0.238298327 161 210 232 
-0.981833816 0.144990891 0.293269604 170 215 234 
-0.978470564 0.147518009 0.290347666 169 215 234 
-0.988488317 0.120540351 0.333057612 175 220 238 
-0.99134028 0.0970102251 0.372928441 172 219 237 
-0.986273885 0.0753966868 0.412971765 181 222 241 
-0.951027691 0.0213840604 0.432073981 184 228 243 
-0.978844643 0.0543550551 0.453066558 182 225 244 
-0.951919973 0.0203982592 0.483993381 173 219 237 
-0.974658728 0.0325283706 0.493090719 168 214 231 
-0.950807869 0.0115366578 0.531408131 161 211 236 
-0.957951009 0.0137325525 0.533387601 163 213 237 
-0.950051248 0.00683000684 0.548970997 156 206 233 
-0.978779793 0.148396283 0.294786513 170 215 235 
-0.976409733 0.134591967 0.339374244 169 217 236 
-0.975112259 0.125001997 0.386372387 169 216 236 
-0.983657897 0.11722371 0.435437709 170 215 238 
-0.976331294 0.126843214 0.421879143 170 216 239 
-0.982617438 0.0946356952 0.475393325 180 225 245 
-0.980644286 0.072273463 0.515369296 172 217 234 
-0.979506493 0.049709022 0.555327058 168 214 234 
-0.95117712 0.00849577785 0.582152069 155 204 233 
-0.973942935 0.0282157958 0.595381141 160 206 230 
-0.95108217 0.00363090634 0.631852806 160 209 235 
-0.964491665 0.0076635778 0.635520041 156 205 233 
-0.976434171 0.125704318 0.439257294 169 215 238 
-0.973784566 0.110801607 0.483216733 174 221 242 
-0.974917054 0.110759676 0.535676003 172 220 241 
-0.972224295 0.0926654935 0.577894628 175 218 237 
-0.972426534 0.0974281132 0.569477677 174 218 238 
-0.981520057 0.0675756633 0.617625117 171 216 235 
-0.980587065 0.0449616611 0.657578409 169 214 232 
-0.97157836 0.0931491554 0.578086734 174 218 237 
-0.972483993 0.0922159553 0.630036175 168 217 237 
-0.976297915 0.0871936381 0.680080771 172 220 239 
-0.973134995 0.0908506215 0.675094366 171 219 239 
-0.9730106 0.089792937 0.681133509 172 220 239 
-0.951299071 0.261913121 -0.0653418899 110 146 169 
-0.963966966 0.290840209 -0.0482138619 111 140 161 
-0.949742734 0.251306087 -0.0189254507 133 170 188 
-0.961280406 0.268650651 -0.00822237879 121 154 174 
-0.953259647 0.263786614 0.00385082513 122 155 175 
-0.945174813 0.224373937 0.0706369206 140 183 201 
-0.939038277 0.203469276 0.0212052688 158 199 220 
-0.939954221 0.199369043 0.108818449 152 190 209 
-0.964505136 0.176510751 0.15143922 150 195 216 
-0.939660907 0.196466833 0.127603143 144 183 205 
-0.972358048 0.151770204 0.191201121 154 204 227 
-0.912640154 0.0336713493 0.329824746 175 222 241 
-0.905775011 0.0381193459 0.33149001 177 224 242 
-0.905524075 0.0375593305 0.326193452 175 223 241 
-0.904394925 0.0282048285 0.378302544 179 224 242 
-0.906235218 0.0309950709 0.431785852 186 230 247 
-0.982651114 0.327511728 -0.0262118727 114 146 166 
-0.983331084 0.304507285 0.0137062818 114 143 163 
-0.954034925 0.263679266 0.0406346098 129 163 185 
-0.976994455 0.283201188 0.05377727 131 164 184 
-0.956530869 0.269895613 0.0861462727 118 152 176 
-0.94096446 0.198846668 0.161002874 123 162 188 
-0.937955737 0.182532966 0.204155326 144 189 211 
-0.946232975 0.17644763 0.254112065 156 202 222 
-0.939310193 0.184645683 0.242859125 152 196 217 
-0.906274498 0.031098336 0.432440668 186 230 247 
-0.907402396 0.0310383141 0.484889537 182 228 243 
-0.918761551 0.0232180953 0.534241199 169 218 239 
-0.908210576 0.0306892097 0.525873601 173 222 240 
-0.988328218 0.367331445 -0.00392656773 120 149 168 
-0.991962969 0.343611836 0.0359272212 123 156 178 
-0.982116938 0.323155165 0.0760746524 112 146 165 
-0.966909885 0.311191618 0.103758238 112 144 164 
-0.944324434 0.203065455 0.268382132 135 177 197 
-0.950975299 0.193653792 0.316350698 143 183 205 
-0.946368754 0.209504157 0.290687829 129 167 188 
-0.953166306 0.170283645 0.356235951 156 201 221 
-0.961384237 0.145454735 0.395989895 165 212 232 
-0.908389926 0.0304268599 0.537023008 171 221 240 
-0.906524062 0.0186035335 0.582743764 168 218 239 
-0.907831728 0.0192499161 0.635596693 179 225 244 
-0.981499314 0.380577356 0.0025286451 125 154 174 
-0.988821626 0.385566026 0.058404617 137 176 197 
-0.985012591 0.390723348 0.0510824993 139 177 198 
-0.993264794 0.361650765 0.0982408002 123 155 173 
-0.976467013 0.348418951 0.128849626 132 165 185 
-0.954671264 0.243720651 0.291635036 130 167 187 
-0.960234821 0.255446255 0.298625022 133 170 190 
-0.958685219 0.260391235 0.290668815 131 167 187 
-0.95456636 0.233978465 0.338681459 140 177 198 
-0.948652625 0.211088091 0.377937078 145 189 209 
-0.950400472 0.219378158 0.366062194 143 185 205 
-0.944067717 0.188581139 0.417547315 148 192 210 
-0.940115154 0.168558806 0.458578616 166 212 230 
-0.938543081 0.146497458 0.49876228 180 233 249 
-0.939339817 0.164622933 0.466717333 169 217 234 
-0.931292534 0.124908835 0.538579226 179 228 245 
-0.932315171 0.129847854 0.530643582 180 229 246 
-0.931358397 0.12511149 0.539350331 180 228 245 
-0.985851824 0.393187821 0.0622244254 140 179 198 
-0.998814642 0.401501298 0.120528884 114 150 172 
-0.991036832 0.410461307 0.108324133 129 164 182 
-0.981770098 0.368166089 0.152879477 120 152 174 
-0.987944305 0.381292552 0.160698593 113 144 166 
-0.984329164 0.377255142 0.169366211 119 150 171 
-0.970238507 0.31387189 0.226792037 128 166 191 
-0.986175001 0.336041123 0.24060306 136 178 205 
-0.979171813 0.351724029 0.216299415 138 175 197 
-0.966903985 0.29627797 0.269212276 126 160 183 
-0.980230033 0.314640224 0.280665487 132 166 190 
-0.973837733 0.293347627 0.32073769 109 143 165 
-0.96366626 0.272969723 0.360892206 138 186 210 
-0.949359953 0.213867515 0.379526794 145 189 208 
-0.970187962 0.248551369 0.400683135 147 191 212 
-0.948755443 0.207000449 0.428082317 144 187 205 
-0.955993474 0.229147226 0.440925211 140 181 200 
-0.953866124 0.226449952 0.446587712 142 185 204 
-0.937308371 0.153038323 0.502184808 178 232 248 
-0.93316102 0.12775889 0.592692494 184 229 247 
-0.955991924 0.114948422 0.640590072 175 229 242 
-0.934238791 0.129286051 0.625201762 185 239 250 
-0.993138373 0.41732657 0.128513873 115 149 170 
-0.986574829 0.387045145 0.163677424 118 149 170 
-0.980452776 0.354006261 0.249747068 140 179 205 
-0.982889235 0.355190426 0.303016543 132 174 200 
-0.982142031 0.356343091 0.301333725 132 174 200 
-0.973439693 0.317466706 0.333814412 106 138 159 
-0.980907381 0.350231051 0.31256938 126 165 189 
-0.976685822 0.311012268 0.38301757 135 164 182 
-0.97527051 0.322326064 0.363866448 122 152 171 
-0.979812026 0.287415773 0.422882468 128 165 186 
-0.957777441 0.242450178 0.44835791 136 177 198 
-0.965254724 0.272743642 0.45501259 128 167 191 
-0.937053502 0.138561517 0.651354253 187 244 252 
-0.950453103 0.134643048 0.7030527 183 235 248 
-0.940107763 0.148254901 0.683857203 188 241 253 
-0.982167304 0.356251508 0.303514391 132 174 200 
-0.974780262 0.318242073 0.386741102 133 162 181 
-0.975595295 0.316952765 0.438486904 111 145 167 
-0.969611824 0.288950264 0.47495386 133 171 194 
-0.977415502 0.306349874 0.48527655 137 173 195 
-0.975712895 0.31443122 0.471904725 127 162 184 
-0.970952928 0.290867448 0.515221477 140 176 197 
-0.950560391 0.191633523 0.681709051 175 227 246 
-0.954565465 0.197681367 0.68543911 172 223 244 
-0.954956353 0.211677372 0.660794735 166 218 241 
-0.96164006 0.173129171 0.725217998 178 227 242 
-0.990511954 0.344373822 0.507400274 117 153 176 
-0.986714065 0.358807266 0.48385486 121 160 185 
-0.981890857 0.334930182 0.527747512 126 162 185 
-0.958116531 0.225815207 0.648776233 160 212 236 
-0.971921444 0.257514179 0.667537093 149 194 216 
-0.967645824 0.264411062 0.657381177 150 195 219 
-0.955559433 0.211275876 0.692943573 170 222 244 
-0.963695943 0.244857401 0.693326116 161 209 233 
-0.961326659 0.214398891 0.747633815 165 213 235 
-0.959449828 0.223837227 0.731966972 167 216 239 
-0.985650778 0.351971537 0.510999203 119 156 180 
-0.968556583 0.266836792 0.672238708 147 193 217 
-0.972096026 0.252986073 0.769808173 161 209 231 
-0.970300555 0.267468512 0.745286107 164 210 231 
-0.974826872 0.286982685 0.73624438 164 206 225 
-0.986476004 0.313539207 0.751970887 157 195 213 
-0.98256588 0.31810233 0.745732665 152 190 209 
-0.974819601 0.282462358 0.78614223 159 205 227 
-0.978310227 0.297034919 0.784460366 159 202 223 
-0.983582795 0.321386904 0.755922079 150 188 206 
-0.917698979 0.302039057 -0.0472060665 115 149 167 
-0.902392685 0.250816554 -0.0243948959 143 180 200 
-0.91442591 0.302531064 -0.0466098785 116 150 168 
-0.921206534 0.214316577 0.010174498 159 201 222 
-0.904523134 0.254695892 0.0303070843 126 166 187 
-0.89879936 0.235257745 -0.0164684281 152 193 214 
-0.906013429 0.260885715 0.0299457386 122 161 181 
-0.931823909 0.230100721 0.0722851381 132 172 193 
-0.904212415 0.251969993 0.0463352725 120 158 181 
-0.927901328 0.208210319 0.112303548 145 183 202 
-0.889053166 0.0393804014 0.330338508 178 225 241 
-0.857965648 0.0313334763 0.374902517 177 225 241 
-0.85891813 0.0378282368 0.346461385 180 227 241 
-0.856141448 0.0196740329 0.420717031 175 221 238 
-0.905564785 0.0308980644 0.432253748 186 230 247 
-0.857939661 0.0228994787 0.467429966 185 230 245 
-0.92599982 0.341223747 -0.0249779075 105 133 153 
-0.924263835 0.341148168 -0.024073299 104 132 153 
-0.907039165 0.264582127 0.0359615684 120 158 179 
-0.94111979 0.269044578 0.0944916233 109 143 166 
-0.901807964 0.235043705 0.12403328 129 166 188 
-0.909041286 0.265790045 0.114455692 112 145 167 
-0.899103642 0.219926015 0.167869836 119 157 181 
-0.910591245 0.207914308 0.214955479 133 175 198 
-0.89988178 0.220446512 0.197809607 123 164 186 
-0.858939588 0.0261767805 0.476919502 185 230 245 
-0.862586677 0.0360153019 0.535029888 180 226 241 
-0.867965221 0.0355130136 0.535347641 179 225 241 
-0.862505376 0.0354169309 0.537945032 179 225 241 
-0.963088512 0.373440534 -0.00337680429 114 142 159 
-0.929080367 0.355679333 0.0355818421 101 130 148 
-0.938830674 0.356472135 0.0370845348 106 135 153 
-0.929495931 0.356964648 0.0403770655 103 132 150 
-0.917048991 0.2994214 0.108371206 109 140 161 
-0.922129214 0.320496291 0.107415967 117 148 168 
-0.915833533 0.290153742 0.155553699 102 135 155 
-0.920225143 0.292455971 0.157288671 101 133 154 
-0.917183101 0.296010822 0.152427018 102 134 154 
-0.916380703 0.292038709 0.159728825 100 133 153 
-0.903325915 0.23202467 0.227272868 125 166 188 
-0.900830925 0.217729419 0.271579802 124 163 185 
-0.901561141 0.218675226 0.294591159 125 163 185 
-0.861929774 0.028942287 0.583467603 175 223 243 
-0.862290442 0.0258677304 0.634192288 172 224 244 
-0.977140367 0.388393402 0.0586590543 136 175 195 
-0.936901867 0.383542717 0.0850447491 106 136 155 
-0.925846279 0.333988219 0.12814185 117 147 166 
-0.958176851 0.347303718 0.13893801 127 159 178 
-0.918714046 0.301471978 0.16202721 101 133 155 
-0.927986681 0.339408517 0.166175604 110 141 162 
-0.920270503 0.303095907 0.21543923 105 136 157 
-0.935258627 0.307171255 0.219303131 109 142 164 
-0.924288571 0.321101278 0.19982931 106 137 159 
-0.915116966 0.278354526 0.253771424 125 161 184 
-0.927441359 0.286223531 0.259406358 125 161 183 
-0.93758297 0.260928988 0.2991184 123 160 181 
-0.915596664 0.278072745 0.278927654 119 155 178 
-0.912446678 0.262478948 0.307593316 113 149 171 
-0.947821796 0.212771103 0.378761321 145 188 208 
-0.935943604 0.192806333 0.418953031 143 187 207 
-0.939592302 0.169083327 0.458806485 166 212 230 
-0.930955112 0.125494242 0.538860619 179 228 245 
-0.946049988 0.418745071 0.113858558 122 151 172 
-0.93895632 0.383628398 0.178412676 106 137 159 
-0.924533844 0.319847763 0.225020498 106 137 157 
-0.951117396 0.344526589 0.241366655 122 157 180 
-0.927466571 0.326879412 0.281525463 101 132 155 
-0.927741408 0.327344745 0.281808794 100 132 155 
-0.921499968 0.298943162 0.318030357 122 157 176 
-0.927349746 0.326170921 0.284035385 102 133 156 
-0.935157418 0.211350605 0.481312066 166 214 231 
-0.91364491 0.193717748 0.521713614 166 216 235 
-0.906146049 0.172692925 0.561809957 167 219 239 
-0.899803638 0.151388258 0.601881027 181 235 252 
-0.966565967 0.450500727 0.14364025 102 128 147 
-0.955963612 0.457737029 0.135706037 103 129 148 
-0.973336697 0.426022083 0.183425725 129 161 181 
-0.949389279 0.425191104 0.195534378 121 151 172 
-0.979748249 0.355950683 0.30308494 131 173 198 
-0.96634078 0.336356044 0.343309939 108 139 159 
-0.934528112 0.351621747 0.330775112 118 148 170 
-0.921641111 0.290514171 0.418175727 126 160 182 
-0.936139464 0.297986418 0.423833698 123 156 178 
-0.92545557 0.306708872 0.413337409 127 159 181 
-0.9174757 0.269655317 0.458728582 125 168 189 
-0.929312825 0.25395906 0.503848314 139 181 202 
-0.919074297 0.275118649 0.471408933 128 170 190 
-0.93542558 0.229639709 0.543648124 151 200 226 
-0.925951123 0.209093079 0.583787501 170 219 238 
-0.925838947 0.1862804 0.623722911 177 231 249 
-0.928202689 0.16286847 0.663604379 187 240 252 
-0.97261399 0.49023068 0.165917486 100 126 143 
-0.966432989 0.499480188 0.15249604 110 136 153 
-0.954573691 0.446865499 0.192702502 117 148 170 
-0.963912129 0.487000853 0.175436527 105 131 149 
-0.964560211 0.377980888 0.365757674 134 168 188 
-0.944491386 0.390859902 0.35217008 140 178 199 
-0.934718609 0.346390545 0.397651285 119 154 174 
-0.940309227 0.370156288 0.390229017 122 157 177 
-0.930135667 0.323891222 0.437265843 117 147 170 
-0.950122833 0.335795701 0.445938081 110 141 163 
-0.935399711 0.345851898 0.434907168 111 142 164 
-0.920719266 0.282400191 0.466018051 125 167 187 
-0.96672672 0.286097169 0.525442362 140 176 197 
-0.92201668 0.274079084 0.566349149 138 180 207 
-0.953790307 0.243548661 0.605590105 156 205 229 
-0.95306015 0.220885575 0.645538926 163 216 240 
-0.969409108 0.509649336 0.176128834 100 122 138 
-0.967298388 0.418511987 0.388107002 122 156 177 
-0.954242587 0.429047704 0.375495821 134 169 191 
-0.946692884 0.393440604 0.424561769 117 149 168 
-0.95272243 0.399200141 0.428357452 120 151 171 
-0.973492265 0.371333122 0.467838019 122 161 187 
-0.971967459 0.326022506 0.547737181 132 168 191 
-0.921869576 0.277936339 0.568431258 138 181 208 
-0.931547046 0.316695035 0.582031012 137 182 209 
-0.922108829 0.274384737 0.618883133 148 197 224 
-0.924367607 0.281153738 0.647365749 154 205 233 
-0.954060197 0.238997519 0.707859039 168 218 242 
-0.962596118 0.460420519 0.410388052 125 163 187 
-0.950802028 0.409586549 0.433796495 129 159 178 
-0.958080709 0.416257262 0.490582675 123 160 185 
-0.955780149 0.426574677 0.473567396 138 172 193 
-0.961357653 0.392624259 0.530444264 138 173 196 
-0.946763694 0.373316765 0.570695102 113 148 167 
-0.944937587 0.372899473 0.572237253 114 150 169 
-0.929482102 0.298864365 0.685367584 153 198 222 
-0.968051076 0.276804984 0.729963303 167 212 231 
-0.931287825 0.305327177 0.69645375 156 198 220 
-0.954572976 0.419911653 0.492185205 122 160 185 
-0.952671051 0.407946825 0.537825048 133 170 193 
-0.960705519 0.411136091 0.592800379 92 122 140 
-0.955989361 0.41752544 0.583727837 98 129 149 
-0.953851521 0.40694207 0.603182971 101 132 152 
-0.941567302 0.346130013 0.714972258 156 198 222 
-0.974314034 0.293643057 0.792168856 159 204 226 
-0.956048727 0.416726768 0.59532994 96 125 143 
-0.944259942 0.35243839 0.768492579 163 206 227 
-0.960154474 0.338264138 0.814886212 169 216 233 
-0.946007371 0.358025491 0.78663063 161 207 228 
-0.953069866 0.381172806 0.837449491 144 186 207 
-0.952767909 0.381408453 0.837171793 144 186 207 
-0.952913582 0.381948918 0.837854505 144 186 207 
-0.983870327 0.517061234 0.757683039 114 147 167 
-0.992907465 0.522437572 0.761600852 117 150 170 
-0.98698312 0.530619264 0.74993211 113 146 168 
-0.98369056 0.514319539 0.779895484 109 142 163 
-0.987107813 0.529782236 0.764958858 118 152 174 
-0.859669387 0.268506885 -0.0194662958 147 185 205 
-0.867147565 0.299471378 -0.0202230215 144 185 200 
-0.901714206 0.260228395 0.0330080315 123 162 183 
-0.853969693 0.244319737 -0.012364544 141 181 206 
-0.850208998 0.217859358 0.109015144 116 152 178 
-0.867965519 0.22271736 0.113609053 117 154 178 
-0.854461372 0.236668974 0.0952251181 118 155 179 
-0.851299345 0.221015781 0.123999991 114 151 176 
-0.81319195 0.040967375 0.37522319 160 206 228 
-0.812598109 0.0395124853 0.364127606 158 202 225 
-0.813705564 0.0384937227 0.426291555 170 217 236 
-0.814525723 0.0389701724 0.458649963 175 217 236 
-0.876026571 0.333341271 0.0110402629 110 142 164 
-0.86361444 0.275024444 0.0892277732 119 155 176 
-0.876762688 0.284621775 0.0958934352 111 146 166 
-0.86846298 0.295898348 0.0798706487 118 153 174 
-0.857577384 0.246811569 0.125574499 112 149 171 
-0.876813769 0.261769593 0.135825276 119 155 176 
-0.865093529 0.279218107 0.110533528 115 151 171 
-0.876106203 0.239100993 0.17577365 115 154 178 
-0.814865589 0.0385597944 0.478812546 178 218 235 
-0.817498684 0.0444141924 0.534644186 179 225 243 
-0.817625821 0.0442320108 0.542502761 179 225 243 
-0.877272904 0.33767575 0.0200951174 111 143 164 
-0.88370055 0.361246288 0.0532686189 107 136 158 
-0.877319217 0.329655826 0.111340545 107 137 157 
-0.875190616 0.319118261 0.130711526 111 142 162 
-0.881534874 0.278980851 0.198064357 127 160 181 
-0.891706705 0.253679007 0.237775773 120 158 180 
-0.883424103 0.232843921 0.277889103 124 161 182 
-0.816655099 0.0366078019 0.582662463 178 222 241 
-0.817494571 0.0354143381 0.634463072 171 220 245 
-0.88542527 0.365216494 0.0883303657 103 133 155 
-0.909615338 0.381897539 0.100062825 95 125 146 
-0.878035784 0.331689775 0.121637769 105 136 155 
-0.888615191 0.375491112 0.120608144 99 129 149 
-0.877449512 0.324894309 0.170234263 115 146 168 
-0.883147299 0.348422587 0.170367569 107 138 158 
-0.879701436 0.331364214 0.201725543 113 144 164 
-0.86722821 0.271256745 0.297005504 116 154 176 
-0.870897055 0.287778735 0.281847686 110 146 166 
-0.868287385 0.274859697 0.305596441 115 153 175 
-0.93494159 0.416961342 0.121920146 121 149 171 
-0.891088068 0.38297534 0.150970757 94 124 143 
-0.918426812 0.398118794 0.162212819 97 127 147 
-0.880636811 0.332926065 0.227311224 117 147 166 
-0.873964846 0.302218676 0.262231141 108 140 159 
-0.917704403 0.306934297 0.32196036 123 158 177 
-0.868954062 0.27354607 0.3507981 125 166 186 
-0.914380372 0.284899056 0.361965746 145 186 202 
-0.8721717 0.284004092 0.382312 133 177 199 
-0.946338892 0.455396533 0.144080848 104 130 148 
-0.929377556 0.436662078 0.184383243 113 143 165 
-0.911432743 0.349646151 0.344505936 125 157 177 
-0.894852638 0.330819428 0.384800047 127 165 189 
-0.904891968 0.305549681 0.424514323 122 156 177 
-0.882433951 0.324721634 0.400987297 122 161 183 
-0.916037261 0.28001219 0.46420452 124 166 186 
-0.954117715 0.494707584 0.166320354 99 124 140 
-0.922162235 0.38824302 0.366681188 132 168 187 
-0.89384973 0.371149957 0.409164757 145 175 191 
-0.928939998 0.427796364 0.38894251 129 165 186 
-0.894840956 0.375262171 0.408975065 142 173 189 
-0.90584147 0.420429826 0.412100166 129 163 183 
-0.877947807 0.290917575 0.570666492 144 193 217 
-0.888599217 0.335073113 0.569009423 134 178 207 
-0.879253745 0.291557133 0.623515546 152 202 226 
-0.881070852 0.297804296 0.637519777 155 204 228 
-0.913622916 0.453553379 0.401270866 139 175 197 
-0.962089241 0.460966647 0.410629421 126 163 187 
-0.919134021 0.476149112 0.403198272 145 178 202 
-0.933534503 0.445038319 0.451184362 142 173 192 
-0.903205574 0.403637171 0.477687448 133 168 190 
-0.946757674 0.418997914 0.490829319 127 164 189 
-0.913068175 0.446120441 0.458399206 131 165 188 
-0.90340507 0.399929285 0.528049886 106 140 163 
-0.920981884 0.402396917 0.531323731 118 152 174 
-0.903045595 0.396504343 0.549607337 113 148 171 
-0.898678958 0.374887496 0.589345038 125 165 191 
-0.914002776 0.312726855 0.691207588 150 194 217 
-0.888405383 0.32402876 0.682837486 147 193 216 
-0.919315517 0.475920975 0.414064139 140 174 198 
-0.914628446 0.453012347 0.45344463 128 162 184 
-0.90343523 0.395555943 0.578031778 121 154 176 
-0.943073988 0.415403664 0.593184471 98 126 144 
-0.894741535 0.347920865 0.708236158 153 200 224 
-0.89682287 0.355614185 0.718300164 156 203 227 
-0.933169723 0.367635459 0.775540948 159 204 225 
-0.905190587 0.386953354 0.754215598 153 198 220 
-0.922335029 0.411451787 0.798185945 142 184 207 
-0.915560484 0.428204 0.771910965 152 200 222 
-0.926300108 0.476414263 0.729245424 152 186 207 
-0.942365348 0.493477076 0.740292728 130 158 178 
-0.93394804 0.509145379 0.71664381 138 167 187 
-0.919518471 0.445275694 0.763918698 155 202 224 
-0.936408877 0.472078979 0.780355394 144 185 207 
-0.935098588 0.449556261 0.820316911 140 182 206 
-0.943432748 0.424699217 0.860068321 147 190 209 
-0.942435801 0.541079044 0.751466513 105 137 159 
-0.956353784 0.508445382 0.802329957 114 146 166 
-0.963168621 0.483956009 0.842114449 142 179 197 
-0.95979315 0.461933166 0.882120967 146 187 209 
-0.943046987 0.542217016 0.766881585 107 141 162 
-0.940069973 0.526027679 0.810105145 136 168 187 
-0.94007498 0.521555543 0.860030472 143 182 204 
-0.952944458 0.504784703 0.90467912 140 179 199 
-0.940188169 0.519867599 0.883984447 140 179 201 
-0.941819012 0.523916483 0.913864017 135 174 195 
-0.850519121 0.295459628 -0.00580981374 137 176 193 
-0.817357719 0.239452466 0.0124365017 127 163 189 
-0.810452342 0.256189972 0.0207826942 124 160 184 
-0.817667544 0.285512149 0.0262002125 121 159 182 
-0.80772388 0.240977377 0.0645649359 128 162 185 
-0.841410637 0.251984626 0.0742544904 131 167 190 
-0.806071877 0.238193333 0.01965978 127 161 186 
-0.815410197 0.274337292 0.0467426851 122 158 182 
-0.798662245 0.200880021 0.0941142812 141 175 201 
-0.797945738 0.193573058 0.142418206 131 169 195 
-0.818065166 0.211955577 0.154628932 126 163 189 
-0.796501637 0.183407038 0.189086854 125 167 195 
-0.808488846 0.191433638 0.194770455 129 171 198 
-0.797197342 0.184175819 0.21248427 126 169 198 
-0.769749999 0.0558339059 0.378536731 162 204 229 
-0.768918335 0.0542669892 0.357767075 160 201 225 
-0.76997149 0.0522124171 0.428948551 156 199 227 
-0.768034816 0.0401109159 0.474510223 154 198 227 
-0.776926398 0.0391942561 0.474988669 159 202 229 
-0.768042266 0.0398454368 0.47780332 155 198 228 
-0.873848557 0.331006765 0.0160909966 112 145 166 
-0.818855047 0.289206356 0.0396665558 114 152 174 
-0.862811625 0.310838342 0.0562643632 119 155 177 
-0.846634746 0.269074202 0.136482626 115 149 170 
-0.825076044 0.251452506 0.176885158 122 159 183 
-0.80727607 0.225742519 0.213300824 127 167 189 
-0.810916305 0.242005721 0.199702442 125 163 186 
-0.803069592 0.204722404 0.253761441 111 150 177 
-0.814444959 0.208346024 0.256982625 113 152 180 
-0.806918442 0.222214609 0.236083984 118 157 181 
-0.799776793 0.187292099 0.296275288 143 183 211 
-0.802921116 0.188295454 0.297166616 142 182 210 
-0.80004102 0.188168257 0.29867056 142 182 211 
-0.769809008 0.0425903499 0.528411567 169 212 235 
-0.768480182 0.0328772068 0.575339258 162 206 234 
-0.785557747 0.0326193273 0.577075541 167 212 236 
-0.768410921 0.0315854549 0.586512923 162 207 235 
-0.865712702 0.351330012 0.0786101297 101 131 152 
-0.855137587 0.308209985 0.158706397 127 156 175 
-0.816564083 0.266729295 0.184260219 121 154 177 
-0.825169384 0.302479774 0.182059914 124 152 170 
-0.810578346 0.238717988 0.220722198 128 166 188 
-0.83968538 0.266270399 0.238908857 127 164 185 
-0.821763813 0.285620928 0.21305114 121 152 172 
-0.82509172 0.24696289 0.279159695 120 157 181 
-0.818736672 0.225661263 0.319231093 123 162 186 
-0.803973973 0.199292034 0.355621874 135 179 210 
-0.818353117 0.202914268 0.359172404 134 177 209 
-0.804822266 0.201752692 0.367224067 137 180 211 
-0.768467605 0.0283357203 0.625224948 166 214 242 
-0.864817023 0.369900852 0.140971541 100 130 148 
-0.828559339 0.313861549 0.211217731 128 156 174 
-0.858960807 0.325638622 0.220965028 126 155 173 
-0.870106876 0.300100952 0.260655195 108 139 158 
-0.816569209 0.25776577 0.284099817 119 156 179 
-0.862472415 0.279109001 0.300754458 115 153 174 
-0.825605929 0.29455635 0.290150851 124 157 176 
-0.815053105 0.247316599 0.33060655 129 170 195 
-0.82693994 0.242029741 0.381394356 137 183 207 
-0.818631709 0.260030985 0.353617996 137 182 207 
-0.814427316 0.239217237 0.39187941 143 193 216 
-0.828437388 0.304398775 0.310771793 130 165 183 
-0.841377974 0.302568793 0.363555849 128 170 190 
-0.830954731 0.310950398 0.353539497 132 172 190 
-0.819193721 0.259094298 0.389826059 137 184 207 
-0.832944632 0.317617059 0.370815217 134 175 193 
-0.836209834 0.326880574 0.417780846 131 169 188 
-0.845416009 0.362370431 0.446066231 127 165 186 
-0.891225994 0.414084971 0.429696947 123 152 170 
-0.845586419 0.362797916 0.449139804 127 165 187 
-0.874610543 0.395266771 0.469991833 126 159 179 
-0.845005035 0.356021821 0.497747332 132 164 185 
-0.862121046 0.375449955 0.510196865 126 156 177 
-0.848605931 0.368077397 0.529100716 127 161 185 
-0.863568962 0.329419822 0.590031207 142 188 219 
-0.868289888 0.305437326 0.629861414 154 202 227 
-0.91072315 0.47339946 0.41174826 143 177 200 
-0.904339373 0.452104807 0.451820284 129 162 183 
-0.849843681 0.370542169 0.558535576 131 169 195 
-0.889224648 0.387243718 0.571948409 129 165 188 
-0.864082754 0.370489299 0.612429023 138 182 208 
-0.852366149 0.376607567 0.606945395 142 185 210 
-0.84366709 0.337289274 0.644482732 160 205 228 
-0.850739002 0.368552238 0.621753275 145 190 215 
-0.846455276 0.347346097 0.660736024 160 206 228 
-0.898157835 0.403435528 0.634095728 163 197 219 
-0.862642646 0.417395443 0.62549144 149 183 198 
-0.859852612 0.403583646 0.65088141 143 179 199 
-0.852498055 0.367496669 0.714243174 151 194 219 
-0.852598906 0.367674708 0.716891885 151 193 219 
-0.866411388 0.431149095 0.64568305 157 191 208 
-0.862881839 0.412788779 0.687665045 140 178 202 
-0.883774102 0.425271004 0.696750998 157 194 215 
-0.869344711 0.440488935 0.676564693 155 190 211 
-0.853330851 0.370768726 0.71611464 151 194 219 
-0.887467146 0.401537329 0.736603498 152 196 220 
-0.887176454 0.46564132 0.719085872 158 196 216 
-0.877476156 0.47065869 0.714629889 154 192 211 
-0.909146607 0.437483788 0.758540273 160 208 230 
-0.882842004 0.491217315 0.732522607 130 163 185 
-0.89411813 0.505154967 0.741343617 116 146 170 
-0.886402905 0.504765034 0.745458484 114 145 170 
-0.924768746 0.538930118 0.763085008 106 137 157 
-0.89352107 0.529918432 0.792745173 135 172 194 
-0.898777485 0.54934001 0.818249285 157 192 213 
-0.928258002 0.533599734 0.865283847 142 180 203 
-0.901219726 0.557945371 0.834749222 159 193 214 
-0.905619442 0.571732163 0.883539677 158 191 211 
-0.931168497 0.551249266 0.927562356 132 170 191 
-0.906925142 0.576104999 0.894892454 158 190 210 
-0.800433397 0.284742713 0.0352141038 118 156 179 
-0.77060461 0.227928907 0.0533878133 112 149 176 
-0.791483462 0.200035483 0.092866011 138 173 199 
-0.7564345 0.185679018 0.133562386 121 160 188 
-0.752309084 0.195324361 0.190713555 124 166 196 
-0.748943627 0.186371952 0.135684073 118 157 186 
-0.752238035 0.192596048 0.217767924 141 183 209 
-0.744133413 0.0516174138 0.373428077 164 206 229 
-0.722252548 0.0502735972 0.422650188 158 201 227 
-0.721115589 0.0486111343 0.388926446 162 205 228 
-0.722407758 0.0463917255 0.472913116 166 207 231 
-0.72235173 0.0446457565 0.489741355 164 205 231 
-0.805837214 0.233269289 0.217237175 126 166 188 
-0.752444208 0.191363305 0.240931183 146 189 212 
-0.753483593 0.19095546 0.293181092 152 189 212 
-0.754472971 0.193574995 0.30949375 145 184 210 
-0.723067641 0.0444925725 0.524310112 155 201 231 
-0.720259726 0.028967917 0.56791383 164 206 233 
-0.718656123 0.0181751549 0.614224076 168 213 239 
-0.736933172 0.0215487182 0.618067682 168 213 239 
-0.811916053 0.295831621 0.199580789 115 144 165 
-0.759760082 0.211125433 0.357200593 135 181 213 
-0.760657012 0.214103982 0.365281284 132 180 212 
-0.794338822 0.295600265 0.302238494 119 155 176 
-0.812838554 0.268282712 0.341768533 134 177 203 
-0.767218351 0.236500874 0.417635113 173 219 240 
-0.780122936 0.29562819 0.353049129 128 169 193 
-0.787490904 0.32677415 0.345213383 134 170 190 
-0.777410507 0.280478537 0.396867394 133 176 202 
-0.771453917 0.252581775 0.433394879 159 207 231 
-0.790011942 0.269321918 0.44454059 141 190 216 
-0.777487159 0.277251214 0.43625018 137 185 212 
-0.775047302 0.265172899 0.458453447 142 192 219 
-0.789520681 0.332554221 0.374169111 135 172 191 
-0.785218537 0.311158299 0.414414823 124 164 189 
-0.83039999 0.323579907 0.426136881 128 166 185 
-0.815772891 0.30428049 0.466388434 129 167 189 
-0.777644873 0.272415757 0.497222215 143 191 217 
-0.799183309 0.285456061 0.506682754 140 188 214 
-0.780726373 0.283201754 0.518836915 140 188 215 
-0.84387958 0.361511141 0.448252231 127 165 187 
-0.836266339 0.340514064 0.488351017 132 167 187 
-0.813428342 0.323201954 0.528781474 134 176 200 
-0.788690209 0.312541753 0.558427334 135 177 199 
-0.840028048 0.357957542 0.550611019 123 161 188 
-0.797428727 0.345716506 0.590968549 149 193 222 
-0.797768056 0.346993178 0.592360258 150 194 223 
-0.845721006 0.37493366 0.61282897 144 188 213 
-0.801033199 0.355331004 0.649612367 153 200 224 
-0.802665472 0.361555964 0.655376732 153 200 224 
-0.854055941 0.414110065 0.635056376 159 192 207 
-0.809405506 0.38822791 0.668427885 147 191 215 
-0.814841926 0.400761724 0.675843477 143 185 210 
-0.812792301 0.401603281 0.675284147 145 187 211 
-0.84986788 0.369444102 0.715013504 151 193 219 
-0.82375747 0.445800781 0.687562406 139 182 206 
-0.833100796 0.481969655 0.71459949 145 186 212 
-0.835856795 0.492161542 0.727873206 135 175 201 
-0.840601385 0.509016037 0.758406222 122 159 183 
-0.850052834 0.54572022 0.784459352 122 159 180 
-0.89495939 0.564499259 0.82607615 153 186 206 
-0.861331284 0.591468811 0.793886185 107 142 163 
-0.90931958 0.602217317 0.848172307 138 171 194 
-0.87073493 0.627936304 0.820374489 122 151 168 
-0.90259099 0.58100611 0.888251841 158 190 210 
-0.959333479 0.293854773 -0.0514227375 109 138 159 
-0.971627891 0.344632566 -0.0512408726 131 161 180 
-0.995365024 0.453026742 -0.165966302 109 139 160 
-0.996998191 0.456592232 -0.163847253 108 139 160 
-0.996579647 0.45806995 -0.166244626 108 139 160 
-0.989035547 0.423664659 -0.130276918 121 150 169 
-1.00805736 0.431075633 -0.124155186 111 139 159 
-0.982534468 0.393628657 -0.0949729681 130 160 178 
-1.00139141 0.409849226 -0.0840770304 116 145 165 
-0.97775358 0.370351553 -0.0558032244 125 154 173 
-0.994115055 0.38877061 -0.0439855754 106 137 158 
-0.997253001 0.460444927 -0.161723435 109 140 160 
-1.00771081 0.472353369 -0.101738669 136 166 187 
-1.00398386 0.484639168 -0.121560693 128 158 179 
-0.991074979 0.42718637 -0.0757794827 125 152 168 
-1.00091052 0.469424516 -0.0935919508 137 167 187 
-0.985016584 0.398889631 -0.0394807383 112 141 162 
-1.00310159 0.47893405 -0.0986653417 136 167 188 
-0.949779153 0.481928438 -0.417041183 119 147 167 
-0.977441192 0.49313736 -0.407903999 110 135 151 
-0.956688762 0.511750758 -0.431213349 117 144 163 
-0.948836744 0.473733425 -0.369245201 147 175 193 
-0.953735054 0.476035416 -0.367454648 147 175 192 
-0.948843598 0.472913623 -0.359820038 141 168 186 
-0.959056854 0.518382907 -0.396190882 111 138 156 
-0.982065439 0.510372102 -0.345662773 118 150 171 
-0.962210536 0.529001057 -0.369398743 120 152 172 
-0.951219022 0.478602171 -0.313977301 105 135 154 
-0.971670747 0.490048259 -0.305503428 107 137 157 
-0.953290343 0.484842241 -0.288222611 104 133 153 
-0.931710005 0.379487336 -0.108250611 140 166 182 
-0.941387713 0.38317889 -0.105179004 141 168 184 
-0.93463105 0.392470628 -0.118418142 134 162 181 
-0.922413647 0.338467836 -0.0792287067 126 154 170 
-0.961756885 0.355408847 -0.0656897202 140 169 185 
-0.924458027 0.34210971 -0.0258408673 105 133 153 
-0.971663773 0.567918539 -0.367858738 99 129 151 
-0.97851187 0.575265884 -0.36310938 95 125 147 
-0.974346876 0.578996539 -0.367778718 98 128 150 
-0.989158809 0.549849033 -0.323408335 111 143 165 
-0.98255825 0.528606832 -0.283331603 110 141 162 
-0.957747936 0.499764144 -0.249390453 105 134 155 
-0.975855649 0.507389367 -0.243252665 106 135 156 
-0.950489521 0.466752172 -0.215788633 104 134 155 
-0.987384439 0.481759042 -0.203570813 109 138 159 
-0.943002939 0.432843745 -0.182699502 135 169 192 
-0.940088809 0.416901529 -0.139334574 124 155 177 
-0.9363814 0.39335075 -0.0478381887 120 147 164 
-0.957156956 0.397716045 -0.0431805626 111 139 159 
-0.940369368 0.410792828 -0.0585739762 120 146 162 
-0.991171241 0.613395631 -0.340976149 115 146 170 
-0.984424233 0.618799269 -0.347421676 111 142 165 
-1.0005002 0.588297844 -0.301246375 116 147 169 
-0.997303784 0.566231668 -0.26124382 123 155 177 
-0.98065722 0.547421038 -0.220948279 115 144 163 
-0.986450851 0.523178875 -0.181141511 126 159 181 
-0.996469617 0.497914046 -0.141426772 122 153 172 
-0.956109941 0.479852796 -0.103329316 134 159 176 
-0.969948351 0.481493503 -0.10091614 135 162 181 
-0.957743287 0.486716717 -0.104617506 134 160 178 
-0.968934238 0.458899111 -0.06096109 117 144 162 
-0.956646144 0.481285512 -0.09463346 130 156 174 
-0.951663971 0.456621408 -0.0492940173 110 136 154 
-0.985122383 0.620800853 -0.33761248 113 144 167 
-0.982146978 0.604617834 -0.294385254 127 158 181 
-0.980099618 0.592081368 -0.249072403 132 163 185 
-0.987021267 0.587074518 -0.198677927 136 169 191 
-0.981582761 0.594647825 -0.20949918 134 166 188 
-0.978989899 0.56617856 -0.158570036 121 153 173 
-0.971200347 0.543638587 -0.119329922 132 168 190 
-0.972779036 0.551065505 -0.129382893 129 164 186 
-0.985116005 0.496176273 -0.0389045924 120 143 158 
-0.965567052 0.515363276 -0.0637522936 121 152 172 
-0.961027145 0.492888808 -0.0224380381 126 155 171 
-0.982318759 0.596309066 -0.19417116 134 168 189 
-0.976670146 0.569622517 -0.156951487 120 154 173 
-0.965331376 0.511594236 -0.0326914936 101 125 141 
-0.907887876 0.502887905 -0.410242796 124 153 168 
-0.910082638 0.512018681 -0.410943568 123 150 164 
-0.904739857 0.486026525 -0.367403567 132 159 169 
-0.904804766 0.485890985 -0.362913609 132 159 170 
-0.895330846 0.440072745 -0.288720697 99 127 148 
-0.900245428 0.443302572 -0.286423653 96 124 146 
-0.897109628 0.447796762 -0.292885929 103 130 151 
-0.895271719 0.438698232 -0.276160359 105 134 154 
-0.937871039 0.543908894 -0.384633124 113 142 162 
-0.920297444 0.552501321 -0.391836405 104 133 152 
-0.904341936 0.479971319 -0.318383694 132 160 179 
-0.9260813 0.478243053 -0.264577448 112 139 158 
-0.897279143 0.443236142 -0.234428197 122 151 170 
-0.915150344 0.45804897 -0.224406391 110 138 159 
-0.895152926 0.430389881 -0.18929249 116 141 159 
-0.928181589 0.432054996 -0.184757262 128 161 183 
-0.892997444 0.417428851 -0.144222438 136 162 181 
-0.893876016 0.417518586 -0.144077092 136 162 181 
-0.920205534 0.388305902 -0.10471762 144 170 184 
-0.893004835 0.41739127 -0.1434668 136 162 181 
-0.911584914 0.367552608 -0.064596884 130 157 170 
-0.92930156 0.587027729 -0.362118661 125 155 178 
-0.929741681 0.587070405 -0.362047106 125 155 177 
-0.929327667 0.587120414 -0.361950368 125 155 178 
-0.917907238 0.430056006 -0.0822586045 132 158 173 
-0.899773717 0.44081533 -0.0930012241 126 155 172 
-0.964640796 0.619817138 -0.340398282 103 133 154 
-0.935956478 0.609851062 -0.310210049 99 127 149 
-0.910614014 0.486648738 -0.104631819 88 111 130 
-0.914090753 0.501606405 -0.111226484 90 114 133 
-0.936759055 0.466686904 -0.0602602586 112 138 155 
-0.935778499 0.607985258 -0.297648698 101 131 154 
-0.937783957 0.611373425 -0.243227661 127 162 188 
-0.939229667 0.615970075 -0.227933019 128 164 190 
-0.923191607 0.54056108 -0.126279578 118 151 171 
-0.928968549 0.565173268 -0.134554505 125 159 180 
-0.946091831 0.505621791 -0.038054578 104 130 148 
-0.939367831 0.613105178 -0.189754024 120 156 180 
-0.933931887 0.587254167 -0.152056471 125 155 176 
-0.897748113 0.512426496 -0.406168133 125 153 170 
-0.857962728 0.487788379 -0.371585339 117 144 165 
-0.863987744 0.514817297 -0.395325899 125 156 180 
-0.877586484 0.430433005 -0.348272026 113 137 152 
-0.884559751 0.469938993 -0.326014966 126 152 169 
-0.846845388 0.440039754 -0.351389647 135 156 171 
-0.884697258 0.44706589 -0.28608498 100 129 150 
-0.845717847 0.434458137 -0.341129065 131 153 168 
-0.85295856 0.460218132 -0.294957548 112 141 160 
-0.847037971 0.431386828 -0.246394932 130 156 172 
-0.852185488 0.432095289 -0.245443881 131 156 172 
-0.84798789 0.435611248 -0.249723345 128 154 170 
-0.847361028 0.432507843 -0.244018406 130 156 171 
-0.896019638 0.554038763 -0.38372153 110 141 164 
-0.870473266 0.536945403 -0.343469739 135 171 195 
-0.872035503 0.537004113 -0.343266129 135 171 194 
-0.870504677 0.53699398 -0.342567235 136 171 195 
-0.854179621 0.463940173 -0.280259073 112 142 161 
-0.87819016 0.444155097 -0.183668375 118 149 170 
-0.853920221 0.454893678 -0.191644251 127 163 187 
-0.892912805 0.417751729 -0.144056112 136 162 181 
-0.900284231 0.571360528 -0.321472496 107 139 161 
-0.878572643 0.566849232 -0.303924024 114 146 168 
-0.857486963 0.467951775 -0.17299825 124 162 185 
-0.883005321 0.461343616 -0.121431343 116 144 161 
-0.861738086 0.48351106 -0.150725454 121 157 176 
-0.919621348 0.607873976 -0.2994847 103 133 154 
-0.882986724 0.581622362 -0.265433431 110 144 167 
-0.899667442 0.589863837 -0.259117126 111 145 168 
-0.883768201 0.582484841 -0.239141107 111 146 169 
-0.868823171 0.512494683 -0.147521734 113 145 164 
-0.885197639 0.524846673 -0.139003068 109 137 156 
-0.873986065 0.534059227 -0.15012148 115 145 164 
-0.892542064 0.615834713 -0.206921861 126 159 180 
-0.884770215 0.57736069 -0.136196002 117 144 162 
-0.893090725 0.616831541 -0.192812189 127 160 180 
-0.889437497 0.597985387 -0.151108161 130 160 178 
-0.846620739 0.501961708 -0.365121514 125 153 173 
-0.842594385 0.438902617 -0.347509861 138 159 174 
-0.843372881 0.47990799 -0.325117826 107 136 155 
-0.846286058 0.433523238 -0.245315373 131 156 172 
-0.840860963 0.521709859 -0.302654147 145 173 192 
-0.820600688 0.503773928 -0.262279898 120 148 164 
-0.8126297 0.481749058 -0.222779512 105 135 152 
-0.81426537 0.489573598 -0.234633237 110 138 156 
-0.812769413 0.482167989 -0.221019655 105 135 152 
-0.85672313 0.559064388 -0.280590713 115 149 172 
-0.821970701 0.522943974 -0.251701057 121 151 170 
-0.827515006 0.545080364 -0.243144482 121 154 175 
-0.813323021 0.484473318 -0.221221358 105 135 153 
-0.847548068 0.51560545 -0.200524941 129 164 183 
-0.826731265 0.541200519 -0.23601225 122 155 176 
-0.847511172 0.492774576 -0.16059117 121 158 178 
-0.83728075 0.583340406 -0.21995157 119 153 173 
-0.839745104 0.558687985 -0.177946001 119 155 178 
-0.835455954 0.574306846 -0.203345388 118 153 174 
-0.837841034 0.585302651 -0.21603474 120 153 173 
-0.876416683 0.613845587 -0.196268767 128 160 181 
-0.871843219 0.59211266 -0.156236202 119 150 171 
0.710541725 0.376385957 0.54732126 120 156 179 
0.705306292 0.370001495 0.544423461 117 152 175 
0.703353226 0.378417164 0.540571213 116 152 176 
0.721208453 0.314934075 0.565077543 161 201 226 
0.731203079 0.358547032 0.587704241 136 177 204 
0.718165636 0.315173984 0.563304186 161 201 225 
0.748309195 0.298653781 0.605600834 170 209 233 
0.73358053 0.336282641 0.627689004 151 195 225 
0.703012466 0.379014403 0.549578428 114 149 173 
0.706661344 0.360185146 0.591292143 129 170 197 
0.721070588 0.374448568 0.649825454 139 178 204 
0.701521635 0.377399415 0.635967612 142 182 208 
0.699404895 0.384205878 0.657514095 143 185 212 
0.685537875 0.628745675 0.739706993 102 130 151 
0.677590072 0.633927345 0.743399143 102 129 150 
0.682762027 0.640747964 0.733775437 99 127 149 
0.667093694 0.608546853 0.783103526 117 147 167 
0.647037685 0.589969516 0.775201559 113 146 167 
0.684836805 0.630476773 0.752656698 106 134 155 
0.642079532 0.611155331 0.767412543 109 138 158 
0.670616746 0.691866398 0.723326087 133 163 185 
0.667981386 0.695635319 0.725665927 136 167 189 
0.66937393 0.696940184 0.72400409 137 167 189 
0.670238435 0.673341751 0.765648007 110 144 170 
0.684950769 0.626560807 0.790940642 123 152 174 
0.632198036 0.649988413 0.789552093 121 151 173 
0.665940881 0.710238934 0.733834326 124 153 176 
0.624521315 0.682934165 0.775889874 112 146 171 
0.660352945 0.731512785 0.753975511 105 135 158 
0.617750108 0.711426854 0.770136654 112 144 168 
0.656644762 0.742274046 0.804640114 123 153 173 
0.61580503 0.717182755 0.795478463 108 140 163 
0.655306876 0.746408582 0.820118487 120 150 171 
0.612930954 0.725199163 0.838344932 126 163 190 
0.654235065 0.747250319 0.859969497 117 152 175 
0.611265719 0.730526686 0.85559386 136 175 202 
0.726261795 0.667767406 0.599386692 108 131 146 
0.715809226 0.670503676 0.60202378 110 133 148 
0.723592401 0.679692984 0.589420557 114 137 152 
0.726153672 0.667013586 0.612728715 103 125 140 
0.698769391 0.707573175 0.624061584 104 129 145 
0.714190364 0.716152549 0.615923405 100 125 142 
0.71991384 0.688218474 0.663567007 99 125 144 
0.716930687 0.689129114 0.664390206 99 125 144 
0.726500988 0.657843947 0.698677301 110 139 160 
0.705584049 0.663542867 0.704075992 103 133 155 
0.728554666 0.645282745 0.743975997 113 144 167 
0.735420167 0.613814473 0.77846086 106 130 147 
0.730710089 0.623944759 0.784489214 108 133 150 
0.711030364 0.727615654 0.633617163 98 123 140 
0.700957417 0.726456761 0.686451197 104 131 152 
0.707989812 0.736763179 0.671560764 100 126 146 
0.707096457 0.738581181 0.692372203 101 129 151 
0.676192105 0.7388165 0.748253703 101 131 154 
0.703480303 0.749002099 0.742587566 104 135 158 
0.699779391 0.762839913 0.758730173 99 129 152 
0.680086792 0.758113146 0.810680449 113 142 163 
0.697007954 0.770958543 0.795751214 102 131 154 
0.696799278 0.770057678 0.815341651 110 139 161 
0.697158396 0.764154911 0.864448726 120 149 169 
0.746815741 0.678008556 0.602699161 103 125 141 
0.782852292 0.617494702 0.722893119 119 143 160 
0.781167746 0.617803693 0.723246276 119 143 161 
0.782532036 0.618904591 0.721928716 119 143 160 
0.783645689 0.613391459 0.732063293 120 144 161 
0.763461292 0.707162321 0.616729379 105 127 144 
0.758943975 0.725590944 0.619335294 108 131 147 
0.765403509 0.695038974 0.662278593 100 127 147 
0.77186954 0.66514039 0.697661042 104 131 150 
0.784421146 0.606838465 0.769281387 116 142 162 
0.737185776 0.758065462 0.647307336 99 125 145 
0.749300182 0.76324749 0.643637598 100 127 148 
0.748568714 0.765678883 0.650198102 100 127 148 
0.73395294 0.775636911 0.709578872 109 137 157 
0.743591547 0.781422496 0.703752279 110 137 157 
0.728784621 0.815579832 0.7318753 130 160 182 
0.733834445 0.819639802 0.727024019 130 160 181 
0.704356253 0.786827326 0.771276116 98 127 148 
0.732769907 0.823264658 0.735617757 130 160 181 
0.723002315 0.832534313 0.794091225 103 130 147 
0.728528559 0.835821748 0.790802479 102 128 144 
0.734340668 0.808109164 0.831915855 110 140 163 
0.730833948 0.824408829 0.811782539 104 132 151 
0.714066088 0.784691691 0.873762488 121 149 170 
0.734151483 0.807985723 0.841972709 111 142 164 
0.728036761 0.837370634 0.796168923 101 128 143 
0.734688699 0.802249432 0.881047606 116 147 170 
0.78564626 0.618887782 0.723343849 119 143 160 
0.77077049 0.725000501 0.625629902 106 129 145 
0.781862378 0.704845369 0.665804505 94 119 139 
0.81679213 0.67418921 0.697647095 109 132 148 
0.8099491 0.704082131 0.679636776 90 113 130 
0.82147342 0.65130353 0.737040758 109 137 157 
0.82564801 0.630408525 0.777572989 110 138 157 
0.761747479 0.764010429 0.647842348 102 130 150 
0.80434376 0.727593958 0.675709009 98 121 139 
0.797126234 0.757476091 0.675009251 114 140 158 
0.787803769 0.793541193 0.70223707 118 148 168 
0.783975363 0.807626426 0.721483946 125 157 178 
0.749480069 0.820589006 0.732326031 134 165 187 
0.779997408 0.822101712 0.743260503 134 167 189 
0.771217167 0.855482817 0.775422335 106 135 157 
0.738274276 0.81339097 0.834356785 109 140 162 
0.762346268 0.883251071 0.817357183 101 127 146 
0.763238013 0.884898067 0.814874291 100 125 145 
0.748487771 0.857056856 0.856988251 119 144 161 
0.775755227 0.826449752 0.889699578 120 149 172 
0.769707263 0.852872491 0.873746157 118 145 164 
0.762942433 0.885778308 0.818666458 100 126 146 
0.762185633 0.884260058 0.870281279 102 129 148 
0.833733439 0.694560647 0.706867278 107 130 147 
0.867041826 0.657814741 0.735575438 101 130 152 
0.85891515 0.692667127 0.721382856 112 138 156 
0.873157203 0.629293919 0.771746039 104 130 149 
0.849003553 0.73767525 0.676285625 99 127 147 
0.839387357 0.779253602 0.655738473 137 163 182 
0.852280915 0.7203058 0.718834281 118 145 164 
0.830495954 0.81488812 0.667964637 103 129 147 
0.827271998 0.821063995 0.671678543 97 122 140 
0.82874167 0.821869314 0.670924485 96 121 139 
0.828162491 0.824056923 0.673208773 96 121 138 
0.802603543 0.833447158 0.733483195 122 152 173 
0.821872771 0.845788836 0.72047931 103 129 149 
0.818092346 0.859133184 0.745754004 99 126 146 
0.814669311 0.871364415 0.766989827 99 127 148 
0.796662569 0.95231986 0.694086194 111 136 152 
0.783601344 0.95691514 0.698021293 111 138 155 
0.794349611 0.96187079 0.694139481 114 139 156 
0.80822587 0.902392745 0.718013287 99 122 141 
0.767265558 0.930121422 0.737598419 95 122 141 
0.809356809 0.893457413 0.765385926 90 116 135 
0.780911744 0.910584509 0.777828574 87 113 131 
0.80387181 0.847622395 0.898127615 114 140 159 
0.778071344 0.99677062 0.720309794 102 131 148 
0.784512162 1.00048578 0.71668011 103 132 150 
0.757909298 0.969050646 0.759803534 99 126 144 
0.76409781 0.947708726 0.799871325 109 135 155 
0.796968758 0.932825089 0.840520263 109 139 161 
0.808190823 0.889055252 0.867834389 101 127 148 
0.798195899 0.932745278 0.841205835 110 140 162 
0.815915287 0.854211807 0.900388777 112 137 156 
0.783860922 1.0026207 0.722855926 102 131 148 
0.783504605 0.999528885 0.773570776 96 125 145 
0.789048851 0.973252535 0.811025143 109 136 156 
0.797894239 0.934004784 0.84106034 110 140 162 
0.893810928 0.751668632 0.626616478 113 139 156 
0.88606137 0.752905846 0.628141165 115 142 159 
0.891265631 0.763506889 0.611922264 97 123 139 
0.895504177 0.742524207 0.650494158 99 126 144 
0.884186625 0.683932662 0.747899175 129 158 178 
0.912137806 0.661690354 0.785085797 122 150 169 
0.909641266 0.672539294 0.779145718 133 161 179 
0.855389655 0.78667587 0.649882019 125 151 169 
0.879902422 0.809674978 0.620577991 97 122 138 
0.893687308 0.747662306 0.676808298 89 115 134 
0.883591235 0.747822165 0.730362236 107 135 154 
0.890854478 0.755457401 0.720244825 99 127 145 
0.870377839 0.721784115 0.770007372 128 158 178 
0.906784952 0.682723045 0.797115564 127 155 175 
0.881457388 0.701626062 0.810181737 125 154 175 
0.877128839 0.817216694 0.664107025 100 127 147 
0.836047053 0.823187947 0.671869636 97 122 141 
0.874524951 0.826210737 0.683706105 102 130 152 
0.888007998 0.765486121 0.73948586 113 141 161 
0.890996814 0.749250531 0.782683015 109 138 159 
0.897501647 0.719199419 0.817978382 123 153 175 
0.868422151 0.851427436 0.683673978 96 121 139 
0.85118103 0.868044853 0.694608331 92 114 129 
0.862666965 0.874828398 0.687858939 96 118 134 
0.855711162 0.901372075 0.7122401 99 127 147 
0.82927531 0.88109678 0.756473064 95 122 143 
0.854072034 0.907292128 0.721707106 101 131 152 
0.832485139 0.968747139 0.69908607 88 114 135 
0.852925658 0.912316978 0.718500018 101 131 153 
0.839462936 0.969528556 0.700824738 84 111 132 
0.863523185 0.852709413 0.894340038 100 128 152 
0.840212643 0.856418371 0.898919165 103 130 151 
0.859875679 0.868476748 0.886585832 92 119 141 
0.838509142 0.973455071 0.700985134 84 110 131 
0.827914417 1.01661432 0.707793713 98 122 139 
0.844529033 0.921496868 0.881489158 97 125 145 
0.847265244 0.920819223 0.883891523 96 124 144 
0.82376498 1.0313884 0.734120369 112 139 156 
0.801474988 1.02078927 0.783161461 89 119 139 
0.821446836 1.0385468 0.76100111 108 137 155 
0.82843858 1.00404119 0.82344538 114 142 159 
0.828261852 1.00480974 0.823019207 114 141 159 
0.82224679 0.980137229 0.863479853 95 123 142 
0.828559577 1.00333583 0.825728714 113 140 158 
0.846701682 0.923297167 0.882229805 96 123 143 
0.833196938 0.980378866 0.867929757 90 118 137 
0.822456479 1.03203809 0.786975086 85 112 131 
0.832202017 0.984761953 0.864901662 92 121 141 
0.928022206 0.763062239 0.629055142 87 109 125 
0.915737212 0.668729424 0.788519382 127 155 174 
0.900761127 0.797657728 0.650870323 103 128 145 
0.908032477 0.77657783 0.690961659 97 122 141 
0.905171871 0.817079306 0.713308334 99 124 142 
0.894829333 0.791736126 0.753015995 122 151 172 
0.912606597 0.773199201 0.793336153 127 152 170 
0.920745075 0.752329111 0.833446383 125 156 179 
0.908251524 0.880488753 0.695106328 90 115 132 
0.90752852 0.883732677 0.692252755 92 117 135 
0.917182684 0.840904176 0.724949002 98 125 144 
0.923692286 0.810834169 0.760233402 103 132 152 
0.927070796 0.793067694 0.802554965 127 152 168 
0.930149138 0.776480317 0.845551014 124 156 179 
0.898722947 0.917928874 0.716520309 105 131 150 
0.898071408 0.920464873 0.718254328 106 132 152 
0.897974432 0.920869946 0.718202472 106 133 152 
0.885241687 0.97389245 0.713565111 99 127 148 
0.908011019 0.863466263 0.895303011 102 131 154 
0.905361831 0.874288917 0.896663845 100 130 153 
0.879515648 0.997891068 0.709771872 95 123 144 
0.871394157 1.03235912 0.699612856 99 126 145 
0.903901994 0.87961185 0.904537559 102 131 154 
0.881300628 0.907557368 0.922223091 107 136 156 
0.869148672 1.03862548 0.733070135 111 137 157 
0.874873281 1.01164043 0.770119071 101 127 145 
0.837954283 1.02961886 0.783956051 88 113 131 
0.873762012 1.01151502 0.822530568 117 136 147 
0.873568952 1.01150835 0.831467628 120 140 152 
0.889327347 0.941371202 0.887377858 98 125 144 
0.879673064 0.981290221 0.887016892 109 138 158 
0.892855585 0.923015833 0.929362655 120 148 167 
0.874975145 1.00225651 0.869718313 126 154 173 
0.912972987 0.883001208 0.695954204 88 113 131 
0.95774883 0.867070377 0.734725356 105 125 140 
0.956254423 0.873506784 0.731813073 102 122 137 
0.967252672 0.825235724 0.763280988 95 122 142 
0.961786807 0.826296806 0.81681633 103 129 148 
0.965195477 0.829244733 0.813179016 100 126 145 
0.941959679 0.798657894 0.85631752 109 142 166 
0.942966521 0.929203033 0.722953439 83 107 126 
0.964508712 0.831525564 0.819361687 101 127 145 
0.941470802 0.839733362 0.878715754 108 137 157 
0.95865804 0.851523161 0.865750432 100 127 147 
0.930645049 0.982551694 0.695809007 97 121 138 
0.90839678 0.987121105 0.700739503 93 118 137 
0.927105129 0.997638464 0.690675676 96 119 136 
0.941415846 0.935738683 0.721517265 82 106 124 
0.948612988 0.891165197 0.886402845 97 122 141 
0.917132914 1.04013598 0.676261425 88 107 121 
0.891055584 1.04695749 0.682837844 90 112 127 
0.912834883 1.05819786 0.672876239 99 120 134 
0.923765838 0.917835712 0.923148036 100 130 151 
0.939416707 0.926606417 0.914777637 94 122 144 
0.908935905 1.07234406 0.694683015 84 102 114 
0.889424622 1.06491673 0.745144248 109 128 142 
0.906250954 1.08070672 0.725024343 92 109 121 
0.917839408 1.02837646 0.77450186 105 130 146 
0.909882128 1.06273067 0.758069277 96 114 127 
0.885191739 1.01821244 0.824917912 117 134 145 
0.916317284 1.03087389 0.816630721 108 126 137 
0.918690026 0.980640888 0.905513525 103 130 147 
0.926400959 0.980955124 0.908395231 104 130 148 
0.906358242 1.07798076 0.750390112 88 105 117 
0.914886475 1.03548753 0.831052303 108 128 141 
0.906859994 1.04181123 0.887731791 122 140 151 
0.910919487 1.04751074 0.879573107 115 136 150 
0.925723851 0.98392117 0.906525016 106 133 150 
0.912255287 1.04089797 0.891729176 124 143 155 
0.959791124 0.871493399 0.736907005 103 123 138 
1.00280118 0.859063864 0.777776778 90 112 129 
0.994822204 0.906961024 0.752351522 91 115 132 
0.989085853 0.931880295 0.738794148 94 118 133 
1.00522709 0.861585498 0.778881967 92 114 130 
0.983387411 0.87271893 0.839695811 108 131 148 
0.999063075 0.882488847 0.829589307 117 140 156 
0.951708615 0.99760437 0.701682925 99 122 138 
0.979892075 0.970116377 0.735990345 104 128 145 
0.975202978 0.990521669 0.724520445 107 131 147 
0.996696055 0.890614152 0.847968221 114 138 156 
0.992269814 0.906033635 0.879832804 106 135 155 
0.95850867 1.0631212 0.684218526 111 128 141 
0.958438337 1.06342947 0.684021533 111 128 141 
0.969664872 1.01479387 0.709060669 103 126 143 
0.981652915 0.948507309 0.895280123 112 139 159 
0.958357394 1.06371558 0.684558451 111 128 141 
0.958201349 1.05983698 0.734823227 100 127 146 
0.925192773 1.07357419 0.745923281 98 119 133 
0.957617104 1.05764103 0.786050439 104 123 137 
0.968359411 1.01093984 0.811822653 103 131 152 
0.923323214 1.02744186 0.825748503 112 130 141 
0.975608885 0.977962971 0.84544456 106 133 152 
0.931601346 1.00660586 0.865861773 83 109 129 
0.975610673 0.973464251 0.895354688 115 140 158 
0.935107172 0.984614491 0.905871034 106 131 149 
0.916338682 1.04410541 0.887938261 117 135 147 
1.00636172 0.923959315 0.760330319 100 123 140 
1.01801562 0.90394032 0.800517142 119 142 158 
1.02261186 0.987820745 0.740926981 122 151 167 
1.02134538 0.993085861 0.740569174 121 151 166 
1.03007722 0.953995764 0.774063826 106 135 154 
1.02508998 0.946846366 0.823080182 129 157 176 
1.02980447 0.951208711 0.817550898 128 156 175 
1.00173426 0.918353438 0.862504363 105 133 152 
0.959063113 1.06341827 0.684319139 111 128 141 
0.99742049 1.0498625 0.725087583 104 127 144 
1.01351237 1.02357471 0.761376619 78 100 113 
1.00943995 1.0299319 0.765282333 70 90 103 
1.01974487 0.994593859 0.797284126 109 138 156 
0.999500453 1.00468624 0.804998875 104 131 150 
0.976615131 0.976307273 0.844433308 108 136 155 
0.986496747 0.955859184 0.884581447 119 147 168 
1.03268003 0.994363189 0.743379593 112 141 156 
1.04515791 0.974543452 0.783584356 104 135 153 
0.105281845 0.00711998343 -0.320050687 121 155 177 
0.0835271627 0.00885897875 -0.316714168 128 159 179 
0.104537472 0.00909015536 -0.307769448 127 160 182 
0.0547705889 0.0200304687 -0.307477027 146 181 197 
0.0988936573 0.027728945 -0.25578016 127 160 180 
0.0854381174 0.0276755393 -0.254330635 134 168 185 
0.0521620065 0.0272982419 -0.268477738 158 194 208 
0.0992046744 0.0254050195 -0.244235188 122 155 174 
0.0487018824 0.0393841267 -0.243924469 140 173 190 
0.0981085449 0.0263220668 -0.204101637 119 151 169 
0.080535993 0.0448430181 -0.192095473 127 158 177 
0.0446345955 0.0544774532 -0.224915206 123 157 177 
0.095432952 0.0339919925 -0.166495025 130 160 178 
0.0746020526 0.127668619 -0.251102388 113 141 162 
0.0563259721 0.125856668 -0.250079781 118 149 170 
0.0742958635 0.128544956 -0.246783942 114 143 164 
0.057799384 0.0805336237 -0.170181751 128 158 175 
0.0353041813 0.0905823112 -0.197760448 121 151 172 
0.0859974921 0.0706168115 -0.140296072 137 167 187 
0.0284573883 0.123421699 -0.248341978 122 157 177 
0.0680481791 0.149389058 -0.191575676 119 149 166 
0.0228800774 0.142002314 -0.198759109 104 130 145 
0.0740125775 0.121001214 -0.149949491 161 194 211 
0.0706320703 0.136597723 -0.168061644 141 172 189 
0.0281633362 0.115847886 -0.15068005 111 134 147 
0.0678050369 0.149883986 -0.185913026 118 147 165 
0.0181607231 0.176166892 -0.166160196 116 143 162 
0.0137169883 0.177278876 -0.17008169 117 144 164 
0.0163444355 0.164271861 -0.146171182 125 154 172 
0.0115435869 0.185388476 -0.160416603 117 147 166 
0.0589458495 0.166726679 0.033652924 179 197 207 
0.0129925981 0.161727697 0.0359831899 152 176 190 
0.0556924045 0.180301279 0.0321754962 180 199 209 
0.011692062 0.1671336 0.0356189907 153 177 191 
0.0582264364 0.154053062 0.0791952237 110 130 145 
0.0191986114 0.132850856 0.0719501451 151 168 183 
0.0603369623 0.157308728 0.0744420961 115 134 149 
0.0210767239 0.12222138 0.118318982 101 124 145 
0.020906195 0.121649504 0.118026622 100 123 144 
0.0210172385 0.120969921 0.120480575 102 125 145 
0.0529078394 0.190451592 0.0472225025 163 183 195 
0.0100688413 0.206430525 0.0606222823 116 139 157 
0.00160799921 0.20696938 0.0559153035 115 139 157 
0.0131753683 0.156517684 0.0854864791 167 184 198 
0.00245388597 0.202781886 0.0636131242 116 138 156 
0.0206040442 0.122836739 0.118705668 101 124 145 
0.0614469945 0.143423647 0.177774161 125 154 174 
0.0210444629 0.116614431 0.167629957 117 137 150 
0.059451133 0.151609212 0.178444892 137 168 188 
0.0139632523 0.145805478 0.168351442 110 135 151 
0.0306562334 0.120054215 0.220802546 98 119 136 
0.0232439414 0.103480309 0.212601036 100 121 138 
0.06039083 0.146957248 0.18699649 129 158 178 
0.0513050854 0.10221231 0.261185259 83 107 124 
0.0291067809 0.0759519041 0.249339193 122 147 164 
0.0657462478 0.0828678608 0.301432759 107 133 151 
0.0319742337 0.0601931214 0.292809099 137 162 179 
0.0350587666 0.052600354 0.340697289 152 179 193 
0.033931464 0.0480108857 0.338324547 151 178 192 
0.0333102942 0.0500291884 0.344414651 153 180 195 
0.00131773204 0.20760119 0.0622207597 115 138 155 
0.0574080199 0.159293801 0.186851174 134 165 186 
0.0127047747 0.149383157 0.186372191 101 127 145 
0.0158209354 0.132647187 0.229283154 108 132 149 
0.0189881623 0.115710527 0.272079319 123 147 163 
0.0609476417 0.122900218 0.323737204 139 155 167 
0.0167512298 0.121919006 0.305786759 148 174 191 
0.0694766343 0.0939058959 0.359384924 117 145 166 
0.0633490682 0.122227907 0.325981259 137 154 165 
0.0724933296 0.0775607526 0.402519494 95 124 141 
0.0320951492 0.0507344007 0.392365515 160 191 210 
0.033240892 0.0476745069 0.442932576 155 183 201 
0.0323313549 0.0453144908 0.441748708 155 183 201 
0.0722105056 0.0783599615 0.406622618 92 120 138 
0.0321082249 0.045895189 0.445539504 156 184 202 
0.0114258826 0.140932828 0.338988513 127 152 170 
0.0568527281 0.144302905 0.378926784 137 159 175 
0.0101854205 0.144337893 0.358100176 116 143 161 
0.0694549978 0.0894990861 0.409347683 95 122 140 
0.0452181473 0.114607185 0.425669521 114 140 160 
0.0586457998 0.135426432 0.395244211 134 157 174 
0.0483879298 0.0925346017 0.46567151 134 165 184 
0.0564469993 0.0716454089 0.505779982 134 168 189 
0.0307489112 0.0470404923 0.495219082 134 167 185 
0.0290332586 0.051032871 0.529620588 131 163 182 
0.0568594635 0.143482 0.387740225 142 165 182 
0.00897593796 0.146067441 0.394408435 128 152 168 
0.031776011 0.152547479 0.447785646 145 170 186 
0.00563073158 0.156800866 0.428715259 122 143 161 
0.0144201741 0.115692049 0.482001454 120 147 167 
0.0103388578 0.133493572 0.471560508 113 140 160 
0.0195218176 0.0911545753 0.520450354 138 171 191 
0.0612643063 0.0911653936 0.568226874 150 186 210 
0.0271072835 0.0568575263 0.553317189 139 170 188 
0.0177476853 0.096816659 0.538982868 145 177 197 
0.00426706672 0.160077959 0.454905063 109 138 160 
0.00663044304 0.141975343 0.549512804 158 186 206 
0.00664498657 0.141750902 0.549389124 158 186 206 
0.00658611208 0.141986549 0.549473524 158 186 206 
0.025966242 0.123815596 0.589866996 150 186 211 
0.152787626 0.00601869822 -0.325870037 134 169 190 
0.150997475 0.0100814402 -0.288829386 154 185 202 
0.148665413 0.0177241266 -0.266691923 142 173 191 
0.146116465 0.0241596997 -0.221183687 147 186 201 
0.145782903 0.0245584548 -0.21029982 150 190 204 
0.147805929 0.0121176243 -0.164932251 107 140 161 
0.118326858 0.0311502218 -0.151339382 129 161 181 
0.143935278 0.0248728395 -0.128969193 116 149 172 
0.120501459 0.132879257 -0.253311604 116 147 167 
0.119854137 0.134000182 -0.236049831 109 140 161 
0.113195211 0.0711019933 -0.129042178 135 168 186 
0.132540256 0.071198374 -0.120602824 140 176 192 
0.115997091 0.146086186 -0.193274677 107 136 154 
0.0847371817 0.151087433 -0.187119007 115 143 161 
0.123166457 0.113424182 -0.159472674 111 141 160 
0.0801413804 0.104295403 -0.107353188 113 143 162 
0.120647565 0.119987726 -0.116765611 122 157 176 
0.123989731 0.10344258 -0.0863510445 115 151 170 
0.119978309 0.121459335 -0.102393769 127 165 184 
0.06286107 0.178014636 0.0393632129 174 191 200 
0.0678625554 0.151899606 0.181679994 127 155 173 
0.108376265 0.131112188 0.322992653 112 136 153 
0.0720104873 0.125577897 0.323978186 133 150 162 
0.106120661 0.141478479 0.31135571 127 150 166 
0.114350557 0.103145927 0.359480351 128 152 168 
0.0866960138 0.083452791 0.404163986 96 125 143 
0.115020812 0.0974188149 0.392349541 114 143 162 
0.107053667 0.136308998 0.325964987 115 139 156 
0.101017624 0.156655967 0.376980752 199 229 244 
0.103826523 0.14275068 0.402542472 172 202 221 
0.100073844 0.15924269 0.391565144 189 219 235 
0.195612013 0.0233118534 -0.321168602 146 184 204 
0.197813362 0.0101704299 -0.276201755 125 162 183 
0.189784408 0.0117380023 -0.274466753 127 163 184 
0.197793335 0.00940990448 -0.26683262 130 167 188 
0.198059767 0.00471025705 -0.226841569 161 196 215 
0.155696288 0.0218411982 -0.21286732 152 193 208 
0.196366906 0.00687018037 -0.173123002 118 149 169 
0.179271132 0.00470751524 -0.172420859 109 140 161 
0.196244985 0.00699019432 -0.168859094 120 150 171 
0.193188161 0.0148684382 -0.116065182 137 170 191 
0.161530077 0.0187674165 -0.110465355 115 147 171 
0.192354441 0.0161652267 -0.0921998844 136 172 194 
0.166829795 0.136404395 -0.256484866 127 157 174 
0.165542752 0.138810128 -0.224129558 114 145 162 
0.165663719 0.0609617829 -0.0879663751 154 191 209 
0.182518512 0.0547727346 -0.0696456507 129 166 186 
0.163444534 0.14521414 -0.198962927 103 134 153 
0.167853549 0.123398155 -0.158957466 126 156 174 
0.16900818 0.114369541 -0.111638285 163 197 210 
0.147036046 0.120486796 -0.105896108 146 181 196 
0.17552954 0.0842536092 -0.0763800219 146 182 199 
0.109881103 0.134744227 0.324803054 113 135 152 
0.136521578 0.118352562 0.365316272 135 156 166 
0.119150788 0.155341923 0.387346864 196 226 244 
0.248843402 -0.000286728144 -0.339855403 140 183 205 
0.234482616 0.00420284271 -0.335835099 147 190 211 
0.248634338 -0.00120192766 -0.320088297 148 189 210 
0.247787505 -0.00062957406 -0.287568331 149 186 207 
0.245135546 0.00603398681 -0.239864469 137 175 197 
0.24452281 0.00770622492 -0.230317473 135 174 196 
0.218757868 0.0142650306 -0.171560794 131 165 185 
0.239904523 0.0218450725 -0.175404102 142 179 199 
0.238852859 0.025493145 -0.167660981 144 183 202 
0.238092542 0.0239887834 -0.116038226 131 167 189 
0.238522232 0.0186031759 -0.0759192184 115 152 176 
0.210945308 0.14862445 -0.254685014 117 151 172 
0.210134834 0.149048448 -0.222188085 107 139 162 
0.227648199 0.0623496473 -0.0628118291 119 153 174 
0.20889923 0.152172267 -0.200172633 113 146 170 
0.212641478 0.132976115 -0.158668771 101 131 151 
0.213480592 0.125187278 -0.110640474 121 152 169 
0.220730722 0.0922077894 -0.0770200565 130 169 191 
0.294418365 0.00619867444 -0.341335535 142 185 205 
0.294049561 0.00496152043 -0.310656101 134 177 197 
0.29320392 0.00647872686 -0.288692176 129 168 190 
0.290989518 0.0106878579 -0.233801544 123 157 179 
0.272524387 0.00892481208 -0.232731581 127 163 185 
0.290976793 0.010088414 -0.226555318 126 160 181 
0.288312078 0.0167164207 -0.177870333 142 181 201 
0.252279222 0.0223786533 -0.170830637 142 180 200 
0.286386162 0.0227291882 -0.156267077 136 176 195 
0.284944385 0.025457114 -0.120387875 137 177 195 
0.286237836 0.0158830583 -0.0733806118 107 141 164 
0.248877764 0.017069459 -0.0686298236 110 147 171 
0.284846961 0.0202641785 -0.0582102314 114 149 173 
0.258597016 0.146949828 -0.26083225 122 154 175 
0.255666018 0.154637814 -0.211700618 110 142 164 
0.273997158 0.0639797449 -0.0458715037 122 162 184 
0.273883462 0.0644534826 -0.0459169224 123 162 184 
0.255596966 0.154246002 -0.204176039 111 143 165 
0.259108394 0.135956824 -0.162153423 109 138 160 
0.258890331 0.132321894 -0.111749269 125 157 178 
0.262993723 0.111706823 -0.0710569695 142 178 202 
0.339396864 0.0150277317 -0.341475189 123 157 177 
0.340429693 0.00647762418 -0.293882251 148 189 210 
0.337087184 0.00619778037 -0.293667227 147 187 209 
0.340428889 0.00635206699 -0.292450041 148 189 210 
0.337620914 0.0130221546 -0.237655878 145 182 200 
0.340165257 -0.00146701932 -0.193459898 162 199 216 
0.328342438 -0.000404626131 -0.191582829 163 200 217 
0.339681327 -3.20076942e-05 -0.187188894 165 202 219 
0.33405596 0.0180462003 -0.129816025 137 175 195 
0.330117792 0.0183790922 -0.129202217 136 175 194 
0.333926171 0.0183737576 -0.127498269 136 174 194 
0.331840545 0.022259295 -0.0749231651 128 166 190 
0.329756379 0.0289313793 -0.0533806607 137 175 198 
0.30379796 0.154904783 -0.261471868 100 132 155 
0.30212003 0.157006025 -0.207786888 125 160 183 
0.276795387 0.156379968 -0.205344617 119 152 174 
0.301837683 0.157056272 -0.1953841 125 159 181 
0.274218589 0.064396888 -0.0456689075 123 162 185 
0.319935054 0.0674664676 -0.0306933001 155 196 216 
0.302469403 0.151141346 -0.158658028 105 135 157 
0.303328991 0.143271953 -0.110675804 113 149 168 
0.282709897 0.130485862 -0.0630079284 119 152 174 
0.302550226 0.14344427 -0.0768360123 103 135 154 
0.312737852 0.0973185599 -0.0319926664 138 171 188 
0.305989623 0.126417667 -0.0455364063 107 135 154 
0.302370787 0.142545223 -0.0586082712 98 127 149 
0.294748724 0.123084247 0.50757587 152 202 222 
0.289003074 0.127934009 0.510845482 159 208 227 
0.29274112 0.131495059 0.506282687 157 207 227 
0.300997496 0.0940394402 0.543446779 146 187 208 
0.292817056 0.106017321 0.550861537 157 200 221 
0.289649248 0.143121332 0.519036174 157 208 228 
0.293709487 0.122675866 0.55982554 136 175 198 
0.379793257 0.0393742919 -0.332669973 140 182 202 
0.34303692 0.00763785839 -0.293537617 147 188 209 
0.380318403 0.0397975743 -0.332497388 140 182 203 
0.381559312 0.0304299593 -0.285372078 130 170 192 
0.382852018 0.0208586156 -0.238363266 144 185 203 
0.385501325 0.00595706701 -0.194403112 152 191 208 
0.385301769 0.00511541963 -0.175889015 147 187 205 
0.380308032 0.0218710005 -0.132817894 125 166 190 
0.379302084 0.0247318447 -0.118423857 128 169 192 
0.375967383 0.034434706 -0.0731488392 138 176 198 
0.373886585 0.0414561331 -0.0556422994 131 169 192 
0.350477964 0.157048255 -0.265435368 133 166 187 
0.351725519 0.147654533 -0.218324989 128 158 179 
0.348673165 0.156188816 -0.173027188 105 134 156 
0.368709803 0.058459729 -0.00692447275 138 174 196 
0.361574382 0.0627009571 -0.00383318216 144 180 202 
0.367705733 0.0619692206 0.000174425542 140 177 199 
0.347847849 0.158398867 -0.159696519 105 133 155 
0.346180141 0.160460025 -0.10603448 99 133 153 
0.350472569 0.139102161 -0.0657669976 131 168 187 
0.329871744 0.141901076 -0.0619806722 117 151 170 
0.354857504 0.117380828 -0.025707446 130 166 188 
0.364857018 0.0735982955 0.00173410028 138 174 194 
0.340163618 0.130198568 0.506455481 151 196 217 
0.33526507 0.151971519 0.489403576 160 209 230 
0.347382605 0.0973415971 0.540145993 143 190 214 
0.328100085 0.182091087 0.483652443 164 218 239 
0.316500187 0.19862321 0.493920416 162 217 237 
0.322514653 0.205006853 0.485435456 166 221 241 
0.292363495 0.169941247 0.533327639 155 208 229 
0.29726994 0.148288965 0.573367476 115 153 177 
0.321794569 0.206867069 0.497823149 169 223 242 
0.321079761 0.205183953 0.549343705 163 217 237 
0.325277984 0.184196264 0.589822948 152 201 221 
0.428083003 0.0376792848 -0.33889845 138 180 200 
0.381049126 0.0396782756 -0.332642615 140 183 203 
0.427305281 0.0382531285 -0.309568375 135 175 195 
0.42593962 0.0416094661 -0.284167379 132 170 190 
0.427145243 0.0323803723 -0.236962825 132 171 190 
0.410332888 0.0194405913 -0.189796925 144 184 205 
0.42641741 0.0325637758 -0.205584317 133 174 196 
0.425588608 0.0340051353 -0.183550388 128 167 191 
0.423047125 0.0394993722 -0.12792474 136 176 198 
0.422852278 0.0401278436 -0.125963688 135 176 197 
0.41945228 0.0491326153 -0.0699317679 132 172 193 
0.418281496 0.0526704788 -0.0554950759 136 176 197 
0.3934035 0.173943937 -0.260961264 129 166 189 
0.395751834 0.160224944 -0.216324747 106 142 164 
0.392902046 0.16822502 -0.174390703 99 135 156 
0.413386554 0.068474412 -0.00638598949 142 177 198 
0.412271708 0.0723367929 0.00187828392 140 175 197 
0.390955776 0.174577981 -0.155632272 104 138 161 
0.392526925 0.163912803 -0.109249122 115 152 174 
0.394793957 0.150513142 -0.0644299164 119 156 179 
0.39989537 0.125976592 -0.0259805098 137 181 204 
0.407702774 0.0908074379 0.0063874945 143 182 202 
0.381099999 0.159402043 0.465485841 169 219 236 
0.352125347 0.166052163 0.472287387 171 222 240 
0.37581718 0.182209492 0.454580158 177 228 243 
0.38936922 0.122418344 0.496816069 150 198 223 
0.392880619 0.104129314 0.538838804 158 209 235 
0.371205151 0.198281378 0.487723082 176 231 247 
0.348733008 0.206424937 0.494622499 170 226 245 
0.36914888 0.205135569 0.505961239 171 228 246 
0.336993307 0.221937418 0.556708694 166 219 237 
0.360824287 0.236261323 0.542268932 170 219 233 
0.339982718 0.199821144 0.596706808 153 204 223 
0.473183513 0.0460289717 -0.339312255 133 174 198 
0.474735558 0.0354387462 -0.292886227 150 188 209 
0.463614881 0.0368229449 -0.290911227 147 184 206 
0.474529743 0.0354599059 -0.283671379 147 184 205 
0.47291106 0.0381159484 -0.238871783 138 172 192 
0.474131942 0.0288269222 -0.191701531 130 166 189 
0.452257454 0.0295881629 -0.188883752 131 168 192 
0.474651277 0.0247734785 -0.170501322 143 178 198 
0.473354638 0.0273893178 -0.140040606 155 191 208 
0.4707039 0.034229964 -0.0943594351 123 162 182 
0.442756951 0.165582716 -0.270932972 142 181 204 
0.412595183 0.170895338 -0.264728576 131 170 194 
0.446043253 0.14817816 -0.228404433 111 148 169 
0.431941986 0.152738303 -0.224374205 105 142 164 
0.445127428 0.150760114 -0.215048581 100 136 158 
0.470295727 0.0349167883 -0.08325205 120 159 180 
0.468002021 0.0394374728 -0.0281832591 116 154 178 
0.45464772 0.0440348685 -0.0242148563 124 162 186 
0.466921329 0.0428707004 -0.0167180672 121 160 185 
0.438297093 0.174488574 -0.165142536 96 133 156 
0.458545208 0.0742515028 0.0191208348 138 180 205 
0.437559545 0.177020967 -0.159424469 97 134 157 
0.434595168 0.184176981 -0.102848388 118 154 178 
0.417760283 0.163173884 -0.0600663051 139 178 201 
0.435629547 0.177609295 -0.077353783 138 178 202 
0.415354043 0.139751643 -0.0201857612 155 200 219 
0.447991908 0.118062437 0.0167866424 138 182 208 
0.445141494 0.130520731 0.00920791179 150 195 219 
0.436596692 0.171820581 -0.0574324951 153 194 217 
0.436224282 0.168792039 -0.00668150932 169 210 228 
0.451479018 0.0594423413 0.508090436 144 188 211 
0.447967052 0.0611826181 0.509423018 145 189 212 
0.450314403 0.0645736158 0.504538715 145 189 213 
0.440776646 0.105986685 0.482228428 149 197 222 
0.402942717 0.11431846 0.490918249 147 195 221 
0.433004677 0.140179724 0.459079295 162 211 232 
0.424070656 0.0965924859 0.531311512 155 208 233 
0.42436558 0.179453522 0.419281811 167 215 234 
0.389811695 0.198013723 0.433175355 170 221 240 
0.415421993 0.21713686 0.411136299 164 216 238 
0.43076551 0.149814695 0.454812914 166 214 234 
0.39683789 0.240908206 0.455737323 176 226 245 
0.407299519 0.247261778 0.449283868 174 225 243 
0.37687093 0.213235527 0.495235354 173 229 246 
0.406030446 0.251496851 0.460487276 173 223 242 
0.391972065 0.258084476 0.517973304 172 218 235 
0.40183267 0.264240444 0.511597931 169 217 236 
0.518625259 0.053037703 -0.340493053 163 204 223 
0.519211829 0.0462412834 -0.291897118 131 175 197 
0.523823202 0.0236301124 -0.252346486 144 181 201 
0.510753274 0.0253926218 -0.249951512 138 175 195 
0.524019241 0.0214540064 -0.237162352 150 188 208 
0.521699727 0.0274820328 -0.197660208 161 199 216 
0.526495278 0.00414723158 -0.15852347 167 209 229 
0.491643131 0.0162813365 -0.148092866 165 203 221 
0.52458638 0.00856143236 -0.119936801 147 190 214 
0.522699296 0.0145709515 -0.100078396 129 169 195 
0.479729354 0.0317516923 -0.0860104635 118 156 178 
0.519312024 0.024587065 -0.0558708087 118 156 179 
0.490726411 0.162659407 -0.277794451 127 166 187 
0.464519739 0.160623521 -0.223664612 125 167 189 
0.48729527 0.172999442 -0.235168278 149 195 219 
0.518048525 0.0283533037 -0.039712362 124 164 186 
0.513162792 0.0449436605 0.000233523548 131 174 198 
0.485765457 0.177660584 -0.21673128 145 190 216 
0.484234869 0.179182857 -0.163377434 111 142 164 
0.456849992 0.177121103 -0.161489755 101 134 157 
0.48390764 0.179684848 -0.153932452 111 141 163 
0.508270562 0.0622815788 0.0321762338 142 180 200 
0.496038198 0.0724071562 0.0390285924 146 184 203 
0.505908728 0.0707700551 0.0462829992 146 183 202 
0.481911063 0.183821797 -0.108241014 119 157 183 
0.485439599 0.165465444 -0.0662568137 152 187 209 
0.445668757 0.169928938 -0.0594584122 157 198 221 
0.488438964 0.149188519 -0.0230832919 151 190 211 
0.469632268 0.152889311 -0.0190034881 165 208 227 
0.491835237 0.131351888 0.019198142 152 199 217 
0.486679554 0.111335844 0.0612337217 149 193 215 
0.493327141 0.12296924 0.0438520089 149 194 214 
0.495619833 0.111619353 0.0647161976 144 187 209 
0.494666159 0.115736693 0.0627501085 146 189 211 
0.494758606 0.0794388652 0.461854786 159 210 237 
0.479106307 0.0915594995 0.470168263 154 204 231 
0.489280581 0.102662593 0.455283016 152 204 233 
0.501820266 0.0471996963 0.495898694 157 209 235 
0.479091227 0.145491779 0.447150916 167 218 241 
0.452918231 0.14925456 0.452073902 169 218 239 
0.475927114 0.15868324 0.445827097 172 222 244 
0.466680467 0.198748499 0.425128192 168 222 242 
0.460725307 0.223854125 0.419550508 167 222 244 
0.449183762 0.270904958 0.426583499 159 211 236 
0.448269129 0.271091223 0.466504902 165 216 237 
0.445090175 0.281085491 0.501394391 154 202 227 
0.568619013 0.042160809 -0.351903617 136 177 205 
0.56458813 0.0429088175 -0.351053774 139 181 207 
0.56863296 0.0416698456 -0.347087771 136 178 205 
0.56833303 0.0387928188 -0.301346749 143 189 210 
0.570794225 0.0246303678 -0.256963849 153 192 212 
0.575361729 0.00219154358 -0.21731469 169 215 235 
0.549078107 0.0118290484 -0.209183782 170 213 231 
0.57463491 0.00187286735 -0.180404514 157 204 226 
0.573790193 0.00387486815 -0.163868725 153 199 223 
0.571617961 0.00791826844 -0.109072916 161 210 233 
0.552114844 0.00807824731 -0.106842749 151 197 222 
0.573132813 -0.000775665045 -0.0820103362 160 208 232 
0.564734161 0.030716449 -0.0463760421 139 182 199 
0.531591117 0.187652737 -0.268688858 146 183 206 
0.535190701 0.169017315 -0.226864308 119 156 182 
0.512890279 0.172331244 -0.22261101 131 173 198 
0.534040093 0.1725806 -0.213636041 112 148 175 
0.564706862 0.0305818617 -0.0436271802 139 183 200 
0.562981784 0.0328684747 0.0101637915 128 169 194 
0.537384808 0.0412209928 0.0175202414 124 166 190 
0.561098218 0.0386310518 0.0326001868 128 170 194 
0.533231437 0.172224075 -0.172546998 108 145 173 
0.53065747 0.179241359 -0.132354885 105 141 168 
0.55256933 0.0707682669 0.067048572 135 179 206 
0.52808857 0.187939703 -0.111075215 117 151 174 
0.53007561 0.175640434 -0.0656266436 138 177 197 
0.512720346 0.163318485 -0.0180649534 148 189 212 
0.529637158 0.174207568 -0.0295759067 146 185 209 
0.498319328 0.136992991 0.0215543136 155 200 218 
0.541906536 0.113469034 0.0820782557 133 177 203 
0.529970169 0.17156288 -0.0154756382 146 187 213 
0.529724956 0.168034583 0.0349894986 139 179 204 
0.536606491 0.136503667 0.0694384053 132 176 201 
0.538225889 0.103189558 0.36528334 157 209 233 
0.530427873 0.10846737 0.369011313 158 210 234 
0.536080897 0.112053961 0.365255922 155 206 230 
0.543123364 0.0794544518 0.404191107 163 213 237 
0.529695511 0.0854502618 0.408928305 158 209 233 
0.551539123 0.0418948829 0.4351919 160 214 239 
0.519379795 0.060113579 0.448636502 157 209 236 
0.554398239 0.0261687934 0.478680521 156 207 235 
0.531146586 0.0401217937 0.488825828 159 209 236 
0.534204245 0.118991673 0.374321431 158 210 235 
0.506839335 0.121111959 0.43083939 153 205 231 
0.528535843 0.139320582 0.408657819 166 221 244 
0.518621743 0.178315222 0.430500358 158 215 240 
0.512179613 0.205532074 0.423818618 154 209 236 
0.505969942 0.23086217 0.427430004 154 207 235 
0.495856225 0.270844638 0.447456688 161 215 239 
0.478760719 0.301930904 0.479930729 140 189 222 
0.486669183 0.306239963 0.47591576 139 189 223 
0.615778267 0.0424210429 -0.356944263 136 178 208 
0.616096616 0.037692517 -0.319013983 139 183 211 
0.615810812 0.0378012359 -0.307103366 141 187 213 
0.616122007 0.0320866406 -0.257888675 143 187 210 
0.621779084 0.00536668301 -0.220688105 168 211 233 
0.617576778 0.0202799737 -0.193479568 176 222 240 
0.614208698 0.030621022 -0.153760612 145 190 213 
0.595217884 0.0185110569 -0.105903886 144 191 218 
0.613845348 0.0286676586 -0.115372963 131 177 205 
0.613693357 0.0281539857 -0.102688454 130 176 204 
0.610758722 0.0351932347 -0.0461791679 142 188 207 
0.575314224 0.0320475399 -0.0439955071 140 183 201 
0.610145509 0.0368986726 -0.0369783565 142 188 207 
0.581120014 0.17860195 -0.27905497 155 198 218 
0.580982387 0.174650937 -0.228831589 139 177 199 
0.580246449 0.174827099 -0.197003424 120 159 185 
0.609844685 0.0342928469 0.00578901917 144 191 212 
0.609557986 0.0309274495 0.0563473329 125 169 200 
0.598694265 0.0332206786 0.0587886348 125 169 199 
0.609198809 0.0315003097 0.0664707348 128 172 202 
0.579021811 0.177862763 -0.174511388 119 156 183 
0.575497389 0.188252419 -0.128157377 132 172 197 
0.56713295 0.0667753518 0.080510132 132 176 206 
0.604504049 0.0462938249 0.117619388 138 182 211 
0.59693718 0.0511494279 0.121092297 136 180 210 
0.603886008 0.0477164686 0.130186439 143 188 215 
0.574670613 0.190468013 -0.114818595 129 171 197 
0.574852109 0.185263097 -0.065312393 142 184 208 
0.580546141 0.158398002 -0.0281948224 121 161 186 
0.53980428 0.169873953 -0.0174750313 144 184 211 
0.577802241 0.166757703 0.00488131493 129 169 196 
0.560762763 0.106427342 0.10278035 140 185 212 
0.553083658 0.0817288458 0.142546058 132 177 206 
0.599586248 0.0611253679 0.1785855 134 179 207 
0.589177072 0.067625165 0.183265179 128 172 202 
0.599066079 0.0614926219 0.198387533 132 178 207 
0.576559186 0.169571877 0.030679293 115 152 178 
0.56668818 0.171895236 0.0853854045 136 180 210 
0.573891044 0.176035136 0.0813523009 135 177 208 
0.579785228 0.147912145 0.123257257 162 209 232 
0.577380121 0.158762842 0.113103516 156 201 226 
0.57429266 0.128056198 0.165416986 136 180 210 
0.580484807 0.143393189 0.141357213 154 199 224 
0.577836573 0.106074125 0.20542711 146 188 216 
0.593934953 0.0788389146 0.24120006 139 188 215 
0.590239942 0.0862364471 0.245630234 138 188 214 
0.593535542 0.0787863433 0.260122389 139 188 214 
0.573094249 0.178694755 0.0883803293 139 183 214 
0.573233724 0.168993711 0.187802881 168 213 236 
0.573268116 0.169033885 0.187747955 168 213 236 
0.58618921 0.113765746 0.208693415 146 190 219 
0.573282063 0.168965131 0.187874317 168 213 236 
0.587195158 0.105321258 0.256346762 140 187 214 
0.595969796 0.0618600547 0.336455286 154 202 229 
0.575940609 0.0782895386 0.347593695 163 215 236 
0.588287771 0.0946802497 0.324430436 156 205 228 
0.600378335 0.0400458276 0.376461685 159 212 235 
0.572684646 0.0546616614 0.387455702 160 214 238 
0.607836366 0.006249547 0.409614921 160 213 237 
0.57072401 0.031347245 0.427345961 162 216 239 
0.611192048 -0.0114274323 0.451987714 144 195 225 
0.579086959 0.0105316043 0.467461079 147 199 228 
0.573259115 0.169063002 0.18783778 168 213 236 
0.578760266 0.131760806 0.349791557 156 207 230 
0.551061571 0.154655427 0.391869694 159 213 240 
0.569928467 0.165397555 0.381483436 153 205 231 
0.543569863 0.194035977 0.414115489 157 212 239 
0.560299933 0.202978224 0.405925214 159 213 240 
0.55089581 0.239447653 0.432409853 161 214 238 
0.540656388 0.280052722 0.451292008 155 203 228 
0.537434757 0.291858852 0.468004137 157 206 234 
0.501005709 0.307315171 0.480415255 143 193 227 
0.535270452 0.2966308 0.514342427 152 203 235 
0.661652803 0.0477291942 -0.35909766 133 178 207 
0.660097003 0.0508600473 -0.322457284 152 199 225 
0.658904016 0.0540380776 -0.303006113 151 198 223 
0.66024828 0.0442644656 -0.256112963 137 181 207 
0.645290315 0.0351165831 -0.207088113 154 198 219 
0.659380555 0.0443215966 -0.216912359 135 180 205 
0.657722473 0.0496970415 -0.200522631 132 174 198 
0.657833397 0.0447694659 -0.150857806 133 179 206 
0.658379555 0.0391924083 -0.113958053 134 179 209 
0.627608836 0.18149671 -0.28258875 163 209 230 
0.626143157 0.181389332 -0.282486111 163 209 230 
0.627732694 0.180823028 -0.28078872 162 209 229 
0.657082677 0.043227464 -0.0992565677 130 173 202 
0.656369627 0.0415373743 -0.0477400795 145 191 216 
0.655219436 0.0447517931 -0.0306522772 147 193 217 
0.629219234 0.170677274 -0.236293823 153 196 213 
0.627641737 0.172383785 -0.182834581 137 179 199 
0.615651071 0.174363971 -0.180439755 132 173 195 
0.627148032 0.173632473 -0.174045041 138 180 201 
0.652773321 0.051176399 0.0102561787 149 198 220 
0.655782163 0.0348619521 0.0534082279 144 188 216 
0.655107021 0.035223186 0.080389373 143 186 213 
0.621850371 0.190647691 -0.1199053 128 169 192 
0.612359583 0.191921294 -0.118169539 128 169 192 
0.621456742 0.191722214 -0.113773502 128 168 191 
0.654177606 0.0366748273 0.106928296 139 182 210 
0.656634033 0.0225312412 0.151321977 144 192 219 
0.632556021 0.0369308889 0.16180107 157 206 230 
0.656672657 0.0178875327 0.201149166 127 172 201 
0.65381223 0.0192359686 0.202197045 127 173 202 
0.656395674 0.0187593102 0.204179913 127 173 201 
0.621821284 0.186270297 -0.0699257627 130 166 194 
0.626289308 0.16422233 -0.030053027 125 166 193 
0.622204423 0.177936226 0.00509438664 130 172 201 
0.613928676 0.050776273 0.22373727 146 195 221 
0.65309751 0.0274434686 0.259097874 130 175 204 
0.639603376 0.0341508687 0.264229447 137 184 212 
0.65472877 0.0169264972 0.301074624 143 192 216 
0.617548704 0.19407475 0.0395043567 127 170 199 
0.617331326 0.191975325 0.0728121474 146 190 215 
0.582872033 0.152972609 0.12567088 161 207 230 
0.603093147 0.0665076673 0.285843164 145 193 216 
0.654497564 0.0174504519 0.305865556 145 195 218 
0.616397858 0.046888113 0.326065958 147 195 225 
0.65282923 0.0195140243 0.359528989 155 205 230 
0.631585479 0.0277243555 0.3663297 157 208 233 
0.65783304 -0.00463905931 0.398197681 151 202 229 
0.619795859 0.00203090906 0.40600583 161 213 238 
0.659027517 -0.0138241053 0.445427507 150 199 229 
0.64568013 -0.0145438313 0.446502656 148 197 228 
0.617414296 0.190110981 0.0897204205 151 196 219 
0.619692087 0.176669031 0.134515405 143 188 215 
0.618115485 0.178372055 0.187972665 153 192 214 
0.576728582 0.169839621 0.187878996 167 211 234 
0.606766939 0.154270381 0.228466213 154 201 231 
0.617927313 0.178940088 0.190299869 154 193 215 
0.58613956 0.126437813 0.267949879 143 186 215 
0.595064163 0.105758131 0.308077216 149 196 223 
0.617788911 0.175163418 0.238620609 151 200 226 
0.621815979 0.154848427 0.27948457 150 200 227 
0.612659395 0.151210755 0.330869436 152 200 226 
0.620660365 0.155325621 0.327235252 154 201 228 
0.619592428 0.159093469 0.334395677 155 203 229 
0.61386317 0.178890079 0.377442747 157 208 233 
0.603997648 0.217643827 0.399728149 163 216 241 
0.598712027 0.236646041 0.431235462 157 207 233 
0.566399574 0.240755603 0.437021703 160 212 236 
0.596530735 0.244523346 0.443841606 156 207 233 
0.549406171 0.277836323 0.45906052 156 204 228 
0.590206742 0.265745461 0.498355001 157 205 234 
0.579325736 0.309526265 0.511399269 153 202 231 
0.709687054 0.0445514917 -0.366104633 136 182 210 
0.70566076 0.0562879443 -0.311672926 161 208 233 
0.705634296 0.05598405 -0.307082564 160 207 232 
0.704062879 0.0576666892 -0.253636986 136 183 211 
0.704288602 0.052995801 -0.212095678 135 183 211 
0.704218507 0.0525633991 -0.204072684 136 184 212 
0.703616917 0.0504354239 -0.15280658 136 182 211 
0.705421746 0.0388520658 -0.106948577 124 169 201 
0.673312128 0.0374132395 -0.104202859 130 175 207 
0.704988182 0.0394480526 -0.0936657265 126 171 204 
0.673250854 0.187718511 -0.284219623 145 190 214 
0.677927554 0.16485092 -0.244815677 135 179 206 
0.654592574 0.165435493 -0.241933465 142 186 208 
0.677165508 0.167097747 -0.234795541 139 183 209 
0.701343536 0.0503846407 -0.0478693023 141 183 209 
0.701672852 0.0457755029 -0.0117718503 158 202 223 
0.675663114 0.169256687 -0.189812601 148 191 216 
0.674040318 0.172483861 -0.151171297 125 168 199 
0.700945675 0.0474561155 0.00293887407 159 203 223 
0.700653553 0.0441118479 0.0535092875 144 192 220 
0.704241812 0.025520891 0.0953592882 150 194 220 
0.681611955 0.0304505527 0.100527696 144 186 213 
0.705825329 0.0151339471 0.138081223 140 188 216 
0.711410761 -0.0116313398 0.179076254 123 164 193 
0.703974187 -0.00981652737 0.180880696 123 166 195 
0.706677496 0.010915488 0.145835906 137 185 213 
0.711157739 -0.0112636685 0.186607331 124 167 196 
0.670260549 0.185992926 -0.127757072 124 167 198 
0.667115152 0.196681708 -0.102128126 126 169 199 
0.674732745 0.159436792 -0.0379795954 142 189 217 
0.668907464 0.15992865 -0.037071906 140 186 214 
0.673923016 0.162979752 -0.0401746556 141 188 216 
0.674478292 0.160230845 -0.0351213738 142 189 217 
0.705886424 0.0145670474 0.141577363 139 188 216 
0.703475893 0.0166800916 0.228764445 132 177 203 
0.666481614 0.196349472 -0.069350414 127 169 199 
0.665406287 0.195056647 -0.00561536103 128 168 196 
0.702310562 0.019634068 0.249441773 131 176 202 
0.702510715 0.0143557191 0.298906058 138 184 214 
0.665529072 0.0175861418 0.304727167 143 193 218 
0.700630188 0.0206830502 0.314931422 140 188 218 
0.662578642 0.202701688 0.0392490998 136 183 211 
0.666177988 0.184067279 0.0810742155 124 167 190 
0.633355558 0.188031614 0.0868375376 143 187 209 
0.666054189 0.181764692 0.112344421 134 177 198 
0.70081228 0.0165375769 0.352637112 143 192 221 
0.701610148 0.00891074538 0.400758058 145 196 225 
0.67364186 -0.00777587295 0.447111696 157 205 231 
0.701727211 0.00516751409 0.436978668 163 210 232 
0.663951159 0.188324958 0.135992616 132 174 197 
0.623267233 0.181103975 0.188892692 148 187 210 
0.66099757 0.196712106 0.178392321 112 152 181 
0.701789796 0.00371274352 0.450268298 168 214 233 
0.661600649 0.193068832 0.19118908 112 154 182 
0.662451029 0.185235709 0.239192039 145 192 217 
0.656441748 0.184647828 0.291890144 143 193 222 
0.660795629 0.187627107 0.288618535 140 189 219 
0.660340488 0.189036727 0.29384926 141 190 219 
0.63956356 0.198916584 0.353864431 148 195 218 
0.654782832 0.207308397 0.345964372 138 183 204 
0.65379715 0.210255504 0.358468562 141 188 211 
0.649312496 0.224304318 0.408246577 143 192 219 
0.648011625 0.228496343 0.421384722 142 191 219 
0.642927766 0.245826513 0.46220842 155 206 235 
0.637913167 0.263683945 0.49399361 158 210 237 
0.596000731 0.266274393 0.500008404 158 207 235 
0.636168242 0.269204497 0.512758672 160 213 238 
0.629369974 0.297252417 0.51319325 157 207 235 
0.624277771 0.317982614 0.516616523 151 199 229 
0.757598042 0.0418580174 -0.372834653 136 183 213 
0.728625417 0.0414190292 -0.369889766 133 178 208 
0.756609976 0.045140326 -0.363943785 135 180 211 
0.754406512 0.0499067008 -0.315747976 136 180 210 
0.708771586 0.054967612 -0.307980269 160 207 232 
0.755272329 0.0420128405 -0.267779738 131 170 198 
0.751735628 0.0425269306 -0.26711145 131 171 198 
0.75524348 0.0418205857 -0.264315635 131 171 198 
0.753895879 0.0429296494 -0.214772224 141 187 216 
0.709665418 0.0506981313 -0.205685914 136 184 213 
0.75419265 0.0372716486 -0.165525138 137 185 216 
0.750828862 0.0378215909 -0.164856344 137 185 216 
0.754044771 0.0376696289 -0.163159579 137 185 216 
0.728740036 0.155248433 -0.307980508 146 193 221 
0.710424781 0.160595268 -0.30305928 140 188 216 
0.727676928 0.158117235 -0.291050106 144 189 218 
0.750565946 0.0470301509 -0.107460551 138 185 217 
0.749988794 0.0476637781 -0.0880061612 138 185 216 
0.720339775 0.188255221 -0.289102137 139 178 206 
0.684688389 0.1955598 -0.281210899 144 185 210 
0.696697772 0.175626755 -0.241016358 130 172 202 
0.748069823 0.0523460805 -0.051936917 134 181 210 
0.746745169 0.0536365807 -0.00546031445 139 187 212 
0.714751959 0.210211277 -0.276544273 136 170 196 
0.717251182 0.195899308 -0.232246876 126 165 194 
0.720998585 0.176682979 -0.190754563 125 163 192 
0.717643023 0.187619895 -0.158233196 121 159 187 
0.746271968 0.0549186766 0.00201763958 139 186 212 
0.744925439 0.0557174981 0.0549577251 147 197 223 
0.747665703 0.040458411 0.0987134054 149 197 223 
0.752312541 0.0177081227 0.138184428 146 191 217 
0.71107167 0.0147412121 0.141102314 140 188 216 
0.755816698 -0.000552356243 0.180223465 131 177 206 
0.755447626 0.000470519066 0.185798913 130 176 205 
0.714242399 0.198738128 -0.125656873 118 157 186 
0.71935308 0.17416501 -0.0872283801 135 176 201 
0.690796554 0.188066602 -0.0765280798 136 179 205 
0.720310509 0.165911376 -0.0394658968 132 172 198 
0.720104516 0.165349811 -0.0237691924 138 178 206 
0.75073719 0.0149144232 0.241552919 130 174 204 
0.735397935 0.0161434114 0.243907064 128 172 202 
0.75037694 0.0154880881 0.251717955 130 174 205 
0.713092268 0.189978629 0.0244817808 114 152 182 
0.744933128 0.0332281888 0.304510772 135 180 210 
0.744803131 0.0329961479 0.313058794 136 182 212 
0.669226229 0.219553694 0.0476859137 139 186 213 
0.700660944 0.241434649 0.0234168842 129 167 190 
0.713633895 0.183161944 0.0753669366 125 166 192 
0.706599832 0.212034404 0.077462621 116 155 183 
0.709346116 0.198439151 0.102454402 110 150 178 
0.745452762 0.0266948938 0.353257149 144 194 223 
0.747605801 0.0137430429 0.398332477 142 191 220 
0.749734342 0.000887751579 0.443463057 150 195 222 
0.715397418 0.00233075023 0.448021203 166 211 232 
0.69927156 0.244086847 0.0577300861 128 166 191 
0.706595004 0.206327409 0.141099751 139 180 204 
0.708989978 0.192425281 0.185631543 150 193 215 
0.676628232 0.194019645 0.190054983 126 168 194 
0.707557857 0.197206914 0.198245049 159 202 222 
0.703514636 0.209447429 0.247850567 151 196 223 
0.703914344 0.205159068 0.27715227 147 193 222 
0.703804374 0.203817189 0.297113538 145 190 218 
0.698846221 0.220163777 0.343094945 150 195 221 
0.698040605 0.221972764 0.359980851 156 204 230 
0.697595239 0.21923092 0.410895854 155 202 226 
0.672936141 0.225348189 0.416933298 149 198 223 
0.69576782 0.22531876 0.42714408 156 205 231 
0.687974453 0.25381428 0.468286902 144 190 222 
0.683052897 0.271879584 0.49349162 138 184 216 
0.680528224 0.280591547 0.512588382 137 185 218 
0.632706583 0.316352636 0.523216903 154 202 231 
0.672789037 0.308819294 0.554223478 160 200 227 
0.807187796 0.0325685143 -0.383337319 164 206 228 
0.803384066 0.0445766747 -0.342145294 155 202 226 
0.802130401 0.0479484499 -0.322057486 151 198 222 
0.803133309 0.0395158827 -0.274397343 145 187 213 
0.80562073 0.0252504945 -0.230073333 152 196 218 
0.790384889 0.0290418863 -0.226336658 153 196 218 
0.805921257 0.0219320357 -0.206992656 152 194 216 
0.804469585 0.0252818465 -0.177572221 145 188 213 
0.803528666 0.024487257 -0.125543505 137 184 212 
0.79933244 0.0267217159 -0.123866893 136 183 212 
0.803466976 0.0239967108 -0.117262729 138 184 212 
0.739676893 0.167675555 -0.302422136 147 192 220 
0.796716154 0.0473314822 -0.0666330382 132 176 206 
0.761481583 0.212159574 -0.280619353 126 160 185 
0.753939867 0.212321639 -0.279702485 127 161 185 
0.761631668 0.210930303 -0.273847252 123 159 184 
0.796193421 0.0488173366 -0.0591446385 132 176 206 
0.796008825 0.0450510085 -0.00881566852 134 180 210 
0.753794909 0.0524077117 -0.000174947083 139 186 212 
0.79481256 0.0466706157 0.0281073228 139 184 213 
0.735310733 0.226166591 -0.217766315 115 150 175 
0.753517389 0.24101457 -0.235624999 107 142 166 
0.761407614 0.203466684 -0.180624962 124 160 184 
0.758590102 0.215902641 -0.189462349 116 151 175 
0.760944784 0.204245836 -0.168033957 120 156 181 
0.793630481 0.0499040186 0.0464432016 139 185 213 
0.79484272 0.040648967 0.0936329439 149 195 218 
0.795538127 0.0334248841 0.141984254 148 197 224 
0.762004137 0.00422921777 0.182144672 133 180 208 
0.795501828 0.0331734121 0.14644438 149 198 224 
0.753300369 0.239814058 -0.212319106 101 135 161 
0.758127451 0.211863667 -0.123339109 106 143 171 
0.760212123 0.199180454 -0.078110151 114 153 183 
0.737016022 0.176413864 -0.0355883911 136 175 199 
0.760449171 0.196614653 -0.0604802296 124 162 189 
0.770895541 0.148219287 -0.0022912547 143 181 209 
0.745265484 0.155570775 0.00452425331 148 188 217 
0.764936447 0.174400657 -0.0196448192 143 180 205 
0.769622386 0.151203245 0.0229984298 142 178 206 
0.795034349 0.0309126079 0.193030536 151 196 218 
0.795578957 0.0242806971 0.241720527 144 187 214 
0.795268297 0.0242448747 0.256382912 144 187 213 
0.76094383 0.191813648 -0.029840447 134 171 196 
0.714284182 0.189265817 0.0262584016 114 153 182 
0.759735107 0.190064877 0.045085527 131 170 197 
0.790732503 0.0388320088 0.302526444 148 193 216 
0.790121913 0.0396369994 0.321613401 150 197 220 
0.730343103 0.234346613 0.0490171388 128 165 192 
0.722082019 0.209507242 0.0887701437 110 149 176 
0.749867082 0.228831232 0.0673477128 119 155 182 
0.790710807 0.0344255269 0.352489293 149 197 223 
0.793768227 0.0179203749 0.39553225 147 197 225 
0.795144498 0.0080204308 0.442353159 147 194 221 
0.748702526 0.230929404 0.0974983051 122 159 185 
0.753473163 0.207692295 0.136690915 117 156 184 
0.756973624 0.18944636 0.178738266 144 184 210 
0.753834248 0.199107081 0.215514332 126 171 200 
0.749752641 0.213327646 0.244880438 138 184 210 
0.750718355 0.205041274 0.292624205 151 198 222 
0.740775824 0.205060288 0.2937271 150 198 222 
0.750422657 0.205911383 0.296531588 151 198 222 
0.743480325 0.230194196 0.345418572 137 182 210 
0.742812991 0.231611565 0.360304326 138 184 213 
0.742876709 0.226869375 0.410075247 138 184 214 
0.741732001 0.228764415 0.441572338 135 183 216 
0.739914834 0.234015658 0.466645747 140 188 222 
0.706802845 0.251899451 0.480012864 147 194 226 
0.736209631 0.246017665 0.50338161 152 201 231 
0.727183044 0.280618608 0.533301055 150 202 234 
-0.910626709 0.586914897 0.944706798 125 162 186 
-0.927423 0.529316068 0.967576861 125 166 187 
-0.910098493 0.574703097 0.990363121 124 163 187 
-0.909256637 0.577562273 0.985738754 124 163 187 
-0.896326303 0.523635983 0.99134481 131 169 193 
-0.908620775 0.574414372 0.991525531 124 164 187 
-0.920685709 0.626439333 0.967312932 127 160 180 
-0.924277604 0.635304809 0.972530484 128 160 178 
-0.908936441 0.575781703 0.990822196 125 165 188 
-0.922824383 0.634643435 0.974333525 129 162 180 
-0.93402046 0.674140453 0.994727135 96 126 148 
-0.932781816 0.673852444 0.995781779 96 126 148 
-0.933128417 0.675330043 0.995276213 95 124 147 
-0.903363526 0.599173069 0.950576901 125 162 187 
-0.851660311 0.53350842 0.99395895 119 158 183 
-0.86195308 0.574377537 1.01235557 114 149 172 
-0.871556997 0.61446929 1.00776017 128 160 179 
-0.874938905 0.628578067 1.00624549 132 163 182 
-0.882598817 0.662347198 0.982661128 141 173 196 
-0.930287063 0.67504406 0.994808435 97 127 149 
-1.03294039 0.0889049172 -0.883490741 192 229 240 
-1.0407548 0.0976856947 -0.87785542 190 225 237 
-1.03816748 0.112169027 -0.902026594 189 228 242 
-1.03209221 0.0820935965 -0.846739709 180 219 231 
-1.04362118 0.130872548 -0.859487176 187 224 237 
-0.98820132 0.107658356 -0.982920408 194 237 249 
-0.997690499 0.112594932 -0.979192257 190 232 246 
-0.981383085 0.0763760507 -0.948329329 175 221 242 
-1.00378871 0.0882790983 -0.939392149 181 226 238 
-0.974596679 0.0452185869 -0.913666844 183 231 246 
-0.999593318 0.0664547086 -0.899367809 195 240 249 
-0.971289933 0.0277339816 -0.871183991 178 229 248 
-0.99796021 0.0440101624 -0.859399199 182 233 249 
-0.97479701 0.0395303965 -0.841260016 178 230 247 
-0.993558943 0.128709704 -0.970880032 194 237 248 
-1.02857208 0.12347427 -0.917523026 190 232 245 
-0.997862637 0.143630773 -0.939099669 193 239 248 
-1.02685285 0.0782107711 -0.837619603 177 218 229 
-0.978121579 0.050085336 -0.805916905 178 228 244 
-0.993665516 0.0634036958 -0.796963811 183 230 243 
-0.978026271 0.04543221 -0.758583665 176 217 235 
-1.00139499 0.15500775 -0.903355598 192 236 245 
-0.999269724 0.142165303 -0.858217716 182 228 240 
-1.01786458 0.121580124 -0.815014839 185 226 237 
-0.999768436 0.142980427 -0.84437871 184 229 241 
-1.01921964 0.0984123051 -0.775111437 186 229 241 
-0.978160262 0.0457454622 -0.75591588 175 217 235 
-1.00563097 0.0788615644 -0.734882474 174 224 238 
-0.981277287 0.0535013974 -0.698996663 174 218 238 
-0.991890073 0.0593475401 -0.694650233 171 215 235 
-0.97824806 0.0371069908 -0.655890346 184 228 244 
-0.982312739 0.0388258696 -0.65450865 182 226 242 
-0.978150547 0.0359621942 -0.647649765 182 227 243 
-0.999587655 0.138922751 -0.807589054 181 225 238 
-0.998532236 0.130284101 -0.76004684 173 219 234 
-1.01573467 0.117609888 -0.712693572 176 219 234 
-1.00003326 0.134206682 -0.73472476 170 217 233 
-1.0148257 0.0949900448 -0.672740817 185 226 242 
-0.994310737 0.0771157146 -0.632361054 173 218 235 
-0.982495308 0.0493035018 -0.596431375 172 218 237 
-0.988407075 0.0557048619 -0.592299461 171 216 235 
-0.979540467 0.0332014859 -0.553157806 170 215 234 
-0.981731415 0.0344807804 -0.552221119 170 215 233 
-0.979668438 0.0333919525 -0.549399495 171 216 234 
-1.00386548 0.146747857 -0.698147178 167 214 230 
-1.01639783 0.135803372 -0.650366127 160 207 228 
-1.00502372 0.148827225 -0.6680758 160 208 228 
-1.01221704 0.113975465 -0.610342085 164 210 232 
-1.00433934 0.0930424035 -0.570237517 171 217 236 
-0.993702173 0.0727771819 -0.530072927 175 220 237 
-0.983877778 0.0457520485 -0.493496329 168 210 229 
-0.989498734 0.0509548187 -0.490048409 167 209 228 
-0.981665969 0.033195883 -0.455513537 169 214 234 
-1.00500584 0.146736771 -0.645670295 159 207 229 
-1.00564694 0.144764125 -0.59431541 165 211 233 
-1.00227928 0.127039999 -0.551969588 171 214 234 
-1.00240707 0.11186409 -0.507853568 175 219 239 
-1.00249815 0.126239926 -0.533028722 173 216 235 
-0.992367387 0.079109937 -0.47441712 172 216 236 
-0.997934937 0.103649735 -0.491501689 175 219 239 
-0.98219341 0.0346418619 -0.447367668 169 214 235 
-0.996333599 0.0676544905 -0.427855372 172 215 235 
-0.994198799 0.0851541758 -0.457501769 173 218 238 
-0.986334682 0.0464222431 -0.388146639 175 218 234 
-0.987178624 0.0470305085 -0.387722999 175 218 234 
-0.981908619 0.0245393515 -0.348179489 169 211 230 
-0.983498394 0.0250814855 -0.347709894 169 211 230 
-0.981988549 0.0247080624 -0.346385151 168 210 230 
-1.00154102 0.119647205 -0.5037148 174 218 238 
-0.998945177 0.100463927 -0.409720451 168 213 233 
-0.999301553 0.0852900743 -0.365578085 172 219 239 
-0.999012053 0.0988970399 -0.38923952 170 216 236 
-0.993621826 0.0638250411 -0.325521439 162 209 229 
-0.988511443 0.0469142795 -0.293680847 167 215 230 
-0.999026 0.0962896049 -0.359624773 172 218 238 
-0.994230866 0.072956562 -0.320487052 164 209 230 
-0.925335884 0.0372216105 -0.923430204 185 228 244 
-0.946317255 0.038155973 -0.920616329 184 229 245 
-0.930519044 0.0614083707 -0.954240918 188 229 248 
-0.919630587 0.0103121996 -0.886337876 185 230 245 
-0.941861987 0.016394496 -0.880586267 184 234 250 
-0.919668078 0.00769135356 -0.855494142 183 228 244 
-0.938359916 0.0973799527 -0.993988693 189 236 249 
-0.931630909 0.0664480627 -0.959197164 188 229 248 
-0.929256439 0.0450732112 -0.830686927 185 231 246 
-0.977945447 0.158567995 -0.956353188 195 242 250 
-0.930212617 0.0473999083 -0.812642276 183 229 245 
-0.932537615 0.052043587 -0.757503152 180 230 246 
-0.966609418 0.0471126139 -0.756441474 177 220 238 
-0.932828963 0.0526742339 -0.751134157 181 230 247 
-0.985018849 0.198049754 -0.934098303 192 242 248 
-0.987285435 0.174661309 -0.894214749 196 241 247 
-0.995208621 0.149903715 -0.854454398 185 231 242 
-0.933216214 0.0502182543 -0.706063986 189 233 246 
-0.933010697 0.0449189544 -0.656611741 190 232 244 
-0.933398247 0.0454075933 -0.644250631 192 234 245 
-0.985904276 0.239029258 -0.911708593 198 243 249 
-0.989602327 0.215294331 -0.871856213 197 240 250 
-0.992711067 0.191702068 -0.831991017 190 232 245 
-0.985626578 0.17057699 -0.791903734 181 226 241 
-0.991270959 0.146370977 -0.752093673 175 222 236 
-0.934624553 0.0467681587 -0.603070915 195 239 249 
-0.955901623 0.0407327116 -0.551658511 183 228 243 
-0.935944498 0.0479277372 -0.555357993 193 239 250 
-1.00109434 0.276546448 -0.889630556 182 223 233 
-1.00153971 0.253598839 -0.849707246 194 234 243 
-0.993413448 0.232725918 -0.809597373 197 236 245 
-0.986281991 0.211612165 -0.769509017 191 234 245 
-0.98696655 0.18860665 -0.729591012 182 227 239 
-0.9990049 0.162853032 -0.689920187 169 216 232 
-0.936281502 0.0487870276 -0.549433053 192 238 250 
-0.938282609 0.0521580577 -0.49502185 190 232 244 
-0.938799262 0.0519755185 -0.469273418 184 227 241 
-1.00800216 0.316068351 -0.867372036 167 209 223 
-1.00556457 0.293818504 -0.827386022 178 220 232 
-1.00242054 0.271739662 -0.78738457 180 223 236 
-0.999642134 0.249572307 -0.747391045 182 230 244 
-0.994649827 0.227940857 -0.70734936 176 224 237 
-0.980670512 0.20848462 -0.667111874 186 238 247 
-0.989667535 0.18346706 -0.627374947 177 225 240 
-1.00453162 0.15702951 -0.587765753 167 213 233 
-1.00296354 0.134569257 -0.547798634 171 214 233 
-0.991502702 0.091663599 -0.467683107 174 220 240 
-0.940121651 0.0548923016 -0.440974802 174 218 234 
-0.939137697 0.0465342402 -0.393272042 174 220 235 
-0.961866438 0.0303173363 -0.34723869 174 217 234 
-0.938230157 0.0390735269 -0.352030605 180 225 238 
-1.0110203 0.35653165 -0.845028818 161 201 216 
-1.0026412 0.335719913 -0.804913402 149 190 211 
-1.00715852 0.311786711 -0.765078783 162 204 223 
-0.998930633 0.290938377 -0.724966586 169 213 233 
-0.995274723 0.268983454 -0.684954047 168 214 235 
-0.98676312 0.248203784 -0.644835651 169 218 238 
-0.992995977 0.223855302 -0.605038464 165 209 229 
-0.992546618 0.201124251 -0.565095723 177 220 236 
-0.997847497 0.177001387 -0.525278211 180 223 239 
-1.00220323 0.153107285 -0.485440165 169 214 234 
-1.00368905 0.129907817 -0.445539594 163 208 230 
-0.998804092 0.10825035 -0.405500233 168 213 233 
-0.938663065 0.0401774347 -0.344424665 180 224 238 
-0.940437317 0.0426573455 -0.290523082 179 222 239 
-0.985817909 0.042874068 -0.285418481 169 217 231 
-0.940103471 0.038262099 -0.257013559 177 220 238 
-1.00908875 0.375291318 -0.835036039 157 197 215 
-1.00184512 0.342337817 -0.801400781 148 189 211 
-0.998686016 0.325432748 -0.758586526 160 203 223 
-0.994294584 0.303686023 -0.718541443 168 211 233 
-0.989737689 0.281288952 -0.678868413 160 204 227 
-0.983911037 0.253902823 -0.642048836 166 215 236 
-0.981900871 0.241512462 -0.596652389 163 208 231 
-0.994110703 0.241939515 -0.542720854 162 207 226 
-0.985037565 0.250621021 -0.553862333 161 206 227 
-0.991520166 0.219726697 -0.502731442 175 220 235 
-0.99310869 0.196502388 -0.462833136 171 217 234 
-1.00221086 0.171459436 -0.423098415 169 215 230 
-1.00113201 0.14888072 -0.383141965 172 217 234 
-0.997944176 0.126812458 -0.343139559 172 215 233 
-0.993300557 0.105096608 -0.303105474 169 211 232 
-0.984828889 0.0843072832 -0.262987971 174 218 237 
-0.941361368 0.0417963266 -0.238532394 180 223 238 
-0.988927245 0.0604754686 -0.223144293 172 212 228 
-0.941666543 0.0385034382 -0.187932581 174 217 234 
-0.983844399 0.0388659239 -0.183100611 167 209 225 
-0.987728059 0.259917259 -0.53364253 159 205 226 
-0.989662647 0.261370182 -0.480282038 145 188 209 
-0.989379704 0.262031674 -0.481312722 145 188 210 
-0.98282671 0.231674701 -0.444829643 163 209 231 
-0.988885343 0.259584486 -0.476814181 146 189 211 
-0.978735745 0.211108685 -0.404109329 164 211 232 
-0.992220223 0.192231625 -0.36053887 170 217 234 
-0.979069471 0.210991532 -0.387486905 165 212 233 
-0.997903883 0.168016076 -0.320729703 177 222 234 
-1.00896561 0.142498851 -0.281037718 194 228 243 
-0.996035993 0.122788519 -0.24082312 183 223 239 
-1.00117719 0.0987043083 -0.201002136 172 215 233 
-0.990178645 0.0785266161 -0.160829604 174 219 238 
-0.989342034 0.261766911 -0.480101436 145 188 210 
-0.986742258 0.234751344 -0.338010609 154 200 218 
-0.986017704 0.235303715 -0.338653982 154 200 218 
-0.988499999 0.211486042 -0.298115909 158 202 217 
-0.993515253 0.187432319 -0.258292228 164 208 223 
-0.998597562 0.163362354 -0.218469948 177 216 230 
-1.00286531 0.139489532 -0.178629935 169 211 230 
-0.998900294 0.117609441 -0.138610631 172 216 236 
-0.98619318 0.235918939 -0.337435782 153 200 218 
-0.984358907 0.224219799 -0.291643977 150 194 209 
-0.982756734 0.213432759 -0.245330513 150 196 214 
-0.978267908 0.191303134 -0.205504477 178 220 236 
-0.991194785 0.183508188 -0.155966774 153 199 222 
-0.980350137 0.197161764 -0.175013095 160 205 228 
-0.998059571 0.159006774 -0.116183348 156 201 220 
-0.983424425 0.207072675 -0.144001842 153 200 224 
-0.997855067 0.200250119 -0.0937699303 153 193 211 
-0.985690236 0.213513076 -0.111545831 156 196 215 
-0.987183511 0.217351139 -0.0856398419 153 190 207 
-0.875832558 0.0327633917 -0.983652711 196 242 251 
-0.899891496 0.0310390294 -0.981947005 183 234 248 
-0.878528953 0.0451084971 -0.997040331 191 240 252 
-0.876158595 0.0333740413 -0.975469172 196 241 251 
-0.888644874 0.0875979364 -1.00477302 190 238 253 
-0.910912693 0.092405051 -0.999711037 191 238 252 
-0.927020133 0.0656665266 -0.960128903 189 230 248 
-0.879178584 0.0414187312 -0.926219106 190 234 248 
-0.897021353 0.0272478461 -0.879609585 187 233 248 
-0.879109919 0.0378993154 -0.890262485 186 230 246 
-0.880056262 0.0403757691 -0.874332428 185 229 246 
-0.883102 0.0478513539 -0.817573547 175 219 240 
-0.887476623 0.0479121506 -0.817059755 175 219 241 
-0.88325423 0.0483307838 -0.815912962 175 218 240 
-0.88380748 0.0461315215 -0.766074061 178 224 242 
-0.884105027 0.0428089201 -0.715491235 181 228 244 
-0.888457179 0.0431889594 -0.714806259 183 229 245 
-0.884193838 0.0428976119 -0.712399721 182 228 245 
-0.887646735 0.0522333384 -0.657617688 183 230 245 
-0.88663286 0.0448867977 -0.622530997 183 230 245 
-0.886682987 0.0439546406 -0.609869599 183 231 245 
-0.890762508 0.0554922521 -0.550787449 187 233 245 
-0.906821847 0.0526121557 -0.550589442 189 236 247 
-0.890723228 0.0550514758 -0.547691107 187 233 245 
-0.892972827 0.0596853495 -0.495906025 180 228 242 
-0.894732118 0.0648125112 -0.47210899 180 227 241 
-0.895426214 0.0648336411 -0.440478265 181 227 242 
-0.907316625 0.0663605928 -0.385983467 184 226 240 
-0.898148715 0.0716415048 -0.391137153 186 227 241 
-0.898476779 0.0723282695 -0.383708477 184 225 240 
-0.896622241 0.0605495572 -0.33796224 178 222 235 
-0.89354974 0.043985039 -0.294953167 181 224 239 
-0.895545185 0.0486677885 -0.255379707 179 224 239 
-1.00850153 0.398335159 -0.82256496 159 201 219 
-0.992677033 0.379325539 -0.782287359 157 201 220 
-0.976751149 0.360340446 -0.742007554 171 216 235 
-0.95283252 0.326331973 -0.710778475 176 218 239 
-0.959076464 0.353090793 -0.721467614 170 217 239 
-0.943644285 0.285737425 -0.681513548 200 240 251 
-0.939169884 0.263664544 -0.641655087 182 234 248 
-0.938330114 0.255873144 -0.593628228 171 221 241 
-0.941086888 0.26403445 -0.557757556 157 207 228 
-0.896290243 0.0502615273 -0.238880128 177 223 239 
-0.90816462 0.0571836829 -0.18145217 184 227 241 
-0.900102258 0.0611428022 -0.184786737 185 228 242 
-1.01053405 0.439037055 -0.800200284 149 192 211 
-0.990886807 0.420952678 -0.759839416 143 183 203 
-0.978756845 0.401048839 -0.719642282 134 173 197 
-0.96841228 0.389222264 -0.694361806 146 189 216 
-0.948614359 0.291790545 -0.520601928 138 181 205 
-0.939365566 0.250957727 -0.491473258 164 210 228 
-0.988489687 0.261654079 -0.480256468 145 188 209 
-0.937526882 0.239241391 -0.445691317 157 204 226 
-0.965257168 0.221597701 -0.399884552 163 210 232 
-0.93821615 0.23973836 -0.419569194 160 207 229 
-0.900431275 0.0620405674 -0.179659888 185 228 243 
-0.993993223 0.484234482 -0.777431071 119 158 182 
-1.00532603 0.458651602 -0.737744927 131 168 190 
-0.996993542 0.4378286 -0.697630525 118 157 184 
-0.97512418 0.413921595 -0.660681188 144 187 214 
-0.977220833 0.419774622 -0.657266855 142 184 212 
-0.976557791 0.419461459 -0.656424284 142 184 212 
-0.938600004 0.238966167 -0.393365592 166 214 235 
-0.942758203 0.252138972 -0.348839432 145 186 212 
-0.990803063 0.489003152 -0.775187492 117 155 180 
-1.00400305 0.500165701 -0.715307176 131 167 188 
-0.996455431 0.507878661 -0.725433946 122 158 180 
-0.996292114 0.479192257 -0.675206304 121 159 183 
-0.976911426 0.420944095 -0.65666467 142 184 211 
-0.990338385 0.477596521 -0.669767082 119 157 181 
-0.948839724 0.274708807 -0.320439219 117 154 178 
-0.94289881 0.246873558 -0.283876508 139 178 195 
-0.945793092 0.240177035 -0.234843791 149 195 211 
-0.94283849 0.242451295 -0.237505347 149 193 209 
-0.950145125 0.216283813 -0.195005611 151 189 211 
-0.996746838 0.507866144 -0.711915612 124 160 182 
-0.991946995 0.484514534 -0.672788501 122 159 183 
-0.942856371 0.242215157 -0.234057754 150 195 211 
-0.939864814 0.225968763 -0.190866768 146 186 207 
-0.938365519 0.215585947 -0.144322097 133 174 199 
-0.942016542 0.228297636 -0.117961586 136 172 194 
-0.948628724 0.251420528 -0.0713431835 113 151 174 
-0.867610693 0.0388523638 -0.981243849 197 241 252 
-0.872214377 0.101771742 -0.998868108 194 238 251 
-0.837547123 0.0678910315 -0.968750775 196 236 252 
-0.845857978 0.104276419 -0.99151957 196 238 250 
-0.834396064 0.05101794 -0.925918221 186 227 246 
-0.832172871 0.0377906561 -0.8810004 185 229 245 
-0.854918838 0.0374385118 -0.878692508 185 229 245 
-0.832774043 0.0395050645 -0.872451961 184 228 244 
-0.848447502 0.115213126 -0.994167805 194 237 249 
-0.834437132 0.0421958864 -0.82599771 179 222 242 
-0.835908473 0.0449371636 -0.788912296 173 217 240 
-0.83731091 0.0489957631 -0.769625306 170 216 239 
-0.864434361 0.0490035117 -0.71428299 178 223 243 
-0.840164185 0.0559202731 -0.715576649 172 217 242 
-0.872920752 0.211374909 -0.939167678 185 235 247 
-0.890376091 0.220957369 -0.932036817 189 239 248 
-0.875390589 0.22022137 -0.924081981 187 236 248 
-0.84039849 0.0566357672 -0.712772369 172 218 242 
-0.871313095 0.0656926036 -0.652090907 179 226 245 
-0.84633559 0.0763864815 -0.65967381 172 220 243 
-0.87933296 0.236569911 -0.924757242 184 234 246 
-0.847467959 0.0799217224 -0.646970689 172 220 243 
-0.866756618 0.0851494968 -0.589649677 186 232 244 
-0.851825893 0.0934810042 -0.597572803 182 229 243 
-0.889675975 0.0567621887 -0.550216019 188 234 245 
-0.852305353 0.0944372118 -0.586185336 181 228 242 
-0.852178633 0.0894475877 -0.536556005 187 234 246 
-0.878266752 0.0778777599 -0.487625569 179 228 242 
-0.853425562 0.0913154185 -0.50006634 178 228 243 
-0.853972137 0.092002809 -0.482611388 177 226 242 
-0.853572011 0.0859387517 -0.433596551 174 219 237 
-0.854583979 0.0869656503 -0.398544878 175 218 236 
-0.85466975 0.085760355 -0.381215394 174 218 236 
-0.853106201 0.0751250684 -0.334815145 178 222 239 
-0.850815892 0.0616338551 -0.290048301 177 220 237 
-0.851088107 0.0595743358 -0.254666686 184 226 240 
-0.926644444 0.349628568 -0.700983107 170 214 236 
-0.906018376 0.323456615 -0.665129364 176 221 244 
-0.909899294 0.34063071 -0.677800298 173 217 239 
-0.898392797 0.289001852 -0.63235271 182 230 249 
-0.895994484 0.275086641 -0.587828398 166 217 235 
-0.896995187 0.276749939 -0.560369849 154 204 225 
-0.85129565 0.059027344 -0.239055961 186 228 241 
-0.855357528 0.070625186 -0.181455702 180 224 240 
-0.918511868 0.377038598 -0.686966062 156 202 227 
-0.923409522 0.397427589 -0.688683093 142 189 218 
-0.898890495 0.281973958 -0.531406045 150 196 223 
-0.896271348 0.267190576 -0.487378269 156 202 224 
-0.92204994 0.254895538 -0.438876361 153 200 224 
-0.898341298 0.273328871 -0.460555524 155 199 222 
-0.855405331 0.0706833005 -0.1799061 179 224 240 
-0.974650443 0.420396745 -0.657210827 142 184 211 
-0.935225189 0.44583562 -0.684145033 117 155 180 
-0.898928881 0.273140937 -0.431491792 156 204 230 
-0.899250686 0.269913703 -0.380854458 181 218 235 
-0.899451911 0.268742323 -0.358598739 170 207 224 
-0.946673751 0.501169086 -0.773418605 145 188 213 
-0.951423049 0.515937209 -0.719485521 123 157 180 
-0.939443529 0.463775963 -0.689839482 114 152 177 
-0.982049167 0.482639641 -0.674896061 121 158 182 
-0.949951231 0.508650899 -0.706091404 123 157 180 
-0.906610668 0.294341087 -0.314399928 132 167 191 
-0.899478614 0.261825591 -0.280514091 138 175 194 
-0.893412948 0.233500332 -0.244231701 157 201 222 
-0.939170718 0.241779923 -0.234699547 151 196 212 
-0.89631182 0.243112534 -0.217958659 153 199 220 
-0.954396427 0.527021587 -0.706148982 116 148 169 
-0.897977829 0.246945098 -0.184058726 148 190 212 
-0.896700859 0.237435877 -0.137014389 134 173 194 
-0.897999048 0.241380334 -0.121248908 136 175 196 
-0.899572372 0.244226754 -0.0806471482 140 176 197 
-0.800855398 0.11377278 -1.0001812 186 234 250 
-0.827583075 0.112574428 -0.997895956 192 236 249 
-0.792794347 0.0776070654 -0.968383074 182 229 249 
-0.786107719 0.046841979 -0.933496177 182 223 247 
-0.788072288 0.0500693321 -0.87916708 191 232 246 
-0.788559794 0.0516139865 -0.87394917 193 233 247 
-0.790389895 0.0546840727 -0.824044466 181 222 244 
-0.790737927 0.0523119569 -0.78170681 165 210 238 
-0.79126513 0.0536313355 -0.772163391 166 212 239 
-0.793025553 0.0560566485 -0.718293071 170 216 242 
-0.833990216 0.0563723147 -0.713619888 172 218 242 
-0.79445231 0.0606151521 -0.703444898 173 220 245 
-0.830462337 0.230105966 -0.933643818 176 229 245 
-0.831045926 0.231684387 -0.924391806 178 231 245 
-0.800810575 0.0821542144 -0.650883257 175 224 247 
-0.803345501 0.0821436644 -0.650610447 175 224 246 
-0.80091244 0.0825104117 -0.650168955 175 224 247 
-0.866443217 0.267944008 -0.909106553 178 230 246 
-0.839623153 0.264060616 -0.890382886 182 233 247 
-0.805389166 0.0956526697 -0.590679586 168 219 240 
-0.824396372 0.095402509 -0.588727057 174 223 241 
-0.805997193 0.097597599 -0.584377944 168 219 240 
-0.848673284 0.301661372 -0.892717421 176 228 244 
-0.808835328 0.104701698 -0.533020794 184 229 244 
-0.808911979 0.101942569 -0.498839676 180 225 239 
-0.809624612 0.10331127 -0.481332928 173 217 233 
-0.810045779 0.100474149 -0.430472463 167 213 232 
-0.809709907 0.0958078802 -0.394037038 176 222 237 
-0.809844136 0.0951900482 -0.381011516 178 223 238 
-0.807604969 0.08190009 -0.336129606 165 206 230 
-0.805045187 0.0673502386 -0.291968256 171 215 235 
-0.807150126 0.0730509758 -0.258678079 177 221 238 
-0.876647592 0.338890165 -0.659961164 167 215 243 
-0.856379628 0.309482485 -0.625828207 174 223 245 
-0.862891853 0.33891201 -0.65387845 166 214 243 
-0.849721134 0.278828025 -0.59087801 177 227 247 
-0.852066696 0.285322845 -0.555366814 168 218 240 
-0.808437228 0.0761866271 -0.234431088 176 217 235 
-0.808079243 0.0702881217 -0.185321599 163 203 223 
-0.852726221 0.0706021786 -0.180244625 179 223 239 
-0.894589305 0.398581177 -0.677875936 156 201 223 
-0.864459217 0.345721155 -0.657584548 164 212 241 
-0.877316356 0.400234967 -0.673081517 162 206 224 
-0.852261662 0.284318417 -0.535254598 158 207 233 
-0.846228361 0.256120145 -0.498899519 158 205 229 
-0.847043097 0.254829675 -0.447154492 141 189 216 
-0.873354971 0.26668182 -0.437815696 150 197 223 
-0.84747684 0.25251621 -0.401533812 139 181 209 
-0.898806036 0.498645574 -0.78005141 140 180 202 
-0.929726899 0.499789715 -0.776031196 143 185 208 
-0.898127615 0.49317497 -0.750405431 132 171 195 
-0.878733814 0.406301558 -0.675418437 163 206 224 
-0.892057419 0.46312508 -0.695165455 133 171 194 
-0.847647905 0.252714217 -0.395881265 138 180 209 
-0.844625592 0.236347109 -0.352759331 142 186 209 
-0.884500623 0.259498239 -0.335783631 149 189 209 
-0.84308815 0.225814372 -0.306300342 146 187 210 
-0.867705882 0.240723431 -0.295484811 153 193 215 
-0.843288839 0.222110957 -0.255935371 150 189 212 
-0.847188115 0.222849816 -0.255104959 151 190 213 
-0.843239129 0.221452981 -0.250905544 149 188 212 
-0.898415923 0.492621005 -0.731014013 133 171 194 
-0.942791581 0.514981508 -0.71397388 125 159 180 
-0.892142177 0.463478029 -0.69519937 132 170 193 
-0.842980683 0.216408357 -0.206713825 134 175 204 
-0.870503902 0.235560432 -0.193270892 137 180 206 
-0.845890701 0.224494562 -0.162971318 133 177 204 
-0.850456059 0.241289318 -0.139999866 136 173 197 
-0.845471025 0.217209905 -0.101289012 145 185 211 
-0.874818563 0.230030268 -0.0910899788 144 184 208 
-0.754306734 0.11643216 -1.00384951 188 229 247 
-0.747083247 0.0835576355 -0.970169067 184 228 247 
-0.739312947 0.0485342741 -0.937717736 179 216 238 
-0.740991235 0.0506369472 -0.884031892 185 226 244 
-0.742284 0.053517133 -0.8566854 183 226 246 
-0.742836356 0.0533952415 -0.829971075 179 221 244 
-0.743565917 0.0517698824 -0.778417528 171 214 239 
-0.775880694 0.0520833433 -0.774696052 166 211 238 
-0.744218171 0.0530072749 -0.762222767 171 215 240 
-0.769899726 0.177701086 -0.968806505 183 231 250 
-0.791666806 0.203655452 -0.952295721 181 230 248 
-0.776081622 0.200660706 -0.940124929 182 232 248 
-0.746273518 0.0579170883 -0.722418427 169 215 242 
-0.748455882 0.063901186 -0.688723207 168 215 245 
-0.78291434 0.224400669 -0.890240073 204 247 253 
-0.74990207 0.0676828027 -0.664349735 169 218 246 
-0.753570795 0.0791372359 -0.623205841 172 221 246 
-0.783277273 0.225773007 -0.888828397 204 246 253 
-0.803122282 0.260430604 -0.867794394 187 231 244 
-0.790390193 0.251324743 -0.846208513 195 238 249 
-0.756231785 0.0880617797 -0.600210667 171 219 243 
-0.759197772 0.0969086289 -0.562349141 176 224 244 
-0.838787615 0.315831691 -0.886095226 176 227 243 
-0.815188289 0.298703909 -0.845648229 174 225 245 
-0.802052557 0.298973799 -0.840275049 172 223 245 
-0.760939121 0.102066308 -0.539717615 175 223 243 
-0.761412561 0.0994347334 -0.48873958 170 213 234 
-0.783928037 0.100711763 -0.485570729 172 216 234 
-0.761844456 0.0999262631 -0.474370867 166 210 232 
-0.82963115 0.359241813 -0.863486826 168 220 239 
-0.804476976 0.309072137 -0.841185093 170 221 243 
-0.816183031 0.35884133 -0.856802583 167 220 240 
-0.763352394 0.10256514 -0.434465945 160 210 235 
-0.759644926 0.0835056603 -0.392883927 157 205 228 
-0.798107564 0.0927938819 -0.383604705 176 222 238 
-0.756709993 0.067481786 -0.349565715 167 211 231 
-0.777239323 0.0750050843 -0.343217224 168 211 231 
-0.754301846 0.0535277724 -0.305063576 169 212 234 
-0.763647735 0.0554549992 -0.302988201 168 212 234 
-0.754355371 0.0527673662 -0.294154346 167 211 233 
-0.818501115 0.368668228 -0.859582007 166 219 239 
-0.758232713 0.0644815266 -0.24631533 171 210 228 
-0.77444011 0.0711967945 -0.240881354 176 215 231 
-0.759249032 0.0669081211 -0.226623565 171 209 227 
-0.840402305 0.324823231 -0.619238734 170 219 242 
-0.806730449 0.295467615 -0.586550355 167 222 247 
-0.811881065 0.317374885 -0.593525052 169 221 245 
-0.801630139 0.270935446 -0.548098505 153 206 236 
-0.832214832 0.281125307 -0.539194465 156 208 234 
-0.800350428 0.261415005 -0.501060545 151 203 231 
-0.841333568 0.256078362 -0.499460131 157 205 229 
-0.795877516 0.239348084 -0.461198688 128 173 205 
-0.804577649 0.242135018 -0.458726615 127 173 205 
-0.795728445 0.237412512 -0.44653216 135 178 209 
-0.759625077 0.0654603243 -0.193272337 170 208 228 
-0.831668377 0.406930506 -0.680248201 166 206 225 
-0.859622538 0.407044649 -0.677114308 165 205 223 
-0.834482014 0.41917491 -0.687136114 163 202 222 
-0.824719846 0.375136107 -0.64594996 163 211 236 
-0.818379641 0.345732123 -0.610284507 172 218 239 
-0.795737088 0.234304607 -0.411600173 150 191 217 
-0.843350172 0.251104444 -0.397229195 138 179 208 
-0.79448241 0.224882782 -0.364505857 135 179 207 
-0.827190459 0.232175946 -0.356944263 138 182 207 
-0.796055496 0.228946686 -0.337444186 130 174 205 
-0.862819552 0.515984178 -0.774573863 128 169 193 
-0.84342289 0.457608759 -0.703745782 156 200 224 
-0.891429961 0.463379562 -0.695331156 133 171 194 
-0.849210322 0.482001692 -0.709103525 146 188 214 
-0.796154737 0.226961911 -0.310833484 130 175 207 
-0.797939658 0.229483604 -0.256908029 142 186 215 
-0.796538711 0.22125411 -0.229777664 131 174 202 
-0.889909983 0.550620973 -0.752754986 130 169 194 
-0.857353628 0.516837835 -0.722352564 133 171 196 
-0.863985777 0.545061707 -0.731499791 140 177 199 
-0.795662761 0.216045454 -0.212110847 124 167 194 
-0.799991071 0.228560537 -0.152469635 131 172 199 
-0.805711329 0.228403211 -0.151926637 132 173 200 
-0.800222933 0.229407683 -0.151240706 131 172 199 
-0.870361507 0.572440863 -0.74303335 134 170 193 
-0.809577882 0.245821327 -0.0896689296 132 167 192 
-0.806022584 0.248033851 -0.0919552818 132 166 191 
-0.844465733 0.430263609 -0.352003723 136 160 177 
-0.806248009 0.248653769 -0.0884940326 131 166 191 
-0.692621231 0.0506318808 -0.941707492 182 225 242 
-0.735728443 0.0479336977 -0.938438296 179 217 238 
-0.697142124 0.0711186528 -0.961804986 184 228 246 
-0.692758501 0.0494176745 -0.921912551 183 226 245 
-0.710716546 0.130716354 -1.00086915 189 232 249 
-0.700963795 0.087903589 -0.972872913 185 229 247 
-0.696552157 0.0615856051 -0.882959187 177 221 243 
-0.695505321 0.0529804528 -0.83539778 176 217 239 
-0.696293533 0.0529928505 -0.835304439 176 217 239 
-0.695483863 0.0528246462 -0.834650099 176 217 239 
-0.71450001 0.145582527 -0.992366314 192 235 249 
-0.756764829 0.170909375 -0.973944485 185 232 251 
-0.721939206 0.17370522 -0.963336527 187 234 250 
-0.695357502 0.0479079187 -0.785815895 171 213 239 
-0.698304534 0.0567034185 -0.748255014 165 210 239 
-0.730685115 0.20691666 -0.930862784 189 237 251 
-0.699156344 0.0583426058 -0.72736454 162 209 239 
-0.702146173 0.0656364858 -0.671150804 167 215 245 
-0.738706887 0.236542881 -0.891798437 192 238 251 
-0.702186584 0.0657574534 -0.670640409 167 215 245 
-0.70309186 0.0648227036 -0.618691862 174 218 245 
-0.73510921 0.075819999 -0.609191179 174 220 245 
-0.704946339 0.0694135129 -0.584568679 171 217 242 
-0.766313314 0.269339949 -0.866992593 185 230 242 
-0.748712778 0.275991827 -0.870791018 183 230 242 
-0.708842456 0.0829264224 -0.555854201 177 219 242 
-0.735068917 0.0941837728 -0.546848416 182 225 245 
-0.710959136 0.0890948474 -0.527222931 184 224 243 
-0.752495527 0.290384769 -0.857062876 179 229 244 
-0.757375836 0.308793008 -0.837563157 175 228 248 
-0.711914659 0.0905061066 -0.499035805 174 219 238 
-0.709400117 0.0761340261 -0.4547728 167 213 232 
-0.731461227 0.0905711651 -0.444494963 161 208 230 
-0.706870556 0.0617029965 -0.410543531 165 210 230 
-0.726469338 0.0689395666 -0.404453248 159 204 225 
-0.702260315 0.0390962958 -0.370990366 169 214 235 
-0.7199983 0.047666043 -0.364379346 168 212 233 
-0.699713707 0.0245983601 -0.326799333 169 207 227 
-0.706877708 0.0280019343 -0.324160606 171 210 229 
-0.70026058 0.026047796 -0.317799598 169 208 228 
-0.768414974 0.357428193 -0.871200264 162 213 237 
-0.80987674 0.364023238 -0.86305654 166 219 239 
-0.7606318 0.322354198 -0.838777781 168 221 242 
-0.7054196 0.0425263941 -0.264062136 177 216 235 
-0.714731753 0.0444549322 -0.261989772 176 216 235 
-0.70550549 0.0419274569 -0.253465325 177 216 236 
-0.706734002 0.0431988537 -0.211194336 164 206 229 
-0.738384306 0.057084024 -0.200163037 163 202 226 
-0.78304708 0.315865874 -0.578056514 163 217 245 
-0.759335041 0.290308356 -0.542207539 164 216 244 
-0.763577342 0.30923897 -0.557806671 162 215 244 
-0.751859963 0.256444693 -0.509092808 159 208 234 
-0.765035868 0.251705855 -0.457865298 137 184 216 
-0.752876461 0.256265044 -0.460426003 141 190 222 
-0.781355143 0.394797862 -0.692376971 164 211 235 
-0.792229056 0.440992832 -0.706481159 160 202 223 
-0.778360367 0.378538936 -0.649193168 168 212 233 
-0.772740424 0.35196498 -0.611909091 162 206 228 
-0.76729089 0.326060712 -0.574241996 160 212 239 
-0.753624022 0.258884519 -0.455214202 142 190 222 
-0.753205836 0.252749443 -0.406240016 159 203 224 
-0.747690916 0.22658813 -0.368719935 144 190 218 
-0.751089931 0.23733604 -0.332103848 150 196 223 
-0.805801988 0.499839455 -0.737264335 129 169 195 
-0.817559123 0.504099309 -0.733655095 125 164 191 
-0.810773134 0.52270937 -0.763173163 141 182 207 
-0.795459032 0.454707474 -0.710594654 159 200 222 
-0.751788139 0.23819536 -0.309597939 145 191 220 
-0.746578753 0.213234752 -0.271391094 161 202 224 
-0.751064003 0.227123246 -0.219804436 148 188 214 
-0.813027442 0.532721937 -0.770940244 145 188 211 
-0.842478573 0.562101424 -0.751721859 137 179 203 
-0.751674891 0.228766993 -0.210024178 153 191 216 
-0.753974438 0.233310699 -0.154942214 129 168 195 
-0.754122376 0.232178301 -0.135571554 135 173 199 
-0.82753998 0.589745224 -0.738325477 132 172 199 
-0.845263064 0.602621317 -0.729373515 129 165 191 
-0.830202937 0.598725617 -0.715861082 128 165 193 
-0.756098151 0.237163126 -0.100255623 145 179 202 
-0.800351977 0.248054415 -0.0894679725 133 166 191 
-0.836326122 0.624268174 -0.718579948 130 164 188 
0.0355841964 0.175076813 -1.00638866 183 231 250 
0.0317150801 0.177998632 -1.00437403 184 232 249 
0.0325489938 0.174814999 -1.00728154 184 232 249 
0.079124555 0.175234169 -0.987289786 166 218 242 
0.0696501732 0.212051719 -0.961445212 162 209 228 
0.0246708617 0.203730404 -0.966910601 168 218 238 
0.106150255 0.0396423042 -0.721314788 150 192 218 
0.0556343049 0.0525712669 -0.708730578 162 205 229 
0.060645774 0.0357236564 -0.751593292 166 208 230 
0.10708268 0.036829263 -0.732863426 151 194 220 
0.103474751 0.0456632078 -0.665387988 147 192 215 
0.0831958354 0.0450760424 -0.663478971 151 192 214 
0.0554793477 0.0512149632 -0.686545134 156 197 221 
0.10340178 0.0449665487 -0.654296577 145 189 212 
0.0601942241 0.248778045 -0.935432732 159 201 221 
0.0131030679 0.250911325 -0.960116625 152 197 214 
0.0991526544 0.0626457632 -0.655674696 139 182 207 
0.0909407139 0.0965695381 -0.655631542 129 170 198 
0.0470523536 0.0828475356 -0.651169002 142 186 211 
0.0979584605 0.062846303 -0.603076816 147 185 205 
0.0881782174 0.0646360517 -0.601028502 148 186 206 
0.0962297022 0.0703867972 -0.607500374 144 181 203 
0.101835281 0.0431214571 -0.561875343 149 185 209 
0.0976917148 0.0440989137 -0.56088835 150 186 210 
0.101932764 0.0421540737 -0.555600882 149 184 208 
0.0493903756 0.292177081 -0.921686709 140 182 208 
0.00428165495 0.284496367 -0.928329706 142 185 207 
0.0896933079 0.0998139679 -0.634416163 130 168 195 
0.0457284003 0.087002188 -0.63655448 133 173 198 
0.0488460511 0.0702604651 -0.593646824 133 168 188 
0.0517681241 0.0542869568 -0.550299764 140 177 198 
0.101961032 0.0381355286 -0.512243927 142 177 197 
0.0539955199 0.0410431623 -0.505391419 127 159 180 
0.10259904 0.0311368108 -0.463763714 126 165 186 
0.0770299137 0.034612 -0.45906356 127 166 185 
0.054144308 0.0376545191 -0.47456637 124 159 179 
0.103865147 0.022503227 -0.425951838 136 167 185 
0.0421114713 0.322709531 -0.926795483 143 185 210 
-0.00637120008 0.327649236 -0.918780684 142 180 204 
0.0358223245 0.349260122 -0.933095574 141 184 208 
-0.00716473162 0.331076175 -0.920430779 142 181 205 
0.0447510257 0.307846308 -0.882813394 139 178 200 
0.0362885669 0.317182869 -0.87680459 138 176 198 
0.0403594747 0.326799244 -0.891806304 141 181 203 
0.0427015945 0.31520474 -0.870492399 138 177 199 
0.062540561 0.219979391 -0.723136544 148 187 213 
0.0185378417 0.207316235 -0.725189805 142 181 208 
0.0576245934 0.241329357 -0.734689116 142 186 216 
0.0128950402 0.231771573 -0.737881541 142 184 212 
0.0670226365 0.197876424 -0.68329525 146 189 211 
0.0240485072 0.200021058 -0.677406311 119 157 179 
0.0193402469 0.199865013 -0.679228485 117 154 176 
0.074847877 0.162637264 -0.65096724 134 172 193 
0.0530567467 0.184202462 -0.636841536 132 168 191 
0.0762868673 0.152491271 -0.604287148 140 175 197 
0.0357285291 0.157168478 -0.597285986 133 168 192 
0.079486534 0.135427207 -0.561563849 128 162 185 
0.0700017363 0.142624259 -0.556606531 118 151 173 
0.077668041 0.142105609 -0.552288473 118 152 174 
0.0525755882 0.0421306193 -0.452286303 120 155 174 
0.104060143 0.0209039748 -0.417133242 138 166 184 
0.0560393631 0.0240287483 -0.410156548 126 162 183 
0.103140682 0.0200249255 -0.365152866 129 166 189 
0.0550419688 0.0234559476 -0.358000994 112 151 172 
0.0552166998 0.0222609043 -0.352743208 114 152 172 
0.0107291713 0.397869915 -0.934818208 142 176 197 
-0.0142154619 0.36296317 -0.951065958 147 189 212 
-0.00315745175 0.371668905 -0.895187736 136 176 199 
-0.00812965631 0.334558636 -0.914828897 142 180 204 
0.0253207386 0.391162753 -0.916598678 134 168 190 
-0.0175135881 0.372222811 -0.902544141 142 183 205 
0.0211849585 0.35472098 -0.854724526 138 178 199 
0.0312083364 0.362016559 -0.863019943 136 176 197 
-0.0152135938 0.360836834 -0.881613612 140 179 202 
0.0396620035 0.323350519 -0.821462512 129 166 191 
-0.00524219871 0.314229488 -0.821489871 132 170 195 
-0.010881722 0.339392185 -0.842192411 135 172 196 
0.048137337 0.285557032 -0.790595531 138 183 212 
0.000289209187 0.288003415 -0.784006834 143 184 213 
0.0537567437 0.258985072 -0.753310204 141 187 221 
0.00644303858 0.259331584 -0.747922599 149 190 217 
0.0193445534 0.199654639 -0.677088737 117 154 176 
0.0154656321 0.216297671 -0.615251362 156 196 218 
0.0138654411 0.216882914 -0.616986632 157 196 219 
0.0244967043 0.170426935 -0.588839293 127 164 189 
0.0150690377 0.21092461 -0.606033623 149 188 211 
0.030642055 0.141788453 -0.552736044 130 157 176 
0.0713127851 0.16348204 -0.498058796 135 165 183 
0.0259993747 0.156814635 -0.506564617 117 148 170 
-0.026360333 0.410683453 -0.923772097 156 196 218 
0.0250931233 0.389578998 -0.888549209 139 176 199 
-0.0145255476 0.355197966 -0.850540996 136 174 197 
0.0138339102 0.216815576 -0.61479032 157 196 218 
0.0694627464 0.170321345 -0.489122897 130 160 179 
0.0246156082 0.160976112 -0.489278466 108 139 161 
0.0718559027 0.156426221 -0.444587052 124 160 177 
0.0245093107 0.156901926 -0.439125508 98 127 146 
0.070053488 0.159631431 -0.397454947 106 139 159 
0.0238596499 0.157322496 -0.413972735 98 127 145 
0.0688027591 0.163930953 -0.387811512 99 132 152 
0.0238436013 0.15502587 -0.387715369 115 148 167 
0.0734794885 0.141063064 -0.348407716 111 143 165 
0.026222907 0.141185135 -0.34314844 106 138 158 
0.0767112076 0.123873055 -0.30575648 112 147 169 
0.0253942162 0.13994953 -0.291372001 124 154 175 
0.0253107473 0.140054166 -0.288703382 125 154 175 
0.0112556294 0.201821208 -0.30851844 87 117 137 
0.0110387653 0.200847477 -0.309024304 87 117 137 
0.0107752159 0.201926649 -0.308916539 87 117 138 
0.010908246 0.201268107 -0.307705969 87 117 138 
0.0107569247 0.201954901 -0.308390915 87 117 137 
0.125073209 0.178756863 -0.973003149 166 217 236 
0.11600478 0.213564843 -0.943464339 169 212 231 
0.127456665 0.0374350846 -0.724856853 146 189 217 
0.148658708 0.0536849797 -0.665989339 144 188 214 
0.153080732 0.0401073992 -0.718127191 141 185 215 
0.148302406 0.0536774993 -0.649547338 143 185 210 
0.115339756 0.216046214 -0.940508366 169 212 230 
0.0861690938 0.246868432 -0.920535982 163 202 223 
0.107754767 0.244321167 -0.906477451 156 195 219 
0.11444892 0.0938345492 -0.640389264 130 167 192 
0.147199824 0.0549256206 -0.612796605 137 172 194 
0.148249716 0.0463083982 -0.565242052 137 168 191 
0.151686743 0.0283116102 -0.523052216 137 173 196 
0.134240359 0.030105412 -0.520159304 138 172 194 
0.151937097 0.0255993903 -0.504406512 125 160 184 
0.101507515 0.270396709 -0.909422338 154 195 217 
0.0937257111 0.30368641 -0.922081709 148 192 215 
0.151548252 0.0243639648 -0.472826958 119 157 181 
0.152792081 0.0149848461 -0.425708205 127 163 186 
0.106927201 0.0190086067 -0.418479383 138 166 184 
0.15461725 0.00332146883 -0.379895926 121 156 179 
0.143942744 0.00512814522 -0.377740145 126 162 185 
0.154541299 0.00262266397 -0.368643552 119 155 178 
0.0557544678 0.344734281 -0.916313529 145 188 210 
0.0501690805 0.320542544 -0.876502216 139 178 200 
0.0836441219 0.343509883 -0.901762724 143 186 209 
0.1013266 0.257632047 -0.759273589 137 182 209 
0.0759358257 0.258259714 -0.75614202 139 186 216 
0.0989879221 0.267551392 -0.762130141 138 184 209 
0.1095981 0.220639452 -0.727948487 144 187 216 
0.117369294 0.185612649 -0.695499063 147 183 202 
0.119662821 0.172108978 -0.650739372 157 197 219 
0.121488839 0.160442263 -0.60492903 136 176 197 
0.125428393 0.140471041 -0.563868463 126 164 188 
0.124114618 0.143163294 -0.533470511 117 153 175 
0.0591374487 0.386746943 -0.893830836 130 169 196 
0.0554491878 0.3630144 -0.853978217 133 171 191 
0.0749984235 0.376225114 -0.868376851 130 166 189 
0.0863774717 0.325354576 -0.825505733 135 174 197 
0.0768732578 0.366943806 -0.85131526 128 163 183 
0.0915855765 0.300398856 -0.787296116 146 188 214 
0.124398381 0.140026301 -0.511639714 123 154 175 
0.0750468373 0.162199408 -0.494154721 134 163 181 
0.119488358 0.155980498 -0.463506669 129 163 183 
0.076058656 0.370391637 -0.852229834 129 164 184 
0.117557883 0.162412554 -0.446352631 127 163 185 
0.119183719 0.151532382 -0.400092423 112 143 164 
0.0847979486 0.160073757 -0.391667455 105 137 157 
0.119434312 0.146163315 -0.351934493 116 151 174 
0.119486883 0.145849407 -0.350859642 116 151 174 
0.119355291 0.141874611 -0.300649881 110 142 162 
0.163074255 0.214046299 -0.946841717 162 206 229 
0.126011491 0.215318084 -0.94207716 167 210 230 
0.16941449 0.190236658 -0.973343849 178 223 236 
0.161460802 0.219526082 -0.933660507 158 202 228 
0.192078501 0.0686386526 -0.662625968 153 187 205 
0.198337018 0.0470575392 -0.710141182 148 188 211 
0.191840321 0.0691342056 -0.657198727 152 186 205 
0.15313077 0.253116786 -0.924495101 147 189 216 
0.146786094 0.261540353 -0.919215679 146 187 213 
0.150326625 0.264560312 -0.922920227 146 187 213 
0.192244381 0.0634949207 -0.613084793 139 182 207 
0.192723036 0.0571224093 -0.564246416 130 167 190 
0.187500983 0.0429967642 -0.518999219 122 158 183 
0.194173157 0.0475008786 -0.523905218 121 158 182 
0.136916026 0.321320415 -0.93796891 142 182 210 
0.133849874 0.322442859 -0.937021375 142 182 210 
0.136415869 0.323339999 -0.937448084 141 182 210 
0.159534425 0.209987953 -0.739230156 150 191 218 
0.147940129 0.211654171 -0.737049699 148 190 217 
0.157741815 0.217767209 -0.743376255 147 189 217 
0.166207105 0.17927739 -0.704311967 162 204 226 
0.122072935 0.182553351 -0.697680116 150 186 205 
0.165601358 0.178859025 -0.671852231 152 194 217 
0.19419077 0.0468634963 -0.517630816 122 158 182 
0.197136223 0.0307982862 -0.474336267 135 172 194 
0.199234575 0.0180613101 -0.429138035 123 161 184 
0.200297445 0.00939330459 -0.381612569 130 167 192 
0.199371666 0.0116813481 -0.364533633 137 177 201 
0.135549679 0.326689184 -0.934898257 141 181 209 
0.127807558 0.355869979 -0.90372175 135 177 203 
0.110407352 0.266603291 -0.75539124 136 180 206 
0.145606264 0.267758667 -0.741748869 130 172 198 
0.164571524 0.181212276 -0.650722146 151 195 219 
0.168633953 0.160758168 -0.609937787 145 186 208 
0.170680478 0.148225099 -0.564622998 143 180 203 
0.174105495 0.130275428 -0.52240622 135 175 195 
0.142477393 0.137326658 -0.515094936 121 155 176 
0.172049433 0.136853397 -0.501108885 132 168 189 
0.126844287 0.356402934 -0.865420163 137 178 203 
0.0807060599 0.369127661 -0.853428125 130 165 185 
0.133176595 0.327029914 -0.829737008 131 172 199 
0.137243807 0.306557089 -0.788963318 151 194 217 
0.141858175 0.283934206 -0.749419451 134 177 203 
0.166010529 0.157590777 -0.454299897 143 179 196 
0.157451838 0.159305125 -0.452426851 140 176 193 
0.165501893 0.159181982 -0.448629528 144 179 196 
0.164443478 0.159256309 -0.400864154 155 186 205 
0.163358301 0.159708858 -0.356072634 119 158 180 
0.169678003 0.129704833 -0.312799871 134 171 190 
0.152371407 0.130749792 -0.310329676 121 156 175 
0.166811585 0.14261356 -0.324646771 128 166 186 
0.169239253 0.130595565 -0.302554369 137 174 192 
0.163009793 0.160397828 -0.347728074 116 155 177 
0.205370486 0.23341471 -0.940953314 145 193 218 
0.211802185 0.211387634 -0.991462886 163 210 231 
0.205422133 0.23288694 -0.937459111 146 194 219 
0.240806788 0.0627338588 -0.671192706 141 181 206 
0.243513405 0.0544033349 -0.702882409 159 205 228 
0.237932235 0.0719477832 -0.641608596 133 172 195 
0.204363555 0.237371206 -0.938690364 146 195 219 
0.194225967 0.278228104 -0.927283168 161 205 228 
0.23437494 0.083514452 -0.606823981 151 189 209 
0.236938834 0.0689484477 -0.562671959 159 199 218 
0.241357088 0.0470961332 -0.522687256 131 169 193 
0.20455724 0.0471251309 -0.518627703 122 158 183 
0.244463414 0.0303988755 -0.47975421 137 175 199 
0.231383562 0.0307784379 -0.478110433 137 175 199 
0.248739839 0.00910374522 -0.43945083 147 185 208 
0.24001798 0.0100284815 -0.437989384 144 182 206 
0.248830289 0.00791293383 -0.430369347 151 188 211 
0.140253857 0.323992908 -0.9368819 142 183 210 
0.18335253 0.321971625 -0.914170384 147 191 215 
0.20591259 0.213317409 -0.742515326 146 196 227 
0.200898647 0.235110581 -0.7544958 142 191 223 
0.198878378 0.201143593 -0.696007192 155 198 220 
0.205447674 0.212590888 -0.713098407 151 197 224 
0.216747314 0.161761492 -0.667036533 151 193 216 
0.186217695 0.175239354 -0.656350017 148 194 218 
0.208331138 0.198316544 -0.686858296 153 197 221 
0.214074641 0.169883668 -0.634590745 157 203 225 
0.247725487 0.00859761238 -0.387257129 148 187 211 
0.18124631 0.328204691 -0.886737704 147 188 212 
0.160785556 0.347316504 -0.874092817 144 184 207 
0.185125619 0.30847016 -0.845541775 161 202 226 
0.148011535 0.321384788 -0.834438026 141 182 208 
0.191129178 0.280388892 -0.809119821 137 180 210 
0.163449109 0.302281529 -0.79416883 144 187 212 
0.197175741 0.252138585 -0.772794485 138 184 214 
0.155354425 0.27748242 -0.754412174 136 179 205 
0.205610991 0.210010707 -0.69192338 152 195 219 
0.212241024 0.174975991 -0.606995344 148 191 212 
0.216002792 0.155703217 -0.565535307 136 181 206 
0.219323725 0.138162643 -0.523084581 145 189 210 
0.216839343 0.146112531 -0.497367471 150 191 209 
0.214424133 0.152922601 -0.462159365 152 190 208 
0.212359548 0.158204705 -0.42607072 153 182 200 
0.210247964 0.164839953 -0.402860016 152 178 196 
0.211277157 0.156304121 -0.355258942 140 175 194 
0.180697769 0.160445809 -0.349645644 122 160 181 
0.188687265 0.139539778 -0.309538633 140 178 196 
0.211619794 0.151782036 -0.320738673 143 180 198 
0.211916804 0.149298996 -0.306782395 143 182 199 
0.258163273 0.211539567 -0.958654284 169 216 236 
0.257493496 0.216184229 -0.979518056 165 214 234 
0.2520037 0.233276486 -0.917412877 160 209 231 
0.268737584 0.0487913191 -0.681846499 149 195 221 
0.289043427 0.0542690754 -0.628740489 160 200 219 
0.264497668 0.0661190748 -0.619596958 148 188 208 
0.292127788 0.0447294712 -0.66433692 154 199 222 
0.287036747 0.0598475337 -0.598602712 157 197 219 
0.243738413 0.268218398 -0.926236629 156 203 226 
0.238342226 0.29082197 -0.929671824 148 192 215 
0.282805979 0.074285686 -0.564808726 143 181 203 
0.286741495 0.054330349 -0.5237391 144 184 210 
0.28978616 0.0378752649 -0.480667502 153 194 213 
0.296547055 0.00681814551 -0.445947558 145 181 203 
0.295186013 0.00942033529 -0.412378043 139 181 204 
0.228534758 0.329288274 -0.906858087 134 175 199 
0.250064701 0.225393638 -0.740797758 139 188 222 
0.243070334 0.257330865 -0.774580479 121 164 199 
0.256931752 0.193919301 -0.706316411 150 200 222 
0.214517742 0.204928994 -0.695666552 152 197 220 
0.261616975 0.171018273 -0.666931629 149 195 216 
0.260964155 0.169091493 -0.615550458 165 211 232 
0.257082909 0.169551939 -0.614873528 165 211 233 
0.26098913 0.168625057 -0.611514807 164 210 232 
0.292978078 0.0163497329 -0.388012767 140 183 205 
0.207115412 0.358530343 -0.873083651 160 199 221 
0.219172865 0.365549177 -0.87999016 161 199 221 
0.230602264 0.31534189 -0.846800923 156 199 223 
0.220454872 0.359202653 -0.868323505 162 202 224 
0.238062292 0.281537801 -0.813652158 138 185 217 
0.24301517 0.2575849 -0.774868965 121 164 199 
0.261942834 0.160754144 -0.567835867 146 191 216 
0.264992535 0.144279301 -0.524775565 120 160 181 
0.264684856 0.140996397 -0.474170059 154 194 217 
0.260521948 0.143058687 -0.472590774 157 197 220 
0.264466673 0.141324967 -0.467804313 154 193 217 
0.21941638 0.363785863 -0.871576428 164 204 226 
0.256783009 0.169277757 -0.425663739 133 171 193 
0.256225258 0.169744521 -0.405244291 140 179 200 
0.257913679 0.158618361 -0.35912475 125 167 190 
0.258001089 0.153783172 -0.309407085 124 158 179 
0.243487835 0.152803898 -0.30834499 130 165 185 
0.258157521 0.152388543 -0.301091254 125 157 179 
0.266351849 0.20809269 -0.961429238 169 216 236 
0.305506915 0.209485263 -0.946441174 167 214 236 
0.295274377 0.250055999 -0.927495956 162 210 232 
0.324501812 0.0394488573 -0.64069891 149 193 213 
0.337846398 0.0435788631 -0.587561071 147 193 215 
0.312660158 0.0549366474 -0.57861495 155 197 219 
0.340717286 0.0351785421 -0.626017392 141 188 210 
0.336117268 0.047865808 -0.555814683 161 202 224 
0.290079981 0.271691561 -0.929439604 163 210 231 
0.281425476 0.308529466 -0.941460729 145 188 211 
0.334160894 0.0535684228 -0.529364347 152 191 214 
0.336884171 0.0383761227 -0.48557049 162 202 222 
0.33923617 0.0246427357 -0.440942168 162 205 223 
0.33848086 0.0260803699 -0.422241479 164 206 223 
0.270113885 0.35444212 -0.932335496 154 193 213 
0.285028189 0.282557756 -0.818258286 165 209 231 
0.251932979 0.282504588 -0.814650476 147 194 223 
0.282167375 0.294772029 -0.822645426 168 212 233 
0.287613451 0.267907798 -0.774154186 127 170 201 
0.25505048 0.260419309 -0.77464962 122 166 200 
0.296784073 0.227382287 -0.744849801 149 196 223 
0.281983465 0.22125861 -0.694197059 154 200 224 
0.294320315 0.234609708 -0.712050438 154 199 223 
0.305788964 0.18301627 -0.665258765 153 202 225 
0.297746062 0.217650697 -0.680875123 162 209 231 
0.269619018 0.172586203 -0.61460042 166 213 234 
0.304366022 0.184879094 -0.620631933 167 219 239 
0.339455485 0.0192891359 -0.391521037 158 197 213 
0.267541587 0.360250533 -0.878787875 146 189 213 
0.230032206 0.364077181 -0.872584462 159 199 223 
0.275006831 0.326426029 -0.845650792 161 204 224 
0.294015616 0.233768374 -0.688714027 157 201 225 
0.287566751 0.218124181 -0.59180057 153 199 220 
0.294838816 0.221958086 -0.595267892 151 197 219 
0.304031551 0.180937797 -0.561481178 156 205 229 
0.295633048 0.218026295 -0.588040113 152 199 221 
0.283136636 0.171372235 -0.512031138 137 179 203 
0.301642537 0.188276619 -0.533352017 156 205 231 
0.310982347 0.14464274 -0.477273971 158 190 204 
0.306796521 0.162762165 -0.48644945 164 198 215 
0.310384661 0.144999295 -0.453796417 150 185 203 
0.294524163 0.222786635 -0.590028763 152 199 221 
0.300210059 0.191461623 -0.502978921 147 193 219 
0.306448132 0.157967061 -0.417169929 146 185 206 
0.278643131 0.165798813 -0.409854144 148 187 207 
0.307009727 0.151621878 -0.372445077 134 166 187 
0.306863695 0.151842356 -0.368189782 132 165 186 
0.275365561 0.160519689 -0.307650656 115 148 170 
0.301250398 0.170048356 -0.312792599 109 143 166 
0.30134815 0.169022501 -0.305880368 104 138 161 
0.351694375 0.211825728 -0.929981351 158 211 235 
0.33974272 0.260906786 -0.926680326 156 203 224 
0.386910856 0.0363531709 -0.596883297 141 188 215 
0.387477815 0.0346821547 -0.60434258 140 188 215 
0.38556242 0.0371596813 -0.543938816 149 197 222 
0.35773766 0.043007493 -0.537700117 159 202 224 
0.385038167 0.0366745591 -0.514479816 146 190 211 
0.334076524 0.284379065 -0.927372456 154 200 222 
0.326778203 0.315002263 -0.93259728 145 190 213 
0.384275854 0.0377232134 -0.491133392 145 187 209 
0.38641271 0.0248351395 -0.446021587 137 180 203 
0.384716153 0.0281839967 -0.405346274 146 186 205 
0.320398867 0.342613727 -0.946547985 135 181 207 
0.272570252 0.356019199 -0.933999836 154 193 213 
0.313000292 0.373124212 -0.945915997 143 191 220 
0.304602206 0.29525283 -0.813503265 156 201 226 
0.288429379 0.268498451 -0.773922563 127 170 201 
0.339609355 0.244671807 -0.740150452 149 196 222 
0.333947867 0.269424498 -0.755287409 147 193 220 
0.347895652 0.207621038 -0.708858609 168 221 243 
0.316916496 0.229713917 -0.693436146 158 205 230 
0.349252373 0.197798401 -0.661993504 172 224 242 
0.348092556 0.199402183 -0.626567006 182 235 248 
0.383310735 0.0325317383 -0.389136285 147 188 206 
0.380346477 0.0397311449 -0.333047688 140 183 203 
0.311589181 0.377229184 -0.926749468 149 195 222 
0.3157444 0.356410593 -0.886173606 146 188 211 
0.320659786 0.332604945 -0.847306132 154 200 224 
0.325694025 0.308332473 -0.808705807 146 193 220 
0.319402158 0.317189068 -0.750838935 154 200 227 
0.321696728 0.319988281 -0.754712105 155 202 228 
0.330443114 0.280688345 -0.71955061 147 189 215 
0.318618745 0.294159591 -0.710923076 154 194 219 
0.32805118 0.288530886 -0.696884751 149 187 213 
0.346874505 0.202649802 -0.606735587 180 235 247 
0.298769534 0.220835745 -0.591556549 153 199 221 
0.340610802 0.208123326 -0.550712228 176 231 251 
0.343815446 0.210490942 -0.553425789 177 231 252 
0.351101518 0.177057177 -0.516407013 149 198 223 
0.337305635 0.184483498 -0.510851264 148 196 220 
0.344894677 0.20514828 -0.543604493 172 226 247 
0.356593907 0.150984406 -0.478836298 126 167 194 
0.35586673 0.150831819 -0.443755865 123 161 190 
0.321269095 0.321227282 -0.748847365 156 201 228 
0.322540909 0.311738074 -0.701791584 146 186 213 
0.343678772 0.210714817 -0.549639583 176 231 251 
0.353672385 0.157972008 -0.422356576 123 160 185 
0.354849696 0.148854166 -0.375088364 129 167 190 
0.31209138 0.151054889 -0.36919263 131 164 186 
0.354015052 0.149913549 -0.348542362 122 161 184 
0.352530301 0.153475851 -0.319961816 117 156 178 
0.309979051 0.168897629 -0.306896687 105 139 162 
0.350396127 0.157744139 -0.269411743 132 164 186 
0.377610624 0.235022128 -0.959005833 171 221 241 
0.355943561 0.270971596 -0.93706882 157 203 226 
0.391080618 0.247835129 -0.975414157 173 222 239 
0.380432963 0.290461004 -0.960246921 159 205 227 
0.425909042 0.0411539674 -0.598557115 147 191 218 
0.434607208 0.0300112963 -0.553216875 135 180 208 
0.432767272 0.0414680839 -0.596054673 148 191 217 
0.435083866 0.0236466229 -0.504374027 141 187 209 
0.405516982 0.0317323506 -0.496726483 145 189 209 
0.434485078 0.0228793621 -0.468358129 129 171 195 
0.374891758 0.314058334 -0.968069792 147 193 216 
0.345416129 0.332457215 -0.954822063 132 176 203 
0.367978066 0.342033446 -0.961525679 139 184 212 
0.433970571 0.0235292017 -0.451958001 124 165 190 
0.431269348 0.0296512842 -0.395973235 131 174 196 
0.412674814 0.028979063 -0.394295663 138 180 199 
0.430988014 0.0301067233 -0.388118446 132 176 197 
0.358806401 0.377352566 -0.932926536 157 199 222 
0.372767627 0.308929265 -0.813553929 165 211 230 
0.357590795 0.308078349 -0.812349081 158 204 225 
0.369444907 0.324687213 -0.836113155 159 204 222 
0.378152847 0.283277631 -0.775742292 154 204 230 
0.361782253 0.286253005 -0.7723248 153 202 227 
0.357654124 0.262413979 -0.732481778 156 206 231 
0.377648234 0.284077197 -0.761460781 159 210 234 
0.353759795 0.238631576 -0.692633629 165 218 240 
0.362239093 0.217844084 -0.652515948 177 229 247 
0.358663142 0.377824664 -0.931598365 157 199 222 
0.36153841 0.362035215 -0.888146043 143 191 216 
0.36665833 0.337426126 -0.849738121 154 199 218 
0.371136308 0.310847342 -0.759973645 158 204 226 
0.365868658 0.332306385 -0.756593883 162 205 224 
0.345086575 0.277726144 -0.670413613 154 196 219 
0.362777919 0.259168386 -0.630095243 181 233 249 
0.369811743 0.23803103 -0.590009093 175 225 243 
0.391770959 0.207309425 -0.556776762 162 216 243 
0.352798611 0.211073309 -0.550446749 175 230 251 
0.386880547 0.228288427 -0.565380156 169 223 245 
0.378181189 0.194377124 -0.50996089 161 213 236 
0.391411871 0.205856442 -0.524143994 167 221 244 
0.400500685 0.164024502 -0.476567417 147 196 215 
0.393855631 0.193758696 -0.501905024 165 218 239 
0.399145812 0.167569965 -0.453762949 153 197 217 
0.365130484 0.334445745 -0.746476471 158 200 222 
0.370149732 0.310231924 -0.707842469 168 216 236 
0.369204968 0.309452415 -0.655805171 168 213 234 
0.377686054 0.271636307 -0.624951065 178 228 247 
0.380805403 0.254887789 -0.582047284 168 218 238 
0.391829371 0.202588081 -0.506994009 171 223 244 
0.393643111 0.18647787 -0.411241978 122 159 183 
0.398474157 0.163003564 -0.372185022 134 168 190 
0.399499834 0.155732691 -0.338477254 142 181 203 
0.399492174 0.15451178 -0.324558765 145 186 207 
0.393974841 0.172999114 -0.276692301 129 166 188 
0.435740471 0.257737875 -0.972855806 164 217 235 
0.423880696 0.306364119 -0.968718886 171 216 238 
0.463870764 0.0275024772 -0.557797313 141 182 210 
0.479655445 0.0340747535 -0.503599048 135 181 208 
0.482036114 0.0285543501 -0.551553428 146 185 211 
0.477687418 0.0399973392 -0.479063392 135 180 207 
0.419773698 0.323266834 -0.967992425 167 211 233 
0.412789136 0.351187676 -0.957591414 156 201 221 
0.475016534 0.0478102863 -0.443259805 142 185 208 
0.469104528 0.0426374972 -0.393066525 136 173 192 
0.474655092 0.0449240804 -0.39459452 137 173 193 
0.411024392 0.357645124 -0.948329628 156 201 222 
0.360979855 0.377418131 -0.93207413 157 199 223 
0.411859214 0.349873126 -0.900291681 154 197 218 
0.387499273 0.36099717 -0.891563535 151 196 219 
0.411054105 0.349692106 -0.861316741 171 217 232 
0.385978639 0.314949423 -0.811730742 167 213 232 
0.384842992 0.291834712 -0.771822453 157 207 231 
0.448561728 0.165233403 -0.533548653 174 219 237 
0.433117211 0.166480184 -0.531173289 171 216 235 
0.446460366 0.174415588 -0.539110184 175 220 238 
0.44796735 0.166955382 -0.525396287 174 219 236 
0.474502325 0.0453391075 -0.392190009 137 173 193 
0.411293864 0.347602606 -0.849107146 173 219 233 
0.41043967 0.346467197 -0.797273397 164 217 238 
0.407575995 0.356825352 -0.780904114 164 217 239 
0.433975816 0.227036834 -0.550683081 160 211 236 
0.432055891 0.235639304 -0.558130801 162 213 237 
0.440688074 0.196170896 -0.515853763 165 213 236 
0.435034871 0.220891863 -0.531020939 159 210 235 
0.418014228 0.181178629 -0.469160348 148 196 215 
0.407139838 0.354941368 -0.739943385 160 207 233 
0.409935206 0.339465678 -0.696311593 172 221 242 
0.411808699 0.3276124 -0.650607944 184 230 248 
0.416608125 0.304262459 -0.611479819 169 221 242 
0.424057782 0.27049908 -0.578307807 161 213 236 
0.436673164 0.211946547 -0.506830871 160 209 235 
0.438350856 0.200862706 -0.460687131 159 202 223 
0.441580534 0.183680654 -0.418031335 149 195 215 
0.446243346 0.160867423 -0.378596276 143 179 199 
0.44509685 0.160996139 -0.327390641 153 197 220 
0.414147407 0.3094396 -0.556035638 155 208 235 
0.400429755 0.327829599 -0.544524252 159 211 236 
0.405471265 0.347075343 -0.575929999 157 208 237 
0.409910113 0.325101018 -0.535535157 163 214 239 
0.445048273 0.161071509 -0.325996369 153 197 220 
0.407357424 0.336119205 -0.540776074 160 211 235 
0.4806692 0.26630947 -0.967850506 170 224 244 
0.470765233 0.305253893 -0.945915699 161 212 238 
0.524138331 0.0448511541 -0.502624929 138 183 213 
0.526639581 0.038736254 -0.549508214 124 170 201 
0.523863792 0.0423928499 -0.462704659 140 184 208 
0.419062018 0.350282699 -0.953217983 156 201 222 
0.465864182 0.323234975 -0.920717001 157 206 232 
0.4466272 0.33411485 -0.91268456 154 199 222 
0.462909043 0.334060878 -0.905345321 161 208 231 
0.523635685 0.0423344076 -0.45158121 143 187 210 
0.521273911 0.0471225977 -0.396359384 138 179 201 
0.478648484 0.0449475348 -0.392858624 136 173 192 
0.520556569 0.0486803353 -0.380737275 150 190 211 
0.454862714 0.36380899 -0.866505146 158 208 228 
0.464847445 0.174160242 -0.530482113 179 222 239 
0.45385921 0.365913779 -0.843823433 167 217 237 
0.424884498 0.365560204 -0.788474321 163 215 238 
0.450507879 0.375282288 -0.79407078 162 212 237 
0.479350388 0.234309644 -0.551712811 165 219 242 
0.477028072 0.24399583 -0.552730083 163 219 242 
0.486586511 0.20138526 -0.518060863 174 220 238 
0.44911927 0.211547226 -0.508415759 161 211 235 
0.486852765 0.195847243 -0.468745202 164 217 237 
0.48195219 0.19665435 -0.467767656 163 215 235 
0.489426553 0.182617903 -0.439900607 179 230 247 
0.449748814 0.377572656 -0.784671962 162 212 237 
0.448971748 0.376134276 -0.733011425 162 214 241 
0.431889892 0.362769961 -0.686046839 164 212 237 
0.447493553 0.38011986 -0.709438086 161 212 240 
0.418517441 0.336693436 -0.64640516 182 229 248 
0.423542023 0.315069795 -0.60636276 166 219 242 
0.430652916 0.293951064 -0.566274941 155 207 234 
0.475628555 0.248933792 -0.543348491 162 218 242 
0.445145428 0.274619073 -0.526026309 165 219 242 
0.469019175 0.273558795 -0.513549447 166 220 244 
0.484706938 0.19978705 -0.414008647 154 198 219 
0.487717807 0.183464825 -0.370861053 137 180 205 
0.48678261 0.185621917 -0.351897269 145 187 212 
0.446854234 0.379962742 -0.678338587 154 202 230 
0.440872133 0.383298069 -0.623509288 136 183 218 
0.444340587 0.38564378 -0.626067102 138 185 220 
0.410632521 0.353138924 -0.584234953 159 208 236 
0.465124488 0.29020679 -0.519742191 164 218 241 
0.454206109 0.336804986 -0.536287963 169 219 243 
0.486899316 0.182189137 -0.319107503 149 186 210 
0.444224179 0.38580507 -0.622513831 137 184 219 
0.446167529 0.373677075 -0.576967299 170 211 235 
0.451935828 0.346520245 -0.540016651 169 217 242 
0.526317179 0.271320999 -0.956300735 167 223 246 
0.515816748 0.313218057 -0.939793706 166 217 241 
0.552011132 0.0488362312 -0.555877507 140 184 213 
0.569403052 0.0570473671 -0.553321838 153 197 224 
0.569738805 0.0563649833 -0.561152399 154 199 227 
0.569602191 0.0517732799 -0.503855228 149 195 224 
0.570177734 0.045020014 -0.455234617 131 173 201 
0.54815191 0.0434162915 -0.453686684 134 177 203 
0.569928825 0.0453396142 -0.447359353 132 175 203 
0.511884928 0.327968776 -0.923198938 172 221 245 
0.507874548 0.342450619 -0.900005698 179 229 248 
0.567430377 0.0513233542 -0.399146229 157 197 221 
0.499098778 0.375809789 -0.867803633 158 209 235 
0.531988621 0.213041961 -0.569066405 207 249 254 
0.531803191 0.213206291 -0.568956673 207 249 254 
0.531932354 0.213269204 -0.569009244 207 249 254 
0.531982541 0.213020608 -0.568552256 207 248 254 
0.495207906 0.389005303 -0.835805595 158 210 239 
0.493200839 0.394922495 -0.809412599 157 208 237 
0.522026122 0.252224684 -0.547094703 172 228 252 
0.532702923 0.205743432 -0.520757675 169 220 242 
0.536420703 0.186643571 -0.479198754 166 210 235 
0.535100698 0.187499672 -0.428112298 152 203 230 
0.478582025 0.419751167 -0.764895737 165 210 236 
0.48510766 0.42490238 -0.770998359 162 206 232 
0.463486612 0.393257588 -0.72529155 160 212 241 
0.521762908 0.253221363 -0.546085656 172 228 252 
0.51276952 0.287964255 -0.519268394 168 222 244 
0.534814298 0.188463628 -0.425674617 151 201 228 
0.53269875 0.192284375 -0.371006131 154 198 226 
0.533832133 0.183695167 -0.327593088 144 188 209 
0.484513998 0.426532656 -0.761858523 162 207 233 
0.486957788 0.412438512 -0.717436552 157 206 234 
0.489508271 0.397925317 -0.673254251 156 204 236 
0.493788362 0.376615822 -0.632959127 160 208 237 
0.450405061 0.385605454 -0.623301625 140 187 221 
0.497487903 0.357587457 -0.591359317 153 204 234 
0.471440494 0.367857099 -0.582910478 161 208 235 
0.503753722 0.328475624 -0.555526793 164 211 236 
0.4616822 0.342655331 -0.543190062 169 218 242 
0.511045992 0.295330673 -0.522001028 169 222 243 
0.534050286 0.182482064 -0.324129432 143 187 208 
0.565718949 0.302002251 -0.943240047 166 217 239 
0.540748954 0.315702498 -0.93304348 163 214 238 
0.570296347 0.284593165 -0.95993644 171 223 243 
0.561722219 0.316954225 -0.925899565 163 214 237 
0.586899459 0.0572807193 -0.555117548 152 198 227 
0.614583969 0.0605891645 -0.504002392 137 183 211 
0.615883291 0.0589178503 -0.545082986 151 199 230 
0.614462674 0.0565739572 -0.453815758 127 169 197 
0.614045262 0.0579324067 -0.449746072 128 170 197 
0.552836359 0.350858331 -0.894699097 165 215 238 
0.61460048 0.0515409112 -0.404211253 149 192 220 
0.543067694 0.3891325 -0.871532202 152 204 237 
0.538307607 0.214780629 -0.568814993 204 247 254 
0.511313021 0.40931946 -0.826524734 158 208 236 
0.53404814 0.423698753 -0.841548979 157 204 232 
0.572055221 0.241170913 -0.558167398 186 236 252 
0.566263735 0.264217496 -0.548378527 185 233 249 
0.573582172 0.230679125 -0.511685073 161 215 236 
0.583540082 0.187060207 -0.484149933 164 214 235 
0.582093835 0.188251108 -0.43098563 165 221 250 
0.537667513 0.187300056 -0.426621139 152 203 230 
0.587981284 0.160626054 -0.394302696 161 204 226 
0.560259819 0.169928521 -0.386196047 169 212 236 
0.586519718 0.163941562 -0.364043713 141 179 202 
0.532132387 0.429480523 -0.817845106 157 204 231 
0.530974984 0.429536313 -0.765330017 145 193 225 
0.521417201 0.430119127 -0.763962746 148 195 227 
0.530677736 0.430299014 -0.760156631 144 191 224 
0.521730483 0.293155968 -0.524358153 170 223 245 
0.553827882 0.315695554 -0.549483836 166 218 242 
0.58226645 0.178589284 -0.331545413 124 164 189 
0.53684628 0.182615459 -0.324364126 143 186 207 
0.581096053 0.180706173 -0.301336199 146 189 211 
0.531690836 0.422231913 -0.717024624 147 192 220 
0.533916593 0.408994555 -0.672112644 141 189 224 
0.539321542 0.383265227 -0.634345472 154 203 238 
0.544360101 0.35897541 -0.595754921 154 205 237 
0.550146997 0.331745446 -0.558846056 163 215 239 
0.609960854 0.31372565 -0.9417243 163 214 238 
0.614296615 0.297761351 -0.963380814 167 217 238 
0.606404722 0.326744825 -0.923135042 160 211 239 
0.660807312 0.0645270646 -0.50693959 149 199 224 
0.661954582 0.0618335903 -0.52968061 148 200 228 
0.662147939 0.0547675192 -0.460038453 142 190 220 
0.661350787 0.0547379851 -0.423111528 123 168 200 
0.596785545 0.364279211 -0.898608088 156 209 241 
0.66077435 0.0556730032 -0.407037348 119 163 193 
0.587729633 0.399024993 -0.868954957 156 206 234 
0.625951409 0.214959919 -0.578348339 175 232 251 
0.577434301 0.224250972 -0.567962766 187 237 254 
0.617734849 0.250486225 -0.595899761 189 237 254 
0.62284714 0.225178182 -0.549376607 175 233 253 
0.578431249 0.434971392 -0.841508865 147 196 227 
0.608140647 0.287896961 -0.571145535 173 224 248 
0.622315943 0.224752933 -0.52026403 168 227 247 
0.619399071 0.229922414 -0.464773804 178 228 245 
0.619793177 0.230211735 -0.465104252 178 228 245 
0.629378796 0.188017547 -0.436308682 174 221 238 
0.619889915 0.22973296 -0.46422413 178 228 245 
0.6338135 0.166100681 -0.396360934 150 193 216 
0.633277237 0.163715959 -0.345241725 132 183 205 
0.630242884 0.164027631 -0.344738752 131 180 203 
0.633140326 0.164137602 -0.343641758 132 182 205 
0.575686872 0.443904877 -0.814784467 142 190 221 
0.576144159 0.437616408 -0.765898049 166 214 243 
0.577084363 0.431554526 -0.741702318 158 205 235 
0.603192508 0.308877409 -0.577114999 171 223 247 
0.566052616 0.326723665 -0.563325703 163 217 243 
0.593026757 0.352632582 -0.59662199 159 212 244 
0.619775236 0.230244279 -0.464640051 178 228 245 
0.578220665 0.424965382 -0.720650673 149 195 226 
0.579768538 0.414391696 -0.674215198 146 193 225 
0.582240999 0.400184929 -0.6298576 147 196 229 
0.591417789 0.359634876 -0.600567222 158 210 243 
0.626023054 0.336342514 -0.93118602 158 209 235 
0.65695709 0.317561805 -0.979017258 156 208 232 
0.648072779 0.351458251 -0.947802842 162 210 234 
0.677787185 0.0564396679 -0.513204932 156 206 231 
0.711289287 0.0472397506 -0.469533443 145 195 220 
0.711570263 0.0472028553 -0.482022971 151 202 225 
0.711236835 0.0429541469 -0.419501424 136 182 213 
0.678948283 0.0522348583 -0.410904765 125 169 200 
0.710569263 0.042073518 -0.379068464 133 179 208 
0.625646055 0.377445132 -0.908785224 158 210 238 
0.639516652 0.383730203 -0.913601995 158 209 236 
0.632974446 0.408860356 -0.892500997 152 200 226 
0.630513072 0.418217003 -0.8834728 149 196 222 
0.669525266 0.229308307 -0.575331211 166 222 247 
0.662081778 0.261938214 -0.59618938 182 230 251 
0.674576998 0.204967082 -0.536770105 169 223 246 
0.64798975 0.218488604 -0.526492953 170 225 247 
0.675849676 0.195474565 -0.489716202 166 211 230 
0.636148334 0.19278264 -0.486817956 192 234 246 
0.675710678 0.194469064 -0.472162515 158 204 225 
0.622300148 0.448789686 -0.846148431 147 195 224 
0.659996271 0.271241993 -0.603830218 185 230 252 
0.624833286 0.299757272 -0.584454298 177 227 249 
0.648621619 0.318486929 -0.60661602 166 219 247 
0.620275199 0.230134487 -0.46475473 178 228 245 
0.67591393 0.190730333 -0.439946562 145 191 216 
0.677137136 0.181432307 -0.392781407 142 190 216 
0.678031206 0.173427492 -0.344876647 132 180 202 
0.678058624 0.172761053 -0.338731736 132 179 202 
0.59942168 0.471839398 -0.802196622 138 185 216 
0.61365366 0.481509149 -0.812770367 139 185 216 
0.588155508 0.446272701 -0.762509048 162 211 242 
0.632931113 0.386571676 -0.642833233 161 210 242 
0.630407631 0.387979984 -0.641789854 161 209 242 
0.632097185 0.390205503 -0.644929051 160 208 241 
0.639658749 0.355644882 -0.608038783 157 208 239 
0.611603677 0.360588789 -0.602266431 158 208 241 
0.613396823 0.481293797 -0.79858917 140 186 218 
0.616258442 0.465558052 -0.755106151 143 191 226 
0.619922996 0.446667403 -0.713427544 149 193 224 
0.625579357 0.419950306 -0.676225364 144 190 223 
0.69501394 0.355144173 -0.980896831 161 211 234 
0.671416283 0.370169431 -0.970130205 165 212 234 
0.688999653 0.37984097 -0.979215741 160 204 226 
0.701671481 0.327194601 -0.975962639 163 216 239 
0.722508669 0.0444243252 -0.472297877 147 198 223 
0.748549402 0.0278875232 -0.431797683 141 188 219 
0.762359142 0.0267643332 -0.423689038 144 192 221 
0.677092552 0.412737221 -0.947597623 143 191 218 
0.679904759 0.41478017 -0.949918091 143 191 218 
0.679496884 0.416114479 -0.946024597 143 191 218 
0.639002204 0.421871722 -0.886085391 150 197 222 
0.673873603 0.434551805 -0.892738402 155 201 225 
0.717011869 0.228282511 -0.581107378 154 206 232 
0.707452476 0.268321991 -0.587162197 165 214 240 
0.707535803 0.232901335 -0.525195956 153 200 225 
0.713428557 0.238737583 -0.532777905 154 200 226 
0.696950674 0.207499415 -0.485493571 161 204 227 
0.728277802 0.166048557 -0.406769663 157 198 225 
0.722559512 0.168018192 -0.405069858 155 197 224 
0.726875246 0.172170728 -0.410409689 155 196 223 
0.72788465 0.167173684 -0.401223749 156 198 224 
0.636260867 0.462402046 -0.863736153 145 189 217 
0.661259055 0.486914814 -0.895470619 139 180 208 
0.701973736 0.291862816 -0.597225547 162 208 234 
0.691966891 0.334897667 -0.616021216 160 209 237 
0.712560833 0.2412799 -0.521190286 151 197 223 
0.715490401 0.225277036 -0.477860034 156 199 224 
0.717143774 0.214288831 -0.431661636 137 182 210 
0.690731227 0.17866841 -0.343421221 133 179 203 
0.719388425 0.199149102 -0.366477966 138 178 207 
0.723645747 0.178073376 -0.327734977 140 184 214 
0.655274332 0.506799459 -0.841673791 147 190 216 
0.655203283 0.506808937 -0.838516057 147 190 215 
0.68111825 0.382793218 -0.650183797 164 211 238 
0.675165236 0.407988369 -0.656856596 156 203 231 
0.690704286 0.34063518 -0.621813118 160 210 238 
0.718401849 0.200361788 -0.334660918 128 168 197 
0.714866817 0.211448252 -0.295561701 127 162 189 
0.654245853 0.50634861 -0.78944844 150 194 221 
0.641179979 0.500300705 -0.738945127 139 181 210 
0.65202266 0.512469172 -0.75539571 148 193 222 
0.66378969 0.459864914 -0.71106863 150 198 228 
0.655174017 0.49686861 -0.726717591 142 185 214 
0.669293761 0.433746397 -0.673524082 147 195 226 
0.652416885 0.509043336 -0.735424042 140 181 209 
0.738294959 0.370643228 -0.977221608 156 205 228 
0.733012736 0.392945439 -0.982543111 158 207 229 
0.735855937 0.321732968 -0.951202631 174 222 241 
0.74683708 0.332587004 -0.946504831 174 219 238 
0.749819815 0.319828004 -0.941658556 176 223 241 
0.808056414 0.0315313041 -0.411689788 163 205 228 
0.722359538 0.43559888 -0.9674263 160 207 228 
0.717199087 0.453534007 -0.929811835 144 192 217 
0.715742171 0.458272725 -0.915581703 145 192 216 
0.740860105 0.263807088 -0.564403057 148 193 221 
0.732626557 0.17045483 -0.404850572 154 194 221 
0.708599269 0.487324953 -0.91048491 144 191 215 
0.688946009 0.497993976 -0.902521491 143 187 212 
0.704216361 0.505245864 -0.908405781 143 188 212 
0.741183043 0.327852309 -0.634313762 163 207 231 
0.695331812 0.339660764 -0.62285167 160 209 237 
0.732326925 0.366086334 -0.652592301 166 215 237 
0.746182144 0.303717852 -0.59563446 148 187 214 
0.751790643 0.277188778 -0.558324695 147 190 217 
0.749853909 0.280306906 -0.504058063 150 191 216 
0.735199511 0.25795114 -0.462251514 163 206 226 
0.749988258 0.278655112 -0.491869599 153 194 218 
0.760677576 0.228794396 -0.428554565 138 179 207 
0.755872846 0.249523684 -0.438317984 154 194 217 
0.735456467 0.212333664 -0.382379979 132 174 203 
0.760011077 0.229037598 -0.400658935 134 175 203 
0.697276831 0.531813741 -0.885039389 132 174 201 
0.658369243 0.508947074 -0.840845585 147 190 216 
0.695400238 0.538804889 -0.876571178 129 170 198 
0.729259968 0.379193157 -0.657432318 168 215 236 
0.718270123 0.425588906 -0.668448925 155 199 224 
0.751444936 0.269563466 -0.457719654 163 203 223 
0.760491788 0.225032642 -0.378222942 128 170 200 
0.76310879 0.210257947 -0.33419022 126 164 193 
0.688266277 0.57171011 -0.914703608 125 163 188 
0.657391012 0.595583797 -0.898323834 127 164 188 
0.694265068 0.543647766 -0.878270864 128 169 196 
0.640844345 0.568738937 -0.858751297 109 146 171 
0.677257776 0.554712772 -0.818025231 140 179 200 
0.699464917 0.514232516 -0.790128708 142 184 208 
0.690227509 0.55432719 -0.811579943 145 184 204 
0.698066831 0.515519023 -0.740239799 151 193 220 
0.697944641 0.491200387 -0.697775722 152 197 224 
0.714017808 0.443575203 -0.673091948 150 198 225 
0.703093946 0.490632713 -0.694491863 152 198 224 
0.66084671 0.637614131 -0.875839591 127 164 189 
0.677609861 0.609090209 -0.840840757 136 177 202 
0.673355103 0.627768278 -0.853059351 132 171 197 
0.688033998 0.563639402 -0.814353406 145 183 203 
0.697908938 0.515854716 -0.736717701 151 192 220 
0.702175677 0.494597763 -0.696392536 151 197 224 
0.636157513 0.672832131 -0.853968382 122 159 183 
0.663377225 0.667078376 -0.831796706 125 161 184 
0.614103377 0.708687901 -0.832039833 110 139 156 
0.653476834 0.706005037 -0.809829235 123 157 179 
0.635776877 0.755127668 -0.809158802 102 135 154 
0.641437948 0.75551784 -0.807321906 102 134 153 
0.640573859 0.759105921 -0.80752182 103 136 155 
-0.941911578 0.0371284187 -0.161404043 178 218 234 
-0.943783164 0.0423284471 -0.133261681 175 218 235 
-0.98439908 0.0570856929 -0.12077076 164 211 236 
-0.9423787 0.0323179662 -0.0865040123 164 211 232 
-0.961996317 0.0396682918 -0.0803498179 168 216 238 
-0.942829311 0.0315870047 -0.0576919094 166 210 232 
-0.991697252 0.0965130627 -0.0985207632 166 214 239 
-0.988044381 0.074557364 -0.0585082322 167 213 235 
-0.944159985 0.034825474 -0.0325866789 166 209 232 
-0.978432894 0.0540439487 -0.0183659345 168 213 233 
-0.944597185 0.0320514739 0.0183098987 164 207 229 
-0.95984304 0.0357036591 0.0219719559 167 213 235 
-0.944399834 0.0292770863 0.0400797352 158 203 228 
-1.00686324 0.134036094 -0.0764421374 165 210 232 
-1.0087173 0.110747486 -0.0365495607 161 204 224 
-0.993479252 0.0915959179 0.00371529907 168 215 236 
-0.983537793 0.071162343 0.043864809 167 215 238 
-0.945566535 0.031368494 0.0704024509 154 202 227 
-0.97633177 0.0500666797 0.0839547291 168 216 236 
-0.94590807 0.0282186568 0.121084057 163 208 230 
-0.958252072 0.0316029191 0.124281488 164 212 233 
-0.946100593 0.0276115835 0.136666864 167 211 231 
-0.995466471 0.17798844 -0.0537849367 164 209 226 
-0.993488848 0.15562728 -0.0138088986 165 211 231 
-1.0034622 0.130373478 0.0259068161 167 211 235 
-1.00243092 0.107783228 0.0658622459 164 208 231 
-0.992808461 0.0872724354 0.106004797 176 220 240 
-0.993082702 0.0643662512 0.14593178 170 212 235 
-0.948136806 0.0324842036 0.176006883 168 214 234 
-0.975253105 0.0458419621 0.186253071 170 215 235 
-0.946923852 0.0232261121 0.223194867 176 219 237 
-0.957790077 0.0272289217 0.226566404 176 220 239 
-0.946973145 0.0218464136 0.240790308 172 216 234 
-0.9822734 0.193566173 -0.0467605852 166 212 229 
-0.981609464 0.186465651 0.00166141242 153 198 219 
-0.948409915 0.0245735347 0.276448727 158 206 227 
-0.948105812 0.0188866854 0.325679272 169 215 235 
-0.899112582 0.0523673594 -0.132709339 177 219 237 
-0.900138557 0.0519068241 -0.080489561 163 209 230 
-0.899653137 0.0488346517 -0.0686355382 164 209 229 
-0.89769429 0.0378108621 -0.0360686481 168 209 230 
-0.908000171 0.0482518673 0.0231011808 170 213 232 
-0.902100921 0.0508674979 0.0211529806 170 214 232 
-0.902201772 0.0510300696 0.0239753202 170 214 232 
-0.900529802 0.0399688482 0.0701319799 169 213 233 
-0.899121523 0.029943496 0.11688111 158 203 224 
-0.900395453 0.0323397815 0.14873752 168 210 230 
-0.90144974 0.0345998704 0.172027498 173 214 233 
-0.919119895 0.036588788 0.227408707 175 219 238 
-0.904743075 0.0437776446 0.221237004 173 217 237 
-0.941856146 0.220317617 -0.0366494432 148 190 209 
-0.937669635 0.199375987 0.00385607779 158 199 220 
-0.905202091 0.0448518097 0.230374336 172 217 237 
-0.903352559 0.033092767 0.276131868 173 218 236 
-0.854573548 0.0629231036 -0.131861389 174 215 233 
-0.854235828 0.0571044385 -0.082706213 166 208 226 
-0.854342163 0.0555141866 -0.0601520389 171 210 227 
-0.853763819 0.0507580638 -0.0338529125 173 212 228 
-0.852485538 0.0412433743 0.0131883174 174 212 232 
-0.897906542 0.0506949425 0.02332104 169 212 231 
-0.853270769 0.0401254892 0.0616619959 176 216 231 
-0.85325259 0.0397655964 0.0648262873 176 217 231 
-0.849219143 0.0194254816 0.105675839 161 203 225 
-0.854976892 0.0384865403 0.158200324 172 215 232 
-0.855537891 0.0397615731 0.169790298 174 217 233 
-0.860373557 0.0551177561 0.221153051 166 211 232 
-0.897352695 0.231013224 -0.0357214957 147 186 206 
-0.860695302 0.0555343926 0.231294811 163 208 231 
-0.859064817 0.0446358919 0.277544558 167 214 232 
-0.85865742 0.0385434926 0.326543152 179 226 240 
-0.80779016 0.0661344826 -0.152438223 163 203 222 
-0.808032691 0.0656132996 -0.135512203 163 203 222 
-0.807254612 0.0580642521 -0.0873467177 159 199 221 
-0.802590191 0.0352449417 -0.0479151905 160 201 224 
-0.842542171 0.0457415283 -0.0378149599 171 209 226 
-0.80436492 0.0390936136 -0.0092042163 147 186 214 
-0.805586517 0.0425263941 0.00873267651 145 185 212 
-0.805744767 0.0386563241 0.0590023473 160 201 225 
-0.850549638 0.0393175185 0.0642855093 176 217 231 
-0.804197729 0.0281812847 0.104381151 166 208 225 
-0.804253638 0.02830562 0.105565377 166 208 225 
-0.809057832 0.0426905453 0.166276067 160 202 225 
-0.824908614 0.0410379469 0.167118877 165 208 228 
-0.809384227 0.043771714 0.169247091 160 203 226 
-0.848359942 0.226633579 -0.0733779967 141 178 204 
-0.813373923 0.0551576316 0.225889862 163 204 226 
-0.843270898 0.0549475253 0.229060829 163 206 229 
-0.813566983 0.0543932319 0.243247241 161 202 225 
-0.853633463 0.244790405 -0.0330310538 151 187 211 
-0.814982176 0.0569852293 0.279418349 160 202 226 
-0.812572539 0.0430252552 0.323917031 157 197 220 
-0.758206427 0.0553942919 -0.146546468 167 209 228 
-0.793643415 0.0620629489 -0.139024734 164 206 223 
-0.75572145 0.0411385 -0.102216959 158 201 226 
-0.7672171 0.0456193984 -0.0985161737 157 201 226 
-0.754026413 0.0309690237 -0.0670320913 150 193 220 
-0.753902555 0.0294997096 -0.056390658 149 191 218 
-0.758435071 0.0428175032 0.00370971113 160 199 221 
-0.760747194 0.0426995754 0.00389964134 159 199 221 
-0.758466899 0.0428667367 0.00462206453 160 199 221 
-0.758818984 0.0398340821 0.0544865206 153 195 216 
-0.759771943 0.0392427444 0.104809396 159 202 226 
-0.759932339 0.039716959 0.106902696 159 202 226 
-0.761124194 0.0399083197 0.159495264 151 191 213 
-0.763683081 0.0485195816 0.181281477 148 189 213 
-0.799696505 0.218419418 -0.0533035211 138 172 195 
-0.811962843 0.222404242 -0.0497879162 132 166 190 
-0.804952979 0.242738739 -0.0822214186 131 165 190 
-0.795258343 0.196489006 -0.0133635327 142 178 202 
-0.803040981 0.201723874 -0.00966062397 146 179 202 
-0.796186209 0.199339539 -0.00244174153 145 178 202 
-0.76597929 0.0544930995 0.220320284 155 194 217 
-0.767963052 0.0596226454 0.254396439 156 196 221 
-0.769961715 0.0656493008 0.279184341 147 191 217 
-0.767215669 0.0503676236 0.322927058 151 189 213 
-0.705358505 0.0333026052 -0.164371371 182 218 238 
-0.718580842 0.0390374959 -0.159798712 179 217 237 
-0.703457355 0.0217035711 -0.122762822 174 217 239 
-0.703562498 0.0217537284 -0.118493617 172 216 239 
-0.707502544 0.0327433646 -0.0597248897 171 217 238 
-0.732301593 0.0312306583 -0.0578227043 158 202 227 
-0.708164811 0.0349226594 -0.0535376891 168 215 236 
-0.71159482 0.0443311334 -0.000614024699 159 200 223 
-0.712121069 0.0444231331 0.0225232318 158 196 220 
-0.712730527 0.0443019569 0.0518524721 156 194 218 
-0.713871121 0.0442917645 0.104329802 156 195 215 
-0.753754437 0.0399062932 0.106326826 159 201 225 
-0.714328945 0.0452685654 0.11449457 154 193 213 
-0.716495335 0.0501110852 0.160141349 145 189 216 
-0.718004167 0.0533774793 0.193113655 146 190 215 
-0.777230918 0.230810851 -0.0490313992 132 166 189 
-0.758379221 0.243166983 -0.0622463189 137 169 192 
-0.748115242 0.19681266 -0.0183678791 141 179 204 
-0.755623341 0.229524195 -0.0371671356 138 172 196 
-0.750409424 0.20371294 0.0102810636 144 183 209 
-0.719725609 0.0583117306 0.217314929 154 193 215 
-0.718926847 0.0506813228 0.265433848 152 194 217 
-0.743196905 0.0563299358 0.271173596 154 197 220 
-0.717423618 0.0404188335 0.310460657 149 187 213 
-0.76123172 0.252842426 -0.0388045907 130 165 190 
-0.755582988 0.221663594 0.048328869 117 155 182 
-0.752178729 0.203795612 0.0905923918 122 161 187 
-0.748798728 0.186022878 0.132910371 119 158 186 
-0.717477679 0.0404954553 0.312091172 149 187 213 
-0.720371783 0.0473753512 0.368509322 162 204 227 
-0.96824944 0.793965518 -0.873557746 145 183 204 
-0.975201964 0.808951199 -0.864641786 144 181 201 
-0.973100603 0.813900292 -0.872359693 146 183 204 
-0.969426274 0.795710504 -0.838921845 163 195 212 
-0.973407328 0.81423223 -0.861966133 146 182 202 
-1.01820779 0.994756579 -0.811197579 131 162 183 
-1.03361416 1.02362192 -0.793802202 145 174 192 
-1.02677202 1.02917302 -0.800462961 138 168 186 
-1.02390313 1.0149709 -0.774355531 125 157 178 
-1.02706313 1.02955139 -0.791296482 136 167 186 
-0.909623206 0.74916929 -0.904368639 140 176 199 
-0.949657083 0.773940325 -0.886494279 145 184 208 
-0.922058821 0.802294493 -0.92378819 134 174 200 
-0.920199871 0.717036545 -0.868328631 135 173 197 
-0.945198357 0.752179623 -0.846464157 122 157 178 
-0.907189667 0.738770366 -0.900538802 137 173 196 
-0.909634352 0.696754038 -0.828165591 118 153 179 
-0.928617656 0.733353138 -0.806170106 125 157 180 
-0.896009147 0.677212059 -0.787935793 111 146 172 
-0.896150529 0.682756186 -0.784904301 112 146 171 
-0.906804562 0.726779461 -0.784970701 118 149 169 
-0.891974807 0.663450122 -0.762079418 113 143 167 
-0.93193686 0.84111011 -0.901616573 129 163 184 
-0.964358807 0.788735867 -0.824472547 170 200 216 
-0.924258769 0.775601983 -0.783666193 112 141 160 
-0.918576658 0.774971306 -0.780035138 112 141 162 
-0.93277818 0.840150952 -0.852331281 143 181 202 
-0.943396151 0.835003614 -0.801607013 120 154 177 
-0.934214115 0.842298865 -0.810276389 119 154 177 
-0.960054576 0.808131695 -0.76203692 131 167 190 
-0.924818933 0.795788527 -0.724777579 131 163 186 
-0.939888716 0.863598228 -0.786437273 116 149 170 
-0.945001125 0.85296917 -0.739300072 129 159 181 
-0.941524386 0.868403196 -0.764737725 121 153 173 
-0.934350193 0.832887769 -0.699450672 135 169 188 
-0.961134791 0.960554719 -0.888432145 138 173 196 
-0.979660869 0.977133155 -0.877377927 150 185 206 
-0.967528105 0.987048388 -0.88931489 142 176 197 
-0.956829369 0.939146042 -0.848193765 130 164 189 
-0.997812867 0.949899793 -0.837840319 124 157 182 
-0.947645843 0.898569703 -0.818918407 113 145 165 
-0.977825165 0.931897759 -0.797472 135 167 189 
-0.944627404 0.882217765 -0.775787771 118 150 170 
-0.971963704 0.910476685 -0.757411361 127 157 179 
-0.953486204 0.892109275 -0.717075944 123 149 167 
-0.947293162 0.886876464 -0.705171406 127 153 171 
-0.99701494 1.01412654 -0.855346978 121 155 179 
-0.979975879 1.03858531 -0.89052856 120 151 170 
-1.0130837 0.987397313 -0.81576395 130 162 183 
-1.00934684 0.965462089 -0.775749624 108 141 166 
-0.975577533 0.950795829 -0.735081077 120 152 175 
-0.966260552 0.930211067 -0.694945216 110 141 163 
-0.957676888 0.928195477 -0.687601566 104 134 156 
-1.00010419 1.0545727 -0.833005309 134 164 183 
-0.986812115 1.062343 -0.840676367 138 165 185 
-1.0080874 1.00696075 -0.753313243 114 148 172 
-0.972629786 0.992246151 -0.712856531 119 149 170 
-0.972767174 0.992814422 -0.712863684 119 149 170 
-0.962759733 0.948972464 -0.68512392 117 147 169 
-0.991452754 1.07968187 -0.820296884 131 161 182 
-0.987622142 1.06013846 -0.77899158 139 178 203 
-1.01542759 1.0463779 -0.7310642 134 163 181 
-0.989301264 1.06458068 -0.751264215 130 167 189 
-0.982866526 1.03272593 -0.692706525 110 140 160 
-1.00004172 1.09129584 -0.708320081 129 159 178 
-0.997457385 1.09487236 -0.713423431 131 161 180 
-0.995405197 1.08471322 -0.694747984 133 160 179 
-0.99753648 1.09460258 -0.706796527 131 161 180 
-0.87493372 0.802918196 -0.931299329 124 162 190 
-0.917612672 0.804536223 -0.925729275 132 172 198 
-0.87871331 0.818704009 -0.933191121 120 156 182 
-0.900368214 0.744676471 -0.907829702 138 175 198 
-0.865531445 0.763532758 -0.925296426 135 175 203 
-0.890452504 0.719750881 -0.765405774 113 144 165 
-0.886956871 0.656563282 -0.747805715 113 142 166 
-0.887266695 0.697682142 -0.725403488 115 143 164 
-0.84353441 0.654637516 -0.725117087 125 158 180 
-0.853535175 0.694061041 -0.704062939 126 154 172 
-0.882934332 0.834354639 -0.913319111 128 164 187 
-0.886720419 0.848257661 -0.893993318 140 178 198 
-0.881135762 0.763199747 -0.742793918 112 148 171 
-0.895165026 0.736964226 -0.703166604 114 146 169 
-0.861833513 0.725056648 -0.667515993 120 145 160 
-0.898374081 0.868740678 -0.840559363 133 168 190 
-0.894015074 0.874284863 -0.848312974 132 165 187 
-0.918672383 0.795308113 -0.721202552 131 163 185 
-0.87225455 0.769932151 -0.687750041 124 157 179 
-0.877124548 0.790669203 -0.694604456 122 155 178 
-0.945317805 0.898572206 -0.819172919 113 144 164 
-0.905273199 0.919932604 -0.838700712 118 143 162 
-0.939487278 0.877143502 -0.779112875 116 148 168 
-0.934149384 0.832755804 -0.699130654 135 169 188 
-0.88551569 0.822124481 -0.658902407 103 129 150 
-0.918017387 0.97669673 -0.884389162 123 149 169 
-0.922994554 0.997576237 -0.887905836 117 146 168 
-0.910257936 0.941716075 -0.851913273 136 162 182 
-0.915977776 0.878347993 -0.676325917 139 172 195 
-0.898367047 0.875659585 -0.663789332 137 173 197 
-0.934876382 1.04631174 -0.883969545 129 163 190 
-0.901659548 0.889963508 -0.671580613 141 177 201 
-0.913975656 0.942844033 -0.693767428 123 151 171 
-0.938714206 1.06251156 -0.887790084 133 167 194 
-0.954647124 1.08841503 -0.871948063 149 183 204 
-0.946589649 1.09421265 -0.878499269 141 180 203 
-0.972504735 0.992733359 -0.712605238 119 149 170 
-0.914093733 0.943312526 -0.693550646 123 151 171 
-0.924204588 0.983397007 -0.674789548 126 157 177 
-0.948908329 1.10256672 -0.864880323 136 171 192 
-0.967843056 1.10357511 -0.809893608 127 160 179 
-0.952093422 1.11137402 -0.816521168 123 156 175 
-0.972020864 1.07972407 -0.770051599 126 164 189 
-0.980414152 1.03201282 -0.690368533 110 139 160 
-0.92554301 0.988299608 -0.667820096 125 156 176 
-0.94659996 1.01735759 -0.649699032 115 147 169 
-0.933061779 1.01715922 -0.643328309 111 144 166 
-0.952392817 1.11176634 -0.807135463 117 150 169 
-0.950602055 1.10023808 -0.761245847 124 155 176 
-0.953321755 1.10737026 -0.715635538 126 159 181 
-0.977838814 1.07383001 -0.667903423 129 154 172 
-0.944738269 1.05900204 -0.627249539 138 171 193 
-0.943491876 1.05870795 -0.626180887 139 172 194 
-0.953175902 1.10585964 -0.705547452 123 158 183 
-0.95003593 1.08903015 -0.662689984 121 148 165 
-0.943860114 1.0602721 -0.626655102 138 171 193 
-0.0227247775 0.398020476 -0.949967384 142 183 206 
0.479938567 0.847075105 -0.899088562 127 153 170 
0.46245867 0.864084363 -0.887914896 159 189 205 
0.472493947 0.878729224 -0.909054399 132 159 177 
0.476580083 0.858501196 -0.871869802 152 182 198 
0.471204877 0.881391943 -0.879460871 162 194 212 
0.561056077 0.704921126 -0.880617321 114 148 171 
0.542145789 0.714110911 -0.873540163 109 143 166 
0.55585283 0.727309287 -0.890516937 119 153 178 
0.55960834 0.708717823 -0.856340766 128 167 193 
0.542742252 0.785864592 -0.939287663 122 155 175 
0.529884219 0.798016548 -0.931264162 118 152 174 
0.535505235 0.817953825 -0.963621199 109 139 159 
0.540517747 0.793139815 -0.918006122 117 151 172 
0.549453437 0.750510812 -0.854542077 131 163 187 
0.527138472 0.851667643 -0.954134464 115 144 164 
0.523375571 0.860474825 -0.948929906 116 145 165 
0.524696231 0.861378431 -0.949922144 117 146 166 
0.512546659 0.835013986 -0.909232855 95 123 142 
0.532595813 0.822272062 -0.878033817 113 143 161 
0.498990357 0.895766437 -0.92705214 112 144 164 
0.511360109 0.917313457 -0.959220648 126 157 177 
0.521315694 0.868028998 -0.868622065 115 147 167 
0.511215031 0.914234877 -0.918348849 117 150 168 
0.510628402 0.912048101 -0.867116451 137 169 188 
0.599089801 0.750021756 -0.964977562 124 155 176 
0.574051857 0.767513216 -0.952711105 120 153 174 
0.590483606 0.786860526 -0.979226232 98 127 147 
0.602786601 0.731004238 -0.923371494 120 154 177 
0.584231555 0.747137308 -0.91255635 120 154 178 
0.609253228 0.701103568 -0.887990236 116 152 177 
0.605620563 0.711925983 -0.841475964 106 135 152 
0.58154124 0.823466182 -0.975453854 109 138 157 
0.558362722 0.827749431 -0.970576823 112 140 159 
0.578789175 0.834668159 -0.973584354 115 144 162 
0.566746593 0.784098983 -0.890528262 105 140 161 
0.56276983 0.760296643 -0.85068202 129 162 183 
0.594309807 0.757834077 -0.832342207 117 149 167 
0.566148102 0.887162209 -0.976557434 93 121 141 
0.549462318 0.821109295 -0.868495762 114 145 163 
0.588679731 0.78194201 -0.841754317 125 161 181 
0.579605997 0.820539832 -0.854087174 114 150 169 
0.559678733 0.913861275 -0.976235211 99 127 148 
0.525912404 0.925122619 -0.966398716 122 152 173 
0.553370833 0.940330744 -0.98077035 117 150 174 
0.572266757 0.850924373 -0.854782641 98 130 149 
0.566848457 0.873610377 -0.858120084 96 125 146 
0.553452551 0.938325644 -0.962242723 108 137 158 
0.535743713 0.945856214 -0.903842628 124 151 169 
0.548473537 0.954489827 -0.913273275 118 143 161 
0.559643984 0.905014455 -0.876328826 95 121 140 
0.551134348 0.941317439 -0.889058828 110 136 155 
0.548261762 0.954229712 -0.900663078 120 146 164 
0.679516017 0.610584021 -0.944952786 143 182 206 
0.663530052 0.619909585 -0.938123107 130 166 190 
0.674300551 0.633172572 -0.956519485 133 171 196 
0.666124105 0.667696238 -0.964770257 127 163 189 
0.649271429 0.680492043 -0.955957592 121 157 183 
0.660387695 0.691962719 -0.971066535 119 153 178 
0.642650425 0.656049669 -0.916168928 127 163 188 
0.65079087 0.73243618 -0.980225205 103 135 159 
0.630890369 0.74007678 -0.97388202 112 144 167 
0.645089924 0.757608652 -0.998216331 116 148 171 
0.625548363 0.715943813 -0.934065342 116 151 176 
0.618806899 0.691472352 -0.894279361 121 158 184 
0.638308108 0.785975933 -1.00208604 120 153 175 
0.617748022 0.800929427 -0.991692245 106 137 159 
0.632923782 0.807751715 -0.996867657 114 146 168 
0.619379401 0.864717185 -1.00806057 95 124 146 
0.610358834 0.899288297 -0.978086293 90 116 134 
0.634717286 0.786609888 -0.844273984 121 158 177 
0.625532746 0.824170709 -0.839999497 121 157 175 
0.598864615 0.949942946 -1.01327074 94 123 141 
0.57258606 0.959259391 -1.00531507 113 150 174 
0.59464556 0.966991186 -1.00901747 104 135 156 
0.604738414 0.922371387 -0.976557255 111 140 158 
0.613330543 0.875135422 -0.84612447 93 121 139 
0.612263858 0.879773021 -0.848686337 91 119 137 
0.593783557 0.969907641 -1.00185192 105 134 153 
0.59871012 0.946058273 -0.963009477 134 165 184 
0.593949378 0.960352778 -0.903288722 72 94 108 
0.577393949 0.933097482 -0.863002479 73 98 116 
0.600707889 0.926895499 -0.841784894 77 103 121 
0.593876421 0.960559249 -0.902232349 73 94 108 
0.595013976 0.951597691 -0.85487479 76 100 117 
-0.831867278 0.662046909 0.819850385 129 158 178 
-0.845141709 0.681784749 0.83204627 128 156 177 
-0.837757468 0.685587049 0.828684092 133 162 182 
-0.827145696 0.643139005 0.813190043 124 155 174 
-0.879910946 0.663276851 0.848934174 116 144 164 
-0.841327608 0.699218929 0.841111064 124 154 175 
-0.865888298 0.695117235 0.893936276 135 164 185 
-0.884454191 0.678621292 0.887002826 132 162 182 
-0.845653176 0.714589357 0.868895531 121 151 172 
-0.856616378 0.674521685 0.934071183 143 181 205 
-0.877865136 0.648239493 0.922109008 139 172 195 
-0.8812989 0.66006279 0.948367953 136 169 192 
-0.845252991 0.710150957 0.899846911 136 165 184 
-0.846581519 0.710879087 0.952746511 133 171 194 
-0.838609874 0.675064802 0.984745622 129 171 199 
-0.817368567 0.68850702 0.832651198 134 163 182 
-0.782267153 0.651959121 0.817738533 138 168 186 
-0.792081773 0.690461159 0.840486526 135 164 181 
-0.800086498 0.720003128 0.879705667 121 151 170 
-0.812199235 0.749306202 0.917514682 90 118 135 
-0.808458745 0.751364708 0.915579915 87 116 134 
-0.798513472 0.707568645 0.945663571 139 171 190 
-0.807791591 0.748061776 0.921651483 90 119 136 
-0.799029887 0.705105782 0.996738195 125 160 180 
-0.809229016 0.754164457 0.919831157 87 115 132 
-0.753318548 0.662816167 0.811637402 131 160 178 
-0.779542267 0.697662652 0.833475113 131 160 177 
-0.738733232 0.667435825 0.810050368 125 154 173 
-0.749229729 0.709313154 0.826593578 126 153 170 
-0.756158948 0.735691607 0.851592898 122 146 162 
-0.757748902 0.741402149 0.861130714 123 147 163 
-0.762509584 0.756153107 0.915779114 119 143 160 
-0.786346197 0.755563736 0.918077826 101 127 144 
-0.766055644 0.737635016 0.958452702 117 141 158 
-0.762010574 0.752414465 0.93441236 116 139 156 
-0.795085847 0.707768679 0.997753382 124 157 178 
-0.763129413 0.754096866 0.967086196 99 121 137 
-0.767165363 0.755720496 1.02077043 93 116 132 
-0.7657848 0.761013746 1.01213002 90 112 128 
-0.79446733 0.895198464 0.837857187 91 120 131 
-0.811794937 0.900311232 0.842542529 91 114 123 
-0.797690392 0.908875585 0.833844781 92 124 135 
-0.795722902 0.89913547 0.851749718 83 111 121 
-0.765060961 0.757194281 1.02134097 95 118 134 
-0.798353076 0.910466552 0.846589804 88 117 127 
-0.720991194 0.670640767 0.812341511 124 154 173 
-0.700882137 0.704055905 0.828309238 138 169 189 
-0.704205155 0.717410326 0.832471132 146 176 195 
-0.693401039 0.6740098 0.818727851 122 154 174 
-0.70486939 0.719722748 0.837269962 141 171 190 
-0.71220535 0.746929944 0.8717314 113 142 161 
-0.721195102 0.783870518 0.873959541 92 116 133 
-0.744158864 0.78861469 0.879063725 107 127 142 
-0.72425133 0.796477914 0.874173999 85 107 122 
-0.757818639 0.762468576 0.918699145 119 143 159 
-0.728767216 0.81362313 0.890976667 96 118 132 
-0.731194735 0.810106635 0.941688061 114 138 153 
-0.729791045 0.813817263 0.93582499 111 135 149 
-0.751935542 0.78224659 0.981169224 85 107 124 
-0.750246644 0.907004952 0.839420438 61 82 94 
-0.753277004 0.919998527 0.83415997 61 79 90 
-0.750001192 0.903781652 0.863971114 71 90 103 
-0.736109197 0.842471659 0.907476783 105 126 139 
-0.776298225 0.863223255 0.923181653 85 105 120 
-0.74594295 0.883691549 0.900902271 98 119 133 
-0.753279209 0.845955014 0.963616014 100 114 126 
-0.741735518 0.825909257 1.00380039 116 140 155 
-0.736735523 0.804279685 1.0438422 88 113 132 
-0.755613148 0.928091168 0.851480842 60 79 90 
-0.75258404 0.907205462 0.944501519 73 87 97 
-0.754915774 0.886752844 0.985989332 83 98 107 
-0.752753198 0.907320559 0.950991154 70 84 94 
-0.739721358 0.847681403 1.01542282 105 127 139 
-0.747185051 0.879755497 1.00166333 82 100 109 
-0.732828319 0.81610477 1.04984558 85 112 133 
-0.750746012 0.895491719 0.99028492 84 101 112 
-0.697466314 0.717528582 0.835262895 142 172 192 
-0.647436142 0.677452147 0.833162189 114 147 169 
-0.658037722 0.719849944 0.848748684 119 151 172 
-0.664603174 0.74706769 0.847720504 116 145 164 
-0.685529828 0.76161164 0.857931852 108 136 154 
-0.670329809 0.770616412 0.848951459 108 135 152 
-0.682153106 0.820517659 0.837247372 117 141 157 
-0.689275146 0.824738741 0.84032619 112 135 151 
-0.684219837 0.829293489 0.834612191 115 139 155 
-0.733395994 0.855253458 0.861774206 60 78 93 
-0.69506222 0.872883201 0.848007798 67 87 101 
-0.723326623 0.834850848 0.901926517 99 121 134 
-0.70550108 0.916749358 0.839804351 60 77 88 
-0.708130896 0.927494168 0.84114331 64 81 92 
-0.699182153 0.887428999 0.875517607 64 81 94 
-0.705920339 0.916550875 0.861260056 60 75 86 
-0.701140583 0.892889023 0.904757023 79 97 110 
-0.689812124 0.837136507 1.00420213 80 103 118 
-0.69134444 0.838106155 1.00489795 81 103 119 
-0.690240741 0.838929892 1.00394881 81 103 119 
-0.68993628 0.837422669 1.00671947 80 102 117 
-0.713232279 0.947127342 0.857179165 54 68 76 
-0.746259272 0.911687911 0.946244955 80 94 103 
-0.711646736 0.934814334 0.921212316 79 94 105 
-0.690544128 0.84001267 1.0058471 80 103 118 
-0.718164861 0.872808337 1.02672279 92 114 127 
-0.711661756 0.851542473 1.06679738 92 118 136 
-0.717550039 0.955109239 0.966710925 54 66 75 
-0.707003593 0.909177899 0.992923379 124 143 155 
-0.708006799 0.908627868 1.04509199 98 120 138 
-0.698126853 0.865315199 1.07280231 87 111 127 
-0.630214453 0.669772863 0.854251742 118 152 174 
-0.610274255 0.714664817 0.876481235 102 129 148 
-0.610936701 0.717667818 0.873522282 101 128 148 
-0.625963807 0.647961855 0.894277215 120 147 165 
-0.619898796 0.690623641 0.916818321 121 148 166 
-0.610203564 0.714038432 0.880194068 103 129 149 
-0.633876145 0.623206854 0.934037924 133 158 177 
-0.618610919 0.668095469 0.956779361 117 147 169 
-0.635632098 0.773689032 0.859018683 100 125 141 
-0.624246418 0.77347219 0.864463985 94 119 134 
-0.609824598 0.708406091 0.925384641 111 138 154 
-0.613918483 0.710425138 0.979290605 127 152 170 
-0.611795604 0.711835265 0.977769732 126 151 170 
-0.643174708 0.857414365 0.800677955 62 86 102 
-0.647488654 0.857692719 0.801303446 61 84 100 
-0.643624842 0.859319091 0.800179124 61 85 101 
-0.636888981 0.828224421 0.836465836 83 105 119 
-0.626890898 0.78444761 0.863910675 94 118 132 
-0.61330241 0.717579365 0.9831146 122 147 165 
-0.645674229 0.867235661 0.806295276 55 76 90 
-0.65046829 0.883112192 0.849966407 75 91 104 
-0.629814088 0.782457829 1.02022219 84 108 123 
-0.635024846 0.787704229 1.02364874 84 107 122 
-0.631772399 0.790559292 1.02010429 84 107 122 
-0.661668956 0.930083036 0.842241108 66 84 95 
-0.663400888 0.937049627 0.844339967 72 90 102 
-0.68915993 0.907154381 0.885146618 79 97 109 
-0.687643945 0.839001775 1.00497854 81 103 119 
-0.662463725 0.822256684 1.0454601 84 107 122 
-0.643603384 0.83904326 1.02450264 94 118 134 
-0.669931829 0.962549806 0.860810637 78 95 107 
-0.70896709 0.943554044 0.907124221 51 67 79 
-0.672986805 0.974419355 0.869169593 80 97 109 
-0.676814377 0.859977007 1.0675565 87 108 121 
-0.654538989 0.88309443 1.03705001 90 111 124 
-0.674657464 0.976626158 0.921344876 66 83 96 
-0.715536535 0.960317969 0.969323039 44 55 65 
-0.675647914 0.977508426 0.957016587 54 67 77 
-0.665919185 0.933307886 1.00153506 82 103 120 
-0.671241879 0.955696464 0.99711287 59 76 88 
-0.658639073 0.9002105 1.03508818 96 116 129 
-0.677273273 0.982412577 0.977137685 55 68 77 
-0.606789351 0.716636539 0.87717092 106 133 152 
-0.578814328 0.781103671 0.856808662 104 132 151 
-0.610116959 0.779864788 0.859574497 99 124 140 
-0.580844104 0.789600134 0.85557878 105 132 150 
-0.570492685 0.743913889 0.888020933 130 160 177 
-0.567643523 0.7282269 0.931531787 129 159 180 
-0.56743598 0.723224342 0.977595806 129 156 172 
-0.640239596 0.859447241 0.801461339 60 82 98 
-0.62665391 0.839895785 0.841690183 82 104 119 
-0.591637075 0.832945585 0.86942327 100 122 137 
-0.612441242 0.75197649 1.00173163 99 125 144 
-0.579273164 0.771738648 0.981938481 118 147 166 
-0.602208793 0.877518177 0.859470129 85 107 123 
-0.605652988 0.892245412 0.853939414 75 96 112 
-0.587910712 0.804413497 1.01539862 99 124 141 
-0.615922689 0.935895324 0.840376019 87 108 122 
-0.619402349 0.950225949 0.840880573 96 119 136 
-0.613321304 0.921181977 0.88444382 73 91 105 
-0.615863025 0.924895406 0.886743188 75 92 105 
-0.614779174 0.927339435 0.882952332 75 92 106 
-0.614089251 0.92392385 0.889231086 76 93 107 
-0.599132955 0.849883914 1.02533698 115 143 159 
-0.657346308 0.978888273 0.868315697 78 98 111 
-0.628792286 0.986625552 0.86749351 74 98 116 
-0.615068614 0.928047657 0.888370693 73 91 105 
-0.61626178 0.928243935 0.940966249 92 115 132 
-0.629282892 0.940001249 0.948792815 88 111 128 
-0.621603787 0.951039612 0.932910323 76 103 122 
-0.618010461 0.933251143 0.965610504 97 121 138 
-0.602277696 0.864313483 1.00936723 102 127 142 
-0.637379766 0.89236176 1.02848232 98 124 139 
-0.613524795 0.911044955 1.00643158 117 144 161 
-0.629287958 0.98841083 0.870412469 74 99 116 
-0.639053047 1.00167012 0.931055903 70 88 100 
-0.634527504 1.004933 0.927364826 72 91 104 
-0.655187428 0.974925041 0.97063756 48 61 72 
-0.63340956 0.999398589 0.937538624 67 84 97 
-0.618581414 0.932866812 0.996093392 134 160 176 
-0.634930074 1.00608838 0.933006406 73 93 105 
-0.571268916 0.789267719 0.860420704 106 133 151 
-0.558660984 0.769479513 0.900628209 112 138 157 
-0.552072167 0.74823451 0.940704703 121 149 170 
-0.559161842 0.833391964 0.883093297 92 116 134 
-0.536322892 0.795213223 0.912172318 126 153 172 
-0.544832945 0.83223331 0.89149487 96 122 141 
-0.53494966 0.78532517 0.958999991 118 145 163 
-0.536236525 0.789677203 0.969724774 122 150 167 
-0.570355058 0.894716442 0.865325451 73 94 112 
-0.568841457 0.872242928 0.905291438 75 96 112 
-0.554029047 0.86767292 0.919872642 89 115 132 
-0.5452227 0.824077606 1.00001276 103 127 145 
-0.610187113 0.949108958 0.846933842 100 125 142 
-0.562153876 0.901201308 0.920309544 93 121 141 
-0.566142082 0.917553008 0.92170465 109 139 161 
-0.554889679 0.863674879 1.00381243 110 141 160 
-0.5786134 0.86539185 1.00735343 106 134 151 
-0.557152808 0.873052239 1.0035094 109 141 160 
-0.626391232 0.986380816 0.868989944 73 98 115 
-0.575215578 0.957015991 0.899749756 115 145 166 
-0.581430256 0.983151674 0.894641876 95 123 143 
-0.568708479 0.926956177 0.935040116 106 135 156 
-0.576678872 0.959630013 0.937881112 107 132 152 
-0.564128101 0.904466987 0.974660516 97 124 140 
-0.604238868 0.923223138 0.989271283 119 142 156 
-0.588367879 1.00869465 0.92930758 80 101 117 
-0.613429546 1.0078721 0.931614041 73 92 105 
-0.514738083 0.82130456 0.923993826 88 112 130 
-0.520088196 0.797169805 0.963810325 103 127 144 
-0.532869279 0.858109951 0.946007967 132 168 191 
-0.501928329 0.841137171 0.985732436 123 146 163 
-0.50238502 0.843001008 0.985988855 125 149 165 
-0.502241552 0.842290878 0.987294197 124 147 164 
-0.557126343 0.916272342 0.927955508 104 136 158 
-0.549666047 0.89523828 0.968051076 110 143 163 
-0.502414703 0.843048334 0.986825585 125 148 165 
-0.540467203 0.984338284 0.910794437 101 136 164 
-0.502138257 0.842708349 0.986610293 125 148 165 
-0.661469817 0.0509054661 -0.211975962 159 202 227 
-0.659604669 0.03908512 -0.166253507 176 215 235 
-0.657301664 0.0255441368 -0.12151514 157 200 225 
-0.698969066 0.0209445655 -0.119438574 171 215 238 
-0.655090451 0.0132548213 -0.0864693746 165 207 230 
-0.655499041 0.0139695108 -0.0756521448 167 209 231 
-0.661260247 0.0337131321 -0.0305519626 165 212 232 
-0.684969366 0.0610411167 0.00555021316 157 192 212 
-0.670165002 0.0677109957 0.000476054847 156 189 206 
-0.671166122 0.0710375905 0.00947137922 154 186 204 
-0.668285787 0.0552283227 0.0529123917 159 196 214 
-0.664688647 0.0366023481 0.0947423354 149 187 207 
-0.668989956 0.0518093407 0.123233117 128 165 188 
-0.704236329 0.218946069 -0.115864411 160 197 222 
-0.723411024 0.225483596 -0.110201031 154 189 214 
-0.700104475 0.198219091 -0.0752361268 149 186 207 
-0.714943528 0.204693288 -0.0700836331 147 183 205 
-0.700449824 0.197464287 -0.0509953275 147 184 206 
-0.671119928 0.0573807657 0.159109801 133 168 190 
-0.673483372 0.0639686882 0.19440636 141 172 192 
-0.745274723 0.238545641 -0.0483353361 139 172 195 
-0.700904369 0.196870297 -0.0235243849 144 184 207 
-0.705367625 0.211725146 0.01631473 137 177 202 
-0.67543298 0.0698356926 0.218716651 150 182 201 
-0.673933268 0.0594513118 0.265260428 152 196 215 
-0.670029581 0.0396208465 0.306401461 153 190 213 
-0.715792358 0.0401231647 0.311703444 149 187 213 
-0.669574201 0.0345320106 0.342044532 144 180 206 
-0.711509168 0.234047413 0.0502223894 127 165 191 
-0.703981102 0.199975878 0.0832182094 141 177 202 
-0.699851632 0.179258525 0.123852007 144 182 203 
-0.702463806 0.187265128 0.154804498 141 179 202 
-0.670265675 0.0360566378 0.356846094 148 185 210 
-0.673077881 0.042614907 0.413080275 158 195 218 
-0.683178604 0.0435312986 0.414688706 158 197 219 
-0.672376931 0.0383220613 0.428602844 160 199 221 
-0.618776202 0.0687124729 -0.206980631 167 215 240 
-0.619179189 0.0630969703 -0.157633573 167 208 235 
-0.618585646 0.063528657 -0.158124268 167 208 235 
-0.631528616 0.0372680426 -0.117969602 165 205 227 
-0.618622005 0.0636147559 -0.157413125 167 208 235 
-0.616081834 0.0491420925 -0.113207653 166 205 225 
-0.616807699 0.0475023389 -0.0616623759 165 205 224 
-0.615070164 0.036183387 -0.0156530887 173 214 227 
-0.619117796 0.0357861519 -0.0154244006 172 214 227 
-0.614876866 0.0350837708 -0.0123092458 173 213 226 
-0.661365807 0.0667541623 0.00606434047 157 190 207 
-0.620788634 0.0542649329 0.0459559187 143 179 197 
-0.610321999 0.00405135751 0.123418368 167 210 227 
-0.634343207 0.00477531552 0.12645179 176 217 230 
-0.615812063 0.0296288431 0.0912438259 167 203 220 
-0.610604644 0.0038498044 0.138632834 173 215 231 
-0.620869398 0.0544783473 0.0472939685 142 178 196 
-0.616694629 0.0335826576 0.0878257528 165 199 217 
-0.638554811 0.04494977 0.148769021 140 172 190 
-0.617506087 0.0279302895 0.187891752 145 176 187 
-0.654347122 0.208479553 -0.127040237 167 206 227 
-0.663818479 0.217067733 -0.0689700395 174 203 220 
-0.658158183 0.219090953 -0.0699887872 178 205 222 
-0.628496945 0.0722546875 0.199936718 142 173 190 
-0.658301234 0.219524488 -0.0682398677 177 205 221 
-0.658504426 0.215831205 -0.0178690776 146 184 206 
-0.660483718 0.220518589 0.0209122747 154 196 215 
-0.653704703 0.187988132 0.0711723045 121 162 190 
-0.659309745 0.19083336 0.0733360127 124 164 192 
-0.655805707 0.197360516 0.0634831712 131 172 198 
-0.654175341 0.189289391 0.0783201233 124 165 193 
-0.6293419 0.074293226 0.216076672 149 180 197 
-0.629049897 0.0686541796 0.265334576 145 180 200 
-0.625137389 0.0487889946 0.306455761 157 195 212 
-0.625712454 0.0483856201 0.337340087 165 203 221 
-0.66279614 0.228202522 0.04168991 155 198 218 
-0.655083656 0.188914686 0.124185421 129 170 196 
-0.656149745 0.188979 0.17241618 163 199 215 
-0.626382411 0.0491893589 0.359167963 168 208 226 
-0.623263657 0.0324431658 0.402073026 167 205 226 
-0.624010742 0.0308867991 0.453666121 176 212 232 
-0.637630761 0.0317159593 0.455613822 173 211 231 
-0.62270844 0.0234298408 0.476741225 177 213 233 
-0.581669927 0.095015645 -0.196749523 161 202 228 
-0.579633772 0.100472897 -0.194004595 159 200 225 
-0.578452945 0.0913415849 -0.146744117 171 213 237 
-0.577696145 0.083875984 -0.0985309258 159 201 222 
-0.572301149 0.0581858754 -0.0607413426 147 183 202 
-0.601865709 0.0399619043 -0.0150486156 173 211 224 
-0.571116269 0.0494382679 -0.0179344937 172 203 217 
-0.57120204 0.0493753552 -0.0132973567 173 204 218 
-0.572294772 0.0491772294 0.0390724987 150 183 202 
-0.619187176 0.0541234016 0.0469160154 142 179 197 
-0.56911242 0.0321810544 0.0818346217 141 174 194 
-0.613219976 0.0327278674 0.0869789496 165 200 218 
-0.565003514 0.0115444958 0.122514628 162 205 225 
-0.565203547 0.0100828707 0.147937059 161 205 227 
-0.572748423 0.0374843776 0.189834237 127 160 181 
-0.584308624 0.0352398753 0.18988356 131 163 182 
-0.572859764 0.0378999412 0.190327048 127 159 180 
-0.609178901 0.216563284 -0.127606183 157 193 214 
-0.604161382 0.192356497 -0.0889682025 164 193 214 
-0.656460643 0.218848646 -0.0688097775 177 205 221 
-0.609551489 0.209454983 -0.0315129086 168 202 221 
-0.615155578 0.0689674318 0.211620599 150 181 198 
-0.579872251 0.0625298917 0.238575906 146 184 207 
-0.61020261 0.211602062 -0.0254774168 172 205 224 
-0.615808785 0.230346665 0.023607865 170 204 223 
-0.604816318 0.18145439 0.0622458383 125 162 185 
-0.61318624 0.217364013 0.0474735275 153 186 207 
-0.607138634 0.187425822 0.102508195 130 169 192 
-0.581114769 0.0658657849 0.258550286 142 180 204 
-0.580361009 0.0584122539 0.306770355 166 207 224 
-0.580758274 0.0568315685 0.342576414 172 211 231 
-0.617002964 0.233830571 0.0397194326 162 197 215 
-0.608052373 0.189677984 0.119432531 128 168 190 
-0.603951454 0.169072509 0.160130292 138 169 190 
-0.64945823 0.188732058 0.175825447 164 199 216 
-0.605626583 0.171162814 0.213809013 158 188 204 
-0.616270423 0.173925102 0.216481298 160 191 206 
-0.606330812 0.173342139 0.221923381 162 194 210 
-0.580551445 0.0546687245 0.357112437 169 207 228 
-0.580012143 0.048057884 0.405814469 162 197 215 
-0.576440454 0.0295322239 0.447701901 172 208 229 
-0.570845306 0.00305566192 0.485041648 152 194 222 
-0.611746013 0.0151413977 0.496110588 168 206 229 
-0.568946362 -0.00889790058 0.530687928 169 214 239 
-0.615115464 -0.00851401687 0.535970151 177 220 243 
-0.568257451 -0.0151378214 0.568401515 167 210 232 
-0.576907635 0.137362182 -0.174236834 156 194 217 
-0.556836367 0.119380474 -0.133866683 174 210 228 
-0.553536713 0.0973393023 -0.0938618481 163 204 221 
-0.528266251 0.0707224011 -0.0587604865 136 176 198 
-0.533216238 0.0928049982 -0.0768921748 153 193 211 
-0.523362696 0.0469632447 -0.0198664367 145 181 201 
-0.566687226 0.0484766364 -0.0142823681 171 203 217 
-0.522371173 0.0391171277 0.0218009576 154 196 215 
-0.589127004 0.175598413 -0.152094021 166 211 231 
-0.56439209 0.158745497 -0.111622296 170 204 222 
-0.546236634 0.140300065 -0.0712938756 151 189 208 
-0.544770241 0.139917731 -0.0699729174 150 189 207 
-0.522519827 0.0391594768 0.0281533524 155 197 216 
-0.523869395 0.039970547 0.0811003819 160 193 208 
-0.516439021 0.0062828958 0.114315756 152 194 215 
-0.519765615 0.0161336362 0.157576412 171 206 226 
-0.600548148 0.214027852 -0.129933834 160 197 217 
-0.601132214 0.191046655 -0.0900135934 165 194 215 
-0.581056178 0.17306608 -0.0496433377 149 181 199 
-0.553234935 0.171736449 -0.0349390507 156 189 208 
-0.522775114 0.0266872942 0.17846933 150 183 204 
-0.527174354 0.042725414 0.20221886 118 151 172 
-0.599503398 0.209794924 -0.027636189 177 211 229 
-0.562479019 0.20741421 -0.00699912757 185 224 240 
-0.529291749 0.047800988 0.243028581 146 181 201 
-0.563746214 0.0585708916 0.252673358 152 192 215 
-0.53099072 0.0515334308 0.279552698 168 203 218 
-0.563080847 0.207517773 0.0194802433 161 202 220 
-0.603448927 0.227193952 0.0346197784 159 193 213 
-0.560098588 0.191307932 0.062692143 138 178 200 
-0.558529556 0.18065089 0.109079979 119 154 180 
-0.585709631 0.185807943 0.114872105 128 167 191 
-0.559778929 0.183962852 0.129636377 133 166 189 
-0.533554018 0.0600566566 0.302521437 166 206 222 
-0.530998349 0.045522958 0.346691996 149 189 210 
-0.570564091 0.0524348319 0.354799747 169 208 229 
-0.527794123 0.0284410417 0.389405072 154 192 215 
-0.551449537 0.0342215598 0.395149022 161 198 218 
-0.52623111 0.0178864896 0.434930533 166 202 227 
-0.560381651 0.183436304 0.163156271 142 174 196 
-0.561941266 0.185072601 0.216575325 151 183 202 
-0.562142015 0.185576409 0.220195681 151 183 202 
-0.526257694 0.0179120302 0.435866207 166 202 227 
-0.523969233 0.00442835689 0.480637282 169 212 235 
-0.524093151 0.000423371792 0.530829787 158 203 231 
-0.521007895 -0.0161909759 0.573810399 154 197 222 
-0.552440763 -0.016183883 0.577268302 160 202 225 
-0.488477141 0.0902466774 -0.0525117964 143 183 203 
-0.47831744 0.0555301309 -0.0201560333 134 170 188 
-0.485986263 0.089984566 -0.0509451106 143 184 203 
-0.476063818 0.04218328 0.024693355 154 191 208 
-0.511322975 0.039037317 0.0268565118 155 196 215 
-0.473239064 0.0268803835 0.065057762 161 195 209 
-0.486605287 0.0925870538 -0.0514443666 144 185 204 
-0.497761756 0.138193786 -0.046041511 168 212 229 
-0.473221749 0.0265242755 0.068220295 161 195 208 
-0.471973121 0.0171262324 0.1153282 164 202 219 
-0.476480722 0.032843262 0.14762181 150 187 208 
-0.507700264 0.177308798 -0.0244202316 164 197 215 
-0.478313029 0.0375455618 0.179490298 134 168 190 
-0.481025577 0.045257479 0.218326509 130 161 182 
-0.512158096 0.192990482 0.00598184019 173 205 219 
-0.533326268 0.202972829 0.0137382075 173 207 222 
-0.512863219 0.192783147 0.0406591371 157 195 214 
-0.482676417 0.050198704 0.239210486 135 166 186 
-0.481626928 0.0415830314 0.286765873 157 195 214 
-0.50917083 0.0489406288 0.293795049 168 203 220 
-0.480390519 0.0322330594 0.333901316 165 200 219 
-0.48175633 0.0327362716 0.334325165 165 200 219 
-0.480407357 0.0321123004 0.336016387 164 200 219 
-0.513137519 0.192347109 0.0580970421 148 192 212 
-0.523069203 0.200969636 0.116236515 142 176 193 
-0.51723671 0.204349101 0.112923153 146 180 197 
-0.480578274 0.0284790397 0.384237349 149 187 209 
-0.477923423 0.0135556757 0.428185076 166 204 223 
-0.524786115 0.0178354084 0.435662776 166 203 227 
-0.479583412 0.0179486573 0.455578536 163 203 226 
-0.517275214 0.204113454 0.117310025 143 178 194 
-0.516628742 0.197081357 0.165771157 153 185 203 
-0.513754129 0.181294352 0.20922485 142 170 189 
-0.511167765 0.166640133 0.253326505 139 169 186 
-0.52212441 0.173872679 0.258464903 139 171 189 
-0.512562096 0.171122879 0.26752758 135 167 185 
-0.481003702 0.0211670995 0.485021621 163 204 227 
-0.476844132 0.000331193209 0.525587618 142 187 214 
-0.473496348 -0.0173149109 0.567978084 156 203 229 
-0.4402107 0.0958520174 -0.0547664091 131 176 201 
-0.482475758 0.0916992724 -0.0523810759 142 183 203 
-0.442647338 0.106426477 -0.0604075715 135 178 201 
-0.433945298 0.0667417645 -0.018932946 128 170 194 
-0.428328246 0.0401791334 0.0183576122 145 178 195 
-0.426389068 0.0280677974 0.0639136359 157 191 207 
-0.47033006 0.02611956 0.0676823631 161 195 209 
-0.424702823 0.0175934136 0.102892049 147 183 200 
-0.444157183 0.111358702 -0.0458972827 137 180 203 
-0.478791982 0.133784771 -0.0298918635 161 202 219 
-0.449841291 0.131954998 -0.0138106123 156 194 214 
-0.424643666 0.016717881 0.109905161 145 180 199 
-0.429334342 0.0306568742 0.170360833 141 173 193 
-0.430495143 0.0312755406 0.170824915 141 173 193 
-0.429450095 0.0310097933 0.171754509 141 173 193 
-0.474068105 0.17612198 -0.0073800087 160 192 209 
-0.459910274 0.171716064 0.00662305951 155 189 206 
-0.42960915 0.0272448361 0.220892489 139 168 189 
-0.462750763 0.0418222845 0.232464254 130 161 182 
-0.428112149 0.0168709457 0.267442226 154 188 206 
-0.442016065 0.0240011513 0.272848845 148 184 202 
-0.428849161 0.0179500282 0.289287418 154 189 207 
-0.465068281 0.189031839 0.051011391 121 158 175 
-0.48335427 0.192228347 0.0547596589 126 165 183 
-0.466106057 0.19230321 0.0623036847 120 156 173 
-0.430082768 0.0201221406 0.321784973 156 192 210 
-0.429515123 0.0133999884 0.370423347 159 196 214 
-0.447379977 0.0182170272 0.375006884 153 191 210 
-0.430049807 0.0138090551 0.390425146 158 194 212 
-0.466369271 0.189652026 0.103849299 147 181 201 
-0.512641311 0.203493625 0.116463654 144 179 195 
-0.46472761 0.178709596 0.150073886 146 175 191 
-0.484167784 0.187545627 0.157016814 157 186 200 
-0.466145635 0.182414383 0.174007505 151 181 195 
-0.430508614 0.0128118694 0.422570199 164 195 214 
-0.429860651 0.00577396154 0.471028 156 195 216 
-0.450521529 0.012970835 0.477213353 164 204 225 
-0.428527117 -0.00381371379 0.516346157 141 187 216 
-0.466385692 0.180732816 0.203714222 148 177 193 
-0.463724941 0.165786356 0.247648716 124 156 175 
-0.465244025 0.167866319 0.294276327 120 157 180 
-0.428576142 -0.00376501679 0.51805532 141 187 216 
-0.425495178 -0.0203626454 0.561045468 145 187 208 
-0.43201685 0.103912532 -0.0512819961 137 178 200 
-0.39038527 0.0811444521 -0.0158847496 158 199 219 
-0.394330859 0.0982273817 -0.0245730653 162 199 215 
-0.383698612 0.0503790081 0.0190020129 136 176 196 
-0.380415052 0.0329852104 0.0615367219 153 188 207 
-0.37722981 0.0159777701 0.1042924 142 177 195 
-0.418372512 0.0158556998 0.108747028 144 180 198 
-0.376521647 0.0100641549 0.13749525 143 179 196 
-0.404171348 0.13685748 -0.00206042081 157 197 212 
-0.376522571 0.00870713592 0.152617097 146 182 198 
-0.376136482 0.00269827247 0.201663494 155 188 205 
-0.405379057 0.0145148635 0.211304963 156 184 203 
-0.377566189 0.00515034795 0.240053624 175 202 215 
-0.407158852 0.14705205 0.0218114033 142 178 192 
-0.430803955 0.163753957 0.0334953293 127 160 176 
-0.411351025 0.16231516 0.0446668044 111 141 160 
-0.37898159 0.00938549638 0.257971436 173 202 217 
-0.379361242 0.00638541579 0.308738738 163 196 213 
-0.405174434 0.0100785792 0.313584298 161 195 212 
-0.374296248 -0.0180079043 0.347270012 173 204 221 
-0.394986033 -0.0102952421 0.353739142 175 205 221 
-0.371317059 -0.0342057645 0.390488774 159 195 212 
-0.385426611 -0.0308212638 0.393880367 155 191 210 
-0.371616662 -0.0343872905 0.406260163 159 197 213 
-0.414100379 0.169835269 0.0873255506 127 161 183 
-0.442237854 0.179340452 0.0955881998 142 175 195 
-0.41510272 0.170802981 0.122589312 116 149 172 
-0.408999115 0.00466701388 0.415775865 157 190 211 
-0.376121283 -0.0198206604 0.451199561 167 206 225 
-0.389913321 -0.013553232 0.456124514 161 199 220 
-0.377754509 -0.0140868425 0.46246776 165 204 224 
-0.415085495 0.169214219 0.139453501 115 148 170 
-0.414918929 0.164067954 0.188993216 130 160 178 
-0.437964767 0.175888926 0.197956115 149 177 194 
-0.416059941 0.165456802 0.225942463 129 165 185 
-0.410172999 0.136436373 0.278155595 137 175 197 
-0.41110757 0.136709869 0.278407067 137 176 198 
-0.41056478 0.13825348 0.275949746 136 174 196 
-0.410236716 0.136629313 0.278935373 138 176 198 
-0.381464839 -0.00331625342 0.513122499 156 195 216 
-0.427431941 -0.00428032875 0.517649233 141 187 216 
-0.37773788 -0.0224522054 0.554660857 149 185 207 
-0.415081769 -0.0241309106 0.557851255 147 186 207 
-0.415715128 0.162704587 0.240696639 120 158 180 
-0.458890945 0.166338056 0.299775213 115 153 177 
-0.417506874 0.16253522 0.324838668 129 167 189 
-0.319873959 -0.0283186138 0.126250595 173 206 217 
-0.3335343 -0.027643472 0.128118962 170 205 217 
-0.32293576 -0.0141361058 0.109218784 161 196 209 
-0.32007885 -0.0282791555 0.135217577 173 206 216 
-0.343233645 0.0814347863 -0.0209081322 163 197 211 
-0.349650055 0.108026564 -0.0218243897 159 195 205 
-0.337597847 0.0547985137 0.0163403079 171 203 220 
-0.331125766 0.0248760879 0.0517091975 146 180 201 
-0.328136653 0.00863930583 0.0949056819 140 175 193 
-0.363040715 0.00640854239 0.149885207 142 178 195 
-0.323672175 -0.0178862512 0.184700608 139 173 192 
-0.33946383 -0.0107246339 0.190331727 133 169 189 
-0.324991941 -0.0140419006 0.202571094 136 172 193 
-0.351925522 0.115587324 -0.00137443841 171 210 221 
-0.394204795 0.131418675 0.0118835568 167 208 220 
-0.35428977 0.120910406 0.0480170324 151 186 204 
-0.328017533 -0.00530418754 0.244380146 163 199 217 
-0.359866917 0.0026909411 0.252229244 175 204 218 
-0.327034295 -0.0136593878 0.292084545 159 190 207 
-0.329287827 -0.0127474368 0.292828262 160 191 208 
-0.327105045 -0.0136659443 0.295405388 160 191 207 
-0.355239034 0.124115199 0.0559862927 145 179 198 
-0.385888785 0.151785523 0.0744066015 114 148 169 
-0.354349047 0.116126269 0.103900142 135 164 181 
-0.381284297 0.130060166 0.114439853 123 151 169 
-0.356166065 0.120114177 0.143006176 139 167 183 
-0.328685582 -0.011662811 0.345709622 154 189 208 
-0.325696528 -0.0278993547 0.3889063 156 193 213 
-0.326646328 -0.0260214806 0.411643744 151 189 209 
-0.398696274 0.167039603 0.136469573 116 148 170 
-0.357676893 0.124710411 0.16129306 141 169 185 
-0.39126125 0.145999342 0.176564425 109 138 157 
-0.357014626 0.117616504 0.209718823 112 144 166 
-0.369451374 0.128438443 0.21697247 113 144 167 
-0.359556913 0.126815617 0.224212527 113 146 170 
-0.330144048 -0.0149156749 0.448815495 146 184 205 
-0.332676888 -0.00625222921 0.468827933 146 183 204 
-0.408784151 0.160112053 0.238524705 122 162 184 
-0.365730345 0.147370964 0.279220223 121 158 183 
-0.365757942 0.147428542 0.279845715 121 158 183 
-0.338183075 0.0121797621 0.516796052 143 181 204 
-0.344476253 -0.0070413053 0.559389174 163 197 215 
-0.336716175 0.00365909934 0.544133604 157 192 212 
-0.368101358 0.152195483 0.334462762 147 183 204 
-0.393003702 0.159445792 0.34114331 147 183 203 
-0.368472427 0.15078178 0.36720705 139 174 198 
-0.336385429 0.000624597073 0.56267029 167 202 219 
-0.287826866 0.0447966456 0.00543022901 126 161 180 
-0.305649161 0.0476254225 0.00892747194 147 179 196 
-0.290127516 0.0544372201 0.00392442197 128 160 178 
-0.28102842 0.0135920346 0.0400657728 145 183 202 
-0.318184614 0.0217514634 0.0485873893 145 181 201 
-0.279756963 0.00410434604 0.0871223882 141 178 199 
-0.2968795 0.00406840444 0.0889843926 143 179 199 
-0.275325239 -0.0178009272 0.127076775 170 200 212 
-0.275816739 -0.0164072216 0.134156078 165 196 209 
-0.311624706 0.110212773 -0.00872667879 156 193 208 
-0.302793443 0.107054383 0.000725015998 150 187 203 
-0.279576719 -0.00558748841 0.186545461 152 186 203 
-0.275659025 -0.0254729092 0.227655083 160 192 208 
-0.291731417 -0.0220111907 0.231304377 160 193 211 
-0.27606374 -0.0252693295 0.24397248 161 194 209 
-0.310015738 0.132723302 0.047063984 133 166 188 
-0.284549356 0.00945940614 0.247634768 169 203 219 
-0.29747659 0.0177920759 0.2535882 171 206 222 
-0.288578272 0.0265984237 0.242150724 162 195 211 
-0.312475502 -0.00867813826 0.293194443 157 191 208 
-0.311041832 0.136014163 0.0576025024 131 164 185 
-0.308653831 0.122139186 0.102149807 131 160 180 
-0.310705304 0.126052111 0.152852893 134 167 187 
-0.290106654 0.0312954187 0.260123968 161 196 212 
-0.284971684 0.00662705302 0.298498005 155 196 214 
-0.285202563 0.00304239988 0.348930866 154 191 209 
-0.281500489 -0.0159957707 0.390525162 147 183 203 
-0.27921927 -0.0294511616 0.43531242 146 178 199 
-0.284052372 -0.0291241407 0.436021417 145 178 198 
-0.279337466 -0.0292324722 0.438308746 145 178 199 
-0.310966164 0.126733214 0.157260507 133 166 187 
-0.30926013 0.115537971 0.20334053 129 159 178 
-0.306714863 0.101045161 0.247534484 142 176 197 
-0.324922413 0.116376549 0.257875353 138 175 197 
-0.309596717 0.110479325 0.27500546 137 175 197 
-0.289142579 0.00922244787 0.461143523 143 175 197 
-0.317344636 0.138750106 0.316561341 149 187 209 
-0.323839396 0.0207935274 0.519905686 150 187 209 
-0.296533227 0.0357245505 0.505950809 151 185 204 
-0.317717135 0.139783919 0.32217446 151 187 209 
-0.317207068 0.133288026 0.370942295 128 163 185 
-0.359141499 0.144802064 0.381813854 128 164 190 
-0.312952816 0.112080157 0.411295503 140 173 192 
-0.339529902 0.126709104 0.422173947 133 165 185 
-0.314087242 0.112539947 0.458268315 141 176 199 
-0.298692763 0.0425732732 0.528990328 158 194 212 
-0.293960273 0.0194863677 0.568268895 148 187 209 
-0.275670946 0.0548814237 0.00958045572 133 165 183 
-0.239956409 0.0377705991 0.0487053469 143 176 193 
-0.241015062 0.0422976315 0.0470026806 144 176 194 
-0.232858479 0.00538918376 0.0826678202 148 178 195 
-0.229878247 -0.01081267 0.125884265 137 167 184 
-0.229855716 -0.0129459798 0.148555666 142 174 193 
-0.253018796 0.093587786 0.0281470641 133 173 195 
-0.255398452 0.103417069 0.0281737596 136 178 201 
-0.234944016 0.00460016727 0.187182873 139 171 190 
-0.264655828 -0.0154577196 0.231894106 158 191 207 
-0.236780852 0.0112516582 0.197599113 136 169 188 
-0.25684762 0.108632207 0.0367517844 136 174 195 
-0.296694636 0.132180512 0.0539404526 139 169 189 
-0.260607362 0.119118571 0.0928355232 110 138 159 
-0.244094431 0.0373723507 0.243107587 125 156 176 
-0.260614753 0.11894241 0.0951319411 109 137 158 
-0.26135689 0.117366612 0.146713793 118 147 166 
-0.305646479 0.125527948 0.156020314 134 166 186 
-0.263819456 0.12493512 0.175668538 129 161 181 
-0.245047987 0.0398094058 0.25980413 120 154 174 
-0.239807904 0.0147279203 0.297941864 132 166 185 
-0.239472225 0.00891724229 0.347101539 144 180 200 
-0.23734504 -0.00393289328 0.3922351 170 196 212 
-0.252679795 -0.0215306282 0.436704725 154 186 205 
-0.235698387 -0.0142764747 0.431577772 163 193 210 
-0.264949679 0.126991838 0.204702169 134 169 190 
-0.263431281 0.116533875 0.251203865 134 168 185 
-0.265519708 0.123267323 0.272259831 139 174 191 
-0.236395344 -0.0121562481 0.440014869 155 186 205 
-0.242829889 0.0109428167 0.478743285 120 153 176 
-0.266576052 0.124398679 0.308185339 145 181 201 
-0.311316133 0.138023883 0.320513636 149 186 208 
-0.270054579 0.135632008 0.343055606 135 169 190 
-0.244829506 0.0164918602 0.508883476 129 162 183 
-0.27803573 0.0318799913 0.520903349 153 186 205 
-0.246558785 0.0193177164 0.556873381 145 180 198 
-0.270403057 0.134944022 0.366699994 142 172 190 
-0.267092526 0.117444307 0.409174114 151 183 202 
-0.26777938 0.115651399 0.460631877 141 171 191 
-0.298520029 0.113795429 0.463000208 142 175 197 
-0.268066585 0.115705937 0.473210663 139 168 188 
-0.246879771 0.0200560391 0.563405216 145 181 199 
-0.198794872 0.0660892427 0.00722969323 90 119 140 
-0.222739771 0.0676930547 0.0107333884 115 145 165 
-0.203683421 0.088478297 -0.0171278343 96 123 144 
-0.234710097 0.0419559181 0.0504055992 141 173 190 
-0.197786689 0.0592868924 0.0365340188 111 138 155 
-0.187515691 0.012786895 0.0817094967 147 177 194 
-0.193823576 0.0396677554 0.0725994185 128 157 173 
-0.185156107 -0.000976294279 0.126320779 133 163 184 
-0.185051143 -0.00375965238 0.152430892 139 169 187 
-0.211274236 0.115971386 0.0258577317 113 146 168 
-0.200572953 0.0685839951 0.06113974 121 150 167 
-0.186613083 0.000256747007 0.179509193 142 172 189 
-0.189999357 0.0106514394 0.219464809 139 172 192 
-0.211220741 0.114913642 0.0351550132 107 141 164 
-0.216049418 0.12952587 0.0944663063 107 134 157 
-0.191859946 0.0163811147 0.241214752 135 169 190 
-0.230033442 0.0341162384 0.255057216 122 155 176 
-0.195158929 0.026108861 0.284575313 132 160 179 
-0.216351867 0.130583346 0.09660054 109 136 159 
-0.213587314 0.115228921 0.140301645 117 144 162 
-0.214538082 0.114472896 0.192352444 131 163 183 
-0.230192214 0.120951325 0.197596818 135 168 188 
-0.214012563 0.109357774 0.225066304 136 168 189 
-0.196935147 0.0318310857 0.30253461 137 165 184 
-0.191978112 0.00786182284 0.341308445 130 165 188 
-0.190515846 -0.00237563252 0.387936324 148 178 196 
-0.189065337 -0.0125668347 0.434590548 141 171 190 
-0.227599651 -0.0154601634 0.437251061 157 188 206 
-0.189866215 -0.0101772249 0.444804579 138 169 189 
-0.214648664 0.110415548 0.242514998 135 168 189 
-0.21358937 0.10176155 0.29004845 163 195 211 
-0.235540465 0.115170985 0.299755186 164 196 212 
-0.216072813 0.109472185 0.318381429 152 183 200 
-0.195603073 0.00862970948 0.499197155 127 166 189 
-0.202852219 0.00888380408 0.500132024 126 164 187 
-0.195839986 0.00931087136 0.502505541 127 166 189 
-0.216646045 0.109280199 0.346831977 129 158 179 
-0.249921471 0.130044192 0.361783892 131 161 182 
-0.220472842 0.121169478 0.390404075 127 158 179 
-0.201724917 0.0283590257 0.561015189 126 160 183 
-0.222269863 0.126885772 0.409384727 128 160 179 
-0.221927375 0.121048242 0.458529145 130 157 173 
-0.221201241 0.114690661 0.495839268 134 168 186 
-0.201825172 0.0285860896 0.563094556 127 161 184 
-0.159923255 0.103405774 -0.0290995911 78 98 112 
-0.178656161 0.101203054 -0.0282393619 85 107 124 
-0.161256492 0.109435081 -0.0348898843 88 109 124 
-0.151613057 0.0662610829 0.0021385178 98 124 142 
-0.15265362 0.0668471158 0.0433985665 77 104 124 
-0.146478921 0.0371041 0.0904283449 140 170 189 
-0.148238257 0.0449891388 0.0835795179 128 158 177 
-0.142509192 0.0170142055 0.131421059 141 170 185 
-0.142063409 0.0144209564 0.139772266 139 167 183 
-0.161333919 0.108948559 -0.025929369 82 103 118 
-0.166515231 0.125383347 0.0293182284 119 152 173 
-0.154604182 0.0735220909 0.0587746426 97 126 147 
-0.140326798 0.0039472878 0.176430553 125 149 167 
-0.141368747 0.0035494864 0.228686184 147 177 196 
-0.167894557 0.0079626739 0.234001726 146 178 197 
-0.140966997 -0.00109151006 0.261813879 131 163 183 
-0.166956499 0.126549304 0.0366206318 114 147 169 
-0.163906828 0.11007461 0.0796810165 131 163 183 
-0.214394823 0.129260808 0.0956660286 107 134 157 
-0.168543428 0.125339121 0.12292508 140 166 181 
-0.150914326 0.038067311 0.2833547 151 181 198 
-0.144199967 0.00569048524 0.334877074 150 188 209 
-0.15894118 0.00564399362 0.336471647 144 181 204 
-0.146059588 0.0140342414 0.32753405 154 190 210 
-0.143962026 0.00365039706 0.346622467 153 188 209 
-0.16966559 0.128210366 0.142536998 151 178 191 
-0.167078808 0.113554448 0.18663767 134 162 182 
-0.165078759 0.101203889 0.232056886 148 173 189 
-0.200878054 0.105206758 0.238168299 141 171 191 
-0.165294603 0.0991712511 0.264554203 143 172 191 
-0.155167967 0.0532782376 0.309611946 141 172 190 
-0.143797219 -0.000383943319 0.383886009 141 171 190 
-0.142850175 -0.00859686732 0.431671709 140 174 197 
-0.143711805 -0.00767299533 0.460963398 131 165 185 
-0.165678903 0.0990702212 0.283319682 139 170 190 
-0.169472367 0.109768301 0.338599414 137 171 188 
-0.146174431 -2.68220901e-05 0.489056557 134 167 188 
-0.148138732 0.00415742397 0.532741368 142 180 204 
-0.16980496 0.110790759 0.342506498 137 171 188 
-0.175561666 0.129828185 0.395249248 126 155 173 
-0.15127264 0.0155134499 0.550428152 147 186 210 
-0.196436673 0.0287906229 0.562613726 129 164 187 
-0.17601949 0.130717427 0.406386793 127 155 174 
-0.17329064 0.115503222 0.450168163 133 161 180 
-0.173207879 0.110686213 0.499896199 121 157 180 
-0.211246148 0.11207965 0.504834175 133 169 190 
-0.174212471 0.113064259 0.519591451 125 161 185 
-0.147646084 0.108708829 -0.0275639072 86 107 123 
-0.145040065 0.0864997506 0.0124258175 68 90 107 
-0.105437517 0.0658947825 0.0492227003 69 94 112 
-0.136627689 0.0656960905 0.0525420085 75 101 120 
-0.107877888 0.0761761367 0.0470115021 67 88 104 
-0.0988055617 0.0353443325 0.0842323974 99 128 150 
-0.139608279 0.019295007 0.132342994 143 172 187 
-0.100698113 0.040633142 0.112349369 123 151 171 
-0.13215217 0.130813032 0.0351154953 144 169 187 
-0.119960569 0.125905991 0.0491198078 137 165 182 
-0.101600282 0.0418336689 0.140427202 148 174 190 
-0.0987776816 0.0262511671 0.183997899 120 146 164 
-0.0964582413 0.0126456916 0.228699327 127 156 174 
-0.0969988704 0.0122355521 0.258077353 141 171 188 
-0.118565112 0.117476434 0.0787250474 109 143 162 
-0.122734979 0.129555732 0.135936081 145 168 185 
-0.105936982 0.0463983119 0.288802296 126 158 178 
-0.0978746414 0.00922748446 0.331710607 154 187 205 
-0.103281066 0.0332504213 0.312971801 133 166 186 
-0.0994661003 0.01436463 0.347689003 152 185 204 
-0.122790098 0.129585624 0.138134122 145 168 185 
-0.122559875 0.124189228 0.187530816 129 156 172 
-0.142281994 0.119389564 0.239444613 151 176 191 
-0.124915153 0.130263776 0.228159875 147 173 187 
-0.109060742 0.0576722622 0.306935668 133 161 180 
-0.102191091 0.0216960311 0.391325265 145 176 195 
-0.0963969678 -0.00556233525 0.428217858 157 190 208 
-0.0971256718 -0.00719088316 0.479769558 160 192 212 
-0.0994287357 -0.00727710128 0.47997579 159 191 211 
-0.0971285701 -0.00729194283 0.481025189 159 192 212 
-0.125957906 0.13304916 0.245081484 144 172 187 
-0.124265134 0.121906012 0.29119125 152 178 195 
-0.119278289 0.0978195965 0.329898119 139 167 184 
-0.163855582 0.109681994 0.341249585 136 170 187 
-0.121601298 0.103774041 0.370380819 119 149 167 
-0.0990893319 -0.00396701694 0.534096777 127 162 184 
-0.137409315 0.00188395381 0.541490495 139 177 201 
-0.121787906 0.103188723 0.385452151 115 143 161 
-0.166578025 0.127377093 0.403532177 122 150 169 
-0.126815379 0.119501263 0.434995264 124 150 168 
-0.128978908 0.126952112 0.45152697 116 143 162 
-0.132673338 0.131097674 0.506545603 132 162 182 
-0.131340757 0.131819099 0.505877137 132 161 181 
-0.125512913 0.104349762 0.54356575 122 155 176 
-0.134819895 0.107738256 0.54643178 121 154 176 
-0.13093555 0.129813164 0.509564638 131 161 181 
-0.126086563 0.105808586 0.553691685 120 154 176 
-0.096423313 0.0754272938 0.0534177199 76 101 118 
-0.0950249434 0.0529259145 0.0933811143 100 130 154 
-0.109112881 0.113549709 0.0755502954 116 150 168 
-0.0794010237 0.0979014337 0.116130404 147 175 193 
-0.0607194901 0.0667636991 0.149496555 115 142 159 
-0.066811882 0.0937853158 0.128928751 133 161 179 
-0.0562222712 0.044601202 0.189303786 131 156 174 
-0.0520878099 0.023864001 0.229926229 146 174 192 
-0.0529670529 0.0252473652 0.254920393 126 153 172 
-0.0866424441 0.182096988 0.0580124334 143 167 183 
-0.0877807662 0.182746679 0.0584909394 143 167 183 
-0.0869924128 0.183602989 0.0573445931 142 166 182 
-0.0866535231 0.181925356 0.0604285672 144 168 183 
-0.118218422 0.129699796 0.137693852 143 167 183 
-0.0758715123 0.128549695 0.158547729 128 152 168 
-0.0607444271 0.0536639988 0.296208262 136 167 185 
-0.0769458115 0.0254904032 0.338257641 141 171 191 
-0.0870734826 0.183790654 0.058981128 143 168 183 
-0.0758897588 0.126371533 0.183589518 148 170 185 
-0.0764310658 0.124006659 0.234720111 140 162 177 
-0.100356504 0.129537344 0.240357816 148 171 185 
-0.0761215761 0.119702846 0.268336087 153 177 191 
-0.0614630729 0.0562099814 0.300909847 135 166 184 
-0.0591825321 0.0427573621 0.345698714 129 158 178 
-0.0558129512 0.0250255764 0.388040155 133 158 175 
-0.0540433079 0.0135804117 0.433977216 138 168 187 
-0.0514511317 -0.00109675527 0.478065699 136 168 188 
-0.0480392464 -0.0189947188 0.52031213 144 180 200 
-0.051632002 -0.0185480714 0.5209499 143 180 199 
-0.0760617852 0.118063837 0.283804238 157 183 197 
-0.0979523808 0.125633419 0.342685074 143 174 192 
-0.0814355016 0.135924339 0.332042009 157 183 199 
-0.0816717818 0.13561511 0.346325964 150 178 196 
-0.0784807801 0.11858505 0.389068693 115 138 154 
-0.0811322033 0.124511331 0.444941491 103 127 142 
-0.0838072747 0.124571323 0.445268065 104 127 143 
-0.0811884552 0.124616593 0.446354181 103 126 142 
-0.0874976069 0.145764887 0.501003265 114 147 169 
-0.0755041242 0.0934135616 0.532121301 102 129 149 
-0.0858498663 0.137607902 0.515998065 122 155 177 
-0.0801158249 0.109221846 0.568179429 141 174 196 
-0.00230394304 0.058729738 -0.280153364 116 151 175 
-0.00902099907 0.0688460171 -0.273912102 111 146 172 
-0.0047827512 0.0681263208 -0.270767897 106 141 166 
-0.0103144348 0.0902049839 -0.262150943 132 169 190 
-0.0149180889 0.0768512189 0.0975935236 108 128 144 
-0.0492486022 0.105199605 0.116787173 159 187 205 
-0.0257651918 0.121574849 0.0986062363 153 182 201 
-0.0181459114 0.0850423276 0.154761642 127 152 169 
-0.0140449181 0.0644367039 0.195459336 155 174 187 
-0.021465309 0.0434048772 0.23719123 139 162 175 
-0.0129373148 0.0580712259 0.215343356 150 170 182 
-0.0392609388 0.181484073 0.0524724051 115 139 156 
-0.0433439314 0.198512524 0.0506990626 110 133 151 
-0.0417352393 0.190548807 0.0653385893 108 130 147 
-0.0274417475 0.12605983 0.125738591 159 184 201 
-0.0313761458 0.139266759 0.159609109 129 149 164 
-0.0122096092 0.0527335107 0.241248786 138 160 173 
-0.0144566745 0.0570709407 0.296212822 126 150 167 
-0.0518398806 0.0544069409 0.298871547 134 163 182 
-0.0134417191 0.050483495 0.322817177 119 147 166 
-0.0438249893 0.199417382 0.0627294406 113 136 153 
-0.0328179486 0.142692477 0.187734902 132 153 169 
-0.0291970633 0.12397331 0.229511559 118 145 163 
-0.0264879242 0.108836591 0.273337215 131 154 170 
-0.0677785128 0.114582777 0.281000376 151 176 191 
-0.0279733427 0.112336665 0.302639514 133 158 176 
-0.0136023238 0.0492222011 0.34420684 121 152 172 
-0.0103667825 0.032017082 0.386849523 136 164 182 
-0.00942029804 0.0238063335 0.434636503 136 164 181 
-0.0149349868 0.0131740272 0.481816202 139 173 194 
-0.00899890065 0.018404901 0.475311965 138 171 192 
-0.0446409211 -0.0168559253 0.52110219 143 179 198 
-0.0317583606 0.125053644 0.335095823 130 156 174 
-0.0613287352 0.134497911 0.343482792 140 166 184 
-0.0331918821 0.128085971 0.367213398 115 137 154 
-0.00906081498 0.0179019868 0.483742625 137 172 193 
-0.0144589543 0.0316432416 0.544168532 115 142 162 
-0.0137870163 0.0320234001 0.543802917 115 141 162 
-0.0349719003 0.133188665 0.392231822 101 123 140 
-0.0779451504 0.125990212 0.445395738 100 124 140 
-0.0382221043 0.142903 0.433501035 78 104 124 
-0.0138676986 0.0322976112 0.544459522 115 142 162 
-0.0377610698 0.139656186 0.448414177 82 109 129 
-0.0341632962 0.121027827 0.490242749 98 127 148 
-0.0824380517 0.143256783 0.507639825 121 155 177 
-0.0420454703 0.130193681 0.548452616 146 179 198 
-0.038070403 0.132067233 0.546945632 147 180 199 
0.0200900137 0.0346983075 -0.29568699 146 185 201 
0.0363594294 0.0569902062 -0.232990682 119 153 173 
0.00817222893 0.114201367 -0.251128644 140 177 196 
0.0139240101 0.0927537382 -0.211070389 122 151 171 
0.00588785857 0.132002503 -0.188836485 114 140 156 
0.00726108253 0.173528731 -0.166397601 123 152 172 
0.00167074054 0.163203955 0.038030386 149 174 189 
-0.0136950761 0.13664493 0.0776286498 140 166 184 
0.00634028018 0.0958146751 0.15793097 128 148 162 
-0.00352592766 0.0705868304 0.197649032 144 163 177 
0.018308714 0.0485461056 0.340332448 141 169 185 
-0.0103810281 0.119503826 0.486800343 106 133 153 
0.00416129827 0.100183845 0.527050078 129 160 180 
0.854021311 0.034108758 -0.387645811 157 201 226 
0.851770878 0.0384595692 -0.332674176 160 200 222 
0.832623065 0.0437511504 -0.327691555 159 203 225 
0.851453722 0.037599504 -0.308557034 161 202 224 
0.851630926 0.0345174372 -0.282445669 159 201 225 
0.85175395 0.0295423269 -0.232808083 156 197 219 
0.854161203 0.015591979 -0.188303858 155 193 217 
0.842897356 0.0189123452 -0.185259879 153 192 215 
0.853308618 0.018332243 -0.179612994 155 194 217 
0.850961208 0.0236736834 -0.131198287 161 202 223 
0.851820767 0.015804559 -0.0832159147 161 199 219 
0.850155711 0.0161833465 -0.082826905 160 198 219 
0.85172081 0.0161077082 -0.081998311 161 199 219 
0.807379484 0.047023505 -0.0613496974 136 179 208 
0.845036149 0.0391150117 -0.030766584 152 196 221 
0.763084412 0.214535028 -0.279503286 125 159 183 
0.845071554 0.0378321111 -0.0181340054 152 196 221 
0.844741642 0.0346364081 0.0325213596 159 201 223 
0.817365766 0.0449548066 0.0411427096 148 192 218 
0.845107973 0.0287051499 0.0816121325 171 214 229 
0.84490943 0.0287817419 0.0816756263 171 214 229 
0.845113933 0.0286452472 0.08200524 171 214 229 
0.770714819 0.25757575 -0.256928116 110 144 169 
0.766638458 0.210909426 -0.177150995 122 156 180 
0.845112085 0.0241970718 0.131516904 164 208 226 
0.843430936 0.0268919766 0.178753644 153 204 227 
0.79073149 0.282790333 -0.245411277 114 148 172 
0.774541974 0.276856124 -0.19450286 101 132 155 
0.787738025 0.292511463 -0.216002703 114 145 167 
0.794759214 0.257980824 -0.154634833 125 156 176 
0.794405997 0.259502143 -0.155322492 124 155 175 
0.771486223 0.230436832 -0.114703499 110 145 172 
0.794709325 0.258000344 -0.152561784 125 156 176 
0.77034688 0.207321212 -0.074795343 120 156 184 
0.785578012 0.165328145 0.00540233403 140 175 202 
0.843117118 0.0275441706 0.185914487 151 202 226 
0.842638314 0.024933666 0.236904532 144 191 216 
0.842038989 0.0236978829 0.278150707 149 196 218 
0.780639052 0.317954361 -0.172815889 123 152 172 
0.793988824 0.256516099 -0.102989443 123 156 181 
0.799188852 0.231592178 -0.0647615865 133 168 193 
0.803957283 0.20836398 -0.0255638734 128 164 189 
0.806074977 0.195551276 0.0195909962 124 161 187 
0.806258857 0.190740556 0.0646057501 141 180 203 
0.84192729 0.0232355893 0.288416535 151 198 219 
0.841711283 0.0195926726 0.338816077 155 199 221 
0.813598216 0.030585438 0.347885281 153 201 224 
0.842579603 0.0116889179 0.386778682 158 203 227 
0.83623445 0.0132245421 0.388311297 157 203 227 
0.842547417 0.0110964477 0.394841135 158 203 227 
0.806055188 0.191137344 0.069549568 142 181 204 
0.775015652 0.222319469 0.089923121 118 156 183 
0.804793894 0.191601098 0.122298025 140 180 206 
0.773988664 0.199231058 0.129833728 120 157 185 
0.803782523 0.192914993 0.154133976 146 182 205 
0.84308356 0.00521671772 0.435560077 157 203 226 
0.801579237 0.199740559 0.179436594 141 181 203 
0.798435628 0.209299445 0.217540234 131 176 200 
0.797270358 0.212179482 0.239034265 144 189 211 
0.798311353 0.203597218 0.286608785 138 181 206 
0.795788467 0.212319359 0.305514246 128 171 197 
0.79556495 0.209896788 0.342694998 128 170 195 
0.758693099 0.227751091 0.35645926 135 179 206 
0.798928916 0.19218713 0.385049134 124 165 193 
0.774847746 0.208821356 0.396744162 134 178 209 
0.796696782 0.197737902 0.425844461 138 184 213 
0.794754505 0.204097718 0.44434461 138 184 214 
0.762228489 0.224120975 0.458811194 132 180 214 
0.790224373 0.219694734 0.479007214 133 181 213 
0.786956787 0.230245054 0.511782825 145 193 223 
0.761638463 0.24233219 0.521140277 152 201 229 
0.791549981 0.207705289 0.551374376 163 209 234 
0.761011899 0.219340697 0.561059594 169 214 240 
0.742151618 0.278809369 0.543124795 155 207 239 
0.761008322 0.26053369 0.583468497 165 214 241 
0.861187994 0.0323110819 -0.389411271 158 202 226 
0.899392188 0.0369043052 -0.338753164 162 208 228 
0.901427805 0.0312793255 -0.369701952 165 207 227 
0.898930132 0.0342280567 -0.28780067 160 200 223 
0.888846874 0.034519881 -0.286533922 161 201 224 
0.899226964 0.0320895612 -0.277665973 159 199 221 
0.900408149 0.0239287615 -0.241208255 154 193 217 
0.901003718 0.0170967579 -0.192632645 152 194 219 
0.900630295 0.0150578916 -0.152831554 153 188 212 
0.899824858 0.0172368884 -0.140069306 158 191 214 
0.899057448 0.01576069 -0.0884304568 158 196 220 
0.897934198 0.0183198154 -0.0653024539 157 195 217 
0.897003949 0.0193375647 -0.0339015052 158 198 218 
0.853850782 0.0354317129 -0.0204045251 154 198 223 
0.894818544 0.0236589313 0.0184083059 158 196 215 
0.894533515 0.0245525539 0.0215644017 159 197 215 
0.894473791 0.0202953219 0.0716126338 170 209 227 
0.894275904 0.0165810883 0.121971436 173 208 224 
0.891055226 0.0171111524 0.122613706 173 208 224 
0.894245684 0.0164104104 0.125258535 174 208 224 
0.893693864 0.0143763721 0.173193604 158 200 221 
0.85032326 0.0256062448 0.184068412 151 201 225 
0.893925428 0.00897464156 0.222587228 161 202 224 
0.88427037 0.0109831393 0.224740773 156 197 221 
0.893653989 0.00925430655 0.231938809 159 201 223 
0.833172858 0.301588625 -0.239848971 118 149 167 
0.830750406 0.310570061 -0.228437096 112 142 161 
0.795393467 0.259063244 -0.154115707 125 156 176 
0.891777933 0.0129209459 0.277327538 159 202 224 
0.850325942 0.0211211145 0.286343366 151 197 219 
0.891323328 0.0107074678 0.322793037 156 201 223 
0.827922165 0.317728132 -0.178134739 123 152 168 
0.825651109 0.307580739 -0.131047666 136 173 195 
0.828349173 0.312372565 -0.138225108 135 172 193 
0.835679471 0.278264135 -0.0957400128 136 173 193 
0.830856681 0.299959064 -0.115405679 135 173 194 
0.841684759 0.250175834 -0.0593220517 161 196 213 
0.847931862 0.221137673 -0.0234474018 160 198 218 
0.850176811 0.207824931 0.0214214996 147 182 207 
0.852227986 0.195273548 0.0667258278 159 193 214 
0.818257511 0.191592008 0.0684560612 148 186 207 
0.851811469 0.196223825 0.0752883032 157 192 214 
0.89126879 0.0104297101 0.32838583 156 202 224 
0.890982509 0.00706276298 0.378943264 156 203 227 
0.891399324 0.000933200121 0.427920669 170 213 232 
0.884897172 0.00216317177 0.429304212 169 211 231 
0.826057673 0.320562243 -0.12403056 125 160 181 
0.846957207 0.211491689 0.128485054 150 185 206 
0.84738034 0.208075315 0.147027463 148 182 205 
0.847387373 0.205309838 0.177432507 145 182 207 
0.843369305 0.217846587 0.222590566 152 194 213 
0.842492878 0.220049769 0.238346249 153 195 212 
0.840942025 0.221651569 0.291745573 155 199 220 
0.841670454 0.21617192 0.319194525 149 191 214 
0.841680467 0.214258328 0.340000123 145 185 209 
0.839404225 0.218710467 0.395029783 150 189 213 
0.839419663 0.217229694 0.410775542 149 189 214 
0.840008259 0.211845294 0.443586379 149 194 218 
0.836544693 0.221377358 0.496676475 145 193 218 
0.836239934 0.222160071 0.501969159 146 195 220 
0.836855352 0.215250283 0.550500274 161 209 236 
0.945073068 0.0429735482 -0.340471298 158 197 218 
0.946677387 0.0382627249 -0.361777037 159 197 220 
0.948349416 0.0256079137 -0.297920465 154 200 222 
0.946979105 0.026684314 -0.246967345 145 185 207 
0.946867883 0.0269376636 -0.244676769 145 185 206 
0.950143874 0.00957351923 -0.202125072 142 186 208 
0.944976985 0.0265112221 -0.153123587 159 196 220 
0.943652332 0.030588448 -0.137622297 165 202 225 
0.943281233 0.0275551677 -0.0868740305 165 204 223 
0.943532646 0.0235762596 -0.0542029068 157 196 216 
0.943315923 0.022927016 -0.0370379612 149 189 212 
0.94144696 0.0257787108 0.0170762613 179 217 233 
0.900645733 0.0239183009 0.0205477104 162 198 217 
0.942150295 0.0203348994 0.04528106 177 215 233 
0.941100895 0.0226466358 0.0677680448 169 209 229 
0.940882146 0.0190146267 0.118173845 177 218 233 
0.941094458 0.0154770315 0.147736639 149 192 211 
0.940207183 0.0171749592 0.169604838 139 184 205 
0.93901664 0.0173607469 0.222194254 161 205 226 
0.940255702 0.00954398513 0.252168655 162 204 224 
0.856215954 0.319464594 -0.232656807 97 126 145 
0.897101521 0.217990458 -0.082920067 164 199 216 
0.875873446 0.232863203 -0.0724967942 170 200 216 
0.88890475 0.253669262 -0.103075407 149 185 207 
0.901164889 0.197532594 -0.0421378687 165 205 223 
0.878151894 0.210574836 -0.0325142071 163 198 215 
0.899542749 0.201006502 -0.0062667653 161 203 221 
0.939694941 0.0102037489 0.270583987 164 206 226 
0.938613474 0.00996121764 0.322928399 167 209 228 
0.897864938 0.00978776813 0.327311784 159 203 225 
0.939389288 0.0037483871 0.356348038 154 198 220 
0.872522056 0.332536489 -0.227337658 88 116 136 
0.841210663 0.334186673 -0.17064172 122 150 166 
0.866137564 0.356292039 -0.1981989 100 127 146 
0.874891698 0.296659261 -0.0900421813 111 144 164 
0.886979043 0.257764161 -0.0601713285 164 200 216 
0.862378478 0.270790696 -0.0503817722 158 196 214 
0.885027766 0.262777328 -0.0262931213 157 193 212 
0.898759067 0.202494085 0.013183035 154 196 218 
0.870996296 0.204357058 0.0696047917 154 189 209 
0.894875884 0.214024737 0.0633276179 148 183 204 
0.938775122 0.00483456254 0.372479379 150 196 219 
0.93680352 0.00808927417 0.426824182 172 215 235 
0.85683006 0.394194305 -0.192072198 106 133 150 
0.850613415 0.400496244 -0.187960923 110 136 153 
0.848920524 0.377246648 -0.148064822 114 139 156 
0.830222845 0.349881172 -0.108539134 101 130 147 
0.877720475 0.298635244 -0.0892781243 110 143 163 
0.866597652 0.343929589 -0.0819478408 125 151 168 
0.869540513 0.313718051 -0.0278168097 111 140 160 
0.871587157 0.319229543 -0.0365423486 117 145 164 
0.881582141 0.274478227 0.00187154859 138 173 193 
0.852212429 0.286684096 0.0117387101 132 164 183 
0.878017366 0.287396967 0.0219746456 120 155 175 
0.89402616 0.216598853 0.0737334862 149 183 202 
0.861881018 0.220504805 0.13174817 142 178 201 
0.889333785 0.231375769 0.124957062 133 169 194 
0.854188204 0.40457496 -0.186134964 110 137 154 
0.856363595 0.391535461 -0.141109765 114 140 155 
0.854975402 0.392498106 -0.0880760029 96 118 137 
0.870636582 0.321977973 -0.0234439671 107 136 155 
0.867581129 0.329491735 0.0333367512 131 157 173 
0.888179898 0.235078469 0.136786163 134 173 199 
0.8934232 0.209984422 0.174916714 150 191 210 
0.886842489 0.233623862 0.214349866 156 202 223 
0.884838641 0.23922354 0.24412331 142 182 201 
0.878770232 0.238460898 0.296732843 130 172 193 
0.883418918 0.240487307 0.295258433 126 167 189 
0.883089066 0.241606236 0.297969282 128 169 190 
0.882019222 0.241318077 0.350287646 146 187 209 
0.88605845 0.220955238 0.391124219 166 209 230 
0.888573587 0.206580818 0.435385853 157 204 228 
0.870329618 0.209092274 0.438756853 155 201 224 
0.887680054 0.209308341 0.44609943 160 206 229 
0.8842628 0.219027251 0.494987816 157 201 226 
0.84662199 0.221708 0.500582397 146 193 219 
0.884688735 0.214031756 0.530941963 163 210 233 
0.884307086 0.214361101 0.544802248 168 216 238 
0.966304958 0.0577539206 -0.387121648 167 207 227 
0.968317568 0.0994349122 -0.364668846 174 214 234 
0.9656443 0.075948 -0.324794114 163 205 226 
0.965121329 0.0529815853 -0.284872532 159 202 221 
0.965135038 0.139858484 -0.342329204 155 199 224 
0.970485389 0.11831364 -0.302279681 161 201 225 
0.9732638 0.0961463153 -0.262286186 172 214 236 
0.971248925 0.0728187859 -0.222397149 177 214 233 
0.965001762 0.0484668612 -0.18260023 155 195 220 
0.9525823 0.17801398 -0.320193619 159 201 225 
0.969862759 0.13112995 -0.295239329 163 204 227 
0.960210383 0.172002912 -0.306289703 162 204 227 
0.971885383 0.118690223 -0.249871075 171 212 235 
0.976862252 0.0946434736 -0.211141586 174 214 235 
0.973606408 0.0917434096 -0.160003871 162 206 230 
0.975533783 0.0961456895 -0.166843235 163 207 231 
0.97525233 0.0693019629 -0.12003506 174 215 236 
0.959851205 0.0427343845 -0.0804375634 173 212 227 
0.926523268 0.21290046 -0.298352301 156 194 213 
0.950996697 0.20752947 -0.278071821 155 197 217 
0.973169506 0.104661107 -0.15292877 169 211 234 
0.978586495 0.078884542 -0.115188606 173 214 236 
0.980333745 0.0675274432 -0.0692011937 167 208 228 
0.976865232 0.0652065575 -0.0177250579 164 207 231 
0.979163349 0.0680921376 -0.0217475519 165 207 231 
0.961220682 0.0385800302 0.0218671337 173 210 229 
0.932977736 0.25565654 -0.275802732 112 144 169 
0.943471253 0.234828651 -0.235928386 136 169 191 
0.943116009 0.235270619 -0.23564896 136 169 190 
0.943522394 0.234445646 -0.234025687 136 169 190 
0.979071319 0.0679957569 -0.0164501891 164 207 231 
0.979830444 0.060521394 0.0317580327 160 202 224 
0.975265086 0.0603334606 0.0845149979 168 211 229 
0.978157461 0.0629872382 0.0811621472 168 211 229 
0.955612838 0.0327369273 0.124019869 166 206 224 
0.937320888 0.263486505 -0.272020578 108 140 164 
0.943232715 0.235766053 -0.235392243 136 168 190 
0.943920434 0.228571877 -0.187023804 133 165 184 
0.923727214 0.248931676 -0.17372933 130 158 177 
0.93654269 0.258913934 -0.185479701 120 148 168 
0.940761745 0.238027424 -0.147084564 151 181 197 
0.978074133 0.0629303157 0.0856189951 169 212 230 
0.977896988 0.0591348708 0.135931313 163 204 222 
0.977793753 0.0550484955 0.186077327 166 207 226 
0.95850414 0.0289508998 0.226357728 162 203 223 
0.977935731 0.0540002882 0.191208005 166 206 225 
0.927190721 0.290963829 -0.151244938 100 127 148 
0.927580416 0.293196261 -0.15497461 100 127 148 
0.928191602 0.290170372 -0.149412215 100 127 149 
0.941147149 0.230485067 -0.0809632018 159 197 214 
0.934816182 0.257375836 -0.0891268179 143 179 199 
0.94988817 0.191647172 -0.0506935194 168 218 238 
0.95310837 0.174502701 -0.00801619142 170 215 234 
0.914358854 0.196498662 0.00820738822 156 199 220 
0.947911561 0.192548186 0.0300443247 160 202 221 
0.977786839 0.0505839884 0.236006945 169 208 227 
0.97849983 0.0432905257 0.284318656 167 208 232 
0.970067322 0.02726385 0.328884482 160 200 221 
0.979492128 0.0362104475 0.317436129 159 199 221 
0.910619378 0.368403554 -0.212012827 123 149 164 
0.909721673 0.371520042 -0.205429822 125 151 167 
0.927441776 0.293320835 -0.149990365 100 126 148 
0.91889298 0.284469634 -0.0491507873 129 160 181 
0.926100552 0.290437341 -0.0563775077 120 148 169 
0.934213102 0.253238648 -0.0154660121 118 153 177 
0.907870173 0.258961797 -0.00945792347 134 168 189 
0.927889884 0.281579375 -0.0400941148 120 150 172 
0.937272251 0.236726716 0.0275730863 119 154 176 
0.930332839 0.241558924 0.0309643075 117 150 173 
0.94912225 0.176690012 0.150684357 182 223 239 
0.947675407 0.177237064 0.151140928 182 223 239 
0.944715202 0.198286891 0.113020442 138 175 199 
0.949040592 0.176874071 0.152383119 182 223 239 
0.978971422 0.0369459093 0.333172947 155 196 219 
0.977624476 0.0377466381 0.386114091 158 204 226 
0.964048922 0.0213213265 0.431028336 165 207 226 
0.977968395 0.0336692631 0.415633053 157 201 222 
0.907625377 0.380167842 -0.205284193 126 152 168 
0.884774864 0.340245277 -0.0674179569 124 150 166 
0.923920453 0.298172951 -0.0422487929 116 144 165 
0.934609592 0.247188881 0.0335569754 113 146 169 
0.922834694 0.296520382 0.0259656608 107 135 154 
0.938134372 0.228847742 0.0755498335 137 169 189 
0.944503844 0.199328393 0.111149304 136 173 197 
0.89449513 0.22839883 0.132458568 128 168 195 
0.897381842 0.206257716 0.172454387 151 192 210 
0.942140639 0.200947672 0.201654673 160 204 223 
0.977824271 0.03246966 0.435579151 161 203 224 
0.896221936 0.42497468 -0.179656714 124 151 169 
0.8968876 0.417867362 -0.131238595 103 131 150 
0.902719498 0.3904607 -0.0944307819 124 146 161 
0.908520937 0.363173425 -0.0575547069 106 132 150 
0.912356853 0.343609512 -0.0162611753 110 137 155 
0.914559603 0.330462515 0.0287025273 104 131 148 
0.932601035 0.238087818 0.22690621 125 165 185 
0.941490233 0.19769451 0.267664313 152 196 213 
0.92932862 0.209504381 0.275425136 146 189 206 
0.935837448 0.222066253 0.256358296 134 175 193 
0.93929559 0.204946652 0.287828833 149 189 206 
0.900545955 0.266571403 0.257274181 116 148 168 
0.921897352 0.280990779 0.241564184 120 154 176 
0.888713717 0.240867645 0.296949416 128 168 189 
0.927085102 0.255309522 0.288773447 134 164 182 
0.936105072 0.214362234 0.329680651 162 198 217 
0.921112597 0.225869775 0.337588072 155 191 215 
0.941013038 0.190585375 0.368564576 166 209 229 
0.914199352 0.20135662 0.377370507 166 211 233 
0.939272225 0.194977403 0.399680465 164 212 232 
0.911581755 0.310436398 0.279923528 126 148 164 
0.913444638 0.312750876 0.276705861 124 147 163 
0.91398102 0.31009537 0.281587392 126 148 164 
0.93851918 0.195892662 0.424083263 163 209 228 
0.934425533 0.208886385 0.46763739 155 208 229 
0.913234711 0.313209206 0.281250268 125 147 164 
0.928203166 0.231935263 0.497181147 153 197 220 
0.933804691 0.205433458 0.534506559 171 213 231 
0.900097907 0.211811647 0.541680157 165 211 232 
0.967213213 0.158715457 -0.279942006 168 208 230 
0.969551384 0.136441559 -0.239958107 170 211 234 
0.979127824 0.11591965 -0.199816585 167 209 232 
0.959365547 0.198009849 -0.25770399 157 202 222 
0.967836678 0.177220404 -0.217586488 173 217 233 
0.97234565 0.155471921 -0.177555323 168 211 230 
0.969831765 0.132023603 -0.137677133 183 223 240 
0.981017649 0.11189127 -0.0975005105 170 214 237 
1.00653076 0.0952266753 -0.0570118502 172 209 227 
0.95037514 0.214187816 -0.195557863 137 171 190 
0.957115233 0.192979366 -0.15547812 165 207 224 
0.97179848 0.173693508 -0.115225308 168 209 230 
0.974553287 0.151520461 -0.0752323493 163 206 227 
0.984623849 0.131118149 -0.035080038 166 205 227 
0.994428098 0.110651374 0.00506644696 148 191 214 
1.00670528 0.090783149 0.0452668443 153 193 214 
0.974631369 0.302445173 -0.254927456 110 142 165 
0.951205194 0.278422356 -0.213063776 102 132 153 
0.974317014 0.302902997 -0.245581448 109 140 162 
0.945428193 0.231344402 -0.133323699 161 192 208 
0.954524815 0.210706353 -0.0931925997 148 189 208 
0.953365028 0.187585801 -0.0532848909 171 222 241 
0.96055764 0.166486889 -0.0131952688 174 220 239 
0.974232495 0.14695698 0.0270355269 172 215 235 
0.98325032 0.126299858 0.0671649203 168 212 233 
0.993011534 0.105822653 0.107310511 171 214 232 
0.999180496 0.0844759643 0.147377819 170 211 227 
0.979721844 0.0569262803 0.186886936 167 206 225 
0.965246379 0.323014796 -0.190348983 118 148 168 
0.967991173 0.324133754 -0.191084027 119 149 169 
0.945121825 0.272464097 -0.11092142 116 149 172 
0.963399589 0.185528785 0.0492085293 158 203 221 
0.973595321 0.165156782 0.0893635824 162 203 224 
0.977497876 0.143261552 0.129381537 163 203 219 
0.988301694 0.123036653 0.169549793 161 205 224 
1.00062776 0.103180259 0.209751278 166 206 224 
0.997776806 0.0796503723 0.249622107 174 211 228 
0.988828361 0.0546446741 0.289360195 164 203 224 
0.914600968 0.374790132 -0.20897612 125 152 168 
0.967752159 0.324983835 -0.189553231 118 149 169 
0.967199862 0.322661847 -0.138398081 121 154 174 
0.950981438 0.315076262 -0.0883848146 110 137 155 
0.965180337 0.327963889 -0.104599357 120 151 170 
0.972247422 0.293845296 -0.0499134883 93 120 139 
0.944535553 0.290676236 -0.0485922471 110 137 158 
0.969724834 0.305466592 -0.0632431135 98 125 143 
0.965381801 0.272882134 -0.00820522755 110 141 159 
0.973981559 0.284393996 -0.0245058909 102 130 148 
0.942412555 0.244482741 0.0312274173 116 149 171 
0.950446427 0.223587424 0.071335353 142 175 194 
0.944536388 0.199317127 0.111139588 136 173 197 
0.967578471 0.159214646 0.191507399 160 204 223 
0.975954354 0.138402134 0.231622785 172 214 231 
0.989489853 0.118838519 0.271850556 163 209 230 
0.991662443 0.0965245068 0.311830908 166 207 229 
0.993842661 0.0742124021 0.35181132 157 200 225 
0.986134231 0.0495067537 0.39157638 159 204 226 
0.964812815 0.327549756 -0.0831192657 120 149 167 
0.968870819 0.302620918 0.00758894533 116 146 166 
0.966099679 0.313328326 0.015830338 119 149 170 
0.953766406 0.197065383 0.213615507 160 205 224 
0.95617646 0.17480889 0.253600955 168 216 232 
0.969389141 0.155167073 0.293821692 168 214 230 
0.983485401 0.135739148 0.334061742 164 208 225 
0.986137569 0.113541275 0.374052435 165 207 228 
0.986927688 0.0908926725 0.414002597 170 213 232 
0.99553746 0.0701367557 0.45412311 168 211 229 
0.914966404 0.457266271 -0.164150253 108 133 150 
0.921382844 0.435979486 -0.124077521 109 136 156 
0.945636332 0.407390296 -0.0899372771 136 168 187 
0.940110981 0.431899101 -0.108610056 123 152 172 
0.952749193 0.374950707 -0.0560080856 140 170 189 
0.955177963 0.360915661 -0.011552304 105 136 156 
0.936028779 0.348165095 0.0359733254 94 119 136 
0.954408705 0.361118793 0.0215037018 90 116 134 
0.956962883 0.348474473 0.0447474197 92 118 136 
0.945681393 0.236302286 0.235848337 124 163 183 
0.958746016 0.193784833 0.315998822 157 194 210 
0.966840446 0.172904223 0.356108159 168 207 225 
0.977294505 0.152594715 0.396268785 165 206 223 
0.97805959 0.129940063 0.436218411 164 207 228 
0.979221642 0.107381463 0.476176709 166 208 228 
0.931093514 0.473516464 -0.157082483 93 115 132 
0.937243998 0.444858223 -0.120990507 118 146 166 
0.9534145 0.363352567 0.0423246771 91 114 131 
0.951968014 0.279017776 0.258394241 129 158 176 
0.952673852 0.187829286 0.418141454 167 215 233 
0.965231717 0.16802898 0.458347946 169 213 232 
0.969015181 0.146104902 0.498363346 164 208 228 
0.958218753 0.326508552 0.231184274 117 147 168 
0.930558145 0.337869346 0.24040392 114 144 164 
0.95177871 0.35396874 0.221698344 124 153 174 
0.962674081 0.304510325 0.271085441 131 157 174 
0.961652935 0.305087 0.311556458 107 135 154 
0.981697142 0.207304671 0.477904111 161 201 219 
0.979662597 0.215931699 0.475448459 160 201 220 
0.985991895 0.185937971 0.518166602 163 200 219 
0.949286997 0.361603528 0.251257002 114 143 164 
0.934305847 0.357130468 0.302827448 119 148 171 
0.946881354 0.368128091 0.289195001 112 142 166 
0.960289061 0.30938983 0.326359481 104 134 153 
0.944575489 0.336776316 0.34298411 120 150 169 
0.953640878 0.334665775 0.350707978 124 154 173 
0.97932297 0.216633633 0.483239859 158 199 217 
0.983419359 0.196045905 0.523947835 163 200 219 
0.94564265 0.371431172 0.30936113 115 147 171 
0.950474083 0.347955644 0.348417372 119 149 170 
0.977850616 0.307711571 -0.252416342 113 145 167 
0.974897563 0.348190635 -0.230071723 130 164 186 
0.962614954 0.386411577 -0.207930297 116 149 171 
0.969741881 0.365296751 -0.16784209 118 148 169 
0.973097026 0.34326905 -0.127836049 123 157 178 
0.974664271 0.297968686 -0.0479359999 92 118 136 
0.983505309 0.432661802 -0.185066313 116 142 159 
0.971883237 0.407008916 -0.145386487 111 141 162 
0.97590071 0.385141492 -0.105366029 133 170 192 
0.971583068 0.361256599 -0.0655271262 135 168 188 
0.97490257 0.339220226 -0.0255218521 120 153 173 
0.967739761 0.314646691 0.0142550915 118 148 169 
0.985684097 0.444577366 -0.178823799 114 139 156 
0.947146356 0.442215353 -0.123516358 114 143 164 
0.979438007 0.468201339 -0.154581264 106 131 150 
0.961959541 0.354441464 0.0365381464 87 112 129 
0.975637496 0.484052926 -0.156245589 107 131 149 
0.975330651 0.348706245 0.241379172 126 154 173 
0.967333615 0.32393074 0.281137913 129 156 172 
0.983120739 0.213552773 0.481146544 160 200 217 
0.989336312 0.19221732 0.521214962 163 198 216 
0.955322564 0.362217396 0.303285241 118 148 173 
0.959990084 0.340507269 0.343319863 118 147 166 
0.983214676 0.473785281 -0.162663683 105 129 147 
0.10802412 0.054738462 -0.975096345 160 210 236 
0.061218515 0.0530885458 -0.970850587 149 193 221 
0.103633225 0.0740750134 -0.988382101 162 212 237 
0.0611666441 0.0533145666 -0.970981061 149 193 221 
0.109206498 0.0464849174 -0.937663913 154 201 227 
0.0612335056 0.0529836118 -0.970372677 149 193 221 
0.0972210765 0.101678133 -1.00073218 158 207 234 
0.0505614579 0.0994547009 -0.996814489 160 208 233 
0.0895130932 0.133891046 -1.00481522 166 213 240 
0.0438628495 0.12889117 -1.01638639 163 212 236 
0.109386533 0.0448934138 -0.928244114 152 198 225 
0.0623244941 0.0442510545 -0.923422098 156 206 228 
0.108030632 0.0457291901 -0.875282884 160 206 231 
0.0620692968 0.0407619178 -0.872934461 143 191 221 
0.107141316 0.0466236472 -0.844393671 156 203 227 
0.0609761477 0.0441728532 -0.860650718 142 189 220 
0.0339627266 0.169167072 -1.00942528 182 230 248 
0.105637401 0.0506410301 -0.819990396 158 204 227 
0.0583107769 0.051038295 -0.814573705 151 195 224 
0.10801743 0.0367975235 -0.775425076 147 190 216 
0.0611670464 0.0353235006 -0.771078646 154 197 222 
0.153948337 0.0598515868 -0.977361321 168 216 237 
0.148011759 0.0853704214 -0.988383949 163 212 235 
0.157611966 0.040964514 -0.935680747 155 204 235 
0.115809321 0.0435875952 -0.929660261 153 198 226 
0.156709641 0.0423120856 -0.909230828 163 212 239 
0.142234147 0.110371351 -1.0009495 159 207 232 
0.133272886 0.148249477 -1.01044762 165 211 236 
0.154563025 0.0484527051 -0.878914595 168 216 240 
0.153114021 0.0500272214 -0.829888105 165 207 226 
0.152873069 0.0506010354 -0.825202703 165 207 226 
0.154568553 0.0394473672 -0.779098928 159 202 227 
0.153537393 0.0390072167 -0.726867437 143 186 215 
0.198617697 0.0698953271 -0.976806283 170 218 236 
0.191891432 0.0991353989 -0.992925406 165 215 236 
0.204247653 0.0432820618 -0.939544678 171 219 239 
0.201896161 0.0496076941 -0.901879907 162 212 235 
0.185875356 0.124454916 -0.99808383 171 219 238 
0.179024041 0.152749866 -0.997958302 177 223 242 
0.199836493 0.0561226904 -0.879717231 160 209 235 
0.197343618 0.0620599687 -0.831245303 156 205 228 
0.196926981 0.0630631149 -0.82326448 155 204 227 
0.196218222 0.0613561869 -0.771757543 152 195 221 
0.199710846 0.0431409776 -0.729692638 149 188 213 
0.242737621 0.0820980072 -0.975016356 173 220 240 
0.236535668 0.109115541 -0.990509391 171 220 238 
0.252346635 0.0398499668 -0.946697116 187 232 245 
0.2477144 0.0537758172 -0.888779759 171 217 235 
0.198253572 0.150416076 -0.985321522 175 221 240 
0.226795882 0.147246927 -0.967080057 167 217 238 
0.247453868 0.0545831025 -0.885787249 170 216 235 
0.241911381 0.0724186599 -0.829525113 175 223 241 
0.220141977 0.175373793 -0.974150062 156 207 231 
0.241559535 0.0732515752 -0.822626591 175 223 241 
0.241439134 0.0692328811 -0.772441924 146 194 221 
0.246325642 0.0455407798 -0.733509541 166 214 237 
0.298475504 0.0441589653 -0.949422002 165 213 235 
0.274828434 0.0408832133 -0.948605537 177 223 241 
0.296296626 0.0543461144 -0.96259135 163 211 234 
0.29842186 0.043825388 -0.943251371 164 212 235 
0.290996015 0.0780395269 -0.982527018 164 212 234 
0.280117333 0.124355733 -0.997762799 171 221 239 
0.295986831 0.0494457781 -0.893915057 174 220 238 
0.251803637 0.0536642373 -0.886765122 171 218 236 
0.295126349 0.0500546694 -0.861176968 162 213 235 
0.269992083 0.164395481 -0.977841616 159 211 235 
0.293324977 0.0554130375 -0.838018894 159 210 234 
0.250850588 0.0717875063 -0.824443936 176 224 242 
0.290601969 0.0623675883 -0.790286183 159 206 230 
0.295782834 0.0367719829 -0.743714333 174 220 236 
0.294905335 0.0367710292 -0.743618488 174 220 237 
0.29530856 0.039067775 -0.747454762 173 218 236 
0.295769632 0.0367852747 -0.743258834 174 220 236 
0.262323231 0.195193946 -0.968003273 166 215 236 
0.290179223 0.0632817149 -0.781035185 157 204 229 
0.293327719 0.041926831 -0.688282847 151 198 224 
0.339904189 0.0714278817 -0.991498113 175 222 242 
0.314567029 0.0733414888 -0.987672925 164 213 235 
0.336768448 0.0849812031 -0.998144746 166 215 237 
0.34544605 0.0451607406 -0.954038501 172 220 242 
0.345564038 0.0414391756 -0.918102503 177 221 239 
0.324719936 0.134542048 -0.995725751 167 217 241 
0.34399724 0.0463617146 -0.900868416 174 218 237 
0.34330228 0.0446003377 -0.849392712 160 211 236 
0.31757924 0.0467449725 -0.845399499 157 208 233 
0.342327178 0.0473784208 -0.835494936 159 209 234 
0.317375571 0.16081503 -0.950497389 163 213 236 
0.338969767 0.0571321249 -0.789741874 158 210 237 
0.299035758 0.0606105924 -0.783461452 158 205 230 
0.297244757 0.0373372734 -0.743567467 174 219 237 
0.338510901 0.056185931 -0.758160233 159 212 239 
0.337785244 0.0572946966 -0.737165749 157 209 236 
0.343348533 0.0309433639 -0.699754357 149 197 221 
0.341618568 0.0332489014 -0.645952523 143 188 211 
0.385160625 0.0791648626 -0.992262363 160 213 240 
0.380655706 0.0987086892 -1.00261736 161 214 237 
0.393524647 0.0418086946 -0.961145222 176 224 244 
0.391240776 0.0463080108 -0.906290531 167 218 241 
0.369637638 0.14316839 -0.990821004 168 222 242 
0.391237378 0.0463042557 -0.906090736 167 217 241 
0.390350491 0.0452969968 -0.854183733 167 215 238 
0.388335705 0.0506046712 -0.820663393 164 212 237 
0.361107588 0.175311059 -0.956382751 164 214 237 
0.385755211 0.0588613153 -0.793942332 157 208 238 
0.386126846 0.0529093444 -0.744863451 153 204 235 
0.367740184 0.0544001758 -0.742031991 155 206 237 
0.390118271 0.0327341855 -0.70391953 152 206 230 
0.365173131 0.0309390128 -0.702154994 150 200 225 
0.390078247 0.0318935812 -0.69274199 151 203 228 
0.388826847 0.0333166122 -0.651103258 147 194 216 
0.441743553 0.0379054248 -0.968567133 173 221 248 
0.429556727 0.03714028 -0.967644215 171 220 246 
0.440841138 0.0418379307 -0.970836341 172 221 247 
0.442071617 0.0357463062 -0.959638238 174 222 247 
0.428472221 0.0945435762 -0.988655925 182 228 245 
0.425772846 0.10634774 -0.99589777 181 227 245 
0.440733612 0.0373819768 -0.916383386 176 222 243 
0.391492486 0.0462810695 -0.906131446 167 217 241 
0.437938392 0.0461229682 -0.885187984 167 219 241 
0.415921152 0.14503336 -0.97348702 184 232 247 
0.436592162 0.0491630137 -0.857161999 166 218 240 
0.432811439 0.06141904 -0.819780827 155 207 238 
0.404529274 0.191343337 -0.965092242 180 231 247 
0.43138957 0.0651134253 -0.795555949 158 209 239 
0.432221889 0.0573510826 -0.74751246 159 210 235 
0.436576843 0.0357474983 -0.70738554 152 201 228 
0.438002169 0.0256553292 -0.660674632 162 210 235 
0.437705874 0.0256552696 -0.660642087 162 210 235 
0.43800354 0.0256310999 -0.660467505 162 210 235 
0.397603869 0.220324934 -0.969197929 179 230 246 
0.43268615 0.0420514345 -0.598813653 148 191 218 
0.48578018 0.050435394 -0.966590047 157 207 233 
0.485631585 0.0510941148 -0.967089474 157 208 233 
0.485803723 0.050241977 -0.965523005 157 208 233 
0.475324035 0.0960119367 -0.993005514 173 223 244 
0.469319999 0.121758997 -1.00346565 171 223 244 
0.485523999 0.0469501317 -0.916100264 168 216 241 
0.485560894 0.0423134267 -0.866269112 171 218 238 
0.474121511 0.0434410274 -0.864398718 170 218 238 
0.485042691 0.0439247787 -0.860384822 168 215 236 
0.459444344 0.160563082 -0.981272697 181 231 248 
0.478351772 0.0669629872 -0.809209883 156 206 237 
0.447863817 0.207807064 -0.974594831 173 226 246 
0.477861762 0.0680735111 -0.799052358 155 206 236 
0.478976905 0.0591997802 -0.751644492 149 202 233 
0.481400907 0.0451833904 -0.707178116 148 201 233 
0.438651323 0.0258840919 -0.660621524 162 210 235 
0.481120229 0.0431730449 -0.671952128 150 203 237 
0.444664955 0.220971107 -0.974017799 170 224 245 
0.480744064 0.0432726741 -0.655787766 152 204 237 
0.479681551 0.0429556966 -0.603485882 153 196 222 
0.482206702 0.0285420418 -0.559246659 147 186 213 
0.53263545 0.0518902242 -0.970947444 178 230 250 
0.527398467 0.0753183961 -0.990858078 176 229 249 
0.533663392 0.0443042815 -0.93384552 161 213 242 
0.522757947 0.0951932073 -0.998663306 172 224 247 
0.513725817 0.132919282 -1.00321901 165 217 244 
0.53338939 0.0444360077 -0.922727704 160 211 241 
0.530615807 0.0508422554 -0.866580486 169 219 241 
0.529841304 0.0531404316 -0.856563449 168 219 240 
0.502117395 0.180301279 -0.996794581 173 225 247 
0.526342392 0.063141942 -0.807062447 155 206 236 
0.499181807 0.0678607821 -0.80151093 156 206 236 
0.526672423 0.0587431788 -0.773337245 149 199 232 
0.500516117 0.187078714 -0.998592138 172 224 247 
0.458458841 0.213397026 -0.979653776 171 226 246 
0.489900827 0.230693817 -0.995904684 174 230 249 
0.527108729 0.0556386411 -0.75887084 146 197 231 
0.529043734 0.043543607 -0.713305473 150 201 231 
0.525831342 0.0528222024 -0.66892761 152 204 234 
0.52500844 0.0549076796 -0.654322565 152 204 235 
0.525120914 0.0499739647 -0.604661226 148 194 220 
0.527109325 0.0376691818 -0.559215844 126 172 202 
0.578437269 0.0574842989 -0.972937346 166 218 246 
0.571228266 0.0893305838 -0.99585402 171 223 248 
0.582749963 0.0360470116 -0.932715297 172 223 248 
0.541323483 0.0413528383 -0.925276756 160 212 242 
0.582013905 0.035937041 -0.897701919 172 223 248 
0.568243504 0.102030098 -0.999942303 169 221 247 
0.557087421 0.149249256 -1.01247573 167 221 244 
0.579892993 0.0427807271 -0.876380801 167 217 243 
0.577430964 0.0485399365 -0.827344179 161 210 237 
0.549223423 0.181256413 -1.00711179 172 223 245 
0.516953111 0.186361372 -1.00078869 173 224 246 
0.545837045 0.1948587 -1.00279284 173 224 245 
0.577030897 0.0495348573 -0.820034504 159 209 236 
0.577421784 0.0435069501 -0.770999074 151 202 234 
0.535809636 0.053886503 -0.760780096 147 198 232 
0.57842797 0.0350617468 -0.723346114 144 194 228 
0.563135684 0.0376607478 -0.720251918 145 195 228 
0.578031659 0.0354810655 -0.70981282 144 195 229 
0.535656989 0.235169411 -0.983369708 171 222 246 
0.574990153 0.0440779328 -0.665706158 149 201 234 
0.547842383 0.0523130298 -0.658243179 151 203 234 
0.573333561 0.0486541688 -0.640503347 153 203 233 
0.572119415 0.0508659482 -0.609340549 159 210 237 
0.616576433 0.0976784229 -1.00762081 170 220 245 
0.588222682 0.0983841419 -1.00412118 170 221 246 
0.613048136 0.113292068 -1.01913953 173 222 245 
0.625214398 0.0592457354 -0.977119327 170 217 242 
0.631467938 0.0301825106 -0.941259027 172 224 247 
0.626810014 0.0451650321 -0.893903255 166 218 243 
0.60367173 0.149624825 -0.992403746 178 230 250 
0.625680864 0.0484292805 -0.878339529 163 215 242 
0.624913812 0.0469515324 -0.826701522 153 202 233 
0.584064841 0.0472122431 -0.822070956 158 208 236 
0.625675619 0.0406960547 -0.792162657 155 204 233 
0.592585564 0.196436405 -1.00361896 171 221 242 
0.589963198 0.207403213 -1.00509083 171 220 241 
0.625239611 0.041179508 -0.777519703 155 205 234 
0.624967992 0.0377549231 -0.72699523 153 203 235 
0.624667943 0.0355993211 -0.689267933 150 201 234 
0.579922795 0.247022837 -0.984397292 174 221 242 
0.624199986 0.0362808704 -0.675355196 148 201 234 
0.61974442 0.0498883426 -0.622009754 144 197 231 
0.618975461 0.0523175001 -0.613699794 146 198 232 
0.616851807 0.0561701059 -0.559013069 149 198 230 
0.674866498 0.0497113168 -0.987762094 171 219 242 
0.660681963 0.0518887341 -0.985018909 170 217 240 
0.672623456 0.0594415069 -0.992910624 173 221 242 
0.675623953 0.0445878804 -0.965605497 172 220 242 
0.662905991 0.101198792 -1.01079679 178 229 248 
0.657823145 0.122624964 -1.01553369 175 226 247 
0.676037967 0.0406164825 -0.940480709 173 221 244 
0.675228775 0.039304167 -0.888748169 162 216 241 
0.650143385 0.0448521078 -0.882973552 163 216 242 
0.673447907 0.0452754796 -0.873343945 163 215 241 
0.6480757 0.160794288 -0.992174029 179 232 249 
0.671906829 0.0478652716 -0.831368387 156 206 237 
0.670890808 0.0478496253 -0.784550548 146 200 235 
0.635619462 0.212906241 -0.999388337 174 222 242 
0.634952068 0.215677172 -0.999538302 174 222 242 
0.670707822 0.0480843484 -0.778759956 146 200 235 
0.671022356 0.0423566401 -0.729552746 153 205 238 
0.672415495 0.0323907733 -0.682769597 150 203 235 
0.641106069 0.0336931348 -0.678620696 149 202 235 
0.672179997 0.0313826501 -0.660754204 145 197 230 
0.623724699 0.261172801 -0.989646554 169 218 240 
0.670053899 0.0371785164 -0.627548039 140 191 226 
0.629912496 0.0493376851 -0.616522551 144 196 231 
0.666836798 0.0477490723 -0.597314894 153 203 233 
0.663307548 0.0591946244 -0.562472641 151 202 231 
0.721100092 0.0536087453 -0.990722418 167 221 248 
0.71484375 0.0814213157 -1.01255322 181 229 247 
0.72341007 0.0400404036 -0.945999622 167 221 246 
0.699527502 0.038451165 -0.944239855 170 221 245 
0.723667681 0.0377388895 -0.932252884 171 223 246 
0.711185455 0.0970577598 -1.01835465 182 230 247 
0.702678084 0.131561965 -1.01120007 171 224 246 
0.720358789 0.0475377738 -0.889228344 181 225 245 
0.719968736 0.0459655821 -0.853850245 173 219 241 
0.693200529 0.168395311 -0.985384464 182 233 250 
0.720219254 0.0435943007 -0.839000642 168 216 239 
0.717808843 0.0485735834 -0.783669591 150 201 234 
0.685750902 0.0489848554 -0.779923081 147 201 235 
0.71739614 0.0486163795 -0.765197814 154 205 237 
0.655900121 0.219992518 -0.997762084 173 223 242 
0.679912627 0.224091232 -0.994243383 173 225 243 
0.717680991 0.0445841253 -0.733468175 159 209 240 
0.718234539 0.0379171968 -0.684798181 146 196 230 
0.717947364 0.0358026922 -0.648117125 142 191 227 
0.678604186 0.229569435 -0.995047271 173 224 242 
0.668187141 0.272052795 -0.988884628 169 217 235 
0.717649996 0.0357221961 -0.633570433 144 193 227 
0.714607775 0.0431841612 -0.57681936 150 200 229 
0.70603174 0.0449219942 -0.574931622 152 203 231 
0.714429498 0.0431328714 -0.568066716 149 200 229 
0.713039458 0.0448545516 -0.523380816 156 205 231 
0.767269194 0.057759732 -0.993537664 178 229 249 
0.759695947 0.0903719068 -1.00824463 179 230 248 
0.769557893 0.044274956 -0.948767185 183 232 250 
0.770890594 0.0349533856 -0.906370044 166 216 241 
0.741373301 0.135453165 -1.00078535 181 236 251 
0.748467743 0.135871828 -0.998360395 182 237 251 
0.770610988 0.0356453359 -0.901219726 165 216 240 
0.768649817 0.0388593078 -0.846898317 160 208 236 
0.730442941 0.0414482355 -0.841291547 167 214 238 
0.770654082 0.026492089 -0.801488638 161 207 235 
0.765630484 0.0271253288 -0.800592124 159 206 234 
0.770504355 0.0267808139 -0.797821045 159 206 234 
0.745844066 0.146436095 -0.995301962 185 238 251 
0.737615407 0.179510832 -0.985055566 187 239 250 
0.768082917 0.0321031511 -0.745796204 152 202 233 
0.736111581 0.0383344591 -0.73889327 161 210 239 
0.768474758 0.0267434418 -0.704226971 159 206 234 
0.726869404 0.222623199 -0.970782399 174 229 247 
0.768145859 0.027363956 -0.696023643 161 207 234 
0.766499937 0.0293394327 -0.642410576 154 202 230 
0.732408941 0.0329524875 -0.636698961 145 194 226 
0.764833212 0.0346859694 -0.625301957 153 201 229 
0.705955148 0.27330178 -0.974262893 161 213 238 
0.714950323 0.271543294 -0.967185736 161 214 238 
0.761655688 0.0438820124 -0.581609666 149 199 226 
0.764085352 0.0298434198 -0.537155986 164 204 230 
0.74789238 0.0322142541 -0.534086883 159 201 228 
0.763571084 0.030849129 -0.52472353 159 199 226 
0.712554753 0.281729996 -0.970403254 161 214 238 
0.760864615 0.0380066335 -0.480003804 142 192 222 
0.762661219 0.0264556408 -0.434127271 143 191 221 
0.81377995 0.0605680048 -0.997120917 181 227 246 
0.804451764 0.0997995734 -1.00481296 182 231 249 
0.81985271 0.032215029 -0.960854352 185 226 245 
0.823897123 0.0118315518 -0.920029581 183 229 245 
0.774972141 0.0338721573 -0.902663589 165 215 240 
0.818324268 0.0311246812 -0.878569603 176 217 241 
0.794004202 0.141434789 -0.98782438 186 236 250 
0.817987204 0.0305614471 -0.856833816 175 216 241 
0.817572355 0.0276995599 -0.805987477 174 215 238 
0.816532969 0.0299077332 -0.782806873 167 209 235 
0.75837934 0.180763185 -0.978005946 186 236 249 
0.784510553 0.178347856 -0.962155342 184 233 249 
0.815923035 0.0296883285 -0.752366781 167 211 238 
0.814747393 0.029815793 -0.699810803 174 217 238 
0.79159832 0.0289248228 -0.697751701 168 213 236 
0.814255476 0.0310974717 -0.691468596 175 217 238 
0.776280463 0.212404847 -0.962760329 183 234 249 
0.77212584 0.229572833 -0.962795436 180 234 249 
0.812870502 0.0326988697 -0.64567858 174 215 237 
0.814917326 0.020164609 -0.600364447 174 216 236 
0.803373635 0.0272891521 -0.595220268 171 214 235 
0.813948452 0.0225324631 -0.582198203 175 218 238 
0.760392547 0.277573019 -0.95750773 174 224 245 
0.811278999 0.0299687088 -0.542273819 165 210 232 
0.810278535 0.0306155682 -0.503531873 154 202 226 
0.81019485 0.0297368467 -0.489923239 152 201 225 
0.807922542 0.0341735482 -0.434902459 159 202 226 
-0.811968565 0.483023405 -0.222158909 105 134 152 
-0.824511528 0.763406634 -0.644188523 125 147 160 
-0.850034118 0.766241908 -0.639841616 119 144 161 
-0.82549113 0.766049862 -0.6285851 121 144 159 
-0.825004399 0.543901861 -0.239966869 120 153 174 
-0.832451344 0.794604301 -0.626344919 143 165 180 
-0.835386813 0.582582712 -0.217784047 119 153 172 
-0.780347288 0.775435209 -0.642498255 117 142 157 
-0.781578064 0.779649377 -0.632822394 112 136 152 
-0.784833193 0.793061495 -0.632416785 116 142 160 
-0.735019743 0.782892823 -0.643422306 111 142 164 
-0.73694247 0.789672375 -0.630485058 121 152 172 
-0.740261018 0.803487241 -0.631643176 113 144 165 
-0.730532646 0.795166373 -0.637238681 115 147 168 
0.756828964 0.390843004 -0.968269825 162 211 231 
0.767555118 0.329405546 -0.950512171 174 220 238 
0.79201591 0.341927379 -0.96152091 170 216 233 
0.780860126 0.387068808 -0.950977921 172 218 236 
0.854497433 0.0326166451 -0.39292261 157 201 226 
0.775088549 0.411632627 -0.95896697 165 213 233 
0.76588732 0.451105833 -0.975170135 168 211 230 
0.760064244 0.475158781 -0.975116014 153 196 215 
0.74875164 0.494115502 -0.9635607 134 179 200 
0.725060046 0.465541273 -0.924143851 144 191 217 
0.73492378 0.531962395 -0.94145298 120 160 184 
0.774538338 0.391335845 -0.708159924 169 211 232 
0.762456656 0.401587546 -0.70125556 170 209 230 
0.770446241 0.408367753 -0.709554851 168 207 228 
0.776273251 0.380027086 -0.66214484 164 208 233 
0.77216959 0.381098658 -0.661110997 164 209 233 
0.783044577 0.34892863 -0.627448559 153 197 221 
0.768910348 0.334630102 -0.581316054 154 194 216 
0.782613516 0.34813422 -0.598829031 152 194 218 
0.76916188 0.311851203 -0.541377664 156 198 224 
0.75947696 0.286667168 -0.501655638 150 191 216 
0.770896316 0.243751496 -0.421541005 145 184 209 
0.697605491 0.564123631 -0.919856846 123 161 187 
0.697088182 0.541158557 -0.879935205 128 169 197 
0.766071796 0.424602866 -0.68913269 159 197 219 
0.76247865 0.4377262 -0.669998288 152 192 216 
0.781716824 0.349654019 -0.574550509 151 190 211 
0.786266208 0.327286541 -0.534860551 147 186 212 
0.790025353 0.308024138 -0.493394583 148 186 209 
0.787049115 0.311694831 -0.438713163 129 168 192 
0.787724078 0.312750131 -0.440257877 129 168 191 
0.796889067 0.272071391 -0.408991575 142 181 205 
0.788139701 0.310692668 -0.436475694 129 168 192 
0.783382535 0.265127718 -0.358927101 144 180 205 
0.794537306 0.27902174 -0.378255755 141 178 202 
0.768435478 0.238670051 -0.319319725 114 148 173 
0.729324579 0.544475317 -0.776958108 125 167 196 
0.74641645 0.510817289 -0.744788349 152 192 217 
0.702863753 0.515230834 -0.737601519 152 193 220 
0.7397542 0.540136933 -0.764732063 132 172 200 
0.748895586 0.496584296 -0.700445771 141 183 209 
0.720055997 0.496552289 -0.697294116 148 192 218 
0.759817719 0.449176848 -0.675077558 149 190 214 
0.787316203 0.314177245 -0.437392086 129 167 191 
0.788531125 0.300419927 -0.340294331 122 151 171 
0.774251521 0.281271607 -0.296784043 121 155 178 
0.787462473 0.303960085 -0.330573946 117 146 165 
0.690775692 0.622018337 -0.835254788 140 180 205 
0.728928149 0.588516712 -0.805314183 131 169 194 
0.721168995 0.62205708 -0.821798503 137 177 202 
0.736469388 0.554393589 -0.772347808 127 168 196 
0.784025431 0.31363216 -0.280254364 144 172 190 
0.714454293 0.649880171 -0.822700202 141 177 199 
0.708645403 0.673969924 -0.823703051 134 167 190 
0.698055089 0.716311693 -0.808013439 123 157 179 
0.688333213 0.757008195 -0.813911021 123 157 178 
0.648600698 0.75823158 -0.808879435 104 137 156 
0.833661258 0.36675325 -0.986395419 170 212 227 
0.82414645 0.403771043 -0.960918963 175 218 234 
0.821097314 0.416413635 -0.961421907 170 213 231 
0.810037851 0.463530034 -0.977246881 152 194 215 
0.805129886 0.483645529 -0.975451469 147 190 212 
0.802742243 0.411338389 -0.70037806 159 201 223 
0.823608518 0.379595816 -0.667580962 182 222 241 
0.816902697 0.409376502 -0.690646887 161 203 226 
0.82787478 0.358340561 -0.627254844 166 207 227 
0.828152001 0.353687584 -0.588275254 120 157 183 
0.814694822 0.419111758 -0.697462797 153 196 220 
0.771137714 0.444882572 -0.678657472 148 187 211 
0.803793073 0.464190245 -0.697884202 148 190 216 
0.828219593 0.352493882 -0.578115702 109 145 172 
0.828599393 0.346509725 -0.529055178 136 172 193 
0.831844151 0.329268515 -0.486433238 126 163 184 
0.836796999 0.305315673 -0.447649986 140 175 194 
0.790710807 0.312581122 -0.438633412 129 168 192 
0.838217318 0.295243263 -0.400927782 135 174 197 
0.837145746 0.299079835 -0.394365788 133 172 194 
0.783798218 0.553987682 -0.777769446 132 174 198 
0.770555675 0.554455042 -0.776060045 129 170 195 
0.782500029 0.559515059 -0.779591978 130 172 195 
0.791846991 0.517870307 -0.745943785 145 188 213 
0.794221997 0.5040465 -0.701367199 174 213 233 
0.797754467 0.309800178 -0.336205095 118 146 165 
0.829903901 0.324845076 -0.348203957 121 150 168 
0.743216515 0.611871481 -0.794179559 135 173 198 
0.770631492 0.608184814 -0.775535047 124 161 186 
0.826742649 0.335838139 -0.325226188 125 155 171 
0.80779922 0.33058545 -0.273644388 136 165 183 
0.824537873 0.341324776 -0.284972727 126 156 174 
0.828061879 0.323879391 -0.252903283 118 148 167 
0.757071674 0.667986512 -0.817533731 142 181 204 
0.753062367 0.685074985 -0.82335484 136 173 196 
0.763270319 0.639138699 -0.781550169 138 171 191 
0.824761808 0.339129627 -0.270860404 122 153 171 
0.742457628 0.727488518 -0.807797134 129 164 187 
0.737114131 0.750896573 -0.822596073 125 158 181 
0.845262885 0.371053994 -0.988752484 171 212 226 
0.834660113 0.409681469 -0.96657449 174 217 233 
0.877176225 0.382323802 -0.994256139 172 212 224 
0.866144001 0.42685324 -0.982588053 164 209 225 
0.892465472 0.176920593 -0.628327727 199 234 246 
0.908570647 0.217843413 -0.607835889 184 226 240 
0.914560616 0.197254777 -0.654048264 195 237 249 
0.920102358 0.169820756 -0.603616953 198 237 248 
0.854012311 0.476825774 -0.980925858 152 193 213 
0.919808567 0.160211354 -0.483349323 176 215 232 
0.90340513 0.193436652 -0.463472664 176 214 227 
0.907778084 0.210661784 -0.491643101 173 211 227 
0.912316799 0.188193381 -0.450339943 176 214 227 
0.852974117 0.481214434 -0.982031405 149 190 211 
0.867753208 0.400684685 -0.765674949 166 205 226 
0.842940152 0.402713984 -0.761844397 167 205 226 
0.864926994 0.412708551 -0.769535303 169 208 227 
0.874118865 0.371180534 -0.730066776 178 217 234 
0.851396441 0.381920934 -0.721727252 176 214 232 
0.878198028 0.35066092 -0.689319849 169 209 229 
0.859866142 0.361131161 -0.68160975 178 217 233 
0.884796023 0.320243478 -0.654234052 164 208 229 
0.850215435 0.335955441 -0.641887009 171 213 230 
0.884801924 0.315728486 -0.604333282 141 182 207 
0.867667019 0.317339659 -0.601573944 151 194 217 
0.888833761 0.295394659 -0.563480139 140 183 205 
0.882779062 0.298157603 -0.561311841 139 182 205 
0.889112055 0.292981744 -0.549444437 137 179 202 
0.907065809 0.210281104 -0.454711735 169 207 221 
0.839772999 0.443141282 -0.739504397 150 192 215 
0.854154289 0.4559533 -0.755505562 153 195 217 
0.822098196 0.416023374 -0.699956417 156 198 221 
0.840011656 0.351839721 -0.579767346 120 155 181 
0.884573936 0.312132537 -0.553906858 130 171 195 
0.875838041 0.348609447 -0.558178008 135 169 192 
0.831709564 0.48238343 -0.71727103 153 191 214 
0.843032062 0.500928581 -0.744657099 141 176 199 
0.865123868 0.393048733 -0.560109675 129 162 184 
0.861584306 0.39825508 -0.556888521 124 157 179 
0.863497794 0.399614185 -0.558413327 125 159 181 
0.841594994 0.370576978 -0.517390966 124 157 179 
0.877401173 0.33582443 -0.487873018 115 146 168 
0.871107817 0.361941487 -0.489160508 110 142 165 
0.874897838 0.332958043 -0.436799675 136 169 185 
0.87660104 0.334747583 -0.439170629 135 167 183 
0.847048819 0.303377539 -0.397473305 136 174 194 
0.79166621 0.55956471 -0.775600195 132 173 196 
0.839863122 0.514763713 -0.752910078 133 169 192 
0.828818917 0.561204791 -0.761935949 130 167 189 
0.863149226 0.40080753 -0.55567199 125 158 180 
0.851261497 0.414110541 -0.494771451 119 150 170 
0.857186675 0.420771956 -0.503781676 117 149 169 
0.861331105 0.400255382 -0.466066599 111 143 164 
0.862435102 0.371135324 -0.414662153 116 148 169 
0.864796996 0.383097768 -0.434526175 111 144 165 
0.873484731 0.342229664 -0.379243165 136 164 180 
0.869087577 0.361857474 -0.395480633 123 152 172 
0.87930727 0.314859569 -0.342414409 129 161 179 
0.850604594 0.322592199 -0.335053921 122 152 170 
0.878112316 0.31718111 -0.313353211 125 156 174 
0.824221909 0.580713689 -0.767672896 131 167 189 
0.814882874 0.620109856 -0.776694179 122 158 180 
0.84675467 0.45421353 -0.472460657 109 139 160 
0.848136783 0.455488503 -0.474074811 109 140 161 
0.848577976 0.45330435 -0.470059752 109 139 160 
0.866049528 0.37593624 -0.412447691 113 145 166 
0.872701347 0.336324245 -0.277654439 107 137 156 
0.850953698 0.341030687 -0.272704393 111 141 160 
0.872634292 0.334214926 -0.251140594 94 122 141 
0.794522166 0.710886896 -0.850669265 107 140 166 
0.794204831 0.711086392 -0.850525856 107 140 165 
0.800323069 0.683601975 -0.813791811 137 168 188 
0.809613407 0.642606139 -0.784756422 124 158 181 
0.848051906 0.455636859 -0.471828967 109 140 161 
0.794381082 0.711441398 -0.850352108 107 140 166 
0.785770237 0.744060755 -0.81749928 130 163 183 
0.854044259 0.406074494 -0.196187347 109 134 151 
0.775494099 0.785652995 -0.807906449 121 155 178 
0.921444118 0.394167036 -0.995264947 176 220 235 
0.909486413 0.443277955 -0.992018938 176 215 228 
0.934993923 0.255733788 -0.747200251 178 219 239 
0.945428431 0.272056222 -0.739467621 171 212 234 
0.946771085 0.268787563 -0.764782965 174 216 235 
0.922969043 0.229983404 -0.707529187 183 229 244 
0.94079262 0.275491297 -0.68473202 169 208 228 
0.942997396 0.277384222 -0.687060595 168 207 227 
0.92256707 0.2070463 -0.667605042 189 233 245 
0.918502152 0.247256249 -0.645284593 178 222 236 
0.910129786 0.222389936 -0.605534017 182 224 238 
0.93039149 0.16326049 -0.587568641 192 233 244 
0.931909144 0.204821646 -0.565126657 175 220 235 
0.941782176 0.143177688 -0.5473876 174 216 234 
0.916448832 0.178239733 -0.525530457 175 222 240 
0.951617539 0.122718424 -0.507240415 169 212 230 
0.921415508 0.156602055 -0.485489339 176 214 232 
0.962967932 0.102625877 -0.467060238 165 209 231 
0.947493851 0.140074342 -0.44498834 166 207 226 
0.966074884 0.0805380344 -0.427059591 166 208 229 
0.958559453 0.119912803 -0.404814363 169 209 232 
0.903800309 0.467066258 -0.995312989 159 200 217 
0.860292137 0.479919285 -0.983540177 149 191 211 
0.928976119 0.313825071 -0.662580431 141 184 212 
0.932917178 0.317200929 -0.666729093 139 182 210 
0.942254722 0.275542945 -0.632507086 152 192 214 
0.933874786 0.312460124 -0.658014178 139 182 210 
0.924727142 0.267117023 -0.582807064 153 195 217 
0.94015342 0.281378239 -0.600877106 144 186 210 
0.913483083 0.241555631 -0.543119013 165 204 220 
0.909294605 0.217701972 -0.503277302 170 209 226 
0.929358184 0.176878601 -0.422974378 169 207 226 
0.943481505 0.157457203 -0.382733792 165 203 222 
0.909859955 0.425289541 -0.809274673 162 201 220 
0.894276321 0.43797943 -0.80065912 159 200 220 
0.903860331 0.450960249 -0.819090128 160 199 219 
0.917068601 0.39247331 -0.775560915 170 213 234 
0.921385705 0.371018469 -0.73534894 161 206 232 
0.926616848 0.345971942 -0.697191238 144 188 216 
0.931991756 0.315868706 -0.609442532 151 191 215 
0.902864397 0.280179262 -0.520941377 137 178 201 
0.913793921 0.259984851 -0.48077035 140 182 201 
0.925011814 0.239860237 -0.440593064 144 182 200 
0.92747587 0.217616811 -0.400606424 131 170 194 
0.934170067 0.196397275 -0.360527635 160 196 213 
0.872397363 0.473877609 -0.778726757 154 195 216 
0.893759787 0.490877151 -0.798942924 148 188 209 
0.92497617 0.343435019 -0.593675911 148 184 206 
0.881001055 0.361760914 -0.578874528 150 181 201 
0.91591984 0.38117522 -0.597280562 138 172 191 
0.929490149 0.32120657 -0.553906381 118 155 179 
0.927539527 0.324379086 -0.499608696 127 162 183 
0.931976616 0.302452654 -0.459666431 113 149 172 
0.942024052 0.258482069 -0.432332456 142 182 202 
0.942049563 0.253889889 -0.382475764 131 171 198 
0.945157826 0.237185478 -0.33954674 139 171 191 
0.945108235 0.23668015 -0.33165881 140 173 192 
0.85425663 0.510680616 -0.756712914 133 168 191 
0.884300768 0.527618885 -0.772958934 130 165 186 
0.909283817 0.405094087 -0.558409691 122 154 176 
0.873110831 0.401044995 -0.556637466 124 157 179 
0.909176767 0.404471815 -0.546580672 122 154 177 
0.892258584 0.359999925 -0.47635448 110 143 166 
0.928376615 0.316597939 -0.451575965 118 151 173 
0.882706702 0.334848106 -0.436629564 136 168 184 
0.920234621 0.349730521 -0.445951074 128 158 177 
0.922684848 0.337600827 -0.423653394 135 163 181 
0.938034475 0.26161325 -0.283967227 110 141 165 
0.875231504 0.565845311 -0.781366348 141 172 191 
0.851598561 0.57407093 -0.774294794 139 171 193 
0.869334042 0.59162581 -0.797095835 143 177 200 
0.901259959 0.433578581 -0.506561458 115 149 173 
0.912662327 0.382835448 -0.466174334 112 146 170 
0.904712677 0.416486263 -0.475141108 117 151 174 
0.880863011 0.375595689 -0.414260775 111 144 165 
0.898336768 0.356985271 -0.373947203 121 151 170 
0.914798796 0.366555452 -0.383354545 111 144 164 
0.90827477 0.336550862 -0.333797783 113 142 162 
0.857761443 0.638830543 -0.790345669 130 161 182 
0.894104898 0.46024406 -0.474383295 135 170 190 
0.864812613 0.458584338 -0.472067326 120 151 172 
0.91120261 0.379587471 -0.36306569 128 158 176 
0.917872787 0.348887086 -0.328141689 107 137 157 
0.918891847 0.34039098 -0.280517906 107 135 155 
0.91666317 0.347241342 -0.254324377 102 127 146 
0.842866719 0.706489921 -0.858373582 153 187 207 
0.848412097 0.680208981 -0.820921898 123 156 179 
0.857417524 0.640332639 -0.791246235 129 161 182 
0.804688513 0.754817724 -0.827888548 136 168 189 
0.896951735 0.424652278 -0.20957607 130 159 180 
0.942287624 0.394538134 -0.986639142 174 213 230 
0.945854366 0.436595291 -0.964152515 161 200 216 
0.955867469 0.374985218 -0.946410418 173 209 223 
0.957033932 0.416461408 -0.923976064 159 195 213 
0.963251173 0.353932589 -0.906316578 189 225 234 
0.969327986 0.38167721 -0.891891599 178 209 222 
0.962704122 0.410815984 -0.911582589 161 195 213 
0.962697566 0.330958784 -0.866395712 191 225 234 
0.962907732 0.372203469 -0.84398216 158 198 218 
0.967912734 0.385030746 -0.864182234 163 197 215 
0.96143049 0.307812244 -0.826490283 173 213 229 
0.960036457 0.348668665 -0.804111719 155 196 214 
0.955254018 0.283477426 -0.786691904 173 215 232 
0.955615103 0.324758649 -0.764275074 154 199 222 
0.951171815 0.300843358 -0.724438906 163 203 225 
0.934060752 0.497774452 -0.981933355 146 185 204 
0.953765094 0.45181182 -0.956744134 148 185 205 
0.943457901 0.496008098 -0.974663615 146 183 201 
0.958468854 0.428837359 -0.917401314 149 184 204 
0.934495628 0.406520396 -0.822192073 155 192 211 
0.956176341 0.433046669 -0.858923197 131 167 188 
0.932467878 0.383189768 -0.782303214 161 203 223 
0.939189494 0.361976802 -0.742223859 151 193 218 
0.939294755 0.339162499 -0.702288628 143 187 216 
0.947985351 0.295586318 -0.622233391 145 185 207 
0.923904121 0.536509991 -0.959745646 141 178 198 
0.93629235 0.521396279 -0.927808642 154 189 206 
0.955052912 0.437767744 -0.859810352 132 168 189 
0.919575214 0.466942668 -0.840041041 157 196 214 
0.942114055 0.49257642 -0.874829888 140 176 196 
0.915019095 0.575553238 -0.93753016 136 176 196 
0.925180614 0.566319108 -0.916863799 134 173 195 
0.915423632 0.507131696 -0.817722499 141 180 200 
0.931937754 0.532868147 -0.855371654 136 175 194 
0.951905072 0.37892276 -0.577330112 113 144 167 
0.962939918 0.35875383 -0.53715682 105 136 157 
0.929325998 0.327777982 -0.497956067 125 160 181 
0.93439573 0.306165248 -0.457912654 112 146 170 
0.94943434 0.28696543 -0.41765216 151 192 213 
0.946301639 0.263367355 -0.377787411 132 172 198 
0.946779311 0.240643084 -0.337844044 139 171 190 
0.904420555 0.614181817 -0.915352106 132 173 197 
0.922774613 0.573580861 -0.887097836 128 168 191 
0.90653348 0.59185338 -0.875373125 130 169 193 
0.923389494 0.566672862 -0.838565707 153 190 212 
0.921663463 0.572675645 -0.835110605 156 193 215 
0.93021518 0.535361826 -0.80399096 119 152 172 
0.921910703 0.572421789 -0.834556699 155 193 215 
0.929834545 0.533195138 -0.762447357 110 142 163 
0.957422674 0.40150544 -0.565651715 116 151 175 
0.92171818 0.412810087 -0.555578709 122 156 179 
0.94962424 0.435227394 -0.582355618 114 146 166 
0.965940177 0.363546371 -0.534879386 106 138 159 
0.962879717 0.371079743 -0.478087515 122 155 177 
0.962837756 0.369814932 -0.462109536 118 151 173 
0.94277519 0.326547444 -0.395388216 120 150 170 
0.956286967 0.306978047 -0.355160952 139 171 192 
0.949033439 0.282382548 -0.315385967 112 141 161 
0.877195656 0.648786068 -0.893536091 128 166 189 
0.873132944 0.624962807 -0.853691697 147 186 206 
0.878398001 0.603397369 -0.813644052 140 175 200 
0.923044026 0.563538611 -0.787875175 112 141 160 
0.951235592 0.425815791 -0.551747322 123 160 185 
0.951663911 0.419641465 -0.502795577 123 159 183 
0.924035132 0.431724876 -0.493186325 124 159 182 
0.957817137 0.39097175 -0.46671018 126 158 178 
0.964775622 0.354646474 -0.382520258 115 149 169 
0.957199514 0.387641937 -0.401354998 122 156 176 
0.965835869 0.345988572 -0.334988981 110 143 165 
0.97254616 0.31513074 -0.300155073 114 148 170 
0.896175206 0.682588279 -0.877233744 119 151 173 
0.870975256 0.665634394 -0.831329703 120 151 172 
0.894292772 0.688973069 -0.861759067 113 144 166 
0.858601868 0.639799714 -0.791666269 129 160 182 
0.951493084 0.406837225 -0.352669537 141 179 199 
0.963627994 0.354663849 -0.330027133 110 143 165 
0.962274253 0.355491698 -0.277070463 128 167 194 
0.960228026 0.362564802 -0.26173088 134 172 199 
0.887653768 0.716071248 -0.85808295 119 152 171 
0.951950014 0.393460184 -0.224999636 119 151 173 
0.942052901 0.432370216 -0.203001499 137 164 181 
0.932642281 0.468872488 -0.1765773 94 119 136 
0.971484244 0.397119164 -0.883728266 174 204 219 
0.959735692 0.481149048 -0.941441178 141 178 197 
0.95967108 0.458293617 -0.901509643 136 169 189 
0.957467377 0.434920371 -0.861624599 132 168 190 
0.939426839 0.517427206 -0.919474602 156 191 208 
0.944034517 0.495702714 -0.879441261 140 176 196 
0.932929099 0.55704838 -0.897207141 135 176 198 
0.93256551 0.53412056 -0.857282102 136 174 194 
0.939783394 0.55422163 -0.794782937 113 142 160 
0.957324445 0.421428323 -0.554803133 125 162 187 
0.972181737 0.402184606 -0.514546573 124 160 183 
0.964769423 0.377550662 -0.474775076 125 157 179 
0.968289196 0.373916775 -0.37242353 132 169 191 
0.965282142 0.350349128 -0.332556039 108 141 163 
0.976530135 0.330231756 -0.292378098 114 150 175 
0.907763064 0.697378516 -0.870461345 119 152 174 
0.977729142 0.476661086 -0.170132563 106 131 150 
0.868009329 0.0285563767 -0.96813643 176 219 241 
0.834800243 0.0299991667 -0.963702321 185 226 245 
0.863190413 0.0500911176 -0.986198187 190 231 248 
0.871928573 0.00866481662 -0.927030325 172 218 238 
0.83209008 0.00650331378 -0.923828363 182 229 244 
0.873812914 -0.0024947226 -0.889530897 192 229 244 
0.85961026 0.0660503209 -0.999174774 195 235 249 
0.848234355 0.114045113 -1.01023793 187 232 248 
0.871930778 0.00416439772 -0.87712115 192 229 245 
0.842836082 0.0274583697 -0.861252427 178 219 242 
0.866536319 0.0234425366 -0.843685329 179 222 242 
0.837763667 0.155795038 -0.993460178 202 242 252 
0.863589883 0.0324459374 -0.808462262 174 217 239 
0.862015903 0.0357358158 -0.772758186 174 216 239 
0.829069257 0.188751519 -0.960517883 196 240 249 
0.86189872 0.0345991552 -0.75474751 177 219 240 
0.863115788 0.0253252387 -0.707568586 170 214 236 
0.861199021 0.0296952426 -0.66812861 168 210 234 
0.793739796 0.230515867 -0.954826713 184 235 249 
0.818463266 0.231170714 -0.944970548 188 237 247 
0.86063695 0.0305734277 -0.652083755 167 208 233 
0.860714138 0.0257783532 -0.602343082 170 214 235 
0.858931005 0.0308379233 -0.576703608 172 216 237 
0.814704418 0.246988297 -0.948169589 183 232 246 
0.804733813 0.289052695 -0.95784831 180 227 244 
0.856974542 0.0359801352 -0.544025004 176 219 238 
0.85909009 0.0231759846 -0.498865217 169 213 233 
0.829250157 0.029066503 -0.492381811 159 205 227 
0.857527673 0.0277001858 -0.477410346 165 209 229 
0.798452079 0.315339744 -0.961558938 177 223 240 
0.85591507 0.031159699 -0.441815704 164 208 229 
0.911718488 0.042373091 -0.965423346 171 216 237 
0.906592965 0.0662180483 -0.995081604 168 215 235 
0.91481024 0.0257330835 -0.922457457 156 205 233 
0.919547081 0.00262904167 -0.883188784 158 210 243 
0.894182444 -0.00130748749 -0.882542968 179 222 245 
0.919286609 0.00337892771 -0.879565954 158 211 244 
0.905183971 0.0725407302 -1.00065196 168 216 236 
0.892871678 0.124059677 -1.0078851 197 238 249 
0.910756767 0.035520941 -0.84512651 166 211 236 
0.883179426 0.161955327 -0.984022141 200 242 252 
0.907150865 0.0468446314 -0.805416286 171 217 240 
0.908891141 0.0355149209 -0.759413242 171 210 235 
0.88876003 0.0340881646 -0.757977247 173 213 236 
0.908814728 0.0350494683 -0.75073421 167 207 233 
0.873082817 0.201853514 -0.963840604 198 242 251 
0.907464147 0.0366305113 -0.706291974 162 206 234 
0.906347871 0.0371768475 -0.66111958 170 213 235 
0.864729404 0.235988617 -0.959650397 190 235 246 
0.843204975 0.242488563 -0.953749299 186 234 245 
0.86137557 0.249724835 -0.958315849 186 233 243 
0.905667961 0.0391962528 -0.652341306 170 212 235 
0.904809952 0.0380756259 -0.600499034 177 218 237 
0.904328227 0.0370904207 -0.567435145 168 211 231 
0.848310113 0.30431965 -0.965150833 176 223 239 
0.903336942 0.0393716991 -0.547274649 159 205 226 
0.902703226 0.0373699367 -0.495936394 175 215 234 
0.903347909 0.0318585038 -0.464292139 161 202 224 
0.846426606 0.312396646 -0.968431711 175 222 238 
0.903113723 0.0312652588 -0.446944773 154 197 221 
0.901570559 0.032836616 -0.393562883 168 209 228 
0.929353893 0.0528852642 -0.961642742 183 225 237 
0.921693623 0.0281912386 -0.921876669 160 208 234 
0.931292713 0.00767481327 -0.88173461 166 215 246 
0.941106379 0.121445537 -1.03035331 174 219 237 
0.920875311 0.137706578 -1.01928437 176 219 235 
0.935455382 0.144240141 -1.02422011 164 209 227 
0.947451055 0.0920235217 -0.994698167 193 240 251 
0.950093091 0.0771502554 -0.95072186 191 231 238 
0.956517637 0.0474150479 -0.915245891 182 221 238 
0.949757278 0.053337872 -0.858923495 193 231 242 
0.95317024 0.0565440357 -0.863010406 193 231 242 
0.931219637 0.160292625 -1.0081346 175 218 234 
0.927414954 0.173958898 -0.985325754 187 231 242 
0.952852905 0.0573228002 -0.857095897 193 231 242 
0.951895297 0.0565938056 -0.80502969 169 213 236 
0.932879627 0.0447669923 -0.757016182 171 210 233 
0.951739013 0.0535440147 -0.763969958 171 210 233 
0.922212422 0.195683956 -0.98789227 185 229 242 
0.895594597 0.213975251 -0.97501719 189 236 246 
0.915379047 0.223457217 -0.982791901 186 232 244 
0.951135695 0.0550863445 -0.75340867 173 212 233 
0.95064193 0.0525351763 -0.70238471 161 203 229 
0.949445903 0.0548115969 -0.672774792 163 207 230 
0.902280509 0.278493345 -0.993012309 180 225 241 
0.900546372 0.279207498 -0.99243331 179 225 241 
0.901902795 0.280085742 -0.993365169 180 225 241 
0.947018683 0.062279582 -0.644328177 165 208 231 
0.949535787 0.0478971004 -0.600071073 160 202 225 
0.948440254 0.0497048795 -0.56986171 173 209 230 
0.854464889 0.309247553 -0.97102809 177 223 239 
0.889922857 0.32930699 -0.990322113 175 220 234 
0.920438051 0.184689224 -0.784248114 201 237 249 
0.909018993 0.208252847 -0.77017498 199 235 252 
0.913377106 0.213198125 -0.776882052 198 236 251 
0.92099607 0.178004354 -0.735588431 207 243 251 
0.913566709 0.186513752 -0.730142951 210 246 253 
0.92740649 0.148324341 -0.700080812 199 238 250 
0.898830593 0.160107136 -0.690531015 203 246 253 
0.925664365 0.15237084 -0.665064752 194 234 248 
0.947449386 0.0516038239 -0.545467854 177 213 234 
0.948829591 0.0416884124 -0.498655856 171 211 231 
0.948197305 0.040823102 -0.460009277 176 213 230 
0.879823327 0.371225148 -0.992457151 172 213 226 
0.912750483 0.214895248 -0.766971648 196 234 251 
0.916579485 0.195358425 -0.725662649 206 244 253 
0.916192949 0.192385226 -0.674880028 199 242 252 
0.923330486 0.159848511 -0.641006351 189 228 244 
0.94739157 0.0428474545 -0.445509791 176 213 232 
0.94774574 0.0369634032 -0.396392018 166 208 232 
0.940834582 0.142537534 -1.01884973 166 211 230 
0.9548015 0.123078316 -0.978612483 177 221 233 
0.982076466 0.106840223 -0.938085437 186 223 235 
0.988700449 0.0856036246 -0.898008227 180 216 232 
0.950802147 0.16330418 -0.956290603 193 233 241 
0.963504612 0.143538922 -0.916080952 194 234 242 
0.961979449 0.120329887 -0.876181245 194 230 241 
0.977647364 0.101282358 -0.835906982 168 209 228 
0.970018923 0.0765961707 -0.796140194 171 213 232 
0.936739504 0.223934054 -0.974120975 187 228 240 
0.945433438 0.203198582 -0.933998644 198 235 243 
0.945121348 0.180283159 -0.894072473 195 233 239 
0.945469081 0.157527477 -0.854131937 199 233 240 
0.951027572 0.136033058 -0.814077914 190 228 238 
0.960606158 0.115511686 -0.773936272 184 222 235 
0.966783345 0.0941670239 -0.733868837 176 215 231 
0.963210523 0.0704624057 -0.694013655 158 198 220 
0.948908031 0.280843496 -0.996857643 170 209 223 
0.945756018 0.29398191 -0.998147905 170 211 226 
0.953152955 0.259671807 -0.956483662 179 218 231 
0.938852489 0.24279958 -0.911733031 192 229 240 
0.951810896 0.26400739 -0.943046451 178 217 231 
0.937557161 0.219646245 -0.871828198 195 234 244 
0.928384244 0.194586128 -0.832095146 198 232 241 
0.926125944 0.171199679 -0.792211294 202 237 246 
0.934712589 0.15043816 -0.752091289 192 229 241 
0.945689142 0.130255163 -0.711919308 186 223 239 
0.957358539 0.110239804 -0.671732128 175 212 233 
0.960359037 0.0881262422 -0.631733835 159 199 222 
0.960767925 0.0653854012 -0.591791987 172 210 228 
0.932281792 0.350600153 -1.00870252 177 219 232 
0.95099622 0.263654798 -0.901722431 191 226 237 
0.93694669 0.260692209 -0.849432588 191 227 239 
0.947907388 0.273246974 -0.8665061 191 225 237 
0.92605871 0.23521702 -0.809736788 190 233 244 
0.935364902 0.146110177 -0.649802268 183 223 241 
0.942592323 0.125019729 -0.609711885 185 226 241 
0.960367143 0.106482148 -0.569391727 164 210 230 
0.965355575 0.084849745 -0.529350162 169 209 228 
0.96555382 0.0620578825 -0.489412874 168 206 223 
0.932037413 0.351624221 -1.00885749 177 219 232 
0.9463045 0.277597696 -0.841264486 180 218 234 
0.94719547 0.26960516 -0.793352723 175 217 234 
0.954235137 0.292202532 -0.991263866 171 207 219 
0.955632269 0.269700825 -0.951300442 175 214 228 
0.957274735 0.334131956 -0.968788743 176 213 228 
0.965399086 0.313258588 -0.928678751 173 211 228 
0.968493879 0.291167825 -0.888678432 192 225 235 
0.844818115 -0.00609049201 0.481575936 162 206 229 
0.796364427 -0.00126475096 0.489525527 149 196 224 
0.842941523 -0.000939309597 0.51049161 169 212 233 
0.79632926 -0.00117668509 0.490165681 149 196 224 
0.840472043 0.00649443269 0.541257262 173 217 237 
0.810087204 0.0207639635 0.552358568 166 215 239 
0.788809657 0.0259636343 0.533799708 151 201 229 
0.841100454 -0.000466436148 0.589759111 174 213 237 
0.830656469 0.00290280581 0.592739582 176 215 238 
0.841195464 -0.00238054991 0.606666505 175 214 236 
0.788281679 0.0260026753 0.557604551 159 209 236 
0.789897203 0.015163213 0.603887975 161 208 237 
0.840892076 -0.00413951278 0.640141487 171 212 234 
0.792032957 0.00227946043 0.649002314 151 199 230 
0.841457486 -0.0108529627 0.688784838 164 208 232 
0.794543505 -0.0120770037 0.6932742 148 196 228 
0.84234041 -0.018133074 0.729149342 162 209 234 
0.794543207 -0.0125046074 0.698040426 148 196 228 
0.84219873 -0.0182572901 0.737033129 162 209 234 
0.79335022 -0.0118800998 0.745870054 152 198 229 
0.840671957 -0.0167498291 0.790378451 168 210 233 
0.794641972 -0.0214473903 0.792881072 154 201 227 
0.840673923 -0.0199681818 0.826048195 169 213 234 
0.794575393 -0.0227488577 0.810397625 156 202 226 
0.840208769 -0.0194216669 0.841333508 170 215 235 
0.792052984 -0.0157664716 0.84861356 161 211 232 
0.843435347 -0.0365917087 0.883996129 176 217 236 
0.794550776 -0.0300728679 0.892914057 157 206 232 
0.838224888 -0.0179289579 0.915825069 167 213 234 
0.793278992 -0.0264157057 0.910663784 162 211 237 
0.789176762 0.214795709 0.581538439 171 217 240 
0.829098582 0.0171652138 0.944837809 164 214 235 
0.784086347 0.00900700688 0.93907249 176 223 242 
0.779155672 0.254319906 0.602407575 165 214 242 
0.819266737 0.055752486 0.96742928 170 219 240 
0.77578783 0.0400036871 0.975617409 173 224 244 
0.77738744 0.258861631 0.633116543 165 213 243 
0.752491474 0.276826292 0.645624816 164 208 238 
0.773696721 0.271259487 0.664793432 163 208 238 
0.81324321 0.0820408463 0.951848507 178 228 244 
0.763801932 0.0907471478 0.962017655 166 219 242 
0.804102898 0.120735556 0.941497803 170 222 240 
0.761505246 0.100623876 0.957706451 168 221 243 
0.891306639 0.000705450773 0.43470493 170 212 232 
0.891154945 -0.0025986135 0.47838369 166 208 230 
0.89145565 -0.0082719624 0.527622044 178 217 238 
0.880825043 -0.0033082664 0.531490445 178 217 238 
0.890904188 -0.00738695264 0.543106496 176 215 236 
0.889845192 -0.00643572211 0.581155419 170 210 232 
0.888280272 -0.00448223948 0.631292284 180 219 239 
0.888196528 -0.00444969535 0.634774566 180 219 239 
0.886597753 -0.00265946984 0.688281655 177 219 237 
0.887910843 -0.0123107433 0.735244811 174 219 238 
0.875714421 -0.0135169029 0.735928893 171 217 238 
0.887794673 -0.0121629238 0.738936901 174 219 239 
0.897142529 -0.0575679243 0.814326048 168 217 237 
0.883626044 -0.0572815835 0.815967083 168 218 238 
0.89469558 -0.0463257134 0.801737547 168 217 236 
0.896936953 -0.0574212968 0.822134316 170 218 237 
0.887834728 -0.0165033042 0.785329938 170 215 234 
0.864010572 -0.0208355486 0.837948799 176 221 239 
0.891188085 -0.0386633873 0.87762177 192 232 240 
0.88211894 -0.0392923057 0.878276229 190 230 240 
0.890992045 -0.0380761027 0.880097985 192 232 240 
0.884154141 -0.0143103302 0.929935336 189 230 240 
0.833651304 0.225615814 0.582410455 169 217 244 
0.876719058 0.013697356 0.960052967 178 225 242 
0.872904658 0.0180252194 0.962826371 175 223 242 
0.875554562 0.0181765854 0.963740826 177 224 243 
0.823648691 0.265048534 0.603447735 167 214 240 
0.874783158 0.0213038623 0.96440351 176 224 243 
0.863210857 0.0691984296 0.963474154 176 224 240 
0.801963925 0.288800746 0.646702409 168 213 240 
0.814699948 0.299263954 0.63407582 165 209 234 
0.858615816 0.0893213451 0.950823188 181 228 241 
0.84801507 0.13433978 0.937251806 177 229 243 
0.937518299 0.00292626023 0.451384753 171 216 235 
0.93666631 0.00413677096 0.477046579 172 216 235 
0.936064065 0.00201138854 0.528314233 173 214 236 
0.9364416 -0.0018286407 0.553651094 171 212 235 
0.935571253 -0.000544130802 0.57933569 170 212 235 
0.934352696 -0.000248014927 0.631988287 182 221 239 
0.895852566 -0.00415679812 0.634092629 182 220 239 
0.936040699 -0.00992891192 0.662067056 170 211 231 
0.936104596 -0.0116232336 0.677965343 164 208 229 
0.93333143 -0.00521868467 0.734111667 173 220 240 
0.934251726 -0.0111574233 0.757850885 177 221 238 
0.923981726 -0.0475138128 0.816846132 164 212 233 
0.934226096 -0.0132258236 0.782015026 180 223 237 
0.93859905 -0.0349000394 0.822101593 163 211 233 
0.937029898 -0.0332261622 0.875542104 181 223 241 
0.936268747 -0.0312269628 0.888269603 184 227 243 
0.927804053 0.000592410564 0.923302412 172 218 235 
0.879146099 0.231385261 0.592566907 174 222 244 
0.922596037 0.0189960599 0.957894087 164 212 233 
0.920383334 0.027243048 0.967836618 166 214 235 
0.871643603 0.259627461 0.623175621 159 204 232 
0.867671967 0.263511091 0.625724673 158 203 231 
0.870756924 0.262830675 0.628287017 158 204 231 
0.906338036 0.0873697102 0.944517493 188 237 249 
0.899227679 0.0884302855 0.945875764 187 236 248 
0.905305803 0.0917987525 0.94269073 189 238 249 
0.918023825 0.0369612873 0.968169451 173 219 238 
0.832721412 0.296245396 0.647372365 163 208 234 
0.862478554 0.293727815 0.665014982 151 199 227 
0.891726613 0.148937136 0.931180239 185 237 246 
0.978694975 0.0245567858 0.483536392 158 205 233 
0.979003489 0.0188523233 0.532756984 152 191 217 
0.979408085 0.0164575279 0.540798366 155 194 220 
0.980707228 0.00766626 0.578842223 169 210 235 
0.978893816 0.0102998316 0.632831752 169 209 227 
0.979175031 0.00752589107 0.65074265 172 211 229 
0.978998244 0.00539755821 0.682510972 178 218 234 
0.976865709 0.00928518176 0.737217784 173 212 228 
0.977008879 0.00816494226 0.743093312 174 213 230 
0.978021204 0.000253051519 0.784534872 179 223 240 
0.977005541 -0.00024792552 0.836731553 188 230 242 
0.975018919 -0.0168065131 0.880299687 197 233 248 
0.978787839 -0.0107263327 0.871346235 197 233 247 
0.932441533 0.208623484 0.561646223 169 208 229 
0.979039013 -0.0127298832 0.882075608 196 232 247 
0.97221452 0.0117297471 0.923591137 172 217 234 
0.932593644 0.205700293 0.587142289 173 213 234 
0.889267802 0.227544367 0.603786111 173 219 242 
0.927729309 0.221865818 0.630828619 195 236 246 
0.966589868 0.0316941142 0.959967375 163 208 228 
0.964757621 0.038559705 0.967795849 163 208 228 
0.918631971 0.256816924 0.660104275 174 214 234 
0.953076661 0.0892827213 0.940422177 189 235 245 
0.948417604 0.109365046 0.931161404 193 241 248 
0.962504923 0.0477450788 0.969147801 164 210 229 
0.908062875 0.299053997 0.675986409 165 209 231 
0.93597275 0.160980105 0.928946614 190 237 248 
0.933340013 0.160720587 0.929094791 190 237 248 
0.935859263 0.161449522 0.92894125 190 237 248 
0.99181205 0.046395272 0.493974894 159 201 225 
0.980054319 0.0207095146 0.533651829 152 190 216 
0.984087288 0.0857193768 0.516215622 167 207 227 
0.99768275 0.0661701858 0.556444764 157 199 219 
0.995667875 0.0428426862 0.596333802 172 212 234 
0.982692182 0.0168621838 0.635984182 172 210 228 
0.97428447 0.124540508 0.538411021 170 213 231 
0.980367601 0.103172988 0.578476548 176 214 232 
0.990006506 0.0826662183 0.618619442 173 210 227 
1.00315118 0.0630079806 0.658838749 173 219 238 
0.999917805 0.0393855274 0.698701262 170 216 241 
0.978146374 0.0112760365 0.738160014 174 213 229 
0.965686977 0.163653404 0.560632765 181 226 240 
0.98566705 0.186207086 0.53009057 165 203 222 
0.963705719 0.14033398 0.600522578 182 225 239 
0.966911137 0.11827001 0.640525341 193 231 243 
0.978645504 0.0982703865 0.680713952 176 218 233 
0.989162505 0.0779761374 0.720875978 183 225 240 
1.01122832 0.0598261654 0.760935426 185 228 243 
1.01096106 0.0609908402 0.760272503 185 228 243 
1.0130496 0.0380781591 0.80126214 173 220 239 
1.01234221 0.0541535318 0.772841394 181 225 242 
0.985686481 0.00861528516 0.84059912 194 235 244 
0.944646776 0.199754596 0.582583427 171 211 233 
0.957600892 0.180050164 0.622798562 178 225 240 
0.946458399 0.154513389 0.662488818 202 235 247 
0.952643573 0.133170635 0.702556551 182 222 240 
0.976113975 0.116011679 0.743000686 180 216 231 
1.01086402 0.0612583458 0.761754572 185 228 243 
0.983980119 0.0950757563 0.783105016 194 234 246 
1.00014734 0.076149106 0.823390067 190 232 246 
1.01191163 0.0481584966 0.859228373 180 224 238 
1.00774932 0.0668057799 0.843108475 183 227 242 
1.006953 0.0321167707 0.903404236 165 215 239 
1.01230717 0.0442415476 0.884587705 169 218 239 
0.956623971 0.221007571 0.645186245 177 219 236 
0.955407202 0.197873265 0.685092688 180 219 236 
0.954233587 0.174749345 0.725000143 175 218 238 
0.969090044 0.155505449 0.765256703 182 223 238 
0.978514493 0.134946704 0.805394948 181 222 235 
0.986166537 0.113959014 0.845494509 186 232 243 
1.00722075 0.0665894747 0.86977005 182 227 241 
0.986598909 0.0912238359 0.885436952 198 243 252 
0.979168355 0.0665855408 0.925207973 184 232 245 
0.977292955 0.043291688 0.965100169 163 211 232 
0.939944804 0.258164346 0.667231917 168 208 229 
0.951793253 0.23819235 0.707422972 168 210 232 
0.942293227 0.213053107 0.747148991 176 220 238 
0.975395262 0.198225439 0.787802994 179 225 236 
0.985204399 0.162081122 0.819420636 180 223 235 
0.977674544 0.195519298 0.793548465 180 225 236 
0.990743935 0.135823339 0.856885433 182 227 239 
0.994428575 0.116853297 0.898518682 184 232 245 
0.991213262 0.128496617 0.916754603 177 227 241 
0.926005542 0.295984328 0.689337254 160 205 228 
0.96485275 0.255523771 0.715415955 167 208 229 
0.956868589 0.288432777 0.716273308 171 213 232 
0.968164265 0.238019869 0.757887721 170 214 231 
0.976631224 0.200259358 0.788773596 179 224 235 
0.936982334 0.161602169 0.929174066 190 237 248 
0.981569111 0.166154504 0.941054463 178 227 239 
1.01205921 0.0606782734 0.761307716 185 228 243 
1.02525926 0.0593874156 0.863870025 177 221 237 
0.991262376 0.179226071 0.828081608 181 225 236 
0.99358815 0.156949222 0.868065119 180 226 238 
1.00042772 0.135764867 0.908147097 172 220 235 
0.965591848 0.282726049 0.730132461 175 215 231 
0.979634464 0.26328513 0.770371318 166 209 227 
0.987050951 0.242240459 0.810465813 167 214 232 
0.996780455 0.221755564 0.850610733 181 221 232 
0.995464146 0.198597133 0.89051497 175 221 236 
0.984708965 0.173154056 0.93021369 180 228 240 
-0.52122283 -0.0169914663 0.592571318 151 192 217 
-0.474745631 -0.0160850585 0.611667454 146 191 217 
-0.43067348 -0.00327304006 0.608877659 147 191 218 
-0.375828385 -0.0337068141 0.592060149 163 207 234 
-0.376708627 -0.0309881568 0.602261722 163 209 236 
-0.414283246 -0.00558355451 0.620210528 151 195 219 
-0.383462518 -0.0059992373 0.634651482 158 200 220 
-0.338914812 0.00607144833 0.618268669 148 189 210 
-0.339603662 0.00786873698 0.629920602 147 188 208 
-0.325239807 0.0159687698 0.622150004 150 192 212 
-0.297842205 0.0321198702 0.606102586 146 188 209 
-0.250780135 0.0308897793 0.622084737 135 174 193 
-0.260944009 0.0315311551 0.623550475 140 180 199 
-0.247098327 0.011931181 0.663724482 160 202 228 
-0.247385219 0.011973083 0.663778841 160 202 228 
-0.246992901 0.0113820434 0.664986789 160 202 228 
-0.202798754 0.0279197991 0.615196526 146 187 211 
-0.19954212 0.0106317699 0.657791853 162 204 231 
-0.196850389 -0.00443646312 0.70165664 151 195 225 
-0.221696794 -0.00464901328 0.704271317 154 200 227 
-0.194852337 -0.0157479346 0.735621452 143 188 218 
-0.15621531 0.0340552628 0.571306348 148 187 211 
-0.157252401 0.034517765 0.613780797 145 188 214 
-0.15478608 0.0203350484 0.658152163 150 192 221 
-0.150789768 0.000140696764 0.699085116 136 183 215 
-0.151896417 0.00259006023 0.722673476 133 180 211 
-0.0995682999 -0.00529894233 0.570887029 120 156 181 
-0.111021407 0.0413142145 0.578724682 132 169 193 
-0.113571189 0.0484440923 0.616556585 153 194 221 
-0.107611284 0.020534277 0.653076708 152 195 223 
-0.104772203 0.00488698483 0.696610272 147 190 219 
-0.100193053 -0.0175974369 0.736233473 148 193 223 
-0.12815848 -0.00484856963 0.746241748 140 187 218 
-0.102696359 -0.00998318195 0.766548872 149 195 224 
-0.0478439108 -0.0202839375 0.525670409 143 180 201 
-0.0550493225 0.00530126691 0.572163284 149 185 204 
-0.0562472045 0.0087646544 0.58867228 149 183 203 
-0.078997694 0.0343761742 0.605104625 128 164 188 
-0.0601047724 0.0202431977 0.638221323 147 182 203 
-0.0602192432 0.0198799372 0.647512972 153 189 211 
-0.0563561022 0.000208854675 0.688745141 146 189 215 
-0.0565396473 -0.00356173515 0.739071786 150 194 223 
-0.057960473 -0.000456780195 0.769798994 144 190 219 
-0.01306016 0.0246328115 0.592558682 122 151 171 
-0.0172858164 0.0392592251 0.624026895 126 156 176 
-0.0180579647 0.0397785902 0.653704643 127 164 188 
-0.0135532022 0.0175864697 0.693494916 148 187 209 
-0.0102694482 0.000191956758 0.736029267 145 192 223 
-0.00888364017 -0.0097450912 0.782828867 146 191 219 
-0.0349825546 -0.00513577461 0.788204193 146 191 219 
-0.00909102708 -0.0113933384 0.810665727 149 195 222 
0.0105742663 0.0560564399 0.607055664 143 172 193 
0.0243330672 0.0642161369 0.598911583 151 181 202 
0.0341308564 0.0157847106 0.687274933 141 188 218 
0.0329589769 0.0157948136 0.687409163 141 188 218 
0.0338051692 0.0173251331 0.685110211 140 186 217 
0.0341314971 0.0157096088 0.688079894 141 188 218 
0.0233246014 0.0672288835 0.611732244 150 181 204 
0.0280382782 0.0442157984 0.651053011 122 162 190 
0.0341912955 0.0110554099 0.737053156 149 196 226 
0.0362438411 -0.00150135159 0.782354414 151 197 223 
0.0355502963 -0.0013988018 0.813055336 154 200 228 
-0.855714202 0.819518328 -0.924381018 114 151 177 
-0.821546257 0.776775122 -0.928877473 140 176 199 
-0.832354188 0.820194662 -0.915169001 112 150 175 
-0.800809085 0.674117208 -0.740163863 116 148 172 
-0.810609579 0.712549329 -0.717287242 103 135 159 
-0.841836512 0.857051253 -0.889396071 127 162 186 
-0.819440722 0.746182442 -0.685588598 118 145 162 
-0.850942492 0.89204514 -0.860198975 148 177 195 
-0.844208181 0.790491819 -0.679647684 110 142 164 
-0.862601519 0.940022945 -0.858071089 136 159 177 
-0.867086589 0.940347314 -0.857401848 136 159 176 
-0.863068402 0.941988945 -0.85848397 136 159 177 
-0.83338052 0.80274725 -0.674170732 112 143 163 
-0.842736542 0.841337562 -0.673459113 124 152 170 
-0.889120519 0.999047875 -0.875405788 101 127 149 
-0.876329958 0.99755466 -0.867103815 100 127 148 
-0.851072609 0.87251997 -0.63725549 101 128 145 
-0.880271852 1.01394594 -0.868273795 103 131 153 
-0.887721121 1.04386103 -0.858702302 124 157 178 
-0.858486891 0.9058882 -0.667661846 140 172 194 
-0.869427502 0.953299701 -0.692225516 107 136 155 
-0.936794937 1.09273601 -0.871559203 140 179 202 
-0.893288136 1.06509018 -0.839021564 132 166 185 
-0.917980492 1.07445014 -0.831216514 141 178 201 
-0.895701647 1.07328355 -0.819263518 132 166 185 
-0.917090178 0.983306289 -0.671465218 126 156 176 
-0.877534807 0.983349562 -0.653940022 116 147 167 
-0.929015934 1.11297297 -0.809047937 129 165 187 
-0.905691803 1.11265445 -0.798112631 135 172 195 
-0.886140943 1.01903975 -0.655427575 106 137 159 
-0.9045977 1.02752388 -0.648784161 105 137 159 
-0.890234292 1.03613317 -0.657445371 105 137 160 
-0.907350123 1.11585152 -0.757505178 134 162 181 
-0.909608662 1.12196004 -0.721693218 129 155 172 
-0.939124823 1.06036067 -0.62712729 138 171 193 
-0.901221335 1.08043921 -0.645366549 124 153 173 
-0.911082625 1.12602568 -0.699202895 120 148 167 
-0.906715989 1.1043762 -0.659102142 130 158 176 
-0.777250648 0.788481116 -0.929633975 117 151 173 
-0.787424386 0.828760982 -0.910153925 135 171 194 
-0.772372901 0.684297562 -0.745309889 120 156 179 
-0.759151042 0.696641922 -0.740047574 119 155 177 
-0.757451057 0.690464735 -0.74945271 123 160 183 
-0.765493751 0.720194817 -0.710579395 112 142 163 
-0.796235561 0.862295151 -0.878273487 128 160 181 
-0.774300575 0.753707469 -0.678659439 126 154 174 
-0.807585359 0.908396959 -0.869496047 125 148 164 
-0.812155008 0.927366853 -0.870499313 138 160 175 
-0.819272161 0.956166983 -0.863784969 155 181 199 
-0.815900385 0.838537455 -0.656622171 127 158 179 
-0.794853449 0.835283756 -0.641568303 123 156 181 
-0.829483867 0.996634841 -0.844650507 128 154 171 
-0.800288498 0.858281314 -0.647597253 121 152 175 
-0.810526669 0.902788401 -0.672134876 125 150 166 
-0.870626926 1.04471791 -0.852594018 122 153 175 
-0.83940798 1.03567851 -0.822898149 112 142 165 
-0.821884573 0.952121258 -0.698891342 112 136 153 
-0.863633692 0.955051184 -0.692709804 107 135 154 
-0.825672448 0.967681646 -0.697901249 117 142 161 
-0.811084092 0.905191779 -0.673249662 125 150 166 
-0.844250619 1.05347848 -0.798369169 105 137 160 
-0.857693315 1.0662024 -0.789970338 106 138 161 
-0.847441971 1.06536567 -0.783945918 107 139 162 
-0.826095521 0.96866715 -0.689427853 116 142 161 
-0.833663583 0.997156501 -0.658558726 138 171 193 
-0.850823343 1.07930434 -0.783597946 107 139 162 
-0.859884441 1.11687672 -0.785111964 127 162 186 
-0.852394938 1.08098781 -0.730151951 127 161 183 
-0.860748231 1.08381701 -0.727694988 129 163 186 
-0.854577959 1.09060717 -0.736821294 124 158 180 
-0.851952493 1.07761014 -0.71292907 134 166 188 
-0.839916885 1.02297485 -0.658366382 130 162 185 
-0.847982109 1.05795491 -0.67679739 143 172 195 
-0.86604017 1.13909519 -0.749400318 89 118 143 
-0.872647226 1.12213075 -0.705545187 131 161 181 
-0.853025138 1.07897234 -0.678821504 139 169 191 
-0.879270375 1.09768784 -0.665756464 122 151 172 
-0.740697801 0.783323646 -0.904351771 125 159 182 
-0.731446981 0.791313648 -0.901021838 128 162 184 
-0.743615091 0.842874289 -0.915335774 143 176 196 
-0.729611814 0.783636808 -0.899966419 126 160 182 
-0.74414295 0.6911304 -0.744695008 121 156 178 
-0.711171627 0.692349672 -0.732155561 124 154 176 
-0.720570147 0.728791833 -0.705620825 120 151 173 
-0.751719236 0.872908533 -0.877021551 130 163 183 
-0.730159283 0.766177416 -0.680820465 107 137 159 
-0.75802815 0.895757914 -0.841284513 105 130 147 
-0.768089533 0.90027523 -0.837721527 100 125 142 
-0.758506119 0.896422029 -0.826720357 106 131 148 
-0.807569206 0.954753041 -0.856105447 149 171 187 
-0.791032732 0.935915828 -0.81581229 134 157 171 
-0.762793243 0.909989357 -0.780661583 121 148 166 
-0.771589994 0.917781949 -0.775455832 124 150 168 
-0.760210633 0.895349801 -0.736551523 107 133 151 
-0.766382873 0.896202445 -0.735409439 105 132 150 
-0.755527914 0.872458458 -0.697161078 127 160 184 
-0.76050061 0.874786377 -0.695348322 129 163 187 
-0.745045245 0.826777279 -0.670805573 110 139 160 
-0.784069121 0.846241951 -0.655928791 125 158 181 
-0.817994773 0.993423462 -0.833923578 123 147 163 
-0.80878365 0.972813129 -0.793789983 119 143 160 
-0.796405554 0.952969313 -0.753587365 117 146 165 
-0.805022836 0.928043723 -0.713842154 110 133 147 
-0.809470475 0.904127359 -0.674005985 124 149 165 
-0.826156259 1.03264189 -0.811692357 109 140 164 
-0.78898567 1.01739776 -0.771712005 126 157 177 
-0.78954345 1.0198158 -0.772975802 125 156 177 
-0.811063766 0.990615249 -0.731497705 135 161 179 
-0.789078355 1.01751339 -0.768743455 127 158 178 
-0.791758358 1.0282923 -0.765480876 124 155 177 
-0.803859413 1.05639267 -0.74886483 119 152 175 
-0.792401433 1.02632725 -0.714121521 131 160 181 
-0.797622621 1.04972672 -0.734434783 121 153 175 
-0.813890874 1.00828505 -0.669217348 131 164 187 
-0.793824971 1.0309267 -0.699875295 129 160 182 
-0.85236758 1.10868537 -0.767445385 118 152 174 
-0.797329366 1.04569054 -0.70304662 123 153 173 
-0.836883664 1.06675339 -0.68724215 137 165 186 
-0.688875079 0.809598804 -0.895753026 136 167 189 
-0.696155131 0.838915348 -0.887295783 123 150 170 
-0.685085475 0.794200301 -0.898622692 145 178 200 
-0.667220831 0.705762386 -0.736049414 129 160 184 
-0.676101983 0.739643455 -0.704806685 101 136 162 
-0.706322849 0.879164696 -0.867759824 133 164 185 
-0.687431753 0.785960436 -0.699340403 120 151 173 
-0.688795269 0.786914706 -0.69867152 120 150 172 
-0.688278079 0.789835453 -0.703547955 123 154 175 
-0.708595991 0.887087107 -0.851433277 118 149 169 
-0.7053653 0.86990118 -0.808779597 109 140 163 
-0.73880446 0.88452363 -0.797150671 122 151 171 
-0.700203121 0.845125973 -0.770466745 123 154 175 
-0.713969588 0.867694855 -0.756676793 135 169 190 
-0.695282102 0.821298122 -0.731611967 134 167 186 
-0.714085042 0.844827056 -0.716746271 115 149 170 
-0.732010543 0.81764853 -0.677203834 104 133 154 
-0.788309574 1.01896262 -0.770935059 126 156 177 
-0.78205049 1.03883159 -0.708456755 122 154 175 
-0.684975684 0.838004589 -0.880729079 118 146 166 
-0.639549851 0.799767733 -0.888094842 127 157 178 
-0.647270679 0.827904344 -0.846292436 109 140 163 
-0.640636623 0.796635091 -0.803390801 122 153 172 
-0.649502873 0.80091095 -0.800090492 122 153 171 
-0.644727409 0.815314054 -0.823147953 112 143 164 
-0.64068383 0.79529655 -0.786350131 122 154 173 
-0.625911951 0.729794502 -0.736654282 128 166 192 
-0.654889643 0.753927469 -0.720341921 114 152 178 
-0.635979056 0.772005975 -0.743535757 124 161 184 
-0.623141587 0.718539834 -0.738775611 130 168 194 
-0.682795107 0.879726291 -0.858272612 126 156 178 
-0.648107767 0.830482841 -0.836514592 110 141 164 
-0.68045342 0.857453227 -0.818288624 115 145 168 
-0.691300273 0.831987977 -0.778591931 113 143 164 
-0.640291929 0.790789008 -0.754251242 124 159 179 
-0.687312067 0.81011343 -0.738572061 138 171 189 
-0.592588544 0.797894716 -0.86034292 148 180 201 
-0.638118923 0.826506138 -0.839775503 111 142 165 
-0.592436552 0.79752481 -0.863209426 148 180 201 
-0.592929423 0.794742346 -0.809662819 150 185 203 
-0.585133493 0.759618282 -0.777268887 120 155 175 
-0.623062372 0.784470797 -0.759581566 119 153 173 
-0.61895436 0.721431494 -0.741968155 131 169 195 
-0.583002508 0.750822186 -0.777357161 124 161 183 
-0.590187609 0.796913743 -0.86114043 148 180 201 
-0.571270764 0.778652668 -0.820795417 134 170 190 
-0.579333365 0.753861248 -0.781038046 125 162 182 
-0.992054224 0.124961257 -0.9983055 185 226 244 
-0.947741687 0.136583418 -0.998907924 198 237 249 
-0.95648402 0.169777066 -0.966401458 199 242 250 
-0.966942608 0.21146664 -0.949512959 190 239 246 
-0.978706896 0.260405272 -0.953228831 188 235 245 
-0.981484354 0.262938946 -0.951545358 187 235 245 
-0.97963953 0.264237374 -0.952994704 188 235 245 
-0.998595893 0.299991041 -0.929509103 179 226 238 
-0.991150975 0.311139286 -0.94568783 171 217 230 
-1.00507402 0.339616925 -0.907241225 170 214 229 
-1.00035763 0.346631229 -0.91740644 168 213 228 
-1.01118159 0.379332453 -0.884965301 172 214 227 
-1.00942397 0.381428987 -0.887848914 174 215 229 
-1.01204085 0.391382426 -0.878315866 171 214 229 
-0.891920507 0.101317286 -1.00684226 191 238 252 
-0.902393579 0.143078983 -0.990086257 193 240 250 
-0.912388325 0.182472646 -0.968977094 194 242 250 
-0.922533095 0.222608685 -0.949232817 191 240 250 
-0.968534648 0.266073316 -0.951263309 190 237 247 
-0.933961332 0.269098788 -0.941169024 194 241 251 
-0.93795222 0.285830647 -0.943876147 188 235 246 
-0.946441591 0.320796907 -0.942678869 173 221 236 
-0.956785083 0.364321917 -0.951465845 164 212 227 
-0.97685796 0.369286209 -0.946559548 163 209 225 
-0.960084915 0.378252774 -0.954773128 167 213 229 
-0.990517735 0.407173783 -0.924448133 176 220 234 
-0.972811997 0.431172192 -0.958528161 166 210 225 
-0.975009501 0.440421939 -0.960423291 165 209 225 
-0.997356236 0.469552279 -0.942121089 147 193 212 
-0.986304343 0.487880737 -0.969248712 169 216 235 
-1.01293194 0.442942411 -0.902527392 162 206 224 
-1.01361299 0.419937819 -0.862609327 167 214 231 
-0.988654017 0.494034737 -0.929759204 152 198 218 
-1.00551271 0.485932082 -0.879956782 159 204 227 
-0.990857303 0.500334978 -0.898617625 155 198 220 
-1.00614929 0.46293819 -0.840037823 153 194 216 
-0.991470933 0.500611424 -0.873514414 156 197 219 
-0.989114106 0.486859024 -0.828897059 147 187 209 
-0.990470171 0.48833403 -0.783031046 121 160 184 
-0.857678115 0.152706593 -0.987022161 186 232 247 
-0.867722809 0.192347527 -0.966367602 182 230 246 
-0.888258934 0.273840606 -0.929123461 180 230 243 
-0.920947373 0.31878534 -0.927817822 172 220 236 
-0.898908913 0.316478014 -0.913977265 171 221 239 
-0.911408365 0.371586055 -0.952500463 162 212 231 
-0.916158259 0.391785055 -0.958886981 156 204 223 
-0.904126465 0.338481694 -0.918951631 170 219 236 
-0.928119898 0.440915495 -0.955676794 156 201 222 
-0.930825472 0.45237267 -0.958777487 160 204 225 
-0.940854967 0.493874758 -0.959505081 178 224 242 
-0.971846282 0.516920686 -0.919156492 157 200 219 
-0.950429559 0.531188667 -0.934572875 164 209 227 
-0.952172279 0.536249757 -0.910803556 158 199 217 
-0.949125588 0.519786716 -0.867736459 162 204 226 
-0.947984159 0.510809779 -0.82038784 147 189 212 
-0.947350442 0.505860925 -0.794488013 146 189 213 
-0.80288291 0.122519463 -1.00429296 184 231 249 
-0.813056529 0.162798703 -0.984811962 182 230 249 
-0.82319814 0.202919394 -0.965039253 178 227 244 
-0.852693796 0.318681538 -0.897265613 174 225 241 
-0.899689913 0.387964219 -0.944878697 160 210 230 
-0.879178464 0.370089084 -0.904499054 174 218 234 
-0.863904655 0.364095449 -0.887223423 173 219 234 
-0.879931211 0.433465451 -0.922297776 148 196 219 
-0.880096972 0.43416959 -0.922513604 148 196 219 
-0.868103445 0.382499188 -0.898965061 169 213 230 
-0.890384138 0.479029447 -0.948720455 162 203 223 
-0.895736992 0.501509964 -0.952778339 160 205 228 
-0.908129573 0.552773714 -0.95348984 155 200 222 
-0.932357728 0.567672431 -0.895887375 160 199 218 
-0.917514265 0.589147568 -0.926829517 160 196 214 
-0.923327148 0.547018349 -0.855757713 153 198 220 
-0.935036957 0.521344304 -0.816079855 144 187 210 
-0.902766347 0.516138792 -0.792619288 138 179 202 
-0.918261647 0.588567376 -0.886069775 154 194 215 
-0.914136231 0.56786561 -0.845427036 137 180 204 
-0.91085726 0.550489783 -0.802882135 135 178 202 
-0.759099185 0.136759579 -1.00970793 183 225 243 
-0.767837822 0.169934779 -0.977167726 183 231 250 
-0.820637643 0.3815552 -0.904694438 166 212 236 
-0.830869019 0.381782025 -0.903446794 168 213 235 
-0.821653426 0.385922045 -0.906584382 163 209 233 
-0.819811702 0.37680462 -0.889824152 166 214 237 
-0.879229605 0.434110314 -0.922024071 148 196 219 
-0.833845794 0.436194599 -0.905473828 165 203 222 
-0.858220637 0.503229141 -0.93909049 147 191 214 
-0.838588655 0.456581205 -0.914266109 165 201 221 
-0.849410355 0.503161192 -0.935051441 145 189 212 
-0.851225436 0.510725915 -0.935781002 144 188 212 
-0.862193644 0.556359351 -0.939318836 147 189 209 
-0.870387614 0.590510845 -0.942630827 144 186 208 
-0.903470755 0.597504139 -0.935191154 152 190 210 
-0.875017703 0.60975939 -0.943957388 145 187 211 
-0.883054852 0.640283704 -0.914162993 151 188 209 
-0.891414464 0.618776321 -0.872586608 124 163 187 
-0.883470476 0.641519427 -0.908815622 149 185 207 
-0.873995841 0.595704854 -0.83469367 136 176 198 
-0.875832617 0.603708744 -0.839309156 133 173 195 
-0.869911969 0.575166583 -0.793957591 149 185 207 
-0.870097935 0.575319409 -0.787121773 148 184 206 
-0.890863299 0.660103559 -0.850165665 107 142 166 
-0.890006483 0.663790882 -0.856231272 112 147 171 
-0.888647377 0.657062829 -0.843863249 105 140 164 
-0.896762013 0.694142461 -0.88335824 141 177 199 
-0.892760038 0.669434249 -0.792523861 110 144 170 
-0.713302314 0.141033739 -0.996802688 192 234 249 
-0.775955141 0.391547203 -0.904168963 162 208 234 
-0.777235687 0.397023469 -0.906229615 161 206 232 
-0.781786263 0.414459437 -0.891064227 161 203 226 
-0.794084251 0.431879371 -0.880236566 162 200 220 
-0.786053956 0.430592805 -0.874413908 162 201 221 
-0.794436812 0.468658417 -0.912547946 148 190 214 
-0.803850591 0.508609176 -0.924304068 148 191 218 
-0.787723124 0.437786758 -0.877722025 161 199 220 
-0.809585273 0.532672405 -0.9284181 153 197 220 
-0.816880345 0.563027263 -0.930814147 159 207 227 
-0.826528728 0.603739262 -0.940254271 146 189 214 
-0.831151664 0.623592138 -0.948623598 140 179 203 
-0.88025111 0.644318163 -0.912276387 151 187 209 
-0.842207968 0.668240428 -0.937173963 127 167 194 
-0.871312201 0.600802064 -0.832215786 135 174 196 
-0.860326231 0.580621362 -0.792043567 143 180 202 
-0.824599087 0.581068754 -0.776928425 127 169 194 
-0.883200347 0.684798181 -0.889931679 147 179 201 
-0.852578282 0.709493518 -0.919482887 152 185 205 
-0.864748478 0.643584609 -0.809663832 100 133 158 
-0.849476278 0.624441385 -0.769398272 127 163 185 
-0.856543779 0.726167679 -0.922713995 149 184 205 
0.00873453915 0.129048705 0.594607294 156 190 212 
0.0583400875 0.115205169 0.633983016 149 192 219 
0.00788553059 0.127892882 0.6464293 162 200 219 
0.0588223636 0.114382893 0.620979011 147 188 217 
0.0538267046 0.129028827 0.687581122 147 191 217 
0.00730969012 0.1283198 0.668122232 156 197 220 
0.0596273243 -0.00507596135 0.83019793 157 202 228 
0.0354139209 -0.00273221731 0.834133685 153 198 225 
0.0826223642 -0.00715696812 0.878896534 161 204 228 
0.0364600569 -0.0113345683 0.881696582 153 197 222 
0.0834345818 -0.0074582994 0.844956696 162 205 229 
0.0823325217 -0.0105098784 0.929462075 153 197 221 
0.069794178 -0.00710093975 0.932694316 157 200 222 
0.0340058804 -0.00383803248 0.911064744 163 207 226 
0.0814062357 -0.00750187039 0.938562274 151 196 220 
0.0427125022 0.173964232 0.698503017 150 198 223 
-0.00114689767 0.160098851 0.70322907 170 213 230 
0.0284042135 0.0158270597 0.949715018 160 202 222 
0.0713993907 0.0319516063 0.959561348 157 203 227 
0.0267318338 0.0220869184 0.956933022 157 200 221 
0.0372732654 0.193490177 0.731241703 155 195 219 
-0.00648746639 0.179876149 0.728644609 147 192 217 
0.0360008851 0.197104901 0.749489486 155 195 220 
-0.00922594965 0.190008909 0.741771519 136 181 209 
0.0619388968 0.0687004626 0.985532284 163 207 228 
0.0168077275 0.0611309111 0.978684902 161 205 228 
0.0290493518 0.221433297 0.798292696 138 180 205 
-0.0188465938 0.227550521 0.766285181 129 171 195 
0.0501084179 0.120598525 0.951966882 163 215 237 
0.0309503824 0.129918575 0.959142089 170 222 241 
0.0441934764 0.146463245 0.936108232 156 206 230 
0.0593154579 0.0799299777 0.981189489 169 213 234 
0.0156973973 0.0657553673 0.978271723 161 206 229 
0.00448545814 0.112046689 0.978613138 179 223 241 
0.0162673593 0.274624944 0.794037223 131 171 195 
-0.0273498297 0.259560496 0.800967455 136 179 204 
0.0401156396 0.164354563 0.924510241 149 195 221 
-0.0103560463 0.177109569 0.93699491 149 192 215 
0.0293817818 0.20970282 0.913381934 144 187 213 
-0.012883693 0.187946796 0.932613254 149 192 215 
-0.00209882855 0.140173048 0.968352079 166 213 231 
0.00792790949 0.305824131 0.830209911 138 175 198 
-0.036244899 0.293510258 0.832083941 138 175 198 
-0.0203355253 0.245572507 0.922976971 141 183 202 
-0.0237509683 0.234233409 0.917183995 143 184 204 
-0.0270098373 0.247792661 0.916125417 139 181 201 
0.0203097835 0.244528443 0.94288826 132 172 197 
-0.0165708214 0.333357245 0.865602016 132 167 188 
-0.0406898335 0.309774131 0.85542345 136 173 196 
-0.000984065235 0.339857548 0.861172557 133 166 188 
-0.042541407 0.314595968 0.886847973 142 180 203 
0.00915841013 0.290485144 0.944167972 144 183 205 
0.00799410045 0.295411706 0.94287622 145 184 205 
-0.0385354087 0.294764519 0.923303723 147 187 211 
-0.00109864026 0.339771301 0.86739099 129 162 184 
-0.00457912683 0.348955214 0.925127029 124 163 191 
-0.0498347431 0.341214985 0.925889373 128 167 197 
0.102889717 0.125719428 0.634807229 134 178 207 
0.103863567 0.12239787 0.627007604 134 178 207 
0.0984145999 0.13928777 0.689484656 157 199 221 
0.119095951 -0.0135217905 0.871426165 146 192 219 
0.128389448 -0.00591823459 0.926898837 158 203 227 
0.131480187 -0.014316529 0.878326297 146 191 219 
0.126411602 0.000690430403 0.94426477 153 199 224 
0.088146612 0.180034101 0.708107173 135 177 208 
0.117230088 0.0360581875 0.972774625 156 205 226 
0.0872230828 0.18278566 0.719929755 134 176 207 
0.0832819641 0.194031447 0.775901616 132 176 206 
0.110031635 0.0662142932 0.968155265 160 210 233 
0.0742868781 0.0763741732 0.977609992 164 210 232 
0.103562281 0.093635112 0.960457921 167 216 238 
0.0707526803 0.245972142 0.773945749 144 179 198 
0.0966077745 0.123451769 0.948409319 165 212 234 
0.0886210501 0.157515913 0.936552763 158 205 228 
0.0617776364 0.280317754 0.804334521 145 180 202 
0.0729751289 0.225294054 0.901692152 142 183 204 
0.0689399242 0.225987196 0.90251261 142 182 204 
0.0724538714 0.227465779 0.901491046 141 181 203 
0.082685709 0.18264696 0.929783225 147 192 216 
0.0536493659 0.310471535 0.842429042 137 175 197 
0.0721113831 0.228687957 0.903633296 141 181 202 
0.0647410452 0.255562842 0.943366289 140 179 203 
0.0437542945 0.349371672 0.864445329 141 173 194 
0.0146574005 0.29523617 0.946148157 143 182 204 
0.0541620553 0.297848701 0.959158659 138 178 201 
0.043226704 0.351166815 0.86871922 142 173 195 
0.0406047255 0.356977403 0.924525857 138 176 200 
0.0503229499 0.314300239 0.952599645 136 177 201 
0.119225547 0.123548597 0.631831229 133 179 207 
0.143649966 0.146631151 0.694061577 147 189 213 
0.139775038 0.146876425 0.694620788 148 190 213 
0.151028693 0.119898319 0.652364671 141 189 216 
0.143416777 0.147495836 0.695158303 147 189 212 
0.177381426 -0.0128591359 0.917739391 148 195 222 
0.178796411 -0.0175641179 0.905058503 148 195 221 
0.17134729 0.00922760367 0.949333429 154 204 229 
0.106965095 0.180128843 0.716315091 131 175 207 
0.1367971 0.170181334 0.746981561 124 169 201 
0.161955059 0.0456385016 0.975925684 154 203 228 
0.134551316 0.177890211 0.76442349 126 169 200 
0.0933220834 0.195180684 0.77835983 132 175 205 
0.129086822 0.19826588 0.788879871 134 173 202 
0.154683352 0.0763272643 0.96875 162 211 235 
0.147333771 0.107935637 0.954931855 162 213 235 
0.1115385 0.240783706 0.801165581 132 168 195 
0.119431585 0.235978767 0.813078642 136 173 199 
0.14147681 0.132710904 0.948515654 164 214 232 
0.133741677 0.165137559 0.9433043 166 214 233 
0.113601327 0.26020807 0.811505556 134 172 198 
0.106994748 0.287461817 0.811964095 134 174 198 
0.0758239478 0.227653429 0.902662575 142 182 204 
0.125371367 0.20048517 0.934796333 145 188 213 
0.119214356 0.226969391 0.923165917 144 183 206 
0.0978123844 0.322833717 0.840466201 153 190 207 
0.109564856 0.264653921 0.947416663 154 190 207 
0.0907335877 0.350061148 0.862897396 134 172 196 
0.0786495358 0.356404692 0.867676079 130 167 192 
0.0886904001 0.357906848 0.869517565 128 167 192 
0.0979795903 0.311921299 0.954051733 148 181 201 
0.0832924247 0.374807596 0.929534435 149 182 203 
0.0946772546 0.325581849 0.953862786 148 180 199 
0.195870101 0.127006084 0.677647471 146 194 218 
0.197259635 0.122023612 0.66922015 146 195 219 
0.18953681 0.150170118 0.711004555 140 183 210 
0.189579666 -0.0193015337 0.912894428 148 194 221 
0.225509435 -0.0178251565 0.926300645 153 195 217 
0.215827703 0.0200188458 0.950258374 163 209 230 
0.181328118 0.180722117 0.748367012 120 163 195 
0.206219852 0.0574970245 0.974888682 161 208 230 
0.17804572 0.192550689 0.767619133 136 173 200 
0.174407184 0.204898879 0.797448933 152 188 211 
0.198066086 0.0914265811 0.972196698 162 212 233 
0.192910165 0.113301188 0.965830803 162 214 234 
0.165899515 0.236930922 0.832090676 142 183 206 
0.182526141 0.156978816 0.957206368 168 213 230 
0.17929098 0.17063728 0.953956723 163 209 226 
0.116859496 0.283265471 0.823690414 137 177 202 
0.156420052 0.273773611 0.857889056 127 167 194 
0.163085759 0.242348611 0.901067615 149 186 208 
0.146416396 0.24473983 0.904200196 151 188 210 
0.158982515 0.261088312 0.881208181 135 173 199 
0.163328588 0.225993484 0.944501519 150 187 208 
0.165450752 0.229067653 0.940070987 151 187 209 
0.166054457 0.226079106 0.945564747 151 188 209 
0.102311194 0.320937961 0.845782518 155 192 208 
0.152737707 0.287500501 0.874409318 139 175 199 
0.13853541 0.30686596 0.886504531 155 185 204 
0.132598996 0.282589257 0.926308155 162 197 215 
0.165577888 0.228064567 0.945381045 152 188 210 
0.141359627 0.332207918 0.899979949 145 174 192 
0.136914119 0.350166976 0.904507875 134 163 181 
0.120279372 0.320801228 0.948448777 144 174 191 
0.138977021 0.339954734 0.923280835 138 166 183 
0.135018647 0.357123166 0.914230347 142 172 189 
0.208598018 0.122340709 0.673710883 147 196 221 
0.243310899 0.125038415 0.684440374 142 190 219 
0.233317465 0.164425343 0.705561757 156 192 218 
0.269658566 -0.00539407134 0.924211383 154 201 227 
0.261246443 0.0261648595 0.959722757 166 213 234 
0.224846184 0.196277112 0.740534961 141 185 212 
0.251703918 0.0633196831 0.984947324 161 210 232 
0.221799999 0.206190169 0.77023083 126 167 193 
0.219607174 0.21212782 0.804922462 122 164 193 
0.209200799 0.109029174 0.980548739 161 214 235 
0.239834845 0.111992031 0.988999605 165 217 236 
0.215361953 0.226994991 0.834613442 135 176 207 
0.192311525 0.237494409 0.842857957 141 181 208 
0.213470936 0.232420042 0.861145198 143 183 212 
0.208589017 0.172914803 0.963011384 163 207 225 
0.236641616 0.12541461 0.986446738 163 217 237 
0.224901527 0.175833732 0.96516633 160 204 223 
0.163304269 0.271667242 0.86463511 129 168 195 
0.211930841 0.235984951 0.892238438 147 189 216 
0.217666298 0.208957002 0.929262877 150 194 220 
0.167072862 0.226899743 0.944583058 151 188 210 
0.224306643 0.178373605 0.964253664 159 203 223 
0.147784173 0.350298405 0.909114957 135 165 183 
0.289158344 0.129061788 0.697806597 131 177 206 
0.278971195 0.169407845 0.717164874 130 173 201 
0.314551532 0.00335446 0.928891301 162 211 233 
0.306380659 0.033719033 0.966598272 158 207 232 
0.268215179 0.213865757 0.716948271 132 173 199 
0.260745585 0.217350364 0.719664693 133 175 202 
0.266587257 0.220629066 0.716531634 133 174 200 
0.293503195 0.0875519216 0.959601641 153 206 232 
0.291885525 0.0878486037 0.959940791 154 206 232 
0.293260217 0.0885862708 0.959262729 153 206 232 
0.265705049 0.223728836 0.722589493 132 173 199 
0.271187037 0.197696775 0.760183513 121 160 191 
0.262728602 0.22964637 0.793480814 122 163 188 
0.255732894 0.120291948 0.981562257 166 220 239 
0.28026104 0.142853051 0.953030825 171 224 244 
0.261955738 0.229477152 0.830843687 150 188 214 
0.259575099 0.235172823 0.876847148 157 195 218 
0.276554376 0.158639878 0.94777739 167 219 239 
0.228145897 0.177648395 0.963437319 159 203 223 
0.266132206 0.202712208 0.936518669 168 214 233 
0.258802384 0.237375677 0.887844443 156 195 218 
0.263200104 0.215604037 0.92787528 167 212 230 
0.332889557 0.14356181 0.691913843 148 196 224 
0.322685897 0.183989555 0.711122036 145 189 214 
0.359235436 0.013138324 0.931668282 168 215 234 
0.350261509 0.0474782288 0.962067485 168 214 234 
0.31396991 0.219644949 0.715064287 136 174 198 
0.310982466 0.231842011 0.71668148 134 171 195 
0.295522392 0.0887288749 0.960019946 154 207 232 
0.338952959 0.093375802 0.971220493 173 224 241 
0.3105762 0.232979611 0.722691059 133 169 193 
0.310910136 0.227175727 0.771854699 122 164 192 
0.312706947 0.215623721 0.817730665 136 181 212 
0.28882575 0.219661176 0.82255125 141 183 212 
0.311554074 0.218927488 0.83394742 138 183 213 
0.335521728 0.108011484 0.966114044 174 225 241 
0.323739111 0.158606321 0.944834352 170 221 240 
0.301356614 0.25932461 0.853211761 132 174 202 
0.322756827 0.162659734 0.944887161 168 218 237 
0.311383039 0.209689528 0.94445467 145 189 212 
0.302488387 0.251283348 0.890609503 136 181 210 
0.30602321 0.232902259 0.932579637 156 199 222 
0.361982852 0.225534499 0.608277023 152 204 225 
0.332762748 0.175233811 0.636482418 138 185 208 
0.34678027 0.219820514 0.659196734 145 189 212 
0.360070705 0.229906946 0.647475481 147 195 219 
0.355799854 0.157969922 0.676917195 159 212 237 
0.366398335 0.199201435 0.698182046 130 175 204 
0.365395904 0.203545034 0.695935965 130 175 203 
0.365919352 0.200953603 0.700699747 128 172 202 
0.404541194 0.0198435485 0.940104485 158 204 229 
0.393001288 0.0668862164 0.947152495 170 219 237 
0.35923332 0.231846422 0.664370239 149 195 218 
0.31712091 0.230995625 0.720892668 132 169 193 
0.358191252 0.229126513 0.742435634 123 165 191 
0.389419347 0.0817950368 0.945930004 164 215 235 
0.359187543 0.104138583 0.961406708 166 219 236 
0.380010068 0.121113837 0.940992713 157 210 230 
0.340931237 0.30825159 0.655587435 143 184 207 
0.328396618 0.320598364 0.663681328 142 183 207 
0.33854118 0.316318035 0.675678968 143 182 203 
0.353287101 0.246226817 0.777561545 138 176 200 
0.340326458 0.232126564 0.82367301 136 181 212 
0.353170484 0.243896618 0.808809519 140 183 210 
0.372664183 0.15212211 0.93367064 167 217 235 
0.330016643 0.161111683 0.943247318 171 221 240 
0.36689204 0.175968975 0.933679342 170 218 236 
0.320185065 0.35980466 0.685911417 156 203 229 
0.332585156 0.336553782 0.724258065 158 199 217 
0.322901666 0.337622404 0.725903511 159 201 220 
0.332245201 0.337401241 0.73044765 159 201 219 
0.352826238 0.243545949 0.828511477 135 179 209 
0.350156397 0.24954468 0.884425581 133 177 204 
0.345355272 0.251697779 0.886124432 132 176 204 
0.358355701 0.212835714 0.915912986 157 200 221 
0.327947736 0.224644572 0.925678253 156 196 217 
0.327273935 0.361914605 0.686280251 160 207 232 
0.330841571 0.3434048 0.728176534 156 197 216 
0.385053784 0.251924157 0.620097518 155 205 228 
0.406522453 0.23159644 0.659037828 151 203 226 
0.396488786 0.231852114 0.660279453 150 201 224 
0.405156255 0.237702459 0.653907537 152 204 227 
0.412014544 0.205524758 0.696609259 160 211 235 
0.411447704 0.206557095 0.711161256 158 208 233 
0.438475728 0.0746011138 0.936625957 163 215 238 
0.410663843 0.0754042268 0.940119028 166 217 238 
0.435896516 0.085524708 0.933652163 164 216 240 
0.4499349 0.0261133015 0.949341297 165 214 236 
0.397722185 0.270666599 0.628901064 160 207 229 
0.403413177 0.236246735 0.750109017 122 164 190 
0.422412753 0.142208546 0.922811031 161 213 236 
0.422174096 0.142223895 0.922845602 161 213 236 
0.422374666 0.142379165 0.92266345 161 213 236 
0.384631097 0.322104812 0.658321381 149 187 211 
0.388327122 0.303090423 0.699929118 138 182 212 
0.377126336 0.309553266 0.704675615 134 175 203 
0.392394781 0.282615662 0.740701675 127 170 194 
0.385691464 0.28878653 0.744795203 123 165 191 
0.398046851 0.255915403 0.77791357 121 164 191 
0.392826021 0.278572917 0.765827298 124 167 193 
0.39910388 0.247494832 0.822957337 141 184 210 
0.409983456 0.193636149 0.921964526 155 202 225 
0.369965434 0.326173991 0.766861618 132 173 194 
0.38437435 0.310327709 0.800978601 132 170 194 
0.399278611 0.246583819 0.825059533 142 185 211 
0.40035671 0.237855911 0.872550726 147 190 216 
0.405728608 0.212256506 0.910392225 152 196 221 
0.366679013 0.392643124 0.698666096 131 167 187 
0.369818896 0.375813931 0.741523623 137 173 195 
0.378585994 0.336874008 0.771735013 130 170 190 
0.347005129 0.469946802 0.742880285 106 136 160 
0.329395413 0.485615492 0.753338933 109 139 163 
0.343754679 0.481158555 0.767520785 115 143 164 
0.312935561 0.52282536 0.775389373 136 165 184 
0.334242165 0.518164992 0.793018162 129 159 180 
0.329218656 0.53983438 0.782852769 119 150 172 
0.409497201 0.235000715 0.660562813 151 203 227 
0.419623733 0.214611903 0.700716376 155 207 233 
0.481280088 0.0919730365 0.941372395 173 226 243 
0.481110811 0.0926828682 0.941255808 173 226 243 
0.494201601 0.0379624665 0.948321462 176 223 241 
0.439764202 0.291033894 0.635360777 157 201 225 
0.423618734 0.279612601 0.683279335 150 197 225 
0.438095987 0.295540422 0.661873162 150 195 221 
0.446926832 0.253906429 0.719091892 145 195 225 
0.443734229 0.267628491 0.713182986 146 195 225 
0.445854247 0.257133663 0.7324754 148 198 227 
0.42257303 0.142320454 0.922854304 161 213 236 
0.468595207 0.144555867 0.939424396 170 222 242 
0.393392414 0.336330146 0.665097058 143 180 204 
0.436522603 0.299279243 0.692559838 149 193 220 
0.396777689 0.314309716 0.705103636 137 179 209 
0.397275746 0.291590422 0.74504751 127 169 195 
0.440141201 0.276077092 0.784255624 152 196 221 
0.447354198 0.243243635 0.817959607 162 211 232 
0.399876088 0.246540144 0.824970126 143 186 211 
0.447700679 0.237907872 0.861343086 160 205 228 
0.456432104 0.198590606 0.897386491 156 200 224 
0.437650979 0.210003644 0.905658841 152 195 220 
0.449308932 0.229946539 0.875978172 157 202 226 
0.464428365 0.162679464 0.929329991 165 214 235 
0.422137082 0.360295385 0.674975216 131 169 192 
0.425303757 0.343360841 0.717772484 129 165 190 
0.395737588 0.332411975 0.767422974 127 168 191 
0.42339015 0.348171055 0.752174497 123 160 186 
0.447626293 0.237682581 0.867262125 158 202 226 
0.376814336 0.414705247 0.709553897 124 158 180 
0.372442096 0.390807182 0.749391556 139 172 193 
0.414160371 0.383777738 0.780244946 136 169 190 
0.371694267 0.45465979 0.731851339 117 148 171 
0.393971294 0.43721199 0.772269428 148 187 213 
0.401965082 0.434064955 0.781328678 143 182 207 
0.370629489 0.472756118 0.794169962 123 150 170 
0.392164141 0.472499162 0.804201484 114 144 164 
0.364772528 0.512532353 0.816451371 128 158 178 
0.382101566 0.512228608 0.824693203 117 149 170 
0.376225203 0.540694714 0.778155386 133 164 185 
0.368470013 0.55462116 0.838940859 110 138 158 
0.370863795 0.557775676 0.834490657 106 134 153 
0.372857273 0.547906995 0.852631986 110 138 159 
0.346853673 0.590582848 0.860878944 117 148 171 
0.359958827 0.601675272 0.847316563 120 152 174 
0.362684369 0.588182807 0.872119427 119 150 174 
0.356742233 0.612756491 0.871854544 119 153 177 
0.482230723 0.0927264988 0.941677809 173 226 243 
0.539641023 0.0440062582 0.957973719 173 221 242 
0.52738148 0.0946114361 0.958472848 166 218 238 
0.483154595 0.30610314 0.63879025 161 208 235 
0.485428452 0.292676866 0.683594108 161 209 233 
0.481822014 0.293700278 0.684547126 159 207 232 
0.455988526 0.264607608 0.723917425 149 198 226 
0.485266864 0.29301241 0.687282681 160 208 232 
0.51550132 0.141973287 0.964811444 175 226 245 
0.515780509 0.141956568 0.964964867 175 226 245 
0.484995782 0.289885163 0.734480619 154 199 223 
0.487927377 0.273874223 0.777806222 153 201 229 
0.4668383 0.262747884 0.826428652 164 214 236 
0.486226261 0.278178126 0.808077633 159 208 232 
0.493812621 0.241765976 0.864408135 159 204 225 
0.466409981 0.239804417 0.86635226 159 203 226 
0.491954088 0.249823153 0.860201895 159 205 227 
0.501956642 0.205274284 0.896019816 167 210 230 
0.508040726 0.176876634 0.932260752 171 216 233 
0.515738666 0.142137706 0.964874864 175 226 245 
0.464264929 0.380325317 0.68124193 129 167 192 
0.471003771 0.349355012 0.716011405 144 186 211 
0.467979014 0.358425319 0.754086554 138 176 199 
0.484444618 0.283067137 0.835547388 153 198 222 
0.458792865 0.393816143 0.782553971 127 166 190 
0.451583445 0.425662488 0.759655774 120 154 176 
0.427127779 0.445237309 0.772991657 120 152 174 
0.444277406 0.455589145 0.762523592 107 134 154 
0.443836033 0.45610404 0.777067006 107 133 153 
0.437327683 0.479908586 0.811343193 130 162 183 
0.422453821 0.544611752 0.775206268 119 153 176 
0.395035923 0.542697191 0.777177691 128 160 181 
0.421898127 0.546206892 0.782994092 121 154 177 
0.427426875 0.518837214 0.833307028 148 183 202 
0.412843108 0.580948412 0.812655032 92 121 143 
0.417713314 0.556838751 0.856975257 107 136 156 
0.40810436 0.600994468 0.807454705 101 131 154 
0.382046163 0.621940732 0.821712613 124 155 177 
0.410451651 0.582787812 0.90200758 102 132 154 
0.410057664 0.583041131 0.902188659 102 132 154 
0.410393625 0.582989812 0.902427912 102 132 154 
0.365650743 0.659166217 0.843764484 121 154 179 
0.371305406 0.637695074 0.883820534 118 154 179 
0.410222054 0.583689928 0.902523518 102 132 155 
0.398389697 0.632329702 0.905253112 119 155 179 
0.387276322 0.682833076 0.85426259 119 152 176 
0.393871576 0.652426958 0.889354765 123 160 186 
0.547931552 0.044595331 0.96063292 172 221 241 
0.58196646 0.0629806519 0.966894269 163 213 236 
0.571866393 0.105380088 0.959439397 165 216 236 
0.58555162 0.0477170646 0.97191453 165 216 239 
0.500845253 0.321144521 0.645028591 152 199 231 
0.488970339 0.295430481 0.684702814 160 208 232 
0.560654223 0.150800288 0.969470024 165 216 240 
0.520963967 0.343101233 0.65476203 150 197 226 
0.523521483 0.328560352 0.698928356 146 194 218 
0.519963443 0.321286142 0.747719884 140 181 205 
0.523074031 0.326754004 0.739544094 139 182 205 
0.519358218 0.298299819 0.787639618 137 182 209 
0.533728182 0.274980217 0.825732589 152 202 229 
0.522423148 0.276201814 0.827639401 153 204 230 
0.530517876 0.28990379 0.807284892 141 189 216 
0.540832639 0.242573142 0.859680355 162 205 227 
0.545212984 0.220869899 0.899750292 155 199 223 
0.53897357 0.21168825 0.947798729 169 215 237 
0.544459283 0.220887691 0.934155583 162 207 231 
0.55925113 0.156727046 0.968029857 167 218 241 
0.547116697 0.20773235 0.958338618 173 219 239 
0.474665225 0.397195548 0.689276278 137 176 200 
0.490734756 0.378245264 0.729559183 131 169 193 
0.491302013 0.35554269 0.769504547 137 177 204 
0.512094915 0.371020824 0.751694918 131 171 200 
0.519291639 0.33619681 0.808262467 127 166 194 
0.518324673 0.340180695 0.808387518 127 166 194 
0.544410944 0.219529599 0.951466799 165 211 234 
0.483768463 0.440592736 0.711883545 143 175 196 
0.457978904 0.411510766 0.751254678 129 168 192 
0.506923735 0.389285326 0.786143482 134 170 197 
0.518175542 0.340582281 0.81077075 126 164 193 
0.496541679 0.375164926 0.831960559 111 143 168 
0.5052526 0.39480862 0.801491737 128 161 185 
0.5111112 0.365805715 0.854807138 115 149 176 
0.490251005 0.463780284 0.723784924 136 170 193 
0.487835467 0.470946163 0.755055428 128 160 181 
0.474887013 0.411117405 0.85389787 134 169 192 
0.49524653 0.434258103 0.822498202 135 173 199 
0.504956543 0.388031274 0.890392601 128 165 192 
0.498546422 0.394004136 0.894346178 128 165 191 
0.508186996 0.370846301 0.933046699 118 157 185 
0.503938735 0.372469515 0.934396625 118 156 184 
0.507769823 0.372262418 0.936463356 119 157 186 
0.477512658 0.513832569 0.752412558 113 147 172 
0.471559227 0.520025253 0.756435513 111 146 172 
0.485137165 0.479382008 0.785191476 118 149 168 
0.476513147 0.516911745 0.764083385 109 143 167 
0.488787115 0.460548669 0.826902866 127 166 193 
0.48030436 0.476462305 0.836491883 122 160 188 
0.477526546 0.45295015 0.876364291 125 161 186 
0.48016268 0.430748343 0.916354716 136 171 193 
0.506714642 0.376631528 0.936355591 120 158 186 
0.495050192 0.425145209 0.932775617 134 169 192 
0.468623161 0.54588598 0.804346383 133 165 184 
0.48124367 0.490188718 0.843855619 123 161 187 
0.472759247 0.525410593 0.841985762 127 162 185 
0.4844504 0.473096877 0.886563063 113 149 174 
0.481243193 0.472203732 0.938787222 134 171 194 
0.482668161 0.476357132 0.932159543 129 165 188 
0.483642399 0.471534252 0.941025257 136 172 195 
0.457470059 0.59101373 0.814914584 138 166 186 
0.461242795 0.57233721 0.849247158 140 172 192 
0.482725799 0.475381643 0.940353036 135 171 194 
0.454990208 0.602329016 0.803028464 135 162 181 
0.459998727 0.57366544 0.891600549 132 165 187 
0.456420302 0.58612597 0.917424977 125 159 184 
0.431487918 0.629422009 0.925064445 110 144 167 
0.445566833 0.629770637 0.930719614 106 139 163 
0.432069004 0.692391992 0.854540467 115 149 173 
0.436104238 0.672044873 0.895385861 127 164 190 
0.443556547 0.638271034 0.928552032 111 143 167 
0.62477982 0.080317229 0.97162056 164 213 238 
0.617424667 0.110835403 0.970173359 167 218 242 
0.630389154 0.0567402542 0.976089716 164 211 235 
0.606221735 0.156209767 0.980288148 174 221 239 
0.540566385 0.371952623 0.668302774 154 198 224 
0.535553992 0.347899586 0.708126426 146 195 219 
0.564878941 0.286477953 0.828564167 154 203 229 
0.571728528 0.265296042 0.868646264 164 208 231 
0.572586477 0.24266386 0.908597946 159 205 228 
0.597251236 0.192975909 0.983573079 176 220 238 
0.592605293 0.213532537 0.968438625 171 219 240 
0.556445062 0.389248341 0.675966561 152 196 224 
0.537261605 0.389506787 0.730572641 124 158 180 
0.55340606 0.397500992 0.72377938 126 160 183 
0.519627571 0.33955887 0.810054481 127 165 194 
0.543492675 0.322495431 0.850507259 136 179 206 
0.57820636 0.281283379 0.876631379 162 205 228 
0.569970787 0.315498441 0.874522626 147 188 215 
0.584578812 0.251752704 0.912224412 161 207 229 
0.5895648 0.227669567 0.95093298 164 214 239 
0.539143264 0.431156069 0.753022552 116 148 170 
0.542794704 0.439947337 0.739276707 119 152 176 
0.514466584 0.402343333 0.792418063 131 165 189 
0.52728039 0.359765202 0.872563124 125 162 189 
0.560130417 0.354127765 0.897036731 140 179 205 
0.500623286 0.485866159 0.734659612 123 155 180 
0.540518522 0.447335631 0.761672914 119 154 180 
0.5133968 0.443278253 0.81480372 136 175 200 
0.537070572 0.458199292 0.799250007 133 172 197 
0.556891263 0.365035951 0.924533963 131 172 197 
0.553248107 0.378113419 0.946469903 123 162 186 
0.518047333 0.508437634 0.797380984 116 145 161 
0.536071599 0.460316986 0.821580887 135 172 195 
0.492667317 0.479454696 0.836761117 122 159 186 
0.5307675 0.479317576 0.853954196 130 165 188 
0.543691397 0.416901559 0.954198718 120 157 184 
0.541748047 0.424959064 0.953880191 122 159 185 
0.519231439 0.530978143 0.809512615 121 152 172 
0.513832867 0.553066611 0.811908662 121 155 179 
0.515319407 0.545707583 0.825436532 124 157 180 
0.528541327 0.485413611 0.888418198 134 171 195 
0.530697703 0.472448736 0.933486104 136 173 194 
0.492652118 0.474965185 0.939035773 135 171 193 
0.509140074 0.575121224 0.782277346 111 147 172 
0.458493233 0.599250436 0.800968826 137 164 183 
0.515722394 0.540274024 0.86731267 114 143 161 
0.488705635 0.560883462 0.881492794 118 147 165 
0.510945618 0.557274997 0.897697985 106 135 155 
0.501445353 0.594220757 0.923306823 123 157 181 
0.490448475 0.638575315 0.935296535 126 158 181 
0.479945838 0.689832926 0.847887278 98 129 152 
0.477248251 0.695940614 0.903863668 113 145 170 
0.485476553 0.659117758 0.935285926 122 154 177 
0.668882489 0.0925875902 0.97344923 171 222 244 
0.661809683 0.122098595 0.970230818 171 222 241 
0.677133501 0.0563236773 0.997617722 159 209 235 
0.650146008 0.169753909 0.976152658 172 220 239 
0.606595933 0.377753526 0.664202571 155 200 232 
0.586601317 0.383095026 0.669305444 154 198 228 
0.606236637 0.377039909 0.68862927 147 190 219 
0.638968289 0.21911189 0.940848947 166 216 238 
0.597813785 0.225930125 0.949080348 166 217 241 
0.631551802 0.251718879 0.919003963 161 209 234 
0.647339165 0.181728691 0.97195065 173 222 240 
0.602801979 0.38816911 0.722642899 132 167 191 
0.574810147 0.398595124 0.731390476 123 155 177 
0.599862397 0.398510575 0.742685795 124 157 181 
0.590641141 0.311067551 0.891467214 154 193 218 
0.628985047 0.262830257 0.913370788 158 204 229 
0.617486119 0.311265409 0.903066397 150 187 212 
0.587352812 0.453364938 0.7074489 129 165 190 
0.565136254 0.460287243 0.713655829 127 163 188 
0.596599936 0.412538528 0.736581087 128 158 180 
0.58116585 0.349967957 0.913669765 140 180 206 
0.608297646 0.346667647 0.931512833 136 173 197 
0.581960261 0.474553436 0.719567716 125 162 187 
0.581773043 0.470797271 0.769902468 129 167 191 
0.580515742 0.474115223 0.790754437 126 165 192 
0.601097405 0.372408062 0.976044297 136 177 202 
0.600377262 0.372971952 0.976430178 136 177 202 
0.600956202 0.372925997 0.976768136 136 177 202 
0.576008201 0.488956988 0.832772255 130 162 184 
0.574614465 0.49324432 0.849115372 135 165 187 
0.555707276 0.426193595 0.957933187 122 161 188 
0.597806394 0.38533923 0.98344028 131 169 192 
0.590410352 0.415047795 0.992862105 121 155 173 
0.562465668 0.5466609 0.81329298 104 135 158 
0.55751735 0.567797959 0.805590689 101 132 156 
0.56723541 0.523427308 0.852487683 122 153 175 
0.547438979 0.533905625 0.860363126 118 149 170 
0.572274685 0.499134928 0.891076684 124 160 186 
0.564522803 0.53311789 0.869342268 115 148 171 
0.556259334 0.490360886 0.940421224 145 182 204 
0.571319401 0.499471933 0.931192756 141 178 203 
0.584688902 0.441372782 0.963005781 130 171 197 
0.573211968 0.490102649 0.948416114 148 185 209 
0.548379242 0.606501698 0.795036137 107 139 163 
0.555250585 0.568934917 0.897026181 109 141 165 
0.571573019 0.497400373 0.942567825 149 186 209 
0.546831012 0.600530386 0.932470441 110 142 166 
0.542735875 0.6152004 0.95746088 115 148 172 
0.527527452 0.629827857 0.967089295 124 157 181 
0.538988173 0.629271269 0.973162293 125 158 183 
0.500874102 0.733090043 0.86911881 121 152 174 
0.488360524 0.707221389 0.908779144 115 148 172 
0.516273201 0.691137552 0.949320197 116 147 169 
0.536002159 0.641659021 0.972594023 119 151 175 
0.524427831 0.691266656 0.952723145 114 145 167 
0.512934148 0.745774508 0.874693871 128 159 180 
0.50636375 0.752772808 0.931580186 100 130 151 
0.509420156 0.755476117 0.928213716 101 130 151 
0.523159683 0.69661206 0.951541424 115 146 168 
0.510301948 0.751110792 0.936238408 100 129 150 
0.509280682 0.755638003 0.932818294 99 129 150 
0.710992217 0.112688869 0.979756713 169 221 243 
0.707168519 0.128541261 0.979149699 169 220 242 
0.719860435 0.0757953227 0.982585907 172 224 246 
0.698014915 0.168172032 0.959007502 165 220 241 
0.66185385 0.177396923 0.967999339 171 222 241 
0.691537738 0.195835352 0.94896996 166 219 240 
0.632793605 0.394275576 0.67031163 141 184 214 
0.682127655 0.235088855 0.944797635 160 206 227 
0.678384244 0.250866443 0.941333175 157 203 226 
0.624643624 0.433496743 0.69254303 128 163 187 
0.646003723 0.40397954 0.726496279 128 169 197 
0.641165376 0.425031304 0.714695632 127 165 190 
0.644077957 0.410612583 0.741201222 123 163 191 
0.654719889 0.303737521 0.932795882 137 171 193 
0.666302502 0.300591499 0.943450332 133 169 192 
0.633853614 0.456212193 0.703887939 140 177 199 
0.605543911 0.47006765 0.714536011 140 178 201 
0.639586985 0.429192483 0.740916967 121 160 187 
0.630684435 0.466831893 0.731380105 135 174 198 
0.652544439 0.344404817 0.955157518 142 181 203 
0.655405581 0.344451249 0.956349492 142 181 203 
0.626983881 0.478713423 0.769240677 124 161 188 
0.624366641 0.488022715 0.785950959 131 168 195 
0.641880393 0.402213991 0.935419202 138 177 203 
0.629930735 0.402965009 0.937140942 142 180 206 
0.640747309 0.406931251 0.935019374 140 179 204 
0.644062638 0.390518904 0.965189815 132 171 196 
0.645494282 0.383431792 0.97821784 129 167 192 
0.59004277 0.503023744 0.838882148 135 165 187 
0.614833534 0.525131106 0.811260998 123 157 180 
0.638533175 0.415366173 0.942941666 133 170 195 
0.644638181 0.386886269 0.979135752 127 165 190 
0.632734835 0.436511755 0.974167705 107 142 165 
0.61016506 0.544798732 0.807038426 110 144 166 
0.59985137 0.589214802 0.786982954 120 151 173 
0.614524722 0.518684864 0.897068918 142 178 201 
0.610562742 0.536188722 0.884459555 125 159 180 
0.614052176 0.518914521 0.916214168 140 179 202 
0.62337327 0.474933118 0.977011323 134 169 194 
0.620762289 0.485696524 0.977278113 140 176 202 
0.575885952 0.627664566 0.803525805 106 137 160 
0.590350211 0.626164913 0.812583864 104 134 156 
0.600703299 0.574912548 0.906799853 116 146 167 
0.6139099 0.516608953 0.948364735 139 178 203 
0.588124931 0.635892034 0.806656599 109 139 162 
0.593199015 0.6024791 0.944995403 100 132 156 
0.589137137 0.603546262 0.946022272 99 131 155 
0.592810631 0.603899717 0.947039008 99 131 155 
0.590735078 0.612160563 0.950532794 98 131 155 
0.56930244 0.639939308 0.96799922 106 138 163 
0.582216203 0.64626205 0.96269083 101 134 158 
0.560822308 0.743170977 0.868015289 136 170 194 
0.548634589 0.744650126 0.870159149 135 169 192 
0.560439289 0.743982553 0.876578927 137 171 194 
0.568882227 0.702186465 0.953411698 122 156 181 
0.559664726 0.743227363 0.920530677 137 169 192 
0.51520431 0.754912615 0.931772828 103 133 154 
0.568225443 0.70509845 0.95120585 124 158 182 
0.747605443 0.0929250121 0.964982152 166 220 243 
0.748497307 0.154934198 0.951394558 163 217 237 
0.734370828 0.215373158 0.928331614 163 217 238 
0.729455888 0.216599375 0.929538727 163 217 237 
0.733478129 0.219200611 0.926780581 161 216 236 
0.747259259 0.160239518 0.949280977 163 218 238 
0.660252273 0.400921732 0.670909703 136 177 206 
0.695346057 0.397886574 0.691832006 138 178 206 
0.721292078 0.269442499 0.92794764 168 215 234 
0.672240555 0.445017278 0.693579793 141 178 201 
0.651153505 0.417073518 0.733053386 128 169 196 
0.683600307 0.445948452 0.697006464 144 182 205 
0.715017021 0.295910835 0.921912432 155 199 220 
0.678450108 0.309481263 0.933312774 136 172 194 
0.707093894 0.329644769 0.910804629 147 183 205 
0.67614764 0.472757578 0.741249323 134 169 192 
0.66754061 0.348034531 0.955484152 147 186 209 
0.699115932 0.359054506 0.950266957 158 197 219 
0.667899907 0.503504992 0.778230906 138 171 195 
0.667898476 0.5035097 0.778243899 138 171 195 
0.650203824 0.407871962 0.937582493 137 174 200 
0.648827076 0.384698898 0.977485538 128 166 190 
0.687344432 0.407243609 0.955207467 119 154 178 
0.659776568 0.533631921 0.816396356 130 166 186 
0.681833327 0.430789858 0.946573853 126 161 186 
0.645125329 0.447836608 0.959880829 117 151 175 
0.673539281 0.465500593 0.941640615 133 170 195 
0.603390396 0.593127966 0.781715989 122 153 175 
0.652633071 0.563492298 0.812540889 126 153 170 
0.627901196 0.530541182 0.902048707 133 169 192 
0.662164927 0.511724055 0.950194716 132 164 184 
0.605477393 0.634826899 0.80417037 114 143 164 
0.648250222 0.571729779 0.92221868 109 143 168 
0.646610498 0.57864058 0.920709133 108 141 166 
0.659147918 0.524418473 0.947641969 125 157 179 
0.596607924 0.605354548 0.946184993 98 130 154 
0.635316849 0.624463856 0.929998636 111 143 164 
0.631408215 0.637906551 0.960068822 110 142 165 
0.598514557 0.64700985 0.96863544 106 139 163 
0.628023505 0.650484622 0.975690842 120 152 176 
0.613252163 0.718229771 0.901043653 106 136 159 
0.58999145 0.731820464 0.910992861 110 140 161 
0.614796698 0.707669079 0.947486639 109 140 161 
0.578059435 0.706092536 0.950665951 120 153 177 
0.625851989 0.659738183 0.972555518 122 154 178 
-0.274183065 0.0765312314 -0.973599434 178 226 244 
-0.276391 0.0767254829 -0.973251104 178 226 244 
-0.274485648 0.0778506696 -0.97437048 178 226 244 
-0.267462909 0.0456341505 -0.938787937 168 219 240 
-0.304663479 0.0470424891 -0.933933914 164 213 232 
-0.265938491 0.0355386138 -0.896589279 167 217 239 
-0.227006704 0.0767241716 -0.978678465 183 228 243 
-0.232007474 0.0985536873 -0.991666079 180 226 244 
-0.220407128 0.0463009477 -0.943596005 172 215 235 
-0.21879369 0.0354696214 -0.897307873 172 217 237 
-0.262001812 0.0345286429 -0.893071771 167 216 239 
-0.219096959 0.0346409678 -0.87417686 164 210 232 
-0.170911744 0.0373820662 -0.953886628 158 204 230 
-0.174242213 0.0374161601 -0.953502059 158 204 230 
-0.171348438 0.0393382013 -0.95557487 157 203 230 
-0.170779005 0.0365192592 -0.950392842 157 203 229 
-0.181133568 0.0820381045 -0.980828643 162 211 233 
-0.188887343 0.116078734 -1.00311959 173 222 241 
-0.170826942 0.0325571001 -0.904163182 155 198 226 
-0.174002573 0.0423926115 -0.867664218 150 192 218 
-0.12591213 0.046128273 -0.954073668 146 189 215 
-0.127513379 0.053324163 -0.960522652 150 193 218 
-0.125551209 0.043610543 -0.942666292 149 190 216 
-0.135611117 0.0887298584 -0.982190728 168 213 234 
-0.144559681 0.127626032 -1.00358438 176 219 241 
-0.125580162 0.0403320491 -0.904905677 160 203 227 
-0.129095674 0.0510725081 -0.862857938 163 209 232 
-0.0798839927 0.0508329868 -0.956572294 170 211 232 
-0.0850346014 0.0740241408 -0.977812588 168 213 233 
-0.0798830539 0.0485217273 -0.930932164 160 204 227 
-0.0885191485 0.0892545581 -0.987080097 167 214 233 
-0.0997155532 0.136616528 -0.999349177 163 215 237 
-0.0811729357 0.0514058173 -0.903761506 158 201 225 
-0.0838759392 0.0582035482 -0.855204463 151 196 227 
-0.0418169573 0.0913108587 -0.991093457 159 208 230 
-0.0463343859 0.0912152529 -0.990648985 160 208 230 
-0.04235477 0.0937289 -0.99327302 160 208 229 
-0.0352251977 0.0609182715 -0.955993414 161 205 227 
-0.0342861935 0.0537859499 -0.919846892 166 208 231 
-0.0528489798 0.139150232 -1.01621461 170 219 239 
-0.0729665384 0.148802847 -1.00875306 165 219 241 
-0.0568486527 0.15539521 -1.01310718 166 220 241 
-0.0345060006 0.0536006391 -0.907695651 166 208 232 
-0.0375567675 0.0610959828 -0.850925446 159 203 228 
-0.0652339682 0.0593151152 -0.848852813 153 198 227 
-0.0332267061 0.0395902693 -0.810742497 149 194 220 
-0.047246851 0.0408289135 -0.808528066 151 196 222 
-0.0334658399 0.0396400988 -0.800317407 151 195 221 
0.00457856804 0.0945720673 -0.994417667 170 214 235 
1.51693821e-05 0.114967793 -1.01155376 165 212 235 
0.0118369162 0.0615603328 -0.960815668 168 208 231 
0.0136350915 0.0500030816 -0.914942741 165 209 231 
-0.0187224746 0.0522188842 -0.910181642 168 210 233 
0.0126936734 0.0522036254 -0.896175861 163 207 230 
-0.00560516119 0.139078289 -1.02144527 163 214 239 
-0.0128483921 0.168563306 -1.01655149 167 218 241 
0.0116339773 0.0533740819 -0.860531449 152 196 224 
0.0128790662 0.0439899862 -0.813415527 143 191 221 
0.0129040778 0.0410773158 -0.782197118 136 182 211 
0.0609291494 0.0531440377 -0.970788598 149 193 221 
0.045232296 0.0448588431 -0.868855596 146 192 222 
0.0365277976 0.0382661819 -0.766770363 143 186 213 
-0.703807652 0.190310746 0.182656527 140 179 204 
-0.70622319 0.195791036 0.232656956 143 182 204 
-0.673246384 0.038785249 0.463373095 163 203 226 
-0.673902273 0.036870569 0.514761209 163 202 229 
-0.685547829 0.0384719968 0.516912043 162 202 230 
-0.668388426 0.010713309 0.552283585 174 213 234 
-0.686537564 0.0153926015 0.556823432 169 207 229 
-0.665476859 -0.0052189827 0.595654249 155 200 230 
-0.669915855 -0.00342407823 0.597118497 154 199 229 
-0.707189322 0.199106574 0.240170509 140 180 203 
-0.706944823 0.193653792 0.289534956 139 177 200 
-0.704592526 0.179919124 0.334162533 146 186 213 
-0.720493078 0.185406774 0.338894993 148 187 215 
-0.705691457 0.183073908 0.349559963 145 184 212 
-0.715466678 0.221380726 0.372666925 141 184 209 
-0.722865522 0.247923627 0.417399257 156 197 222 
-0.717655361 0.222262874 0.463347584 148 198 222 
-0.71857661 0.22257866 0.463620573 148 198 221 
-0.718172014 0.224688575 0.460111648 149 198 221 
-0.717674911 0.222227767 0.464635342 148 198 221 
-0.760861218 0.322057307 0.365309626 134 166 187 
-0.76288116 0.298728585 0.405198604 122 162 186 
-0.723968863 0.251562089 0.427622169 153 196 221 
-0.754256189 0.25513649 0.48525241 147 197 222 
-0.725292265 0.24985218 0.507379472 147 197 225 
-0.734664857 0.286165625 0.534150839 151 200 227 
-0.73786056 0.297162324 0.558669806 162 203 227 
-0.780557215 0.308318377 0.569430411 143 183 204 
-0.739951074 0.302250057 0.598108649 174 215 235 
-0.796546102 0.345642269 0.591491103 150 193 222 
-0.749382079 0.33885318 0.624347508 151 197 226 
-0.799065292 0.363386512 0.653778195 152 199 223 
-0.759460092 0.378658861 0.644699097 142 192 221 
-0.769422352 0.417891592 0.666104078 163 205 229 
-0.778276443 0.451638579 0.697593272 155 198 219 
-0.782755017 0.469072223 0.709477663 151 194 217 
-0.796981335 0.487472445 0.721050501 146 189 216 
-0.787691653 0.488163352 0.723976016 146 189 216 
-0.795533121 0.516896844 0.764681458 130 168 192 
-0.806534946 0.561276138 0.776625574 108 141 162 
-0.817147732 0.603729367 0.792110264 119 153 175 
-0.656396389 0.189581066 0.177049726 164 200 216 
-0.655726671 0.182457834 0.225458711 144 180 198 
-0.697840095 0.195375592 0.237113535 144 183 204 
-0.654577255 0.173449427 0.272789508 145 188 209 
-0.681995094 0.176370919 0.277391613 159 200 217 
-0.655159056 0.173989803 0.293495923 149 190 211 
-0.621692419 0.017285794 0.498370081 173 210 232 
-0.616372108 -0.00811091065 0.536327541 177 220 243 
-0.618614018 -0.00379365683 0.591280043 174 216 240 
-0.659723818 0.189179808 0.334269732 141 178 201 
-0.661606431 0.195822269 0.34688732 146 184 206 
-0.668524206 0.219983548 0.395997643 157 200 223 
-0.670032382 0.225192964 0.407350808 158 201 224 
-0.712310195 0.246935248 0.423824102 157 199 223 
-0.671554089 0.226680249 0.460684627 147 199 225 
-0.671071529 0.222509161 0.484880358 156 210 233 
-0.679506123 0.254179627 0.520186722 171 220 239 
-0.688778758 0.289998144 0.547867894 178 222 242 
-0.689817011 0.293948174 0.551642001 178 221 242 
-0.697219193 0.321697414 0.5831213 167 209 236 
-0.704728127 0.348785132 0.626852155 151 201 231 
-0.716035724 0.394677848 0.636014163 149 195 221 
-0.72509867 0.429458469 0.66560322 146 189 219 
-0.733960152 0.463242203 0.697024882 141 184 211 
-0.735285759 0.468114614 0.703740537 137 180 208 
-0.738198996 0.475069612 0.760201573 129 173 202 
-0.743182302 0.477654308 0.762155235 129 173 203 
-0.73874557 0.476847321 0.765540361 128 172 201 
-0.741635144 0.488571107 0.767923832 128 172 201 
-0.749746978 0.521224141 0.777489007 128 169 199 
-0.759421825 0.559034109 0.80150938 145 182 205 
-0.772080362 0.611614764 0.798377037 121 154 174 
-0.613518596 0.192945182 0.278883159 145 182 206 
-0.612415195 0.193377644 0.278618008 145 182 206 
-0.606877506 0.167094201 0.316448301 142 179 200 
-0.617241144 0.169204324 0.318735033 146 183 203 
-0.612121284 0.191922516 0.281292915 145 182 206 
-0.607275307 0.167933077 0.325392187 142 179 200 
-0.569628239 -0.0107100606 0.582134664 163 206 230 
-0.612433136 0.193415463 0.279019713 145 182 206 
-0.612083018 0.183056206 0.378061026 173 211 229 
-0.618365467 0.187286228 0.381052464 181 220 235 
-0.613042355 0.186397493 0.384974927 177 216 233 
-0.649194181 0.221018195 0.402789921 160 202 223 
-0.621956706 0.220442548 0.415916175 164 211 230 
-0.62404108 0.225550637 0.454849094 161 216 241 
-0.625835299 0.229558691 0.492683679 160 216 241 
-0.635204911 0.265857786 0.519481421 146 196 228 
-0.644925117 0.303891867 0.543089747 153 202 232 
-0.647725523 0.314120978 0.557990491 153 202 233 
-0.652626991 0.331934869 0.585064411 149 199 231 
-0.662115037 0.368820161 0.610784531 143 190 220 
-0.670723319 0.401350349 0.644510508 160 197 224 
-0.67256856 0.407243818 0.663735747 162 200 227 
-0.709650457 0.426222563 0.678134739 147 189 219 
-0.67588681 0.416826993 0.709585667 150 195 224 
-0.726847589 0.463253975 0.700169146 142 185 212 
-0.683140337 0.444291115 0.737408221 142 185 216 
-0.687527001 0.449931443 0.740958571 140 182 214 
-0.684042096 0.447114557 0.747434258 138 181 212 
-0.690998375 0.471466571 0.796193957 132 173 201 
-0.737576127 0.52020514 0.784686327 132 174 204 
-0.694019973 0.482548147 0.811772704 127 166 191 
-0.712115586 0.503527761 0.825173855 123 162 184 
-0.697856843 0.495333999 0.845844507 122 162 186 
-0.752774 0.557720423 0.806764245 146 184 206 
-0.706548631 0.531776428 0.839928985 117 150 170 
-0.710874736 0.549693346 0.839442551 116 147 167 
-0.725251675 0.614248991 0.782133222 109 140 160 
-0.758925676 0.620265126 0.78910625 109 143 164 
-0.729324698 0.630944014 0.783606827 97 129 149 
-0.719497204 0.587146401 0.819114923 131 165 183 
-0.56263113 0.183291495 0.268039793 132 169 193 
-0.612031996 0.193305016 0.278915554 145 182 206 
-0.562671185 0.178957015 0.318043858 166 204 224 
-0.562847853 0.178986102 0.325835943 168 205 225 
-0.568958044 0.199168056 0.382086813 158 197 221 
-0.562805057 0.170499533 0.418172926 174 217 238 
-0.571301997 0.175837785 0.422010571 178 220 242 
-0.563868642 0.173954487 0.428610891 179 221 243 
-0.586140394 0.21344009 0.444096297 171 224 242 
-0.57374537 0.212763891 0.450793952 172 224 242 
-0.582244873 0.244755402 0.48551026 155 208 235 
-0.590867698 0.27735728 0.519104481 163 212 237 
-0.599773526 0.31136021 0.550123155 163 210 238 
-0.601175606 0.316775292 0.554319143 160 208 236 
-0.608822882 0.346073896 0.579835296 141 191 225 
-0.616895318 0.375951111 0.618438184 145 191 223 
-0.622920692 0.397725433 0.65310216 144 185 216 
-0.634154499 0.403302014 0.65737021 147 186 216 
-0.624414921 0.403091818 0.662071586 141 182 214 
-0.625917554 0.405009121 0.709751248 152 197 227 
-0.662854731 0.414709359 0.719087005 154 199 227 
-0.622547328 0.387274981 0.752091289 147 194 226 
-0.643404007 0.396577418 0.759443581 150 197 227 
-0.623386979 0.387918144 0.783490419 157 205 232 
-0.666607738 0.432154983 0.781347156 135 180 208 
-0.632531881 0.423104763 0.812333167 138 183 212 
-0.65930593 0.475116163 0.803915143 137 183 211 
-0.637496412 0.441521913 0.83560127 133 178 210 
-0.648895204 0.454796165 0.844074965 132 177 209 
-0.648749888 0.485739619 0.860891819 137 183 213 
-0.652044475 0.49953118 0.858891189 138 185 214 
-0.699819922 0.547697783 0.847850621 121 152 172 
-0.652131975 0.499028653 0.868492484 137 182 211 
-0.682943523 0.528942704 0.888151228 116 152 178 
-0.709715128 0.632176161 0.79017818 100 133 155 
-0.677482605 0.607621193 0.825636148 139 175 195 
-0.681247771 0.623930693 0.817261457 130 165 187 
-0.671837747 0.580949306 0.862864196 116 146 165 
-0.668479383 0.563261509 0.90523082 131 159 179 
-0.514232039 0.174188644 0.310127079 138 174 196 
-0.51674825 0.181761295 0.341496736 146 185 208 
-0.518815398 0.187706023 0.370341569 155 194 216 
-0.536283791 0.184313685 0.422773331 178 219 241 
-0.520552993 0.190511912 0.418936104 177 217 239 
-0.525160074 0.20814389 0.434514314 163 209 237 
-0.527999341 0.21728988 0.463236302 158 211 239 
-0.535596073 0.244812027 0.506168425 162 212 232 
-0.546290219 0.287668049 0.520912707 164 210 235 
-0.55081284 0.304448426 0.54207927 162 210 236 
-0.593391061 0.312426835 0.551098228 163 211 238 
-0.554408729 0.317773432 0.559096158 157 207 235 
-0.563230157 0.351358563 0.590882897 145 191 225 
-0.570719361 0.37834847 0.63479352 146 188 219 
-0.570961714 0.379126608 0.63727504 147 189 220 
-0.574357808 0.38797906 0.694821358 159 200 227 
-0.581818998 0.393129647 0.698443115 159 200 228 
-0.573134899 0.380221784 0.724875271 158 203 234 
-0.572003365 0.37423566 0.739443958 157 203 237 
-0.569110394 0.358376771 0.782856584 157 204 233 
-0.610997736 0.381581277 0.800082445 165 213 238 
-0.625066698 0.419369876 0.82218498 139 183 212 
-0.649977505 0.495728046 0.866460323 138 184 214 
-0.671000302 0.618707061 0.830954432 139 176 195 
-0.63095206 0.605560541 0.871759653 106 137 159 
-0.665707648 0.574308395 0.91093564 133 159 177 
-0.642176807 0.654456973 0.847234607 123 158 179 
-0.630923808 0.60574913 0.871859074 106 137 159 
-0.635984004 0.621140003 0.933145165 134 159 178 
-0.465453953 0.168088198 0.301448464 116 154 178 
-0.471535265 0.188925922 0.34908846 135 168 190 
-0.4739151 0.196842283 0.37037763 151 183 202 
-0.474588484 0.194996387 0.421805054 154 192 214 
-0.494232714 0.194491863 0.423689276 164 204 225 
-0.473383188 0.187989235 0.444335788 167 206 225 
-0.473968774 0.188069671 0.470326453 169 213 232 
-0.508125365 0.209483266 0.485728532 159 213 237 
-0.480358422 0.212434933 0.49292329 151 201 228 
-0.486328244 0.236633062 0.498102516 156 209 236 
-0.491627693 0.258138001 0.502433956 165 219 245 
-0.501084924 0.294870555 0.528434873 157 203 224 
-0.503467321 0.303976864 0.53662014 160 206 229 
-0.509540439 0.326644242 0.563551545 160 206 237 
-0.516177833 0.349427879 0.615099251 144 188 220 
-0.516249537 0.349452406 0.615120471 144 188 220 
-0.516182661 0.349441439 0.615169406 144 188 220 
-0.569073617 0.377860576 0.636378825 148 190 221 
-0.522227287 0.369280189 0.672225833 152 197 230 
-0.522778869 0.370873362 0.679848254 149 194 228 
-0.52065599 0.358040065 0.724991322 163 206 234 
-0.568102241 0.373609871 0.738674819 157 204 237 
-0.515450239 0.333093733 0.763206363 164 209 238 
-0.560082674 0.352711111 0.778782487 155 203 233 
-0.425848663 0.193745822 0.360990435 124 162 189 
-0.425885975 0.193684876 0.36338228 125 163 190 
-0.427532911 0.195664108 0.416997522 161 198 217 
-0.428958356 0.199055463 0.444755286 174 214 231 
-0.431638151 0.207302839 0.476137489 161 210 234 
-0.434633315 0.217064157 0.505175829 160 211 238 
-0.473342597 0.259096056 0.508895159 170 223 245 
-0.445559531 0.261069119 0.51780808 180 228 246 
-0.495304912 0.294974089 0.530825734 161 207 227 
-0.454220682 0.293860644 0.551053643 163 209 233 
-0.463213831 0.328296036 0.581277311 162 205 231 
-0.46871075 0.348478734 0.609366894 173 211 235 
-0.470343828 0.353507757 0.628456652 168 209 235 
-0.462446839 0.314882487 0.695117712 164 209 238 
-0.46437335 0.316329032 0.696116328 163 209 238 
-0.463006884 0.317186743 0.695224762 163 208 238 
-0.45239976 0.270913154 0.722452462 167 217 241 
-0.466441453 0.292988598 0.736004233 166 214 239 
-0.469642162 0.347646564 0.661374092 156 203 234 
-0.516302168 0.367793709 0.677461267 150 195 229 
-0.482034028 0.353248239 0.718140602 155 203 232 
-0.494546503 0.327379823 0.757801056 166 209 235 
-0.42410624 0.193111509 0.362874806 125 163 189 
-0.37797609 0.18774426 0.392785251 149 181 200 
-0.368124694 0.143303394 0.434343249 141 174 194 
-0.386116624 0.15662697 0.4435682 153 186 204 
-0.375083864 0.173426539 0.419105142 149 181 201 
-0.370678365 0.151617378 0.459196419 156 193 212 
-0.378346294 0.187958509 0.407400787 150 183 203 
-0.403641224 0.193579108 0.465595454 171 208 225 
-0.379719913 0.186292201 0.488980025 178 219 237 
-0.388160378 0.217991367 0.524233639 176 217 237 
-0.376137257 0.161311358 0.602092564 188 232 245 
-0.412878215 0.164017707 0.607602119 163 212 237 
-0.381499767 0.185018569 0.584846735 185 232 245 
-0.376587093 0.160698503 0.629553735 191 233 246 
-0.398031354 0.256772339 0.546468973 185 228 240 
-0.410181254 0.205864325 0.630069852 180 226 241 
-0.392836392 0.231054977 0.593744636 183 231 247 
-0.378436863 0.165855259 0.657174706 182 220 234 
-0.396463931 0.186344653 0.670301616 170 207 222 
-0.399168193 0.260789394 0.554023147 187 230 242 
-0.428634554 0.288271338 0.572210968 169 215 236 
-0.394265652 0.237034321 0.592919469 182 229 245 
-0.42297852 0.266800523 0.612267077 173 214 237 
-0.439433247 0.239977926 0.65184164 188 227 245 
-0.431209236 0.219128639 0.691953778 186 224 243 
-0.45195049 0.323821694 0.594112039 169 210 236 
-0.435174227 0.305042446 0.634410381 170 210 235 
-0.444580823 0.279925823 0.674138427 187 226 245 
-0.436212629 0.259111434 0.714253724 167 217 240 
-0.456938207 0.34096849 0.656345308 157 203 233 
-0.367373794 0.184003353 0.404043496 149 181 201 
-0.314789832 0.114806414 0.465338022 142 178 202 
-0.341807514 0.144511819 0.484466285 154 196 219 
-0.318003595 0.122942328 0.522474587 141 180 203 
-0.322092414 0.126443923 0.524828732 142 182 206 
-0.318412125 0.123865098 0.530975044 144 182 206 
-0.370258093 0.178819418 0.506255627 179 226 246 
-0.344409645 0.162236035 0.546751559 165 213 238 
-0.326043308 0.15155822 0.57359302 163 214 237 
-0.381876141 0.217201188 0.528411508 176 217 237 
-0.376648188 0.195626765 0.568458319 180 227 241 
-0.325620174 0.148377985 0.589505792 166 218 238 
-0.330558509 0.163825661 0.644567549 182 221 238 
-0.393010199 0.255700111 0.550577939 185 228 240 
-0.390521467 0.233462691 0.590565085 182 230 246 
-0.33080712 0.164266974 0.651076794 181 220 237 
-0.271180034 0.124521673 0.518188417 146 180 202 
-0.272643059 0.128276706 0.54362762 157 194 215 
-0.272685856 0.125946462 0.571486533 168 205 222 
-0.320673466 0.145141393 0.587201536 166 217 237 
-0.276125252 0.135430425 0.624002635 175 215 229 
-0.277345747 0.139764518 0.631873012 172 214 229 
-0.322895885 0.16295746 0.649495065 179 218 237 
-0.304704159 0.247262657 0.69335705 136 178 202 
-0.306935728 0.249208197 0.694660664 136 178 202 
-0.305428386 0.250239432 0.693528295 137 179 202 
-0.305525899 0.25049156 0.695203841 136 178 201 
-0.226036102 0.132700652 0.51767695 147 183 202 
-0.229762912 0.146989852 0.529990017 156 192 210 
-0.229714572 0.142662436 0.575857818 176 216 234 
-0.232605994 0.150979638 0.616181135 174 212 231 
-0.235296115 0.16010192 0.638315678 173 210 227 
-0.304191083 0.249872521 0.694720447 136 178 202 
-0.178239793 0.125966132 0.561118841 152 190 214 
-0.193681538 0.13468504 0.567558646 161 201 223 
-0.18003872 0.13182202 0.578634977 150 189 213 
-0.181838363 0.135613948 0.619120181 140 178 200 
-0.213130027 0.148331672 0.629477024 162 199 218 
-0.131315053 0.13163963 0.506691158 133 162 182 
-0.134080827 0.135298848 0.593005896 138 178 205 
-0.134681284 0.135882735 0.614084423 143 183 211 
-0.0876594409 0.145666718 0.509524584 120 154 177 
-0.0898965672 0.147556067 0.591236055 132 172 201 
-0.0909423083 0.149582297 0.616730511 133 172 197 
-0.0396085568 0.137931794 0.552394271 155 187 205 
-0.0464732796 0.163580418 0.582541227 180 212 229 
-0.0593743138 0.185547203 0.63282609 130 169 191 
-0.0536511019 0.189029008 0.629285216 129 167 190 
-0.0541864783 0.19072029 0.635070086 128 167 190 
0.00621064007 0.143457532 0.550365269 157 186 206 
-0.0248652622 0.152706027 0.611168742 164 202 223 
-0.0481619239 0.188261092 0.63307029 130 170 192 
-0.667131722 0.145021647 -0.997876644 174 223 246 
-0.668694437 0.151193678 -0.99471724 175 225 247 
-0.668857217 0.151801556 -0.993998766 176 225 247 
-0.716225386 0.337922961 -0.887545824 160 210 234 
-0.726141334 0.343096972 -0.883641601 159 210 234 
-0.719517112 0.3523646 -0.896897435 164 211 233 
-0.728470504 0.390529126 -0.90994072 172 213 232 
-0.733882248 0.413393587 -0.915560126 167 208 229 
-0.780545533 0.435156345 -0.879941702 162 200 220 
-0.74574095 0.462014169 -0.911412716 156 193 214 
-0.749156117 0.476299971 -0.913366795 153 192 215 
-0.760028064 0.522657216 -0.929365873 150 193 217 
-0.762413204 0.532882154 -0.933487594 150 193 216 
-0.773866892 0.581080556 -0.943238735 157 198 219 
-0.807665944 0.620693088 -0.933104336 146 187 211 
-0.783592284 0.619140923 -0.919678628 146 187 210 
-0.789451122 0.643612742 -0.92263788 142 181 205 
-0.796388686 0.672403693 -0.924064815 128 164 189 
-0.799133718 0.572592735 -0.750777721 133 176 202 
-0.807413757 0.716897845 -0.912331879 134 169 193 
-0.787012756 0.620556414 -0.778375626 124 164 188 
-0.80948025 0.634122133 -0.768527091 119 154 176 
-0.792538226 0.643257678 -0.776960969 113 148 170 
-0.790040731 0.630893826 -0.754232824 113 148 171 
-0.812981248 0.740560651 -0.919671357 142 178 200 
-0.796405733 0.657463908 -0.757266223 115 148 172 
-0.789474487 0.62573725 -0.72292918 113 146 171 
-0.637553155 0.158569902 -0.993756771 175 224 244 
-0.646392167 0.249091655 -0.943542719 184 230 246 
-0.65511924 0.277899712 -0.926912546 165 215 243 
-0.653901398 0.278695911 -0.927762747 164 214 243 
-0.654368699 0.280433625 -0.925616562 165 215 243 
-0.677614152 0.376262575 -0.923290014 169 210 230 
-0.682759702 0.376437038 -0.922629654 170 211 231 
-0.679101467 0.383278072 -0.932962656 175 213 233 
-0.670473576 0.343713671 -0.889423251 170 215 236 
-0.690465629 0.42945087 -0.924315512 158 198 220 
-0.697362065 0.458348989 -0.928823352 154 193 215 
-0.732346117 0.469662458 -0.918824673 155 193 215 
-0.703582466 0.484299958 -0.931617856 160 199 220 
-0.715619564 0.533804178 -0.929094791 149 192 214 
-0.718570054 0.54617244 -0.931075633 155 198 219 
-0.728953958 0.589730442 -0.938377261 165 206 226 
-0.73859024 0.627349734 -0.914006352 143 180 203 
-0.746825993 0.661688924 -0.917488575 139 177 202 
-0.751739502 0.682359338 -0.921603799 131 168 192 
-0.732760549 0.588454843 -0.749442458 135 175 198 
-0.733154476 0.588562608 -0.749340594 135 175 198 
-0.732841313 0.588805139 -0.749625325 135 175 198 
-0.763556719 0.731920004 -0.929802835 136 174 198 
-0.770900786 0.734819353 -0.92741859 138 176 200 
-0.76488626 0.737356901 -0.929178894 137 176 200 
-0.74418515 0.637837172 -0.773681283 142 177 198 
-0.747851968 0.65302974 -0.774162412 139 173 194 
-0.762974679 0.622538626 -0.727581143 122 158 184 
-0.572576284 0.144611686 -1.00849009 170 216 240 
-0.622631907 0.162181467 -0.993431807 174 223 243 
-0.580108106 0.174629956 -0.996274948 173 223 245 
-0.60316062 0.208088249 -0.970598698 183 233 250 
-0.590060294 0.213812679 -0.974778175 179 229 248 
-0.6428352 0.239679128 -0.949053943 190 235 247 
-0.601244509 0.259094805 -0.964493632 179 224 241 
-0.610409975 0.294383198 -0.935838044 160 204 232 
-0.625238299 0.326326013 -0.903852701 175 218 241 
-0.61949861 0.329290956 -0.906482697 171 214 237 
-0.67093724 0.379298598 -0.922372162 172 212 232 
-0.623797476 0.345872551 -0.89337796 175 216 236 
-0.641711593 0.363532633 -0.881802559 174 213 232 
-0.637621343 0.404681861 -0.912224889 180 215 234 
-0.646136999 0.440993071 -0.924770951 169 211 231 
-0.630300701 0.371425331 -0.878762901 177 214 231 
-0.66151911 0.507565856 -0.958346248 156 198 220 
-0.664193153 0.508998275 -0.957273245 158 199 221 
-0.662130296 0.510082126 -0.958250284 157 199 221 
-0.650692165 0.460532099 -0.932764232 162 206 228 
-0.704022408 0.540551722 -0.935731828 152 195 218 
-0.67314291 0.554514647 -0.94640398 159 199 220 
-0.683610857 0.596250832 -0.929601192 145 184 205 
-0.69365555 0.635891795 -0.908946812 148 180 203 
-0.674817026 0.546341121 -0.778719068 129 172 200 
-0.699572682 0.555496931 -0.771018088 133 175 203 
-0.682304919 0.579701364 -0.805653214 145 185 213 
-0.700209737 0.664083004 -0.921308756 143 179 201 
-0.709993005 0.706684411 -0.945557654 137 169 191 
-0.684203565 0.58771503 -0.807538271 147 187 213 
-0.716850102 0.615348816 -0.788918436 137 172 195 
-0.69439441 0.629464507 -0.803606153 134 166 187 
-0.754353046 0.738824606 -0.92705816 134 172 196 
-0.719371915 0.743029356 -0.918844223 127 165 186 
-0.702755988 0.660773396 -0.767635167 131 162 184 
-0.703789413 0.664672732 -0.763521969 129 160 182 
-0.524810851 0.142489821 -1.01489305 175 228 246 
-0.545349658 0.13969329 -1.01415741 172 221 243 
-0.525430799 0.145026177 -1.01461816 174 227 246 
-0.526470542 0.149011046 -1.01116323 174 227 246 
-0.566740513 0.175709575 -0.992214382 173 225 246 
-0.544044614 0.21806404 -0.971668065 172 223 245 
-0.545186639 0.222656846 -0.970273912 172 223 245 
-0.556001067 0.266108394 -0.956624269 188 229 242 
-0.559886813 0.280312091 -0.936065018 183 221 239 
-0.585615039 0.294722676 -0.925398588 171 212 236 
-0.608863711 0.330289394 -0.903496027 172 215 238 
-0.587598383 0.393689692 -0.923701406 168 205 224 
-0.60978955 0.394098967 -0.921040237 178 214 232 
-0.591093421 0.409576446 -0.939781666 164 200 219 
-0.581750274 0.366219163 -0.886930108 169 209 232 
-0.608494163 0.371572644 -0.881079018 173 212 232 
-0.600850403 0.450252116 -0.943833351 164 201 221 
-0.615686655 0.456705272 -0.938692629 167 206 226 
-0.603904545 0.4629125 -0.944302619 163 200 220 
-0.614238203 0.507347822 -0.963660479 148 184 209 
-0.618632019 0.52573514 -0.96626246 144 180 205 
-0.62879765 0.565974653 -0.946708381 163 204 225 
-0.631087124 0.573551476 -0.925794959 153 196 217 
-0.669968188 0.589988172 -0.912581086 137 180 203 
-0.634218454 0.582725286 -0.883975327 154 192 215 
-0.623983026 0.532162428 -0.792018116 155 196 219 
-0.624551415 0.532461524 -0.791792929 155 197 219 
-0.624343395 0.533839345 -0.794109404 155 196 219 
-0.665459037 0.632273436 -0.890073895 159 190 209 
-0.64545542 0.628268421 -0.874170661 156 189 209 
-0.632632196 0.570638835 -0.822494566 147 186 212 
-0.67139858 0.585156143 -0.810337424 148 188 214 
-0.639508069 0.598826349 -0.820047975 143 181 206 
-0.654346645 0.669435978 -0.923436582 156 188 205 
-0.665483594 0.717331886 -0.944368362 156 188 206 
-0.649936676 0.647616148 -0.883433342 167 196 213 
-0.650056541 0.640961111 -0.803977728 152 182 201 
-0.672731578 0.746166945 -0.932033181 141 176 197 
-0.6809389 0.756594002 -0.925459087 133 169 192 
-0.675826013 0.758446693 -0.926423132 135 171 194 
-0.657401741 0.667964756 -0.766828597 116 149 171 
-0.679095328 0.665680945 -0.765687108 122 154 176 
-0.657958806 0.669995904 -0.763826311 114 147 169 
-0.677878082 0.766388774 -0.920467198 137 172 195 
-0.520241261 0.14577058 -1.01361048 175 227 246 
-0.487266511 0.180529624 -0.998325467 180 229 247 
-0.506372452 0.190321237 -0.990899444 176 228 247 
-0.491224259 0.196593106 -0.995124698 178 228 246 
-0.494162798 0.207626909 -0.982827067 178 230 247 
-0.540467143 0.223262757 -0.969233155 173 224 245 
-0.544708788 0.26342997 -0.94691658 188 226 242 
-0.553014755 0.407840937 -0.919803619 185 220 235 
-0.539235353 0.384728342 -0.881533146 164 201 222 
-0.542777658 0.401381075 -0.903954029 179 214 231 
-0.558043838 0.467615187 -0.939091921 155 193 216 
-0.559158981 0.47239098 -0.940964341 153 191 214 
-0.545357585 0.413275957 -0.917688429 187 221 236 
-0.596347392 0.525419891 -0.955795407 149 189 215 
-0.571188331 0.521856844 -0.938370824 146 188 213 
-0.594443202 0.567074656 -0.93334496 163 201 223 
-0.582086802 0.565724134 -0.925485492 159 196 219 
-0.583642542 0.568199039 -0.881562591 149 187 209 
-0.617486298 0.579851151 -0.871504903 159 196 219 
-0.579969764 0.549276054 -0.83990258 154 190 211 
-0.620304644 0.55632925 -0.831633449 147 187 213 
-0.572162151 0.514106154 -0.807534933 129 171 199 
-0.593245447 0.605931222 -0.859981477 147 180 200 
-0.601934671 0.643810391 -0.88197875 144 175 198 
-0.593218625 0.601334333 -0.810127616 127 162 187 
-0.602171242 0.601912141 -0.808829486 129 165 190 
-0.593774319 0.603412986 -0.807717204 125 161 186 
-0.610118449 0.6812132 -0.921889961 148 180 201 
-0.620131671 0.723808646 -0.935512006 151 184 201 
-0.605635941 0.659108639 -0.88204968 148 179 200 
-0.62528497 0.637511492 -0.786924005 149 182 204 
-0.602702498 0.637526751 -0.776902258 142 179 203 
-0.657543838 0.762256622 -0.924949527 139 175 197 
-0.630995393 0.767504096 -0.922311008 147 182 202 
-0.609613836 0.665754914 -0.773281991 137 170 193 
-0.653317988 0.67192018 -0.765125632 115 148 170 
-0.615184426 0.689232945 -0.778427005 135 164 185 
-0.620439172 0.708290577 -0.748953521 131 166 191 
-0.453905314 0.203020602 -0.989756644 184 233 247 
-0.490871668 0.380256265 -0.889280438 166 202 221 
-0.499818295 0.419702053 -0.916870773 155 190 208 
-0.548639894 0.472933471 -0.937232256 154 191 214 
-0.500669062 0.423244506 -0.917176306 153 188 206 
-0.513106108 0.475397557 -0.925728977 149 186 207 
-0.5037027 0.430672586 -0.860444605 153 187 209 
-0.517138958 0.434878439 -0.856680214 151 185 207 
-0.506601751 0.443198353 -0.866537988 145 180 202 
-0.519484997 0.50166893 -0.924804211 155 193 213 
-0.525092185 0.524649382 -0.922742009 159 198 217 
-0.507756352 0.446600497 -0.851334572 146 181 204 
-0.533285379 0.555893898 -0.893790007 144 178 197 
-0.535057247 0.55860877 -0.892118454 143 177 196 
-0.527950168 0.530439019 -0.855865955 143 179 200 
-0.534448147 0.535916328 -0.852172315 144 180 201 
-0.522670865 0.505203366 -0.817816377 155 195 215 
-0.550757408 0.509128988 -0.812594533 141 182 205 
-0.561938882 0.677464604 -0.929223478 146 175 196 
-0.573693871 0.677324414 -0.92800802 145 175 196 
-0.562935114 0.681734025 -0.930930555 147 176 197 
-0.562078118 0.677491546 -0.923131704 145 175 196 
-0.570724487 0.632363439 -0.848077416 164 197 215 
-0.591760337 0.604432046 -0.80860275 127 162 186 
-0.574466586 0.728735328 -0.923806429 143 175 194 
-0.576592326 0.694976866 -0.865729272 144 174 192 
-0.568759918 0.700484753 -0.871874094 145 176 194 
-0.567480683 0.674342394 -0.825597823 131 166 191 
-0.562464535 0.652716756 -0.785555661 130 169 194 
-0.582617581 0.763208151 -0.932665288 140 174 195 
-0.625873804 0.769922137 -0.924259663 148 182 203 
-0.587744236 0.784380436 -0.932571888 149 183 203 
-0.569033563 0.700849652 -0.863365173 139 170 189 
-0.565574765 0.682767272 -0.821224213 129 163 186 
-0.573148906 0.712127209 -0.799750566 119 148 169 
-0.591056406 0.796366453 -0.913700283 149 181 198 
-0.400792927 0.21187517 -0.990776241 184 232 246 
-0.430230349 0.208750933 -0.989241004 186 233 246 
-0.401902974 0.216390848 -0.989993811 185 233 246 
-0.402160615 0.217249006 -0.987702608 184 232 245 
-0.469202608 0.405287236 -0.878045022 176 207 227 
-0.4891662 0.464488894 -0.896003902 151 189 212 
-0.477583557 0.522588491 -0.918028653 144 179 198 
-0.480147392 0.533141494 -0.917590618 146 182 202 
-0.492377818 0.504905343 -0.873664916 150 183 201 
-0.478210539 0.523553252 -0.899964809 145 179 197 
-0.494250983 0.481612116 -0.833772719 139 174 196 
-0.48243773 0.54166162 -0.907119632 151 185 205 
-0.554758787 0.681907535 -0.927595615 149 179 199 
-0.526017964 0.721883237 -0.909007549 143 174 193 
-0.529365063 0.736451447 -0.91722846 134 164 183 
-0.525049806 0.715089202 -0.877958655 144 174 192 
-0.537804604 0.772687674 -0.93243289 125 154 174 
-0.542844176 0.793094158 -0.927828014 123 155 177 
-0.526470304 0.719168782 -0.85807693 136 168 186 
-0.556482673 0.718198299 -0.802949309 113 142 163 
-0.531339347 0.736140251 -0.823130846 109 140 163 
-0.544387519 0.798553586 -0.917638779 125 155 177 
-0.542847037 0.788008809 -0.871186733 136 166 185 
-0.534813046 0.75194943 -0.839327872 111 143 166 
-0.387077391 0.219195813 -0.988301039 175 224 241 
-0.473162264 0.532396197 -0.913179278 141 176 194 
-0.522045255 0.731019437 -0.90447408 138 168 188 
-0.53375423 0.792219043 -0.922253132 122 153 175 
-0.519398868 0.772853851 -0.88200748 147 180 199 
-0.517792702 0.750402808 -0.842039526 122 156 181 
-0.160799623 0.382246464 -0.924468398 151 190 209 
-0.175862819 0.393900424 -0.916473508 139 177 196 
-0.166038886 0.404437482 -0.930525124 144 181 199 
-0.1677818 0.409681231 -0.908776939 147 182 199 
-0.0993810371 0.326478273 -0.961554706 170 212 228 
-0.142645568 0.319552749 -0.960567951 165 204 222 
-0.100750081 0.332387447 -0.96436584 168 209 225 
-0.119867392 0.366259903 -0.93766284 156 195 213 
-0.110688925 0.371504307 -0.942747951 153 192 209 
-0.122685641 0.420808554 -0.939857304 146 185 203 
-0.124427721 0.424893022 -0.905265927 146 181 200 
-0.0532095879 0.330619991 -0.964375317 149 191 215 
-0.0569318309 0.346456558 -0.969466448 151 192 214 
-0.067209892 0.387252688 -0.950935543 144 185 205 
-0.0760377198 0.420869499 -0.919207096 153 191 215 
-0.0760016963 0.42017594 -0.91315341 150 189 214 
-0.0282265022 0.347247094 -0.958075643 148 190 213 
-0.0698006526 0.419572026 -0.914163291 153 192 217 
-0.64747566 0.0588042736 -0.942222714 180 225 246 
-0.653674424 0.0869232416 -0.970095754 176 222 243 
-0.645651579 0.0472064316 -0.897085428 179 225 246 
-0.65518105 0.0935724676 -0.974820018 176 221 243 
-0.645658016 0.0471706986 -0.896393359 179 225 246 
-0.646476328 0.045894295 -0.844640255 173 220 243 
-0.646922708 0.0434142649 -0.796588957 172 212 236 
-0.67700702 0.182259798 -0.958299875 187 237 248 
-0.647193074 0.0442186296 -0.793115497 172 212 236 
-0.651729047 0.0575498641 -0.733007431 162 208 240 
-0.657630265 0.0578651726 -0.73218739 162 208 240 
-0.651849866 0.0577210188 -0.729363322 162 208 240 
-0.686406434 0.218706429 -0.931773305 183 233 248 
-0.652697742 0.0568644404 -0.680916309 165 210 240 
-0.701547444 0.0655893683 -0.670802057 167 215 245 
-0.654307067 0.0598007143 -0.639660716 163 209 239 
-0.694454014 0.24846065 -0.892944336 176 223 240 
-0.654958189 0.0612542331 -0.625922322 164 210 239 
-0.655862212 0.0603144467 -0.573976636 163 209 237 
-0.679275811 0.0664942563 -0.568042099 166 213 239 
-0.652565598 0.0428694487 -0.531471252 171 218 238 
-0.661994934 0.0478371382 -0.52773273 171 218 238 
-0.652968347 0.0430882573 -0.515413284 174 221 240 
-0.702314377 0.27877146 -0.868894637 177 222 240 
-0.711173713 0.282686085 -0.865791559 179 223 240 
-0.703461349 0.282966107 -0.862849414 179 223 240 
-0.693660617 0.081366539 -0.506013513 181 222 240 
-0.655980885 0.0517972112 -0.473881811 179 224 240 
-0.67985028 0.0618693829 -0.465779752 177 220 236 
-0.65304482 0.0357689261 -0.430566102 168 215 235 
-0.667075455 0.0421215892 -0.425568521 170 216 235 
-0.653796613 0.0371041298 -0.410887331 174 219 236 
-0.704416156 0.287029684 -0.864171267 177 222 240 
-0.743955731 0.315945297 -0.844096661 172 225 245 
-0.656209528 0.0437120497 -0.373539805 173 214 234 
-0.655151248 0.0350621641 -0.326003969 166 207 230 
-0.655737579 0.0366278291 -0.316486299 166 206 228 
-0.659492552 0.0476283729 -0.26633352 166 204 227 
-0.659996152 0.0476251841 -0.243176997 164 204 228 
-0.733981073 0.394214272 -0.697900236 161 207 232 
-0.742235363 0.394263536 -0.69696641 161 208 233 
-0.73474443 0.397492021 -0.699277759 160 206 232 
-0.734057903 0.394093305 -0.69303 160 207 233 
-0.712942302 0.293580443 -0.545525491 164 218 244 
-0.719645381 0.322745144 -0.561872423 159 211 237 
-0.719474792 0.285573423 -0.496805847 157 204 236 
-0.713444829 0.292049766 -0.505445838 158 207 239 
-0.702877045 0.240556061 -0.418403566 175 224 237 
-0.709649026 0.242272049 -0.416725934 173 221 235 
-0.704477489 0.247657493 -0.423840642 177 226 239 
-0.702374399 0.237246126 -0.40470168 170 219 236 
-0.747943819 0.453569204 -0.716435134 160 203 229 
-0.759209275 0.454188824 -0.714860141 161 203 227 
-0.749044836 0.458200455 -0.717351139 160 203 228 
-0.735977292 0.39756605 -0.64350003 152 198 224 
-0.72728622 0.358925015 -0.613117754 178 220 238 
-0.725256503 0.346457839 -0.567765236 157 202 224 
-0.713398516 0.290881097 -0.494586259 156 204 237 
-0.710188448 0.273775965 -0.451886445 176 222 240 
-0.700729311 0.227625251 -0.373316228 156 207 231 
-0.701111913 0.224636763 -0.32254228 149 191 216 
-0.729335546 0.2330212 -0.314879835 140 183 214 
-0.701774061 0.224189684 -0.28717491 141 185 212 
-0.762263298 0.514325738 -0.734168291 126 164 190 
-0.763508558 0.519717813 -0.736911476 126 164 191 
-0.702495396 0.225580961 -0.269519091 148 193 217 
-0.699961483 0.21113281 -0.225299597 150 186 207 
-0.741090238 0.225690261 -0.212861001 150 189 213 
-0.703135371 0.220844001 -0.187499151 119 156 180 
-0.776188433 0.57240355 -0.740237057 127 168 194 
-0.704254866 0.223510861 -0.165736735 109 147 174 
-0.786117494 0.61147213 -0.718530416 116 151 177 
-0.607843757 0.0931334198 -0.980260611 178 224 243 
-0.642391562 0.093365103 -0.976338208 177 223 243 
-0.612628579 0.114716649 -1.00042558 171 219 242 
-0.601854146 0.0651068687 -0.943807364 191 232 247 
-0.599077821 0.0497062802 -0.900132537 185 230 248 
-0.644864917 0.0470867753 -0.896526098 179 225 246 
-0.599814117 0.0512794554 -0.883810401 181 226 245 
-0.624159396 0.161714524 -0.993295133 174 223 243 
-0.601843834 0.0560826957 -0.844002366 169 212 238 
-0.601328552 0.0495663583 -0.795246243 169 210 236 
-0.637623012 0.0443538129 -0.79409349 172 211 236 
-0.601636946 0.0502183735 -0.788334489 169 210 236 
-0.632644117 0.193632871 -0.958444476 190 238 252 
-0.603930414 0.0552978814 -0.739484906 160 205 235 
-0.601231694 0.0402021408 -0.695635796 160 204 234 
-0.618982613 0.0443797708 -0.691412687 160 205 235 
-0.598598719 0.0253647268 -0.651638985 161 204 233 
-0.60003382 0.0261264145 -0.651066899 161 204 233 
-0.598617792 0.0251876414 -0.648795664 160 203 232 
-0.643859684 0.239069968 -0.948444843 190 235 247 
-0.642316341 0.0570860803 -0.629578948 164 210 240 
-0.599531353 0.0245374143 -0.599628985 156 200 229 
-0.620355546 0.0395616591 -0.589167655 160 204 235 
-0.598507226 0.0160215497 -0.552016497 166 213 238 
-0.605694473 0.0202704668 -0.548915386 168 215 241 
-0.598913431 0.0165664256 -0.539421976 167 213 239 
-0.602267563 0.0263049006 -0.493651718 183 229 246 
-0.619540513 0.0352731347 -0.486875057 188 235 250 
-0.604049265 0.0319060087 -0.474094927 186 232 248 
-0.701357245 0.285062104 -0.865577757 178 222 240 
-0.661338806 0.305429637 -0.883381248 187 232 249 
-0.607656538 0.0429879427 -0.431626588 172 221 242 
-0.609186828 0.0472545624 -0.40878436 178 227 246 
-0.612775266 0.0586087704 -0.370209038 176 219 236 
-0.635994077 0.0451588333 -0.322616637 164 207 232 
-0.61392504 0.0606262982 -0.339839756 167 211 232 
-0.615924478 0.0664911568 -0.313217491 168 214 237 
-0.639361501 0.062697798 -0.260348082 165 206 231 
-0.619562268 0.0784482658 -0.27907601 170 216 238 
-0.620943129 0.0817188025 -0.2520248 167 212 236 
-0.731539011 0.396852523 -0.696733415 160 206 232 
-0.691999137 0.315063536 -0.536140323 168 219 241 
-0.663326025 0.279694438 -0.506173909 169 219 237 
-0.70679754 0.28864187 -0.496529728 157 205 237 
-0.671113193 0.313478321 -0.52407515 170 218 237 
-0.66401583 0.27834323 -0.45948717 171 220 241 
-0.655921102 0.241615206 -0.422987252 175 225 240 
-0.662964642 0.273139238 -0.449920803 174 222 242 
-0.651358008 0.219193816 -0.38332808 184 223 237 
-0.684089005 0.225618839 -0.37623623 165 211 232 
-0.651830852 0.218022197 -0.348600507 174 211 228 
-0.745402396 0.457530677 -0.714559376 159 202 227 
-0.740303695 0.435924947 -0.674515367 170 212 235 
-0.693165481 0.414908618 -0.638770342 154 201 231 
-0.696552336 0.429328412 -0.643514097 152 199 229 
-0.697011173 0.400723934 -0.593706429 130 178 209 
-0.692490816 0.409222096 -0.606553137 135 183 214 
-0.678106844 0.346755922 -0.572784245 157 208 239 
-0.690537035 0.39955011 -0.58877337 132 179 210 
-0.674853683 0.329481572 -0.53018117 168 217 236 
-0.664044201 0.278024703 -0.454645842 172 221 242 
-0.651801586 0.216444999 -0.332417071 169 205 224 
-0.651326597 0.210086823 -0.283570498 177 218 235 
-0.686340332 0.220588088 -0.27401039 157 200 222 
-0.647091746 0.188955188 -0.243173659 150 188 210 
-0.66981858 0.201747209 -0.233717561 147 182 203 
-0.649731457 0.197544456 -0.217431337 153 188 210 
-0.751755178 0.520026684 -0.732221723 132 169 194 
-0.709951282 0.489847839 -0.700874865 144 188 212 
-0.717344224 0.52217257 -0.720661759 155 191 211 
-0.707385361 0.475274086 -0.656727195 144 186 213 
-0.691783667 0.404987365 -0.591961622 129 177 208 
-0.657858491 0.227692127 -0.17932561 151 187 206 
-0.720274746 0.534903288 -0.727588356 150 184 205 
-0.658762932 0.230322391 -0.167030305 149 183 203 
-0.550323427 0.0481907725 -0.958672047 178 218 238 
-0.556742907 0.0500620604 -0.956948638 179 219 238 
-0.551781893 0.054572314 -0.962626874 177 218 238 
-0.549847722 0.0449975133 -0.945025742 180 220 241 
-0.561165571 0.0952839553 -0.984220028 178 225 246 
-0.569512546 0.132261992 -1.01191628 170 215 239 
-0.549917102 0.0421022177 -0.909671187 181 225 247 
-0.551425815 0.0435387194 -0.856366396 171 215 238 
-0.555864453 0.045788914 -0.85465461 170 214 238 
-0.551871061 0.0449288785 -0.85137403 170 214 237 
-0.554658234 0.0517478883 -0.799188018 164 208 233 
-0.556056857 0.0555655062 -0.777401686 160 205 232 
-0.557551265 0.0586235821 -0.742772222 160 205 233 
-0.554393172 0.0417227745 -0.699955583 166 207 233 
-0.549817562 0.0192521513 -0.660324574 152 194 223 
-0.548978865 0.0114649832 -0.61229527 162 201 222 
-0.559736371 0.0130402744 -0.610256255 160 200 222 
-0.54917556 0.0114154518 -0.602716327 163 203 225 
-0.552044034 0.0190168619 -0.555492759 166 214 239 
-0.552645445 0.0185081065 -0.522229016 164 204 223 
-0.554308534 0.0234228373 -0.500489593 166 207 225 
-0.559121549 0.0404830277 -0.469099522 179 230 248 
-0.564134419 0.0575394332 -0.428493291 182 231 247 
-0.56576401 0.0632813275 -0.417483658 180 228 243 
-0.628373563 0.363141358 -0.875183463 177 216 234 
-0.570460677 0.0779052079 -0.364361823 149 197 223 
-0.571304798 0.0806257725 -0.355842024 147 195 222 
-0.591893554 0.0970269144 -0.299247086 155 201 226 
-0.578104794 0.104204118 -0.305660069 154 198 222 
-0.580307603 0.112104386 -0.292318255 152 196 221 
-0.578341842 0.0998885036 -0.246822029 168 208 229 
-0.578725338 0.0971910655 -0.199242741 161 202 227 
-0.625799954 0.32229811 -0.539479256 168 222 247 
-0.644027472 0.326674759 -0.535095453 172 223 245 
-0.631555915 0.348641038 -0.56795162 173 218 242 
-0.620331645 0.296319664 -0.501854539 171 220 238 
-0.611782193 0.258235008 -0.471154124 165 220 242 
-0.65993768 0.277144164 -0.455576092 172 221 242 
-0.607313275 0.236183643 -0.431283325 170 217 235 
-0.603656292 0.217322588 -0.38958779 182 227 244 
-0.597688019 0.18937999 -0.353086501 165 211 232 
-0.641106427 0.213182628 -0.335367024 169 207 226 
-0.595830917 0.177591175 -0.307345986 170 213 230 
-0.622108102 0.194941193 -0.295020252 167 209 227 
-0.598309457 0.184056371 -0.265399665 173 215 236 
-0.590548098 0.147850275 -0.219390094 159 204 231 
-0.600848377 0.154407322 -0.214691252 157 204 232 
-0.595062852 0.167984277 -0.235854715 166 212 237 
-0.591131866 0.148524195 -0.200081721 153 198 225 
-0.651979685 0.443131924 -0.680300474 155 199 227 
-0.667086899 0.45364657 -0.672920525 153 198 227 
-0.659675419 0.477759928 -0.711782277 149 190 216 
-0.646581531 0.417429507 -0.642517924 151 198 228 
-0.641383231 0.392512292 -0.604286253 147 195 225 
-0.687287271 0.403077543 -0.593494654 129 176 208 
-0.63282001 0.354373574 -0.573616743 171 215 239 
-0.598661125 0.184220105 -0.251071364 173 215 236 
-0.596836567 0.172559142 -0.205257744 160 203 226 
-0.60359782 0.200151414 -0.201461345 164 200 217 
-0.676191807 0.549438596 -0.750022054 126 167 194 
-0.659833431 0.47848326 -0.712564349 149 189 216 
-0.672646642 0.531888723 -0.717760444 135 175 197 
-0.605563879 0.206850916 -0.185644403 162 199 216 
-0.646360815 0.225779027 -0.170864671 153 187 206 
-0.609086573 0.217238486 -0.139346629 158 194 214 
-0.676532626 0.548590302 -0.724949479 137 178 201 
-0.50483501 0.0550159812 -0.959957838 197 235 250 
-0.508920848 0.0733796954 -0.976437688 194 236 251 
-0.504561067 0.0517970026 -0.93676281 189 230 247 
-0.513266206 0.0926359594 -0.990924001 187 231 247 
-0.504486382 0.0491543412 -0.91082716 181 223 242 
-0.504622102 0.0451957285 -0.86060816 172 219 240 
-0.505530357 0.0465103686 -0.833518982 176 221 240 
-0.534069359 0.177706122 -0.981167495 175 227 247 
-0.507507324 0.0520407856 -0.804209948 167 213 237 
-0.506434917 0.0433350503 -0.756706059 168 212 237 
-0.523696065 0.0490892231 -0.751679063 165 210 236 
-0.504275203 0.0303573608 -0.711645484 173 213 236 
-0.505492806 0.0306553245 -0.711349607 173 213 236 
-0.504050434 0.0290993154 -0.707987189 171 212 234 
-0.502478838 0.0188070238 -0.665768623 158 198 222 
-0.512938857 0.0243672431 -0.609236956 174 214 232 
-0.505725265 0.0273058712 -0.611164927 175 217 234 
-0.505908728 0.0277922451 -0.60814631 175 216 234 
-0.509019017 0.0355214477 -0.551242352 186 221 238 
-0.509981513 0.0382913053 -0.537833631 183 217 234 
-0.562269211 0.287053585 -0.901601851 171 211 232 
-0.513123095 0.0471555591 -0.492105037 180 223 243 
-0.515049219 0.0532940626 -0.471887439 172 217 237 
-0.571560621 0.322965354 -0.874092102 170 212 236 
-0.518894494 0.0653410554 -0.429220557 167 215 231 
-0.520936847 0.0723554194 -0.413402051 164 216 235 
-0.577223659 0.343941092 -0.84718895 172 212 233 
-0.583949625 0.354673654 -0.840611458 173 213 232 
-0.581492841 0.362049311 -0.852413774 171 211 231 
-0.575674593 0.33336255 -0.800756216 181 220 239 
-0.575963259 0.333766878 -0.800504565 181 220 239 
-0.575763643 0.333687365 -0.800276637 181 220 239 
-0.558992982 0.0866362751 -0.360872388 146 192 218 
-0.529701114 0.105657995 -0.381095856 164 211 230 
-0.580967247 0.358650684 -0.838775754 170 209 229 
-0.575849712 0.334050626 -0.800362706 181 220 239 
-0.542062998 0.131927907 -0.338094682 164 204 221 
-0.539219856 0.142695099 -0.355654806 172 215 232 
-0.562179148 0.248892933 -0.481686801 181 226 243 
-0.585195005 0.254041255 -0.476357013 174 224 242 
-0.566099942 0.265678287 -0.488206416 179 227 244 
-0.556703687 0.222886473 -0.444078147 178 225 241 
-0.588999629 0.230280548 -0.436506957 171 217 237 
-0.552159071 0.20053792 -0.404377311 156 208 228 
-0.574517608 0.210945994 -0.396258563 160 212 231 
-0.542868257 0.159540236 -0.375342935 182 228 245 
-0.590643823 0.184202909 -0.356676847 163 210 232 
-0.580308676 0.163864642 -0.316518754 166 210 228 
-0.573341906 0.142711043 -0.276434064 163 206 227 
-0.563297808 0.122302353 -0.236282319 161 199 222 
-0.580012083 0.327946723 -0.541437984 170 220 242 
-0.587397516 0.361025929 -0.569956183 170 218 242 
-0.573191047 0.296653271 -0.506853223 175 230 251 
-0.588900566 0.180139035 -0.254363984 171 214 236 
-0.623688459 0.53059721 -0.788149476 154 196 218 
-0.613835394 0.483306229 -0.714995325 131 168 190 
-0.655397356 0.479315788 -0.71259892 147 187 214 
-0.616944373 0.497211039 -0.726776481 136 174 196 
-0.603129327 0.436747551 -0.689141512 147 184 206 
-0.599772036 0.419063896 -0.646772623 145 188 216 
-0.594580412 0.394172937 -0.608525932 152 200 229 
-0.588413775 0.365450919 -0.572470427 169 217 243 
-0.584819198 0.199480921 -0.191933155 167 207 223 
-0.620833933 0.515296936 -0.749181211 142 181 204 
-0.655949116 0.543215871 -0.730134964 127 167 191 
-0.458317041 0.0577962399 -0.963557124 183 225 245 
-0.464998215 0.0869320333 -0.980588377 186 229 245 
-0.456962883 0.0479835272 -0.916686296 183 229 245 
-0.47197932 0.0477386713 -0.915169358 183 228 244 
-0.456597358 0.0453440845 -0.904138207 182 230 245 
-0.469131231 0.10477981 -0.989167809 183 227 243 
-0.479644895 0.149354905 -1.00181317 181 226 243 
-0.457065105 0.0438935459 -0.866542459 176 223 241 
-0.459727049 0.050752908 -0.820555568 163 211 235 
-0.460070014 0.0512085855 -0.809875369 163 211 235 
-0.460481316 0.0483328402 -0.759037018 159 201 225 
-0.456993312 0.0301358104 -0.716961682 159 203 230 
-0.454742938 0.0168018043 -0.672104955 149 187 210 
-0.475593954 0.0150523484 -0.6707654 150 188 213 
-0.45504117 0.0174709857 -0.665848851 149 188 211 
-0.498716474 0.223597974 -0.951241612 181 229 247 
-0.462122738 0.0424429476 -0.618228793 183 219 235 
-0.499817491 0.225353867 -0.920204878 181 225 244 
-0.532087266 0.243645042 -0.906708717 179 226 246 
-0.501818419 0.228869081 -0.867405832 188 227 242 
-0.463253379 0.0457496345 -0.603064954 181 218 235 
-0.496108443 0.0467950106 -0.546528399 185 220 235 
-0.468392223 0.0633948743 -0.563218594 178 217 232 
-0.516632617 0.288579553 -0.883963108 181 224 241 
-0.515918255 0.288584799 -0.883654356 181 224 241 
-0.472701252 0.0783808529 -0.531918228 174 215 233 
-0.49698171 0.0649376214 -0.484205514 167 211 233 
-0.474851906 0.0852884054 -0.509939551 160 203 224 
-0.563901126 0.318332404 -0.862583756 171 213 236 
-0.523222148 0.314657539 -0.838057756 178 218 239 
-0.477151483 0.0913751721 -0.472002894 158 202 224 
-0.504431903 0.0814883709 -0.422025889 167 215 232 
-0.479893625 0.100162357 -0.443756551 163 207 228 
-0.533017993 0.355806857 -0.845591724 164 200 220 
-0.572977304 0.357329428 -0.840372443 170 209 229 
-0.575123429 0.333970159 -0.800486267 181 220 239 
-0.516752005 0.119700223 -0.399885267 177 227 242 
-0.491530061 0.147683114 -0.437587351 183 233 251 
-0.492177814 0.150417447 -0.438233405 184 233 251 
-0.528192818 0.180964768 -0.417658478 168 218 236 
-0.505126178 0.204905078 -0.449251592 177 229 244 
-0.53597331 0.156241715 -0.377894968 184 230 247 
-0.512721896 0.240124106 -0.491891652 172 228 243 
-0.524264574 0.289563835 -0.511352301 176 229 246 
-0.508755267 0.220046252 -0.450892091 173 225 240 
-0.562265933 0.47072944 -0.779861271 163 195 213 
-0.582801938 0.478533 -0.773359597 165 200 220 
-0.568292499 0.497436196 -0.799953461 143 182 206 
-0.563706636 0.474734485 -0.758221507 167 200 218 
-0.550863922 0.412452787 -0.655743361 155 199 225 
-0.56107831 0.41527155 -0.653087556 152 195 222 
-0.555573106 0.434469908 -0.684204102 150 186 207 
-0.551057816 0.412117243 -0.643113792 157 200 226 
-0.533782244 0.331858903 -0.544389844 176 223 245 
-0.540881336 0.361739218 -0.550505042 170 216 240 
-0.525254846 0.293860793 -0.513639808 177 229 246 
-0.606056571 0.514098167 -0.751457155 141 180 204 
-0.564095616 0.473426878 -0.725835323 146 183 204 
-0.557003975 0.441070437 -0.69185853 149 183 204 
-0.550769329 0.407589167 -0.606041908 172 214 240 
-0.547458649 0.390088856 -0.563568175 164 210 238 
-0.411970854 0.0612512231 -0.96677047 179 220 242 
-0.420892239 0.0995768011 -0.983070612 181 228 244 
-0.408458292 0.0429577231 -0.924750328 166 216 238 
-0.406918585 0.0324161351 -0.878296494 169 215 238 
-0.428985834 0.0353051126 -0.874300003 174 221 241 
-0.408037156 0.0359384716 -0.866085887 168 215 239 
-0.424083889 0.113338321 -0.989462137 182 228 245 
-0.434452087 0.156619281 -0.994404852 173 222 241 
-0.412216365 0.0487404764 -0.816476464 168 216 239 
-0.445337832 0.0497013032 -0.812314153 164 212 235 
-0.412969202 0.0502696335 -0.798904896 164 210 233 
-0.44608146 0.20410502 -0.988171279 186 233 247 
-0.416460365 0.060924381 -0.757024646 157 198 224 
-0.413721353 0.0456702709 -0.713266134 155 198 222 
-0.435391277 0.0247831047 -0.669889688 153 190 213 
-0.413140655 0.041033715 -0.688401341 157 197 221 
-0.452262282 0.224617928 -0.932354331 173 217 237 
-0.415049016 0.0463953912 -0.660368264 164 202 224 
-0.419949293 0.0646546185 -0.638297617 170 206 225 
-0.453621805 0.229400307 -0.923080027 172 215 237 
-0.458387226 0.244854331 -0.876028895 170 214 238 
-0.425049305 0.0811971724 -0.587980032 168 205 225 
-0.425926447 0.0841593444 -0.580627203 164 203 223 
-0.468229502 0.283493191 -0.853532314 178 216 236 
-0.431662261 0.102689236 -0.523204386 150 191 211 
-0.431672454 0.10251984 -0.520853341 150 191 211 
-0.477037579 0.317012191 -0.821623981 190 229 242 
-0.461558104 0.114705533 -0.46102497 162 210 232 
-0.441538423 0.141275853 -0.498572201 174 216 232 
-0.528224826 0.36816147 -0.839397669 161 197 219 
-0.494128227 0.391533703 -0.865089595 183 220 241 
-0.477722496 0.319606096 -0.819003224 188 226 241 
-0.510370135 0.34964326 -0.799075842 174 208 227 
-0.483558834 0.3392106 -0.768905282 177 210 229 
-0.48817575 0.149456739 -0.439195782 183 233 250 
-0.450273931 0.174435824 -0.466003865 182 229 240 
-0.50083822 0.414925486 -0.816968024 165 204 225 
-0.501925051 0.420046687 -0.823978841 161 199 221 
-0.492952496 0.379448652 -0.784776032 156 191 214 
-0.488559395 0.357695222 -0.744734764 170 209 233 
-0.500258088 0.370444834 -0.736513615 165 206 233 
-0.493432373 0.378004164 -0.746693075 160 201 227 
-0.491232812 0.367115408 -0.726676524 169 212 237 
-0.460250139 0.213737532 -0.444725782 175 228 245 
-0.493681371 0.37782073 -0.733223915 164 206 232 
-0.481270641 0.311088622 -0.561458945 177 226 248 
-0.497801453 0.320873946 -0.554319322 174 222 245 
-0.486583501 0.334014505 -0.57230258 178 224 245 
-0.47321558 0.274946451 -0.52964741 187 234 248 
-0.519169569 0.292862058 -0.514851809 177 229 246 
-0.467313111 0.247262359 -0.492998332 172 227 243 
-0.463485688 0.227731615 -0.451685876 182 235 251 
-0.51128006 0.455954224 -0.793501496 156 192 212 
-0.51337707 0.459702104 -0.738874733 140 176 197 
-0.523404002 0.470070034 -0.732132852 141 176 198 
-0.513265491 0.456017435 -0.703052104 174 206 227 
-0.536757588 0.421158224 -0.65255779 161 203 226 
-0.497384906 0.377401352 -0.558534026 172 214 238 
-0.51230526 0.450998902 -0.691369295 187 217 238 
-0.512708783 0.44809252 -0.640548468 178 219 238 
-0.503424048 0.407118529 -0.611500561 180 221 237 
-0.500985563 0.393045366 -0.56706661 164 207 235 
-0.36825785 0.0750527978 -0.964066029 179 221 239 
-0.377504051 0.1157749 -0.992084861 165 214 235 
-0.360155284 0.0387239456 -0.932361305 176 223 242 
-0.360475034 0.0354885757 -0.881728649 170 215 237 
-0.362793386 0.0429507196 -0.858213961 165 213 232 
-0.377892435 0.117401332 -0.992327809 164 213 235 
-0.389779687 0.166459918 -0.991732359 167 219 240 
-0.366676033 0.055362016 -0.817878723 162 213 236 
-0.367301196 0.0551816523 -0.787172258 164 212 237 
-0.368566483 0.0582983196 -0.763716102 163 208 233 
-0.368329138 0.0528739095 -0.714335442 159 201 224 
-0.369665235 0.0567999184 -0.696621597 166 209 232 
-0.408340931 0.238176644 -0.936516643 168 213 234 
-0.372172207 0.0634824932 -0.655784667 173 216 236 
-0.37545234 0.0753638744 -0.637221932 169 213 235 
-0.41620189 0.267928988 -0.906232774 162 205 228 
-0.416808903 0.270011961 -0.901513219 161 204 226 
-0.415402383 0.0891691744 -0.584703445 167 206 227 
-0.383892894 0.107063502 -0.601969004 170 212 231 
-0.424424708 0.297628909 -0.85875535 163 202 223 
-0.409195602 0.222432226 -0.722322166 183 224 240 
-0.409862697 0.223063171 -0.721905649 183 224 240 
-0.409561336 0.224048689 -0.723494589 182 223 240 
-0.409321219 0.222860083 -0.721309602 183 224 240 
-0.38729009 0.118392736 -0.571895361 175 215 233 
-0.430069238 0.10397318 -0.522680998 151 191 212 
-0.390166432 0.128035516 -0.546995878 171 213 232 
-0.429556608 0.315911174 -0.826306045 171 210 232 
-0.469424993 0.318359911 -0.82059294 187 226 241 
-0.430968106 0.319936752 -0.806237817 169 207 230 
-0.426298141 0.26027894 -0.699854672 196 232 246 
-0.41991809 0.265234411 -0.705679834 194 229 243 
-0.417893738 0.255212963 -0.687257648 194 233 245 
-0.430481106 0.145067334 -0.500280976 172 214 232 
-0.397645384 0.154974818 -0.502992332 166 209 232 
-0.437405288 0.346750587 -0.808667302 170 208 229 
-0.455491811 0.362926185 -0.79788053 166 202 222 
-0.442733765 0.368097216 -0.801244497 166 203 224 
-0.432416737 0.318165779 -0.720050097 182 221 239 
-0.444191962 0.319981575 -0.717768431 185 223 242 
-0.43670994 0.338276714 -0.746426225 164 206 227 
-0.42094934 0.268615574 -0.695907414 195 230 244 
-0.432961553 0.319720507 -0.712314844 184 222 240 
-0.399771154 0.162942111 -0.493931979 166 208 229 
-0.4062213 0.187344611 -0.468971461 166 207 224 
-0.499006867 0.416427344 -0.816352308 164 203 224 
-0.444156915 0.373279423 -0.793493986 162 200 221 
-0.485682905 0.396812499 -0.776129127 148 185 210 
-0.487818956 0.373455644 -0.736242652 165 207 233 
-0.450036794 0.394165635 -0.75564003 158 199 220 
-0.458004832 0.357832104 -0.695660353 183 222 239 
-0.4440552 0.364554137 -0.701205909 182 217 233 
-0.440597564 0.347437322 -0.669740498 180 223 240 
-0.424094498 0.267498314 -0.539096892 194 237 247 
-0.444262117 0.269799113 -0.535629153 196 240 250 
-0.430099905 0.295469284 -0.574208915 160 210 233 
-0.416412026 0.232820183 -0.50644803 166 215 234 
-0.456496954 0.243997902 -0.495962709 170 224 241 
-0.412307024 0.212198675 -0.465759486 167 212 231 
-0.437864006 0.225668073 -0.455623895 173 225 244 
-0.505387902 0.456076682 -0.794082344 157 193 213 
-0.461862504 0.442849219 -0.753703296 166 207 225 
-0.462389857 0.445233971 -0.755992293 166 206 225 
-0.44535315 0.368996173 -0.690977454 179 217 234 
-0.44204849 0.351519555 -0.648490071 180 226 245 
-0.459685743 0.375779241 -0.633355021 182 228 246 
-0.449930608 0.383555353 -0.642609954 179 224 243 
-0.447449684 0.371273637 -0.620032787 182 225 242 
-0.430395067 0.296746641 -0.574851394 159 209 232 
-0.442182124 0.345196903 -0.572096646 170 215 235 
-0.508672714 0.473635644 -0.731812 143 178 201 
-0.474499911 0.495099187 -0.754132867 144 178 201 
-0.500327826 0.407135934 -0.611831307 179 221 238 
-0.460092247 0.423774958 -0.623019218 169 220 241 
-0.447880089 0.369941413 -0.585470438 181 221 238 
-0.482989758 0.388492703 -0.571520746 174 214 238 
-0.475193501 0.495230108 -0.723743796 150 185 207 
-0.470735878 0.47322309 -0.683847547 165 201 223 
-0.468931556 0.461641729 -0.637988448 170 212 235 
-0.322056204 0.0790758729 -0.966954529 176 221 238 
-0.332922488 0.126065344 -0.990239263 175 222 241 
-0.31553936 0.0489777327 -0.931686044 162 211 229 
-0.315896124 0.0458877385 -0.88097024 167 216 234 
-0.316511661 0.0448245406 -0.840896249 165 210 230 
-0.334053695 0.130708784 -0.989905953 174 221 240 
-0.344201118 0.17181474 -0.980813682 167 214 231 
-0.318077207 0.0499659479 -0.82615447 161 206 229 
-0.322775483 0.0657484829 -0.78583467 156 203 228 
-0.35663721 0.22329405 -0.981921434 160 211 232 
-0.324822903 0.0719797313 -0.761080503 164 207 230 
-0.323737383 0.0632225871 -0.713606 165 206 226 
-0.324258029 0.0630028844 -0.687262118 159 201 222 
-0.366748214 0.263263077 -0.961870134 162 201 223 
-0.333844811 0.0905556381 -0.645268917 152 192 214 
-0.332181573 0.092143178 -0.647304535 151 191 213 
-0.368766785 0.267105371 -0.911893308 159 200 224 
-0.371728659 0.27783367 -0.895129323 148 189 215 
-0.352473617 0.127240509 -0.623265684 169 207 224 
-0.343889534 0.140017956 -0.641786098 168 208 225 
-0.378896594 0.303233504 -0.848295808 140 184 212 
-0.362368405 0.223997295 -0.726616502 159 199 220 
-0.365467489 0.236753583 -0.726087391 157 197 219 
-0.354861826 0.19001022 -0.693572402 177 216 234 
-0.373243481 0.209086761 -0.681175053 178 223 241 
-0.349754304 0.165449679 -0.655136704 171 218 234 
-0.369137824 0.18724069 -0.64115268 178 227 242 
-0.34703508 0.150273293 -0.611333728 175 220 235 
-0.353046596 0.175264716 -0.613053918 180 231 246 
-0.3679488 0.141848832 -0.561260879 177 220 238 
-0.350285053 0.161593884 -0.58792311 180 229 245 
-0.37958762 0.305131435 -0.837661028 138 182 210 
-0.379762024 0.301324815 -0.787355006 153 199 226 
-0.409200311 0.310097039 -0.779348135 159 203 227 
-0.374131858 0.274710745 -0.750093877 160 198 223 
-0.402602971 0.288854033 -0.739271522 174 210 228 
-0.397224128 0.244476274 -0.659288406 181 225 239 
-0.365581155 0.227637351 -0.619568169 179 223 239 
-0.366150081 0.230047762 -0.620234787 179 223 239 
-0.351117045 0.16182065 -0.552246034 183 227 243 
-0.350870401 0.156359613 -0.502886295 169 205 221 
-0.384855092 0.156110823 -0.499287218 166 206 228 
-0.351821363 0.159114391 -0.489839703 166 202 218 
-0.432584137 0.368470818 -0.79738152 170 206 227 
-0.436268538 0.344739199 -0.757528782 157 201 222 
-0.395057261 0.309034437 -0.676765203 185 223 241 
-0.388560951 0.287766993 -0.636690795 179 218 233 
-0.376074761 0.269094676 -0.598488271 176 215 229 
-0.360800803 0.195378691 -0.480569214 168 200 215 
-0.370172292 0.200858533 -0.476558417 169 201 216 
-0.363081932 0.204774529 -0.48025018 168 199 215 
-0.398979366 0.376834661 -0.744166851 166 208 231 
-0.40644747 0.409368068 -0.762823999 170 208 231 
-0.394206196 0.353587836 -0.704979777 161 192 209 
-0.435532123 0.363271475 -0.695170879 181 215 230 
-0.387285829 0.321904033 -0.670618296 185 224 241 
-0.38555035 0.310593188 -0.624604404 176 212 228 
-0.376006633 0.268601656 -0.596138477 175 215 229 
-0.429683387 0.296167612 -0.575244546 159 209 232 
-0.389230132 0.324134588 -0.606141329 173 209 226 
-0.376580745 0.266365707 -0.544934154 168 211 229 
-0.371544272 0.242084324 -0.506338835 157 203 220 
-0.451850414 0.446195245 -0.752983272 163 203 222 
-0.417350143 0.453256279 -0.749977231 150 190 209 
-0.402869761 0.383137316 -0.63559562 165 207 228 
-0.405059367 0.392411619 -0.638127923 164 207 228 
-0.402983695 0.382136047 -0.619238615 163 207 228 
-0.399104685 0.362933278 -0.583938599 164 209 228 
-0.430550873 0.509870768 -0.77304256 152 188 205 
-0.446203232 0.511595726 -0.770384252 145 180 199 
-0.433616966 0.523699284 -0.785945475 148 184 202 
-0.418387264 0.457584977 -0.750464559 149 188 208 
-0.417736053 0.445081949 -0.641425073 148 192 216 
-0.401986867 0.37517643 -0.587665796 169 213 232 
-0.434509516 0.525425255 -0.764146149 148 183 202 
-0.430311829 0.504439592 -0.723665833 131 167 191 
-0.427741438 0.489848137 -0.679528236 152 190 212 
-0.420849532 0.458276302 -0.645102739 142 184 208 
-0.285002142 0.123533934 -0.999199152 169 217 238 
-0.328953087 0.128036886 -0.991919994 174 221 241 
-0.289719224 0.143178821 -1.00093627 170 217 238 
-0.26613012 0.0359055102 -0.891869068 167 216 239 
-0.270342648 0.0479657352 -0.832487941 156 205 227 
-0.288256645 0.0465278327 -0.831301689 159 206 228 
-0.270511419 0.048091799 -0.826140046 157 205 227 
-0.299854845 0.183269858 -0.981109023 173 221 241 
-0.27826941 0.0764125884 -0.784675956 156 204 231 
-0.309617966 0.221516818 -0.95789206 172 217 236 
-0.280785114 0.0845050514 -0.75910604 164 212 236 
-0.278927207 0.0727130175 -0.713367343 170 212 233 
-0.280159682 0.0756854713 -0.689813912 162 204 228 
-0.322298348 0.274205387 -0.961222768 168 209 224 
-0.289523512 0.114348531 -0.689553738 143 185 212 
-0.306637555 0.119980752 -0.684609234 140 182 209 
-0.292395592 0.126173705 -0.689099789 141 182 209 
-0.325716823 0.283512175 -0.90769887 157 194 216 
-0.326753438 0.28617534 -0.889701366 149 187 212 
-0.309632063 0.202343822 -0.744190753 157 191 215 
-0.319409847 0.203762829 -0.742344379 158 192 216 
-0.311107755 0.208722293 -0.747321248 155 189 213 
-0.304441929 0.177458614 -0.705940783 182 223 237 
-0.325298399 0.179497749 -0.702539682 182 221 235 
-0.333433121 0.154688954 -0.662783921 164 209 226 
-0.328269809 0.289051741 -0.852047324 151 190 217 
-0.36929974 0.301400661 -0.840821028 139 183 212 
-0.326924503 0.279273868 -0.805156589 152 188 210 
-0.342144042 0.28513366 -0.800296545 151 187 211 
-0.321825534 0.254746944 -0.766701758 158 193 216 
-0.335413069 0.263923019 -0.760216951 161 197 220 
-0.345138133 0.170209795 -0.600696921 182 232 247 
-0.365132868 0.229403913 -0.618656456 179 223 240 
-0.325902522 0.216059521 -0.577868998 184 230 247 
-0.310350567 0.187199771 -0.542919815 163 209 228 
-0.315966725 0.212606788 -0.567411184 176 223 241 
-0.306952715 0.169356912 -0.500641942 182 221 233 
-0.307796538 0.172160864 -0.49306044 185 223 234 
-0.375543773 0.26807788 -0.59647429 175 214 229 
-0.320693642 0.232332185 -0.569589257 177 224 240 
-0.327889532 0.2615453 -0.563848197 161 208 224 
-0.32008189 0.225436598 -0.521050036 167 212 230 
-0.332349718 0.232853025 -0.515667498 166 212 229 
-0.324151397 0.243039861 -0.529830039 169 215 231 
-0.311569691 0.187498301 -0.490265876 184 226 240 
-0.368339747 0.402374744 -0.733640194 166 208 226 
-0.349535972 0.363628179 -0.704426646 166 200 217 
-0.357855618 0.399805784 -0.72448355 167 208 224 
-0.371900737 0.355833173 -0.653851867 175 210 226 
-0.351906657 0.370355755 -0.67034626 168 203 219 
-0.385808975 0.329626977 -0.614221871 174 209 227 
-0.329503685 0.266948998 -0.549790025 169 215 229 
-0.393158495 0.437561363 -0.711771846 158 197 215 
-0.362566411 0.414828151 -0.675142586 175 214 232 
-0.373773605 0.419413537 -0.6714167 176 216 235 
-0.393084466 0.369059801 -0.591971397 167 211 230 
-0.422495425 0.517334104 -0.769867837 157 192 210 
-0.413791716 0.496600926 -0.729745328 141 179 203 
-0.40235433 0.476529419 -0.689563215 137 175 196 
-0.406698227 0.452638209 -0.649724841 145 189 213 
-0.240621671 0.134712666 -0.9979949 167 218 241 
-0.245373935 0.154638737 -1.00124037 166 217 240 
-0.225151584 0.0559594929 -0.833105385 163 210 231 
-0.226081356 0.0591320097 -0.825672746 165 211 232 
-0.257293284 0.203559905 -0.997645438 177 224 238 
-0.230029851 0.0706356466 -0.772228122 153 199 222 
-0.246522665 0.074983269 -0.768050671 152 199 223 
-0.22742258 0.0558992028 -0.728173494 158 205 230 
-0.229522407 0.0562582612 -0.72774744 160 206 230 
-0.227505714 0.056098491 -0.726570725 159 206 230 
-0.26578635 0.235519618 -0.962870777 164 208 228 
-0.236058354 0.0883530378 -0.692338109 154 199 224 
-0.275489658 0.273470372 -0.939109325 163 201 223 
-0.255889297 0.132264018 -0.683503866 146 187 213 
-0.247237742 0.133611113 -0.682009459 148 188 214 
-0.282883048 0.300768316 -0.903018594 134 171 197 
-0.277909994 0.276736081 -0.86428082 130 171 201 
-0.2872262 0.280072182 -0.861442268 133 173 202 
-0.278425634 0.277919888 -0.853763223 127 168 198 
-0.262077212 0.201049566 -0.750120461 142 179 204 
-0.268081337 0.226711169 -0.759627461 149 184 209 
-0.255020946 0.168831974 -0.716064334 161 202 224 
-0.247692645 0.135545373 -0.682619572 148 189 214 
-0.278110266 0.273031235 -0.813916564 125 163 193 
-0.274631083 0.254868835 -0.771821499 151 186 212 
-0.302287638 0.198935509 -0.537421703 157 204 224 
-0.304324329 0.175602734 -0.497533113 186 226 238 
-0.321455836 0.25832969 -0.555363178 165 214 229 
-0.331669629 0.388410687 -0.692908525 171 208 224 
-0.191763967 0.128299385 -1.00685251 173 222 242 
-0.201993778 0.170876563 -1.0103277 163 211 235 
-0.176435545 0.0501029193 -0.841644526 154 197 220 
-0.179789916 0.0609577298 -0.80826664 159 209 231 
-0.21186389 0.209653169 -0.988084316 167 210 231 
-0.181760579 0.0665344298 -0.779763341 154 205 227 
-0.181162581 0.0596929789 -0.731193185 152 197 220 
-0.18242009 0.0638935268 -0.720137835 149 195 218 
-0.221478567 0.247165263 -0.963516355 167 210 229 
-0.191813901 0.100312203 -0.693560004 148 193 222 
-0.230861336 0.283529282 -0.936838031 147 190 216 
-0.199036881 0.125984341 -0.647226989 147 188 210 
-0.235841721 0.301492006 -0.907794118 149 191 217 
-0.231858671 0.281349838 -0.866831422 136 180 209 
-0.22887972 0.265152901 -0.823612094 147 192 219 
-0.239789248 0.26871413 -0.820476055 145 190 217 
-0.229238823 0.26541239 -0.810008645 151 195 221 
-0.216043755 0.205733567 -0.752630889 140 180 207 
-0.224681884 0.242853552 -0.76853931 149 189 212 
-0.208464742 0.17146185 -0.719749629 160 199 221 
-0.206166133 0.157938242 -0.675001264 148 194 222 
-0.228874043 0.260638833 -0.773710787 147 186 210 
-0.147942558 0.141675025 -1.00439167 175 218 241 
-0.156419188 0.176251024 -0.9994452 168 214 237 
-0.130653724 0.055775553 -0.843589544 164 209 231 
-0.129961491 0.0485638082 -0.795231164 158 205 227 
-0.153609842 0.0562783182 -0.788435936 156 207 229 
-0.127997115 0.0363534093 -0.749731779 146 194 218 
-0.135607749 0.0377957821 -0.748110771 149 197 220 
-0.128279448 0.0369470716 -0.743366122 144 192 216 
-0.166134223 0.214260012 -0.97579056 165 209 229 
-0.136022478 0.0651937425 -0.701765716 155 198 222 
-0.178610429 0.265937895 -0.977263391 152 196 216 
-0.139599696 0.0774511397 -0.673742533 149 194 222 
-0.153963238 0.0929008424 -0.663759708 147 193 223 
-0.143141568 0.0903515518 -0.654487252 142 187 216 
-0.187422782 0.299478084 -0.945394039 170 211 232 
-0.16190815 0.174090356 -0.7234357 146 187 213 
-0.180863559 0.173263341 -0.721802652 151 191 215 
-0.163726807 0.182172686 -0.729754329 141 182 210 
-0.162060082 0.173921704 -0.714586794 143 184 211 
-0.153030351 0.130223542 -0.643559098 155 194 220 
-0.154340416 0.135705978 -0.644335747 155 193 219 
-0.188538477 0.301186681 -0.913158298 154 197 222 
-0.187849283 0.293986887 -0.864793062 135 180 207 
-0.18105945 0.262816012 -0.830138147 123 164 192 
-0.174837917 0.233878255 -0.794206083 136 178 209 
-0.211091071 0.252820522 -0.779917955 150 189 213 
-0.169575617 0.208709538 -0.756118298 131 173 205 
-0.160449892 0.163868636 -0.67679882 141 184 209 
-0.105676666 0.161162585 -0.99843514 165 215 237 
-0.112135224 0.188014567 -1.00030756 163 210 233 
-0.0842101872 0.0588481128 -0.847021639 149 195 226 
-0.0836719051 0.052241236 -0.798317313 160 204 227 
-0.0815942287 0.0395857096 -0.7530725 150 197 218 
-0.082999669 0.0437808335 -0.735166192 154 199 221 
-0.119138315 0.21405682 -0.968182027 155 202 223 
-0.127045572 0.218101054 -0.965113103 156 202 223 
-0.120323047 0.218463182 -0.962754846 154 201 222 
-0.0913734585 0.0751500428 -0.699305773 145 190 216 
-0.121707216 0.224150628 -0.962408841 155 200 222 
-0.132460624 0.268464684 -0.961145997 166 207 228 
-0.0933860093 0.0814268291 -0.676658154 142 184 209 
-0.0977223516 0.0964950919 -0.645018458 137 176 200 
-0.144644231 0.318694055 -0.959955931 165 204 222 
-0.132035017 0.185081929 -0.720739067 151 193 216 
-0.109148994 0.143363506 -0.641233146 134 172 200 
-0.110250548 0.148430347 -0.646964312 138 176 204 
-0.101591334 0.109175771 -0.608303785 133 168 193 
-0.116203949 0.12039426 -0.600595355 138 170 193 
-0.109294958 0.143699765 -0.638268232 134 171 199 
-0.103763074 0.116314501 -0.587926626 141 176 200 
-0.155099049 0.334892482 -0.898497283 146 188 213 
-0.15080899 0.33912757 -0.903992891 148 190 214 
-0.145503879 0.313161969 -0.859015226 149 189 213 
-0.146834567 0.319452465 -0.867824614 148 189 213 
-0.135312378 0.26862517 -0.832005024 136 180 207 
-0.132144004 0.25168401 -0.789211452 139 181 206 
-0.126219451 0.223913163 -0.752611935 140 181 211 
-0.118667424 0.189747483 -0.719669998 153 196 218 
-0.114750385 0.169864625 -0.678558946 157 202 227 
-0.114874452 0.161368489 -0.578451931 131 167 192 
-0.155162483 0.355604887 -0.887223005 143 183 206 
-0.161009341 0.379539013 -0.884754837 141 180 200 
-0.0643491745 0.184337407 -0.990369678 163 215 239 
-0.0714656636 0.19035992 -0.986311436 163 213 238 
-0.0659964979 0.190596312 -0.984291077 162 213 238 
-0.0369214974 0.0496162176 -0.752524972 158 203 226 
-0.0385274962 0.0546127558 -0.734315872 150 195 218 
-0.0753907859 0.227017403 -0.957717597 156 201 224 
-0.047034163 0.0866397321 -0.699664772 143 182 206 
-0.0878268033 0.268787533 -0.941849887 143 184 210 
-0.0858719647 0.268819064 -0.941035151 143 183 210 
-0.0496663339 0.0952021778 -0.673968732 131 166 189 
-0.0468397401 0.0796039402 -0.630407035 146 179 198 
-0.0657101274 0.0914221108 -0.621904492 140 174 196 
-0.0487570837 0.0850841701 -0.603279829 142 174 194 
-0.0861700326 0.27007702 -0.941330492 143 183 209 
-0.0687427521 0.174650013 -0.681011319 159 206 229 
-0.0847574323 0.173685342 -0.679776311 159 205 229 
-0.0706272721 0.183266431 -0.690240324 158 203 228 
-0.0648441613 0.154839665 -0.639858782 144 186 212 
-0.0648953915 0.154891044 -0.63807863 144 186 212 
-0.0576370619 0.118959188 -0.572025955 145 176 196 
-0.044997897 0.058891356 -0.484804183 133 172 195 
-0.0564205088 0.0663449168 -0.479494333 135 175 197 
-0.0483827889 0.0731464922 -0.487809598 134 171 193 
-0.0454709381 0.0587315559 -0.461310953 122 158 179 
-0.13991189 0.315728605 -0.858233511 148 189 212 
-0.100274697 0.302482665 -0.817437172 137 179 201 
-0.0997813791 0.279762268 -0.777493477 118 157 183 
-0.0782722458 0.221077412 -0.759423316 153 200 227 
-0.0921568722 0.279762566 -0.774101377 114 153 179 
-0.0750430599 0.203897327 -0.716766417 152 193 220 
-0.0633473545 0.14446649 -0.593308568 136 172 196 
-0.0800261274 0.101825207 -0.457599521 102 131 151 
-0.0609586835 0.125317901 -0.490189552 118 147 169 
-0.0468574204 0.0617060959 -0.430711091 120 154 176 
-0.0703850761 0.0813189447 -0.417456567 133 172 194 
-0.0507349931 0.0747061968 -0.397151262 140 177 200 
-0.152863204 0.376627475 -0.876039624 143 182 202 
-0.102976441 0.331621885 -0.853646457 146 186 206 
-0.114096835 0.378290206 -0.861696899 153 194 212 
-0.0973835886 0.305154353 -0.816301465 138 180 202 
-0.0930881798 0.283784807 -0.776040733 112 151 176 
-0.0623421632 0.12704137 -0.445825428 106 135 156 
-0.0893804953 0.117915064 -0.395461351 117 149 169 
-0.064941667 0.134950668 -0.414371759 102 132 153 
-0.05257852 0.0796939135 -0.367939681 135 167 188 
-0.0871634707 0.0956118107 -0.355480105 115 144 161 
-0.0554014668 0.0877225101 -0.327553391 114 143 160 
-0.118833862 0.398421526 -0.86792326 148 189 206 
-0.0849023238 0.160192817 -0.372954845 117 149 169 
-0.0738459378 0.168945938 -0.383338988 119 151 173 
-0.0909990147 0.135877311 -0.333154708 130 158 175 
-0.0600813963 0.104682833 -0.301164001 109 136 154 
-0.0723225027 0.117558002 -0.29281491 113 140 158 
-0.0625498593 0.113025397 -0.280541629 128 153 170 
-0.0809355378 0.195607632 -0.35412553 142 180 194 
-0.0733000115 0.161113888 -0.321371168 130 162 184 
-0.10131675 0.151734024 -0.271037489 129 154 171 
-0.0757045001 0.168061882 -0.288188368 122 155 178 
-0.0727466047 0.153419018 -0.261270761 125 158 179 
-0.0774285346 0.172844112 -0.262178868 127 160 181 
-0.0193055272 0.192910522 -0.990655661 169 218 239 
-0.0207609236 0.197649002 -0.976493657 164 212 233 
0.0112931579 0.0457296371 -0.759937406 133 177 207 
0.00865932554 0.0520059168 -0.708761513 134 173 194 
-0.0297161676 0.231896669 -0.945924759 156 199 225 
0.0069822371 0.0581765473 -0.700335145 136 173 193 
-0.0194046907 0.0842759907 -0.683237791 141 174 196 
0.00455506146 0.0632216632 -0.644966364 162 190 205 
-0.00281307101 0.065452069 -0.642943382 160 188 203 
0.00428258628 0.0635879934 -0.636526942 163 191 206 
-0.0402571857 0.273994535 -0.929786801 145 188 211 
-0.00236807764 0.0864269435 -0.584985852 123 149 168 
0.0031580925 0.0597271025 -0.541998804 131 163 183 
-0.00396110862 0.0606883466 -0.540693581 128 161 181 
-0.000616803765 0.0777573287 -0.569048762 124 152 171 
0.00417041779 0.054058522 -0.525483787 131 165 186 
-0.0455740616 0.296126246 -0.931621015 150 191 212 
-0.0284658223 0.206444547 -0.720498979 148 192 221 
-0.0468203723 0.205707565 -0.718882918 150 193 221 
-0.0298288055 0.212284729 -0.722821712 146 190 220 
-0.0248760693 0.187847704 -0.678652346 155 189 210 
-0.0644720644 0.15575543 -0.639401495 144 186 213 
-0.0249089152 0.187929124 -0.678049326 155 189 210 
-0.00361585617 0.0908355117 -0.576689363 124 150 169 
-0.0392900482 0.116170913 -0.558987081 141 169 186 
-0.0260273665 0.0965412259 -0.518765271 131 163 181 
0.00430242717 0.0507389009 -0.494656473 132 164 185 
0.00516457111 0.0428595245 -0.44667998 141 172 189 
-0.0239366107 0.0513676107 -0.43885383 120 149 168 
0.00490733981 0.0403256416 -0.406713516 119 151 170 
-0.0381254181 0.248891354 -0.748704493 136 179 208 
-0.0477054715 0.290697277 -0.773440123 126 168 196 
-0.0331676565 0.204526335 -0.616310656 124 164 190 
-0.0308305174 0.207158893 -0.619873524 124 163 189 
-0.0331951417 0.181679815 -0.576378345 129 166 192 
-0.0571539328 0.153040946 -0.536967218 120 150 169 
-0.0557753667 0.130534768 -0.497004271 123 152 174 
0.00383858383 0.0435778201 -0.393785954 120 154 173 
-0.0247513689 0.0695244074 -0.376529634 141 176 197 
-0.00159040093 0.0624075532 -0.353780687 131 169 189 
-0.0594170541 0.346027046 -0.850596845 141 177 198 
-0.0691432357 0.386738837 -0.856465518 147 184 206 
-0.0532641262 0.317358792 -0.814510584 125 164 191 
-0.0486869439 0.294882119 -0.774883032 126 167 195 
-0.0321664996 0.212001815 -0.61235404 127 166 193 
-0.027730789 0.190080971 -0.572408676 130 167 195 
-0.0251620412 0.175495923 -0.528267503 130 161 180 
-0.0214338079 0.156354904 -0.486732095 116 141 156 
-0.0211531334 0.150760263 -0.4374488 93 122 139 
-0.0212716013 0.149753332 -0.420820862 92 122 140 
-0.00525863469 0.0748313367 -0.323427171 117 153 173 
-0.0290683843 0.0868335366 -0.314281732 110 141 160 
-0.0747731179 0.410856724 -0.866000414 144 180 202 
-0.0284006074 0.174960285 -0.373632699 104 131 146 
-0.0131432712 0.105812043 -0.305707604 114 147 168 
-0.0498175919 0.123005182 -0.292324722 112 141 160 
-0.0225553289 0.146023601 -0.3204391 111 137 155 
-0.0283727162 0.174636006 -0.371309787 103 131 145 
-0.0346563943 0.190708518 -0.309518486 135 172 191 
-0.0336935148 0.191077739 -0.309735566 135 172 191 
-0.052627597 0.163518906 -0.269976974 131 159 178 
-0.0335566178 0.190400034 -0.30848977 135 172 191 
-0.0337705202 0.19135353 -0.309264958 135 172 191 
0.0227600634 0.0532878339 -0.704728365 141 181 202 
0.0172599554 0.0703106225 -0.642506242 155 186 204 
0.00216843933 0.0850118101 -0.580493033 121 146 166 
0.0242009759 0.0446649492 -0.500147164 132 165 186 
-0.0108809918 0.191566616 -0.678167164 143 178 199 
0.0150527358 0.0379648805 -0.398071587 120 153 173 
0.0511420369 0.0238602161 -0.357352555 113 152 172 
-0.0253971219 0.36628595 -0.895672143 143 184 207 
-0.0467961952 0.315426767 -0.816272318 126 164 191 
-0.0362972766 0.295128137 -0.776110649 130 171 200 
-0.0030708909 0.188971192 -0.575722158 125 162 189 
-0.0121472776 0.163934499 -0.5359869 120 148 167 
0.0177909136 0.0569816828 -0.335670024 132 171 191 
-0.0477089807 0.402079344 -0.873749137 143 179 202 
-0.026832927 0.174248129 -0.371690005 104 131 146 
-0.0125591159 0.154863149 -0.331446141 104 129 147 
0.358234018 0.24475646 0.566787899 163 213 231 
0.336160183 0.328105032 0.65401119 142 181 202 
0.326913297 0.363796592 0.681925774 156 202 226 
0.400293887 0.269545496 0.523293495 167 213 232 
0.383649588 0.274424106 0.580133915 160 207 230 
0.395994276 0.283058256 0.570531011 160 205 229 
0.395366609 0.284414083 0.584280789 158 204 229 
0.38081041 0.341609031 0.616993666 151 189 213 
0.362914771 0.351793081 0.624500215 146 182 203 
0.376134396 0.36120379 0.613928974 148 185 209 
0.369808674 0.384837717 0.641718507 130 166 191 
0.369041622 0.386231512 0.661446512 132 168 191 
0.338015914 0.509567976 0.715296447 123 153 172 
0.337319285 0.51249671 0.71473366 125 155 175 
0.304672897 0.54366529 0.735276401 145 182 204 
0.326687872 0.555562079 0.724272072 135 169 193 
0.325297058 0.55973506 0.74175185 129 162 186 
0.443287253 0.286174566 0.52761507 147 194 220 
0.445880294 0.271494061 0.571701646 154 201 228 
0.408553243 0.280451864 0.580676377 158 205 229 
0.4436391 0.278184086 0.600253403 155 202 227 
0.392047614 0.358844489 0.625134766 161 198 221 
0.412039459 0.404361933 0.648880124 124 157 181 
0.411531568 0.406458855 0.648895383 124 158 181 
0.374403447 0.436961532 0.66956836 124 160 183 
0.400072783 0.453517377 0.652044296 122 157 181 
0.390824109 0.482129872 0.69233501 105 138 163 
0.392105311 0.482875168 0.691601992 104 137 162 
0.339235336 0.510837018 0.713620245 124 154 173 
0.378715456 0.539075971 0.68181479 122 155 176 
0.374170363 0.553260446 0.732859194 135 165 185 
0.360807627 0.557252288 0.736499131 137 169 190 
0.375284225 0.545977354 0.762653708 136 167 187 
0.486094415 0.308027446 0.482441276 139 188 222 
0.486361861 0.302484751 0.531754315 159 205 232 
0.464903474 0.294091046 0.581903756 151 200 228 
0.484188974 0.308433145 0.565409541 159 206 234 
0.48220849 0.314312518 0.591002405 151 197 226 
0.459004939 0.405485034 0.643148899 143 181 208 
0.413731456 0.405286759 0.648016036 124 158 181 
0.455436409 0.420516849 0.639945209 141 179 204 
0.450241387 0.439919263 0.662843764 159 197 221 
0.429624021 0.450327307 0.670771182 157 195 217 
0.44756186 0.449414551 0.680348754 167 203 223 
0.441460311 0.474422425 0.682577968 146 180 201 
0.435793161 0.497589946 0.685314536 122 152 175 
0.427925944 0.527602315 0.712994456 134 171 194 
0.424068213 0.531370223 0.715468049 135 172 195 
0.427010298 0.530984044 0.717452407 136 174 197 
0.399486572 0.636984468 0.8031708 119 151 174 
0.390428215 0.674940348 0.797265053 127 160 184 
0.376998037 0.684752584 0.804078698 135 170 194 
0.386493832 0.691219389 0.796997607 133 168 191 
0.385956556 0.692510605 0.807314515 132 165 189 
0.534058928 0.300631583 0.525504887 153 203 235 
0.527596474 0.324535578 0.556571245 157 202 233 
0.505526066 0.345117331 0.605197549 155 200 229 
0.519365847 0.35519585 0.593734622 155 201 231 
0.518275201 0.358158171 0.610890687 153 199 228 
0.471858084 0.419355899 0.649282157 138 174 201 
0.447122693 0.495756567 0.693561256 118 147 169 
0.484413862 0.487884581 0.723917961 126 158 182 
0.442538023 0.654849172 0.791092873 123 157 182 
0.427141547 0.69688952 0.805170894 114 147 169 
0.432093918 0.6964674 0.808112621 112 145 167 
0.545043111 0.336328149 0.543716371 156 200 231 
0.569117606 0.34997648 0.530566096 140 185 217 
0.567908466 0.35318929 0.550376058 148 192 222 
0.564389229 0.363299012 0.59960115 140 182 213 
0.563394785 0.366432905 0.610433936 136 177 208 
0.558383942 0.382943153 0.657015264 146 188 216 
0.497228742 0.625179708 0.772870362 121 156 180 
0.486626446 0.667580962 0.788450718 116 149 174 
0.48004055 0.69009918 0.840581477 99 130 153 
0.614118278 0.358191937 0.536226153 155 201 232 
0.612047315 0.365317523 0.552123368 149 196 227 
0.60985899 0.369424254 0.606955409 145 191 222 
0.606939673 0.369663805 0.607406497 145 190 221 
0.609705389 0.369952798 0.608131886 145 191 222 
0.582992256 0.471940339 0.701227069 132 167 191 
0.542830646 0.630418897 0.784001589 105 137 161 
0.531760871 0.675134063 0.79532814 107 138 163 
0.52339232 0.706477523 0.831235886 113 146 170 
0.514463425 0.740594745 0.862044334 125 157 177 
0.649567187 0.36162746 0.54599309 134 180 210 
0.660439134 0.359872222 0.553899646 131 175 205 
0.656571388 0.37144044 0.602919102 130 174 207 
0.655121624 0.37611112 0.617573559 132 177 210 
0.647728205 0.402626961 0.662355542 135 176 205 
0.637366116 0.443839312 0.680121303 139 175 197 
0.578548372 0.678012609 0.778264403 109 138 161 
0.541796625 0.683447123 0.785259247 111 142 166 
0.573942959 0.697302818 0.775338292 129 158 178 
0.570156276 0.710987091 0.797124326 120 151 174 
0.566841841 0.722371817 0.822780073 118 152 177 
0.677466869 0.368380398 0.546600819 122 162 190 
0.0806232691 0.0186652243 0.683732986 153 196 221 
0.0743445903 0.0476258397 0.650171399 136 175 201 
0.0836846232 0.00214457512 0.726767123 142 188 216 
0.0746124983 0.00303691626 0.728249431 141 187 216 
0.0890362114 -0.0233749747 0.764654279 148 196 220 
0.072234422 -0.0203785002 0.7681306 144 192 215 
0.0884496272 -0.0222002566 0.778531015 144 192 217 
0.061338678 0.10342294 0.627244115 144 185 214 
0.0739376843 0.0494264066 0.648843825 136 174 200 
0.0837106556 -0.00694128871 0.826536775 156 201 226 
0.124856055 0.0304244757 0.685269237 139 185 213 
0.119610399 0.0545288324 0.658244073 143 186 213 
0.131110564 0.00135707855 0.721127272 146 194 223 
0.134816438 -0.0176960826 0.762712836 149 198 222 
0.13464804 -0.019914031 0.795090616 145 192 219 
0.106226206 0.112609506 0.627308965 133 177 206 
0.116492808 0.0677775443 0.654150367 143 185 213 
0.132763475 -0.014121294 0.817240715 146 193 221 
0.13207075 -0.0158912241 0.868711472 144 190 218 
0.163220853 0.0697321296 0.650078833 136 180 206 
0.157539651 0.0687885284 0.650189817 137 180 207 
0.162964076 0.0708977878 0.648915708 136 180 206 
0.169868678 0.0391194224 0.685052872 131 177 206 
0.177843213 0.00329363346 0.717045426 154 200 222 
0.180619687 -0.0121077001 0.760719717 152 203 228 
0.181131691 -0.0186113119 0.809483171 149 198 225 
0.175356895 -0.0182582438 0.810309768 148 197 224 
0.180936098 -0.0180715621 0.812465906 148 197 224 
0.179276913 -0.0158152282 0.863565445 148 195 221 
0.222216904 0.0189909637 0.668350875 153 201 226 
0.220032126 0.0198807418 0.669074953 152 201 225 
0.221474111 0.0223209262 0.665450275 152 200 225 
0.227592647 -0.00662338734 0.706183851 158 207 231 
0.211031675 -0.00513759255 0.708811939 155 204 227 
0.22939834 -0.0169074535 0.737562835 152 201 224 
0.208710849 0.0765515864 0.648789763 155 200 227 
0.207273662 0.0825345218 0.648286521 154 200 226 
0.229662448 -0.0192480385 0.751446247 151 200 222 
0.225621313 -0.0078612268 0.810442269 162 208 231 
0.226177752 -0.0110490322 0.820318878 163 209 232 
0.227936774 -0.021451056 0.855152547 164 213 235 
0.227354348 -0.0236544013 0.906375587 154 198 224 
0.263425171 0.0471259952 0.626770198 139 184 218 
0.251154959 0.0502536297 0.62981993 140 185 219 
0.261415303 0.0555831492 0.625067413 139 185 218 
0.269372612 0.0192652941 0.663318276 159 207 231 
0.275598377 -0.00968915224 0.699240923 163 212 235 
0.277358025 -0.0210950375 0.745200396 152 201 226 
0.241905093 -0.0205047131 0.749417365 149 199 222 
0.276607424 -0.0196245015 0.76331979 155 203 228 
0.250574917 0.0991629362 0.638481259 143 190 220 
0.275221378 -0.0171914399 0.799916327 165 208 232 
0.276267707 -0.0257946253 0.847478747 172 218 241 
0.24632898 -0.0239197612 0.85178858 169 216 238 
0.27564007 -0.0249204636 0.866580665 169 211 234 
0.247846752 0.108337671 0.661780477 141 188 218 
0.272312135 -0.0147439539 0.906282485 158 202 226 
0.30251947 0.0835674107 0.58994031 126 171 201 
0.299564183 0.0848106146 0.59094137 126 171 200 
0.309489727 0.051687628 0.624189794 146 196 225 
0.31475687 0.026499927 0.662266731 155 201 228 
0.320867926 -0.00200381875 0.698447108 166 213 233 
0.324070066 -0.0190775692 0.741164863 156 206 233 
0.323646367 -0.0214993656 0.787528634 157 204 229 
0.296246767 0.108214498 0.604037344 128 172 199 
0.292942762 0.120412022 0.620181859 131 175 202 
0.32342279 -0.0210260153 0.792533636 157 203 229 
0.321932048 -0.0196604431 0.845797777 158 203 226 
0.321330309 -0.0201187134 0.878516078 162 208 233 
0.293995321 0.112569094 0.659011245 134 180 210 
0.319793344 -0.015748769 0.900518298 166 213 238 
0.37172091 -0.0162570775 0.685105443 156 203 227 
0.353503257 -0.0118471682 0.689506233 159 207 230 
0.367637068 0.00180062652 0.671933651 159 209 234 
0.371020198 -0.0149472356 0.702720821 154 201 225 
0.347488046 0.0924355388 0.589823008 155 204 229 
0.356013834 0.054443568 0.62057662 152 201 229 
0.362148464 0.0258473456 0.656704009 157 210 235 
0.368770272 -0.00915497541 0.741650641 156 202 227 
0.369155526 -0.0151606202 0.790698946 166 216 237 
0.341690898 -0.0191920996 0.791523874 161 209 233 
0.36915046 -0.0157758892 0.797769547 169 218 238 
0.329981714 0.133366823 0.614012897 127 172 199 
0.343924403 0.101946026 0.647745848 151 202 227 
0.316884875 0.107356966 0.653660595 142 190 219 
0.336793572 0.134319931 0.615377545 128 173 200 
0.341967285 0.108707756 0.662459791 150 200 225 
0.36788249 -0.014650315 0.843473911 164 214 234 
0.366576165 -0.0131168962 0.886407077 153 200 225 
0.334596038 0.14309147 0.618795931 128 174 200 
0.365321547 -0.00907954574 0.899143338 155 202 227 
0.405196548 0.0512452424 0.561074615 144 192 215 
0.384236723 0.0641111732 0.570376754 145 194 220 
0.398544967 0.0797817111 0.549345255 153 203 230 
0.409699559 0.0290599465 0.600868881 156 201 222 
0.382468283 0.0408432782 0.610271215 154 203 231 
0.412748426 0.0125882626 0.643930972 154 202 227 
0.386022717 0.0188637674 0.650281549 158 208 233 
0.418612838 -0.0149462521 0.680665672 149 196 222 
0.41710794 -0.0121132731 0.71827352 147 193 223 
0.416018188 -0.00924307108 0.736410797 146 194 225 
0.416732639 -0.0165420771 0.784719348 146 197 228 
0.416290432 -0.0181508362 0.822897732 165 211 236 
0.388222873 0.11344707 0.649134457 165 220 242 
0.384416282 0.129555374 0.644898474 171 225 245 
0.386326462 0.120099097 0.662281692 168 222 244 
0.415157765 -0.0148458481 0.838172555 168 214 237 
0.413633764 -0.0133495629 0.891511619 163 211 234 
0.388328403 -0.0123896301 0.894814551 157 205 229 
0.412553042 -0.00973394513 0.900950611 162 212 235 
0.381628275 0.139359117 0.663954973 165 220 243 
0.455946207 0.0373978913 0.547965109 152 200 229 
0.449103057 0.0386177897 0.54938066 151 199 227 
0.46309042 0.00483474135 0.581823707 147 199 228 
0.440508246 0.0136975944 0.589126468 148 195 218 
0.466302156 -0.0122768581 0.624519765 142 193 227 
0.454602063 -0.00573089719 0.629366398 146 197 229 
0.466581881 -0.0159575045 0.652577102 144 193 227 
0.466598451 -0.0179328918 0.673768044 145 194 227 
0.463663101 -0.0108910203 0.73027879 142 193 226 
0.455377281 -0.0100290775 0.731658161 142 191 224 
0.463275909 -0.00967624784 0.7345559 141 191 225 
0.462132215 -0.00936761498 0.783633351 149 199 227 
0.461772203 -0.012316972 0.832935691 156 209 234 
0.394175649 0.126064658 0.655344129 171 226 247 
0.46166569 -0.0120261312 0.834595859 157 209 234 
0.459221005 -0.00691229105 0.890003979 164 213 238 
0.457664847 -0.00206854939 0.907621741 159 208 235 
0.510001063 0.0105636418 0.527427673 151 202 229 
0.508011937 0.011682421 0.528254867 151 202 229 
0.509186506 0.0142045319 0.524367809 152 203 230 
0.511031687 0.00506994128 0.541159689 150 200 227 
0.518727541 -0.0327086151 0.60764426 147 199 233 
0.515494585 -0.0321861207 0.608283758 147 199 232 
0.517001927 -0.024485141 0.595490158 147 198 229 
0.518625379 -0.0325219929 0.610264003 147 199 232 
0.512831211 -0.00504851341 0.570981443 148 197 224 
0.515699029 -0.0253005028 0.664364636 145 194 224 
0.481214523 -0.0221293867 0.669879079 144 193 227 
0.514454007 -0.0219568312 0.684367895 142 191 223 
0.511021316 -0.0114124715 0.72479105 141 189 223 
0.509847701 -0.00923839211 0.754513264 150 199 230 
0.509293795 -0.00911644101 0.77858752 158 206 233 
0.507025242 -0.00469431281 0.833599865 165 216 239 
0.471121788 -0.0107040405 0.834275961 158 210 235 
0.507046461 -0.00545576215 0.841085315 165 216 239 
0.506622672 -0.00760439038 0.884418666 163 214 238 
0.503624797 0.00139823556 0.922011137 160 210 235 
0.561650097 -0.00681740046 0.512297034 150 200 231 
0.567178309 -0.0330308378 0.549787402 135 184 215 
0.520063818 -0.00824037194 0.568450332 147 196 223 
0.564874291 -0.0284697115 0.60487926 142 190 222 
0.564092159 -0.0266139209 0.620165646 142 191 225 
0.561847985 -0.0210703909 0.66159457 143 192 224 
0.559477866 -0.0138557255 0.690238118 145 196 228 
0.557354927 -0.00790762901 0.721606195 147 196 228 
0.557993233 -0.0149075985 0.770085812 146 194 224 
0.535999775 -0.0133548081 0.773347259 152 200 228 
0.557352364 -0.0134184957 0.782959819 147 195 225 
0.554575324 -0.00596958399 0.827681005 158 207 232 
0.556388915 -0.0175875127 0.873519301 175 222 241 
0.546155453 -0.0153824985 0.875843346 173 220 240 
0.55575949 -0.0156178772 0.880528331 174 220 240 
0.550285339 0.00190320611 0.93715024 170 218 238 
0.544776559 0.00263783336 0.938155174 169 217 237 
0.549955428 0.00302991271 0.939773917 170 218 238 
0.545035183 0.0225322247 0.948949099 172 220 240 
0.612212241 -0.0199280381 0.499608845 145 197 227 
0.578971505 -0.0123361349 0.507391512 147 197 229 
0.612293899 -0.0241605341 0.542892516 144 194 226 
0.611722291 -0.0224948823 0.550624013 144 194 227 
0.607446849 -0.0101871789 0.610146582 145 196 230 
0.607424617 -0.01014027 0.610644817 145 196 230 
0.606015623 -0.00905546546 0.66327709 144 192 226 
0.603928804 -0.00291916728 0.690896034 148 196 230 
0.602377415 0.000748336315 0.721367598 143 193 229 
0.603855848 -0.0095526278 0.767959118 156 202 229 
0.603044569 -0.00862628222 0.794912696 160 206 233 
0.6016801 -0.00549539924 0.822762728 159 207 234 
0.602175832 -0.0119349658 0.871562839 172 218 241 
0.602875888 -0.0178764164 0.905442476 154 199 228 
0.601272523 -0.0128777921 0.923506737 151 197 224 
0.595037103 0.0108444393 0.946170926 162 209 232 
0.659078956 -0.0146935582 0.452726454 151 199 229 
0.655000031 -0.00249126554 0.504392445 158 208 231 
0.653787613 0.00141590834 0.516638339 158 208 231 
0.652838767 0.00150927901 0.559163809 148 198 227 
0.652891338 -0.00318923593 0.608959615 147 196 230 
0.652568936 -0.00263568759 0.617611766 147 195 229 
0.65080452 0.000518590212 0.66356355 146 194 228 
0.649096966 0.00446727872 0.698079944 146 196 230 
0.6482535 0.00605049729 0.719210684 144 195 229 
0.65027374 -0.00637933612 0.764584661 148 197 227 
0.649167717 -0.00596767664 0.810787678 152 200 230 
0.648959219 -0.00570610166 0.817452788 152 200 230 
0.650276423 -0.0153734088 0.864406765 156 207 234 
0.649214268 -0.0156918466 0.916707754 153 199 225 
0.631977558 -0.0174496472 0.917645574 151 196 224 
0.648931324 -0.0148824751 0.920701027 152 198 225 
0.639722526 0.0206205547 0.948962212 164 212 236 
0.700215816 0.00540560484 0.503719628 144 193 226 
0.699338377 0.00690823793 0.527304173 143 193 223 
0.696768403 0.0144594908 0.56138128 147 195 222 
0.697199821 0.00827249885 0.610325754 148 200 233 
0.697233498 0.00724378228 0.620212793 147 199 232 
0.697718561 0.00174257159 0.659074187 142 193 230 
0.69781971 -0.00314673781 0.708760858 138 187 224 
0.680372655 0.00323566794 0.714150012 140 189 226 
0.699178338 -0.0124689043 0.749975681 150 196 225 
0.69937253 -0.0137400031 0.755185187 152 197 226 
0.696191847 -0.00573393703 0.812247396 159 203 231 
0.663553834 -0.00532105565 0.816058517 155 201 231 
0.701337397 -0.0304439068 0.85059762 150 198 227 
0.678706944 -0.0244931877 0.856321573 150 199 228 
0.70015949 -0.027410686 0.870968223 150 198 228 
0.69538641 -0.0115529597 0.913885534 154 202 229 
0.693958759 -0.00679931045 0.926604271 155 203 231 
0.685050309 0.0272169411 0.957598567 167 215 238 
0.750031054 -0.00296896696 0.472698063 142 190 221 
0.748894274 -0.00030335784 0.495264858 140 188 220 
0.74396044 0.0169980824 0.529518604 151 197 228 
0.742466688 0.0204602778 0.559624016 148 198 231 
0.743538439 0.0117574036 0.607129514 155 205 235 
0.74531883 0.000270038843 0.653042436 143 194 230 
0.744023442 0.000287860632 0.653194487 142 194 230 
0.745326638 0.000150233507 0.654015005 142 194 229 
0.744674563 -0.00169029832 0.704404414 146 194 227 
0.746599436 -0.0137454569 0.749992609 138 185 219 
0.702384651 -0.0142763257 0.754562438 151 196 225 
0.746384919 -0.0151734054 0.77570951 145 194 225 
0.745307505 -0.0131607354 0.802810133 156 204 232 
0.74739641 -0.0258604884 0.848029673 157 207 231 
0.745575309 -0.0212501287 0.880405664 155 205 232 
0.743136346 -0.0136136115 0.907517493 158 207 234 
0.738939881 0.00151321292 0.932085991 166 216 240 
0.730897725 0.0312406123 0.970964074 168 220 243 
0.793766856 -0.00154021382 0.489661127 148 196 223 
0.788843215 -0.0117036402 0.694103718 146 194 226 
0.773623586 -0.0198732615 0.796047032 153 201 228 
0.769667387 -0.0253166258 0.898235798 156 205 232 
-0.665503442 -0.00578933954 0.603217244 153 198 228 
-0.66771549 -0.000914543867 0.650599241 156 202 234 
-0.708404601 0.00561407208 0.658621967 166 208 239 
-0.717165291 0.00888571143 0.649003625 168 210 239 
-0.666604817 -0.00977036357 0.698017418 169 215 241 
-0.676701069 -0.00955215096 0.699245512 167 214 240 
-0.666723251 -0.00983574986 0.704181075 170 216 242 
-0.717037916 0.0073249042 0.660501361 167 209 239 
-0.715106845 -0.00475457311 0.706075668 163 207 236 
-0.667878449 -0.00925770402 0.750793755 167 210 237 
-0.714388907 -0.012067467 0.754376173 166 210 236 
-0.668848336 -0.00940021873 0.796905994 174 217 238 
-0.714790344 -0.0129558742 0.782679975 172 217 241 
-0.669330478 -0.00804427266 0.803970993 176 218 238 
-0.716449499 -0.00846263766 0.808921218 173 220 242 
-0.673962355 0.00583145022 0.862431407 181 224 244 
-0.718693197 -0.00371995568 0.85922724 181 229 246 
-0.674122036 0.00629135966 0.864653468 181 225 244 
-0.719137371 -0.00239297748 0.864875913 181 229 247 
-0.671590626 -0.00814715028 0.908878565 179 223 244 
-0.717083275 -0.0149558783 0.910173714 179 225 245 
-0.675703347 0.00436550379 0.958651662 167 216 236 
-0.721099555 -0.00189197063 0.949392319 162 201 222 
-0.688362777 0.0569502115 0.955511928 180 229 247 
-0.730329096 0.0337134004 0.977465272 181 227 244 
-0.718827248 0.199916512 0.765465498 178 227 240 
-0.724006891 0.20780687 0.770326912 172 220 236 
-0.72111249 0.208990842 0.76954478 170 219 236 
-0.707019567 0.149029404 0.788843632 214 254 255 
-0.756589293 0.158240378 0.799301386 193 237 251 
-0.763792336 0.189286321 0.785004854 186 232 245 
-0.707193136 0.145219564 0.839147747 186 238 251 
-0.751627445 0.134252161 0.838064313 185 239 251 
-0.700766504 0.115475982 0.874619007 187 234 249 
-0.749327958 0.120725214 0.882810771 188 236 250 
-0.697053134 0.0963932872 0.916187704 182 230 249 
-0.74193877 0.0871994197 0.916118681 183 235 251 
-0.689718306 0.0630812049 0.949617863 181 232 251 
-0.738431454 0.068926543 0.958150625 181 231 249 
-0.721476197 0.210324913 0.771418631 170 219 236 
-0.75028789 0.219799727 0.832096457 173 219 239 
-0.770498514 0.212893099 0.830560207 174 220 241 
-0.726754963 0.226839095 0.830260277 172 219 237 
-0.770680428 0.213300765 0.834385157 174 220 242 
-0.728794634 0.234589159 0.83777988 168 217 238 
-0.735647738 0.260777444 0.861397684 159 211 240 
-0.77848047 0.241829664 0.875466645 174 223 244 
-0.746016264 0.302021146 0.879105806 157 210 236 
-0.789367676 0.285641074 0.888454616 167 217 237 
-0.755654573 0.339650393 0.903458357 153 203 228 
-0.798633814 0.321427792 0.91619426 161 210 231 
-0.797306955 0.373194456 0.920708179 162 210 232 
-0.807897925 0.359844983 0.914610028 163 211 233 
-0.811466515 0.374870658 0.91147697 163 211 232 
-0.764109492 0.371421367 0.938580036 152 200 225 
-0.814987481 0.387701571 0.930542707 160 204 225 
-0.774062455 0.410607815 0.960070014 155 197 217 
-0.818502069 0.399614811 0.95951581 155 197 216 
-0.783939958 0.451269031 0.96171093 145 182 204 
-0.828148782 0.439415574 0.960120678 147 187 208 
-0.786613643 0.462656975 0.95791471 141 177 200 
-0.830633342 0.44958505 0.961182237 144 185 206 
-0.797869861 0.508295596 0.96754384 138 170 191 
-0.840213716 0.486927599 0.986061811 115 154 178 
-0.807610095 0.546429276 0.990969062 118 153 177 
-0.616761923 -0.0155630708 0.637031496 163 205 232 
-0.622699976 -0.0148355663 0.638079762 162 203 231 
-0.616883457 -0.0154911578 0.641814172 164 206 233 
-0.621438742 -0.00167840719 0.697456181 163 207 234 
-0.622002065 -0.000236541033 0.707297444 160 204 232 
-0.624789715 0.00699669123 0.754901052 162 204 231 
-0.623395622 -0.00297290087 0.801682115 171 216 239 
-0.641304016 -0.00547036529 0.802291453 173 217 239 
-0.62336719 -0.00356331468 0.80693835 172 217 240 
-0.625954092 0.00258818269 0.857345939 174 222 243 
-0.668962836 0.00618901849 0.864030898 180 224 244 
-0.623138905 -0.0129652321 0.900933325 182 228 247 
-0.646486402 -0.0112105608 0.904453456 180 225 245 
-0.624323606 -0.00891336799 0.910298824 180 226 246 
-0.63078773 0.0130022764 0.963537216 171 214 232 
-0.647770882 0.0883119404 0.906376064 187 232 250 
-0.656580687 0.0915737152 0.909118533 187 233 250 
-0.653289497 0.114310682 0.870829821 184 232 251 
-0.641765773 0.0602245033 0.942794561 182 230 249 
-0.675786018 0.0640853345 0.948633194 181 231 250 
-0.719122589 0.208989084 0.770433307 171 220 236 
-0.671504319 0.195042044 0.809971333 197 236 249 
-0.672414124 0.198901266 0.80885458 196 235 249 
-0.663355768 0.158532381 0.841572583 188 239 252 
-0.653553009 0.11552313 0.86945647 184 232 251 
-0.673130095 0.201429963 0.813624859 195 235 249 
-0.722635269 0.226492852 0.832698762 173 220 238 
-0.679929078 0.226018995 0.852530181 181 232 249 
-0.6889624 0.260653108 0.882388592 168 219 244 
-0.692602873 0.273451775 0.907301247 162 212 239 
-0.709867597 0.289131045 0.917727709 159 209 237 
-0.696334541 0.287063479 0.927364469 157 207 235 
-0.716023386 0.328834921 0.940002561 159 208 232 
-0.706514597 0.327374727 0.946786761 161 209 233 
-0.719970047 0.36907354 0.962325573 152 195 218 
-0.716958344 0.368990898 0.963810205 153 196 218 
-0.730555356 0.427068353 0.942679763 150 193 216 
-0.7352826 0.429400861 0.944468141 150 193 216 
-0.734403372 0.445266575 0.91711992 147 190 214 
-0.7181108 0.373678923 0.964626551 154 197 220 
-0.744500756 0.485168338 0.93729496 141 176 197 
-0.754167259 0.52293694 0.96139133 135 168 189 
-0.763307095 0.560249925 0.966370344 124 159 182 
-0.769421756 0.567559242 0.971018434 121 156 180 
-0.765695035 0.569919944 0.968549132 122 157 180 
-0.598613799 -0.00900569558 0.638604403 163 205 232 
-0.573830128 0.00236454606 0.629752755 161 204 232 
-0.574176073 0.00266739726 0.642269075 162 205 233 
-0.576379597 0.00683373213 0.69713521 164 206 230 
-0.57706362 0.00828707218 0.712391019 165 207 230 
-0.578303456 0.00990128517 0.751372874 169 210 234 
-0.576832414 -0.000370591879 0.797981083 176 220 241 
-0.575229049 -0.0108797848 0.841150403 175 222 246 
-0.575481713 -0.0101695955 0.84485966 175 221 246 
-0.576679766 -0.00995376706 0.897466302 178 224 245 
-0.579116106 -0.00172165036 0.917840719 169 215 235 
-0.585894227 0.0217603445 0.968088388 163 212 237 
-0.586609304 0.0216363072 0.968099475 164 212 237 
-0.585903585 0.0217946172 0.968136787 163 212 237 
-0.602366388 0.0954672098 0.9052791 181 229 246 
-0.60821718 0.122171611 0.877141654 183 233 250 
-0.597286999 0.0710172355 0.943778038 178 228 248 
-0.585928261 0.0218939483 0.968164802 164 212 237 
-0.670360565 0.197951734 0.811428428 196 235 249 
-0.61954093 0.17193374 0.844048083 181 233 248 
-0.624380589 0.192102849 0.84211421 181 231 248 
-0.610108793 0.130380839 0.872764945 183 233 250 
-0.630200744 0.213818997 0.86800456 175 225 248 
-0.644711733 0.222513884 0.874329031 175 225 248 
-0.632369339 0.221566021 0.88147825 174 224 248 
-0.672686875 0.25693655 0.896128654 170 218 243 
-0.639357209 0.246074378 0.929950595 175 221 240 
-0.642254174 0.256688029 0.945006847 169 217 237 
-0.656852543 0.279123127 0.958815455 159 209 233 
-0.647896528 0.278262764 0.964304924 159 209 233 
-0.650693715 0.289849162 0.963973522 158 206 229 
-0.661997855 0.337985963 0.948042631 149 198 224 
-0.671281278 0.37972644 0.910412908 152 199 225 
-0.689140499 0.399375439 0.923064232 149 194 217 
-0.678819299 0.411174595 0.907027245 150 195 218 
-0.664730787 0.349496275 0.945605755 147 196 223 
-0.714078784 0.370499462 0.962453961 152 195 218 
-0.688303947 0.45110485 0.898754835 137 180 207 
-0.72905767 0.453747422 0.904670715 143 186 211 
-0.692753792 0.470071435 0.892284036 131 172 200 
-0.72664845 0.495524496 0.92713213 137 168 188 
-0.703906178 0.515196145 0.9028579 125 158 181 
-0.726463974 0.536762953 0.949545145 130 159 179 
-0.711864173 0.544507027 0.942501903 129 155 175 
-0.721168518 0.580482841 0.969893932 121 152 174 
-0.524400353 -0.00735297799 0.631348372 155 200 226 
-0.559070587 0.000565469265 0.639465749 161 206 233 
-0.526925921 0.00115668774 0.652735472 155 203 231 
-0.528461218 0.00411114097 0.69038856 150 198 229 
-0.528977394 0.00164756179 0.741462708 157 204 234 
-0.532895207 0.00241523981 0.742310822 158 204 234 
-0.528679132 -0.000249266624 0.748845458 157 204 234 
-0.528108954 -0.00625655055 0.789425075 162 208 236 
-0.529537559 -0.00513494015 0.842549741 168 214 239 
-0.565700293 -0.0100108385 0.843871117 173 220 244 
-0.529616714 -0.00569227338 0.85237658 169 214 238 
-0.530915678 -0.00421175361 0.89556098 175 218 242 
-0.531506062 -0.00638392568 0.946801662 172 211 235 
-0.531771302 -0.00628435612 0.94688499 172 211 235 
-0.531530738 -0.00630185008 0.947022676 172 211 235 
-0.54115808 0.0312731266 0.971475005 169 218 239 
-0.568139911 0.112980217 0.911044896 178 227 247 
-0.550198793 0.0715564191 0.938896894 172 224 247 
-0.559766889 0.113309652 0.914194584 177 227 248 
-0.542966008 0.0386449099 0.972556114 169 217 239 
-0.610442281 0.189614713 0.852666497 178 229 247 
-0.596642494 0.170115024 0.892900109 175 227 246 
-0.56094718 0.118281424 0.91313833 177 227 248 
-0.572565794 0.166585445 0.909784555 176 227 247 
-0.601846337 0.210049316 0.915195704 172 224 245 
-0.582895815 0.20763886 0.927842498 167 219 242 
-0.627712369 0.244982466 0.937041283 176 222 241 
-0.592806935 0.246618539 0.949712515 174 219 239 
-0.610361874 0.325919449 0.874448299 157 207 233 
-0.622229576 0.33318305 0.879703701 159 209 233 
-0.614498436 0.343916059 0.864378333 156 205 231 
-0.60456413 0.298646986 0.911332846 173 218 240 
-0.631672442 0.308057636 0.919430971 161 209 236 
-0.597236693 0.265363842 0.944779634 174 220 239 
-0.639437318 0.283338368 0.959194779 159 208 232 
-0.623173475 0.380751431 0.85332644 148 195 222 
-0.637028158 0.393634886 0.861857295 143 190 217 
-0.629254818 0.406881839 0.842155337 142 187 215 
-0.656242073 0.366144419 0.901371837 150 197 225 
-0.656334281 0.343282253 0.941302776 148 197 225 
-0.664145112 0.428265244 0.883675635 145 187 213 
-0.651018977 0.494454443 0.868223608 138 184 213 
-0.670291722 0.569693267 0.916964889 136 161 178 
-0.678235769 0.598935366 0.956735373 119 147 168 
-0.47520861 -0.015078783 0.621740103 147 192 218 
-0.479446024 -0.00290095806 0.680956781 151 199 226 
-0.479455531 -0.00288340449 0.681198537 151 199 226 
-0.483043462 0.00672262907 0.739175916 158 208 236 
-0.480561137 -0.00746530294 0.782872796 167 218 240 
-0.48053062 -0.00764274597 0.783442795 167 218 241 
-0.481616676 -0.00786712766 0.835797608 171 216 237 
-0.480279148 -0.0176143348 0.882705867 165 211 238 
-0.491171598 -0.0148115456 0.885427535 165 210 237 
-0.480749577 -0.0166171491 0.893221855 164 210 238 
-0.484671503 -0.00484761596 0.942490935 164 210 236 
-0.486379415 0.00116804242 0.954053164 166 213 236 
-0.49446401 0.0336295664 0.964498162 171 218 240 
-0.51384604 0.0392481685 0.969684482 172 220 241 
-0.49721086 0.044703722 0.967548132 174 221 243 
-0.505403519 0.0811056793 0.939169168 175 226 244 
-0.514493287 0.120174557 0.922337413 174 223 245 
-0.522084236 0.151140273 0.926742554 175 222 244 
-0.526273549 0.16840744 0.927197576 176 223 244 
-0.529274464 0.179392248 0.942901492 173 222 244 
-0.544784606 0.201020896 0.956371546 168 220 243 
-0.534386516 0.198485076 0.965432048 169 221 242 
-0.548169076 0.258125871 0.935450315 167 215 240 
-0.560450912 0.261262655 0.938506365 171 218 241 
-0.550407648 0.267712116 0.931699038 169 216 240 
-0.542524338 0.231454372 0.972678542 164 213 236 
-0.563692808 0.332598031 0.820595384 163 209 239 
-0.605574667 0.360054135 0.840133488 158 205 232 
-0.56188637 0.321008027 0.866449714 170 216 239 
-0.558597565 0.303593785 0.90897274 166 212 236 
-0.636111319 0.62138927 0.936221242 135 160 179 
-0.431568056 -0.000992506742 0.624607384 151 195 221 
-0.43244797 -0.00202712417 0.67649883 163 208 229 
-0.479074061 -0.0029117763 0.681141198 151 199 226 
-0.4334656 0.000464439392 0.69553256 167 214 234 
-0.435313761 0.0047416091 0.732853413 166 214 236 
-0.435029715 -0.000866293907 0.782129169 167 217 241 
-0.479884803 -0.00759381056 0.783398449 167 218 241 
-0.433250844 -0.0106834173 0.809550941 167 214 239 
-0.432932317 -0.0135993063 0.827329636 166 212 237 
-0.43292734 -0.0181106627 0.877232552 165 211 236 
-0.434421003 -0.0149753392 0.910966158 163 206 229 
-0.439260811 0.00228318572 0.941380024 168 214 236 
-0.442135364 0.0131293237 0.952827334 168 219 240 
-0.477604836 0.0480200946 0.970473886 173 221 242 
-0.452132761 0.05253613 0.973912358 173 223 242 
-0.461708963 0.094979614 0.941915035 184 232 247 
-0.469176739 0.126826495 0.930871487 182 232 247 
-0.453047544 0.0564547479 0.972363591 171 222 241 
-0.51267457 0.167599052 0.934661984 175 222 242 
-0.47909385 0.165835738 0.952687263 176 225 242 
-0.488956839 0.204577029 0.974995613 170 219 234 
-0.517418861 0.33633709 0.81754452 161 211 237 
-0.544538736 0.333633631 0.819053948 161 209 238 
-0.511932552 0.310287863 0.855128765 163 207 230 
-0.533432901 0.313481838 0.859228849 164 209 233 
-0.508517981 0.292379498 0.897369146 173 208 229 
-0.516660392 0.294701695 0.899527133 173 209 230 
-0.503177881 0.26690498 0.935282111 168 214 241 
-0.495531976 0.232370555 0.968013167 167 216 232 
-0.385674655 -0.000250190496 0.67232573 176 216 233 
-0.386497498 -0.00105965137 0.719096541 189 230 248 
-0.386798203 -0.000327378511 0.724764705 188 229 248 
-0.386847943 -0.00462371111 0.774790645 169 215 237 
-0.385568619 -0.0141423047 0.821829557 167 214 238 
-0.422102958 -0.0164479315 0.824589968 166 212 237 
-0.384732127 -0.0198835731 0.847225666 166 213 236 
-0.3862634 -0.0159040987 0.873305142 166 212 235 
-0.389834255 -0.00471070409 0.912859201 170 212 236 
-0.392549396 0.00430324674 0.937345862 173 218 239 
-0.396934837 0.020355612 0.96030581 166 216 238 
-0.406226158 0.0562667847 0.987816691 171 220 240 
-0.419446737 0.114481658 0.947879791 183 234 246 
-0.423509061 0.131740063 0.942601323 184 235 246 
-0.410429984 0.0745606124 0.977529883 171 223 242 
-0.457033128 0.287614018 0.749587595 165 213 238 
-0.434981734 0.178449988 0.950261116 175 223 237 
-0.464700282 0.31548515 0.791878164 182 223 241 
-0.444754064 0.216742724 0.973394036 167 215 233 
-0.464739233 0.314906329 0.800097644 182 224 241 
-0.466496229 0.317318261 0.853960395 158 199 219 
-0.48458162 0.302466154 0.900225878 185 214 230 
-0.466055989 0.312111676 0.89160502 184 212 226 
-0.457289457 0.272158861 0.933097601 174 217 236 
-0.463082552 0.297391921 0.918664098 186 219 234 
-0.4496696 0.237726748 0.965887189 170 217 237 
-0.465631694 0.309429407 0.901931465 193 219 231 
-0.34120357 0.0105725527 0.673326373 169 209 228 
-0.343821108 0.0186622143 0.703604639 175 216 236 
-0.336501896 -0.016885072 0.762588203 168 211 236 
-0.345657617 -0.0162988901 0.763913214 167 211 235 
-0.337981313 -0.0102473497 0.756748438 168 210 235 
-0.33678481 -0.0161705911 0.767637014 167 211 236 
-0.345066667 0.0212598145 0.73192215 167 208 232 
-0.340433925 -0.00592693686 0.821338892 169 215 236 
-0.339166552 -0.0144645572 0.858026326 166 207 229 
-0.339736313 -0.0131597817 0.869685292 163 205 227 
-0.341655642 -0.0101101696 0.923912644 160 205 229 
-0.356916249 -0.00515574217 0.928284764 162 205 229 
-0.343019128 -0.00547733903 0.935030818 161 204 227 
-0.377374262 0.157188296 0.704700649 179 224 239 
-0.386288702 0.165967733 0.710456133 166 217 233 
-0.379298747 0.164037794 0.716940701 176 224 240 
-0.352224946 0.0300106704 0.96331954 156 201 227 
-0.412171006 0.200896949 0.732301354 181 218 232 
-0.389011472 0.202035189 0.740616441 178 216 234 
-0.363166749 0.0744124353 0.972255707 148 197 224 
-0.364583254 0.0753762126 0.972935677 148 197 225 
-0.363700509 0.0767349601 0.970952868 149 198 225 
-0.408353359 0.243014783 0.754793406 166 209 233 
-0.399395049 0.243353784 0.758186936 166 209 232 
-0.370374411 0.10722506 0.938539982 175 219 240 
-0.380770266 0.151153028 0.927677274 173 217 235 
-0.439426392 0.276687622 0.776525557 168 213 237 
-0.40647006 0.268293351 0.805866599 158 204 226 
-0.391894341 0.19613716 0.938509464 164 212 231 
-0.460849375 0.312696218 0.798467875 184 226 242 
-0.412510514 0.29075554 0.833578229 160 200 217 
-0.420129597 0.29971227 0.839287877 166 204 219 
-0.414129019 0.296123892 0.848231852 156 195 212 
-0.392540276 0.198812157 0.938440323 163 211 230 
-0.430652708 0.228645742 0.958857536 161 208 228 
-0.406040907 0.256084144 0.921835899 154 196 220 
-0.422266096 0.326321185 0.886246383 161 198 217 
-0.43930769 0.290584534 0.941145062 161 205 227 
-0.415524811 0.292948842 0.947593927 148 194 218 
-0.422939152 0.327240586 0.906929195 170 207 227 
-0.416960597 0.299257547 0.943407416 147 192 216 
-0.298482567 0.0327638686 0.628346086 155 198 218 
-0.296325862 0.0197978318 0.673413336 150 194 219 
-0.293411076 0.00385293365 0.716776729 154 197 222 
-0.31665808 0.0135600865 0.724611819 161 202 227 
-0.313793182 -0.0085863173 0.764607251 162 204 230 
-0.293591797 0.000993728638 0.756846547 156 198 224 
-0.293836981 0.00103461742 0.767647982 156 199 225 
-0.294898182 0.000712662935 0.819947004 160 206 229 
-0.293558657 -0.00904259086 0.866850674 158 207 230 
-0.303093463 -0.0104823411 0.8671152 159 207 230 
-0.293459892 -0.00974401832 0.870110989 158 207 230 
-0.325069785 0.137231737 0.688096941 183 222 239 
-0.329846919 0.138435215 0.689276576 186 223 239 
-0.327396303 0.148171276 0.673344612 184 222 239 
-0.325401664 0.138296872 0.691496491 184 222 238 
-0.29326269 -0.0146972835 0.916099548 162 207 232 
-0.297731221 0.00131621957 0.943304658 156 194 214 
-0.335418105 0.177892953 0.711353302 146 183 205 
-0.33563295 0.178228587 0.711559474 145 182 205 
-0.335513413 0.178269774 0.711540699 145 182 205 
-0.307139575 0.0378070176 0.969749928 158 207 230 
-0.336144358 0.180746555 0.712985456 144 182 204 
-0.345350802 0.216884345 0.734081924 132 172 195 
-0.321259558 0.0998013914 0.929104447 154 203 230 
-0.346461803 0.102602184 0.933397412 162 210 235 
-0.325115383 0.116710275 0.918229461 153 203 230 
-0.312981576 0.0627831817 0.960414886 162 209 234 
-0.353362948 0.246463358 0.773232937 149 192 218 
-0.335698545 0.161027521 0.91163981 159 207 229 
-0.348133475 0.166231245 0.91583699 163 209 230 
-0.338343441 0.17211014 0.909914672 161 207 229 
-0.359838843 0.26935637 0.816149473 157 201 224 
-0.368309557 0.271061122 0.818007588 157 201 224 
-0.36000669 0.269267946 0.824837327 158 202 225 
-0.388293087 0.197704762 0.937371254 165 212 231 
-0.350652397 0.222960085 0.909963906 162 208 228 
-0.366257757 0.290128827 0.880014718 164 204 221 
-0.356098235 0.245674878 0.907571077 151 195 219 
-0.39933154 0.259066641 0.919606805 152 194 218 
-0.366038978 0.289045781 0.882005692 163 203 220 
-0.366745353 0.292001843 0.881584764 162 202 220 
-0.385689646 0.326402277 0.90237993 142 182 207 
-0.370543391 0.30243358 0.940034509 150 190 217 
-0.372357458 0.310240179 0.936570048 149 189 215 
-0.371525884 0.306123525 0.944137573 151 191 218 
-0.371844381 0.307545453 0.942958236 151 191 218 
-0.244931072 -0.00107631087 0.708767951 155 201 227 
-0.248926759 0.0108706951 0.759452224 143 191 220 
-0.24897176 0.0103087723 0.767762959 143 192 220 
-0.24751848 0.000106692314 0.814410985 156 203 228 
-0.24624896 -0.00937342644 0.861472011 156 203 228 
-0.245601147 -0.0156772137 0.901780069 152 197 222 
-0.277028739 0.134027243 0.681074679 149 188 213 
-0.275107861 0.12198779 0.726671875 157 202 225 
-0.284900486 0.126474321 0.730188549 158 201 223 
-0.275319159 0.121355027 0.743402541 159 204 226 
-0.246492356 -0.0129089355 0.911932945 154 198 222 
-0.252498806 0.00838443637 0.951073647 156 196 216 
-0.33544293 0.178274602 0.711563647 145 182 205 
-0.282432258 0.150767088 0.743132293 142 186 210 
-0.288045973 0.174273759 0.739648759 141 183 207 
-0.263978213 0.0551277697 0.958671927 164 210 230 
-0.297322541 0.213766679 0.726681948 168 203 223 
-0.343701392 0.217469528 0.733792722 133 173 196 
-0.278039813 0.115540892 0.932917237 163 212 238 
-0.279352427 0.121152073 0.930826545 162 211 237 
-0.265230983 0.0607198775 0.954045296 167 213 234 
-0.303294569 0.237232298 0.740103245 161 194 215 
-0.306503326 0.245476186 0.795809984 153 191 216 
-0.32340014 0.172217786 0.916375756 163 209 231 
-0.292425334 0.175783962 0.923923492 169 213 235 
-0.306726038 0.246223509 0.797729015 154 193 217 
-0.31325829 0.268831372 0.846402168 176 216 232 
-0.302805513 0.221835196 0.888746381 167 208 229 
-0.334711552 0.233513609 0.898605347 162 206 226 
-0.309264779 0.249061823 0.882744074 176 215 231 
-0.295922875 0.190299839 0.923192739 164 205 226 
-0.318665296 0.288644105 0.874474823 155 192 211 
-0.363835126 0.290498137 0.88044697 163 203 220 
-0.344676435 0.313489407 0.943206191 150 186 211 
-0.199653745 0.00208678842 0.757870853 145 192 218 
-0.214990258 0.0153282583 0.766759336 146 195 220 
-0.201800197 0.00856214762 0.78445828 143 191 218 
-0.199774116 -0.00193205476 0.808055401 138 184 215 
-0.200101525 -0.00513738394 0.858705342 159 202 227 
-0.199637234 -0.0114535391 0.907575846 154 199 225 
-0.221125424 -0.013482362 0.908833504 153 198 223 
-0.200075418 -0.010060966 0.912218213 152 197 222 
-0.23447904 0.152399659 0.68639338 161 202 224 
-0.258731902 0.132808238 0.730758548 156 199 222 
-0.236110747 0.158244878 0.696351171 158 200 223 
-0.207862645 0.018404454 0.953416348 153 194 216 
-0.243570179 0.185087591 0.740532279 145 187 210 
-0.22347647 0.0867087543 0.911237121 159 205 230 
-0.23150599 0.0892326236 0.913492441 160 206 231 
-0.225444138 0.0953557789 0.90548414 157 203 229 
-0.220624998 0.0714989007 0.949339509 168 213 234 
-0.220032141 0.0685640275 0.954734683 168 214 234 
-0.289357305 0.230623141 0.734976411 169 202 222 
-0.2541596 0.227425128 0.756229639 152 190 215 
-0.238418102 0.149910003 0.89490217 150 198 227 
-0.240365267 0.151121974 0.895775437 150 198 227 
-0.239333451 0.15402922 0.891151607 152 200 228 
-0.220282018 0.0696650445 0.953971982 169 215 235 
-0.258771002 0.243356988 0.790900052 149 192 218 
-0.30335027 0.245590195 0.797013581 154 192 217 
-0.260111272 0.246803701 0.814131916 151 195 221 
-0.24184534 0.16337648 0.902604342 149 197 226 
-0.24848181 0.189232826 0.919963002 148 197 225 
-0.269117773 0.281305134 0.844234228 149 189 213 
-0.256521136 0.225533098 0.885671973 167 208 227 
-0.265037507 0.261105984 0.881365836 147 187 209 
-0.2492567 0.192497551 0.919260263 148 196 224 
-0.274080813 0.299021393 0.875220716 130 166 189 
-0.153001517 0.00433948636 0.753969848 142 188 216 
-0.153338373 0.00117120147 0.804640889 156 200 227 
-0.191293418 -0.00177592039 0.807208419 141 187 217 
-0.153250545 -0.000791192055 0.822414577 159 202 228 
-0.179945201 0.123683482 0.664779544 158 201 225 
-0.200869799 0.128459394 0.66967696 167 206 228 
-0.181776166 0.130338401 0.674887717 162 205 231 
-0.153410375 -0.00303769112 0.854716778 160 204 229 
-0.152912974 -0.00948393345 0.903512955 169 211 235 
-0.154316008 -0.00560134649 0.924782515 152 194 220 
-0.188419223 0.153139681 0.726498127 140 180 207 
-0.162817478 0.0263999999 0.959480762 158 200 222 
-0.198958635 0.19522962 0.742650747 137 181 209 
-0.19748807 0.097466439 0.914233387 158 205 230 
-0.173855543 0.0709583461 0.971095562 160 206 230 
-0.209409505 0.236881226 0.759609103 151 188 214 
-0.235653788 0.15226236 0.895878077 149 197 227 
-0.181491107 0.107298583 0.917824149 159 206 232 
-0.192739367 0.154356748 0.911311746 150 200 227 
-0.184931695 0.116325766 0.975470304 176 221 241 
-0.214600176 0.255359769 0.792575598 157 196 219 
-0.216173887 0.260283142 0.810115337 162 201 222 
-0.198976904 0.180496544 0.907206774 144 191 218 
-0.242760479 0.191736072 0.918132186 147 195 224 
-0.205817863 0.209016263 0.90435791 152 197 221 
-0.222144276 0.280510634 0.859443903 158 203 225 
-0.228666574 0.282020926 0.86098218 155 200 223 
-0.23754406 0.257032335 0.900721848 154 194 215 
-0.222076833 0.279420614 0.868460774 157 201 224 
-0.215165854 0.245208234 0.931352615 150 190 214 
-0.269202322 0.290563524 0.922441244 128 164 185 
-0.230254143 0.309817046 0.906109273 164 200 217 
-0.227710903 0.297226846 0.929253459 178 215 230 
-0.229267031 0.304005951 0.925365448 178 215 229 
-0.104848064 -0.00379857421 0.796608925 160 203 228 
-0.104122415 -0.011141628 0.844892263 151 194 224 
-0.126872241 -0.00902304053 0.848544657 157 199 227 
-0.103798546 -0.0146116912 0.868582726 157 199 225 
-0.134674549 0.131364554 0.663983285 140 180 205 
-0.137107193 0.140195936 0.677529216 135 176 203 
-0.104570337 -0.0138734877 0.895812869 163 203 225 
-0.108505301 -0.00139588118 0.937813997 173 208 226 
-0.143726945 0.162881881 0.72935158 130 173 207 
-0.118488334 0.0379397571 0.959029675 169 213 233 
-0.154938638 0.20829995 0.739386201 134 176 208 
-0.129978597 0.0847367346 0.966529369 161 210 233 
-0.1652641 0.24933067 0.757485807 141 181 207 
-0.162359983 0.147162765 0.937407494 162 212 236 
-0.133139729 0.09838292 0.960018396 161 213 236 
-0.143525243 0.141713828 0.955315232 163 215 238 
-0.170738474 0.26857698 0.794945836 132 173 201 
-0.17200917 0.27263698 0.808167815 133 173 201 
-0.160056502 0.211753994 0.919933677 168 213 236 
-0.149645776 0.167731196 0.947199345 155 204 226 
-0.159701496 0.211708665 0.920170903 169 213 236 
-0.218343019 0.284519672 0.861207068 156 201 223 
-0.180180579 0.303004265 0.845869839 156 196 218 
-0.171664327 0.263231277 0.896854699 150 193 219 
-0.190795332 0.268347561 0.901740134 154 196 220 
-0.175032824 0.277520657 0.892715752 151 193 218 
-0.159873068 0.212408692 0.920269608 168 213 236 
-0.183757305 0.3152394 0.874117732 143 183 207 
-0.223158062 0.301708221 0.923444152 176 213 228 
-0.0590695962 0.00188723207 0.794671476 155 197 223 
-0.0571174845 -0.0102748871 0.840198517 152 195 223 
-0.0582275093 -0.00921961665 0.879432917 160 199 224 
-0.0891410336 0.138012856 0.662596345 160 200 221 
-0.0919913501 0.147841424 0.684237003 155 193 216 
-0.0594478548 -0.00561010838 0.895349681 157 197 223 
-0.0637093112 0.007833004 0.941611052 155 195 217 
-0.101629049 0.185467511 0.708595335 148 190 216 
-0.0729754418 0.0436196625 0.969350815 149 197 227 
-0.110770017 0.220634505 0.737474144 142 184 211 
-0.0832112953 0.0842067897 0.988265872 150 196 223 
-0.119575217 0.254139304 0.769408584 145 190 214 
-0.0890998468 0.110900074 0.961988211 159 204 228 
-0.0986744463 0.150671363 0.959611058 157 205 227 
-0.121441834 0.260438979 0.785101771 145 188 211 
-0.125476152 0.273266822 0.82777226 131 168 193 
-0.104666688 0.176557988 0.947058439 154 200 222 
-0.115022369 0.221516013 0.922904491 155 198 221 
-0.135598511 0.313292086 0.847720265 127 165 189 
-0.141571343 0.280261874 0.902812302 147 194 218 
-0.115829714 0.224912107 0.922231555 155 198 220 
-0.129093304 0.281088501 0.90691936 145 193 217 
-0.13604933 0.313343674 0.867843986 132 171 196 
-0.131806016 0.292178839 0.9082219 144 190 213 
-0.0104260445 -0.00817638636 0.836209297 156 202 226 
-0.00936374813 -0.0168422163 0.883735955 164 205 228 
-0.0419910103 -0.0113179386 0.890326381 158 198 223 
-0.0109932721 -0.0120611489 0.905418754 158 201 225 
-0.041047994 0.134604126 0.655457258 152 192 215 
-0.0523065552 0.182372898 0.641520917 132 171 194 
-0.0403904468 0.127528578 0.703893602 160 199 222 
-0.062975198 0.138995975 0.712613523 157 193 218 
-0.0423888639 0.133276016 0.731774509 153 194 219 
-0.0179356784 0.0123472512 0.952914238 158 205 230 
-0.0196961984 0.0124323666 0.953153968 158 204 229 
-0.0180322677 0.0127002597 0.953426003 158 205 230 
-0.0521998182 0.173930585 0.730433464 144 187 216 
-0.0549093559 0.185173184 0.729898691 140 186 216 
-0.0190014988 0.0165351331 0.95530951 157 204 229 
-0.0283270031 0.053578943 0.971805215 147 195 220 
-0.0613022298 0.209696278 0.750889778 138 181 209 
-0.0692339018 0.219868794 0.757295132 138 179 207 
-0.0637719706 0.218962237 0.761310577 137 179 207 
-0.0380078405 0.0914185345 0.995770931 165 213 235 
-0.0790080801 0.258696854 0.779491186 151 196 220 
-0.0738544315 0.258790076 0.781621456 151 195 219 
-0.0442595035 0.120272011 0.962159038 154 201 227 
-0.0559481978 0.170146406 0.944573045 159 208 230 
-0.0807449073 0.282816172 0.830980301 132 176 201 
-0.0674390122 0.220333785 0.914423466 162 205 224 
-0.109962203 0.22387898 0.921024799 157 199 221 
-0.0722817034 0.24091959 0.907997727 160 202 221 
-0.0577695444 0.17784825 0.942606926 156 205 228 
-0.0898367241 0.317739904 0.860306323 132 169 189 
-0.0847949013 0.292780638 0.906188309 148 191 215 
-0.0905220211 0.320016414 0.866471052 133 171 192 
-0.120051242 0.326664537 0.925690055 136 176 197 
-0.0958278477 0.337313831 0.917849541 135 177 202 
-0.0942423269 0.329464793 0.932278156 134 175 198 
-0.0963787362 0.338537127 0.92954731 135 176 199 
-0.0213164687 0.130725205 0.651178956 159 198 219 
-0.0119682178 0.151341856 0.713724554 167 209 229 
-0.0280422196 0.188645095 0.735783339 137 183 212 
0.00140494108 0.0587336123 0.976022601 155 201 225 
-0.028986603 0.179444879 0.940312624 153 198 221 
-0.0691703185 0.320625901 0.864456296 134 171 192 
-0.0516923815 0.34321031 0.927178979 127 167 196 
0.740482867 0.315113544 0.667772233 159 206 235 
0.763466418 0.311819077 0.683759212 163 206 233 
0.798392117 0.144886404 0.935310245 166 218 237 
0.753309429 0.158339232 0.947582364 162 217 237 
0.789897323 0.180974573 0.924287319 164 216 236 
0.745359421 0.357487708 0.690287411 144 188 217 
0.752059162 0.35820511 0.692014277 141 186 215 
0.784675181 0.203275502 0.91622287 166 219 236 
0.775565445 0.241838664 0.905927956 166 216 234 
0.751251161 0.361557782 0.69185406 141 186 215 
0.740638673 0.404656857 0.700148642 142 180 204 
0.766549528 0.278987676 0.907043695 154 201 225 
0.754562795 0.286709964 0.912561715 153 200 225 
0.762421429 0.296822786 0.898377419 155 201 226 
0.730701983 0.443763047 0.721786141 132 166 187 
0.750988066 0.343338221 0.906394601 145 181 203 
0.721165001 0.480890751 0.747060657 124 158 177 
0.741636574 0.379547447 0.933357596 139 174 195 
0.667929888 0.5035218 0.778236747 138 171 195 
0.711497724 0.51866281 0.771150649 116 149 173 
0.731657743 0.418862045 0.954611897 116 152 175 
0.697825193 0.551951647 0.80129683 147 175 191 
0.702137589 0.554915011 0.798034549 146 173 190 
0.725479186 0.444855154 0.949429154 121 158 181 
0.718427122 0.474274606 0.946273804 132 170 193 
0.69173032 0.596350789 0.815389633 108 134 153 
0.709396899 0.512538314 0.93565762 123 159 184 
0.67730093 0.519658208 0.943057656 125 158 180 
0.704050124 0.535362601 0.927502751 104 137 162 
0.695565164 0.571378469 0.916828334 106 137 159 
0.689748764 0.596075773 0.90942055 112 143 164 
0.680332482 0.632605374 0.935794592 103 133 156 
0.642005205 0.657536507 0.969582796 118 150 172 
0.669006407 0.67858988 0.94478786 111 142 163 
0.655290186 0.738612771 0.907512307 114 143 165 
0.663775802 0.700778663 0.938356161 121 154 176 
0.813093901 0.304123044 0.653814554 162 207 234 
0.80903554 0.317220688 0.69459182 152 196 224 
0.843397975 0.153608203 0.935109258 173 226 240 
0.834253252 0.192381978 0.924079895 174 227 239 
0.797873199 0.362394094 0.705076158 149 191 215 
0.829036951 0.214527935 0.917469263 171 225 237 
0.820268273 0.251528859 0.908877015 160 212 232 
0.789516032 0.396766484 0.706802368 145 184 207 
0.785743892 0.412354916 0.706759751 143 181 204 
0.777042091 0.292150915 0.913051367 153 200 226 
0.80985707 0.292984217 0.926196098 160 208 232 
0.776617348 0.447450668 0.735769629 133 172 195 
0.803068161 0.321057677 0.925916314 147 186 210 
0.79589957 0.35199526 0.911242962 143 180 201 
0.776586831 0.447568506 0.735858798 133 172 195 
0.753507376 0.483041435 0.757691741 131 168 190 
0.767764926 0.48118934 0.767274141 125 161 184 
0.78564769 0.392661691 0.930012345 145 176 194 
0.760624766 0.510287642 0.771731257 118 151 174 
0.756355762 0.527584672 0.775512099 111 142 165 
0.775040627 0.43508631 0.945549607 134 160 180 
0.747292757 0.562672377 0.801692963 96 125 146 
0.744220972 0.5631814 0.802307427 99 128 149 
0.747012079 0.563755274 0.802546024 95 125 146 
0.771530926 0.449467301 0.946877599 138 166 186 
0.762343645 0.487857312 0.942067385 133 169 193 
0.74659586 0.565410733 0.803259134 96 125 146 
0.753485143 0.524865389 0.937518716 117 152 176 
0.748521924 0.546196222 0.928349853 113 145 168 
0.721742034 0.594448566 0.926501632 110 143 168 
0.736683667 0.594716072 0.932682514 108 141 167 
0.719187558 0.635024071 0.948855042 119 152 175 
0.726429582 0.635393143 0.951432109 124 156 179 
0.725437939 0.639561892 0.950636744 122 155 178 
0.711991966 0.696781278 0.932109475 117 149 173 
0.675523639 0.752522945 0.912855864 115 144 165 
0.695804954 0.766829073 0.896867752 121 149 169 
0.711528957 0.698705435 0.931980968 117 150 173 
0.699076831 0.750632167 0.926642179 120 151 172 
0.696070194 0.763938785 0.916808188 124 154 175 
0.852321625 0.333924204 0.684648454 168 213 232 
0.8895998 0.157630444 0.932220221 185 235 245 
0.878878474 0.202456266 0.926322699 177 223 237 
0.841386914 0.377970845 0.697204053 160 198 218 
0.86419034 0.249210924 0.93247354 168 217 233 
0.867471397 0.248841405 0.934579492 169 217 233 
0.82467854 0.417880207 0.714424074 145 185 208 
0.831213892 0.418246984 0.716690838 145 185 208 
0.866770387 0.251824766 0.93361187 168 216 232 
0.854359686 0.30366528 0.92732358 161 207 227 
0.776681483 0.447456717 0.73578757 133 172 195 
0.823207736 0.447796404 0.75589633 121 156 179 
0.823111653 0.344495624 0.936463833 144 177 196 
0.844093502 0.344402671 0.945962548 151 186 203 
0.813810766 0.484230667 0.78244555 130 165 187 
0.840020537 0.361423433 0.943814278 139 171 189 
0.829989731 0.404137701 0.929678559 129 160 179 
0.777028799 0.529928446 0.780613065 105 134 156 
0.80240196 0.530624211 0.790686846 99 130 151 
0.825351477 0.423553765 0.92686677 131 163 183 
0.789459169 0.441577792 0.940615773 132 161 181 
0.816641092 0.460134387 0.920266509 131 165 188 
0.792624831 0.568940699 0.813776016 109 135 154 
0.805893421 0.503255367 0.934523821 111 149 176 
0.78868407 0.585596442 0.809615016 107 132 150 
0.798294425 0.534359574 0.937759519 110 143 167 
0.793903828 0.552524447 0.937479138 105 135 158 
0.781535923 0.603666306 0.936991811 100 129 152 
0.772498667 0.63831979 0.966814518 106 136 159 
0.768217325 0.657031894 0.95543921 109 139 161 
0.758018374 0.699918866 0.947104096 118 151 174 
0.748453736 0.73917979 0.94994092 119 151 174 
0.745352268 0.752536833 0.943903089 128 160 183 
0.739783049 0.777740955 0.919512868 152 184 206 
0.897039294 0.343540698 0.687733054 157 193 213 
0.923925221 0.210443854 0.932401776 187 231 244 
0.885614395 0.390014142 0.695827484 144 177 198 
0.912718832 0.255835384 0.942484975 172 215 232 
0.878143609 0.416912973 0.739905417 128 165 187 
0.909499347 0.269492835 0.938527822 167 209 227 
0.899473011 0.311323076 0.934008837 155 199 219 
0.868370533 0.455209464 0.763031363 128 163 186 
0.88858366 0.355145603 0.946976423 149 189 209 
0.858297467 0.494990885 0.783427656 116 146 167 
0.884586632 0.371873081 0.944601536 145 183 204 
0.874813318 0.413230121 0.933726549 130 166 188 
0.84830147 0.534390271 0.80452615 99 130 152 
0.845205545 0.455070794 0.94182992 122 160 186 
0.864386439 0.454762638 0.950903654 124 161 188 
0.838302374 0.576194406 0.799048066 101 128 147 
0.820622683 0.581673861 0.803971589 105 130 149 
0.835392892 0.588208616 0.799118638 104 130 149 
0.859833181 0.473627388 0.950317144 121 157 184 
0.85150671 0.508438289 0.945758462 118 150 172 
0.837224424 0.558366537 0.946541071 97 127 149 
0.839323044 0.558668137 0.946947694 96 126 149 
0.839012682 0.55992806 0.94719398 96 126 149 
0.828290701 0.60319829 0.958614349 100 132 157 
0.822514653 0.624752998 0.98427093 120 153 178 
0.811088204 0.634428144 0.990789771 123 156 181 
0.819899201 0.634654999 0.994313598 128 161 186 
0.806311071 0.692912698 0.970772028 129 157 178 
0.80474633 0.699583709 0.968482375 131 159 179 
0.818921983 0.638869524 0.992344975 127 161 185 
0.758087337 0.749667048 0.95458734 121 153 176 
0.792878866 0.74824816 0.972549081 130 164 188 
0.783620179 0.791054845 0.9219383 136 168 189 
0.787196875 0.772509158 0.963814378 125 157 180 
0.947738826 0.327260166 0.703962743 145 184 209 
0.940475523 0.359501332 0.679155231 125 159 180 
0.977571905 0.183087647 0.936401725 180 228 240 
0.968428195 0.221123248 0.933532238 174 219 231 
0.937821925 0.370717943 0.676335394 122 154 175 
0.892835736 0.39318338 0.693499684 140 172 193 
0.92848748 0.408762157 0.682125747 120 149 171 
0.957021534 0.267506123 0.941793203 174 213 228 
0.922154367 0.432279736 0.711545944 126 157 177 
0.920521796 0.438111186 0.721699595 127 160 180 
0.952963531 0.284272075 0.941791415 169 207 223 
0.944704711 0.318395227 0.941770434 154 193 211 
0.914191246 0.459365308 0.776154101 124 157 181 
0.934083164 0.3608917 0.957175612 150 190 211 
0.913800895 0.460610926 0.780233324 122 155 180 
0.881612659 0.491208553 0.800415158 118 151 175 
0.916681588 0.444800198 0.823673487 158 191 211 
0.870769739 0.465744287 0.840111911 132 167 191 
0.910464883 0.467727751 0.854307055 134 168 191 
0.926340282 0.393373013 0.951709032 145 186 207 
0.920851648 0.41630888 0.948829055 138 180 202 
0.869132996 0.529381752 0.822552264 101 133 155 
0.876807272 0.508399487 0.862652361 112 142 163 
0.900345385 0.507738829 0.874281108 121 152 172 
0.909316182 0.463329315 0.955917954 140 178 201 
0.881229281 0.593084693 0.80351907 119 146 166 
0.879557908 0.600561261 0.797173262 116 142 162 
0.872436166 0.571375132 0.845033169 100 129 149 
0.882361054 0.586684227 0.822683096 110 138 158 
0.888539195 0.552432895 0.885316849 103 130 147 
0.889349461 0.552088797 0.886279106 103 130 147 
0.903365254 0.488139749 0.95342803 133 169 192 
0.895832837 0.519993067 0.945279956 118 150 171 
0.882243693 0.584607005 0.851153433 97 126 145 
0.888994932 0.553588033 0.885895133 103 130 147 
0.885558426 0.562599301 0.943532348 113 142 161 
0.842508197 0.559645414 0.946656227 97 127 149 
0.882923603 0.573814988 0.939865947 110 138 158 
0.872260273 0.616518378 0.954890728 113 145 170 
0.831166446 0.639287949 0.991227031 123 157 182 
0.862220228 0.656135917 0.975588202 112 147 174 
0.814536989 0.699296594 0.973340869 126 154 175 
0.851312041 0.700051606 0.988384604 113 145 169 
0.838556528 0.756265044 0.949334025 129 159 180 
0.816218734 0.763737381 0.955853462 127 157 178 
0.832313001 0.784020543 0.927551866 129 160 180 
0.846808255 0.719350219 0.980703592 111 143 167 
0.829953551 0.794560075 0.918753743 131 162 183 
0.817404211 0.847740591 0.903942347 115 140 158 
0.960981667 0.345643878 0.712508082 133 168 192 
0.970766723 0.325172454 0.752654135 145 186 206 
0.981211126 0.304860592 0.792814612 153 188 208 
0.984559357 0.282831222 0.832820535 168 205 224 
0.98269552 0.25954023 0.87271291 180 214 227 
0.982418716 0.23663342 0.912639737 171 213 229 
0.982079685 0.382379323 0.677815676 112 142 166 
0.972710192 0.420828998 0.680705905 102 134 158 
0.979086816 0.389647007 0.734455705 125 155 176 
0.98535198 0.360537976 0.770289838 137 175 197 
0.990423977 0.336116821 0.808805287 146 183 204 
0.992858946 0.322057128 0.853246927 153 194 213 
0.984938443 0.301276982 0.895170748 162 200 218 
0.992622197 0.322255582 0.861910999 155 195 214 
0.963710725 0.273299187 0.934641242 176 214 229 
0.967336714 0.440307915 0.710948229 112 142 160 
0.965738833 0.445255756 0.729328215 117 147 164 
0.993320405 0.315752327 0.902124047 163 201 218 
0.990312159 0.323606819 0.952952504 149 191 208 
0.965554655 0.442818552 0.764867425 120 149 168 
0.915367782 0.458184898 0.778741419 123 156 180 
0.96686703 0.43317011 0.81183207 135 170 191 
0.930834115 0.439088613 0.819011211 157 189 209 
0.965536416 0.436173052 0.839550257 139 173 194 
0.978743136 0.370793939 0.959735036 168 207 221 
0.963538945 0.441754967 0.869225502 129 165 188 
0.942456186 0.460255653 0.88160634 119 156 180 
0.95981425 0.454415709 0.899540663 128 164 185 
0.97189647 0.399932414 0.950271249 165 204 221 
0.96549648 0.426286012 0.951250792 156 193 213 
0.92148453 0.496373445 0.903558493 124 157 179 
0.957846463 0.4596304 0.931932569 132 166 184 
0.924428523 0.474246204 0.943555593 136 170 191 
0.882308304 0.596604466 0.805315197 119 146 165 
0.912512541 0.535395741 0.925772071 117 144 163 
0.8972615 0.641417623 0.828049898 124 155 178 
0.911808372 0.661811292 0.798866749 124 152 172 
0.890144169 0.616855085 0.867827833 90 119 139 
0.898722708 0.596091628 0.907947659 107 136 157 
0.90758723 0.67507875 0.845226407 122 155 178 
0.903554142 0.692588449 0.835815251 125 157 179 
0.915935934 0.637782812 0.876378059 105 135 158 
0.915814996 0.633766174 0.926563859 125 157 180 
0.915361822 0.634135246 0.943268418 128 160 183 
0.907461524 0.666589141 0.945337176 135 168 192 
0.89895469 0.678535461 0.952770591 137 171 195 
0.903753698 0.681515694 0.949695468 138 172 196 
0.885411203 0.716451287 0.974884629 115 146 167 
0.89377141 0.720847607 0.970918059 120 151 171 
0.880179405 0.782770991 0.906821489 125 159 180 
0.839466989 0.792204261 0.916426897 128 161 182 
0.873236597 0.812419295 0.896109462 116 148 170 
0.885056555 0.759115636 0.945774913 128 156 175 
0.983791173 0.415198505 0.695480883 108 141 164 
0.979861915 0.391407579 0.735328257 124 155 176 
0.989798248 0.370972782 0.775477648 138 177 199 
0.998538673 0.350248486 0.815600991 145 182 204 
0.994757593 0.326493502 0.855451584 153 194 213 
0.979591787 0.432536036 0.757731318 119 148 167 
0.989506543 0.412096024 0.797880232 134 172 195 
0.99804312 0.391322345 0.837999165 141 181 207 
1.00204134 0.369450331 0.878019214 161 198 213 
1.00386977 0.347053051 0.917991996 154 187 202 
0.978278697 0.427732378 0.859977663 136 172 195 
0.992290795 0.408284128 0.900215805 139 176 196 
0.980425417 0.382572353 0.939890385 166 206 222 
0.972894847 0.4447833 0.922202229 136 172 190 
0.918371439 0.687721014 0.850918651 124 155 177 
0.942853391 0.670806825 0.8913849 113 141 162 
0.918203831 0.642000794 0.930780888 128 160 184 
0.935432613 0.733044386 0.873699188 107 134 155 
0.945883334 0.705672979 0.910018682 98 124 143 
0.941933215 0.723498702 0.89328146 99 125 145 
0.944525182 0.710667849 0.916868091 97 123 142 
0.937489212 0.743147254 0.878969073 107 134 154 
0.935924351 0.743160844 0.950662494 133 165 185 
0.928497374 0.778478503 0.899176955 126 154 172 
0.916289032 0.830279469 0.884039879 117 145 164 
0.931607544 0.761765957 0.942101359 132 163 183 
0.897031605 0.905442536 0.932920456 109 138 158 
0.948541462 0.713377416 0.91391778 101 128 148 
0.938987076 0.775098562 0.896185637 120 148 167 
0.944451392 0.753581345 0.936237693 134 167 189 
-0.923409998 0.637542367 0.969004393 131 162 180 
-0.933017969 0.67502141 0.993632913 97 126 149 
-0.919974446 0.640832186 0.870349228 111 137 156 
-0.904134631 0.621826291 0.910627186 127 156 176 
-1.00788927 0.0233121216 0.858231723 185 233 245 
-1.01413631 0.027869612 0.861397386 188 235 245 
-1.01096582 0.0370564163 0.846746087 183 230 243 
-1.00724828 0.0186528563 0.880576849 180 228 244 
-1.01423407 0.0482423007 0.872490644 195 240 251 
-0.950829864 0.000599890947 0.653949142 151 200 230 
-0.953373671 0.00814291835 0.68691653 160 208 235 
-0.973459601 0.0238470137 0.697666526 168 213 232 
-0.951737225 -0.00277915597 0.733152866 167 217 240 
-0.963176966 0.00349599123 0.737823486 171 220 240 
-0.949122429 -0.0175450146 0.777190566 166 217 238 
-0.952042103 -0.0166487396 0.777998984 166 217 238 
-0.949033976 -0.0183751583 0.782356024 166 217 239 
-0.992329121 0.0604736209 0.719664514 171 215 233 
-0.983672976 0.0397289097 0.75978601 164 212 232 
-0.976027668 0.0187395811 0.799885511 174 223 240 
-0.950738311 -0.0156875551 0.83073616 165 218 243 
-0.968667805 -0.0023188591 0.839978814 161 210 234 
-0.945523024 -0.0406716764 0.868929565 162 215 241 
-0.965905845 -0.0244901478 0.879971921 164 215 242 
-0.948614657 -0.0305357277 0.898235917 159 211 242 
-0.977750182 0.103924245 0.7416991 165 213 235 
-1.00710273 0.0752516985 0.781684637 180 225 242 
-0.97793138 0.10450986 0.743510365 164 213 235 
-0.998906851 0.0543956459 0.821796119 170 217 235 
-0.990718365 0.0106979311 0.901840448 169 217 237 
-0.953434229 -0.0140781999 0.936623096 165 208 234 
-0.963945627 -0.0056616962 0.942356586 168 209 231 
-0.955412447 -0.00696852803 0.948438287 165 207 232 
-0.979572773 0.106593817 0.795709193 159 209 229 
-0.996678948 0.0961287618 0.8442536 179 224 236 
-0.980690479 0.108083934 0.830465674 171 218 232 
-1.00482225 0.0713178813 0.884009242 191 236 248 
-1.00606072 0.0481783152 0.923915148 184 224 239 
-0.98253566 0.0310325325 0.964360595 157 201 222 
-0.962613523 0.0185952485 0.99497056 141 182 203 
-0.982701659 0.114396185 0.852654934 175 221 233 
-0.980166435 0.099943012 0.896871567 183 228 238 
-0.978554308 0.0891166627 0.94316256 176 224 240 
-0.972495258 0.0608174503 0.979460001 179 224 240 
-0.90773356 0.0182429254 0.642278671 178 225 244 
-0.907165885 0.0121416152 0.684014142 175 225 245 
-0.906291723 0.00421503186 0.731963694 176 224 244 
-0.903957903 -0.00944694877 0.776632845 179 230 246 
-0.903708577 -0.0117671192 0.790970981 177 228 245 
-0.893916786 -0.0578845441 0.853895128 166 218 241 
-0.922251821 -0.0551178157 0.858513832 163 217 240 
-0.89900279 -0.0350628793 0.833794951 168 221 241 
-0.895549417 -0.0521586239 0.86522162 167 219 241 
-0.903409839 -0.0160920918 0.825315356 173 223 242 
-0.900248706 -0.0374964774 0.918039441 157 209 237 
-0.924328923 -0.0372666121 0.92081058 154 208 240 
-0.900090396 -0.0397633314 0.935961127 153 206 236 
-0.977320433 0.105300218 0.742400348 165 214 235 
-0.907867134 -0.0113499761 0.977254987 156 205 234 
-0.962146878 0.15016672 0.765139818 176 222 235 
-0.970481217 0.125309557 0.804891288 165 213 231 
-0.918609917 0.0317467749 0.991556764 170 219 240 
-0.967164159 0.190146178 0.787439525 178 222 237 
-0.966336191 0.167506695 0.827390552 184 226 236 
-0.975188851 0.142524153 0.867130637 177 222 233 
-0.969138205 0.121148825 0.907195449 189 233 240 
-0.971697092 0.0976896584 0.947072625 179 227 242 
-0.926986873 0.0675645769 0.978129506 185 232 247 
-0.933613002 0.0959339142 0.96708858 194 240 251 
-0.965974033 0.23162809 0.809874415 177 222 235 
-0.971763551 0.207386896 0.849681258 184 229 241 
-0.97806859 0.183020979 0.889476895 181 227 239 
-0.965598047 0.163199544 0.92968154 183 232 243 
-0.947575271 0.144722015 0.970007062 185 232 245 
-0.945407927 0.144239128 0.971815705 184 232 245 
-0.974148154 0.270843446 0.832105279 156 204 226 
-0.974759698 0.279458374 0.816770911 157 203 225 
-0.978640795 0.246916145 0.871940494 167 215 235 
-0.970009148 0.226165548 0.912061393 176 220 233 
-0.96727854 0.203986645 0.952053905 177 223 237 
-0.946265519 0.147806883 0.971541286 185 231 244 
-0.959060192 0.201738954 0.959640622 180 225 238 
-0.973824799 0.274061561 0.833820403 156 204 226 
-0.97461468 0.27267319 0.885509551 173 218 233 
-0.966993392 0.238235652 0.918295979 176 222 236 
-0.962815642 0.21732837 0.958821177 181 227 240 
-0.860065162 0.0132519901 0.6722157 178 228 247 
-0.859608054 0.0108359158 0.678077877 178 229 247 
-0.858904541 0.00357988477 0.726410985 174 223 245 
-0.856520534 -0.0102792084 0.770967364 175 221 241 
-0.854088306 -0.0243279636 0.815415323 177 223 241 
-0.88108021 -0.0223127306 0.819477677 173 222 241 
-0.873096049 -0.0432200134 0.85958451 168 220 242 
-0.854174733 -0.0259927213 0.83788383 174 222 241 
-0.85498327 -0.0253032148 0.867340684 171 221 242 
-0.856450438 -0.0240300894 0.920552135 167 211 232 
-0.856985867 -0.0221611559 0.924365759 167 211 231 
-0.862649083 -0.00416585803 0.984396577 156 205 230 
-0.86426574 -0.00437471271 0.984460711 156 205 230 
-0.862683952 -0.00403818488 0.984576106 156 205 230 
-0.862891376 -0.00321385264 0.984941125 156 206 230 
-0.873611987 0.0399757922 0.997191787 182 220 233 
-0.880566776 0.0707291067 0.974750042 184 236 252 
-0.890586376 0.113921791 0.954784274 194 243 253 
-0.893130004 0.124584943 0.953069925 194 243 253 
-0.941304505 0.146239817 0.970143676 185 233 245 
-0.90332526 0.166900307 0.950920463 192 240 249 
-0.914067447 0.209993497 0.965228796 186 233 243 
-0.968801498 0.313331425 0.854630768 166 212 231 
-0.970086813 0.290180445 0.89453578 175 218 232 
-0.957104385 0.270482928 0.934751511 178 226 241 
-0.943597555 0.250912309 0.974978685 182 229 243 
-0.924429655 0.251206517 0.982993364 184 232 245 
-0.972518861 0.353625506 0.876958728 160 204 225 
-0.969927311 0.331412911 0.916948199 174 217 232 
-0.957178116 0.311658949 0.957158804 165 212 229 
-0.929025412 0.270118862 0.983825564 175 222 237 
-0.937737584 0.307001829 0.973951697 167 211 228 
-0.970196486 0.395381451 0.899418235 146 185 205 
-0.959943891 0.406847864 0.88393259 142 181 200 
-0.969884932 0.372616976 0.939358115 144 187 206 
-0.962657332 0.351526588 0.979448438 150 197 218 
-0.948494911 0.350170434 0.988121271 156 203 224 
-0.966542006 0.431006521 0.918396354 137 177 199 
-0.972009122 0.413296729 0.961720824 148 190 210 
-0.967451215 0.433927774 0.927677751 138 179 201 
-0.953181028 0.369524151 0.988197565 151 196 218 
-0.962072849 0.40730238 0.976622581 144 186 206 
-0.965524375 0.422516286 0.966023564 150 192 212 
-0.81695044 0.0308039486 0.660712719 176 224 248 
-0.816108584 0.0254766047 0.681262195 178 226 249 
-0.812734485 0.00772693753 0.723593473 181 226 247 
-0.809827626 -0.00818642974 0.766974866 174 218 241 
-0.808526993 -0.0177889168 0.813965917 179 224 243 
-0.809399545 -0.0166607797 0.841491461 171 215 237 
-0.811059773 -0.0123286843 0.869572043 166 212 236 
-0.810889423 -0.0174899101 0.919103265 173 220 241 
-0.812137902 -0.0131893754 0.928635478 173 220 241 
-0.817590714 0.00434938073 0.984077454 147 184 196 
-0.818044186 0.00596410036 0.98695159 146 183 195 
-0.819507897 0.011882633 0.988386154 149 185 198 
-0.830645978 0.0582637489 0.98433578 180 224 240 
-0.840796888 0.10451594 0.936401844 190 237 250 
-0.883924782 0.118934333 0.948984504 195 244 253 
-0.850013852 0.144058615 0.920146704 196 241 250 
-0.834401488 0.0748949349 0.971943259 186 234 248 
-0.85982883 0.182562292 0.942891717 184 233 245 
-0.869457304 0.220142633 0.967334151 181 231 244 
-0.877226412 0.252148509 0.968357801 171 220 237 
-0.899164855 0.261666954 0.975946546 171 221 237 
-0.882036686 0.272331208 0.964922667 168 217 235 
-0.892114043 0.315137535 0.951901436 174 222 236 
-0.912770748 0.322407454 0.958126068 171 218 232 
-0.896370173 0.333203673 0.946547747 171 218 231 
-0.934453726 0.358353049 0.980062723 156 203 223 
-0.907061338 0.376044571 0.961319804 152 200 219 
-0.965131998 0.437801152 0.921937585 137 177 200 
-0.917691886 0.418585986 0.976642489 151 197 219 
-0.948144317 0.483106762 0.944716573 137 179 200 
-0.926477134 0.45465076 0.979213476 136 181 207 
-0.930354118 0.47118476 0.973476887 134 177 203 
-0.939582646 0.510637403 0.958752036 129 171 193 
-0.767241657 0.0190270841 0.672383904 173 218 244 
-0.805779159 0.0232390761 0.678909957 177 225 248 
-0.763603389 0.000239491463 0.714121521 170 216 241 
-0.791145921 0.00394108891 0.719161689 178 224 246 
-0.763116181 -0.00471058488 0.746760488 172 217 240 
-0.763599396 -0.00426796079 0.764026582 170 214 239 
-0.762594521 -0.0127081871 0.811682403 176 221 242 
-0.763548076 -0.0126571953 0.854894042 171 219 240 
-0.764397621 -0.0101152062 0.865648627 172 221 241 
-0.766003847 -0.00829559565 0.919172525 189 233 247 
-0.767708898 -0.00214385986 0.929093122 187 230 244 
-0.801964104 0.0107049644 0.985817671 150 187 201 
-0.774396181 0.0208761096 0.980301499 161 200 219 
-0.788833022 0.0858977437 0.920563579 194 239 251 
-0.816623747 0.0940302312 0.928041458 192 237 250 
-0.796791971 0.121660352 0.888557673 197 240 251 
-0.786258459 0.0712898076 0.964691758 181 231 248 
-0.801473022 0.074857533 0.968304515 184 234 248 
-0.79680109 0.121698081 0.888556659 196 240 251 
-0.8320207 0.154337198 0.910182118 190 238 250 
-0.808735192 0.170699924 0.891934931 188 238 251 
-0.848217785 0.191610634 0.932238221 186 234 246 
-0.820425272 0.218486071 0.897616267 184 232 246 
-0.857044816 0.230667964 0.954455018 182 230 244 
-0.829970062 0.255651921 0.922820687 176 224 242 
-0.835402966 0.277866423 0.925394654 171 218 239 
-0.854143083 0.295403987 0.936994195 169 217 237 
-0.841817439 0.304216981 0.927070141 166 214 236 
-0.852443516 0.346736193 0.942433596 165 211 230 
-0.863918245 0.393455952 0.95007515 149 194 219 
-0.872790337 0.429262698 0.959503293 144 188 211 
-0.877528131 0.436165214 0.963778734 144 188 210 
-0.874872148 0.437598109 0.962455273 144 188 210 
-0.886003196 0.482616901 0.973223805 136 177 200 
-0.74995786 -0.00892946124 0.759991765 171 214 238 
-0.780323684 0.171335906 0.809033275 191 238 249 
-0.788206637 0.146588057 0.84879446 194 243 252 
-0.796775877 0.121674091 0.888540864 196 240 251 
-0.792275369 0.186797112 0.87111485 189 238 251 
-0.80795449 0.224195942 0.893182278 181 229 245 
-0.820612907 0.262325913 0.915315509 173 221 240 
-0.82342124 0.366873682 0.920139313 164 211 232 
0.91134429 1.04491389 0.888926864 123 141 152 
-0.819186687 0.593653738 0.997682929 125 156 177 
-0.822557867 0.607500434 0.998584867 123 156 178 
-0.831503093 0.644540429 0.99766469 119 158 184 
-0.771228194 0.591374159 0.984171987 118 153 178 
-0.775186956 0.606824517 0.994233727 115 151 176 
-0.775782108 0.609267592 0.994406223 113 149 174 
-0.787572742 0.658054531 0.993584275 104 135 157 
-0.752941251 0.612741947 0.993786335 109 143 166 
-0.731038928 0.619260848 0.992134452 105 136 158 
-0.739872456 0.653730512 1.01464748 91 118 139 
-0.740885079 0.656853914 1.01645792 90 117 137 
-0.740672946 0.656868458 1.01652682 90 117 137 
-0.740748525 0.657172799 1.01661634 90 117 137 
-0.753492415 0.710245848 1.01192987 106 132 149 
-0.764338017 0.753851771 1.02529573 94 118 134 
-0.687199354 0.63322413 0.987228513 106 134 152 
-0.7402547 0.657006502 1.01647162 90 117 137 
-0.69776541 0.675445735 1.00313914 101 130 150 
-0.709562302 0.723760962 1.00784779 100 128 147 
-0.718483508 0.757840276 1.03872621 107 130 145 
-0.728881776 0.799231172 1.05616367 95 119 137 
-0.64281106 0.644471169 0.987315536 114 140 158 
-0.653652966 0.688058734 1.00071526 106 131 150 
-0.664784551 0.733080328 1.01147854 93 123 145 
-0.673893273 0.768087626 1.04065108 92 117 132 
-0.685164332 0.813799381 1.05014551 76 101 116 
-0.694306672 0.848973572 1.07901132 108 134 151 
-0.621063709 0.747631609 1.00549161 92 119 139 
0.7537328 0.501191258 -0.973715544 136 181 202 
0.742768764 0.545383334 -0.961427271 126 168 192 
0.735056579 0.577912092 -0.968829095 141 182 205 
0.721816003 0.592823446 -0.95926249 149 187 209 
0.729807854 0.59946084 -0.967311084 138 176 198 
0.716695905 0.65428555 -0.974568665 125 166 190 
0.715946913 0.657490849 -0.9757967 126 166 191 
0.703035593 0.711825609 -0.986817658 115 152 178 
0.695131898 0.743770123 -0.978932142 113 149 172 
0.688793838 0.772243738 -1.00435734 121 155 176 
0.685825109 0.78483063 -1.00793064 118 151 173 
0.677355766 0.818782568 -0.99638319 102 132 155 
0.675869286 0.823949575 -0.985556304 104 135 158 
0.651620865 0.850321889 -0.968545496 119 151 169 
0.669066668 0.849732041 -0.959751368 115 148 168 
0.682438254 0.78353703 -0.838066638 118 155 177 
0.664470434 0.868738532 -0.959939063 108 138 157 
0.6555565 0.906528592 -0.970633686 101 124 139 
0.680347383 0.792878628 -0.845878005 118 155 177 
0.668771088 0.841110826 -0.850377738 107 136 156 
0.604623556 0.967013836 -1.00461721 93 122 142 
0.647773683 0.938835919 -0.972329795 104 126 141 
0.643409133 0.956578851 -0.969114304 102 124 139 
0.614019275 0.877928734 -0.844680667 90 118 136 
0.658978462 0.879503846 -0.827429235 90 121 143 
0.642068446 0.961253285 -0.959508061 102 123 138 
0.644616842 0.946748257 -0.915321052 103 123 137 
0.596833706 0.960642576 -0.902511954 74 95 109 
0.640715063 0.959830999 -0.88156718 81 103 118 
0.647965908 0.92460537 -0.823019385 113 135 149 
0.646721184 0.930098057 -0.8269099 109 131 145 
0.640127063 0.959897876 -0.855316877 83 108 126 
0.795416594 0.525826693 -0.998239875 142 184 209 
0.794479072 0.529986978 -1.00142956 142 183 208 
0.756775558 0.560091376 -0.980910003 137 179 203 
0.783807933 0.57321012 -0.991818309 142 179 202 
0.771224618 0.625418305 -0.994265795 125 165 195 
0.769133508 0.634068131 -0.994382918 123 164 193 
0.719781578 0.656364679 -0.976830721 125 166 190 
0.759195328 0.674883485 -0.991670966 130 168 191 
0.747262478 0.723871589 -0.988199115 121 159 183 
0.734843791 0.777784824 -1.01714993 112 143 164 
0.692051411 0.777720153 -1.01248276 121 155 175 
0.731976986 0.789456964 -1.01523757 104 135 157 
0.745091975 0.733025432 -0.990267158 120 157 180 
0.730730534 0.793946862 -1.00790596 108 141 163 
0.681233883 0.816295743 -0.990309417 104 135 159 
0.727058053 0.803884983 -0.949738622 134 168 192 
0.725655675 0.804207921 -0.949408889 134 168 191 
0.726936102 0.804326892 -0.949047208 134 168 192 
0.713142097 0.863056064 -0.968378663 117 151 171 
0.705313444 0.863317847 -0.967375994 116 149 169 
0.708265781 0.886667967 -1.00688744 90 118 134 
0.72672677 0.805186868 -0.94899404 134 168 192 
0.726851165 0.794662118 -0.837755322 109 143 163 
0.699107885 0.921918869 -0.978162885 89 107 118 
0.724477947 0.805039287 -0.844112158 108 140 161 
0.713388741 0.851222277 -0.848203123 112 136 153 
0.654987514 0.956364274 -0.963587224 104 124 137 
0.695174754 0.933654428 -0.927999556 68 84 98 
0.67048353 0.937275171 -0.923316717 90 109 123 
0.694747031 0.933422446 -0.90578413 74 89 103 
0.707262933 0.877173185 -0.855337918 106 130 146 
0.677608013 0.893319964 -0.843295574 91 116 135 
0.698364079 0.915516496 -0.872868061 85 100 112 
0.695136249 0.929314017 -0.877998948 85 100 112 
0.653852701 0.95160383 -0.861337066 80 103 118 
0.840303719 0.535491645 -1.00347054 136 178 206 
0.806136549 0.530844927 -1.00224376 141 182 208 
0.839312732 0.53951019 -1.00263166 135 177 205 
0.825620294 0.597209215 -1.01517284 135 178 198 
0.822800815 0.608756661 -1.01404941 137 179 200 
0.781702042 0.630158246 -0.997890949 127 167 195 
0.814556777 0.641893625 -1.00378966 141 182 205 
0.802775085 0.690133393 -0.998942256 136 177 197 
0.791835546 0.734204054 -0.986430764 128 165 186 
0.746350825 0.790862918 -1.01130009 114 144 165 
0.789839685 0.742761135 -0.989888191 127 163 183 
0.779483318 0.785268247 -0.986775398 126 156 176 
0.794438481 0.711233616 -0.850679398 107 140 165 
0.728268981 0.804840446 -0.949352026 134 168 191 
0.769476593 0.824721217 -0.965775371 111 142 162 
0.728597522 0.868953586 -0.966868818 119 153 171 
0.767836094 0.829218984 -0.940438271 109 137 155 
0.739286959 0.848701119 -0.926703036 109 140 158 
0.764454782 0.839496315 -0.899410605 103 130 149 
0.774245322 0.791028976 -0.810314357 119 152 175 
0.732306659 0.911045194 -0.944379091 77 91 101 
0.755311012 0.878433108 -0.912289977 113 137 154 
0.749757051 0.902172089 -0.921100497 106 126 140 
0.762522399 0.845605969 -0.878582358 118 145 164 
0.738844037 0.86694783 -0.864370704 128 152 169 
0.753329456 0.884487033 -0.888590515 130 153 170 
0.766243041 0.826494455 -0.837030232 118 145 164 
0.740628004 0.937280178 -0.892113447 74 100 118 
0.743267119 0.924215436 -0.868096769 58 78 93 
0.737396121 0.948825359 -0.872028828 81 104 122 
0.896389067 0.498030901 -0.999144435 142 187 211 
0.845218837 0.540304542 -1.00139248 136 178 205 
0.885248423 0.543097258 -0.988463402 140 179 202 
0.879319012 0.567751527 -0.990208864 146 187 208 
0.870340347 0.60681355 -1.01206601 153 196 219 
0.867975116 0.616816461 -1.01462901 154 196 220 
0.858531475 0.655187964 -1.00746608 149 188 209 
0.854456186 0.669936001 -0.984247088 147 186 208 
0.835281312 0.684320569 -0.974314928 139 181 204 
0.851583123 0.679500818 -0.958634317 144 184 208 
0.805159509 0.718223691 -0.952562094 135 174 200 
0.849089921 0.686529279 -0.922273397 142 181 201 
0.823805988 0.69989711 -0.912223101 140 179 198 
0.846865952 0.692768216 -0.889497936 129 162 182 
0.81080848 0.783624649 -0.969963074 105 133 153 
0.807532251 0.759991825 -0.930101454 116 144 163 
0.829427421 0.742451608 -0.889691651 117 148 170 
0.813703716 0.839046121 -0.992490172 111 135 152 
0.804317832 0.846087337 -0.98762846 113 137 155 
0.811091006 0.849700212 -0.990931332 114 137 154 
0.8236292 0.795554757 -0.964882135 94 119 139 
0.827672005 0.775177598 -0.924053669 109 133 150 
0.809394777 0.778796673 -0.867719054 102 133 157 
0.823084354 0.790328145 -0.881789029 97 125 147 
0.809742153 0.854612112 -0.983587146 114 139 157 
0.802735984 0.864058495 -0.925320983 105 132 150 
0.805524409 0.86717236 -0.92952466 106 134 153 
0.813952744 0.82908392 -0.893221676 92 115 132 
0.784927666 0.836908221 -0.885775924 100 126 146 
0.806464374 0.862519264 -0.920970857 104 131 149 
0.794504941 0.81638658 -0.845634401 114 142 161 
0.805242777 0.867799461 -0.923561454 106 133 152 
0.768629491 0.896997094 -0.903654933 116 144 164 
0.772621155 0.939157128 -0.881159008 77 101 116 
0.894407809 0.593404293 -0.977912128 149 189 210 
0.873342514 0.65233922 -0.995894909 159 199 220 
0.909597456 0.634341121 -0.957312107 129 166 185 
0.908406734 0.639272332 -0.957446456 129 167 186 
0.909534037 0.633691549 -0.947187364 127 166 185 
0.907940328 0.640852451 -0.95358789 127 164 183 
0.873933852 0.670836329 -0.933540165 143 181 200 
0.89146477 0.702973127 -0.88749516 122 153 175 
0.858817339 0.84734416 -0.992933512 102 130 151 
0.855186224 0.862398207 -0.993511438 103 130 152 
0.866407812 0.81302762 -0.960077882 90 111 126 
0.844507694 0.810135365 -0.906887114 106 131 149 
0.862292051 0.827221394 -0.928846776 104 130 148 
0.853401184 0.868625641 -0.980761528 98 126 148 
0.849271059 0.881596327 -0.935277462 108 135 153 
0.858114123 0.8411237 -0.891524971 105 128 143 
0.836222649 0.849323869 -0.884658635 96 118 132 
0.855711997 0.849710822 -0.876663208 103 123 135 
0.844753563 0.898112476 -0.911413193 93 117 133 
0.836767673 0.890649557 -0.862237811 105 130 147 
0.843287587 0.901132345 -0.877664506 96 119 136 
0.849410474 0.870831013 -0.822050691 76 95 110 
0.849324882 0.870849133 -0.822031379 76 95 110 
0.849404037 0.870853305 -0.822003424 76 95 110 
0.823706329 0.928682029 -0.840113282 89 116 135 
0.833584964 0.939079642 -0.853896677 83 110 129 
0.849392235 0.870902479 -0.822009802 76 95 110 
0.836009979 0.92707479 -0.831828535 96 124 142 
0.82928592 0.954397142 -0.826737702 83 110 122 
0.910229981 0.638427794 -0.955158532 127 165 184 
0.888323665 0.866420388 -0.985798657 99 125 143 
0.891802132 0.84442246 -0.945789933 96 120 136 
0.900724113 0.863751292 -0.936255753 107 130 145 
0.892377079 0.899191141 -0.9468593 109 130 147 
0.878077984 0.859454632 -0.883746922 96 116 130 
0.897186697 0.87538147 -0.903090537 106 127 142 
0.882918417 0.924659967 -0.901165545 96 122 142 
0.884883523 0.926203012 -0.902989149 98 124 144 
0.896819115 0.874602914 -0.877565861 89 110 126 
0.895394862 0.875707865 -0.82445085 80 104 121 
0.894919336 0.876521111 -0.811660171 81 107 124 
0.884720623 0.92663312 -0.900290191 98 124 143 
0.877585232 0.952247441 -0.857340455 104 125 139 
0.888538301 0.902648628 -0.809041917 102 128 145 
0.882035732 0.930215478 -0.816839695 109 136 153 
0.874099016 0.963876009 -0.826505721 125 159 181 
0.940328181 0.898189545 -0.974231243 91 115 129 
0.89819181 0.910002708 -0.96317476 93 114 132 
0.932774127 0.930196762 -0.983093798 95 113 125 
0.945083559 0.875012875 -0.935004056 84 106 123 
0.94095248 0.889710426 -0.908668756 82 106 123 
0.930626571 0.936309218 -0.95242852 84 101 112 
0.933599532 0.920136213 -0.909195602 96 123 141 
0.890135705 0.926406801 -0.901008368 98 124 143 
0.935331643 0.908838511 -0.863174081 94 120 137 
0.932614386 0.920902729 -0.872483492 99 126 143 
0.906161726 0.884606123 -0.82079339 75 98 113 
0.934232533 0.912892461 -0.857758343 96 122 139 
0.933294117 0.916844368 -0.858595133 100 127 144 
0.893751621 0.945636034 -0.838587582 105 132 149 
0.958067477 0.92449522 -0.961870551 66 86 98 
0.947705209 0.899147272 -0.922163367 85 108 125 
0.93682307 0.914867282 -0.860058427 95 122 139 
3 2 0 1 
3 0 3 4 
3 1 0 4 
3 3 5 6 
3 4 3 6 
3 5 7 8 
3 6 5 8 
3 11 8 7 
3 11 7 10 
3 10 7 9 
3 9 12 10 
3 12 13 10 
3 12 14 13 
3 14 15 13 
3 14 16 15 
3 16 17 15 
3 20 18 19 
3 20 19 16 
3 16 19 17 
3 18 21 19 
3 11 10 22 
3 24 22 10 
3 24 10 23 
3 23 10 13 
3 13 15 23 
3 15 25 23 
3 15 17 25 
3 17 26 25 
3 17 19 26 
3 19 27 26 
3 21 28 29 
3 21 29 19 
3 19 29 27 
3 28 30 31 
3 29 28 31 
3 30 32 33 
3 31 30 33 
3 32 34 33 
3 24 23 35 
3 23 25 36 
3 35 23 36 
3 25 26 37 
3 36 25 37 
3 39 37 26 
3 39 26 38 
3 38 26 27 
3 27 29 38 
3 29 40 38 
3 29 31 40 
3 31 41 40 
3 31 33 41 
3 33 42 41 
3 34 43 44 
3 34 44 33 
3 33 44 42 
3 43 45 46 
3 44 43 46 
3 39 38 47 
3 38 40 48 
3 47 38 48 
3 40 41 49 
3 48 40 49 
3 51 49 41 
3 51 41 50 
3 50 41 42 
3 42 44 50 
3 44 52 50 
3 44 46 52 
3 46 53 52 
3 51 50 54 
3 50 52 55 
3 54 50 55 
3 57 55 52 
3 57 52 56 
3 56 52 53 
3 57 56 58 
3 59 61 62 
3 60 59 62 
3 61 63 62 
3 65 2 1 
3 64 65 1 
3 64 1 66 
3 1 4 66 
3 68 6 67 
3 68 66 6 
3 66 4 6 
3 8 67 6 
3 69 67 8 
3 8 11 69 
3 72 71 70 
3 70 18 20 
3 70 71 18 
3 71 73 18 
3 18 73 74 
3 21 18 74 
3 60 62 75 
3 62 76 75 
3 63 77 78 
3 63 78 62 
3 62 78 76 
3 77 79 78 
3 68 67 80 
3 67 69 81 
3 80 67 81 
3 83 22 82 
3 81 22 83 
3 81 11 22 
3 81 69 11 
3 22 24 82 
3 74 28 21 
3 84 28 74 
3 84 85 28 
3 28 85 30 
3 87 86 32 
3 87 32 85 
3 85 32 30 
3 32 86 34 
3 75 76 88 
3 76 89 88 
3 76 78 89 
3 78 90 89 
3 79 91 90 
3 78 79 90 
3 83 82 92 
3 94 35 93 
3 92 35 94 
3 92 24 35 
3 92 82 24 
3 36 93 35 
3 95 93 36 
3 37 95 36 
3 96 95 37 
3 37 39 96 
3 87 97 86 
3 86 43 34 
3 86 97 43 
3 97 98 43 
3 98 99 43 
3 43 99 45 
3 102 100 88 
3 102 88 101 
3 101 88 89 
3 89 90 101 
3 90 103 101 
3 91 104 103 
3 90 91 103 
3 107 105 106 
3 105 94 93 
3 105 93 106 
3 106 93 108 
3 109 110 108 
3 109 108 95 
3 95 108 93 
3 95 96 111 
3 109 95 111 
3 96 39 47 
3 96 47 111 
3 111 47 112 
3 114 48 113 
3 114 112 48 
3 112 47 48 
3 113 115 116 
3 113 48 115 
3 48 49 115 
3 49 117 115 
3 51 117 49 
3 102 101 118 
3 120 118 101 
3 120 101 119 
3 119 101 103 
3 104 121 122 
3 104 122 103 
3 103 122 119 
3 121 123 122 
3 126 124 125 
3 124 127 128 
3 125 124 128 
3 127 107 106 
3 127 106 128 
3 128 106 129 
3 106 108 129 
3 108 130 129 
3 110 131 132 
3 110 132 108 
3 108 132 130 
3 131 133 134 
3 132 131 134 
3 133 135 134 
3 114 113 136 
3 113 116 136 
3 117 51 54 
3 137 117 54 
3 139 55 138 
3 139 137 55 
3 137 54 55 
3 55 57 138 
3 120 119 140 
3 119 122 141 
3 140 119 141 
3 122 123 141 
3 126 125 142 
3 144 142 125 
3 144 125 143 
3 143 125 128 
3 145 146 143 
3 145 143 129 
3 129 143 128 
3 148 145 129 
3 148 129 147 
3 147 129 130 
3 130 132 147 
3 132 149 147 
3 150 151 149 
3 150 149 134 
3 134 149 132 
3 134 135 150 
3 139 138 152 
3 154 58 153 
3 152 58 154 
3 152 57 58 
3 152 138 57 
3 144 143 155 
3 143 146 155 
3 148 147 156 
3 147 149 157 
3 156 147 157 
3 151 157 149 
3 158 159 160 
3 158 161 159 
3 164 162 163 
3 162 154 153 
3 162 153 163 
3 163 153 165 
3 167 160 159 
3 166 167 159 
3 161 168 166 
3 159 161 166 
3 171 169 170 
3 169 173 170 
3 164 163 172 
3 175 172 163 
3 175 163 174 
3 174 163 165 
3 167 166 176 
3 166 168 176 
3 171 170 177 
3 170 173 177 
3 179 175 174 
3 178 179 174 
3 182 180 181 
3 180 184 181 
3 179 178 183 
3 182 181 185 
3 181 184 185 
3 186 188 187 
3 186 187 59 
3 59 187 61 
3 192 63 61 
3 192 61 187 
3 191 189 190 
3 194 64 193 
3 190 64 194 
3 190 65 64 
3 190 189 65 
3 66 193 64 
3 195 193 66 
3 66 68 195 
3 196 71 72 
3 198 71 196 
3 198 197 71 
3 197 73 71 
3 200 74 73 
3 200 73 199 
3 199 73 197 
3 199 201 200 
3 188 202 203 
3 186 202 188 
3 192 77 63 
3 204 77 192 
3 194 193 205 
3 194 205 77 
3 194 77 204 
3 79 77 205 
3 206 207 205 
3 206 205 195 
3 195 205 193 
3 195 68 80 
3 195 80 206 
3 206 80 208 
3 210 81 209 
3 210 208 81 
3 208 80 81 
3 81 83 209 
3 200 84 74 
3 201 84 200 
3 201 211 84 
3 211 85 84 
3 213 87 85 
3 213 85 212 
3 212 85 211 
3 212 214 213 
3 203 217 216 
3 203 202 217 
3 202 215 217 
3 216 217 218 
3 219 79 205 
3 219 220 79 
3 220 91 79 
3 207 219 205 
3 221 222 223 
3 221 224 222 
3 210 209 225 
3 209 83 92 
3 209 92 225 
3 225 92 226 
3 92 227 226 
3 94 227 92 
3 213 97 87 
3 214 97 213 
3 214 228 97 
3 228 98 97 
3 228 229 98 
3 98 229 99 
3 100 102 230 
3 100 230 215 
3 215 230 217 
3 218 230 231 
3 217 230 218 
3 233 220 232 
3 233 104 220 
3 104 91 220 
3 232 235 233 
3 223 222 234 
3 224 234 222 
3 236 237 238 
3 236 239 240 
3 237 236 240 
3 242 240 239 
3 241 105 107 
3 241 94 105 
3 241 243 94 
3 243 227 94 
3 109 244 110 
3 111 244 109 
3 245 244 111 
3 112 245 111 
3 246 245 112 
3 112 114 246 
3 115 247 116 
3 115 117 247 
3 230 102 118 
3 118 231 230 
3 118 120 231 
3 120 248 231 
3 233 121 104 
3 121 233 235 
3 121 235 123 
3 123 235 249 
3 237 250 238 
3 124 126 251 
3 124 251 253 
3 124 253 127 
3 250 237 252 
3 252 237 240 
3 127 253 255 
3 127 255 254 
3 127 254 107 
3 241 107 254 
3 240 242 252 
3 241 254 243 
3 244 131 110 
3 245 131 244 
3 133 131 245 
3 133 256 135 
3 133 245 256 
3 245 246 256 
3 136 246 114 
3 136 257 246 
3 257 256 246 
3 116 257 136 
3 116 247 257 
3 247 258 257 
3 137 247 117 
3 137 259 247 
3 259 258 247 
3 137 139 259 
3 140 260 261 
3 140 261 120 
3 120 261 248 
3 141 260 140 
3 262 260 141 
3 262 141 123 
3 262 123 263 
3 263 123 249 
3 251 126 142 
3 142 144 264 
3 142 264 251 
3 251 264 253 
3 264 145 253 
3 264 146 145 
3 253 145 255 
3 265 266 145 
3 255 145 266 
3 145 148 265 
3 269 268 267 
3 151 267 268 
3 151 150 267 
3 150 270 267 
3 135 270 150 
3 135 271 270 
3 135 256 271 
3 271 272 270 
3 256 257 271 
3 257 273 271 
3 257 258 273 
3 258 274 273 
3 258 259 274 
3 259 275 274 
3 152 259 139 
3 152 276 259 
3 276 275 259 
3 152 154 276 
3 278 261 260 
3 277 278 260 
3 279 280 277 
3 279 277 262 
3 262 277 260 
3 262 263 279 
3 264 144 155 
3 265 281 282 
3 265 282 266 
3 264 155 146 
3 148 281 265 
3 148 283 281 
3 148 156 283 
3 284 281 283 
3 287 285 286 
3 283 157 269 
3 283 156 157 
3 157 268 269 
3 268 157 151 
3 285 158 286 
3 285 288 158 
3 158 160 286 
3 272 271 289 
3 272 289 158 
3 272 158 288 
3 161 158 289 
3 271 273 289 
3 273 290 289 
3 273 274 290 
3 274 291 290 
3 274 275 291 
3 275 292 291 
3 164 276 162 
3 164 292 276 
3 292 275 276 
3 276 154 162 
3 278 277 293 
3 277 280 293 
3 295 282 281 
3 294 295 281 
3 284 296 297 
3 284 297 281 
3 281 297 294 
3 296 287 286 
3 296 286 297 
3 297 286 298 
3 286 167 298 
3 160 167 286 
3 299 161 289 
3 168 161 299 
3 300 301 299 
3 300 299 290 
3 290 299 289 
3 290 291 302 
3 300 290 302 
3 302 171 303 
3 302 292 171 
3 302 291 292 
3 169 171 292 
3 172 292 164 
3 172 304 292 
3 169 292 173 
3 173 292 304 
3 172 175 304 
3 295 294 305 
3 294 297 306 
3 305 294 306 
3 308 306 297 
3 308 297 307 
3 307 297 298 
3 176 298 167 
3 176 309 298 
3 309 307 298 
3 168 309 176 
3 168 299 309 
3 299 310 309 
3 301 311 310 
3 299 301 310 
3 303 171 177 
3 312 303 177 
3 173 312 177 
3 173 313 312 
3 173 304 313 
3 313 314 312 
3 304 179 313 
3 175 179 304 
3 308 307 315 
3 307 309 316 
3 315 307 316 
3 318 316 309 
3 318 309 317 
3 317 309 310 
3 311 319 317 
3 310 311 317 
3 313 180 182 
3 313 182 314 
3 314 182 320 
3 183 313 179 
3 183 321 313 
3 180 313 184 
3 184 313 321 
3 318 317 322 
3 317 319 322 
3 320 182 185 
3 323 320 185 
3 184 323 185 
3 184 324 323 
3 184 321 324 
3 324 325 323 
3 327 325 324 
3 326 327 324 
3 327 326 328 
3 331 329 330 
3 329 332 330 
3 331 330 333 
3 330 332 333 
3 334 187 188 
3 334 188 335 
3 191 336 337 
3 191 190 336 
3 337 336 334 
3 192 187 336 
3 334 336 187 
3 190 194 336 
3 340 339 338 
3 338 339 341 
3 343 197 198 
3 342 197 343 
3 342 344 197 
3 197 344 199 
3 199 344 345 
3 201 199 345 
3 335 188 346 
3 346 188 203 
3 336 204 192 
3 336 194 204 
3 347 349 348 
3 340 347 348 
3 340 348 207 
3 340 207 339 
3 206 339 207 
3 350 351 352 
3 351 341 353 
3 351 350 341 
3 353 341 208 
3 339 206 341 
3 208 341 206 
3 208 210 353 
3 345 211 201 
3 354 211 345 
3 354 355 211 
3 211 355 212 
3 212 355 356 
3 214 212 356 
3 346 203 216 
3 357 346 216 
3 216 358 357 
3 218 358 216 
3 348 220 219 
3 348 349 220 
3 349 359 220 
3 348 219 207 
3 351 221 352 
3 352 221 223 
3 352 223 360 
3 221 361 224 
3 221 351 361 
3 351 353 361 
3 225 353 210 
3 225 362 353 
3 362 361 353 
3 226 362 225 
3 363 362 226 
3 226 227 363 
3 356 228 214 
3 364 228 356 
3 364 365 228 
3 228 365 229 
3 367 366 358 
3 367 358 231 
3 231 358 218 
3 359 367 220 
3 359 366 367 
3 220 367 232 
3 369 368 367 
3 232 367 368 
3 360 223 370 
3 223 234 370 
3 371 232 368 
3 371 235 232 
3 234 361 370 
3 234 224 361 
3 370 361 372 
3 236 238 361 
3 372 361 238 
3 362 236 361 
3 239 236 362 
3 373 362 363 
3 373 242 362 
3 373 374 242 
3 242 239 362 
3 363 375 373 
3 363 227 375 
3 227 243 375 
3 376 367 231 
3 248 376 231 
3 369 378 377 
3 369 367 378 
3 367 376 378 
3 377 378 249 
3 377 249 371 
3 371 249 235 
3 372 238 250 
3 379 372 250 
3 379 250 380 
3 250 252 380 
3 242 374 380 
3 242 380 252 
3 255 381 254 
3 382 375 243 
3 382 243 381 
3 382 381 383 
3 254 381 243 
3 382 383 384 
3 385 376 248 
3 261 385 248 
3 376 385 378 
3 378 385 386 
3 378 386 263 
3 249 378 263 
3 387 381 255 
3 266 387 255 
3 381 387 383 
3 383 387 388 
3 388 267 383 
3 388 269 267 
3 383 267 384 
3 389 390 267 
3 384 267 390 
3 270 389 267 
3 391 389 270 
3 270 272 391 
3 392 385 261 
3 278 392 261 
3 280 279 386 
3 280 386 392 
3 392 386 385 
3 386 279 263 
3 393 387 266 
3 282 393 266 
3 284 283 388 
3 284 388 393 
3 393 388 387 
3 388 283 269 
3 389 285 390 
3 390 285 287 
3 390 287 394 
3 391 285 389 
3 288 285 391 
3 391 272 288 
3 392 278 293 
3 392 293 280 
3 395 393 282 
3 295 395 282 
3 284 393 395 
3 284 395 396 
3 284 396 296 
3 397 396 395 
3 396 287 296 
3 394 287 396 
3 301 398 399 
3 300 398 301 
3 398 300 400 
3 300 302 400 
3 302 401 400 
3 303 401 302 
3 402 403 404 
3 395 295 305 
3 403 397 405 
3 403 402 397 
3 405 397 306 
3 395 305 397 
3 306 397 305 
3 407 306 308 
3 407 406 306 
3 405 306 408 
3 408 306 406 
3 406 410 409 
3 407 410 406 
3 409 410 411 
3 399 412 301 
3 412 311 301 
3 312 413 414 
3 312 414 303 
3 303 414 401 
3 312 314 413 
3 404 403 415 
3 403 405 416 
3 415 403 416 
3 405 408 416 
3 308 315 407 
3 410 407 315 
3 316 410 315 
3 316 318 418 
3 410 316 418 
3 410 418 417 
3 410 417 411 
3 417 418 319 
3 417 319 412 
3 412 319 311 
3 414 413 419 
3 413 420 419 
3 413 314 420 
3 314 320 420 
3 418 318 322 
3 418 322 319 
3 323 421 422 
3 323 422 320 
3 320 422 420 
3 323 325 421 
3 424 422 421 
3 423 424 421 
3 421 327 423 
3 325 327 421 
3 427 425 426 
3 425 428 429 
3 426 425 429 
3 428 424 423 
3 428 423 429 
3 429 423 430 
3 328 423 327 
3 328 431 423 
3 431 430 423 
3 426 329 331 
3 426 331 427 
3 427 331 432 
3 329 433 332 
3 329 426 433 
3 426 429 433 
3 429 430 433 
3 430 434 433 
3 430 431 434 
3 431 435 434 
3 432 331 333 
3 436 432 333 
3 332 433 437 
3 332 437 333 
3 333 437 436 
3 433 434 438 
3 437 433 438 
3 440 438 434 
3 440 434 439 
3 439 434 435 
3 440 439 441 
3 335 442 334 
3 334 442 445 
3 334 445 444 
3 334 444 337 
3 443 337 444 
3 449 443 444 
3 449 447 443 
3 448 443 446 
3 446 443 447 
3 340 446 447 
3 340 338 446 
3 338 450 446 
3 452 338 341 
3 452 451 338 
3 451 450 338 
3 451 454 453 
3 452 454 451 
3 453 454 455 
3 457 342 343 
3 456 342 457 
3 456 458 342 
3 342 458 344 
3 460 345 344 
3 460 344 459 
3 459 344 458 
3 459 461 460 
3 462 442 335 
3 346 462 335 
3 445 464 463 
3 445 442 464 
3 442 462 464 
3 447 349 347 
3 449 349 447 
3 449 464 349 
3 449 463 464 
3 347 340 447 
3 352 465 350 
3 341 350 465 
3 341 465 452 
3 452 465 466 
3 467 466 468 
3 467 454 466 
3 454 452 466 
3 471 454 467 
3 471 470 454 
3 455 454 469 
3 469 454 470 
3 469 473 472 
3 470 473 469 
3 472 473 474 
3 460 354 345 
3 461 354 460 
3 461 475 354 
3 475 355 354 
3 477 356 355 
3 477 355 476 
3 476 355 475 
3 476 478 477 
3 462 346 357 
3 357 358 479 
3 357 479 462 
3 462 479 464 
3 464 479 359 
3 349 464 359 
3 480 465 352 
3 360 480 352 
3 481 480 482 
3 481 466 480 
3 466 465 480 
3 485 466 481 
3 485 484 466 
3 468 466 483 
3 483 466 484 
3 483 470 471 
3 483 484 470 
3 484 486 470 
3 470 486 473 
3 473 486 487 
3 474 489 488 
3 474 473 489 
3 473 487 489 
3 488 489 490 
3 477 364 356 
3 478 364 477 
3 478 491 364 
3 491 365 364 
3 479 358 366 
3 366 359 479 
3 369 492 368 
3 360 370 480 
3 368 492 371 
3 370 372 494 
3 480 370 494 
3 480 494 493 
3 480 493 482 
3 493 484 485 
3 493 494 484 
3 494 495 484 
3 496 497 498 
3 486 495 373 
3 486 484 495 
3 495 374 373 
3 486 375 487 
3 486 373 375 
3 487 375 499 
3 497 496 375 
3 499 375 496 
3 501 487 499 
3 501 500 487 
3 500 489 487 
3 490 500 502 
3 489 500 490 
3 492 369 377 
3 492 377 371 
3 494 372 379 
3 495 494 379 
3 380 495 379 
3 498 497 503 
3 495 380 374 
3 505 382 504 
3 503 382 505 
3 503 375 382 
3 503 497 375 
3 501 506 500 
3 504 382 384 
3 500 506 502 
3 505 504 507 
3 504 508 507 
3 504 384 508 
3 384 390 508 
3 508 390 509 
3 509 390 394 
3 396 397 510 
3 511 509 394 
3 511 394 510 
3 511 510 512 
3 396 510 394 
3 511 514 513 
3 512 514 511 
3 513 514 515 
3 398 516 399 
3 400 516 398 
3 517 516 400 
3 400 401 517 
3 402 404 518 
3 397 402 518 
3 397 518 510 
3 510 518 519 
3 408 406 512 
3 408 512 519 
3 519 512 510 
3 514 512 406 
3 409 514 406 
3 409 411 521 
3 514 409 521 
3 514 521 520 
3 514 520 515 
3 522 520 516 
3 522 523 520 
3 516 520 399 
3 521 412 520 
3 399 520 412 
3 524 525 522 
3 524 522 517 
3 517 522 516 
3 517 526 524 
3 517 401 526 
3 401 414 526 
3 518 404 415 
3 519 518 415 
3 416 519 415 
3 519 416 408 
3 521 411 417 
3 522 527 528 
3 522 528 523 
3 521 417 412 
3 525 529 527 
3 522 525 527 
3 526 414 419 
3 530 526 419 
3 419 531 530 
3 420 531 419 
3 528 527 532 
3 529 532 527 
3 533 534 535 
3 533 536 537 
3 534 533 537 
3 536 422 537 
3 536 531 422 
3 531 420 422 
3 539 535 534 
3 538 539 534 
3 534 537 538 
3 537 540 538 
3 537 424 540 
3 422 424 537 
3 538 541 539 
3 425 427 542 
3 425 543 428 
3 425 542 543 
3 428 543 540 
3 541 538 543 
3 540 543 538 
3 540 424 428 
3 544 542 427 
3 432 544 427 
3 543 544 545 
3 542 544 543 
3 544 432 436 
3 545 544 436 
3 545 436 546 
3 546 436 437 
3 548 438 547 
3 548 546 438 
3 546 437 438 
3 438 440 547 
3 548 547 549 
3 551 441 550 
3 549 441 551 
3 549 440 441 
3 549 547 440 
3 445 552 444 
3 448 446 553 
3 444 552 449 
3 554 553 446 
3 450 554 446 
3 555 554 450 
3 451 555 450 
3 557 555 451 
3 557 451 556 
3 556 451 453 
3 453 558 556 
3 455 558 453 
3 559 456 457 
3 561 456 559 
3 561 560 456 
3 560 458 456 
3 560 562 458 
3 458 562 459 
3 459 562 563 
3 461 459 563 
3 552 445 463 
3 552 463 449 
3 467 468 564 
3 469 565 558 
3 469 558 455 
3 467 564 471 
3 565 469 566 
3 469 472 566 
3 472 567 566 
3 474 567 472 
3 563 475 461 
3 568 475 563 
3 568 569 475 
3 475 569 476 
3 571 478 476 
3 571 476 570 
3 570 476 569 
3 481 482 572 
3 468 483 564 
3 481 572 485 
3 564 483 471 
3 567 474 488 
3 573 567 488 
3 488 574 573 
3 490 574 488 
3 571 491 478 
3 572 482 493 
3 572 493 485 
3 496 498 575 
3 499 496 575 
3 576 499 575 
3 499 576 501 
3 574 490 577 
3 577 490 502 
3 575 498 503 
3 578 576 575 
3 578 575 505 
3 578 505 579 
3 505 575 503 
3 576 506 501 
3 576 578 506 
3 578 580 506 
3 580 582 506 
3 580 583 582 
3 506 582 502 
3 581 577 582 
3 502 582 577 
3 581 582 584 
3 579 505 507 
3 585 579 507 
3 587 507 508 
3 587 586 507 
3 586 585 507 
3 586 582 583 
3 586 587 582 
3 587 588 582 
3 584 590 589 
3 584 582 590 
3 582 588 590 
3 589 590 591 
3 592 587 508 
3 509 592 508 
3 587 592 588 
3 588 592 593 
3 588 593 590 
3 590 593 594 
3 591 594 595 
3 590 594 591 
3 592 509 511 
3 593 592 511 
3 513 593 511 
3 513 515 596 
3 513 596 593 
3 593 596 594 
3 595 596 597 
3 594 596 595 
3 596 515 520 
3 520 523 599 
3 596 520 599 
3 596 599 598 
3 596 598 597 
3 525 598 599 
3 525 524 598 
3 524 600 598 
3 524 601 600 
3 526 601 524 
3 602 599 523 
3 528 602 523 
3 529 525 599 
3 529 599 602 
3 605 603 604 
3 603 606 604 
3 603 526 606 
3 603 601 526 
3 526 530 606 
3 530 531 606 
3 602 528 532 
3 602 532 529 
3 604 533 605 
3 605 533 535 
3 605 535 607 
3 606 533 604 
3 536 533 606 
3 606 531 536 
3 607 535 608 
3 608 535 539 
3 608 539 541 
3 609 608 541 
3 541 610 609 
3 543 610 541 
3 610 543 611 
3 611 543 545 
3 546 612 613 
3 546 613 545 
3 545 613 611 
3 546 548 612 
3 615 613 612 
3 614 615 612 
3 549 612 548 
3 549 616 612 
3 616 614 612 
3 549 551 616 
3 617 59 60 
3 618 617 60 
3 75 618 60 
3 621 619 620 
3 619 622 623 
3 620 619 623 
3 622 624 625 
3 623 622 625 
3 624 626 627 
3 625 624 627 
3 626 618 75 
3 626 75 627 
3 627 75 88 
3 621 620 628 
3 630 628 620 
3 630 620 629 
3 629 620 623 
3 631 632 629 
3 631 629 625 
3 625 629 623 
3 625 627 633 
3 631 625 633 
3 627 88 100 
3 633 627 100 
3 630 629 634 
3 629 632 634 
3 637 635 636 
3 635 638 639 
3 636 635 639 
3 638 640 639 
3 59 617 186 
3 637 636 641 
3 643 641 636 
3 643 636 642 
3 642 636 639 
3 640 644 645 
3 640 645 639 
3 639 645 642 
3 644 646 645 
3 649 647 648 
3 647 650 651 
3 648 647 651 
3 202 186 617 
3 202 617 618 
3 651 650 652 
3 655 653 654 
3 653 643 642 
3 653 642 654 
3 654 642 656 
3 642 645 656 
3 645 657 656 
3 646 658 659 
3 646 659 645 
3 645 659 657 
3 658 660 661 
3 659 658 661 
3 621 661 660 
3 621 660 619 
3 619 660 662 
3 662 663 619 
3 619 663 622 
3 648 663 649 
3 648 624 663 
3 624 622 663 
3 651 666 648 
3 651 664 666 
3 648 666 624 
3 665 626 666 
3 624 666 626 
3 664 651 652 
3 665 202 626 
3 665 215 202 
3 202 618 626 
3 668 655 654 
3 667 668 654 
3 654 656 667 
3 656 669 667 
3 656 657 669 
3 657 670 669 
3 657 659 670 
3 659 671 670 
3 659 661 671 
3 661 672 671 
3 628 661 621 
3 628 673 661 
3 673 672 661 
3 675 628 630 
3 675 674 628 
3 673 628 676 
3 676 628 674 
3 632 674 675 
3 632 631 674 
3 678 674 677 
3 677 674 631 
3 677 666 679 
3 677 633 666 
3 677 631 633 
3 633 665 666 
3 215 665 633 
3 100 215 633 
3 668 667 680 
3 667 669 681 
3 680 667 681 
3 669 670 682 
3 681 669 682 
3 684 682 670 
3 684 670 683 
3 683 670 671 
3 671 672 683 
3 672 685 683 
3 686 687 685 
3 686 685 673 
3 673 685 672 
3 673 676 686 
3 630 634 675 
3 677 688 689 
3 677 689 678 
3 675 634 632 
3 679 690 688 
3 677 679 688 
3 684 683 691 
3 683 685 692 
3 691 683 692 
3 685 687 692 
3 689 688 693 
3 688 690 693 
3 637 695 694 
3 635 637 694 
3 694 696 635 
3 635 696 638 
3 638 696 697 
3 640 638 697 
3 700 698 699 
3 698 701 699 
3 641 702 703 
3 641 703 637 
3 637 703 695 
3 641 643 702 
3 697 644 640 
3 704 644 697 
3 700 699 705 
3 700 705 644 
3 700 644 704 
3 646 644 705 
3 701 706 707 
3 701 707 699 
3 699 707 705 
3 706 708 709 
3 707 706 709 
3 708 710 711 
3 709 708 711 
3 713 711 710 
3 712 647 649 
3 650 647 712 
3 714 650 712 
3 650 714 652 
3 702 715 703 
3 653 655 716 
3 716 643 653 
3 716 717 643 
3 702 643 715 
3 715 643 717 
3 705 658 646 
3 707 658 705 
3 660 658 707 
3 709 660 707 
3 662 660 709 
3 711 662 709 
3 663 662 711 
3 712 663 718 
3 712 649 663 
3 718 663 719 
3 711 713 663 
3 719 663 713 
3 666 664 714 
3 666 714 718 
3 718 714 712 
3 714 664 652 
3 720 716 655 
3 668 720 655 
3 717 720 721 
3 716 720 717 
3 676 722 723 
3 674 722 676 
3 719 724 718 
3 719 674 724 
3 719 722 674 
3 678 724 674 
3 718 724 679 
3 666 718 679 
3 720 668 680 
3 721 720 680 
3 721 680 725 
3 725 680 681 
3 725 681 726 
3 681 682 726 
3 682 727 726 
3 684 727 682 
3 687 728 729 
3 686 728 687 
3 728 686 676 
3 728 676 723 
3 730 724 678 
3 730 678 689 
3 724 730 690 
3 679 724 690 
3 727 684 691 
3 731 727 691 
3 731 691 732 
3 691 692 732 
3 732 692 687 
3 729 732 687 
3 689 693 730 
3 730 693 690 
3 694 695 733 
3 733 735 734 
3 733 734 694 
3 694 734 696 
3 738 736 737 
3 738 737 696 
3 738 696 734 
3 697 696 737 
3 737 736 740 
3 737 740 741 
3 739 698 700 
3 739 701 698 
3 744 742 743 
3 742 745 743 
3 746 733 695 
3 703 746 695 
3 735 748 747 
3 735 733 748 
3 733 746 748 
3 747 748 749 
3 697 737 704 
3 700 750 739 
3 700 704 750 
3 741 750 737 
3 737 750 704 
3 743 750 744 
3 743 706 750 
3 739 750 701 
3 701 750 706 
3 743 708 706 
3 743 752 708 
3 743 745 752 
3 751 708 752 
3 710 708 751 
3 753 710 751 
3 710 753 713 
3 746 703 715 
3 715 717 754 
3 715 754 746 
3 746 754 748 
3 749 754 755 
3 748 754 749 
3 752 756 751 
3 758 751 756 
3 758 757 751 
3 757 753 751 
3 753 757 719 
3 713 753 719 
3 759 754 717 
3 721 759 717 
3 755 761 760 
3 755 754 761 
3 754 759 761 
3 760 761 762 
3 765 764 763 
3 757 723 722 
3 758 723 757 
3 758 764 723 
3 758 763 764 
3 757 722 719 
3 759 721 725 
3 761 759 725 
3 726 761 725 
3 726 762 761 
3 726 727 762 
3 727 766 762 
3 764 729 728 
3 764 765 729 
3 765 767 729 
3 728 723 764 
3 766 727 731 
3 768 766 731 
3 768 731 769 
3 731 732 769 
3 769 732 729 
3 767 769 729 
3 734 735 770 
3 738 734 770 
3 738 770 771 
3 771 770 772 
3 771 772 741 
3 740 771 741 
3 742 744 773 
3 742 773 745 
3 770 735 747 
3 747 749 774 
3 747 774 770 
3 770 774 772 
3 750 741 772 
3 750 772 775 
3 775 772 774 
3 775 777 776 
3 750 775 776 
3 750 776 773 
3 750 773 744 
3 773 776 778 
3 773 778 745 
3 745 778 752 
3 779 774 749 
3 755 779 749 
3 780 779 781 
3 780 775 779 
3 775 774 779 
3 784 775 780 
3 784 783 775 
3 777 775 782 
3 782 775 783 
3 782 783 785 
3 782 785 752 
3 782 752 778 
3 752 785 756 
3 756 785 758 
3 779 755 760 
3 760 781 779 
3 760 762 781 
3 762 786 781 
3 788 783 784 
3 787 783 788 
3 765 763 785 
3 765 785 787 
3 787 785 783 
3 785 763 758 
3 790 789 786 
3 790 786 766 
3 766 786 762 
3 789 787 788 
3 789 790 787 
3 790 791 787 
3 787 791 767 
3 765 787 767 
3 790 766 768 
3 791 790 768 
3 769 791 768 
3 791 769 767 
3 793 794 792 
3 797 793 792 
3 797 792 795 
3 795 792 796 
3 795 796 798 
3 798 796 799 
3 792 794 800 
3 796 792 800 
3 801 796 800 
3 801 803 802 
3 801 802 796 
3 796 802 799 
3 802 803 804 
3 807 805 806 
3 810 806 805 
3 808 809 811 
3 814 812 813 
3 812 807 806 
3 812 806 813 
3 813 806 815 
3 806 816 815 
3 806 810 816 
3 815 816 817 
3 808 811 816 
3 817 816 811 
3 814 813 818 
3 818 821 820 
3 818 815 821 
3 818 813 815 
3 819 821 815 
3 815 817 819 
3 820 821 823 
3 822 820 823 
3 823 824 822 
3 825 824 823 
3 824 825 827 
3 826 824 827 
3 830 828 829 
3 828 831 829 
3 833 830 829 
3 832 833 829 
3 831 834 835 
3 831 835 829 
3 829 835 832 
3 834 836 837 
3 835 834 837 
3 807 837 836 
3 807 836 805 
3 805 836 838 
3 840 810 805 
3 840 805 839 
3 839 805 838 
3 833 832 841 
3 843 841 832 
3 843 832 842 
3 842 832 835 
3 814 837 812 
3 814 842 837 
3 842 835 837 
3 837 807 812 
3 840 816 810 
3 843 842 844 
3 846 818 845 
3 844 818 846 
3 844 814 818 
3 844 842 814 
3 818 820 845 
3 846 845 847 
3 849 822 848 
3 847 822 849 
3 847 820 822 
3 847 845 820 
3 822 824 848 
3 849 848 850 
3 848 824 826 
3 848 826 850 
3 850 826 851 
3 828 830 852 
3 828 852 831 
3 855 853 854 
3 853 856 854 
3 857 852 830 
3 857 830 858 
3 858 830 833 
3 852 834 831 
3 852 857 834 
3 857 859 834 
3 859 860 834 
3 834 860 836 
3 854 860 855 
3 854 838 860 
3 838 836 860 
3 856 838 854 
3 856 861 838 
3 861 839 838 
3 841 862 863 
3 841 863 833 
3 833 863 858 
3 841 843 862 
3 863 862 864 
3 866 844 865 
3 864 844 866 
3 864 843 844 
3 864 862 843 
3 844 846 865 
3 868 866 865 
3 867 868 865 
3 847 865 846 
3 847 869 865 
3 869 867 865 
3 847 849 869 
3 868 867 870 
3 872 870 867 
3 872 867 871 
3 871 867 869 
3 849 871 869 
3 849 873 871 
3 849 850 873 
3 874 871 873 
3 876 851 875 
3 876 873 851 
3 873 850 851 
3 872 871 877 
3 871 874 877 
3 876 875 878 
3 853 855 879 
3 853 879 856 
3 857 858 880 
3 859 857 880 
3 881 859 880 
3 881 883 882 
3 881 882 859 
3 859 882 860 
3 855 884 879 
3 855 860 884 
3 860 882 884 
3 879 861 856 
3 879 884 861 
3 884 885 861 
3 886 880 858 
3 863 886 858 
3 887 886 888 
3 887 881 886 
3 881 880 886 
3 881 887 883 
3 886 863 864 
3 864 888 886 
3 864 866 888 
3 866 889 888 
3 891 890 889 
3 891 889 868 
3 868 889 866 
3 890 891 892 
3 891 868 870 
3 870 892 891 
3 870 872 892 
3 872 893 892 
3 873 894 874 
3 873 876 894 
3 877 895 896 
3 877 896 872 
3 872 896 893 
3 874 895 877 
3 874 894 895 
3 894 897 895 
3 876 897 894 
3 876 898 897 
3 876 878 898 
3 899 897 898 
3 896 895 900 
3 895 897 901 
3 900 895 901 
3 897 899 901 
3 882 883 902 
3 902 904 903 
3 902 903 882 
3 882 903 884 
3 903 905 884 
3 884 905 885 
3 888 907 906 
3 887 888 906 
3 883 908 902 
3 883 887 908 
3 887 906 908 
3 902 908 904 
3 911 909 910 
3 909 889 910 
3 909 907 889 
3 907 888 889 
3 911 910 912 
3 914 890 913 
3 912 890 914 
3 912 889 890 
3 912 910 889 
3 890 892 913 
3 914 913 915 
3 913 916 915 
3 913 892 916 
3 892 893 916 
3 919 917 918 
3 917 920 921 
3 918 917 921 
3 920 922 923 
3 921 920 923 
3 922 896 923 
3 922 916 896 
3 916 893 896 
3 898 924 899 
3 926 919 918 
3 925 926 918 
3 918 921 925 
3 921 927 925 
3 921 923 927 
3 923 928 927 
3 900 923 896 
3 900 929 923 
3 929 928 923 
3 929 930 931 
3 929 900 930 
3 900 901 930 
3 899 924 932 
3 899 932 901 
3 901 932 930 
3 926 925 933 
3 925 927 934 
3 933 925 934 
3 927 928 935 
3 934 927 935 
3 928 929 936 
3 935 928 936 
3 929 931 936 
3 939 937 938 
3 937 940 938 
3 903 904 941 
3 941 943 942 
3 941 942 903 
3 903 942 905 
3 945 939 938 
3 944 945 938 
3 940 946 906 
3 940 906 944 
3 940 944 938 
3 944 906 907 
3 948 947 908 
3 948 908 946 
3 946 908 906 
3 904 908 947 
3 904 947 941 
3 941 947 949 
3 943 951 950 
3 943 941 951 
3 941 949 951 
3 944 952 945 
3 909 911 953 
3 953 907 909 
3 953 954 907 
3 944 907 952 
3 952 907 954 
3 948 955 947 
3 947 956 949 
3 955 956 947 
3 949 957 951 
3 956 957 949 
3 958 959 960 
3 953 911 912 
3 912 954 953 
3 912 914 954 
3 958 954 959 
3 959 954 914 
3 960 959 961 
3 963 915 962 
3 961 915 963 
3 961 914 915 
3 961 959 914 
3 915 916 962 
3 917 919 964 
3 964 966 965 
3 964 965 917 
3 917 965 920 
3 962 965 963 
3 962 922 965 
3 922 920 965 
3 962 916 922 
3 969 968 967 
3 970 964 919 
3 970 919 971 
3 971 919 926 
3 964 970 966 
3 930 972 931 
3 972 969 973 
3 972 932 969 
3 972 930 932 
3 932 968 969 
3 971 926 933 
3 974 971 933 
3 976 934 975 
3 976 974 934 
3 974 933 934 
3 975 977 978 
3 975 934 977 
3 934 935 977 
3 980 936 979 
3 980 977 936 
3 977 935 936 
3 979 981 982 
3 936 981 979 
3 936 972 981 
3 936 931 972 
3 972 973 981 
3 976 975 983 
3 975 978 983 
3 980 979 984 
3 979 982 984 
3 937 939 985 
3 985 940 937 
3 942 943 986 
3 987 985 939 
3 945 987 939 
3 985 988 940 
3 985 987 988 
3 988 946 940 
3 988 948 946 
3 986 943 950 
3 987 945 952 
3 952 954 989 
3 952 989 987 
3 987 989 988 
3 955 948 988 
3 955 988 990 
3 990 988 989 
3 956 955 990 
3 991 956 990 
3 957 956 991 
3 992 957 991 
3 960 994 993 
3 958 960 993 
3 954 995 989 
3 954 958 995 
3 958 993 995 
3 989 996 990 
3 995 996 989 
3 990 997 991 
3 996 997 990 
3 991 998 992 
3 997 998 991 
3 994 960 961 
3 999 994 961 
3 961 1000 999 
3 963 1000 961 
3 966 1002 1001 
3 965 966 1001 
3 1001 963 965 
3 1000 963 1001 
3 969 1003 1004 
3 967 1003 969 
3 971 1006 1005 
3 970 971 1005 
3 1005 966 970 
3 1002 966 1005 
3 1008 1004 1007 
3 1008 973 1004 
3 973 969 1004 
3 1006 971 974 
3 1009 1006 974 
3 1011 974 976 
3 1011 1010 974 
3 1010 1009 974 
3 978 1010 1011 
3 978 977 1010 
3 977 1012 1010 
3 977 1013 1012 
3 980 1013 977 
3 982 1014 1015 
3 981 1014 982 
3 973 1008 1016 
3 973 1016 981 
3 981 1016 1014 
3 1011 976 983 
3 1011 983 978 
3 1013 980 984 
3 1017 1013 984 
3 1017 984 982 
3 1015 1017 982 
3 993 994 1018 
3 1018 1020 1019 
3 1018 1019 993 
3 993 1019 995 
3 1019 1021 995 
3 995 1021 996 
3 1023 1022 997 
3 1023 997 1021 
3 1021 997 996 
3 998 997 1022 
3 1024 998 1022 
3 1018 994 999 
3 999 1020 1018 
3 999 1000 1020 
3 1000 1025 1020 
3 1023 1026 1022 
3 1028 1022 1026 
3 1028 1027 1022 
3 1027 1024 1022 
3 1031 1029 1030 
3 1002 1030 1029 
3 1002 1029 1001 
3 1001 1029 1032 
3 1032 1000 1001 
3 1025 1000 1032 
3 1027 1004 1003 
3 1027 1028 1004 
3 1028 1033 1004 
3 1036 1034 1035 
3 1030 1005 1006 
3 1031 1030 1006 
3 1031 1006 1035 
3 1031 1035 1034 
3 1030 1002 1005 
3 1007 1038 1037 
3 1007 1004 1038 
3 1004 1033 1038 
3 1036 1035 1039 
3 1041 1009 1040 
3 1039 1009 1041 
3 1039 1006 1009 
3 1039 1035 1006 
3 1040 1042 1043 
3 1040 1009 1042 
3 1009 1010 1042 
3 1045 1012 1044 
3 1045 1042 1012 
3 1042 1010 1012 
3 1012 1013 1044 
3 1014 1046 1015 
3 1046 1038 1047 
3 1046 1016 1038 
3 1046 1014 1016 
3 1016 1037 1038 
3 1041 1040 1048 
3 1043 1048 1040 
3 1045 1044 1049 
3 1051 1017 1050 
3 1049 1017 1051 
3 1049 1013 1017 
3 1049 1044 1013 
3 1050 1052 1053 
3 1017 1052 1050 
3 1017 1046 1052 
3 1017 1015 1046 
3 1046 1047 1052 
3 1019 1020 1054 
3 1021 1019 1054 
3 1055 1021 1054 
3 1021 1055 1023 
3 1056 1054 1020 
3 1056 1020 1057 
3 1057 1020 1025 
3 1054 1058 1055 
3 1056 1058 1054 
3 1060 1059 1026 
3 1058 1060 1026 
3 1058 1026 1023 
3 1058 1023 1055 
3 1026 1059 1028 
3 1029 1031 1061 
3 1061 1063 1062 
3 1061 1062 1029 
3 1029 1062 1032 
3 1062 1025 1032 
3 1057 1025 1062 
3 1060 1064 1059 
3 1059 1064 1065 
3 1059 1065 1028 
3 1028 1065 1033 
3 1036 1067 1066 
3 1034 1036 1066 
3 1031 1068 1061 
3 1031 1034 1068 
3 1034 1066 1068 
3 1061 1068 1063 
3 1065 1069 1033 
3 1069 1038 1033 
3 1067 1036 1039 
3 1070 1067 1039 
3 1072 1039 1041 
3 1072 1071 1039 
3 1071 1070 1039 
3 1043 1071 1072 
3 1043 1042 1071 
3 1042 1073 1071 
3 1075 1042 1045 
3 1075 1074 1042 
3 1074 1073 1042 
3 1074 1077 1076 
3 1075 1077 1074 
3 1076 1079 1078 
3 1077 1079 1076 
3 1078 1079 1047 
3 1078 1047 1069 
3 1069 1047 1038 
3 1072 1041 1048 
3 1048 1043 1072 
3 1045 1049 1075 
3 1049 1051 1080 
3 1049 1080 1075 
3 1075 1080 1077 
3 1053 1052 1079 
3 1053 1079 1080 
3 1080 1079 1077 
3 1079 1052 1047 
3 1056 1057 1081 
3 1058 1056 1081 
3 1082 1058 1081 
3 1058 1082 1060 
3 1063 1084 1083 
3 1062 1063 1083 
3 1057 1085 1081 
3 1057 1062 1085 
3 1062 1083 1085 
3 1087 1081 1085 
3 1087 1086 1081 
3 1086 1082 1081 
3 1064 1060 1082 
3 1064 1082 1088 
3 1088 1082 1086 
3 1064 1088 1065 
3 1066 1067 1089 
3 1068 1066 1089 
3 1090 1068 1089 
3 1091 1084 1063 
3 1091 1063 1090 
3 1091 1090 1092 
3 1068 1090 1063 
3 1091 1094 1093 
3 1092 1094 1091 
3 1093 1086 1087 
3 1093 1094 1086 
3 1094 1095 1086 
3 1086 1095 1088 
3 1088 1095 1096 
3 1088 1096 1069 
3 1065 1088 1069 
3 1089 1067 1070 
3 1090 1089 1070 
3 1071 1090 1070 
3 1092 1090 1071 
3 1073 1092 1071 
3 1094 1092 1073 
3 1074 1094 1073 
3 1095 1094 1074 
3 1076 1095 1074 
3 1096 1095 1076 
3 1078 1096 1076 
3 1096 1078 1069 
3 1083 1084 1097 
3 1085 1083 1097 
3 1098 1085 1097 
3 1085 1098 1087 
3 1097 1084 1091 
3 1098 1097 1091 
3 1093 1098 1091 
3 1098 1093 1087 
3 1099 1101 1100 
3 1102 1104 1105 
3 1100 1104 1102 
3 1100 1103 1104 
3 1100 1101 1103 
3 1103 1106 1104 
3 1104 1107 1105 
3 1107 1109 1110 
3 1104 1109 1107 
3 1104 1108 1109 
3 1104 1106 1108 
3 1108 1111 1109 
3 1112 1113 1114 
3 1115 1110 1109 
3 1116 1110 1115 
3 1111 1117 1115 
3 1109 1111 1115 
3 1118 1114 1113 
3 1118 1120 1114 
3 1120 1119 1114 
3 1121 1116 1115 
3 1121 1122 1116 
3 1122 1123 1116 
3 1115 1117 1121 
3 1125 1124 1119 
3 1125 1119 1126 
3 1126 1119 1120 
3 1124 1125 1127 
3 1124 1127 1122 
3 1122 1127 1123 
3 1125 1126 1128 
3 1125 1128 1127 
3 1132 1131 1129 
3 1130 1132 1129 
3 1135 1133 1134 
3 1135 1134 1129 
3 1129 1134 1130 
3 1137 1134 1133 
3 1136 1137 1133 
3 1137 1136 1138 
3 1140 1139 1131 
3 1140 1131 1141 
3 1141 1131 1132 
3 1133 1143 1142 
3 1135 1143 1133 
3 1135 1140 1143 
3 1135 1139 1140 
3 1136 1133 1142 
3 1144 1136 1142 
3 1148 1147 1145 
3 1148 1145 1146 
3 1138 1136 1144 
3 1151 1149 1150 
3 1151 1150 1145 
3 1145 1150 1146 
3 1153 1150 1149 
3 1152 1153 1149 
3 1155 1153 1152 
3 1154 1155 1152 
3 1157 1155 1154 
3 1156 1157 1154 
3 1157 1156 1158 
3 1140 1141 1159 
3 1140 1159 1143 
3 1147 1148 1161 
3 1160 1147 1161 
3 1149 1151 1160 
3 1149 1160 1162 
3 1162 1160 1161 
3 1152 1149 1162 
3 1163 1152 1162 
3 1163 1165 1164 
3 1163 1164 1152 
3 1152 1164 1154 
3 1166 1164 1167 
3 1166 1156 1164 
3 1156 1154 1164 
3 1156 1169 1158 
3 1156 1166 1169 
3 1166 1168 1169 
3 1172 1170 1171 
3 1172 1171 1168 
3 1168 1171 1169 
3 1171 1170 1173 
3 1164 1165 1174 
3 1174 1167 1164 
3 1174 1176 1167 
3 1176 1175 1167 
3 1179 1178 1177 
3 1177 1170 1172 
3 1177 1178 1170 
3 1178 1180 1170 
3 1182 1173 1170 
3 1182 1170 1181 
3 1181 1170 1180 
3 1182 1181 1183 
3 1175 1176 1185 
3 1184 1175 1185 
3 1179 1186 1178 
3 1179 1185 1186 
3 1179 1184 1185 
3 1187 1186 1185 
3 1189 1188 1180 
3 1189 1180 1186 
3 1186 1180 1178 
3 1181 1180 1188 
3 1190 1181 1188 
3 1190 1183 1181 
3 1193 1191 1192 
3 1186 1187 1194 
3 1186 1194 1189 
3 1196 1197 1195 
3 1193 1196 1195 
3 1193 1195 1191 
3 1191 1195 1198 
3 1099 1199 1200 
3 1101 1099 1200 
3 1200 1103 1101 
3 1201 1103 1200 
3 1103 1201 1202 
3 1106 1103 1202 
3 1202 1108 1106 
3 1203 1108 1202 
3 1205 1111 1108 
3 1205 1108 1204 
3 1204 1108 1203 
3 1204 1206 1205 
3 1112 1208 1207 
3 1114 1208 1112 
3 1209 1111 1205 
3 1117 1111 1209 
3 1206 1210 1209 
3 1205 1206 1209 
3 1212 1211 1208 
3 1212 1208 1119 
3 1119 1208 1114 
3 1122 1211 1212 
3 1122 1121 1211 
3 1121 1213 1211 
3 1117 1213 1121 
3 1117 1214 1213 
3 1117 1209 1214 
3 1214 1215 1213 
3 1210 1216 1214 
3 1209 1210 1214 
3 1212 1119 1124 
3 1212 1124 1122 
3 1215 1214 1217 
3 1214 1216 1217 
3 1129 1131 1218 
3 1129 1218 1135 
3 1218 1131 1139 
3 1218 1139 1135 
3 1219 1145 1147 
3 1145 1219 1151 
3 1147 1160 1219 
3 1219 1160 1151 
3 1222 1220 1221 
3 1167 1221 1220 
3 1167 1220 1166 
3 1166 1220 1223 
3 1225 1224 1168 
3 1225 1168 1223 
3 1223 1168 1166 
3 1168 1224 1172 
3 1222 1221 1226 
3 1221 1227 1226 
3 1221 1167 1227 
3 1167 1175 1227 
3 1224 1179 1177 
3 1224 1225 1179 
3 1225 1228 1179 
3 1224 1177 1172 
3 1227 1175 1184 
3 1229 1227 1184 
3 1229 1184 1179 
3 1229 1179 1228 
3 1232 1200 1199 
3 1232 1199 1231 
3 1231 1199 1230 
3 1231 1233 1232 
3 1232 1201 1200 
3 1201 1235 1202 
3 1232 1235 1201 
3 1232 1234 1235 
3 1232 1233 1234 
3 1234 1236 1237 
3 1235 1234 1237 
3 1236 1238 1237 
3 1235 1203 1202 
3 1237 1203 1235 
3 1204 1203 1237 
3 1204 1240 1206 
3 1237 1240 1204 
3 1237 1239 1240 
3 1237 1238 1239 
3 1239 1241 1240 
3 1207 1243 1242 
3 1208 1243 1207 
3 1244 1206 1240 
3 1210 1206 1244 
3 1241 1245 1244 
3 1240 1241 1244 
3 1243 1208 1211 
3 1246 1243 1211 
3 1246 1211 1247 
3 1211 1213 1247 
3 1249 1213 1215 
3 1249 1248 1213 
3 1248 1247 1213 
3 1249 1250 1248 
3 1249 1210 1250 
3 1249 1216 1210 
3 1244 1250 1210 
3 1244 1245 1250 
3 1249 1215 1217 
3 1249 1217 1216 
3 1220 1222 1251 
3 1223 1220 1251 
3 1252 1223 1251 
3 1223 1252 1225 
3 1251 1222 1226 
3 1226 1227 1253 
3 1226 1253 1251 
3 1251 1253 1252 
3 1252 1253 1228 
3 1225 1252 1228 
3 1253 1227 1229 
3 1229 1228 1253 
3 1254 1256 1255 
3 1256 1230 1255 
3 1256 1257 1230 
3 1257 1231 1230 
3 1231 1257 1258 
3 1233 1231 1258 
3 1258 1234 1233 
3 1259 1234 1258 
3 1261 1260 1236 
3 1261 1236 1259 
3 1259 1236 1234 
3 1236 1260 1238 
3 1261 1262 1260 
3 1260 1239 1238 
3 1260 1262 1239 
3 1262 1263 1239 
3 1239 1263 1264 
3 1241 1239 1264 
3 1242 1266 1265 
3 1243 1266 1242 
3 1264 1267 1241 
3 1267 1245 1241 
3 1266 1243 1246 
3 1268 1266 1246 
3 1268 1246 1269 
3 1246 1247 1269 
3 1269 1247 1270 
3 1247 1248 1270 
3 1270 1248 1271 
3 1248 1250 1271 
3 1271 1250 1245 
3 1267 1271 1245 
3 1254 1272 1273 
3 1256 1254 1273 
3 1273 1257 1256 
3 1274 1257 1273 
3 1276 1258 1257 
3 1276 1257 1275 
3 1275 1257 1274 
3 1275 1277 1276 
3 1276 1259 1258 
3 1259 1279 1261 
3 1276 1279 1259 
3 1276 1278 1279 
3 1276 1277 1278 
3 1278 1280 1279 
3 1279 1262 1261 
3 1280 1262 1279 
3 1280 1281 1262 
3 1281 1263 1262 
3 1283 1264 1263 
3 1283 1263 1282 
3 1282 1263 1281 
3 1282 1284 1283 
3 1265 1286 1285 
3 1266 1286 1265 
3 1287 1264 1283 
3 1287 1288 1264 
3 1288 1267 1264 
3 1283 1284 1287 
3 1286 1266 1268 
3 1289 1286 1268 
3 1289 1268 1290 
3 1268 1269 1290 
3 1290 1269 1291 
3 1269 1270 1291 
3 1291 1270 1292 
3 1270 1271 1292 
3 1292 1271 1267 
3 1288 1292 1267 
3 1295 1273 1272 
3 1295 1272 1294 
3 1294 1272 1293 
3 1294 1296 1295 
3 1295 1274 1273 
3 1296 1274 1295 
3 1296 1297 1274 
3 1297 1275 1274 
3 1299 1277 1275 
3 1299 1275 1298 
3 1298 1275 1297 
3 1298 1300 1299 
3 1299 1278 1277 
3 1278 1302 1280 
3 1299 1302 1278 
3 1299 1301 1302 
3 1299 1300 1301 
3 1301 1303 1302 
3 1302 1281 1280 
3 1303 1281 1302 
3 1303 1304 1281 
3 1304 1282 1281 
3 1282 1304 1305 
3 1284 1282 1305 
3 1308 1285 1286 
3 1308 1307 1285 
3 1307 1306 1285 
3 1307 1308 1309 
3 1287 1310 1288 
3 1310 1287 1284 
3 1310 1284 1311 
3 1311 1284 1305 
3 1308 1286 1289 
3 1309 1308 1289 
3 1309 1289 1312 
3 1312 1289 1290 
3 1312 1290 1313 
3 1290 1291 1313 
3 1315 1292 1314 
3 1315 1313 1292 
3 1313 1291 1292 
3 1314 1316 1317 
3 1292 1316 1314 
3 1292 1310 1316 
3 1292 1288 1310 
3 1310 1311 1316 
3 1315 1314 1318 
3 1314 1317 1318 
3 1321 1319 1320 
3 1319 1322 1323 
3 1320 1319 1323 
3 1321 1320 1324 
3 1320 1323 1325 
3 1324 1320 1325 
3 1294 1293 1326 
3 1327 1294 1326 
3 1294 1327 1296 
3 1326 1329 1327 
3 1328 1329 1326 
3 1327 1297 1296 
3 1327 1329 1297 
3 1329 1330 1297 
3 1330 1331 1297 
3 1297 1331 1298 
3 1298 1331 1332 
3 1300 1298 1332 
3 1332 1301 1300 
3 1333 1301 1332 
3 1301 1333 1334 
3 1303 1301 1334 
3 1334 1304 1303 
3 1335 1304 1334 
3 1304 1335 1336 
3 1305 1304 1336 
3 1337 1306 1338 
3 1306 1307 1338 
3 1307 1339 1338 
3 1309 1339 1307 
3 1341 1336 1340 
3 1341 1311 1336 
3 1311 1305 1336 
3 1340 1342 1341 
3 1339 1309 1312 
3 1343 1339 1312 
3 1343 1312 1344 
3 1312 1313 1344 
3 1346 1313 1315 
3 1346 1345 1313 
3 1345 1344 1313 
3 1317 1345 1346 
3 1317 1316 1345 
3 1316 1347 1345 
3 1311 1341 1348 
3 1311 1348 1316 
3 1316 1348 1347 
3 1341 1342 1348 
3 1346 1315 1318 
3 1346 1318 1317 
3 1321 1350 1349 
3 1319 1321 1349 
3 1349 1351 1319 
3 1319 1351 1322 
3 1354 1352 1353 
3 1352 1355 1353 
3 1352 1321 1355 
3 1352 1350 1321 
3 1321 1324 1355 
3 1325 1355 1324 
3 1356 1355 1325 
3 1354 1353 1357 
3 1353 1355 1358 
3 1357 1353 1358 
3 1355 1356 1359 
3 1358 1355 1359 
3 1360 1362 1361 
3 1362 1328 1361 
3 1362 1363 1328 
3 1363 1329 1328 
3 1363 1364 1329 
3 1329 1364 1330 
3 1366 1365 1331 
3 1366 1331 1364 
3 1364 1331 1330 
3 1331 1365 1332 
3 1366 1367 1365 
3 1365 1333 1332 
3 1365 1367 1333 
3 1367 1368 1333 
3 1333 1368 1369 
3 1334 1333 1369 
3 1369 1335 1334 
3 1370 1335 1369 
3 1335 1370 1371 
3 1336 1335 1371 
3 1372 1337 1373 
3 1337 1338 1373 
3 1338 1374 1373 
3 1339 1374 1338 
3 1371 1340 1336 
3 1375 1340 1371 
3 1340 1375 1376 
3 1342 1340 1376 
3 1374 1339 1343 
3 1377 1374 1343 
3 1377 1343 1378 
3 1343 1344 1378 
3 1378 1344 1379 
3 1344 1345 1379 
3 1379 1345 1380 
3 1345 1347 1380 
3 1380 1347 1381 
3 1347 1348 1381 
3 1381 1348 1342 
3 1381 1342 1376 
3 1384 1382 1383 
3 1350 1383 1382 
3 1350 1382 1349 
3 1349 1382 1385 
3 1385 1386 1349 
3 1349 1386 1351 
3 1383 1387 1384 
3 1352 1354 1388 
3 1388 1350 1352 
3 1388 1389 1350 
3 1383 1350 1387 
3 1387 1350 1389 
3 1388 1354 1357 
3 1388 1357 1358 
3 1388 1358 1391 
3 1388 1391 1389 
3 1390 1391 1358 
3 1359 1390 1358 
3 1392 1390 1359 
3 1395 1362 1360 
3 1395 1360 1394 
3 1394 1360 1393 
3 1394 1396 1395 
3 1395 1363 1362 
3 1396 1363 1395 
3 1396 1397 1363 
3 1397 1364 1363 
3 1399 1366 1364 
3 1399 1364 1398 
3 1398 1364 1397 
3 1398 1400 1399 
3 1399 1367 1366 
3 1400 1367 1399 
3 1400 1401 1367 
3 1401 1368 1367 
3 1368 1401 1402 
3 1369 1368 1402 
3 1403 1406 1405 
3 1404 1406 1403 
3 1405 1406 1407 
3 1402 1370 1369 
3 1408 1370 1402 
3 1410 1371 1370 
3 1410 1370 1409 
3 1409 1370 1408 
3 1409 1411 1410 
3 1406 1404 1372 
3 1373 1406 1372 
3 1373 1407 1406 
3 1373 1374 1407 
3 1374 1412 1407 
3 1410 1375 1371 
3 1375 1410 1411 
3 1375 1411 1376 
3 1376 1411 1413 
3 1412 1374 1377 
3 1414 1412 1377 
3 1414 1377 1415 
3 1377 1378 1415 
3 1417 1379 1416 
3 1417 1415 1379 
3 1415 1378 1379 
3 1380 1416 1379 
3 1418 1416 1380 
3 1418 1419 1420 
3 1418 1380 1419 
3 1380 1381 1419 
3 1376 1413 1419 
3 1376 1419 1381 
3 1417 1416 1421 
3 1416 1418 1422 
3 1421 1416 1422 
3 1418 1420 1422 
3 1425 1423 1424 
3 1428 1426 1427 
3 1426 1425 1424 
3 1426 1424 1427 
3 1427 1424 1429 
3 1432 1430 1431 
3 1384 1431 1430 
3 1384 1430 1382 
3 1382 1430 1433 
3 1427 1433 1428 
3 1427 1385 1433 
3 1385 1382 1433 
3 1429 1385 1427 
3 1386 1385 1429 
3 1435 1432 1431 
3 1434 1435 1431 
3 1387 1431 1384 
3 1387 1436 1431 
3 1436 1434 1431 
3 1387 1389 1436 
3 1435 1434 1437 
3 1439 1437 1434 
3 1439 1434 1438 
3 1438 1434 1436 
3 1436 1391 1438 
3 1389 1391 1436 
3 1440 1441 1393 
3 1393 1441 1394 
3 1443 1396 1394 
3 1443 1394 1442 
3 1442 1394 1441 
3 1442 1444 1443 
3 1443 1397 1396 
3 1444 1397 1443 
3 1444 1445 1397 
3 1445 1398 1397 
3 1447 1400 1398 
3 1447 1398 1446 
3 1446 1398 1445 
3 1446 1448 1447 
3 1447 1401 1400 
3 1401 1450 1402 
3 1447 1450 1401 
3 1447 1449 1450 
3 1447 1448 1449 
3 1449 1451 1450 
3 1454 1405 1453 
3 1454 1452 1405 
3 1452 1403 1405 
3 1405 1407 1453 
3 1450 1408 1402 
3 1451 1408 1450 
3 1451 1455 1408 
3 1455 1409 1408 
3 1409 1455 1456 
3 1411 1409 1456 
3 1454 1453 1457 
3 1453 1407 1412 
3 1453 1412 1458 
3 1453 1458 1457 
3 1458 1412 1459 
3 1458 1459 1460 
3 1462 1456 1461 
3 1462 1413 1456 
3 1413 1411 1456 
3 1461 1463 1462 
3 1459 1412 1414 
3 1460 1459 1414 
3 1460 1414 1464 
3 1464 1414 1415 
3 1466 1415 1417 
3 1466 1465 1415 
3 1465 1464 1415 
3 1465 1468 1467 
3 1466 1468 1465 
3 1420 1467 1468 
3 1420 1419 1467 
3 1419 1469 1467 
3 1413 1469 1419 
3 1413 1470 1469 
3 1413 1462 1470 
3 1470 1471 1469 
3 1463 1472 1470 
3 1462 1463 1470 
3 1466 1417 1421 
3 1468 1466 1421 
3 1422 1468 1421 
3 1468 1422 1420 
3 1471 1470 1473 
3 1470 1472 1473 
3 1476 1474 1475 
3 1425 1475 1474 
3 1425 1474 1423 
3 1423 1474 1477 
3 1480 1478 1479 
3 1475 1426 1428 
3 1476 1475 1428 
3 1476 1428 1479 
3 1476 1479 1478 
3 1475 1425 1426 
3 1432 1482 1481 
3 1430 1432 1481 
3 1479 1481 1480 
3 1479 1433 1481 
3 1433 1430 1481 
3 1479 1428 1433 
3 1482 1432 1483 
3 1483 1432 1435 
3 1483 1435 1437 
3 1484 1483 1437 
3 1437 1485 1484 
3 1439 1485 1437 
3 1486 1488 1487 
3 1488 1440 1487 
3 1488 1489 1440 
3 1489 1441 1440 
3 1489 1490 1441 
3 1441 1490 1442 
3 1492 1444 1442 
3 1492 1442 1491 
3 1491 1442 1490 
3 1491 1493 1492 
3 1492 1445 1444 
3 1493 1445 1492 
3 1493 1494 1445 
3 1494 1446 1445 
3 1496 1448 1446 
3 1496 1446 1495 
3 1495 1446 1494 
3 1495 1497 1496 
3 1496 1449 1448 
3 1449 1496 1497 
3 1449 1497 1451 
3 1451 1497 1498 
3 1501 1452 1454 
3 1501 1500 1452 
3 1500 1499 1452 
3 1500 1501 1502 
3 1498 1455 1451 
3 1503 1455 1498 
3 1505 1456 1455 
3 1505 1455 1504 
3 1504 1455 1503 
3 1504 1506 1505 
3 1501 1454 1457 
3 1502 1501 1457 
3 1502 1457 1507 
3 1507 1457 1458 
3 1458 1508 1507 
3 1460 1508 1458 
3 1505 1461 1456 
3 1461 1505 1506 
3 1461 1506 1463 
3 1463 1506 1509 
3 1508 1460 1464 
3 1510 1508 1464 
3 1510 1464 1511 
3 1464 1465 1511 
3 1513 1467 1512 
3 1513 1511 1467 
3 1511 1465 1467 
3 1469 1512 1467 
3 1514 1512 1469 
3 1469 1471 1514 
3 1509 1515 1463 
3 1515 1472 1463 
3 1513 1512 1516 
3 1512 1514 1517 
3 1516 1512 1517 
3 1514 1471 1473 
3 1514 1473 1517 
3 1517 1473 1518 
3 1518 1473 1472 
3 1515 1518 1472 
3 1521 1519 1520 
3 1519 1522 1523 
3 1520 1519 1523 
3 1522 1524 1525 
3 1523 1522 1525 
3 1524 1526 1527 
3 1525 1524 1527 
3 1521 1520 1528 
3 1530 1528 1520 
3 1530 1520 1529 
3 1529 1520 1523 
3 1476 1525 1474 
3 1476 1529 1525 
3 1529 1523 1525 
3 1527 1474 1525 
3 1477 1474 1527 
3 1529 1478 1480 
3 1529 1480 1530 
3 1530 1480 1531 
3 1529 1476 1478 
3 1482 1533 1532 
3 1481 1482 1532 
3 1532 1480 1481 
3 1531 1480 1532 
3 1533 1482 1534 
3 1534 1482 1483 
3 1484 1535 1536 
3 1484 1536 1483 
3 1483 1536 1534 
3 1484 1485 1535 
3 1486 1537 1538 
3 1488 1486 1538 
3 1538 1489 1488 
3 1539 1489 1538 
3 1539 1540 1489 
3 1489 1540 1490 
3 1540 1541 1490 
3 1490 1541 1491 
3 1491 1541 1542 
3 1493 1491 1542 
3 1542 1494 1493 
3 1543 1494 1542 
3 1545 1544 1495 
3 1545 1495 1543 
3 1543 1495 1494 
3 1495 1544 1497 
3 1545 1546 1544 
3 1544 1498 1497 
3 1544 1547 1498 
3 1544 1546 1547 
3 1547 1548 1498 
3 1547 1549 1548 
3 1550 1499 1551 
3 1499 1500 1551 
3 1500 1552 1551 
3 1502 1552 1500 
3 1548 1503 1498 
3 1549 1503 1548 
3 1549 1553 1503 
3 1553 1504 1503 
3 1555 1506 1504 
3 1555 1504 1554 
3 1554 1504 1553 
3 1554 1556 1555 
3 1552 1502 1507 
3 1557 1552 1507 
3 1507 1558 1557 
3 1508 1558 1507 
3 1559 1506 1555 
3 1509 1506 1559 
3 1556 1560 1561 
3 1556 1561 1555 
3 1555 1561 1559 
3 1560 1562 1561 
3 1558 1508 1510 
3 1563 1558 1510 
3 1563 1510 1564 
3 1510 1511 1564 
3 1566 1511 1513 
3 1566 1565 1511 
3 1565 1564 1511 
3 1565 1566 1567 
3 1568 1509 1559 
3 1515 1509 1568 
3 1559 1561 1568 
3 1561 1569 1568 
3 1562 1570 1571 
3 1562 1571 1561 
3 1561 1571 1569 
3 1570 1572 1571 
3 1566 1513 1516 
3 1567 1566 1516 
3 1567 1516 1573 
3 1573 1516 1517 
3 1575 1518 1574 
3 1575 1573 1518 
3 1573 1517 1518 
3 1574 1576 1577 
3 1518 1576 1574 
3 1518 1568 1576 
3 1518 1515 1568 
3 1579 1576 1568 
3 1579 1568 1578 
3 1578 1568 1569 
3 1569 1571 1578 
3 1571 1580 1578 
3 1572 1581 1582 
3 1572 1582 1571 
3 1571 1582 1580 
3 1581 1583 1582 
3 1575 1574 1584 
3 1574 1577 1584 
3 1586 1579 1578 
3 1585 1586 1578 
3 1587 1588 1585 
3 1587 1585 1580 
3 1580 1585 1578 
3 1580 1582 1589 
3 1587 1580 1589 
3 1582 1583 1589 
3 1592 1590 1591 
3 1590 1593 1594 
3 1591 1590 1594 
3 1593 1595 1596 
3 1594 1593 1596 
3 1595 1597 1598 
3 1596 1595 1598 
3 1586 1585 1599 
3 1585 1588 1599 
3 1591 1519 1521 
3 1591 1521 1592 
3 1592 1521 1600 
3 1594 1519 1591 
3 1522 1519 1594 
3 1596 1522 1594 
3 1524 1522 1596 
3 1598 1524 1596 
3 1526 1524 1598 
3 1528 1601 1602 
3 1528 1602 1521 
3 1521 1602 1600 
3 1528 1530 1601 
3 1604 1602 1601 
3 1603 1604 1601 
3 1601 1531 1603 
3 1530 1531 1601 
3 1603 1532 1533 
3 1603 1533 1604 
3 1604 1533 1605 
3 1603 1531 1532 
3 1605 1533 1606 
3 1606 1533 1534 
3 1608 1607 1606 
3 1608 1606 1536 
3 1536 1606 1534 
3 1607 1608 1609 
3 1537 1610 1611 
3 1538 1537 1611 
3 1611 1539 1538 
3 1612 1539 1611 
3 1612 1613 1539 
3 1539 1613 1540 
3 1615 1614 1541 
3 1615 1541 1613 
3 1613 1541 1540 
3 1541 1614 1542 
3 1615 1616 1614 
3 1614 1543 1542 
3 1614 1616 1543 
3 1616 1617 1543 
3 1543 1617 1618 
3 1545 1543 1618 
3 1619 1620 1621 
3 1618 1546 1545 
3 1622 1546 1618 
3 1622 1623 1546 
3 1546 1623 1547 
3 1547 1623 1624 
3 1549 1547 1624 
3 1621 1620 1550 
3 1621 1550 1625 
3 1625 1550 1551 
3 1627 1551 1552 
3 1627 1626 1551 
3 1626 1625 1551 
3 1626 1627 1628 
3 1624 1553 1549 
3 1629 1553 1624 
3 1629 1630 1553 
3 1553 1630 1554 
3 1554 1630 1631 
3 1556 1554 1631 
3 1627 1552 1557 
3 1557 1558 1633 
3 1627 1557 1633 
3 1627 1633 1632 
3 1627 1632 1628 
3 1632 1633 1634 
3 1631 1560 1556 
3 1635 1560 1631 
3 1637 1562 1560 
3 1637 1560 1636 
3 1636 1560 1635 
3 1636 1638 1639 
3 1637 1636 1639 
3 1638 1640 1639 
3 1633 1558 1563 
3 1634 1633 1563 
3 1634 1563 1641 
3 1641 1563 1564 
3 1641 1564 1642 
3 1564 1565 1642 
3 1565 1643 1642 
3 1567 1643 1565 
3 1637 1570 1562 
3 1570 1644 1572 
3 1570 1637 1644 
3 1637 1639 1644 
3 1640 1645 1646 
3 1640 1646 1639 
3 1639 1646 1644 
3 1645 1647 1646 
3 1643 1567 1573 
3 1648 1643 1573 
3 1573 1649 1648 
3 1575 1649 1573 
3 1576 1650 1577 
3 1576 1579 1650 
3 1644 1581 1572 
3 1581 1651 1583 
3 1581 1644 1651 
3 1644 1646 1651 
3 1647 1652 1653 
3 1647 1653 1646 
3 1646 1653 1651 
3 1652 1654 1655 
3 1653 1652 1655 
3 1654 1656 1657 
3 1655 1654 1657 
3 1656 1658 1659 
3 1657 1656 1659 
3 1649 1575 1584 
3 1660 1649 1584 
3 1577 1650 1661 
3 1577 1661 1584 
3 1584 1661 1660 
3 1650 1579 1586 
3 1650 1586 1662 
3 1650 1662 1661 
3 1662 1586 1663 
3 1588 1662 1663 
3 1588 1587 1662 
3 1665 1662 1664 
3 1664 1662 1587 
3 1589 1664 1587 
3 1666 1664 1589 
3 1583 1666 1589 
3 1583 1651 1666 
3 1651 1667 1666 
3 1592 1653 1590 
3 1592 1667 1653 
3 1667 1651 1653 
3 1655 1590 1653 
3 1593 1590 1655 
3 1657 1593 1655 
3 1595 1593 1657 
3 1659 1595 1657 
3 1597 1595 1659 
3 1663 1586 1599 
3 1665 1664 1668 
3 1663 1599 1588 
3 1664 1666 1669 
3 1668 1664 1669 
3 1671 1669 1666 
3 1671 1666 1670 
3 1670 1666 1667 
3 1667 1600 1670 
3 1592 1600 1667 
3 1671 1670 1672 
3 1670 1673 1672 
3 1670 1600 1673 
3 1600 1602 1673 
3 1673 1602 1674 
3 1674 1602 1604 
3 1676 1675 1674 
3 1676 1674 1605 
3 1605 1674 1604 
3 1675 1676 1677 
3 1678 1676 1605 
3 1606 1678 1605 
3 1677 1678 1679 
3 1676 1678 1677 
3 1678 1606 1607 
3 1607 1679 1678 
3 1607 1609 1679 
3 1609 1680 1679 
3 1610 1681 1682 
3 1611 1610 1682 
3 1682 1612 1611 
3 1683 1612 1682 
3 1683 1684 1612 
3 1612 1684 1613 
3 1613 1684 1685 
3 1615 1613 1685 
3 1685 1616 1615 
3 1686 1616 1685 
3 1686 1687 1616 
3 1616 1687 1617 
3 1689 1618 1617 
3 1689 1617 1688 
3 1688 1617 1687 
3 1688 1690 1689 
3 1693 1619 1621 
3 1693 1692 1619 
3 1692 1691 1619 
3 1692 1693 1694 
3 1689 1622 1618 
3 1690 1622 1689 
3 1690 1695 1622 
3 1695 1623 1622 
3 1623 1695 1696 
3 1624 1623 1696 
3 1693 1621 1625 
3 1694 1693 1625 
3 1694 1625 1697 
3 1697 1625 1626 
3 1626 1698 1697 
3 1628 1698 1626 
3 1696 1629 1624 
3 1699 1629 1696 
3 1699 1700 1629 
3 1629 1700 1630 
3 1702 1631 1630 
3 1702 1630 1701 
3 1701 1630 1700 
3 1701 1703 1702 
3 1706 1704 1705 
3 1704 1707 1705 
3 1698 1628 1632 
3 1708 1698 1632 
3 1632 1709 1708 
3 1634 1709 1632 
3 1712 1711 1710 
3 1710 1711 1713 
3 1702 1635 1631 
3 1703 1635 1702 
3 1703 1714 1635 
3 1714 1636 1635 
3 1705 1714 1706 
3 1705 1638 1714 
3 1638 1636 1714 
3 1638 1705 1707 
3 1638 1707 1640 
3 1640 1707 1715 
3 1709 1634 1641 
3 1716 1709 1641 
3 1711 1712 1716 
3 1711 1716 1642 
3 1642 1716 1641 
3 1642 1713 1711 
3 1642 1643 1713 
3 1643 1717 1713 
3 1715 1645 1640 
3 1718 1645 1715 
3 1720 1647 1645 
3 1720 1645 1719 
3 1719 1645 1718 
3 1719 1721 1720 
3 1717 1643 1648 
3 1722 1717 1648 
3 1724 1648 1649 
3 1724 1723 1648 
3 1723 1722 1648 
3 1723 1724 1725 
3 1720 1652 1647 
3 1721 1652 1720 
3 1721 1726 1652 
3 1726 1654 1652 
3 1726 1727 1654 
3 1654 1727 1656 
3 1729 1728 1658 
3 1729 1658 1727 
3 1727 1658 1656 
3 1724 1649 1660 
3 1725 1724 1660 
3 1725 1660 1730 
3 1730 1660 1661 
3 1732 1662 1731 
3 1732 1730 1662 
3 1730 1661 1662 
3 1662 1665 1731 
3 1729 1733 1728 
3 1732 1731 1734 
3 1731 1665 1668 
3 1731 1668 1734 
3 1734 1668 1735 
3 1737 1669 1736 
3 1737 1735 1669 
3 1735 1668 1669 
3 1669 1671 1736 
3 1737 1736 1738 
3 1740 1672 1739 
3 1738 1672 1740 
3 1738 1671 1672 
3 1738 1736 1671 
3 1672 1673 1739 
3 1740 1739 1741 
3 1739 1742 1741 
3 1739 1673 1742 
3 1673 1674 1742 
3 1742 1674 1675 
3 1743 1742 1675 
3 1675 1744 1743 
3 1677 1744 1675 
3 1746 1745 1744 
3 1746 1744 1679 
3 1679 1744 1677 
3 1745 1746 1747 
3 1748 1746 1679 
3 1748 1679 1749 
3 1749 1679 1680 
3 1746 1748 1747 
3 1750 1752 1751 
3 1681 1754 1682 
3 1751 1754 1681 
3 1751 1753 1754 
3 1751 1752 1753 
3 1753 1755 1756 
3 1754 1753 1756 
3 1755 1757 1756 
3 1754 1683 1682 
3 1756 1683 1754 
3 1684 1683 1756 
3 1684 1759 1685 
3 1756 1759 1684 
3 1756 1758 1759 
3 1756 1757 1758 
3 1758 1760 1761 
3 1759 1758 1761 
3 1760 1762 1761 
3 1763 1764 1765 
3 1759 1686 1685 
3 1761 1686 1759 
3 1687 1686 1761 
3 1762 1687 1761 
3 1762 1766 1687 
3 1766 1688 1687 
3 1688 1766 1767 
3 1690 1688 1767 
3 1769 1765 1770 
3 1769 1768 1765 
3 1770 1765 1692 
3 1764 1691 1765 
3 1692 1765 1691 
3 1692 1694 1770 
3 1767 1695 1690 
3 1771 1695 1767 
3 1695 1771 1772 
3 1696 1695 1772 
3 1769 1770 1774 
3 1773 1769 1774 
3 1770 1694 1697 
3 1770 1697 1774 
3 1774 1697 1775 
3 1697 1776 1775 
3 1698 1776 1697 
3 1772 1699 1696 
3 1777 1699 1772 
3 1777 1778 1699 
3 1699 1778 1700 
3 1778 1779 1700 
3 1700 1779 1701 
3 1781 1703 1701 
3 1781 1701 1780 
3 1780 1701 1779 
3 1706 1781 1780 
3 1706 1780 1704 
3 1704 1780 1782 
3 1704 1782 1783 
3 1707 1704 1783 
3 1776 1698 1708 
3 1784 1776 1708 
3 1786 1708 1709 
3 1786 1785 1708 
3 1785 1784 1708 
3 1712 1785 1786 
3 1712 1710 1785 
3 1710 1787 1785 
3 1710 1788 1787 
3 1713 1788 1710 
3 1781 1714 1703 
3 1781 1706 1714 
3 1790 1783 1789 
3 1790 1715 1783 
3 1715 1707 1783 
3 1789 1791 1790 
3 1786 1709 1716 
3 1786 1716 1712 
3 1788 1713 1792 
3 1792 1713 1717 
3 1790 1718 1715 
3 1791 1718 1790 
3 1791 1793 1718 
3 1793 1719 1718 
3 1719 1793 1794 
3 1721 1719 1794 
3 1722 1795 1796 
3 1722 1796 1717 
3 1717 1796 1792 
3 1795 1797 1798 
3 1795 1722 1797 
3 1722 1723 1797 
3 1723 1799 1797 
3 1725 1799 1723 
3 1794 1726 1721 
3 1800 1726 1794 
3 1800 1801 1726 
3 1726 1801 1727 
3 1803 1729 1727 
3 1803 1727 1802 
3 1802 1727 1801 
3 1796 1795 1804 
3 1795 1798 1804 
3 1799 1725 1730 
3 1805 1799 1730 
3 1807 1730 1732 
3 1807 1806 1730 
3 1806 1805 1730 
3 1806 1807 1808 
3 1803 1733 1729 
3 1807 1732 1734 
3 1808 1807 1734 
3 1808 1734 1809 
3 1809 1734 1735 
3 1735 1810 1809 
3 1737 1810 1735 
3 1810 1737 1738 
3 1811 1810 1738 
3 1738 1812 1811 
3 1740 1812 1738 
3 1812 1740 1741 
3 1813 1812 1741 
3 1815 1741 1742 
3 1815 1814 1741 
3 1814 1813 1741 
3 1814 1815 1816 
3 1815 1742 1743 
3 1743 1816 1815 
3 1743 1744 1816 
3 1744 1817 1816 
3 1817 1744 1745 
3 1818 1817 1745 
3 1745 1819 1818 
3 1747 1819 1745 
3 1748 1749 1820 
3 1820 1747 1748 
3 1820 1821 1747 
3 1821 1819 1747 
3 1750 1822 1823 
3 1752 1750 1823 
3 1823 1753 1752 
3 1824 1753 1823 
3 1824 1825 1753 
3 1753 1825 1755 
3 1827 1757 1755 
3 1827 1755 1826 
3 1826 1755 1825 
3 1826 1828 1827 
3 1827 1758 1757 
3 1828 1758 1827 
3 1828 1829 1758 
3 1829 1760 1758 
3 1831 1762 1760 
3 1831 1760 1830 
3 1830 1760 1829 
3 1830 1832 1831 
3 1763 1765 1833 
3 1831 1766 1762 
3 1766 1831 1832 
3 1766 1832 1767 
3 1767 1832 1834 
3 1836 1765 1768 
3 1836 1837 1765 
3 1833 1765 1835 
3 1835 1765 1837 
3 1834 1771 1767 
3 1838 1771 1834 
3 1840 1772 1771 
3 1840 1771 1839 
3 1839 1771 1838 
3 1839 1841 1840 
3 1836 1773 1774 
3 1836 1774 1843 
3 1836 1843 1837 
3 1842 1843 1774 
3 1842 1844 1845 
3 1842 1774 1844 
3 1774 1775 1844 
3 1775 1846 1844 
3 1776 1846 1775 
3 1840 1777 1772 
3 1841 1777 1840 
3 1841 1847 1777 
3 1847 1778 1777 
3 1847 1848 1778 
3 1778 1848 1779 
3 1848 1849 1779 
3 1779 1849 1780 
3 1851 1850 1782 
3 1851 1782 1849 
3 1849 1782 1780 
3 1782 1850 1783 
3 1843 1842 1852 
3 1842 1845 1852 
3 1846 1776 1784 
3 1853 1846 1784 
3 1853 1784 1854 
3 1784 1785 1854 
3 1856 1787 1855 
3 1856 1854 1787 
3 1854 1785 1787 
3 1858 1787 1788 
3 1858 1857 1787 
3 1855 1787 1859 
3 1859 1787 1857 
3 1857 1858 1860 
3 1851 1861 1850 
3 1850 1789 1783 
3 1850 1861 1789 
3 1861 1862 1789 
3 1789 1862 1863 
3 1791 1789 1863 
3 1856 1855 1864 
3 1788 1792 1865 
3 1788 1865 1858 
3 1859 1864 1855 
3 1860 1865 1866 
3 1858 1865 1860 
3 1863 1793 1791 
3 1867 1793 1863 
3 1793 1867 1868 
3 1794 1793 1868 
3 1869 1865 1792 
3 1796 1869 1792 
3 1869 1797 1865 
3 1869 1798 1797 
3 1865 1797 1866 
3 1870 1871 1797 
3 1866 1797 1871 
3 1797 1799 1870 
3 1868 1800 1794 
3 1872 1800 1868 
3 1872 1873 1800 
3 1800 1873 1801 
3 1873 1874 1801 
3 1801 1874 1802 
3 1869 1796 1804 
3 1871 1870 1875 
3 1869 1804 1798 
3 1870 1799 1805 
3 1870 1805 1875 
3 1875 1805 1876 
3 1876 1805 1877 
3 1805 1806 1877 
3 1806 1878 1877 
3 1808 1878 1806 
3 1878 1808 1809 
3 1879 1878 1809 
3 1881 1809 1810 
3 1881 1880 1809 
3 1880 1879 1809 
3 1880 1881 1882 
3 1881 1810 1811 
3 1811 1882 1881 
3 1811 1812 1882 
3 1812 1883 1882 
3 1883 1812 1813 
3 1884 1883 1813 
3 1884 1813 1885 
3 1813 1814 1885 
3 1814 1886 1885 
3 1816 1886 1814 
3 1888 1887 1886 
3 1888 1886 1817 
3 1817 1886 1816 
3 1887 1888 1889 
3 1888 1817 1818 
3 1818 1889 1888 
3 1818 1819 1889 
3 1819 1890 1889 
3 1890 1819 797 
3 797 1819 1821 
3 1894 1891 550 
3 1894 550 1893 
3 1893 550 1892 
3 1895 1896 1893 
3 1892 1895 1893 
3 1897 1900 1898 
3 1894 1893 1899 
3 1893 1896 1899 
3 1900 1902 1901 
3 1898 1900 1901 
3 1901 1902 1903 
3 1891 1894 1904 
3 1905 1906 1895 
3 1906 1896 1895 
3 1900 1904 1908 
3 1900 1897 1904 
3 1908 1904 1907 
3 1894 1899 1904 
3 1907 1904 1899 
3 1907 1899 1896 
3 1906 1907 1896 
3 1909 1910 1902 
3 1909 1902 1908 
3 1908 1902 1900 
3 1910 1903 1902 
3 1913 1911 1912 
3 1911 1914 1912 
3 1913 1912 1915 
3 1912 1914 1915 
3 1916 1918 1919 
3 1917 1916 1919 
3 1918 1920 1921 
3 1919 1918 1921 
3 1920 1922 1923 
3 1921 1920 1923 
3 1922 1924 1923 
3 1927 1925 1917 
3 1927 1917 1926 
3 1926 1917 1919 
3 1913 1921 1911 
3 1913 1926 1921 
3 1926 1919 1921 
3 1911 1928 1914 
3 1911 1921 1928 
3 1921 1923 1928 
3 1924 1929 1930 
3 1924 1930 1923 
3 1923 1930 1928 
3 1929 1931 1930 
3 1927 1926 1932 
3 1926 1913 1915 
3 1926 1915 1932 
3 1932 1915 1933 
3 1914 1933 1915 
3 1914 1934 1933 
3 1914 1928 1934 
3 1934 1935 1933 
3 1928 1930 1934 
3 1930 1936 1934 
3 1931 1937 1938 
3 1931 1938 1930 
3 1930 1938 1936 
3 1937 1939 1940 
3 1938 1937 1940 
3 1939 1941 1942 
3 1940 1939 1942 
3 1941 1943 1942 
3 1935 1934 1944 
3 1934 1936 1945 
3 1944 1934 1945 
3 1947 1945 1936 
3 1947 1936 1946 
3 1946 1936 1938 
3 1938 1940 1946 
3 1940 1948 1946 
3 1940 1942 1948 
3 1942 1949 1948 
3 1943 1950 1951 
3 1943 1951 1942 
3 1942 1951 1949 
3 1950 1952 1953 
3 1951 1950 1953 
3 1952 1954 1953 
3 1947 1946 1955 
3 1957 1955 1946 
3 1957 1946 1956 
3 1956 1946 1948 
3 1948 1949 1956 
3 1949 1958 1956 
3 1949 1951 1958 
3 1951 1959 1958 
3 1951 1953 1959 
3 1953 1960 1959 
3 1954 1961 1962 
3 1954 1962 1953 
3 1953 1962 1960 
3 1961 1963 1962 
3 1957 1956 1964 
3 1956 1958 1965 
3 1964 1956 1965 
3 1958 1959 1966 
3 1965 1958 1966 
3 1968 1966 1959 
3 1968 1959 1967 
3 1967 1959 1960 
3 1969 1970 1967 
3 1969 1967 1962 
3 1962 1967 1960 
3 1963 1969 1962 
3 1971 1972 1973 
3 1971 1974 1975 
3 1972 1971 1975 
3 1974 1976 1977 
3 1975 1974 1977 
3 1976 1978 1977 
3 1968 1967 1979 
3 1967 1970 1979 
3 1973 1972 1980 
3 1982 1980 1972 
3 1982 1972 1981 
3 1981 1972 1975 
3 1975 1977 1981 
3 1977 1983 1981 
3 1978 1984 1983 
3 1977 1978 1983 
3 1982 1981 1985 
3 1981 1983 1986 
3 1985 1981 1986 
3 1983 1984 1986 
3 1989 1987 1988 
3 1987 1990 1991 
3 1988 1987 1991 
3 1990 1992 1991 
3 1993 1994 1916 
3 1916 1994 1918 
3 1988 1994 1989 
3 1988 1920 1994 
3 1920 1918 1994 
3 1991 1920 1988 
3 1922 1920 1991 
3 1922 1991 1992 
3 1922 1992 1924 
3 1924 1992 1995 
3 1925 1927 1996 
3 1995 1929 1924 
3 1997 1929 1995 
3 1999 1931 1929 
3 1999 1929 1998 
3 1998 1929 1997 
3 1998 2000 1999 
3 1932 1996 1927 
3 1932 2002 1996 
3 2002 2001 1996 
3 1933 2002 1932 
3 2003 2002 1933 
3 1933 1935 2003 
3 1999 1937 1931 
3 2000 1937 1999 
3 2000 2004 1937 
3 2004 1939 1937 
3 2004 2005 1939 
3 1939 2005 1941 
3 1941 2005 2006 
3 1943 1941 2006 
3 2001 2002 2007 
3 2002 2008 2007 
3 2002 2003 2008 
3 2003 2009 2008 
3 1944 2003 1935 
3 1944 2010 2003 
3 2010 2009 2003 
3 1945 2010 1944 
3 2011 2010 1945 
3 1945 1947 2011 
3 2006 1950 1943 
3 2012 1950 2006 
3 2014 2013 1952 
3 2014 1952 2012 
3 2012 1952 1950 
3 1952 2013 1954 
3 2007 2008 2015 
3 2008 2016 2015 
3 2008 2009 2016 
3 2009 2017 2016 
3 2009 2010 2017 
3 2010 2018 2017 
3 2010 2011 2018 
3 2011 2019 2018 
3 1955 2011 1947 
3 1955 2020 2011 
3 2020 2019 2011 
3 1955 1957 2020 
3 2014 2021 2013 
3 2013 1961 1954 
3 2013 2021 1961 
3 2021 2022 1961 
3 1961 2022 2023 
3 1963 1961 2023 
3 2015 2016 2024 
3 2016 2025 2024 
3 2016 2017 2025 
3 2017 2026 2025 
3 2017 2018 2026 
3 2018 2027 2026 
3 2018 2019 2027 
3 2019 2028 2027 
3 2019 2020 2028 
3 2020 2029 2028 
3 1964 2020 1957 
3 1964 2030 2020 
3 2030 2029 2020 
3 1965 2030 1964 
3 2031 2030 1965 
3 1966 2031 1965 
3 2032 2031 1966 
3 1966 1968 2032 
3 1969 2033 1970 
3 1971 2033 2034 
3 1971 1973 2033 
3 2034 2033 2023 
3 1969 1963 2033 
3 2023 2033 1963 
3 2034 2035 1971 
3 1971 2035 1974 
3 2037 2036 1976 
3 2037 1976 2035 
3 2035 1976 1974 
3 1976 2036 1978 
3 2024 2025 2038 
3 2025 2039 2038 
3 2025 2026 2039 
3 2026 2040 2039 
3 2026 2027 2040 
3 2027 2041 2040 
3 2027 2028 2041 
3 2028 2042 2041 
3 2028 2029 2042 
3 2029 2043 2042 
3 2029 2030 2043 
3 2030 2044 2043 
3 2030 2031 2044 
3 2031 2045 2044 
3 2031 2032 2045 
3 2032 2046 2045 
3 1979 2032 1968 
3 1979 2047 2032 
3 2047 2046 2032 
3 1970 2047 1979 
3 1970 2033 2047 
3 2033 2048 2047 
3 1980 2033 1973 
3 1980 2049 2033 
3 2049 2048 2033 
3 1980 1982 2049 
3 2037 2050 2036 
3 2036 1984 1978 
3 2036 2051 1984 
3 2036 2050 2051 
3 2051 2052 1984 
3 2053 2052 2051 
3 2038 2039 2055 
3 2054 2038 2055 
3 2039 2040 2056 
3 2055 2039 2056 
3 2040 2041 2057 
3 2056 2040 2057 
3 2041 2042 2058 
3 2057 2041 2058 
3 2042 2043 2059 
3 2058 2042 2059 
3 2043 2044 2060 
3 2059 2043 2060 
3 2062 2060 2044 
3 2062 2044 2061 
3 2061 2044 2045 
3 2045 2046 2061 
3 2046 2063 2061 
3 2046 2047 2063 
3 2047 2064 2063 
3 2047 2048 2064 
3 2048 2065 2064 
3 2048 2049 2065 
3 2049 2066 2065 
3 1985 2049 1982 
3 1985 2067 2049 
3 2067 2066 2049 
3 1986 2067 1985 
3 2068 2067 1986 
3 1984 2068 1986 
3 1984 2052 2068 
3 2052 2069 2068 
3 2053 2070 2052 
3 2052 2070 2071 
3 2052 2071 2069 
3 2070 2072 2073 
3 2070 2073 2071 
3 2062 2061 2074 
3 2076 2074 2061 
3 2076 2061 2075 
3 2075 2061 2063 
3 2077 2078 2075 
3 2077 2075 2064 
3 2064 2075 2063 
3 2064 2065 2079 
3 2077 2064 2079 
3 2081 2079 2065 
3 2081 2065 2080 
3 2080 2065 2066 
3 2066 2067 2080 
3 2067 2082 2080 
3 2067 2068 2082 
3 2068 2083 2082 
3 2068 2069 2083 
3 2069 2084 2083 
3 2069 2071 2084 
3 2071 2085 2084 
3 2071 2073 2085 
3 2073 2086 2085 
3 2076 2075 2087 
3 2075 2078 2087 
3 2089 2081 2080 
3 2088 2089 2080 
3 2080 2082 2088 
3 2082 2090 2088 
3 2082 2083 2090 
3 2083 2091 2090 
3 2083 2084 2091 
3 2084 2092 2091 
3 2084 2085 2092 
3 2085 2093 2092 
3 2085 2086 2093 
3 2086 2094 2093 
3 2089 2088 2095 
3 2088 2090 2096 
3 2095 2088 2096 
3 2090 2091 2097 
3 2096 2090 2097 
3 2091 2092 2098 
3 2097 2091 2098 
3 2100 2098 2092 
3 2100 2092 2099 
3 2099 2092 2093 
3 2093 2094 2099 
3 2094 2101 2099 
3 2100 2099 2102 
3 2104 2102 2099 
3 2104 2099 2103 
3 2103 2099 2101 
3 2104 2103 2105 
3 2108 2106 2107 
3 2106 2109 2107 
3 2110 2108 2107 
3 2110 2107 2111 
3 2111 2107 2112 
3 2109 2113 1987 
3 2109 1987 2112 
3 2109 2112 2107 
3 2112 1987 1989 
3 2115 2114 1990 
3 2115 1990 2113 
3 2113 1990 1987 
3 1990 2114 1992 
3 2112 1993 2111 
3 1994 1993 2112 
3 2112 1989 1994 
3 2115 2116 2114 
3 2114 1995 1992 
3 2114 2117 1995 
3 2114 2116 2117 
3 2117 2118 1995 
3 2117 2119 2118 
3 2118 1997 1995 
3 2119 1997 2118 
3 2119 2120 1997 
3 2120 1998 1997 
3 2122 2000 1998 
3 2122 1998 2121 
3 2121 1998 2120 
3 2121 2123 2122 
3 2122 2004 2000 
3 2123 2004 2122 
3 2123 2124 2004 
3 2124 2005 2004 
3 2005 2124 2125 
3 2006 2005 2125 
3 2125 2012 2006 
3 2126 2012 2125 
3 2128 2014 2012 
3 2128 2012 2127 
3 2127 2012 2126 
3 2127 2129 2128 
3 2128 2021 2014 
3 2129 2021 2128 
3 2129 2130 2021 
3 2130 2022 2021 
3 2022 2130 2131 
3 2023 2022 2131 
3 2131 2034 2023 
3 2132 2034 2131 
3 2134 2133 2035 
3 2134 2035 2132 
3 2132 2035 2034 
3 2035 2133 2037 
3 2134 2135 2133 
3 2133 2050 2037 
3 2133 2135 2050 
3 2135 2136 2050 
3 2136 2137 2050 
3 2050 2137 2051 
3 2051 2137 2138 
3 2053 2051 2138 
3 2055 2139 2054 
3 2140 2139 2055 
3 2056 2140 2055 
3 2141 2140 2056 
3 2141 2142 2143 
3 2141 2056 2142 
3 2056 2057 2142 
3 2142 2057 2144 
3 2057 2058 2144 
3 2144 2058 2145 
3 2058 2059 2145 
3 2145 2059 2146 
3 2059 2060 2146 
3 2060 2147 2146 
3 2062 2147 2060 
3 2138 2070 2053 
3 2148 2070 2138 
3 2150 2149 2072 
3 2150 2072 2148 
3 2148 2072 2070 
3 2139 2140 2151 
3 2140 2152 2151 
3 2140 2141 2152 
3 2141 2153 2152 
3 2143 2154 2153 
3 2141 2143 2153 
3 2147 2062 2074 
3 2155 2147 2074 
3 2157 2074 2076 
3 2157 2156 2074 
3 2156 2155 2074 
3 2078 2156 2157 
3 2078 2077 2156 
3 2077 2158 2156 
3 2160 2079 2159 
3 2160 2158 2079 
3 2158 2077 2079 
3 2079 2081 2159 
3 2150 2161 2149 
3 2151 2152 2162 
3 2152 2163 2162 
3 2152 2153 2163 
3 2153 2164 2163 
3 2154 2165 2166 
3 2154 2166 2153 
3 2153 2166 2164 
3 2165 2167 2166 
3 2157 2076 2087 
3 2157 2087 2078 
3 2160 2159 2168 
3 2159 2169 2168 
3 2159 2081 2169 
3 2081 2089 2169 
3 2172 2170 2162 
3 2172 2162 2171 
3 2171 2162 2163 
3 2163 2164 2171 
3 2164 2173 2171 
3 2174 2175 2173 
3 2174 2173 2166 
3 2166 2173 2164 
3 2166 2167 2174 
3 2169 2089 2095 
3 2176 2169 2095 
3 2176 2095 2177 
3 2095 2096 2177 
3 2179 2097 2178 
3 2179 2177 2097 
3 2177 2096 2097 
3 2098 2178 2097 
3 2180 2178 2098 
3 2098 2100 2180 
3 2172 2171 2181 
3 2171 2173 2182 
3 2181 2171 2182 
3 2173 2175 2182 
3 2179 2178 2183 
3 2178 2180 2184 
3 2183 2178 2184 
3 2180 2100 2102 
3 2180 2102 2184 
3 2184 2102 2185 
3 2102 2186 2185 
3 2104 2186 2102 
3 2186 2104 2105 
3 2187 2186 2105 
3 2106 2108 2188 
3 2106 2188 2109 
3 2189 2191 2190 
3 2110 2189 2190 
3 2110 2190 2188 
3 2110 2188 2108 
3 2188 2113 2109 
3 2188 2190 2113 
3 2190 2192 2113 
3 2194 2115 2113 
3 2194 2113 2193 
3 2193 2113 2192 
3 2193 2195 2194 
3 2189 2196 2191 
3 2194 2116 2115 
3 2195 2116 2194 
3 2195 2197 2116 
3 2197 2117 2116 
3 2117 2197 2198 
3 2119 2117 2198 
3 2198 2120 2119 
3 2199 2120 2198 
3 2201 2200 2121 
3 2201 2121 2199 
3 2199 2121 2120 
3 2121 2200 2123 
3 2202 2203 2204 
3 2201 2205 2200 
3 2207 2206 2124 
3 2205 2207 2124 
3 2205 2124 2123 
3 2205 2123 2200 
3 2124 2206 2125 
3 2203 2208 2204 
3 2207 2209 2206 
3 2211 2210 2126 
3 2209 2211 2126 
3 2209 2126 2125 
3 2209 2125 2206 
3 2127 2126 2210 
3 2212 2127 2210 
3 2127 2212 2129 
3 2211 2213 2210 
3 2210 2214 2212 
3 2213 2214 2210 
3 2216 2215 2130 
3 2214 2216 2130 
3 2214 2130 2129 
3 2214 2129 2212 
3 2130 2215 2131 
3 2216 2217 2215 
3 2215 2132 2131 
3 2215 2217 2132 
3 2217 2218 2132 
3 2132 2218 2219 
3 2134 2132 2219 
3 2219 2135 2134 
3 2220 2135 2219 
3 2220 2221 2135 
3 2135 2221 2136 
3 2221 2222 2136 
3 2136 2222 2137 
3 2137 2222 2223 
3 2138 2137 2223 
3 2142 2224 2143 
3 2224 2225 2226 
3 2224 2142 2225 
3 2142 2144 2225 
3 2225 2144 2227 
3 2144 2145 2227 
3 2227 2145 2228 
3 2145 2146 2228 
3 2146 2229 2228 
3 2147 2229 2146 
3 2223 2148 2138 
3 2230 2148 2223 
3 2148 2230 2231 
3 2150 2148 2231 
3 2232 2143 2224 
3 2232 2233 2143 
3 2233 2154 2143 
3 2224 2226 2232 
3 2229 2147 2155 
3 2234 2229 2155 
3 2234 2155 2235 
3 2155 2156 2235 
3 2237 2158 2236 
3 2237 2235 2158 
3 2235 2156 2158 
3 2158 2160 2236 
3 2231 2161 2150 
3 2238 2161 2231 
3 2165 2240 2239 
3 2165 2154 2240 
3 2154 2233 2240 
3 2165 2239 2167 
3 2237 2236 2241 
3 2236 2160 2168 
3 2236 2168 2241 
3 2241 2168 2242 
3 2168 2243 2242 
3 2169 2243 2168 
3 2170 2245 2244 
3 2172 2245 2170 
3 2248 2247 2246 
3 2239 2175 2174 
3 2240 2175 2239 
3 2240 2247 2175 
3 2240 2246 2247 
3 2239 2174 2167 
3 2243 2169 2176 
3 2249 2243 2176 
3 2249 2176 2250 
3 2176 2177 2250 
3 2252 2177 2179 
3 2252 2251 2177 
3 2251 2250 2177 
3 2251 2252 2253 
3 2245 2172 2181 
3 2254 2245 2181 
3 2247 2248 2254 
3 2247 2254 2182 
3 2182 2254 2181 
3 2247 2182 2175 
3 2179 2183 2252 
3 2253 2252 2183 
3 2253 2183 2255 
3 2255 2183 2184 
3 2255 2184 2256 
3 2184 2185 2256 
3 2185 2257 2256 
3 2186 2257 2185 
3 2257 2186 2187 
3 2258 2257 2187 
3 2191 2260 2259 
3 2191 2259 2190 
3 2190 2259 2261 
3 2261 2262 2190 
3 2190 2262 2192 
3 2262 2263 2192 
3 2192 2263 2193 
3 2193 2263 2264 
3 2195 2193 2264 
3 2260 2191 2196 
3 2264 2197 2195 
3 2265 2197 2264 
3 2197 2265 2266 
3 2198 2197 2266 
3 2266 2199 2198 
3 2267 2199 2266 
3 2269 2201 2199 
3 2269 2199 2268 
3 2268 2199 2267 
3 2268 2270 2269 
3 2202 2272 2271 
3 2204 2272 2202 
3 2269 2205 2201 
3 2205 2274 2207 
3 2269 2274 2205 
3 2269 2273 2274 
3 2269 2270 2273 
3 2273 2275 2274 
3 2276 2204 2208 
3 2276 2277 2204 
3 2277 2272 2204 
3 2274 2209 2207 
3 2209 2279 2211 
3 2274 2279 2209 
3 2274 2278 2279 
3 2274 2275 2278 
3 2278 2280 2279 
3 2276 2281 2277 
3 2279 2213 2211 
3 2280 2213 2279 
3 2280 2282 2213 
3 2282 2214 2213 
3 2214 2282 2283 
3 2216 2214 2283 
3 2283 2217 2216 
3 2284 2217 2283 
3 2284 2285 2217 
3 2217 2285 2218 
3 2218 2285 2286 
3 2219 2218 2286 
3 2286 2220 2219 
3 2287 2220 2286 
3 2287 2288 2220 
3 2220 2288 2221 
3 2288 2289 2221 
3 2221 2289 2222 
3 2222 2289 2290 
3 2223 2222 2290 
3 2225 2291 2226 
3 2291 2292 2293 
3 2291 2225 2292 
3 2225 2227 2292 
3 2292 2227 2294 
3 2227 2228 2294 
3 2228 2295 2294 
3 2229 2295 2228 
3 2290 2230 2223 
3 2296 2230 2290 
3 2298 2231 2230 
3 2298 2230 2297 
3 2297 2230 2296 
3 2232 2299 2233 
3 2299 2300 2301 
3 2232 2300 2299 
3 2232 2291 2300 
3 2232 2226 2291 
3 2291 2293 2300 
3 2295 2229 2234 
3 2302 2295 2234 
3 2302 2234 2303 
3 2234 2235 2303 
3 2305 2235 2237 
3 2305 2304 2235 
3 2304 2303 2235 
3 2304 2305 2306 
3 2298 2238 2231 
3 2307 2308 2309 
3 2310 2233 2299 
3 2310 2311 2233 
3 2311 2240 2233 
3 2299 2301 2310 
3 2305 2237 2241 
3 2306 2305 2241 
3 2306 2241 2312 
3 2312 2241 2242 
3 2314 2242 2243 
3 2314 2313 2242 
3 2313 2312 2242 
3 2313 2316 2315 
3 2314 2316 2313 
3 2315 2318 2317 
3 2316 2318 2315 
3 2317 2318 2319 
3 2244 2245 2321 
3 2308 2244 2321 
3 2308 2321 2320 
3 2308 2320 2309 
3 2248 2320 2321 
3 2248 2246 2320 
3 2246 2322 2320 
3 2322 2246 2240 
3 2311 2322 2240 
3 2314 2243 2249 
3 2316 2314 2249 
3 2250 2316 2249 
3 2318 2316 2250 
3 2251 2318 2250 
3 2251 2253 2324 
3 2318 2251 2324 
3 2318 2324 2323 
3 2318 2323 2319 
3 2323 2324 2325 
3 2321 2245 2254 
3 2321 2254 2248 
3 2324 2253 2255 
3 2325 2324 2255 
3 2325 2255 2326 
3 2326 2255 2256 
3 2328 2256 2257 
3 2328 2327 2256 
3 2327 2326 2256 
3 2328 2257 2258 
3 2329 2330 2259 
3 2259 2330 2261 
3 2330 2331 2261 
3 2261 2331 2262 
3 2331 2332 2262 
3 2262 2332 2263 
3 2263 2332 2333 
3 2264 2263 2333 
3 2333 2265 2264 
3 2334 2265 2333 
3 2336 2266 2265 
3 2336 2265 2335 
3 2335 2265 2334 
3 2335 2337 2336 
3 2338 2339 2340 
3 2336 2267 2266 
3 2337 2267 2336 
3 2337 2341 2267 
3 2341 2268 2267 
3 2268 2341 2342 
3 2270 2268 2342 
3 2271 2340 2339 
3 2271 2272 2340 
3 2272 2343 2340 
3 2342 2273 2270 
3 2344 2273 2342 
3 2273 2344 2345 
3 2275 2273 2345 
3 2347 2346 2343 
3 2347 2343 2277 
3 2277 2343 2272 
3 2346 2347 2348 
3 2345 2278 2275 
3 2349 2278 2345 
3 2278 2349 2350 
3 2280 2278 2350 
3 2277 2281 2351 
3 2277 2351 2347 
3 2347 2351 2352 
3 2348 2352 2353 
3 2347 2352 2348 
3 2350 2282 2280 
3 2354 2282 2350 
3 2356 2283 2282 
3 2356 2282 2355 
3 2355 2282 2354 
3 2355 2357 2356 
3 2359 2358 2360 
3 2359 2352 2358 
3 2352 2351 2358 
3 2352 2359 2353 
3 2356 2284 2283 
3 2357 2284 2356 
3 2357 2361 2284 
3 2361 2285 2284 
3 2363 2286 2285 
3 2363 2285 2362 
3 2362 2285 2361 
3 2362 2364 2365 
3 2363 2362 2365 
3 2364 2366 2367 
3 2365 2364 2367 
3 2366 2368 2367 
3 2358 2369 2360 
3 2363 2287 2286 
3 2365 2287 2363 
3 2288 2287 2365 
3 2367 2288 2365 
3 2289 2288 2367 
3 2289 2371 2290 
3 2367 2371 2289 
3 2367 2370 2371 
3 2367 2368 2370 
3 2370 2372 2371 
3 2292 2373 2293 
3 2373 2374 2375 
3 2373 2292 2374 
3 2292 2294 2374 
3 2377 2294 2295 
3 2377 2376 2294 
3 2376 2374 2294 
3 2376 2379 2378 
3 2377 2379 2376 
3 2378 2381 2380 
3 2379 2381 2378 
3 2380 2381 2382 
3 2371 2296 2290 
3 2372 2296 2371 
3 2372 2383 2296 
3 2383 2297 2296 
3 2386 2385 2384 
3 2301 2384 2385 
3 2301 2300 2384 
3 2300 2387 2384 
3 2293 2373 2388 
3 2293 2388 2300 
3 2300 2388 2387 
3 2373 2375 2388 
3 2377 2295 2302 
3 2379 2377 2302 
3 2303 2379 2302 
3 2381 2379 2303 
3 2304 2381 2303 
3 2304 2306 2390 
3 2381 2304 2390 
3 2381 2390 2389 
3 2381 2389 2382 
3 2389 2392 2391 
3 2390 2392 2389 
3 2391 2392 2393 
3 2307 2309 2394 
3 2397 2396 2395 
3 2385 2311 2310 
3 2386 2311 2385 
3 2386 2396 2311 
3 2386 2395 2396 
3 2385 2310 2301 
3 2390 2306 2312 
3 2392 2390 2312 
3 2313 2392 2312 
3 2393 2392 2313 
3 2393 2313 2398 
3 2398 2313 2315 
3 2398 2315 2399 
3 2315 2317 2399 
3 2317 2400 2399 
3 2319 2400 2317 
3 2309 2401 2394 
3 2309 2402 2401 
3 2309 2320 2402 
3 2403 2401 2402 
3 2396 2397 2402 
3 2396 2402 2322 
3 2322 2402 2320 
3 2396 2322 2311 
3 2400 2319 2323 
3 2404 2400 2323 
3 2406 2323 2325 
3 2406 2405 2323 
3 2405 2404 2323 
3 2405 2406 2407 
3 2401 2403 2408 
3 2406 2325 2326 
3 2406 2326 2327 
3 2406 2327 2410 
3 2406 2410 2407 
3 2409 2410 2327 
3 738 2411 736 
3 2411 740 736 
3 2409 2412 2410 
3 2415 2413 2414 
3 2413 2416 2414 
3 2417 2418 2329 
3 2329 2418 2330 
3 2414 2418 2415 
3 2414 2331 2418 
3 2331 2330 2418 
3 2416 2331 2414 
3 2416 2419 2331 
3 2419 2332 2331 
3 2421 2333 2332 
3 2421 2332 2420 
3 2420 2332 2419 
3 2420 2422 2421 
3 2423 2424 2425 
3 2421 2334 2333 
3 2422 2334 2421 
3 2422 2426 2334 
3 2426 2335 2334 
3 2335 2426 2427 
3 2337 2335 2427 
3 2338 2425 2424 
3 2338 2340 2425 
3 2340 2428 2425 
3 2427 2341 2337 
3 2429 2341 2427 
3 2341 2429 2430 
3 2342 2341 2430 
3 2428 2340 2431 
3 2431 2340 2343 
3 2430 2344 2342 
3 2432 2344 2430 
3 2434 2345 2344 
3 2434 2344 2433 
3 2433 2344 2432 
3 2433 2435 2434 
3 2346 2436 2437 
3 2346 2437 2343 
3 2343 2437 2431 
3 2346 2348 2436 
3 2434 2349 2345 
3 2349 2439 2350 
3 2434 2439 2349 
3 2434 2438 2439 
3 2434 2435 2438 
3 2438 2440 2439 
3 2437 2436 2441 
3 2436 2442 2441 
3 2436 2348 2442 
3 2348 2353 2442 
3 2439 2354 2350 
3 2440 2354 2439 
3 2440 2443 2354 
3 2443 2355 2354 
3 2445 2357 2355 
3 2445 2355 2444 
3 2444 2355 2443 
3 2444 2446 2447 
3 2445 2444 2447 
3 2446 2448 2449 
3 2447 2446 2449 
3 2448 2450 2451 
3 2449 2448 2451 
3 2450 2452 2451 
3 2360 2454 2453 
3 2360 2453 2359 
3 2359 2453 2455 
3 2455 2353 2359 
3 2442 2353 2455 
3 2445 2361 2357 
3 2447 2361 2445 
3 2362 2361 2447 
3 2449 2362 2447 
3 2364 2362 2449 
3 2451 2364 2449 
3 2366 2364 2451 
3 2366 2457 2368 
3 2451 2457 2366 
3 2451 2456 2457 
3 2451 2452 2456 
3 2456 2458 2457 
3 2454 2360 2369 
3 2457 2370 2368 
3 2370 2460 2372 
3 2457 2460 2370 
3 2457 2459 2460 
3 2457 2458 2459 
3 2374 2461 2375 
3 2461 2462 2463 
3 2461 2374 2462 
3 2374 2376 2462 
3 2462 2376 2464 
3 2376 2378 2464 
3 2466 2380 2465 
3 2466 2464 2380 
3 2464 2378 2380 
3 2380 2382 2465 
3 2460 2383 2372 
3 2386 2467 2468 
3 2384 2467 2386 
3 2467 2384 2469 
3 2384 2387 2469 
3 2469 2387 2470 
3 2387 2388 2470 
3 2375 2461 2471 
3 2375 2471 2388 
3 2388 2471 2470 
3 2461 2463 2471 
3 2466 2465 2472 
3 2465 2382 2389 
3 2465 2389 2472 
3 2472 2389 2473 
3 2473 2389 2474 
3 2389 2391 2474 
3 2391 2475 2474 
3 2393 2475 2391 
3 2478 2477 2476 
3 2397 2476 2477 
3 2397 2395 2476 
3 2395 2479 2476 
3 2479 2395 2386 
3 2468 2479 2386 
3 2475 2393 2398 
3 2480 2475 2398 
3 2480 2398 2481 
3 2398 2399 2481 
3 2399 2482 2481 
3 2400 2482 2399 
3 2477 2403 2402 
3 2478 2403 2477 
3 2478 2484 2403 
3 2478 2483 2484 
3 2477 2402 2397 
3 2482 2400 2404 
3 2485 2482 2404 
3 2485 2404 2486 
3 2404 2405 2486 
3 2405 2487 2486 
3 2407 2487 2405 
3 2484 2408 2403 
3 2488 2490 2489 
3 2492 2491 2487 
3 2492 2487 2410 
3 2410 2487 2407 
3 2489 2490 2493 
3 2411 738 771 
3 2411 771 740 
3 2492 2410 2412 
3 2494 2496 2495 
3 2495 2497 2494 
3 2495 2499 2497 
3 2499 2498 2497 
3 2503 2501 2502 
3 2500 2501 2503 
3 2505 2506 2501 
3 2505 2501 2504 
3 2504 2501 2500 
3 2504 2507 2505 
3 2498 2499 2508 
3 2508 2499 2509 
3 2510 2506 2505 
3 2510 2511 2506 
3 2511 2512 2506 
3 2507 2510 2505 
3 2513 2514 2515 
3 2513 2516 2517 
3 2514 2513 2517 
3 2516 2518 2517 
3 2508 2509 2519 
3 2519 2509 2520 
3 2511 2522 2512 
3 2521 2522 2511 
3 2514 2521 2515 
3 2514 2523 2521 
3 2523 2522 2521 
3 2517 2523 2514 
3 2524 2523 2517 
3 2518 2524 2517 
3 2518 2525 2524 
3 2525 2526 2524 
3 2528 2529 2526 
3 2528 2526 2527 
3 2527 2526 2525 
3 2527 2530 2528 
3 2534 2533 2531 
3 2532 2534 2531 
3 2531 2536 2532 
3 2531 2537 2536 
3 2532 2536 2520 
3 2535 2519 2536 
3 2520 2536 2519 
3 2535 2536 2538 
3 2542 2539 2541 
3 2540 2539 2542 
3 2544 2540 2545 
3 2544 2543 2540 
3 2543 2539 2540 
3 2543 2547 2546 
3 2544 2547 2543 
3 2546 2549 2548 
3 2547 2549 2546 
3 2548 2551 2550 
3 2549 2551 2548 
3 2550 2551 2552 
3 2528 2553 2529 
3 2530 2553 2528 
3 2530 2554 2553 
3 2554 2555 2553 
3 2554 2556 2555 
3 2555 2556 2557 
3 1100 2558 2557 
3 1100 2557 1099 
3 1099 2557 2556 
3 2559 2564 2560 
3 2563 2534 2561 
3 2563 2533 2534 
3 2534 2562 2561 
3 2566 2562 2537 
3 2566 2561 2562 
3 2537 2562 2536 
3 2567 2565 2562 
3 2536 2562 2565 
3 2538 2569 2568 
3 2538 2565 2569 
3 2538 2536 2565 
3 2565 2570 2569 
3 2568 2569 2571 
3 2569 2572 2571 
3 2571 2572 2573 
3 2572 2574 2573 
3 2573 2574 2542 
3 2541 2573 2542 
3 2544 2545 2575 
3 2575 2577 2576 
3 2575 2576 2544 
3 2544 2576 2547 
3 2579 2578 2549 
3 2579 2549 2576 
3 2576 2549 2547 
3 2551 2549 2578 
3 2580 2551 2578 
3 2580 2552 2551 
3 2580 2582 2552 
3 2582 2581 2552 
3 1100 1102 2558 
3 2563 2561 2584 
3 2559 2583 2564 
3 2561 2566 2584 
3 2567 2585 2565 
3 2565 2585 2570 
3 2576 2577 2586 
3 2576 2586 2579 
3 2581 2582 2588 
3 2587 2581 2588 
3 2587 2588 2589 
3 2588 2590 2589 
3 2590 2591 2589 
3 2592 2591 2590 
3 2591 2592 2594 
3 2593 2591 2594 
3 2593 2594 2595 
3 2594 2596 2595 
3 2595 2596 2597 
3 2596 2598 2597 
3 1113 2598 2599 
3 1113 1112 2598 
3 1112 2597 2598 
3 2601 2602 2600 
3 2601 2600 2603 
3 1113 2599 1118 
3 2600 2602 2604 
3 2600 2604 2603 
3 2605 2497 2606 
3 2606 2497 2498 
3 2607 2500 2503 
3 2609 2500 2607 
3 2609 2608 2500 
3 2608 2504 2500 
3 2504 2608 2610 
3 2507 2504 2610 
3 2612 2611 2606 
3 2612 2606 2508 
3 2508 2606 2498 
3 2611 2612 2613 
3 2510 2614 2511 
3 2513 2614 2615 
3 2513 2515 2614 
3 2615 2614 2610 
3 2510 2507 2614 
3 2610 2614 2507 
3 2615 2616 2513 
3 2513 2616 2516 
3 2618 2518 2516 
3 2618 2516 2617 
3 2617 2516 2616 
3 2617 2619 2618 
3 2620 2612 2508 
3 2620 2508 2621 
3 2621 2508 2519 
3 2612 2620 2613 
3 2614 2521 2511 
3 2614 2515 2521 
3 2618 2525 2518 
3 2619 2525 2618 
3 2619 2622 2525 
3 2622 2527 2525 
3 2624 2530 2527 
3 2624 2527 2623 
3 2623 2527 2622 
3 2623 2625 2626 
3 2624 2623 2626 
3 2625 2627 2626 
3 2531 2533 2628 
3 2628 2537 2531 
3 2630 2519 2629 
3 2630 2621 2519 
3 2519 2535 2629 
3 2535 2538 2629 
3 2633 2632 2631 
3 2541 2631 2632 
3 2541 2539 2631 
3 2539 2634 2631 
3 2634 2539 2635 
3 2539 2543 2635 
3 2635 2543 2636 
3 2543 2546 2636 
3 2636 2546 2637 
3 2546 2548 2637 
3 2637 2548 2638 
3 2548 2550 2638 
3 2550 2639 2638 
3 2552 2639 2550 
3 2624 2554 2530 
3 2626 2554 2624 
3 2556 2554 2626 
3 2627 2556 2626 
3 2627 1199 2556 
3 1199 1099 2556 
3 2640 2628 2533 
3 2563 2640 2533 
3 2628 2640 2537 
3 2640 2566 2537 
3 2629 2642 2630 
3 2629 2641 2642 
3 2538 2641 2629 
3 2538 2643 2641 
3 2538 2568 2643 
3 2644 2641 2643 
3 2643 2568 2645 
3 2568 2571 2645 
3 2632 2633 2645 
3 2632 2645 2573 
3 2573 2645 2571 
3 2632 2573 2541 
3 2647 2646 2639 
3 2647 2639 2581 
3 2581 2639 2552 
3 2646 2647 2648 
3 2640 2563 2584 
3 2642 2641 2649 
3 2640 2584 2566 
3 2641 2644 2649 
3 2647 2581 2587 
3 2648 2647 2587 
3 2648 2587 2650 
3 2650 2587 2589 
3 2652 2589 2591 
3 2652 2651 2589 
3 2651 2650 2589 
3 2651 2652 2653 
3 2652 2591 2593 
3 2653 2652 2593 
3 2653 2593 2654 
3 2654 2593 2595 
3 2654 2595 2655 
3 2595 2597 2655 
3 2655 2597 1207 
3 2597 1112 1207 
3 2657 2656 2658 
3 2657 2658 2606 
3 2606 2658 2605 
3 2656 2657 2659 
3 2661 2608 2609 
3 2660 2608 2661 
3 2608 2660 2662 
3 2610 2608 2662 
3 2663 2664 2665 
3 2657 2606 2611 
3 2611 2659 2657 
3 2611 2613 2659 
3 2663 2659 2664 
3 2664 2659 2613 
3 2662 2615 2610 
3 2666 2615 2662 
3 2666 2667 2615 
3 2615 2667 2616 
3 2669 2668 2617 
3 2669 2617 2667 
3 2667 2617 2616 
3 2617 2668 2619 
3 2672 2670 2671 
3 2664 2620 2621 
3 2665 2664 2621 
3 2665 2621 2671 
3 2665 2671 2670 
3 2664 2613 2620 
3 2675 2674 2673 
3 2673 2677 2676 
3 2674 2677 2673 
3 2676 2677 2678 
3 2669 2679 2668 
3 2668 2622 2619 
3 2668 2679 2622 
3 2679 2680 2622 
3 2680 2681 2622 
3 2622 2681 2623 
3 2681 2682 2623 
3 2623 2682 2625 
3 2625 2682 2683 
3 2627 2625 2683 
3 2672 2671 2684 
3 2671 2685 2684 
3 2671 2621 2685 
3 2621 2630 2685 
3 2631 2686 2633 
3 2686 2675 2687 
3 2686 2634 2675 
3 2686 2631 2634 
3 2634 2674 2675 
3 2677 2674 2634 
3 2635 2677 2634 
3 2678 2677 2635 
3 2678 2635 2688 
3 2688 2635 2636 
3 2688 2636 2689 
3 2636 2637 2689 
3 2689 2637 2690 
3 2637 2638 2690 
3 2692 2638 2639 
3 2692 2691 2638 
3 2691 2690 2638 
3 2691 2692 2693 
3 2683 1199 2627 
3 1230 1199 2683 
3 2695 2694 2685 
3 2695 2685 2642 
3 2642 2685 2630 
3 2644 2694 2695 
3 2644 2643 2694 
3 2643 2696 2694 
3 2696 2643 2697 
3 2643 2645 2697 
3 2633 2686 2698 
3 2633 2698 2645 
3 2645 2698 2697 
3 2686 2687 2698 
3 2692 2639 2646 
3 2646 2648 2700 
3 2692 2646 2700 
3 2692 2700 2699 
3 2692 2699 2693 
3 2699 2700 2701 
3 2695 2642 2649 
3 2695 2649 2644 
3 2700 2648 2650 
3 2701 2700 2650 
3 2701 2650 2702 
3 2702 2650 2651 
3 2651 2703 2702 
3 2653 2703 2651 
3 2706 2705 2704 
3 2704 2705 2707 
3 2703 2653 2654 
3 2708 2703 2654 
3 2705 2706 2708 
3 2705 2708 2655 
3 2655 2708 2654 
3 2707 2705 2655 
3 2707 2655 1242 
3 1242 2655 1207 
3 2710 2658 2656 
3 2709 2710 2656 
3 2656 2711 2709 
3 2659 2711 2656 
3 2713 2660 2661 
3 2712 2660 2713 
3 2660 2712 2714 
3 2662 2660 2714 
3 2665 2716 2715 
3 2663 2665 2715 
3 2715 2659 2663 
3 2711 2659 2715 
3 2714 2666 2662 
3 2717 2666 2714 
3 2717 2718 2666 
3 2666 2718 2667 
3 2720 2669 2667 
3 2720 2667 2719 
3 2719 2667 2718 
3 2719 2721 2722 
3 2720 2719 2722 
3 2721 2723 2724 
3 2722 2721 2724 
3 2723 2725 2724 
3 2670 2672 2726 
3 2726 2665 2670 
3 2726 2727 2665 
3 2727 2716 2665 
3 2675 2728 2729 
3 2673 2728 2675 
3 2731 2676 2730 
3 2731 2728 2676 
3 2728 2673 2676 
3 2733 2676 2678 
3 2733 2732 2676 
3 2730 2676 2734 
3 2734 2676 2732 
3 2732 2733 2735 
3 2720 2679 2669 
3 2722 2679 2720 
3 2680 2679 2722 
3 2724 2680 2722 
3 2681 2680 2724 
3 2725 2681 2724 
3 2725 2736 2681 
3 2736 2682 2681 
3 1255 2683 2682 
3 1255 2682 1254 
3 1254 2682 2736 
3 2726 2672 2684 
3 2684 2685 2738 
3 2726 2684 2738 
3 2726 2738 2737 
3 2726 2737 2727 
3 2737 2740 2739 
3 2738 2740 2737 
3 2739 2742 2741 
3 2740 2742 2739 
3 2741 2744 2743 
3 2742 2744 2741 
3 2743 2744 2687 
3 2743 2687 2729 
3 2729 2687 2675 
3 2731 2730 2745 
3 2730 2734 2745 
3 2678 2688 2733 
3 2735 2733 2688 
3 2735 2688 2746 
3 2746 2688 2689 
3 2746 2689 2747 
3 2689 2690 2747 
3 2747 2690 2748 
3 2690 2691 2748 
3 2691 2749 2748 
3 2693 2749 2691 
3 1255 1230 2683 
3 2738 2685 2694 
3 2740 2738 2694 
3 2696 2740 2694 
3 2742 2740 2696 
3 2697 2742 2696 
3 2744 2742 2697 
3 2698 2744 2697 
3 2744 2698 2687 
3 2749 2693 2699 
3 2750 2749 2699 
3 2699 2751 2750 
3 2701 2751 2699 
3 2751 2701 2702 
3 2752 2751 2702 
3 2754 2702 2703 
3 2754 2753 2702 
3 2753 2752 2702 
3 2706 2753 2754 
3 2706 2704 2753 
3 2756 2753 2755 
3 2755 2753 2704 
3 2704 2707 2755 
3 2754 2703 2708 
3 2756 2755 2757 
3 2754 2708 2706 
3 2755 2707 1242 
3 2755 1242 2757 
3 2757 1242 1265 
3 2759 2710 2709 
3 2758 2759 2709 
3 2709 2760 2758 
3 2711 2760 2709 
3 2761 2712 2713 
3 2712 2763 2714 
3 2761 2763 2712 
3 2761 2762 2763 
3 2761 2764 2762 
3 2762 2765 2763 
3 2716 2767 2766 
3 2715 2716 2766 
3 2766 2711 2715 
3 2760 2711 2766 
3 2763 2717 2714 
3 2765 2717 2763 
3 2765 2768 2717 
3 2768 2718 2717 
3 2768 2769 2718 
3 2718 2769 2719 
3 2769 2770 2719 
3 2719 2770 2721 
3 2770 2771 2721 
3 2721 2771 2723 
3 2723 2771 2772 
3 2725 2723 2772 
3 2767 2716 2773 
3 2773 2716 2727 
3 2729 2774 2775 
3 2728 2774 2729 
3 2777 2728 2731 
3 2777 2776 2728 
3 2776 2774 2728 
3 2734 2776 2777 
3 2734 2732 2776 
3 2732 2778 2776 
3 2780 2732 2735 
3 2780 2779 2732 
3 2779 2778 2732 
3 2779 2780 2781 
3 2772 2736 2725 
3 2782 2736 2772 
3 2782 1272 2736 
3 2736 1272 1254 
3 2737 2783 2784 
3 2737 2784 2727 
3 2727 2784 2773 
3 2783 2785 2786 
3 2783 2737 2785 
3 2737 2739 2785 
3 2785 2739 2787 
3 2739 2741 2787 
3 2787 2741 2788 
3 2741 2743 2788 
3 2788 2743 2729 
3 2775 2788 2729 
3 2777 2731 2745 
3 2777 2745 2734 
3 2780 2735 2746 
3 2781 2780 2746 
3 2781 2746 2789 
3 2789 2746 2747 
3 2789 2747 2790 
3 2747 2748 2790 
3 2792 2748 2749 
3 2792 2791 2748 
3 2791 2790 2748 
3 2791 2792 2793 
3 2784 2783 2794 
3 2783 2786 2794 
3 2792 2749 2750 
3 2750 2793 2792 
3 2750 2751 2793 
3 2751 2795 2793 
3 2795 2751 2752 
3 2796 2795 2752 
3 2796 2752 2797 
3 2752 2753 2797 
3 2799 2753 2756 
3 2799 2798 2753 
3 2798 2797 2753 
3 2798 2799 2800 
3 2799 2756 2757 
3 2800 2799 2757 
3 2800 2757 1285 
3 1285 2757 1265 
3 2801 2759 2758 
3 2758 2802 2801 
3 2758 2760 2802 
3 2760 2803 2802 
3 2804 2762 2764 
3 2762 2806 2765 
3 2804 2806 2762 
3 2804 2805 2806 
3 2804 2807 2805 
3 2805 2808 2806 
3 2767 2810 2809 
3 2766 2767 2809 
3 2809 2760 2766 
3 2803 2760 2809 
3 2806 2768 2765 
3 2808 2768 2806 
3 2808 2811 2768 
3 2811 2769 2768 
3 2811 2812 2769 
3 2769 2812 2770 
3 2812 2813 2770 
3 2770 2813 2771 
3 2771 2813 2814 
3 2772 2771 2814 
3 2810 2767 2815 
3 2815 2767 2773 
3 2818 2817 2816 
3 2816 2820 2819 
3 2817 2820 2816 
3 2775 2819 2820 
3 2775 2774 2819 
3 2774 2821 2819 
3 2823 2776 2822 
3 2823 2821 2776 
3 2821 2774 2776 
3 2822 2824 2825 
3 2822 2776 2824 
3 2776 2778 2824 
3 2827 2779 2826 
3 2827 2824 2779 
3 2824 2778 2779 
3 2779 2781 2826 
3 2814 2782 2772 
3 2828 2782 2814 
3 2828 1293 2782 
3 2782 1293 1272 
3 2830 2829 2815 
3 2830 2815 2784 
3 2784 2815 2773 
3 2786 2829 2830 
3 2786 2785 2829 
3 2785 2831 2829 
3 2817 2818 2831 
3 2817 2831 2787 
3 2787 2831 2785 
3 2820 2817 2787 
3 2788 2820 2787 
3 2820 2788 2775 
3 2823 2822 2832 
3 2822 2825 2832 
3 2834 2827 2826 
3 2833 2834 2826 
3 2781 2833 2826 
3 2781 2835 2833 
3 2781 2789 2835 
3 2836 2833 2835 
3 2838 2790 2837 
3 2838 2835 2790 
3 2835 2789 2790 
3 2837 2839 2840 
3 2837 2790 2839 
3 2790 2791 2839 
3 2791 2841 2839 
3 2793 2841 2791 
3 2830 2784 2794 
3 2830 2794 2786 
3 2834 2833 2842 
3 2833 2836 2842 
3 2838 2837 2843 
3 2837 2840 2843 
3 2845 2844 2841 
3 2845 2841 2795 
3 2795 2841 2793 
3 2844 2845 2846 
3 2845 2795 2796 
3 2846 2845 2796 
3 2846 2796 2847 
3 2847 2796 2797 
3 2849 2798 2848 
3 2849 2847 2798 
3 2847 2797 2798 
3 2798 2800 2848 
3 2849 2848 2850 
3 2848 2800 1285 
3 2848 1285 2850 
3 2850 1285 1306 
3 2851 2802 2852 
3 2852 2802 2803 
3 2854 2805 2807 
3 2853 2805 2854 
3 2856 2808 2805 
3 2856 2805 2855 
3 2855 2805 2853 
3 2855 2857 2856 
3 2810 2859 2858 
3 2809 2810 2858 
3 2858 2803 2809 
3 2852 2803 2858 
3 2856 2811 2808 
3 2857 2811 2856 
3 2857 2860 2811 
3 2860 2812 2811 
3 2860 2861 2812 
3 2812 2861 2813 
3 2813 2861 2862 
3 2814 2813 2862 
3 2865 2863 2864 
3 2863 2815 2864 
3 2863 2859 2815 
3 2859 2810 2815 
3 2816 2866 2818 
3 2819 2866 2816 
3 2867 2866 2819 
3 2867 2868 2869 
3 2867 2819 2868 
3 2819 2821 2868 
3 2871 2821 2823 
3 2871 2870 2821 
3 2870 2868 2821 
3 2825 2870 2871 
3 2825 2824 2870 
3 2824 2872 2870 
3 2824 2873 2872 
3 2827 2873 2824 
3 2862 2828 2814 
3 2874 2828 2862 
3 2875 1326 1293 
3 2875 1293 2874 
3 2874 1293 2828 
3 2865 2864 2876 
3 2864 2815 2829 
3 2864 2829 2876 
3 2876 2829 2877 
3 2877 2829 2878 
3 2829 2831 2878 
3 2818 2866 2879 
3 2818 2879 2831 
3 2831 2879 2878 
3 2881 2879 2866 
3 2881 2866 2880 
3 2880 2866 2867 
3 2869 2882 2883 
3 2869 2883 2867 
3 2867 2883 2880 
3 2882 2884 2883 
3 2823 2832 2871 
3 2871 2832 2825 
3 2886 2885 2873 
3 2886 2873 2834 
3 2834 2873 2827 
3 2836 2885 2886 
3 2836 2835 2885 
3 2888 2885 2887 
3 2887 2885 2835 
3 2890 2835 2838 
3 2890 2889 2835 
3 2887 2835 2891 
3 2891 2835 2889 
3 2840 2889 2890 
3 2840 2839 2889 
3 2839 2892 2889 
3 2839 2893 2892 
3 2841 2893 2839 
3 2875 1328 1326 
3 2881 2880 2894 
3 2880 2883 2895 
3 2894 2880 2895 
3 2883 2884 2895 
3 2886 2834 2842 
3 2888 2887 2896 
3 2886 2842 2836 
3 2887 2891 2896 
3 2838 2843 2890 
3 2890 2843 2840 
3 2893 2841 2844 
3 2897 2893 2844 
3 2899 2844 2846 
3 2899 2898 2844 
3 2898 2897 2844 
3 2898 2899 2900 
3 2899 2846 2847 
3 2847 2849 2902 
3 2899 2847 2902 
3 2899 2902 2901 
3 2899 2901 2900 
3 2901 2902 2903 
3 2902 2849 2850 
3 2903 2902 2850 
3 2903 2850 1337 
3 1337 2850 1306 
3 2907 2906 2904 
3 2905 2907 2904 
3 2904 2852 2905 
3 2851 2852 2904 
3 2908 2853 2854 
3 2910 2853 2908 
3 2910 2909 2853 
3 2909 2855 2853 
3 2912 2857 2855 
3 2912 2855 2911 
3 2911 2855 2909 
3 2911 2913 2912 
3 2916 2914 2915 
3 2905 2858 2859 
3 2907 2905 2859 
3 2907 2859 2915 
3 2907 2915 2914 
3 2905 2852 2858 
3 2912 2860 2857 
3 2913 2860 2912 
3 2913 2917 2860 
3 2917 2861 2860 
3 2919 2862 2861 
3 2919 2861 2918 
3 2918 2861 2917 
3 2918 2920 2919 
3 2915 2863 2865 
3 2915 2865 2916 
3 2916 2865 2921 
3 2915 2859 2863 
3 2924 2923 2922 
3 2922 2926 2925 
3 2923 2926 2922 
3 2869 2925 2926 
3 2869 2868 2925 
3 2928 2925 2927 
3 2927 2925 2868 
3 2870 2927 2868 
3 2929 2927 2870 
3 2872 2929 2870 
3 2930 2929 2872 
3 2872 2873 2930 
3 2919 2874 2862 
3 2874 1361 2875 
3 2919 1361 2874 
3 2919 1360 1361 
3 2919 2920 1360 
3 2921 2865 2876 
3 2931 2921 2876 
3 2931 2876 2932 
3 2876 2877 2932 
3 2932 2877 2933 
3 2877 2878 2933 
3 2923 2924 2933 
3 2923 2933 2879 
3 2879 2933 2878 
3 2934 2926 2923 
3 2934 2923 2881 
3 2934 2881 2935 
3 2881 2923 2879 
3 2927 2934 2928 
3 2927 2882 2934 
3 2926 2934 2869 
3 2869 2934 2882 
3 2882 2936 2884 
3 2882 2927 2936 
3 2927 2929 2936 
3 2929 2930 2936 
3 2930 2937 2936 
3 2885 2930 2873 
3 2885 2938 2930 
3 2938 2937 2930 
3 2940 2885 2888 
3 2940 2939 2885 
3 2938 2885 2941 
3 2941 2885 2939 
3 2891 2939 2940 
3 2891 2889 2939 
3 2943 2939 2942 
3 2942 2939 2889 
3 2942 2944 2945 
3 2942 2889 2944 
3 2889 2892 2944 
3 2892 2946 2944 
3 2893 2946 2892 
3 1361 1328 2875 
3 2935 2881 2894 
3 2947 2935 2894 
3 2947 2894 2948 
3 2894 2895 2948 
3 2884 2936 2949 
3 2884 2949 2895 
3 2895 2949 2948 
3 2936 2937 2950 
3 2949 2936 2950 
3 2937 2938 2951 
3 2950 2937 2951 
3 2938 2941 2951 
3 2888 2896 2940 
3 2943 2942 2952 
3 2940 2896 2891 
3 2942 2945 2952 
3 2946 2893 2897 
3 2953 2946 2897 
3 2953 2897 2954 
3 2897 2898 2954 
3 2898 2955 2954 
3 2900 2955 2898 
3 2955 2900 2901 
3 2956 2955 2901 
3 2901 2957 2956 
3 2903 2957 2901 
3 2957 2903 1337 
3 1372 2957 1337 
3 2958 2906 2959 
3 2959 2906 2907 
3 2960 2909 2910 
3 2962 2909 2960 
3 2962 2961 2909 
3 2961 2911 2909 
3 2911 2961 2963 
3 2913 2911 2963 
3 2916 2965 2964 
3 2914 2916 2964 
3 2964 2907 2914 
3 2959 2907 2964 
3 2963 2917 2913 
3 2966 2917 2963 
3 2968 2967 2918 
3 2968 2918 2966 
3 2966 2918 2917 
3 2918 2967 2920 
3 2970 2969 2965 
3 2970 2965 2921 
3 2921 2965 2916 
3 2969 2972 2971 
3 2970 2972 2969 
3 2971 2972 2973 
3 2922 2974 2924 
3 2925 2974 2922 
3 2975 2974 2925 
3 2925 2928 2975 
3 2978 2977 2976 
3 2976 2977 2979 
3 2968 2980 2967 
3 2967 1360 2920 
3 2967 2980 1360 
3 2980 1393 1360 
3 2970 2921 2931 
3 2972 2970 2931 
3 2932 2972 2931 
3 2973 2972 2932 
3 2973 2932 2981 
3 2981 2932 2933 
3 2924 2974 2982 
3 2924 2982 2933 
3 2933 2982 2981 
3 2982 2935 2983 
3 2982 2975 2935 
3 2982 2974 2975 
3 2934 2935 2975 
3 2975 2928 2934 
3 2941 2984 2985 
3 2939 2984 2941 
3 2987 2977 2943 
3 2987 2986 2977 
3 2943 2977 2939 
3 2978 2984 2977 
3 2939 2977 2984 
3 2977 2986 2979 
3 2945 2944 2988 
3 2944 2946 2988 
3 2983 2935 2947 
3 2989 2983 2947 
3 2989 2947 2990 
3 2947 2948 2990 
3 2990 2948 2991 
3 2948 2949 2991 
3 2991 2949 2992 
3 2949 2950 2992 
3 2992 2950 2993 
3 2950 2951 2993 
3 2993 2951 2941 
3 2985 2993 2941 
3 2987 2943 2952 
3 2994 2987 2952 
3 2945 2988 2995 
3 2945 2995 2952 
3 2952 2995 2994 
3 2988 2946 2953 
3 2988 2953 2995 
3 2995 2953 2996 
3 2996 2953 2997 
3 2953 2954 2997 
3 2954 2998 2997 
3 2955 2998 2954 
3 3001 2999 3000 
3 2999 3002 3000 
3 2998 2955 2956 
3 3003 2998 2956 
3 1404 2956 2957 
3 1404 1403 2956 
3 1403 3003 2956 
3 3001 3000 3004 
3 3000 3002 3004 
3 1404 2957 1372 
3 3005 2958 3006 
3 3006 2958 2959 
3 3008 2961 2962 
3 3007 2961 3008 
3 2961 3007 3009 
3 2963 2961 3009 
3 2964 2965 3010 
3 3011 3006 2959 
3 3011 2959 3010 
3 3011 3010 3012 
3 2964 3010 2959 
3 3011 3012 3013 
3 3009 2966 2963 
3 3014 2966 3009 
3 3016 2968 2966 
3 3016 2966 3015 
3 3015 2966 3014 
3 3015 3017 3016 
3 3010 2965 2969 
3 3012 3010 2969 
3 2971 3012 2969 
3 2971 3013 3012 
3 2971 2973 3013 
3 2973 3018 3013 
3 2976 3019 2978 
3 2976 2979 3019 
3 3016 2980 2968 
3 3017 2980 3016 
3 3017 1440 2980 
3 1440 1393 2980 
3 3018 2973 2981 
3 3020 3018 2981 
3 3022 2982 3021 
3 3022 3020 2982 
3 3020 2981 2982 
3 2982 2983 3021 
3 2985 3023 3024 
3 2984 3023 2985 
3 2987 3026 2986 
3 2978 3019 2984 
3 2984 3019 3025 
3 2984 3025 3023 
3 3025 2979 3027 
3 3025 3019 2979 
3 3027 2979 3028 
3 2986 3026 2979 
3 3028 2979 3026 
3 3027 3028 3029 
3 3022 3021 3030 
3 3021 2983 2989 
3 3021 2989 3030 
3 3030 2989 3031 
3 3033 2990 3032 
3 3033 3031 2990 
3 3031 2989 2990 
3 2991 3032 2990 
3 3034 3032 2991 
3 2992 3034 2991 
3 3035 3034 2992 
3 2993 3035 2992 
3 3036 3035 2993 
3 3037 2985 3024 
3 3037 3036 2985 
3 3037 3038 3036 
3 2993 2985 3036 
3 3037 3039 3038 
3 2987 2994 3026 
3 3028 3026 2994 
3 2995 3028 2994 
3 3029 3028 2995 
3 3029 2995 3040 
3 3040 2995 2996 
3 3040 2996 3041 
3 2996 2997 3041 
3 2997 3042 3041 
3 2998 3042 2997 
3 3033 3032 3043 
3 3045 3043 3032 
3 3045 3032 3044 
3 3044 3032 3034 
3 3034 3035 3044 
3 3035 3046 3044 
3 3001 3036 2999 
3 3001 3046 3036 
3 3046 3035 3036 
3 3047 3036 3038 
3 3047 3002 3036 
3 3047 3048 3002 
3 3002 2999 3036 
3 3038 3039 3047 
3 3042 2998 3003 
3 3049 3042 3003 
3 3049 3003 1452 
3 3003 1403 1452 
3 3045 3044 3050 
3 3044 3046 3051 
3 3050 3044 3051 
3 3046 3001 3004 
3 3046 3004 3051 
3 3051 3004 3052 
3 3052 3004 3002 
3 3048 3052 3002 
3 3053 3005 3054 
3 3054 3005 3006 
3 3057 3056 3055 
3 3055 3007 3008 
3 3055 3056 3007 
3 3056 3058 3007 
3 3060 3009 3007 
3 3060 3007 3059 
3 3059 3007 3058 
3 3059 3061 3060 
3 3054 3006 3011 
3 3062 3054 3011 
3 3011 3063 3062 
3 3013 3063 3011 
3 3060 3014 3009 
3 3061 3014 3060 
3 3061 3064 3014 
3 3064 3015 3014 
3 1487 3017 3015 
3 1487 3015 1486 
3 1486 3015 3064 
3 3063 3013 3065 
3 3065 3013 3018 
3 3068 3067 3066 
3 3066 3067 3069 
3 1487 1440 3017 
3 3065 3018 3020 
3 3070 3065 3020 
3 3020 3071 3070 
3 3022 3071 3020 
3 3067 3024 3023 
3 3067 3068 3024 
3 3068 3072 3024 
3 3069 3067 3023 
3 3069 3023 3073 
3 3073 3023 3025 
3 3073 3025 3074 
3 3025 3027 3074 
3 3027 3075 3074 
3 3029 3075 3027 
3 3030 3076 3077 
3 3030 3077 3022 
3 3022 3077 3071 
3 3031 3076 3030 
3 3078 3076 3031 
3 3031 3033 3078 
3 3072 3037 3024 
3 3079 3037 3072 
3 3037 3079 3080 
3 3039 3037 3080 
3 3075 3029 3040 
3 3081 3075 3040 
3 3081 3040 3082 
3 3040 3041 3082 
3 3041 3083 3082 
3 3042 3083 3041 
3 3077 3076 3084 
3 3076 3078 3085 
3 3084 3076 3085 
3 3078 3033 3043 
3 3078 3043 3085 
3 3085 3043 3086 
3 3088 3043 3045 
3 3088 3087 3043 
3 3087 3086 3043 
3 3087 3090 3089 
3 3088 3090 3087 
3 3089 3092 3091 
3 3090 3092 3089 
3 3048 3091 3092 
3 3048 3047 3091 
3 3047 3093 3091 
3 3093 3047 3039 
3 3080 3093 3039 
3 3083 3042 3049 
3 3094 3083 3049 
3 3094 3049 1499 
3 3049 1452 1499 
3 3088 3045 3050 
3 3090 3088 3050 
3 3051 3090 3050 
3 3092 3090 3051 
3 3052 3092 3051 
3 3092 3052 3048 
3 3096 3095 3097 
3 3096 3097 3054 
3 3054 3097 3053 
3 3095 3096 3098 
3 3099 3056 3057 
3 3101 3056 3099 
3 3101 3100 3056 
3 3100 3058 3056 
3 3100 3102 3058 
3 3058 3102 3059 
3 3059 3102 3103 
3 3061 3059 3103 
3 3096 3054 3062 
3 3062 3098 3096 
3 3062 3063 3098 
3 3063 3104 3098 
3 3103 3064 3061 
3 3105 3064 3103 
3 3105 1537 3064 
3 3064 1537 1486 
3 3104 3063 3106 
3 3106 3063 3065 
3 3066 3107 3068 
3 3066 3069 3107 
3 3070 3108 3109 
3 3070 3109 3065 
3 3065 3109 3106 
3 3070 3071 3108 
3 3110 3068 3107 
3 3110 3111 3068 
3 3111 3072 3068 
3 3107 3069 3073 
3 3107 3073 3110 
3 3110 3073 3112 
3 3112 3073 3113 
3 3073 3074 3113 
3 3115 3074 3075 
3 3115 3114 3074 
3 3114 3113 3074 
3 3114 3117 3116 
3 3115 3117 3114 
3 3116 3117 3118 
3 3109 3108 3119 
3 3108 3071 3077 
3 3108 3077 3120 
3 3108 3120 3119 
3 3120 3077 3121 
3 3120 3121 3122 
3 3079 3124 3123 
3 3079 3072 3124 
3 3072 3111 3124 
3 3079 3123 3080 
3 3115 3075 3081 
3 3117 3115 3081 
3 3082 3117 3081 
3 3082 3083 3126 
3 3117 3082 3126 
3 3117 3126 3125 
3 3117 3125 3118 
3 3125 3126 3127 
3 3121 3077 3084 
3 3122 3121 3084 
3 3122 3084 3128 
3 3128 3084 3085 
3 3128 3085 3129 
3 3085 3086 3129 
3 3129 3086 3130 
3 3086 3087 3130 
3 3130 3087 3131 
3 3087 3089 3131 
3 3131 3089 3132 
3 3089 3091 3132 
3 3123 3124 3132 
3 3123 3132 3093 
3 3093 3132 3091 
3 3123 3093 3080 
3 3126 3083 3094 
3 3127 3126 3094 
3 3127 3094 1550 
3 1550 3094 1499 
3 3134 3097 3095 
3 3133 3134 3095 
3 3095 3135 3133 
3 3098 3135 3095 
3 3137 3100 3101 
3 3136 3100 3137 
3 3136 3138 3100 
3 3100 3138 3102 
3 3102 3138 3139 
3 3103 3102 3139 
3 3135 3098 3140 
3 3140 3098 3104 
3 3139 3105 3103 
3 3141 3105 3139 
3 3141 1610 3105 
3 3105 1610 1537 
3 3140 3104 3142 
3 3142 3104 3106 
3 3145 3144 3143 
3 3143 3144 3146 
3 3142 3106 3147 
3 3147 3106 3109 
3 3144 3111 3110 
3 3144 3145 3111 
3 3145 3148 3111 
3 3146 3144 3110 
3 3146 3110 3149 
3 3149 3110 3112 
3 3151 3113 3150 
3 3151 3149 3113 
3 3149 3112 3113 
3 3150 3152 3153 
3 3150 3113 3152 
3 3113 3114 3152 
3 3152 3114 3154 
3 3114 3116 3154 
3 3156 3116 3118 
3 3156 3155 3116 
3 3155 3154 3116 
3 3155 3156 3157 
3 3147 3109 3119 
3 3158 3147 3119 
3 3158 3119 3159 
3 3119 3120 3159 
3 3120 3160 3159 
3 3122 3160 3120 
3 3163 3162 3161 
3 3161 3162 3124 
3 3161 3124 3148 
3 3148 3124 3111 
3 3151 3150 3164 
3 3150 3153 3164 
3 3156 3118 3125 
3 3125 3127 1620 
3 3156 3125 1620 
3 3156 1620 1619 
3 3156 1619 3157 
3 3160 3122 3128 
3 3165 3160 3128 
3 3165 3128 3166 
3 3128 3129 3166 
3 3166 3129 3167 
3 3129 3130 3167 
3 3167 3130 3168 
3 3130 3131 3168 
3 3162 3163 3168 
3 3162 3168 3132 
3 3132 3168 3131 
3 3162 3132 3124 
3 1620 3127 1550 
3 3133 3169 3171 
3 3133 3171 3134 
3 3134 3171 3170 
3 3133 3135 3169 
3 3172 3136 3137 
3 3174 3136 3172 
3 3174 3173 3136 
3 3173 3138 3136 
3 3176 3139 3138 
3 3176 3138 3175 
3 3175 3138 3173 
3 3175 3177 3176 
3 3179 3171 3169 
3 3178 3179 3169 
3 3169 3140 3178 
3 3135 3140 3169 
3 3176 3141 3139 
3 3177 3141 3176 
3 3177 1681 3141 
3 1681 1610 3141 
3 3179 3178 3180 
3 3178 3181 3180 
3 3178 3140 3181 
3 3140 3142 3181 
3 3145 3182 3183 
3 3143 3182 3145 
3 3185 3143 3146 
3 3185 3184 3143 
3 3184 3182 3143 
3 3184 3187 3186 
3 3185 3187 3184 
3 3186 3187 3188 
3 3181 3142 3189 
3 3189 3142 3147 
3 3192 3191 3190 
3 3190 3191 3148 
3 3190 3148 3183 
3 3183 3148 3145 
3 3185 3146 3149 
3 3149 3151 3193 
3 3149 3193 3185 
3 3185 3193 3187 
3 3188 3152 3194 
3 3188 3193 3152 
3 3188 3187 3193 
3 3193 3153 3152 
3 3194 3152 3195 
3 3152 3154 3195 
3 3195 3154 3196 
3 3154 3155 3196 
3 3155 3197 3196 
3 3157 3197 3155 
3 3158 3198 3199 
3 3158 3199 3147 
3 3147 3199 3189 
3 3159 3198 3158 
3 3200 3198 3159 
3 3159 3160 3200 
3 3203 3202 3201 
3 3201 3205 3204 
3 3202 3205 3201 
3 3191 3163 3161 
3 3192 3163 3191 
3 3192 3205 3163 
3 3192 3204 3205 
3 3191 3161 3148 
3 3193 3151 3164 
3 3193 3164 3153 
3 3197 3157 1619 
3 1691 3197 1619 
3 3199 3198 3206 
3 3198 3200 3207 
3 3206 3198 3207 
3 3200 3160 3165 
3 3200 3165 3207 
3 3207 3165 3208 
3 3208 3165 3209 
3 3165 3166 3209 
3 3202 3203 3209 
3 3202 3209 3167 
3 3167 3209 3166 
3 3205 3202 3167 
3 3168 3205 3167 
3 3205 3168 3163 
3 3212 3210 3211 
3 3210 3171 3211 
3 3210 3213 3171 
3 3213 3170 3171 
3 3214 3173 3174 
3 3215 3173 3214 
3 3175 3173 3215 
3 3175 1751 3177 
3 3215 1751 3175 
3 3215 1750 1751 
3 3215 3216 1750 
3 3218 3212 3211 
3 3217 3218 3211 
3 3211 3179 3217 
3 3171 3179 3211 
3 1751 1681 3177 
3 3218 3217 3219 
3 3221 3180 3220 
3 3219 3180 3221 
3 3219 3179 3180 
3 3219 3217 3179 
3 3180 3181 3220 
3 3183 3222 3223 
3 3182 3222 3183 
3 3225 3184 3224 
3 3225 3222 3184 
3 3222 3182 3184 
3 3186 3224 3184 
3 3226 3224 3186 
3 3186 3188 3226 
3 3229 3228 3227 
3 3227 3228 3230 
3 3232 3221 3220 
3 3231 3232 3220 
3 3220 3189 3231 
3 3181 3189 3220 
3 3192 3233 3234 
3 3190 3233 3192 
3 3233 3190 3183 
3 3223 3233 3183 
3 3225 3224 3235 
3 3224 3226 3236 
3 3235 3224 3236 
3 3226 3188 3194 
3 3226 3194 3236 
3 3236 3194 3237 
3 3228 3229 3237 
3 3228 3237 3195 
3 3195 3237 3194 
3 3228 3195 3196 
3 3228 3196 3239 
3 3228 3239 3230 
3 3238 3239 3196 
3 1764 3196 3197 
3 1764 1763 3196 
3 3238 3196 3240 
3 3240 3196 1763 
3 3232 3231 3241 
3 3231 3242 3241 
3 3231 3189 3242 
3 3189 3199 3242 
3 3203 3243 3244 
3 3201 3243 3203 
3 3243 3201 3245 
3 3201 3204 3245 
3 3245 3204 3192 
3 3234 3245 3192 
3 3239 3238 3246 
3 3246 3238 3240 
3 1768 1769 3247 
3 3197 1691 1764 
3 3242 3199 3206 
3 3248 3242 3206 
3 3250 3207 3249 
3 3250 3248 3207 
3 3248 3206 3207 
3 3249 3251 3252 
3 3249 3207 3251 
3 3207 3208 3251 
3 3251 3208 3253 
3 3208 3209 3253 
3 3253 3209 3203 
3 3244 3253 3203 
3 3247 1769 1773 
3 3250 3249 3254 
3 3249 3252 3254 
3 3212 3256 3255 
3 3210 3212 3255 
3 3213 3258 3257 
3 3213 3210 3258 
3 3210 3255 3258 
3 3257 3258 3259 
3 3260 1750 3216 
3 1822 1750 3260 
3 3256 3212 3261 
3 3261 3212 3218 
3 3261 3218 3219 
3 3262 3261 3219 
3 3219 3263 3262 
3 3221 3263 3219 
3 3222 3264 3223 
3 3222 3225 3264 
3 3227 3265 3229 
3 3227 3230 3265 
3 3268 3266 3267 
3 3266 3232 3267 
3 3266 3263 3232 
3 3263 3221 3232 
3 3271 3270 3269 
3 3234 3269 3270 
3 3234 3233 3269 
3 3233 3272 3269 
3 3223 3264 3273 
3 3223 3273 3233 
3 3233 3273 3272 
3 3264 3225 3235 
3 3264 3235 3273 
3 3273 3235 3274 
3 3276 3236 3275 
3 3276 3274 3236 
3 3274 3235 3236 
3 3275 3277 3278 
3 3275 3236 3277 
3 3236 3237 3277 
3 3229 3277 3237 
3 3229 3279 3277 
3 3229 3265 3279 
3 3279 3280 3277 
3 3265 3239 3279 
3 3230 3239 3265 
3 1763 1833 3240 
3 3268 3267 3281 
3 3283 3241 3282 
3 3281 3241 3283 
3 3281 3232 3241 
3 3281 3267 3232 
3 3241 3242 3282 
3 3244 3284 3285 
3 3243 3284 3244 
3 3270 3271 3284 
3 3270 3284 3245 
3 3245 3284 3243 
3 3270 3245 3234 
3 3276 3275 3286 
3 3275 3278 3286 
3 3280 3279 3287 
3 3279 3239 3246 
3 3279 3246 3287 
3 3287 3246 3288 
3 3247 1836 1768 
3 3240 1833 3246 
3 3246 1833 1835 
3 3246 1835 3288 
3 3289 3291 3292 
3 3290 3289 3292 
3 3291 3283 3282 
3 3291 3282 3292 
3 3292 3282 3293 
3 3242 3293 3282 
3 3242 3294 3293 
3 3242 3248 3294 
3 3295 3293 3294 
3 3248 3296 3294 
3 3250 3296 3248 
3 3251 3297 3252 
3 3297 3298 3299 
3 3297 3251 3298 
3 3251 3253 3298 
3 3298 3253 3244 
3 3285 3298 3244 
3 1836 3247 1773 
3 3301 3302 3300 
3 3301 3300 3292 
3 3292 3300 3290 
3 3292 3293 3303 
3 3301 3292 3303 
3 3293 3295 3303 
3 3296 3250 3254 
3 3304 3296 3254 
3 3252 3297 3305 
3 3252 3305 3254 
3 3254 3305 3304 
3 3297 3299 3305 
3 3302 3307 3306 
3 3300 3302 3306 
3 3307 3309 3308 
3 3306 3307 3308 
3 3309 3311 3310 
3 3308 3309 3310 
3 3310 3311 3312 
3 2072 3313 2073 
3 3313 3314 3315 
3 3313 3315 2073 
3 2073 3315 2086 
3 3314 3316 3317 
3 3315 3314 3317 
3 3316 3318 3317 
3 2086 3315 2094 
3 3315 3319 2094 
3 3315 3317 3319 
3 3317 3320 3319 
3 3318 3321 3322 
3 3318 3322 3317 
3 3317 3322 3320 
3 3321 3323 3324 
3 3322 3321 3324 
3 3323 3325 3324 
3 2094 3319 2101 
3 3319 3326 2101 
3 3319 3320 3326 
3 3320 3327 3326 
3 3320 3322 3327 
3 3322 3328 3327 
3 3322 3324 3328 
3 3324 3329 3328 
3 3325 3330 3331 
3 3325 3331 3324 
3 3324 3331 3329 
3 3330 3332 3333 
3 3331 3330 3333 
3 3332 3334 3333 
3 2101 3326 2103 
3 3326 3335 2103 
3 3326 3327 3335 
3 3327 3336 3335 
3 3327 3328 3336 
3 3328 3337 3336 
3 3328 3329 3337 
3 3329 3338 3337 
3 3329 3331 3338 
3 3331 3339 3338 
3 3331 3333 3339 
3 3333 3340 3339 
3 3334 3341 3342 
3 3334 3342 3333 
3 3333 3342 3340 
3 3341 3343 3344 
3 3342 3341 3344 
3 3343 3345 3344 
3 2103 3335 3346 
3 2105 2103 3346 
3 3335 3336 3347 
3 3346 3335 3347 
3 2 3347 3336 
3 2 3336 0 
3 0 3336 3337 
3 3337 3338 0 
3 3338 3 0 
3 3338 3339 3 
3 3339 5 3 
3 3339 3340 5 
3 3340 7 5 
3 3340 3342 7 
3 3342 9 7 
3 3342 3344 9 
3 3344 12 9 
3 3345 3348 14 
3 3345 14 3344 
3 3344 14 12 
3 3348 3349 16 
3 14 3348 16 
3 3349 20 16 
3 2072 2149 3313 
3 2149 3314 3313 
3 2149 2161 3314 
3 2161 3350 3314 
3 3350 3351 3314 
3 3314 3351 3316 
3 3316 3351 3352 
3 3318 3316 3352 
3 3352 3321 3318 
3 3353 3321 3352 
3 3355 3354 3323 
3 3355 3323 3353 
3 3353 3323 3321 
3 3323 3354 3325 
3 3355 3356 3354 
3 3354 3330 3325 
3 3354 3356 3330 
3 3356 3357 3330 
3 3357 3358 3330 
3 3330 3358 3332 
3 3332 3358 3359 
3 3334 3332 3359 
3 3359 3341 3334 
3 3360 3341 3359 
3 3362 3361 3343 
3 3362 3343 3360 
3 3360 3343 3341 
3 3343 3361 3345 
3 2187 2105 3363 
3 2105 3346 3363 
3 3363 3346 3364 
3 3346 3347 3364 
3 3347 65 3364 
3 2 65 3347 
3 3362 3365 3361 
3 3361 3348 3345 
3 3361 3365 3348 
3 3365 3366 3348 
3 72 70 3349 
3 72 3349 3366 
3 3366 3349 3348 
3 3349 70 20 
3 2238 3367 2161 
3 2161 3367 3350 
3 3367 3368 3350 
3 3350 3368 3351 
3 3351 3368 3369 
3 3352 3351 3369 
3 3369 3353 3352 
3 3370 3353 3369 
3 3372 3355 3353 
3 3372 3353 3371 
3 3371 3353 3370 
3 3371 3373 3372 
3 3372 3356 3355 
3 3373 3356 3372 
3 3373 3374 3356 
3 3374 3357 3356 
3 3374 3375 3357 
3 3357 3375 3358 
3 3358 3375 3376 
3 3359 3358 3376 
3 3376 3360 3359 
3 3377 3360 3376 
3 3360 3377 3378 
3 3362 3360 3378 
3 2258 2187 3379 
3 2187 3363 3379 
3 191 3364 189 
3 191 3379 3364 
3 3379 3363 3364 
3 3364 65 189 
3 3378 3365 3362 
3 3380 3365 3378 
3 3380 3381 3365 
3 3365 3381 3366 
3 196 72 3366 
3 196 3366 3382 
3 3382 3366 3381 
3 3382 198 196 
3 2297 3383 2298 
3 3383 2238 2298 
3 3383 3384 2238 
3 3384 3367 2238 
3 3384 3385 3367 
3 3367 3385 3368 
3 3387 3369 3368 
3 3387 3368 3386 
3 3386 3368 3385 
3 3386 3388 3387 
3 3387 3370 3369 
3 3388 3370 3387 
3 3388 3389 3370 
3 3389 3371 3370 
3 3391 3373 3371 
3 3391 3371 3390 
3 3390 3371 3389 
3 3390 3392 3391 
3 3391 3374 3373 
3 3392 3374 3391 
3 3392 3393 3374 
3 3393 3375 3374 
3 3395 3376 3375 
3 3395 3375 3394 
3 3394 3375 3393 
3 3394 3396 3395 
3 2327 2328 3397 
3 3395 3377 3376 
3 3377 3399 3378 
3 3395 3399 3377 
3 3395 3398 3399 
3 3395 3396 3398 
3 3398 3400 3399 
3 3397 2328 3401 
3 3401 2328 2258 
3 3401 2258 3379 
3 3379 337 3401 
3 191 337 3379 
3 3399 3380 3378 
3 3400 3380 3399 
3 3400 3402 3380 
3 3402 3381 3380 
3 3402 3403 3381 
3 3381 3403 3382 
3 3382 3403 343 
3 198 3382 343 
3 3405 3383 2297 
3 3405 2297 3404 
3 3404 2297 2383 
3 3404 3406 3407 
3 3405 3404 3407 
3 3406 3408 3407 
3 3405 3384 3383 
3 3407 3384 3405 
3 3385 3384 3407 
3 3408 3385 3407 
3 3408 3409 3385 
3 3409 3386 3385 
3 3411 3388 3386 
3 3411 3386 3410 
3 3410 3386 3409 
3 3410 3412 3411 
3 3411 3389 3388 
3 3412 3389 3411 
3 3412 3413 3389 
3 3413 3390 3389 
3 3390 3413 3414 
3 3392 3390 3414 
3 3414 3393 3392 
3 3415 3393 3414 
3 3415 3416 3393 
3 3393 3416 3394 
3 3394 3416 3417 
3 3396 3394 3417 
3 3419 2327 3397 
3 3419 3418 2327 
3 2409 2327 3420 
3 3420 2327 3418 
3 3418 3422 3421 
3 3419 3422 3418 
3 3421 3422 3423 
3 3417 3398 3396 
3 3424 3398 3417 
3 3398 3424 3425 
3 3400 3398 3425 
3 2409 3420 2412 
3 3419 3397 3401 
3 3401 337 3419 
3 3419 337 443 
3 3419 443 3422 
3 3423 443 448 
3 3422 443 3423 
3 3425 3402 3400 
3 3426 3402 3425 
3 3426 3427 3402 
3 3402 3427 3403 
3 3403 3427 457 
3 343 3403 457 
3 2459 3428 3429 
3 2460 2459 3429 
3 3428 3430 3429 
3 3429 2383 2460 
3 3404 2383 3429 
3 3430 3404 3429 
3 3430 3431 3404 
3 3431 3406 3404 
3 3433 3408 3406 
3 3433 3406 3432 
3 3432 3406 3431 
3 3432 3434 3433 
3 3433 3409 3408 
3 3434 3409 3433 
3 3434 3435 3409 
3 3435 3410 3409 
3 3410 3435 3436 
3 3412 3410 3436 
3 3436 3413 3412 
3 3437 3413 3436 
3 3439 3414 3413 
3 3439 3413 3438 
3 3438 3413 3437 
3 3438 3440 3439 
3 3439 3415 3414 
3 3440 3415 3439 
3 3440 3441 3415 
3 3441 3416 3415 
3 3416 3441 3442 
3 3417 3416 3442 
3 3420 2491 2492 
3 3420 3418 2491 
3 3444 2491 3443 
3 3443 2491 3418 
3 3443 3445 3446 
3 3443 3418 3445 
3 3418 3421 3445 
3 3421 3447 3445 
3 3423 3447 3421 
3 3442 3424 3417 
3 3448 3424 3442 
3 3450 3425 3424 
3 3450 3424 3449 
3 3449 3424 3448 
3 3449 3451 3450 
3 2492 2412 3420 
3 3443 3452 3444 
3 3452 3443 3446 
3 553 3453 3447 
3 553 3447 448 
3 448 3447 3423 
3 3453 554 3454 
3 553 554 3453 
3 3454 555 3455 
3 554 555 3454 
3 3455 555 557 
3 3450 3426 3425 
3 3451 3426 3450 
3 3451 3456 3426 
3 3456 3427 3426 
3 559 457 3427 
3 559 3427 3457 
3 3457 3427 3456 
3 3457 561 559 
3 3460 3458 3459 
3 3458 3461 3459 
3 3460 3459 3462 
3 3459 3461 3462 
3 3465 3463 3464 
3 3463 3466 3464 
3 3465 3464 3467 
3 3464 3466 3467 
3 3470 3468 3469 
3 3468 3473 3471 
3 3468 3471 3469 
3 3469 3471 3472 
3 3471 3474 3472 
3 3474 3475 3472 
3 3477 3478 3475 
3 3477 3475 3476 
3 3476 3475 3474 
3 3476 3479 3477 
3 3469 3458 3460 
3 3469 3460 3470 
3 3470 3460 3480 
3 3458 3481 3461 
3 3458 3469 3481 
3 3469 3472 3481 
3 3472 3475 3481 
3 3475 3482 3481 
3 3478 3483 3482 
3 3475 3478 3482 
3 3480 3460 3462 
3 3484 3480 3462 
3 3461 3484 3462 
3 3461 3485 3484 
3 3461 3481 3485 
3 3485 3486 3484 
3 3481 3482 3485 
3 3482 3487 3485 
3 3483 3488 3487 
3 3482 3483 3487 
3 3486 3485 3489 
3 3491 3489 3485 
3 3491 3485 3490 
3 3490 3485 3487 
3 3488 3492 3490 
3 3487 3488 3490 
3 3495 3493 3494 
3 3493 3496 3497 
3 3494 3493 3497 
3 3496 3498 3499 
3 3497 3496 3499 
3 3498 3500 3501 
3 3499 3498 3501 
3 3500 3491 3490 
3 3500 3490 3501 
3 3501 3490 3502 
3 3492 3503 3502 
3 3490 3492 3502 
3 3505 3495 3494 
3 3504 3505 3494 
3 3494 3497 3504 
3 3497 3506 3504 
3 3497 3499 3506 
3 3499 3507 3506 
3 3499 3501 3507 
3 3501 3508 3507 
3 3501 3502 3508 
3 3502 3509 3508 
3 3503 3510 3509 
3 3502 3503 3509 
3 3512 3505 3504 
3 3511 3512 3504 
3 3465 3506 3463 
3 3465 3511 3506 
3 3511 3504 3506 
3 3463 3513 3466 
3 3463 3506 3513 
3 3506 3507 3513 
3 3514 3515 3513 
3 3514 3513 3508 
3 3508 3513 3507 
3 3508 3509 3516 
3 3514 3508 3516 
3 3509 3510 3516 
3 3512 3511 3517 
3 3511 3465 3467 
3 3511 3467 3517 
3 3517 3467 3518 
3 3466 3518 3467 
3 3466 3519 3518 
3 3466 3513 3519 
3 3519 3520 3518 
3 3515 3521 3519 
3 3513 3515 3519 
3 3523 3520 3519 
3 3522 3523 3519 
3 3521 3524 3522 
3 3519 3521 3522 
3 3523 3522 3525 
3 3522 3524 3525 
3 3528 3526 3527 
3 3529 3468 3470 
3 3530 3529 3470 
3 3530 3470 3527 
3 3530 3527 3526 
3 3529 3473 3468 
3 3477 3531 3478 
3 3479 3531 3477 
3 3479 3532 3531 
3 3532 3533 3531 
3 3534 3535 3533 
3 3532 3534 3533 
3 3528 3527 3536 
3 3527 3537 3536 
3 3527 3470 3537 
3 3470 3480 3537 
3 3538 3478 3531 
3 3483 3478 3538 
3 3531 3533 3538 
3 3533 3539 3538 
3 3535 3540 3539 
3 3533 3535 3539 
3 3484 3541 3542 
3 3484 3542 3480 
3 3480 3542 3537 
3 3484 3486 3541 
3 3543 3483 3538 
3 3488 3483 3543 
3 3544 3545 3539 
3 3539 3545 3543 
3 3539 3543 3538 
3 3544 3539 3540 
3 3547 3542 3541 
3 3546 3547 3541 
3 3489 3541 3486 
3 3489 3548 3541 
3 3548 3546 3541 
3 3489 3491 3548 
3 3549 3488 3543 
3 3492 3488 3549 
3 3545 3550 3549 
3 3545 3549 3543 
3 3495 3552 3551 
3 3493 3495 3551 
3 3551 3553 3493 
3 3493 3553 3496 
3 3546 3553 3547 
3 3546 3498 3553 
3 3498 3496 3553 
3 3548 3498 3546 
3 3500 3498 3548 
3 3548 3491 3500 
3 3554 3492 3549 
3 3503 3492 3554 
3 3550 3555 3554 
3 3549 3550 3554 
3 3552 3495 3556 
3 3556 3495 3505 
3 3557 3503 3554 
3 3557 3558 3503 
3 3558 3510 3503 
3 3554 3555 3557 
3 3561 3559 3560 
3 3559 3512 3560 
3 3559 3556 3512 
3 3556 3505 3512 
3 3514 3562 3515 
3 3562 3563 3564 
3 3562 3514 3563 
3 3514 3516 3563 
3 3563 3516 3510 
3 3558 3563 3510 
3 3561 3560 3565 
3 3567 3517 3566 
3 3565 3517 3567 
3 3565 3512 3517 
3 3565 3560 3512 
3 3518 3566 3517 
3 3568 3566 3518 
3 3518 3520 3568 
3 3569 3515 3562 
3 3521 3515 3569 
3 3564 3570 3571 
3 3564 3571 3562 
3 3562 3571 3569 
3 3570 3572 3571 
3 3567 3566 3573 
3 3566 3568 3574 
3 3573 3566 3574 
3 3568 3575 3574 
3 3568 3520 3575 
3 3520 3523 3575 
3 3576 3521 3569 
3 3524 3521 3576 
3 3569 3571 3576 
3 3571 3577 3576 
3 3572 3578 3577 
3 3571 3572 3577 
3 3575 3523 3525 
3 3579 3575 3525 
3 3524 3576 3580 
3 3524 3580 3525 
3 3525 3580 3579 
3 3576 3577 3581 
3 3580 3576 3581 
3 3577 3578 3581 
3 2560 3582 2559 
3 2559 3582 2583 
3 3585 3583 3584 
3 3583 3586 3584 
3 3585 3584 3587 
3 3584 3586 3587 
3 3590 3588 3589 
3 3588 3591 3589 
3 3594 3592 3593 
3 3592 3595 3593 
3 3590 3589 3596 
3 3589 3591 3596 
3 3599 3597 3598 
3 3597 3594 3593 
3 3597 3593 3598 
3 3598 3593 3600 
3 3595 3601 3600 
3 3593 3595 3600 
3 3603 3599 3598 
3 3602 3603 3598 
3 3585 3600 3583 
3 3585 3602 3600 
3 3602 3598 3600 
3 3583 3600 3601 
3 3583 3601 3586 
3 3586 3601 3604 
3 3603 3602 3605 
3 3602 3585 3587 
3 3602 3587 3605 
3 3605 3587 3606 
3 3606 3587 3586 
3 3604 3606 3586 
3 3609 3607 3608 
3 3607 3610 3611 
3 3608 3607 3611 
3 3590 3611 3610 
3 3590 3610 3588 
3 3588 3610 3612 
3 3588 3612 3613 
3 3591 3588 3613 
3 3616 3614 3615 
3 3608 3592 3594 
3 3609 3608 3594 
3 3609 3594 3615 
3 3609 3615 3614 
3 3592 3617 3595 
3 3592 3608 3617 
3 3608 3611 3617 
3 3596 3611 3590 
3 3596 3618 3611 
3 3618 3617 3611 
3 3618 3596 3591 
3 3618 3591 3619 
3 3619 3591 3613 
3 3615 3597 3599 
3 3615 3599 3616 
3 3616 3599 3620 
3 3615 3594 3597 
3 3621 3595 3617 
3 3601 3595 3621 
3 3622 3623 3621 
3 3622 3621 3618 
3 3618 3621 3617 
3 3618 3619 3622 
3 3626 3624 3625 
3 3624 3603 3625 
3 3624 3620 3603 
3 3620 3599 3603 
3 3627 3601 3621 
3 3627 3628 3601 
3 3628 3604 3601 
3 3621 3623 3627 
3 3626 3625 3629 
3 3631 3605 3630 
3 3629 3605 3631 
3 3629 3603 3605 
3 3629 3625 3603 
3 3630 3632 3633 
3 3630 3605 3632 
3 3605 3606 3632 
3 3632 3606 3604 
3 3628 3632 3604 
3 3631 3630 3634 
3 3630 3633 3634 
3 3637 3635 3636 
3 3635 3289 3290 
3 3636 3635 3290 
3 3640 3638 3639 
3 3638 3637 3636 
3 3638 3636 3639 
3 3639 3636 3641 
3 3636 3290 3641 
3 3290 3300 3641 
3 3644 3642 3643 
3 3642 3640 3639 
3 3642 3639 3643 
3 3643 3639 3645 
3 3639 3641 3645 
3 3641 3646 3645 
3 3641 3300 3646 
3 3300 3306 3646 
3 3649 3647 3648 
3 3643 3607 3609 
3 3644 3643 3609 
3 3644 3609 3648 
3 3644 3648 3647 
3 3645 3607 3643 
3 3610 3607 3645 
3 3646 3610 3645 
3 3612 3610 3646 
3 3612 3308 3613 
3 3612 3646 3308 
3 3646 3306 3308 
3 3648 3614 3616 
3 3648 3616 3649 
3 3649 3616 3650 
3 3648 3609 3614 
3 3310 3613 3308 
3 3619 3613 3310 
3 3650 3616 3651 
3 3651 3616 3620 
3 3623 3652 3653 
3 3622 3652 3623 
3 3619 3310 3312 
3 3619 3312 3622 
3 3622 3312 3652 
3 3656 3654 3655 
3 3626 3655 3654 
3 3626 3654 3624 
3 3624 3654 3657 
3 3657 3620 3624 
3 3651 3620 3657 
3 3628 3658 3659 
3 3627 3658 3628 
3 3658 3627 3623 
3 3653 3658 3623 
3 3656 3655 3660 
3 3655 3626 3629 
3 3655 3629 3660 
3 3660 3629 3661 
3 3629 3662 3661 
3 3631 3662 3629 
3 3632 3663 3633 
3 3663 3632 3628 
3 3663 3628 3664 
3 3664 3628 3659 
3 3662 3631 3634 
3 3665 3662 3634 
3 3633 3663 3666 
3 3633 3666 3634 
3 3634 3666 3665 
3 3663 3664 3666 
3 3669 3667 3668 
3 3667 3671 3668 
3 3667 3670 3671 
3 3670 615 3671 
3 3669 3668 3672 
3 3675 3674 3673 
3 3672 3674 3675 
3 3672 3671 3674 
3 3672 3668 3671 
3 3677 3673 3674 
3 3676 3673 3677 
3 3677 3678 3676 
3 3675 3673 3679 
3 3673 3676 3680 
3 3679 3673 3680 
3 3676 3678 1909 
3 3676 1909 3680 
3 3680 1909 3681 
3 3667 3669 3682 
3 3682 3670 3667 
3 3682 3684 3670 
3 3684 3683 3670 
3 3682 3669 3672 
3 3672 3684 3682 
3 3672 3675 3684 
3 3675 3685 3684 
3 3679 3686 3687 
3 3679 3687 3675 
3 3675 3687 3685 
3 3686 3688 3689 
3 3686 3679 3688 
3 3679 3680 3688 
3 3688 3680 3690 
3 3680 3681 3690 
3 3687 3686 3691 
3 3686 3689 3691 
3 3695 3694 3692 
3 3693 3695 3692 
3 3692 3684 3693 
3 3683 3684 3692 
3 3695 3693 3696 
3 3693 3697 3696 
3 3693 3684 3697 
3 3684 3685 3697 
3 3699 3698 3697 
3 3699 3697 3687 
3 3687 3697 3685 
3 3689 3698 3699 
3 3689 3688 3698 
3 3701 3698 3700 
3 3700 3698 3688 
3 3690 3700 3688 
3 3702 3700 3690 
3 3699 3687 3691 
3 3701 3700 3703 
3 3699 3691 3689 
3 3705 3703 3700 
3 3705 3700 3704 
3 3704 3700 3702 
3 3708 3706 3707 
3 3706 3709 3707 
3 3705 3704 3710 
3 3708 3707 3711 
3 3707 3709 3711 
3 3713 3712 3694 
3 3713 3694 3714 
3 3714 3694 3695 
3 3712 3713 3715 
3 3714 3695 3696 
3 3716 3714 3696 
3 3696 3717 3716 
3 3697 3717 3696 
3 3720 3718 3719 
3 3718 3721 3719 
3 3718 3697 3721 
3 3718 3717 3697 
3 3697 3698 3721 
3 3698 3701 3721 
3 3720 3719 3722 
3 3724 3722 3719 
3 3724 3719 3723 
3 3723 3719 3721 
3 3703 3721 3701 
3 3703 3725 3721 
3 3725 3723 3721 
3 3703 3705 3725 
3 3708 3727 3726 
3 3706 3708 3726 
3 3706 3726 3728 
3 3706 3728 3709 
3 3729 3730 3731 
3 3729 3724 3723 
3 3729 3723 3730 
3 3730 3723 3732 
3 3723 3725 3732 
3 3725 3733 3732 
3 3710 3725 3705 
3 3710 3734 3725 
3 3734 3733 3725 
3 3727 3708 3711 
3 3735 3727 3711 
3 3735 3711 3709 
3 3728 3735 3709 
3 3730 3736 3731 
3 3730 3737 3736 
3 3730 3732 3737 
3 3737 3738 3736 
3 3739 3740 3737 
3 3739 3737 3733 
3 3733 3737 3732 
3 3733 3734 3741 
3 3739 3733 3741 
3 3738 3737 3742 
3 3737 3740 3742 
3 3713 3714 3743 
3 3743 3715 3713 
3 3743 3745 3715 
3 3745 3744 3715 
3 3746 3747 3748 
3 3743 3714 3716 
3 3716 3745 3743 
3 3716 3717 3745 
3 3746 3745 3747 
3 3747 3745 3717 
3 3751 3749 3750 
3 3747 3718 3720 
3 3748 3747 3720 
3 3748 3720 3750 
3 3748 3750 3749 
3 3747 3717 3718 
3 3753 3751 3750 
3 3752 3753 3750 
3 3722 3750 3720 
3 3722 3754 3750 
3 3754 3752 3750 
3 3722 3724 3754 
3 3727 3756 3755 
3 3726 3727 3755 
3 3758 3728 3726 
3 3758 3726 3755 
3 3753 3752 3757 
3 3757 3731 3759 
3 3757 3754 3731 
3 3757 3752 3754 
3 3729 3731 3754 
3 3754 3724 3729 
3 3762 3761 3760 
3 3760 3761 3763 
3 3756 3727 3735 
3 3764 3756 3735 
3 3764 3735 3728 
3 3758 3764 3728 
3 3736 3765 3766 
3 3736 3766 3731 
3 3731 3766 3759 
3 3736 3738 3765 
3 3768 3762 3767 
3 3768 3740 3762 
3 3761 3762 3739 
3 3739 3762 3740 
3 3768 3763 3769 
3 3768 3767 3763 
3 3769 3763 3741 
3 3761 3739 3763 
3 3741 3763 3739 
3 3766 3765 3770 
3 3765 3738 3742 
3 3765 3742 3770 
3 3770 3742 3771 
3 3740 3768 3772 
3 3740 3772 3742 
3 3742 3772 3771 
3 3768 3769 3773 
3 3772 3768 3773 
3 3775 3774 3744 
3 3775 3744 3776 
3 3776 3744 3745 
3 3779 3774 3775 
3 3779 3778 3774 
3 3778 3777 3774 
3 3777 3778 3780 
3 3780 3778 3781 
3 3746 3748 3782 
3 3782 3745 3746 
3 3782 3783 3745 
3 3783 3776 3745 
3 3779 3784 3778 
3 3786 3778 3784 
3 3786 3785 3778 
3 3785 3781 3778 
3 3789 3787 3788 
3 3751 3788 3787 
3 3751 3787 3749 
3 3749 3787 3790 
3 3748 3791 3782 
3 3748 3749 3791 
3 3749 3790 3791 
3 3782 3791 3783 
3 3786 3792 3785 
3 3789 3788 3793 
3 3788 3794 3793 
3 3788 3751 3794 
3 3751 3753 3794 
3 3797 3796 3795 
3 3756 3799 3798 
3 3755 3756 3798 
3 3753 3800 3794 
3 3753 3757 3800 
3 3794 3800 3798 
3 3758 3755 3800 
3 3798 3800 3755 
3 3757 3759 3800 
3 3760 3801 3762 
3 3803 3760 3797 
3 3803 3801 3760 
3 3797 3760 3796 
3 3763 3802 3760 
3 3796 3760 3802 
3 3799 3756 3764 
3 3804 3799 3764 
3 3758 3804 3764 
3 3758 3805 3804 
3 3758 3800 3805 
3 3805 3806 3804 
3 3800 3766 3805 
3 3759 3766 3800 
3 3801 3767 3762 
3 3802 3767 3807 
3 3802 3763 3767 
3 3807 3767 3808 
3 3801 3803 3767 
3 3808 3767 3803 
3 3805 3809 3806 
3 3809 3805 3766 
3 3809 3766 3770 
3 3809 3770 3811 
3 3810 3811 3770 
3 3810 3812 3813 
3 3810 3770 3812 
3 3770 3771 3812 
3 3812 3771 3814 
3 3771 3772 3814 
3 3814 3773 3808 
3 3814 3772 3773 
3 3773 3807 3808 
3 3810 3815 3811 
3 3810 3813 3815 
3 3775 3776 3816 
3 3775 3816 3779 
3 3819 3817 3818 
3 3818 3817 3820 
3 3818 3820 3776 
3 3818 3776 3783 
3 3816 3776 3820 
3 3816 3784 3779 
3 3816 3820 3784 
3 3820 3821 3784 
3 3784 3821 3822 
3 3786 3784 3822 
3 3787 3789 3823 
3 3790 3787 3823 
3 3824 3790 3823 
3 3824 3825 3819 
3 3824 3819 3791 
3 3824 3791 3790 
3 3791 3819 3818 
3 3818 3783 3791 
3 3792 3827 3826 
3 3792 3786 3827 
3 3786 3822 3827 
3 3823 3789 3793 
3 3828 3824 3823 
3 3828 3823 3794 
3 3828 3794 3829 
3 3794 3823 3793 
3 3824 3828 3825 
3 3826 3797 3795 
3 3826 3827 3797 
3 3827 3830 3797 
3 3799 3832 3831 
3 3798 3799 3831 
3 3831 3834 3798 
3 3831 3835 3834 
3 3798 3834 3794 
3 3833 3829 3834 
3 3794 3834 3829 
3 3833 3834 3836 
3 3830 3837 3797 
3 3837 3803 3797 
3 3804 3838 3839 
3 3804 3839 3799 
3 3799 3839 3832 
3 3835 3840 3834 
3 3838 3804 3806 
3 3843 3834 3840 
3 3843 3842 3834 
3 3836 3834 3841 
3 3841 3834 3842 
3 3841 3842 3844 
3 3847 3846 3845 
3 3845 3846 3808 
3 3845 3808 3837 
3 3837 3808 3803 
3 3839 3838 3848 
3 3850 3809 3849 
3 3848 3809 3850 
3 3848 3806 3809 
3 3848 3838 3806 
3 3852 3809 3843 
3 3852 3849 3809 
3 3843 3809 3842 
3 3811 3851 3809 
3 3842 3809 3851 
3 3844 3812 3853 
3 3844 3851 3812 
3 3844 3842 3851 
3 3851 3813 3812 
3 3846 3847 3853 
3 3846 3853 3814 
3 3814 3853 3812 
3 3814 3808 3846 
3 3850 3849 3854 
3 3849 3852 3854 
3 3811 3815 3851 
3 3815 3813 3851 
3 3817 3819 3855 
3 3820 3817 3855 
3 3856 3820 3855 
3 3821 3820 3856 
3 3857 3821 3856 
3 3821 3857 3822 
3 3858 3855 3819 
3 3825 3858 3819 
3 3859 3858 3860 
3 3859 3856 3858 
3 3856 3855 3858 
3 3856 3861 3857 
3 3859 3861 3856 
3 3857 3861 3862 
3 3857 3862 3822 
3 3822 3862 3827 
3 3828 3829 3863 
3 3825 3828 3863 
3 3825 3863 3858 
3 3858 3863 3864 
3 3860 3864 3865 
3 3858 3864 3860 
3 3862 3866 3827 
3 3866 3830 3827 
3 3831 3832 3867 
3 3829 3833 3863 
3 3831 3867 3835 
3 3868 3864 3863 
3 3868 3863 3836 
3 3868 3836 3869 
3 3836 3863 3833 
3 3864 3868 3865 
3 3872 3871 3870 
3 3870 3871 3837 
3 3870 3837 3866 
3 3866 3837 3830 
3 3873 3867 3832 
3 3839 3873 3832 
3 3835 3867 3873 
3 3835 3873 3874 
3 3835 3874 3840 
3 3875 3874 3873 
3 3869 3836 3876 
3 3836 3841 3876 
3 3877 3840 3874 
3 3877 3843 3840 
3 3879 3841 3844 
3 3879 3878 3841 
3 3878 3876 3841 
3 3871 3847 3845 
3 3872 3847 3871 
3 3872 3879 3847 
3 3872 3878 3879 
3 3871 3845 3837 
3 3873 3839 3848 
3 3848 3850 3881 
3 3873 3848 3881 
3 3873 3881 3880 
3 3873 3880 3875 
3 3880 3881 3852 
3 3880 3852 3877 
3 3877 3852 3843 
3 3879 3844 3853 
3 3879 3853 3847 
3 3881 3850 3854 
3 3881 3854 3852 
3 3859 3860 3882 
3 3861 3859 3882 
3 3883 3861 3882 
3 3861 3883 3862 
3 3884 3882 3860 
3 3865 3884 3860 
3 3885 3884 3886 
3 3885 3883 3884 
3 3883 3882 3884 
3 3883 3885 3887 
3 3883 3887 3862 
3 3862 3887 3866 
3 3868 3869 3888 
3 3865 3868 3888 
3 3865 3888 3884 
3 3884 3888 3889 
3 3886 3870 3890 
3 3886 3889 3870 
3 3886 3884 3889 
3 3889 3872 3870 
3 3890 3870 3866 
3 3887 3890 3866 
3 3874 3875 3891 
3 3869 3876 3888 
3 3874 3891 3877 
3 3889 3888 3876 
3 3878 3889 3876 
3 3889 3878 3872 
3 3891 3875 3880 
3 3891 3880 3877 
3 3885 3886 3892 
3 3885 3892 3887 
3 3892 3886 3890 
3 3892 3890 3887 
3 3893 3894 2459 
3 2459 3894 3428 
3 3896 3430 3428 
3 3896 3428 3895 
3 3895 3428 3894 
3 3895 3897 3896 
3 3896 3431 3430 
3 3897 3431 3896 
3 3897 3898 3431 
3 3898 3432 3431 
3 3432 3898 3899 
3 3434 3432 3899 
3 3435 3901 3900 
3 3435 3434 3901 
3 3434 3899 3901 
3 3435 3900 3436 
3 3901 3902 3900 
3 3900 3437 3436 
3 3900 3902 3437 
3 3902 3903 3437 
3 3903 3904 3437 
3 3437 3904 3438 
3 3438 3904 3905 
3 3440 3438 3905 
3 3906 3909 3908 
3 3907 3909 3906 
3 3908 3909 3910 
3 3905 3441 3440 
3 3911 3441 3905 
3 3441 3911 3912 
3 3442 3441 3912 
3 2491 3444 3913 
3 2491 3913 3907 
3 3907 3913 3909 
3 3910 3445 3914 
3 3910 3913 3445 
3 3910 3909 3913 
3 3913 3446 3445 
3 3445 3915 3914 
3 3447 3915 3445 
3 3912 3448 3442 
3 3916 3448 3912 
3 3916 3917 3448 
3 3448 3917 3449 
3 3919 3451 3449 
3 3919 3449 3918 
3 3918 3449 3917 
3 3918 3920 3919 
3 3913 3444 3452 
3 3913 3452 3446 
3 3915 3447 3453 
3 3921 3915 3453 
3 3921 3453 3922 
3 3453 3454 3922 
3 3922 3454 3923 
3 3454 3455 3923 
3 3455 3924 3923 
3 557 3924 3455 
3 3919 3456 3451 
3 3920 3456 3919 
3 3920 3925 3456 
3 3925 3457 3456 
3 3927 561 3457 
3 3927 3457 3926 
3 3926 3457 3925 
3 3926 3928 3927 
3 3931 3930 3894 
3 3931 3894 3929 
3 3929 3894 3893 
3 3895 3894 3930 
3 3932 3895 3930 
3 3895 3932 3897 
3 3931 3933 3930 
3 3930 3934 3932 
3 3933 3934 3930 
3 3932 3898 3897 
3 3932 3934 3898 
3 3934 3935 3898 
3 3937 3899 3898 
3 3937 3898 3936 
3 3936 3898 3935 
3 3936 3938 3937 
3 3939 3899 3937 
3 3901 3899 3939 
3 3938 3940 3939 
3 3937 3938 3939 
3 3941 3942 3943 
3 3941 3944 3942 
3 3939 3902 3901 
3 3940 3902 3939 
3 3940 3945 3902 
3 3945 3903 3902 
3 3945 3946 3903 
3 3903 3946 3904 
3 3943 3942 3947 
3 3943 3947 3904 
3 3943 3904 3946 
3 3905 3904 3947 
3 3944 3948 3947 
3 3942 3944 3947 
3 3951 3908 3950 
3 3951 3949 3908 
3 3949 3906 3908 
3 3908 3910 3950 
3 3947 3911 3905 
3 3911 3947 3948 
3 3911 3948 3912 
3 3912 3948 3952 
3 3951 3950 3953 
3 3950 3910 3914 
3 3950 3914 3953 
3 3953 3914 3954 
3 3914 3955 3954 
3 3915 3955 3914 
3 3958 3957 3956 
3 3956 3957 3959 
3 3952 3916 3912 
3 3960 3916 3952 
3 3960 3961 3916 
3 3916 3961 3917 
3 3961 3962 3917 
3 3917 3962 3918 
3 3918 3962 3963 
3 3920 3918 3963 
3 3955 3915 3921 
3 3964 3955 3921 
3 3957 3958 3964 
3 3957 3964 3922 
3 3922 3964 3921 
3 3959 3957 3922 
3 3959 3922 3965 
3 3965 3922 3923 
3 3923 3966 3965 
3 3924 3966 3923 
3 3963 3925 3920 
3 3967 3925 3963 
3 3967 3968 3925 
3 3925 3968 3926 
3 3970 3928 3926 
3 3970 3926 3969 
3 3969 3926 3968 
3 3969 3971 3970 
3 3929 3972 3931 
3 3972 3933 3931 
3 3972 3973 3933 
3 3973 3974 3933 
3 3974 3975 3933 
3 3933 3975 3934 
3 3975 3976 3934 
3 3934 3976 3935 
3 3978 3977 3936 
3 3978 3936 3976 
3 3976 3936 3935 
3 3936 3977 3938 
3 3978 3979 3977 
3 3977 3940 3938 
3 3977 3980 3940 
3 3977 3979 3980 
3 3980 3981 3940 
3 3983 3981 3980 
3 3983 3980 3982 
3 3982 3941 3983 
3 3982 3984 3941 
3 3941 3943 3983 
3 3941 3984 3985 
3 3944 3941 3985 
3 3981 3945 3940 
3 3983 3945 3981 
3 3946 3945 3983 
3 3983 3943 3946 
3 3987 3985 3986 
3 3987 3948 3985 
3 3948 3944 3985 
3 3986 3988 3987 
3 3991 3949 3951 
3 3991 3990 3949 
3 3990 3989 3949 
3 3990 3991 3992 
3 3993 3948 3987 
3 3952 3948 3993 
3 3988 3994 3993 
3 3987 3988 3993 
3 3991 3951 3953 
3 3992 3991 3953 
3 3992 3953 3995 
3 3995 3953 3954 
3 3954 3996 3995 
3 3955 3996 3954 
3 3958 3997 3998 
3 3956 3997 3958 
3 3956 3999 3997 
3 3959 3999 3956 
3 3993 3960 3952 
3 3994 3960 3993 
3 3994 4000 3960 
3 4000 3961 3960 
3 4000 4001 3961 
3 3961 4001 3962 
3 3962 4001 4002 
3 3963 3962 4002 
3 3996 3955 3964 
3 4003 3996 3964 
3 4003 3964 3958 
3 3998 4003 3958 
3 3999 3959 3965 
3 4004 3999 3965 
3 4006 3965 3966 
3 4006 4005 3965 
3 4005 4004 3965 
3 4005 4008 4007 
3 4006 4008 4005 
3 4007 4008 4009 
3 4002 3967 3963 
3 4010 3967 4002 
3 4010 4011 3967 
3 3967 4011 3968 
3 4011 4012 3968 
3 3968 4012 3969 
3 4014 3971 3969 
3 4014 3969 4013 
3 4013 3969 4012 
3 4013 4015 4016 
3 4014 4013 4016 
3 4015 4017 4016 
3 3974 3973 4018 
3 4019 3974 4018 
3 3975 3974 4019 
3 4020 3975 4019 
3 4020 4022 4021 
3 4020 4021 3975 
3 3975 4021 3976 
3 4024 3978 3976 
3 4024 3976 4023 
3 4023 3976 4021 
3 4023 4025 4024 
3 4018 4026 4019 
3 4019 4026 4027 
3 4019 4027 4020 
3 4020 4027 4028 
3 4022 4028 4029 
3 4020 4028 4022 
3 4024 3979 3978 
3 4025 3979 4024 
3 4025 4030 3979 
3 4030 3980 3979 
3 4030 4031 3980 
3 3980 4031 3982 
3 4031 4032 3982 
3 3982 4032 3984 
3 3984 4032 4033 
3 3985 3984 4033 
3 4026 4034 4027 
3 4027 4034 4035 
3 4027 4035 4028 
3 4028 4035 4036 
3 4029 4036 4037 
3 4028 4036 4029 
3 4033 3986 3985 
3 4038 3986 4033 
3 3986 4038 4039 
3 3988 3986 4039 
3 4035 4034 3989 
3 3990 4035 3989 
3 3990 3992 4040 
3 3990 4040 4035 
3 4035 4040 4036 
3 4037 4040 4041 
3 4036 4040 4037 
3 4043 4039 4042 
3 4043 3994 4039 
3 3994 3988 4039 
3 4042 4044 4043 
3 4040 3992 3995 
3 3995 3996 4046 
3 4040 3995 4046 
3 4040 4046 4045 
3 4040 4045 4041 
3 3998 4045 4046 
3 3998 3997 4045 
3 3997 4047 4045 
3 4049 3997 3999 
3 4049 4048 3997 
3 4048 4047 3997 
3 4048 4049 4050 
3 4043 4000 3994 
3 4044 4000 4043 
3 4044 4051 4000 
3 4051 4001 4000 
3 4053 4002 4001 
3 4053 4001 4052 
3 4052 4001 4051 
3 4052 4054 4055 
3 4053 4052 4055 
3 4054 4056 4055 
3 4046 3996 4003 
3 4046 4003 3998 
3 4049 3999 4004 
3 4050 4049 4004 
3 4050 4004 4057 
3 4057 4004 4005 
3 4057 4005 4058 
3 4005 4007 4058 
3 4007 4059 4058 
3 4009 4059 4007 
3 4053 4010 4002 
3 4055 4010 4053 
3 4011 4010 4055 
3 4056 4011 4055 
3 4056 4060 4011 
3 4060 4012 4011 
3 4060 4061 4012 
3 4012 4061 4013 
3 4061 4062 4013 
3 4013 4062 4015 
3 4064 4017 4015 
3 4064 4015 4063 
3 4063 4015 4062 
3 4021 4022 4065 
3 4065 4067 4066 
3 4065 4066 4021 
3 4021 4066 4023 
3 4069 4025 4023 
3 4069 4023 4068 
3 4068 4023 4066 
3 4068 4070 4069 
3 4071 4065 4022 
3 4071 4022 4072 
3 4072 4022 4029 
3 4065 4071 4067 
3 4069 4030 4025 
3 4070 4030 4069 
3 4070 4073 4030 
3 4073 4031 4030 
3 4073 4074 4031 
3 4031 4074 4032 
3 4032 4074 4075 
3 4033 4032 4075 
3 4072 4029 4076 
3 4076 4029 4037 
3 4075 4038 4033 
3 4077 4038 4075 
3 4038 4077 4078 
3 4039 4038 4078 
3 4080 4079 4076 
3 4080 4076 4041 
3 4041 4076 4037 
3 4079 4080 4081 
3 4078 4042 4039 
3 4082 4042 4078 
3 4084 4044 4042 
3 4084 4042 4083 
3 4083 4042 4082 
3 4083 4085 4086 
3 4084 4083 4086 
3 4085 4087 4086 
3 4080 4041 4045 
3 4081 4080 4045 
3 4081 4045 4088 
3 4088 4045 4047 
3 4090 4048 4089 
3 4090 4088 4048 
3 4088 4047 4048 
3 4048 4050 4089 
3 4084 4051 4044 
3 4086 4051 4084 
3 4052 4051 4086 
3 4087 4052 4086 
3 4087 4091 4052 
3 4091 4054 4052 
3 4093 4056 4054 
3 4093 4054 4092 
3 4092 4054 4091 
3 4092 4094 4093 
3 4090 4089 4095 
3 4089 4050 4057 
3 4089 4057 4095 
3 4095 4057 4096 
3 4096 4057 4097 
3 4057 4058 4097 
3 4099 4058 4059 
3 4099 4098 4058 
3 4098 4097 4058 
3 4098 4099 4100 
3 4093 4060 4056 
3 4094 4060 4093 
3 4094 4101 4060 
3 4101 4061 4060 
3 4101 4102 4061 
3 4061 4102 4062 
3 4102 4103 4062 
3 4062 4103 4063 
3 4106 4104 4105 
3 4067 4105 4104 
3 4067 4104 4066 
3 4066 4104 4107 
3 4107 4108 4066 
3 4066 4108 4068 
3 4110 4070 4068 
3 4110 4068 4109 
3 4109 4068 4108 
3 4109 4111 4110 
3 4105 4112 4106 
3 4071 4072 4113 
3 4113 4067 4071 
3 4113 4114 4067 
3 4105 4067 4112 
3 4112 4067 4114 
3 4110 4073 4070 
3 4111 4073 4110 
3 4111 4115 4073 
3 4115 4074 4073 
3 4117 4075 4074 
3 4117 4074 4116 
3 4116 4074 4115 
3 4116 4118 4117 
3 4119 4113 4072 
3 4076 4119 4072 
3 4114 4119 4120 
3 4113 4119 4114 
3 4117 4077 4075 
3 4077 4122 4078 
3 4117 4122 4077 
3 4117 4121 4122 
3 4117 4118 4121 
3 4121 4123 4124 
3 4122 4121 4124 
3 4123 4125 4124 
3 4119 4076 4079 
3 4079 4081 4127 
3 4119 4079 4127 
3 4119 4127 4126 
3 4119 4126 4120 
3 4126 4127 4128 
3 4122 4082 4078 
3 4124 4082 4122 
3 4083 4082 4124 
3 4125 4083 4124 
3 4125 4129 4083 
3 4129 4085 4083 
3 4131 4087 4085 
3 4131 4085 4130 
3 4130 4085 4129 
3 4130 4132 4131 
3 4127 4081 4088 
3 4088 4090 4134 
3 4127 4088 4134 
3 4127 4134 4133 
3 4127 4133 4128 
3 4133 4136 4135 
3 4134 4136 4133 
3 4135 4136 4137 
3 4131 4091 4087 
3 4132 4091 4131 
3 4132 4138 4091 
3 4138 4092 4091 
3 4140 4094 4092 
3 4140 4092 4139 
3 4139 4092 4138 
3 4139 4141 4140 
3 4134 4090 4095 
3 4136 4134 4095 
3 4096 4136 4095 
3 4137 4136 4096 
3 4137 4096 4142 
3 4142 4096 4097 
3 4142 4097 4143 
3 4097 4098 4143 
3 4098 4144 4143 
3 4100 4144 4098 
3 4140 4101 4094 
3 4141 4101 4140 
3 4141 4145 4101 
3 4145 4102 4101 
3 4145 4146 4102 
3 4102 4146 4103 
3 4104 4106 4147 
3 4147 4149 4148 
3 4147 4148 4104 
3 4104 4148 4107 
3 4148 4150 4107 
3 4107 4150 4108 
3 4150 4151 4108 
3 4108 4151 4109 
3 4153 4111 4109 
3 4153 4109 4152 
3 4152 4109 4151 
3 4152 4154 4153 
3 4147 4106 4112 
3 4112 4149 4147 
3 4112 4114 4149 
3 4114 4155 4149 
3 4153 4115 4111 
3 4154 4115 4153 
3 4154 4156 4115 
3 4156 4116 4115 
3 4158 4118 4116 
3 4158 4116 4157 
3 4157 4116 4156 
3 4157 4159 4158 
3 4161 4160 4155 
3 4161 4155 4120 
3 4120 4155 4114 
3 4160 4161 4162 
3 4158 4121 4118 
3 4159 4121 4158 
3 4159 4163 4121 
3 4163 4123 4121 
3 4165 4125 4123 
3 4165 4123 4164 
3 4164 4123 4163 
3 4164 4166 4167 
3 4165 4164 4167 
3 4166 4168 4169 
3 4167 4166 4169 
3 4168 4170 4169 
3 4161 4120 4126 
3 4126 4128 4172 
3 4161 4126 4172 
3 4161 4172 4171 
3 4161 4171 4162 
3 4171 4172 4173 
3 4165 4129 4125 
3 4167 4129 4165 
3 4130 4129 4167 
3 4130 4174 4132 
3 4130 4167 4174 
3 4167 4169 4174 
3 4170 4175 4176 
3 4170 4176 4169 
3 4169 4176 4174 
3 4175 4177 4176 
3 4172 4128 4133 
3 4173 4172 4133 
3 4173 4133 4178 
3 4178 4133 4135 
3 4180 4135 4137 
3 4180 4179 4135 
3 4179 4178 4135 
3 4179 4180 4181 
3 4184 4183 4182 
3 4182 4183 4185 
3 4174 4138 4132 
3 4176 4138 4174 
3 4139 4138 4176 
3 4139 4187 4141 
3 4176 4187 4139 
3 4176 4186 4187 
3 4176 4177 4186 
3 4186 4188 4189 
3 4187 4186 4189 
3 4180 4137 4142 
3 4181 4180 4142 
3 4181 4142 4190 
3 4190 4142 4143 
3 4184 4191 4183 
3 4184 4143 4191 
3 4184 4190 4143 
3 4144 4191 4143 
3 4185 4191 4192 
3 4183 4191 4185 
3 4187 4145 4141 
3 4189 4145 4187 
3 4146 4145 4189 
3 4195 4193 4194 
3 4193 4196 4194 
3 4149 4198 4197 
3 4148 4149 4197 
3 4197 4199 4148 
3 4148 4199 4150 
3 4199 4200 4150 
3 4150 4200 4151 
3 4200 4201 4151 
3 4151 4201 4152 
3 4195 4194 4202 
3 4195 4202 4152 
3 4195 4152 4201 
3 4154 4152 4202 
3 4196 4203 4204 
3 4196 4204 4194 
3 4194 4204 4202 
3 4203 4205 4204 
3 4207 4206 4198 
3 4207 4198 4155 
3 4155 4198 4149 
3 4206 4207 4208 
3 4202 4156 4154 
3 4204 4156 4202 
3 4157 4156 4204 
3 4157 4210 4159 
3 4204 4210 4157 
3 4204 4209 4210 
3 4204 4205 4209 
3 4209 4211 4212 
3 4210 4209 4212 
3 4211 4213 4212 
3 4207 4155 4160 
3 4160 4162 4215 
3 4207 4160 4215 
3 4207 4215 4214 
3 4207 4214 4208 
3 4214 4217 4216 
3 4215 4217 4214 
3 4216 4217 4218 
3 4210 4163 4159 
3 4212 4163 4210 
3 4164 4163 4212 
3 4213 4164 4212 
3 4213 4219 4164 
3 4219 4166 4164 
3 4219 4220 4166 
3 4166 4220 4168 
3 4168 4220 4221 
3 4170 4168 4221 
3 4215 4162 4171 
3 4171 4173 4222 
3 4171 4222 4215 
3 4215 4222 4217 
3 4218 4224 4223 
3 4218 4217 4224 
3 4217 4222 4224 
3 4223 4226 4225 
3 4224 4226 4223 
3 4225 4226 4227 
3 4221 4175 4170 
3 4228 4175 4221 
3 4175 4228 4229 
3 4177 4175 4229 
3 4222 4173 4178 
3 4224 4222 4178 
3 4179 4224 4178 
3 4179 4181 4230 
3 4179 4230 4224 
3 4224 4230 4226 
3 4227 4182 4231 
3 4227 4230 4182 
3 4227 4226 4230 
3 4230 4184 4182 
3 4182 4232 4231 
3 4185 4232 4182 
3 4229 4186 4177 
3 4233 4186 4229 
3 4235 4234 4188 
3 4235 4188 4233 
3 4233 4188 4186 
3 4230 4181 4190 
3 4230 4190 4184 
3 4237 4236 4232 
3 4237 4232 4192 
3 4192 4232 4185 
3 4236 4237 4238 
3 4235 4239 4234 
3 4242 4240 4241 
3 4240 4243 4244 
3 4241 4240 4244 
3 4243 4245 4246 
3 4244 4243 4246 
3 4195 4246 4245 
3 4195 4245 4193 
3 4193 4245 4247 
3 4193 4247 4248 
3 4196 4193 4248 
3 4197 4198 4249 
3 4249 4250 4242 
3 4249 4242 4199 
3 4249 4199 4197 
3 4199 4242 4241 
3 4244 4199 4241 
3 4200 4199 4244 
3 4246 4200 4244 
3 4201 4200 4246 
3 4246 4195 4201 
3 4248 4203 4196 
3 4251 4203 4248 
3 4253 4205 4203 
3 4253 4203 4252 
3 4252 4203 4251 
3 4252 4254 4253 
3 4249 4198 4206 
3 4206 4250 4249 
3 4206 4208 4250 
3 4208 4255 4250 
3 4209 4258 4257 
3 4209 4205 4258 
3 4256 4258 4253 
3 4253 4258 4205 
3 4257 4259 4211 
3 4257 4211 4209 
3 4253 4254 4256 
3 4211 4259 4213 
3 4255 4208 4214 
3 4260 4255 4214 
3 4260 4214 4261 
3 4214 4216 4261 
3 4216 4262 4261 
3 4218 4262 4216 
3 4258 4263 4257 
3 4257 4264 4259 
3 4263 4264 4257 
3 4259 4219 4213 
3 4259 4264 4219 
3 4264 4265 4219 
3 4265 4266 4219 
3 4219 4266 4220 
3 4268 4221 4220 
3 4268 4220 4267 
3 4267 4220 4266 
3 4267 4269 4268 
3 4262 4218 4223 
3 4270 4262 4223 
3 4270 4223 4271 
3 4223 4225 4271 
3 4273 4225 4227 
3 4273 4272 4225 
3 4272 4271 4225 
3 4272 4273 4274 
3 4268 4228 4221 
3 4228 4268 4269 
3 4228 4269 4229 
3 4229 4269 4275 
3 4273 4227 4231 
3 4231 4274 4273 
3 4231 4232 4274 
3 4232 4276 4274 
3 4233 4278 4277 
3 4233 4229 4278 
3 4229 4275 4278 
3 4233 4277 4235 
3 4276 4232 4236 
3 4279 4276 4236 
3 4281 4236 4238 
3 4281 4280 4236 
3 4280 4279 4236 
3 4280 4283 4282 
3 4281 4283 4280 
3 4282 4283 4284 
3 4278 4285 4277 
3 4277 4239 4235 
3 4277 4285 4239 
3 4285 4286 4239 
3 4240 4242 4287 
3 4287 4289 4288 
3 4287 4288 4240 
3 4240 4288 4243 
3 4288 4290 4243 
3 4243 4290 4245 
3 4290 4291 4245 
3 4245 4291 4247 
3 4247 4291 4292 
3 4248 4247 4292 
3 4293 4287 4242 
3 4293 4242 4294 
3 4294 4242 4250 
3 4287 4293 4289 
3 4292 4251 4248 
3 4295 4251 4292 
3 4297 4296 4252 
3 4297 4252 4295 
3 4295 4252 4251 
3 4252 4296 4254 
3 4299 4298 4294 
3 4299 4294 4255 
3 4255 4294 4250 
3 4298 4299 4300 
3 4296 4258 4256 
3 4296 4297 4258 
3 4297 4301 4258 
3 4296 4256 4254 
3 4299 4255 4260 
3 4300 4299 4260 
3 4300 4260 4302 
3 4302 4260 4261 
3 4304 4261 4262 
3 4304 4303 4261 
3 4303 4302 4261 
3 4303 4304 4305 
3 4301 4263 4258 
3 4306 4263 4301 
3 4306 4307 4263 
3 4263 4307 4264 
3 4307 4308 4264 
3 4264 4308 4265 
3 4308 4309 4265 
3 4265 4309 4266 
3 4311 4310 4267 
3 4311 4267 4309 
3 4309 4267 4266 
3 4267 4310 4269 
3 4304 4262 4270 
3 4305 4304 4270 
3 4305 4270 4312 
3 4312 4270 4271 
3 4312 4271 4313 
3 4271 4272 4313 
3 4272 4314 4313 
3 4274 4314 4272 
3 4311 4315 4310 
3 4310 4315 4316 
3 4310 4316 4269 
3 4269 4316 4275 
3 4318 4317 4314 
3 4318 4314 4276 
3 4276 4314 4274 
3 4317 4318 4319 
3 4321 4316 4320 
3 4321 4278 4316 
3 4278 4275 4316 
3 4320 4322 4321 
3 4318 4276 4279 
3 4319 4318 4279 
3 4319 4279 4323 
3 4323 4279 4280 
3 4323 4280 4324 
3 4280 4282 4324 
3 4326 4282 4284 
3 4326 4325 4282 
3 4325 4324 4282 
3 4325 4326 4327 
3 4321 4285 4278 
3 4322 4285 4321 
3 4322 4328 4285 
3 4328 4286 4285 
3 4331 4329 4330 
3 4333 4330 4329 
3 4332 4288 4289 
3 4332 4335 4334 
3 4332 4334 4288 
3 4288 4334 4290 
3 4334 4336 4290 
3 4290 4336 4291 
3 4291 4336 4337 
3 4292 4291 4337 
3 4330 4293 4294 
3 4330 4294 4331 
3 4331 4294 4338 
3 4289 4339 4332 
3 4289 4293 4339 
3 4333 4339 4330 
3 4330 4339 4293 
3 4332 4339 4335 
3 4337 4295 4292 
3 4340 4295 4337 
3 4295 4340 4341 
3 4297 4295 4341 
3 4338 4294 4298 
3 4342 4338 4298 
3 4298 4343 4342 
3 4300 4343 4298 
3 4345 4341 4344 
3 4345 4301 4341 
3 4301 4297 4341 
3 4344 4346 4345 
3 4343 4300 4302 
3 4347 4343 4302 
3 4347 4302 4348 
3 4302 4303 4348 
3 4350 4303 4305 
3 4350 4349 4303 
3 4349 4348 4303 
3 4349 4350 4351 
3 4345 4306 4301 
3 4346 4306 4345 
3 4346 4352 4306 
3 4352 4307 4306 
3 4352 4353 4307 
3 4307 4353 4308 
3 4353 4354 4308 
3 4308 4354 4309 
3 4356 4311 4309 
3 4356 4309 4355 
3 4355 4309 4354 
3 4355 4357 4356 
3 4350 4305 4312 
3 4351 4350 4312 
3 4351 4312 4358 
3 4358 4312 4313 
3 4360 4313 4314 
3 4360 4359 4313 
3 4359 4358 4313 
3 4359 4360 4361 
3 4356 4315 4311 
3 4315 4363 4316 
3 4356 4363 4315 
3 4356 4362 4363 
3 4356 4357 4362 
3 4362 4364 4363 
3 4360 4314 4317 
3 4317 4319 4366 
3 4360 4317 4366 
3 4360 4366 4365 
3 4360 4365 4361 
3 4365 4366 4367 
3 4363 4320 4316 
3 4320 4363 4364 
3 4320 4364 4322 
3 4322 4364 4368 
3 4366 4319 4323 
3 4367 4366 4323 
3 4367 4323 4369 
3 4369 4323 4324 
3 4369 4324 4370 
3 4324 4325 4370 
3 4325 4371 4370 
3 4327 4371 4325 
3 4368 4328 4322 
3 4372 4328 4368 
3 4375 4373 4374 
3 4331 4374 4373 
3 4331 4373 4329 
3 4329 4373 4376 
3 4329 4376 4377 
3 4333 4329 4377 
3 4335 4379 4378 
3 4334 4335 4378 
3 4378 4380 4334 
3 4334 4380 4336 
3 4336 4380 4381 
3 4337 4336 4381 
3 4375 4374 4382 
3 4374 4383 4382 
3 4374 4331 4383 
3 4331 4338 4383 
3 4377 4339 4333 
3 4384 4339 4377 
3 4384 4335 4339 
3 4379 4335 4384 
3 4381 4340 4337 
3 4385 4340 4381 
3 4387 4341 4340 
3 4387 4340 4386 
3 4386 4340 4385 
3 4386 4388 4387 
3 4383 4338 4342 
3 4389 4383 4342 
3 4391 4342 4343 
3 4391 4390 4342 
3 4390 4389 4342 
3 4390 4391 4392 
3 4387 4344 4341 
3 4344 4387 4388 
3 4344 4388 4346 
3 4346 4388 4393 
3 4396 4394 4395 
3 4394 4397 4395 
3 4391 4343 4347 
3 4392 4391 4347 
3 4392 4347 4398 
3 4398 4347 4348 
3 4398 4348 4399 
3 4348 4349 4399 
3 4401 4349 4351 
3 4401 4400 4349 
3 4400 4399 4349 
3 4400 4401 4402 
3 4393 4352 4346 
3 4403 4352 4393 
3 4395 4403 4396 
3 4395 4353 4403 
3 4353 4352 4403 
3 4397 4353 4395 
3 4397 4404 4353 
3 4404 4354 4353 
3 4404 4405 4354 
3 4354 4405 4355 
3 4355 4405 4406 
3 4357 4355 4406 
3 4401 4351 4358 
3 4402 4401 4358 
3 4402 4358 4407 
3 4407 4358 4359 
3 4359 4408 4407 
3 4361 4408 4359 
3 4406 4362 4357 
3 4409 4362 4406 
3 4362 4409 4410 
3 4364 4362 4410 
3 4408 4361 4365 
3 4411 4408 4365 
3 4365 4412 4411 
3 4367 4412 4365 
3 4414 4410 4413 
3 4414 4368 4410 
3 4368 4364 4410 
3 4412 4367 4369 
3 4415 4412 4369 
3 4415 4369 4416 
3 4369 4370 4416 
3 4418 4370 4371 
3 4418 4417 4370 
3 4417 4416 4370 
3 4417 4418 4419 
3 4414 4372 4368 
3 4373 4375 4420 
3 4376 4373 4420 
3 4421 4376 4420 
3 4421 4377 4376 
3 4424 4422 4423 
3 4379 4423 4422 
3 4379 4422 4378 
3 4378 4422 4425 
3 4427 4426 4380 
3 4427 4380 4425 
3 4425 4380 4378 
3 4380 4426 4381 
3 4420 4375 4382 
3 4382 4383 4428 
3 4382 4428 4420 
3 4420 4428 4421 
3 4424 4384 4429 
3 4424 4423 4384 
3 4429 4384 4428 
3 4377 4421 4384 
3 4428 4384 4421 
3 4423 4379 4384 
3 4427 4430 4426 
3 4426 4385 4381 
3 4426 4430 4385 
3 4430 4431 4385 
3 4431 4432 4385 
3 4385 4432 4386 
3 4386 4432 4433 
3 4388 4386 4433 
3 4428 4383 4389 
3 4429 4428 4389 
3 4429 4389 4434 
3 4434 4389 4390 
3 4390 4435 4434 
3 4392 4435 4390 
3 4433 4436 4388 
3 4436 4393 4388 
3 4396 4438 4437 
3 4394 4396 4437 
3 4394 4437 4439 
3 4397 4394 4439 
3 4435 4392 4398 
3 4440 4435 4398 
3 4440 4398 4441 
3 4398 4399 4441 
3 4443 4400 4442 
3 4443 4441 4400 
3 4441 4399 4400 
3 4400 4402 4442 
3 4436 4403 4393 
3 4444 4403 4436 
3 4444 4396 4403 
3 4438 4396 4444 
3 4439 4404 4397 
3 4445 4404 4439 
3 4445 4446 4404 
3 4404 4446 4405 
3 4448 4406 4405 
3 4448 4405 4447 
3 4447 4405 4446 
3 4447 4449 4448 
3 4443 4442 4450 
3 4442 4402 4407 
3 4442 4407 4450 
3 4450 4407 4451 
3 4453 4407 4408 
3 4453 4452 4407 
3 4452 4451 4407 
3 4452 4453 4454 
3 4448 4409 4406 
3 4409 4456 4410 
3 4448 4456 4409 
3 4448 4455 4456 
3 4448 4449 4455 
3 4453 4408 4411 
3 4411 4412 4458 
3 4453 4411 4458 
3 4453 4458 4457 
3 4453 4457 4454 
3 4457 4458 4459 
3 4456 4413 4410 
3 4458 4412 4415 
3 4459 4458 4415 
3 4459 4415 4460 
3 4460 4415 4416 
3 4462 4417 4461 
3 4462 4460 4417 
3 4460 4416 4417 
3 4464 4417 4419 
3 4464 4463 4417 
3 4461 4417 4465 
3 4465 4417 4463 
3 4463 4464 4466 
3 4422 4424 4467 
3 4425 4422 4467 
3 4468 4425 4467 
3 4425 4468 4427 
3 4469 4467 4424 
3 4429 4469 4424 
3 4467 4469 4468 
3 4468 4469 4470 
3 4427 4468 4470 
3 4427 4470 4471 
3 4427 4471 4430 
3 4472 4471 4470 
3 4471 4473 4430 
3 4430 4473 4431 
3 4473 4474 4431 
3 4431 4474 4432 
3 4432 4474 4475 
3 4433 4432 4475 
3 4478 4476 4477 
3 4476 4479 4477 
3 4429 4434 4469 
3 4434 4435 4480 
3 4434 4480 4469 
3 4469 4480 4470 
3 4472 4480 4481 
3 4470 4480 4472 
3 4475 4482 4433 
3 4482 4436 4433 
3 4437 4438 4483 
3 4437 4483 4439 
3 4478 4477 4484 
3 4477 4479 4484 
3 4480 4435 4440 
3 4481 4480 4440 
3 4481 4440 4485 
3 4485 4440 4441 
3 4487 4441 4443 
3 4487 4486 4441 
3 4486 4485 4441 
3 4486 4487 4488 
3 4482 4444 4436 
3 4489 4444 4482 
3 4438 4490 4483 
3 4438 4444 4490 
3 4444 4489 4490 
3 4483 4445 4439 
3 4483 4490 4445 
3 4490 4491 4445 
3 4491 4492 4445 
3 4445 4492 4446 
3 4492 4493 4446 
3 4446 4493 4447 
3 4495 4449 4447 
3 4495 4447 4494 
3 4494 4447 4493 
3 4487 4443 4450 
3 4488 4487 4450 
3 4488 4450 4496 
3 4496 4450 4451 
3 4498 4452 4497 
3 4498 4496 4452 
3 4496 4451 4452 
3 4452 4454 4497 
3 4495 4455 4449 
3 4498 4497 4499 
3 4497 4454 4457 
3 4497 4457 4499 
3 4499 4457 4500 
3 4502 4457 4459 
3 4502 4501 4457 
3 4501 4500 4457 
3 4501 4502 4503 
3 4502 4459 4460 
3 4460 4503 4502 
3 4460 4462 4503 
3 4462 4504 4503 
3 4465 4505 4506 
3 4463 4505 4465 
3 4463 4507 4505 
3 4466 4507 4463 
3 4508 4510 4509 
3 4509 4510 4511 
3 4514 4512 4513 
3 4472 4513 4512 
3 4472 4512 4471 
3 4471 4512 4515 
3 4515 4516 4471 
3 4471 4516 4473 
3 4518 4517 4474 
3 4518 4474 4516 
3 4516 4474 4473 
3 4474 4517 4475 
3 4478 4520 4519 
3 4476 4478 4519 
3 4476 4519 4521 
3 4479 4476 4521 
3 4514 4513 4522 
3 4513 4523 4522 
3 4513 4472 4523 
3 4472 4481 4523 
3 4518 4524 4517 
3 4517 4482 4475 
3 4517 4525 4482 
3 4517 4524 4525 
3 4525 4526 4482 
3 4525 4527 4526 
3 4520 4478 4484 
3 4528 4520 4484 
3 4528 4484 4479 
3 4521 4528 4479 
3 4523 4481 4485 
3 4529 4523 4485 
3 4529 4485 4530 
3 4485 4486 4530 
3 4532 4486 4488 
3 4532 4531 4486 
3 4531 4530 4486 
3 4531 4532 4533 
3 4482 4526 4489 
3 4527 4489 4526 
3 4527 4534 4489 
3 4534 4490 4489 
3 4534 4535 4490 
3 4490 4535 4491 
3 4535 4536 4491 
3 4491 4536 4492 
3 4538 4537 4493 
3 4538 4493 4536 
3 4536 4493 4492 
3 4494 4493 4537 
3 4539 4494 4537 
3 4532 4488 4496 
3 4496 4498 4541 
3 4532 4496 4541 
3 4532 4541 4540 
3 4532 4540 4533 
3 4540 4541 4542 
3 4538 4543 4537 
3 4545 4537 4543 
3 4545 4544 4537 
3 4544 4539 4537 
3 4541 4498 4499 
3 4542 4541 4499 
3 4542 4499 4546 
3 4546 4499 4500 
3 4548 4501 4547 
3 4548 4546 4501 
3 4546 4500 4501 
3 4501 4503 4547 
3 4545 4549 4544 
3 4548 4547 4550 
3 4547 4503 4504 
3 4547 4504 4551 
3 4547 4551 4550 
3 4551 4504 4552 
3 4506 4551 4552 
3 4506 4505 4551 
3 4554 4551 4553 
3 4553 4551 4505 
3 4505 4507 4553 
3 1102 1105 4555 
3 4508 4556 4510 
3 4555 4556 4508 
3 4555 1107 4556 
3 4555 1105 1107 
3 1107 1110 4556 
3 4510 4557 4511 
3 4510 4556 4557 
3 4556 4558 4557 
3 1110 1116 4558 
3 4556 1110 4558 
3 1120 1118 4557 
3 1120 4557 4559 
3 4559 4557 4558 
3 1116 1123 4559 
3 4558 1116 4559 
3 1126 1120 4559 
3 4560 1126 4559 
3 1123 1127 4560 
3 4559 1123 4560 
3 1126 4560 1128 
3 4560 1127 1128 
3 1132 1130 4561 
3 1130 1134 4562 
3 4561 1130 4562 
3 4514 4562 1134 
3 4514 1134 4512 
3 4512 1134 1137 
3 1138 4563 4515 
3 1138 4515 1137 
3 1137 4515 4512 
3 4516 4515 4563 
3 4564 4516 4563 
3 4516 4564 4518 
3 4561 4519 4520 
3 4561 4520 1132 
3 1132 4520 1141 
3 1142 4561 4562 
3 1142 4521 4561 
3 1142 1143 4521 
3 4521 4519 4561 
3 4562 4514 4522 
3 4562 4522 1142 
3 1142 4522 1144 
3 1148 4563 4523 
3 1148 1146 4563 
3 4523 4563 4522 
3 1138 1144 4563 
3 4522 4563 1144 
3 4563 1150 4564 
3 1146 1150 4563 
3 4564 4524 4518 
3 4564 1150 4524 
3 1150 1153 4524 
3 1153 1155 4524 
3 4524 1155 4525 
3 4565 4527 4525 
3 4565 4525 1157 
3 1157 4525 1155 
3 1157 1158 4565 
3 1141 4520 4528 
3 1159 1141 4528 
3 1159 4528 4521 
3 1143 1159 4521 
3 1148 4523 4529 
3 1161 1148 4529 
3 1161 4529 1162 
3 4529 4530 1162 
3 1162 4530 1163 
3 4530 4531 1163 
3 4531 1165 1163 
3 4533 1165 4531 
3 4565 4534 4527 
3 1158 4534 4565 
3 1158 1169 4534 
3 1169 4535 4534 
3 1169 1171 4535 
3 4535 1171 4536 
3 4536 1171 1173 
3 4538 4536 1173 
3 1165 4533 4540 
3 1174 1165 4540 
3 4540 1176 1174 
3 4542 1176 4540 
3 1173 4543 4538 
3 1182 4543 1173 
3 4543 1182 1183 
3 4545 4543 1183 
3 1176 4542 4546 
3 1185 1176 4546 
3 4546 1187 1185 
3 4548 1187 4546 
3 1189 4566 1188 
3 1188 4567 1190 
3 4566 4567 1188 
3 1183 4567 4545 
3 1183 1190 4567 
3 4545 4567 4549 
3 1193 1192 4567 
3 4549 4567 1192 
3 1187 4548 4550 
3 1194 1187 4550 
3 4566 1189 1194 
3 4566 1194 4551 
3 4551 1194 4550 
3 1196 4567 4566 
3 1196 4566 4554 
3 1196 4554 1197 
3 4554 4566 4551 
3 4567 1196 1193 
3 4570 1823 1822 
3 4570 1822 4569 
3 4569 1822 4568 
3 4569 4571 4570 
3 4570 1824 1823 
3 4571 1824 4570 
3 4571 4572 1824 
3 4572 1825 1824 
3 4572 4573 1825 
3 1825 4573 1826 
3 4575 1828 1826 
3 4575 1826 4574 
3 4574 1826 4573 
3 4574 4576 4575 
3 4575 1829 1828 
3 4576 1829 4575 
3 4576 4577 1829 
3 4577 1830 1829 
3 4579 1832 1830 
3 4579 1830 4578 
3 4578 1830 4577 
3 4578 4580 4579 
3 4581 1832 4579 
3 1834 1832 4581 
3 4580 4582 4581 
3 4579 4580 4581 
3 1835 1837 4583 
3 4581 1838 1834 
3 4582 1838 4581 
3 4582 4584 1838 
3 4584 1839 1838 
3 4586 1841 1839 
3 4586 1839 4585 
3 4585 1839 4584 
3 4585 4587 4588 
3 4586 4585 4588 
3 4587 4589 4588 
3 4583 1843 4590 
3 1837 1843 4583 
3 1844 4591 1845 
3 1844 1846 4591 
3 4586 1847 1841 
3 4588 1847 4586 
3 1848 1847 4588 
3 4589 1848 4588 
3 4589 4592 1848 
3 4592 1849 1848 
3 1849 4592 4593 
3 1851 1849 4593 
3 4596 1852 4595 
3 4594 1852 4596 
3 4594 1843 1852 
3 4594 4590 1843 
3 4595 4597 4598 
3 1852 4597 4595 
3 1852 4591 4597 
3 1852 1845 4591 
3 4600 1853 4599 
3 4597 1853 4600 
3 4597 1846 1853 
3 4597 4591 1846 
3 1854 4599 1853 
3 4601 4599 1854 
3 1854 1856 4601 
3 1857 4602 1859 
3 1857 1860 4602 
3 4593 1861 1851 
3 4603 1861 4593 
3 4603 4604 1861 
3 1861 4604 1862 
3 1862 4604 4605 
3 1863 1862 4605 
3 4596 4595 4606 
3 4595 4598 4606 
3 4600 4599 4607 
3 4599 4601 4608 
3 4607 4599 4608 
3 4601 1856 1864 
3 4601 1864 4608 
3 4608 1864 4609 
3 1859 4602 4610 
3 1859 4610 1864 
3 1864 4610 4609 
3 4602 4611 4610 
3 4602 1860 4611 
3 1860 1866 4611 
3 4605 1867 1863 
3 4612 1867 4605 
3 4614 1868 1867 
3 4614 1867 4613 
3 4613 1867 4612 
3 4613 4615 4616 
3 4614 4613 4616 
3 4615 4617 4616 
3 4619 4618 4611 
3 4619 4611 1871 
3 1871 4611 1866 
3 4618 4621 4620 
3 4619 4621 4618 
3 4620 4621 4622 
3 4614 1872 1868 
3 4616 1872 4614 
3 1873 1872 4616 
3 4617 1873 4616 
3 4617 4623 1873 
3 4623 1874 1873 
3 4619 1871 1875 
3 4621 4619 1875 
3 1876 4621 1875 
3 4622 4621 1876 
3 4622 1876 4624 
3 4624 1876 1877 
3 1877 4625 4624 
3 1878 4625 1877 
3 4625 1878 1879 
3 4626 4625 1879 
3 4626 1879 4627 
3 1879 1880 4627 
3 1880 4628 4627 
3 1882 4628 1880 
3 4630 4629 4628 
3 4630 4628 1883 
3 1883 4628 1882 
3 4629 4632 4631 
3 4630 4632 4629 
3 4631 4632 4633 
3 4630 1883 1884 
3 4632 4630 1884 
3 1885 4632 1884 
3 1885 1886 4635 
3 4632 1885 4635 
3 4632 4635 4634 
3 4632 4634 4633 
3 4634 4635 4636 
3 4635 1886 1887 
3 1887 1889 4638 
3 4635 1887 4638 
3 4635 4638 4637 
3 4635 4637 4636 
3 4637 4640 4639 
3 4638 4640 4637 
3 4641 4638 1889 
3 1890 4641 1889 
3 4638 4641 4640 
3 4640 4641 4642 
3 795 4641 1890 
3 797 795 1890 
3 4641 795 4642 
3 4642 795 798 
3 4645 4568 4643 
3 4645 4644 4568 
3 4644 4569 4568 
3 4647 4571 4569 
3 4647 4569 4646 
3 4646 4569 4644 
3 4646 4648 4647 
3 4647 4572 4571 
3 4648 4572 4647 
3 4648 4649 4572 
3 4649 4573 4572 
3 4649 4650 4573 
3 4573 4650 4574 
3 4574 4650 4651 
3 4576 4574 4651 
3 4651 4577 4576 
3 4652 4577 4651 
3 4652 4653 4577 
3 4577 4653 4578 
3 4578 4653 4654 
3 4580 4578 4654 
3 4656 4654 4655 
3 4656 4582 4654 
3 4582 4580 4654 
3 4655 4657 4656 
3 4656 4584 4582 
3 4657 4584 4656 
3 4657 4658 4584 
3 4658 4585 4584 
3 4658 4659 4585 
3 4585 4659 4587 
3 4661 4589 4587 
3 4661 4587 4660 
3 4660 4587 4659 
3 4660 4662 4661 
3 4661 4592 4589 
3 4592 4664 4593 
3 4661 4664 4592 
3 4661 4663 4664 
3 4661 4662 4663 
3 4663 4665 4666 
3 4664 4663 4666 
3 4665 4667 4666 
3 4594 4669 4668 
3 4596 4669 4594 
3 4597 4670 4598 
3 4597 4600 4670 
3 4664 4603 4593 
3 4666 4603 4664 
3 4604 4603 4666 
3 4604 4672 4605 
3 4666 4672 4604 
3 4666 4671 4672 
3 4666 4667 4671 
3 4671 4673 4672 
3 4669 4596 4606 
3 4674 4669 4606 
3 4598 4674 4606 
3 4598 4675 4674 
3 4598 4670 4675 
3 4675 4676 4674 
3 4600 4675 4670 
3 4600 4677 4675 
3 4600 4607 4677 
3 4678 4675 4677 
3 4677 4607 4679 
3 4607 4608 4679 
3 4679 4608 4680 
3 4608 4609 4680 
3 4680 4609 4681 
3 4609 4610 4681 
3 4683 4610 4611 
3 4683 4682 4610 
3 4682 4681 4610 
3 4682 4683 4684 
3 4672 4612 4605 
3 4673 4612 4672 
3 4673 4685 4612 
3 4685 4613 4612 
3 4685 4686 4613 
3 4613 4686 4615 
3 4688 4617 4615 
3 4688 4615 4687 
3 4687 4615 4686 
3 4676 4675 4689 
3 4675 4678 4689 
3 4683 4611 4618 
3 4684 4683 4618 
3 4684 4618 4690 
3 4690 4618 4620 
3 4620 4691 4690 
3 4622 4691 4620 
3 4688 4623 4617 
3 4691 4622 4624 
3 4692 4691 4624 
3 4624 4693 4692 
3 4625 4693 4624 
3 4693 4625 4626 
3 4694 4693 4626 
3 4694 4626 4695 
3 4626 4627 4695 
3 4627 4696 4695 
3 4628 4696 4627 
3 4696 4628 4629 
3 4697 4696 4629 
3 4697 4629 4698 
3 4629 4631 4698 
3 4631 4699 4698 
3 4633 4699 4631 
3 4699 4633 4634 
3 4700 4699 4634 
3 4634 4701 4700 
3 4636 4701 4634 
3 4701 4636 4637 
3 4702 4701 4637 
3 4702 4637 4703 
3 4637 4639 4703 
3 4705 4644 4645 
3 4704 4644 4705 
3 4704 4706 4644 
3 4644 4706 4646 
3 4646 4706 4707 
3 4648 4646 4707 
3 4707 4649 4648 
3 4708 4649 4707 
3 4708 4709 4649 
3 4649 4709 4650 
3 4650 4709 4710 
3 4651 4650 4710 
3 4710 4652 4651 
3 4711 4652 4710 
3 4711 4712 4652 
3 4652 4712 4653 
3 4653 4712 4713 
3 4654 4653 4713 
3 4713 4655 4654 
3 4714 4655 4713 
3 4716 4657 4655 
3 4716 4655 4715 
3 4715 4655 4714 
3 4715 4717 4716 
3 4716 4658 4657 
3 4717 4658 4716 
3 4717 4718 4658 
3 4718 4659 4658 
3 4718 4719 4659 
3 4659 4719 4660 
3 4660 4719 4720 
3 4662 4660 4720 
3 4720 4663 4662 
3 4721 4663 4720 
3 4721 4722 4663 
3 4663 4722 4665 
3 4665 4722 4723 
3 4667 4665 4723 
3 4668 4669 4724 
3 4727 4726 4725 
3 4725 4729 4728 
3 4726 4729 4725 
3 4728 4729 4730 
3 4723 4671 4667 
3 4731 4671 4723 
3 4733 4673 4671 
3 4733 4671 4732 
3 4732 4671 4731 
3 4732 4734 4733 
3 4737 4674 4736 
3 4735 4674 4737 
3 4735 4669 4674 
3 4735 4724 4669 
3 4674 4676 4736 
3 4677 4738 4678 
3 4679 4727 4677 
3 4679 4726 4727 
3 4677 4727 4738 
3 4739 4740 4727 
3 4738 4727 4740 
3 4679 4680 4729 
3 4679 4729 4726 
3 4739 4741 4740 
3 4730 4729 4680 
3 4730 4680 4742 
3 4742 4680 4681 
3 4744 4682 4743 
3 4744 4742 4682 
3 4742 4681 4682 
3 4682 4684 4743 
3 4733 4685 4673 
3 4734 4685 4733 
3 4734 4745 4685 
3 4745 4686 4685 
3 4745 4746 4686 
3 4686 4746 4687 
3 4747 4737 4736 
3 4747 4736 4748 
3 4748 4736 4749 
3 4689 4736 4676 
3 4689 4750 4736 
3 4750 4749 4736 
3 4750 4751 4752 
3 4689 4751 4750 
3 4689 4738 4751 
3 4689 4678 4738 
3 4754 4751 4738 
3 4754 4738 4753 
3 4753 4738 4740 
3 4741 4755 4756 
3 4741 4756 4740 
3 4740 4756 4753 
3 4755 4757 4756 
3 4744 4743 4758 
3 4760 4690 4759 
3 4758 4690 4760 
3 4758 4684 4690 
3 4758 4743 4684 
3 4690 4691 4759 
3 4748 4749 4762 
3 4761 4748 4762 
3 4749 4750 4763 
3 4762 4749 4763 
3 4750 4752 4763 
3 4754 4753 4764 
3 4753 4756 4765 
3 4764 4753 4765 
3 4756 4757 4765 
3 4760 4759 4766 
3 4759 4691 4692 
3 4759 4692 4766 
3 4766 4692 4767 
3 4692 4768 4767 
3 4693 4768 4692 
3 4768 4693 4694 
3 4769 4768 4694 
3 4771 4695 4770 
3 4771 4769 4695 
3 4769 4694 4695 
3 4695 4696 4770 
3 4771 4770 4772 
3 4770 4696 4697 
3 4770 4697 4772 
3 4772 4697 4773 
3 4773 4697 4774 
3 4697 4698 4774 
3 4776 4698 4699 
3 4776 4775 4698 
3 4775 4774 4698 
3 4775 4776 4777 
3 4776 4699 4700 
3 4700 4701 4779 
3 4776 4700 4779 
3 4776 4779 4778 
3 4776 4778 4777 
3 4778 4779 4780 
3 4779 4701 4702 
3 4780 4779 4702 
3 4780 4702 4781 
3 4781 4702 4703 
3 4704 4705 4782 
3 4704 4782 4784 
3 4784 4782 4783 
3 4706 4704 4784 
3 4785 4706 4784 
3 4706 4785 4707 
3 4783 4786 4784 
3 4784 4786 4787 
3 4784 4787 4785 
3 4785 4787 4788 
3 4708 4707 4785 
3 4708 4785 4789 
3 4789 4785 4788 
3 4709 4708 4789 
3 4790 4709 4789 
3 4709 4790 4710 
3 4792 4791 4793 
3 4792 4787 4791 
3 4787 4786 4791 
3 4787 4794 4788 
3 4792 4794 4787 
3 4788 4795 4789 
3 4794 4795 4788 
3 4797 4789 4795 
3 4797 4796 4789 
3 4796 4790 4789 
3 4711 4710 4790 
3 4711 4790 4798 
3 4798 4790 4796 
3 4712 4711 4798 
3 4799 4712 4798 
3 4712 4799 4713 
3 4793 4800 4801 
3 4791 4800 4793 
3 4797 4802 4796 
3 4796 4803 4798 
3 4802 4803 4796 
3 4798 4804 4799 
3 4803 4804 4798 
3 4806 4805 4714 
3 4804 4806 4714 
3 4804 4714 4713 
3 4804 4713 4799 
3 4715 4714 4805 
3 4807 4715 4805 
3 4715 4807 4717 
3 4801 4810 4809 
3 4801 4800 4810 
3 4800 4808 4810 
3 4809 4810 4811 
3 4806 4812 4805 
3 4805 4813 4807 
3 4812 4813 4805 
3 4815 4814 4718 
3 4813 4815 4718 
3 4813 4718 4717 
3 4813 4717 4807 
3 4719 4718 4814 
3 4816 4719 4814 
3 4719 4816 4720 
3 4808 4818 4810 
3 4817 4818 4808 
3 4821 4810 4818 
3 4821 4820 4810 
3 4811 4810 4819 
3 4819 4810 4820 
3 4819 4820 4822 
3 4815 4823 4814 
3 4814 4824 4816 
3 4823 4824 4814 
3 4816 4721 4720 
3 4816 4824 4721 
3 4824 4825 4721 
3 4827 4826 4722 
3 4827 4722 4825 
3 4825 4722 4721 
3 4722 4826 4723 
3 4829 4820 4821 
3 4828 4820 4829 
3 4822 4828 4830 
3 4820 4828 4822 
3 4727 4831 4832 
3 4725 4831 4727 
3 4831 4725 4833 
3 4725 4728 4833 
3 4835 4728 4730 
3 4835 4834 4728 
3 4834 4833 4728 
3 4834 4835 4836 
3 4827 4837 4826 
3 4826 4731 4723 
3 4826 4837 4731 
3 4837 4838 4731 
3 4840 4839 4732 
3 4840 4732 4838 
3 4838 4732 4731 
3 4732 4839 4734 
3 4735 4842 4841 
3 4737 4842 4735 
3 4829 4843 4828 
3 4828 4843 4830 
3 4739 4845 4844 
3 4739 4727 4845 
3 4727 4832 4845 
3 4844 4741 4739 
3 4848 4846 4847 
3 4850 4847 4846 
3 4850 4846 4849 
3 4835 4730 4742 
3 4742 4836 4835 
3 4742 4744 4836 
3 4849 4836 4850 
3 4850 4836 4744 
3 4853 4852 4851 
3 4851 4852 4854 
3 4840 4855 4839 
3 4839 4745 4734 
3 4839 4855 4745 
3 4855 4856 4745 
3 4858 4857 4746 
3 4858 4746 4856 
3 4856 4746 4745 
3 4859 4737 4747 
3 4842 4737 4859 
3 4751 4860 4752 
3 4845 4861 4844 
3 4860 4751 4754 
3 4847 4861 4848 
3 4847 4755 4861 
3 4844 4861 4741 
3 4741 4861 4755 
3 4862 4847 4850 
3 4862 4757 4847 
3 4862 4863 4757 
3 4757 4755 4847 
3 4850 4744 4758 
3 4850 4758 4862 
3 4862 4758 4864 
3 4866 4758 4760 
3 4866 4865 4758 
3 4865 4864 4758 
3 4865 4852 4853 
3 4865 4866 4852 
3 4866 4867 4852 
3 4854 4867 4868 
3 4852 4867 4854 
3 4858 4869 4857 
3 4870 4761 4871 
3 4761 4762 4871 
3 4871 4762 4872 
3 4762 4763 4872 
3 4752 4860 4873 
3 4752 4873 4763 
3 4763 4873 4872 
3 4860 4754 4764 
3 4860 4764 4873 
3 4873 4764 4874 
3 4874 4764 4875 
3 4764 4765 4875 
3 4875 4765 4757 
3 4863 4875 4757 
3 4866 4760 4766 
3 4867 4866 4766 
3 4767 4867 4766 
3 4767 4868 4867 
3 4767 4768 4868 
3 4768 4876 4868 
3 4879 4878 4877 
3 4877 4878 4880 
3 4769 4881 4882 
3 4769 4882 4768 
3 4768 4882 4876 
3 4884 4769 4879 
3 4884 4881 4769 
3 4879 4769 4878 
3 4771 4883 4769 
3 4878 4769 4883 
3 4880 4886 4885 
3 4880 4878 4886 
3 4878 4883 4886 
3 4885 4888 4887 
3 4886 4888 4885 
3 4887 4888 4889 
3 4891 4882 4881 
3 4890 4891 4881 
3 4884 4892 4890 
3 4884 4890 4881 
3 4771 4772 4883 
3 4886 4883 4772 
3 4773 4886 4772 
3 4888 4886 4773 
3 4774 4888 4773 
3 4889 4888 4774 
3 4889 4774 4893 
3 4893 4774 4775 
3 4775 4894 4893 
3 4777 4894 4775 
3 4891 4890 4895 
3 4890 4892 4895 
3 4894 4777 4778 
3 4896 4894 4778 
3 4898 4778 4780 
3 4898 4897 4778 
3 4897 4896 4778 
3 4898 4780 4781 
3 4792 4793 4899 
3 4794 4792 4899 
3 4900 4794 4899 
3 4795 4794 4900 
3 4901 4795 4900 
3 4795 4901 4797 
3 4902 4899 4793 
3 4801 4902 4793 
3 4899 4902 4900 
3 4900 4902 4903 
3 4900 4903 4901 
3 4901 4903 4904 
3 4802 4797 4901 
3 4802 4901 4905 
3 4905 4901 4904 
3 4803 4802 4905 
3 4906 4803 4905 
3 4804 4803 4906 
3 4907 4804 4906 
3 4804 4907 4806 
3 4902 4801 4809 
3 4809 4811 4908 
3 4809 4908 4902 
3 4902 4908 4903 
3 4903 4908 4904 
3 4904 4908 4909 
3 4904 4909 4905 
3 4905 4909 4910 
3 4905 4910 4906 
3 4906 4910 4911 
3 4906 4911 4907 
3 4907 4911 4912 
3 4812 4806 4907 
3 4812 4907 4913 
3 4913 4907 4912 
3 4813 4812 4913 
3 4914 4813 4913 
3 4813 4914 4815 
3 4917 4916 4818 
3 4917 4818 4915 
3 4915 4818 4817 
3 4811 4819 4908 
3 4818 4916 4821 
3 4819 4822 4918 
3 4819 4918 4908 
3 4908 4918 4909 
3 4909 4918 4910 
3 4910 4918 4919 
3 4910 4919 4911 
3 4911 4919 4920 
3 4911 4920 4912 
3 4912 4920 4921 
3 4912 4921 4913 
3 4913 4921 4922 
3 4913 4922 4914 
3 4914 4922 4923 
3 4823 4815 4914 
3 4823 4914 4924 
3 4924 4914 4923 
3 4824 4823 4924 
3 4925 4824 4924 
3 4825 4824 4925 
3 4926 4825 4925 
3 4825 4926 4827 
3 4928 4916 4917 
3 4927 4916 4928 
3 4916 4927 4829 
3 4821 4916 4829 
3 4929 4918 4822 
3 4830 4929 4822 
3 4832 4831 4919 
3 4832 4919 4929 
3 4929 4919 4918 
3 4920 4919 4831 
3 4833 4920 4831 
3 4921 4920 4833 
3 4834 4921 4833 
3 4834 4836 4930 
3 4834 4930 4921 
3 4921 4930 4922 
3 4922 4930 4923 
3 4923 4930 4931 
3 4923 4931 4924 
3 4924 4931 4932 
3 4924 4932 4925 
3 4925 4932 4933 
3 4925 4933 4926 
3 4926 4933 4934 
3 4837 4827 4926 
3 4837 4926 4935 
3 4935 4926 4934 
3 4838 4837 4935 
3 4936 4838 4935 
3 4838 4936 4840 
3 4928 4938 4927 
3 4937 4841 4842 
3 4927 4843 4829 
3 4927 4938 4843 
3 4938 4939 4843 
3 4830 4843 4939 
3 4830 4939 4940 
3 4830 4940 4929 
3 4940 4939 4941 
3 4845 4832 4929 
3 4845 4929 4940 
3 4944 4942 4943 
3 4946 4943 4942 
3 4945 4846 4848 
3 4849 4846 4945 
3 4947 4849 4945 
3 4836 4849 4947 
3 4836 4947 4930 
3 4930 4947 4948 
3 4930 4948 4931 
3 4931 4948 4949 
3 4853 4851 4932 
3 4853 4932 4949 
3 4949 4932 4931 
3 4851 4854 4950 
3 4851 4950 4932 
3 4932 4950 4933 
3 4933 4950 4934 
3 4934 4950 4951 
3 4934 4951 4935 
3 4935 4951 4952 
3 4935 4952 4936 
3 4936 4952 4953 
3 4855 4840 4936 
3 4855 4936 4954 
3 4954 4936 4953 
3 4856 4855 4954 
3 4955 4856 4954 
3 4856 4955 4858 
3 4937 4842 4859 
3 4941 4956 4940 
3 4943 4956 4944 
3 4943 4861 4956 
3 4940 4956 4845 
3 4845 4956 4861 
3 4848 4957 4945 
3 4848 4861 4957 
3 4946 4957 4943 
3 4943 4957 4861 
3 4957 4958 4863 
3 4957 4863 4947 
3 4957 4947 4945 
3 4862 4947 4863 
3 4948 4947 4862 
3 4864 4948 4862 
3 4949 4948 4864 
3 4865 4949 4864 
3 4949 4865 4853 
3 4959 4950 4854 
3 4868 4959 4854 
3 4950 4959 4951 
3 4951 4959 4960 
3 4951 4960 4952 
3 4952 4960 4961 
3 4952 4961 4953 
3 4953 4961 4962 
3 4953 4962 4954 
3 4954 4962 4963 
3 4954 4963 4955 
3 4955 4963 4964 
3 4869 4858 4955 
3 4869 4955 4965 
3 4965 4955 4964 
3 4871 4966 4870 
3 4967 4966 4871 
3 4967 4968 4969 
3 4967 4871 4968 
3 4871 4872 4968 
3 4968 4872 4970 
3 4872 4873 4970 
3 4970 4873 4971 
3 4873 4874 4971 
3 4973 4875 4972 
3 4973 4971 4875 
3 4971 4874 4875 
3 4972 4875 4863 
3 4972 4863 4974 
3 4974 4863 4958 
3 4975 4959 4868 
3 4876 4975 4868 
3 4879 4877 4960 
3 4879 4960 4975 
3 4975 4960 4959 
3 4877 4880 4976 
3 4877 4976 4960 
3 4960 4976 4961 
3 4961 4976 4962 
3 4962 4976 4977 
3 4962 4977 4963 
3 4963 4977 4978 
3 4963 4978 4964 
3 4964 4978 4979 
3 4964 4979 4965 
3 4965 4979 4980 
3 4966 4967 4982 
3 4981 4966 4982 
3 4967 4969 4982 
3 4973 4972 4983 
3 4972 4974 4983 
3 4984 4975 4876 
3 4882 4984 4876 
3 4975 4984 4884 
3 4879 4975 4884 
3 4976 4880 4885 
3 4977 4976 4885 
3 4887 4977 4885 
3 4887 4889 4985 
3 4887 4985 4977 
3 4977 4985 4978 
3 4978 4985 4979 
3 4979 4985 4986 
3 4979 4986 4980 
3 4980 4986 4987 
3 4990 4988 4989 
3 4989 4988 4991 
3 4989 4991 4882 
3 4989 4882 4891 
3 4984 4882 4991 
3 4984 4991 4992 
3 4984 4992 4884 
3 4884 4992 4892 
3 4985 4889 4893 
3 4993 4986 4985 
3 4993 4985 4894 
3 4993 4894 4994 
3 4894 4985 4893 
3 4986 4995 4987 
3 4993 4995 4986 
3 4990 4989 4996 
3 4998 4895 4997 
3 4996 4895 4998 
3 4996 4891 4895 
3 4996 4989 4891 
3 4999 4892 4992 
3 4999 4997 4892 
3 4999 5000 4997 
3 4895 4892 4997 
3 4999 5001 5000 
3 4994 4894 4896 
3 5002 4994 4896 
3 5002 4896 5003 
3 4896 4897 5003 
3 4998 4997 5004 
3 4997 5000 5005 
3 5004 4997 5005 
3 5000 5001 5005 
3 4915 5006 4917 
3 5006 5007 4928 
3 4917 5006 4928 
3 4938 4928 5007 
3 4938 5007 5009 
3 5009 5007 5008 
3 4939 4938 5009 
3 5010 4939 5009 
3 4939 5010 4941 
3 4942 4944 5011 
3 4942 5011 4946 
3 5008 5012 5009 
3 5009 5012 5013 
3 5009 5013 5010 
3 5010 5013 5014 
3 4956 4941 5010 
3 4956 5010 5015 
3 5015 5010 5014 
3 4944 4956 5015 
3 4944 5015 5011 
3 5011 5015 5016 
3 4957 4946 5011 
3 4957 5011 5017 
3 5017 5011 5016 
3 4957 5017 4958 
3 5020 5012 5018 
3 5020 5019 5012 
3 5019 5013 5012 
3 4969 4968 5014 
3 4969 5014 5019 
3 5019 5014 5013 
3 5015 5014 4968 
3 4970 5015 4968 
3 5016 5015 4970 
3 4971 5016 4970 
3 4971 4973 5021 
3 4971 5021 5016 
3 5016 5021 5017 
3 5017 5021 4974 
3 4958 5017 4974 
3 5019 5020 5022 
3 5019 5022 4982 
3 4982 5022 4981 
3 5019 4982 4969 
3 5021 4973 4983 
3 5021 4983 4974 
3 4988 4990 5023 
3 4991 4988 5023 
3 5024 4991 5023 
3 4991 5024 4992 
3 4993 4994 5025 
3 4995 4993 5025 
3 5026 4995 5025 
3 5023 4990 4996 
3 4996 4998 5027 
3 4996 5027 5023 
3 5023 5027 5024 
3 4999 4992 5024 
3 4999 5024 5028 
3 5028 5024 5027 
3 4999 5028 5001 
3 5025 4994 5002 
3 5026 5025 5002 
3 5003 5026 5002 
3 5027 4998 5004 
3 5028 5027 5004 
3 5005 5028 5004 
3 5028 5005 5001 
3 5018 5029 5020 
3 5029 5022 5020 
3 5033 5032 5030 
3 5031 5033 5030 
3 5031 5030 5034 
3 5035 5031 5034 
3 5039 5038 5036 
3 5037 5039 5036 
3 5036 5033 5037 
3 5032 5033 5036 
3 5034 5041 5035 
3 5040 5041 5034 
3 5040 5042 5041 
3 5041 5042 5043 
3 5043 5042 5044 
3 5045 5043 5044 
3 5046 2496 2494 
3 2494 5039 5046 
3 2494 2497 5039 
3 2497 5038 5039 
3 5044 5048 5045 
3 5047 5048 5044 
3 5047 5049 5048 
3 5048 5049 5050 
3 5050 5049 2503 
3 2502 5050 2503 
3 5032 5052 5051 
3 5030 5032 5051 
3 5054 5034 5030 
3 5054 5030 5053 
3 5053 5030 5051 
3 5053 5055 5054 
3 5038 5057 5056 
3 5036 5038 5056 
3 5056 5032 5036 
3 5052 5032 5056 
3 5054 5040 5034 
3 5055 5040 5054 
3 5055 5058 5040 
3 5058 5042 5040 
3 5042 5058 5059 
3 5044 5042 5059 
3 5057 5038 2605 
3 2605 5038 2497 
3 5059 5047 5044 
3 5060 5047 5059 
3 5060 5061 5047 
3 5047 5061 5049 
3 2607 2503 5049 
3 2607 5049 5062 
3 5062 5049 5061 
3 5062 2609 2607 
3 5052 5064 5063 
3 5051 5052 5063 
3 5063 5065 5051 
3 5051 5065 5053 
3 5053 5065 5066 
3 5055 5053 5066 
3 5057 5068 5067 
3 5056 5057 5067 
3 5067 5052 5056 
3 5064 5052 5067 
3 5066 5058 5055 
3 5069 5058 5066 
3 5058 5069 5070 
3 5059 5058 5070 
3 5068 5057 2658 
3 2658 5057 2605 
3 5070 5060 5059 
3 5071 5060 5070 
3 5071 5072 5060 
3 5060 5072 5061 
3 5072 5073 5061 
3 5061 5073 5062 
3 5062 5073 2661 
3 2609 5062 2661 
3 5064 5075 5074 
3 5063 5064 5074 
3 5074 5076 5063 
3 5063 5076 5065 
3 5065 5076 5077 
3 5066 5065 5077 
3 5067 5068 5078 
3 5078 5064 5067 
3 5078 5079 5064 
3 5079 5075 5064 
3 5077 5069 5066 
3 5080 5069 5077 
3 5069 5080 5081 
3 5070 5069 5081 
3 5082 5078 5068 
3 5082 5068 2710 
3 2710 5068 2658 
3 5078 5082 5079 
3 5081 5071 5070 
3 5083 5071 5081 
3 5083 5084 5071 
3 5071 5084 5072 
3 5084 5085 5072 
3 5072 5085 5073 
3 5073 5085 2713 
3 2661 5073 2713 
3 5088 5086 5087 
3 5086 5089 5087 
3 5075 5091 5090 
3 5074 5075 5090 
3 5087 5090 5088 
3 5087 5076 5090 
3 5076 5074 5090 
3 5076 5093 5077 
3 5087 5093 5076 
3 5087 5092 5093 
3 5087 5089 5092 
3 5092 5094 5093 
3 5091 5075 5095 
3 5095 5075 5079 
3 5093 5080 5077 
3 5080 5097 5081 
3 5093 5097 5080 
3 5093 5096 5097 
3 5093 5094 5096 
3 5096 5098 5097 
3 5101 5099 5100 
3 5099 5102 5100 
3 2710 2759 5103 
3 5082 2710 5103 
3 5103 5079 5082 
3 5095 5079 5103 
3 5097 5083 5081 
3 5098 5083 5097 
3 5098 5104 5083 
3 5104 5084 5083 
3 5100 5104 5101 
3 5100 5085 5104 
3 5085 5084 5104 
3 5085 2761 2713 
3 5100 2761 5085 
3 5100 5105 2761 
3 5100 5102 5105 
3 5105 2764 2761 
3 5108 5106 5107 
3 5088 5107 5106 
3 5088 5106 5086 
3 5086 5106 5109 
3 5086 5109 5110 
3 5089 5086 5110 
3 5107 5090 5091 
3 5107 5091 5108 
3 5108 5091 5111 
3 5107 5088 5090 
3 5110 5092 5089 
3 5112 5092 5110 
3 5114 5094 5092 
3 5114 5092 5113 
3 5113 5092 5112 
3 5113 5115 5114 
3 5111 5091 5116 
3 5116 5091 5095 
3 5114 5096 5094 
3 5096 5118 5098 
3 5114 5118 5096 
3 5114 5117 5118 
3 5114 5115 5117 
3 5120 5118 5117 
3 5119 5099 5101 
3 5099 5119 5102 
3 5103 2759 2801 
3 2801 5095 5103 
3 2801 2802 5095 
3 2802 5116 5095 
3 5118 5104 5098 
3 5101 5121 5119 
3 5101 5104 5121 
3 5120 5121 5118 
3 5118 5121 5104 
3 5119 5105 5102 
3 5119 5121 5105 
3 5121 5122 5105 
3 2804 2764 5105 
3 2804 5105 5123 
3 5123 5105 5122 
3 5123 2807 2804 
3 5108 5125 5124 
3 5106 5108 5124 
3 5124 5126 5106 
3 5106 5126 5109 
3 5109 5126 5127 
3 5110 5109 5127 
3 5125 5108 5128 
3 5128 5108 5111 
3 5127 5112 5110 
3 5129 5112 5127 
3 5129 5130 5112 
3 5112 5130 5113 
3 5113 5130 5131 
3 5115 5113 5131 
3 5128 5111 5132 
3 5132 5111 5116 
3 5131 5117 5115 
3 5133 5117 5131 
3 5135 5120 5117 
3 5135 5117 5134 
3 5134 5117 5133 
3 5134 5136 5137 
3 5135 5134 5137 
3 5136 5138 5137 
3 5132 5116 2851 
3 2851 5116 2802 
3 5135 5121 5120 
3 5137 5121 5135 
3 5122 5121 5137 
3 5138 5122 5137 
3 5138 5139 5122 
3 5139 5123 5122 
3 5123 5139 2854 
3 2807 5123 2854 
3 5142 5140 5141 
3 5140 5143 5141 
3 5125 5145 5144 
3 5124 5125 5144 
3 5141 5144 5142 
3 5141 5126 5144 
3 5126 5124 5144 
3 5126 5147 5127 
3 5141 5147 5126 
3 5141 5146 5147 
3 5141 5143 5146 
3 5146 5148 5147 
3 5145 5125 5149 
3 5149 5125 5128 
3 5147 5129 5127 
3 5148 5129 5147 
3 5148 5150 5129 
3 5150 5130 5129 
3 5130 5150 5151 
3 5131 5130 5151 
3 5149 5128 5152 
3 5152 5128 5132 
3 5151 5133 5131 
3 5153 5133 5151 
3 5153 5154 5133 
3 5133 5154 5134 
3 5154 5155 5134 
3 5134 5155 5136 
3 5157 5138 5136 
3 5157 5136 5156 
3 5156 5136 5155 
3 5156 5158 5157 
3 2906 5159 2904 
3 5159 2851 2904 
3 5159 5152 2851 
3 5152 5132 2851 
3 5157 5139 5138 
3 5139 2908 2854 
3 5157 2908 5139 
3 5157 5160 2908 
3 5157 5158 5160 
3 5160 2910 2908 
3 5142 5162 5161 
3 5140 5142 5161 
3 5140 5161 5163 
3 5143 5140 5163 
3 5145 5165 5164 
3 5144 5145 5164 
3 5164 5142 5144 
3 5162 5142 5164 
3 5163 5146 5143 
3 5166 5146 5163 
3 5168 5148 5146 
3 5168 5146 5167 
3 5167 5146 5166 
3 5167 5169 5168 
3 5165 5145 5170 
3 5170 5145 5149 
3 5168 5150 5148 
3 5150 5168 5169 
3 5150 5169 5151 
3 5151 5169 5171 
3 5170 5149 5172 
3 5172 5149 5152 
3 5171 5153 5151 
3 5173 5153 5171 
3 5173 5174 5153 
3 5153 5174 5154 
3 5174 5175 5154 
3 5154 5175 5155 
3 5177 5176 5156 
3 5177 5156 5175 
3 5175 5156 5155 
3 5156 5176 5158 
3 2906 2958 5178 
3 5159 2906 5178 
3 5178 5152 5159 
3 5172 5152 5178 
3 5177 5179 5176 
3 5176 5160 5158 
3 5176 5179 5160 
3 5179 5180 5160 
3 2960 2910 5160 
3 2960 5160 5181 
3 5181 5160 5180 
3 5181 2962 2960 
3 5162 5183 5182 
3 5161 5162 5182 
3 5161 5182 5184 
3 5163 5161 5184 
3 5165 5186 5185 
3 5164 5165 5185 
3 5185 5162 5164 
3 5183 5162 5185 
3 5184 5166 5163 
3 5187 5166 5184 
3 5187 5188 5166 
3 5166 5188 5167 
3 5167 5188 5189 
3 5169 5167 5189 
3 5186 5165 5190 
3 5190 5165 5170 
3 5192 5189 5191 
3 5192 5171 5189 
3 5171 5169 5189 
3 5191 5193 5192 
3 5196 5194 5195 
3 5194 5172 5195 
3 5194 5190 5172 
3 5190 5170 5172 
3 5192 5173 5171 
3 5193 5173 5192 
3 5193 5197 5173 
3 5197 5174 5173 
3 5197 5198 5174 
3 5174 5198 5175 
3 5175 5198 5199 
3 5177 5175 5199 
3 5195 5178 2958 
3 5195 2958 5196 
3 5196 2958 3005 
3 5195 5172 5178 
3 5199 5179 5177 
3 5200 5179 5199 
3 5200 5201 5179 
3 5179 5201 5180 
3 5201 5202 5180 
3 5180 5202 5181 
3 5181 5202 3008 
3 2962 5181 3008 
3 5183 5204 5203 
3 5182 5183 5203 
3 5206 5184 5182 
3 5206 5182 5205 
3 5205 5182 5203 
3 5205 5207 5206 
3 5186 5209 5208 
3 5185 5186 5208 
3 5208 5183 5185 
3 5204 5183 5208 
3 5206 5187 5184 
3 5207 5187 5206 
3 5207 5210 5187 
3 5210 5188 5187 
3 5188 5210 5211 
3 5189 5188 5211 
3 5214 5212 5213 
3 5212 5190 5213 
3 5212 5209 5190 
3 5209 5186 5190 
3 5211 5191 5189 
3 5215 5191 5211 
3 5217 5193 5191 
3 5217 5191 5216 
3 5216 5191 5215 
3 5216 5218 5219 
3 5217 5216 5219 
3 5218 5220 5219 
3 5213 5194 5196 
3 5213 5196 5214 
3 5214 5196 5221 
3 5213 5190 5194 
3 5217 5197 5193 
3 5219 5197 5217 
3 5198 5197 5219 
3 5198 5223 5199 
3 5219 5223 5198 
3 5219 5222 5223 
3 5219 5220 5222 
3 5222 5224 5223 
3 5221 5196 3053 
3 3053 5196 3005 
3 5223 5200 5199 
3 5224 5200 5223 
3 5224 5225 5200 
3 5225 5201 5200 
3 3057 3055 5202 
3 3057 5202 5225 
3 5225 5202 5201 
3 5202 3055 3008 
3 5228 5226 5227 
3 5204 5227 5226 
3 5204 5226 5203 
3 5203 5226 5229 
3 5229 5230 5203 
3 5203 5230 5205 
3 5205 5230 5231 
3 5207 5205 5231 
3 5227 5208 5209 
3 5227 5209 5228 
3 5228 5209 5232 
3 5227 5204 5208 
3 5231 5210 5207 
3 5233 5210 5231 
3 5235 5211 5210 
3 5235 5210 5234 
3 5234 5210 5233 
3 5234 5236 5235 
3 5214 5238 5237 
3 5212 5214 5237 
3 5237 5209 5212 
3 5232 5209 5237 
3 5235 5215 5211 
3 5236 5215 5235 
3 5236 5239 5215 
3 5239 5216 5215 
3 5239 5240 5216 
3 5216 5240 5218 
3 5218 5240 5241 
3 5220 5218 5241 
3 5238 5214 5242 
3 5242 5214 5221 
3 5241 5222 5220 
3 5243 5222 5241 
3 5222 5243 5244 
3 5224 5222 5244 
3 5242 5221 3097 
3 3097 5221 3053 
3 5244 5225 5224 
3 5245 5225 5244 
3 3099 3057 5225 
3 3099 5225 5246 
3 5246 5225 5245 
3 5246 3101 3099 
3 5249 5247 5248 
3 5247 5250 5248 
3 5228 5252 5251 
3 5226 5228 5251 
3 5248 5251 5249 
3 5248 5229 5251 
3 5229 5226 5251 
3 5250 5229 5248 
3 5250 5253 5229 
3 5253 5230 5229 
3 5255 5231 5230 
3 5255 5230 5254 
3 5254 5230 5253 
3 5254 5256 5255 
3 5252 5228 5257 
3 5257 5228 5232 
3 5255 5233 5231 
3 5256 5233 5255 
3 5256 5258 5233 
3 5258 5234 5233 
3 5234 5258 5259 
3 5236 5234 5259 
3 5238 5261 5260 
3 5237 5238 5260 
3 5260 5232 5237 
3 5257 5232 5260 
3 5259 5239 5236 
3 5262 5239 5259 
3 5262 5263 5239 
3 5239 5263 5240 
3 5265 5241 5240 
3 5265 5240 5264 
3 5264 5240 5263 
3 5264 5266 5265 
3 5261 5238 5267 
3 5267 5238 5242 
3 5265 5243 5241 
3 5243 5269 5244 
3 5265 5269 5243 
3 5265 5268 5269 
3 5265 5266 5268 
3 5268 5270 5269 
3 5267 5242 3134 
3 3134 5242 3097 
3 5269 5245 5244 
3 5270 5245 5269 
3 5270 5271 5245 
3 5271 5246 5245 
3 5246 5271 3137 
3 3101 5246 3137 
3 5249 5273 5272 
3 5247 5249 5272 
3 5275 5250 5247 
3 5275 5247 5274 
3 5274 5247 5272 
3 5274 5276 5275 
3 5252 5278 5277 
3 5251 5252 5277 
3 5277 5249 5251 
3 5273 5249 5277 
3 5275 5253 5250 
3 5276 5253 5275 
3 5276 5279 5253 
3 5279 5254 5253 
3 5254 5279 5280 
3 5256 5254 5280 
3 5278 5252 5281 
3 5281 5252 5257 
3 5280 5258 5256 
3 5282 5258 5280 
3 5284 5259 5258 
3 5284 5258 5283 
3 5283 5258 5282 
3 5283 5285 5284 
3 5260 5261 5286 
3 5286 5257 5260 
3 5286 5287 5257 
3 5287 5281 5257 
3 5284 5262 5259 
3 5285 5262 5284 
3 5285 5288 5262 
3 5288 5263 5262 
3 5288 5289 5263 
3 5263 5289 5264 
3 5264 5289 5290 
3 5266 5264 5290 
3 5291 5286 5261 
3 5291 5261 5292 
3 5292 5261 5267 
3 5286 5291 5287 
3 5290 5268 5266 
3 5293 5268 5290 
3 5295 5270 5268 
3 5295 5268 5294 
3 5294 5268 5293 
3 5294 5296 5295 
3 5292 5267 3170 
3 3170 5267 3134 
3 5295 5271 5270 
3 5271 3172 3137 
3 5295 3172 5271 
3 5295 5297 3172 
3 5295 5296 5297 
3 5297 3174 3172 
3 5273 5299 5298 
3 5272 5273 5298 
3 5298 5300 5272 
3 5272 5300 5274 
3 5274 5300 5301 
3 5276 5274 5301 
3 5277 5278 5302 
3 5302 5273 5277 
3 5302 5303 5273 
3 5303 5299 5273 
3 5301 5279 5276 
3 5304 5279 5301 
3 5306 5280 5279 
3 5306 5279 5305 
3 5305 5279 5304 
3 5305 5307 5308 
3 5306 5305 5308 
3 5307 5309 5308 
3 5310 5302 5278 
3 5310 5278 5311 
3 5311 5278 5281 
3 5302 5310 5303 
3 5306 5282 5280 
3 5308 5282 5306 
3 5283 5282 5308 
3 5283 5313 5285 
3 5308 5313 5283 
3 5308 5312 5313 
3 5308 5309 5312 
3 5312 5314 5313 
3 5311 5281 5315 
3 5315 5281 5287 
3 5313 5288 5285 
3 5314 5288 5313 
3 5314 5316 5288 
3 5316 5289 5288 
3 5318 5290 5289 
3 5318 5289 5317 
3 5317 5289 5316 
3 5317 5319 5318 
3 5291 5292 5320 
3 5320 5287 5291 
3 5320 5321 5287 
3 5321 5315 5287 
3 5318 5293 5290 
3 5319 5293 5318 
3 5319 5322 5293 
3 5322 5294 5293 
3 5324 5296 5294 
3 5324 5294 5323 
3 5323 5294 5322 
3 5323 5325 5324 
3 5326 5320 5292 
3 5326 5292 3213 
3 3213 5292 3170 
3 5320 5326 5321 
3 5324 5297 5296 
3 5297 3214 3174 
3 5324 3214 5297 
3 5324 5327 3214 
3 5324 5325 5327 
3 5327 5328 3215 
3 3214 5327 3215 
3 5328 3216 3215 
3 5299 5330 5329 
3 5298 5299 5329 
3 5329 5331 5298 
3 5298 5331 5300 
3 5333 5301 5300 
3 5333 5300 5332 
3 5332 5300 5331 
3 5332 5334 5333 
3 5330 5299 5335 
3 5335 5299 5303 
3 5333 5304 5301 
3 5334 5304 5333 
3 5334 5336 5304 
3 5336 5305 5304 
3 5336 5337 5305 
3 5305 5337 5307 
3 5307 5337 5338 
3 5309 5307 5338 
3 5310 5311 5339 
3 5339 5303 5310 
3 5339 5340 5303 
3 5340 5335 5303 
3 5338 5312 5309 
3 5341 5312 5338 
3 5343 5314 5312 
3 5343 5312 5342 
3 5342 5312 5341 
3 5342 5344 5343 
3 5345 5339 5311 
3 5345 5311 5346 
3 5346 5311 5315 
3 5339 5345 5340 
3 5343 5316 5314 
3 5344 5316 5343 
3 5344 5347 5316 
3 5347 5317 5316 
3 5349 5319 5317 
3 5349 5317 5348 
3 5348 5317 5347 
3 5348 5350 5349 
3 5346 5315 5351 
3 5351 5315 5321 
3 5349 5322 5319 
3 5350 5322 5349 
3 5350 5352 5322 
3 5352 5323 5322 
3 5323 5352 5353 
3 5325 5323 5353 
3 5326 3213 3257 
3 3257 5321 5326 
3 3257 3259 5321 
3 3259 5351 5321 
3 5353 5327 5325 
3 5354 5327 5353 
3 5354 5355 5327 
3 5327 5355 5328 
3 5328 5355 3260 
3 3216 5328 3260 
3 776 777 5356 
3 776 5356 778 
3 5357 5359 5358 
3 780 781 5360 
3 777 782 5356 
3 780 5360 784 
3 5356 782 778 
3 5361 5358 5359 
3 5362 5360 781 
3 786 5362 781 
3 5360 5362 788 
3 784 5360 788 
3 5362 786 789 
3 5362 789 788 
3 5357 5363 5364 
3 5359 5357 5364 
3 5365 5361 5359 
3 5364 5365 5359 
3 5363 5366 5367 
3 5364 5363 5367 
3 5368 5365 5364 
3 5367 5368 5364 
3 5366 5369 5367 
3 5369 5368 5367 
3 3255 3256 5370 
3 5370 5373 5372 
3 5370 5372 3258 
3 5370 3258 3255 
3 3258 5372 5371 
3 5371 3259 3258 
3 5374 1822 3260 
3 4568 1822 5374 
3 5375 5370 3256 
3 5375 3256 5376 
3 5376 3256 3261 
3 5370 5375 5373 
3 5377 5379 5378 
3 5377 3261 5379 
3 5377 5376 3261 
3 3261 3262 5379 
3 3262 3263 5379 
3 3268 5379 3266 
3 3268 5380 5379 
3 5380 5378 5379 
3 5379 3263 3266 
3 5383 5382 5381 
3 5381 5385 5384 
3 5382 5385 5381 
3 3271 5384 5385 
3 3271 3269 5384 
3 3269 5386 5384 
3 5388 3272 5387 
3 5388 5386 3272 
3 5386 3269 3272 
3 3273 5387 3272 
3 5389 5387 3273 
3 3274 5389 3273 
3 5390 5389 3274 
3 3274 3276 5390 
3 3277 5391 3278 
3 3277 3280 5391 
3 3281 5380 3268 
3 3281 5393 5380 
3 5393 5392 5380 
3 3281 3283 5393 
3 5383 5394 5382 
3 5394 5395 3285 
3 5394 3285 5385 
3 5394 5385 5382 
3 3284 5385 3285 
3 5385 3284 3271 
3 5388 5387 5396 
3 5387 5389 5397 
3 5396 5387 5397 
3 5389 5390 5398 
3 5397 5389 5398 
3 5400 3286 5399 
3 5398 3286 5400 
3 5398 3276 3286 
3 5398 5390 3276 
3 5399 5401 5402 
3 3286 5401 5399 
3 3286 5391 5401 
3 3286 3278 5391 
3 5404 3287 5403 
3 5401 3287 5404 
3 5401 3280 3287 
3 5401 5391 3280 
3 3288 5403 3287 
3 5405 5403 3288 
3 1835 5405 3288 
3 4583 5405 1835 
3 5393 3289 5392 
3 3291 3289 5393 
3 5393 3283 3291 
3 3294 5406 3295 
3 5408 3294 3296 
3 5408 5407 3294 
3 5406 3294 5409 
3 5409 3294 5407 
3 5407 5411 5410 
3 5408 5411 5407 
3 3299 5410 5411 
3 3299 3298 5410 
3 3298 5412 5410 
3 5412 3298 3285 
3 5395 5412 3285 
3 5399 5413 5400 
3 5413 5399 5402 
3 5404 5403 5414 
3 5416 5414 5403 
3 5416 5403 5415 
3 5415 5403 5405 
3 5405 4583 5415 
3 4583 4590 5415 
3 3301 5417 3302 
3 5417 5418 5419 
3 5417 3301 5418 
3 3301 3303 5418 
3 3295 5406 5420 
3 3295 5420 3303 
3 3303 5420 5418 
3 5406 5409 5420 
3 3296 3304 5408 
3 5411 5408 3304 
3 3305 5411 3304 
3 5411 3305 3299 
3 5416 5415 5421 
3 5415 4590 4594 
3 5421 5415 4594 
3 5422 3302 5417 
3 5422 5423 3302 
3 5423 3307 3302 
3 5417 5419 5422 
3 5423 5424 3307 
3 5424 3309 3307 
3 5425 5426 3311 
3 5425 3311 5424 
3 5424 3311 3309 
3 5426 3312 3311 
3 5427 5372 5428 
3 5428 5372 5373 
3 4643 4568 5374 
3 5376 5430 5429 
3 5375 5376 5429 
3 5429 5373 5375 
3 5428 5373 5429 
3 5431 5376 5377 
3 5430 5376 5431 
3 5381 5432 5383 
3 5432 5433 5434 
3 5432 5381 5433 
3 5381 5384 5433 
3 5433 5384 5435 
3 5384 5386 5435 
3 5386 5436 5435 
3 5388 5436 5386 
3 5394 5439 5438 
3 5394 5383 5439 
3 5437 5439 5432 
3 5432 5439 5383 
3 5437 5432 5434 
3 5438 5395 5394 
3 5436 5388 5396 
3 5440 5436 5396 
3 5440 5396 5441 
3 5396 5397 5441 
3 5441 5397 5442 
3 5397 5398 5442 
3 5444 5398 5400 
3 5444 5443 5398 
3 5443 5442 5398 
3 5402 5443 5444 
3 5402 5401 5443 
3 5401 5445 5443 
3 5401 5446 5445 
3 5404 5446 5401 
3 5449 5448 5447 
3 5409 5447 5448 
3 5409 5407 5447 
3 5407 5450 5447 
3 5450 5407 5451 
3 5407 5410 5451 
3 5438 5439 5451 
3 5438 5451 5412 
3 5412 5451 5410 
3 5438 5412 5395 
3 5444 5400 5413 
3 5444 5413 5402 
3 5414 5452 5453 
3 5414 5453 5404 
3 5404 5453 5446 
3 5414 5416 5452 
3 5418 5454 5419 
3 5454 5449 5455 
3 5454 5420 5449 
3 5454 5418 5420 
3 5420 5448 5449 
3 5448 5420 5409 
3 5453 5452 5456 
3 5458 5421 5457 
3 5456 5421 5458 
3 5456 5416 5421 
3 5456 5452 5416 
3 5457 4668 5459 
3 5457 5421 4668 
3 5421 4594 4668 
3 5423 5460 5461 
3 5422 5460 5423 
3 5419 5454 5462 
3 5419 5462 5422 
3 5422 5462 5460 
3 5454 5455 5462 
3 5458 5457 5463 
3 5457 5459 5463 
3 5461 5464 5423 
3 5464 5424 5423 
3 5465 5425 5424 
3 5464 5465 5424 
3 5469 5468 5466 
3 5467 5469 5466 
3 5466 5428 5467 
3 5427 5428 5466 
3 5472 5471 5470 
3 5470 5471 5473 
3 5467 5429 5430 
3 5467 5430 5469 
3 5469 5430 5474 
3 5467 5428 5429 
3 5477 5476 5475 
3 5475 5476 5478 
3 5479 5430 5431 
3 5474 5430 5479 
3 5482 5481 5480 
3 5480 5484 5483 
3 5481 5484 5480 
3 5483 5486 5485 
3 5484 5486 5483 
3 5485 5488 5487 
3 5486 5488 5485 
3 5487 5490 5489 
3 5488 5490 5487 
3 5489 5492 5491 
3 5490 5492 5489 
3 5491 5492 5493 
3 5477 5494 5476 
3 5476 5494 5478 
3 5496 5481 5482 
3 5495 5481 5496 
3 5481 5495 5484 
3 5484 5495 5497 
3 5434 5433 5486 
3 5434 5486 5497 
3 5497 5486 5484 
3 5488 5486 5433 
3 5435 5488 5433 
3 5435 5436 5498 
3 5435 5498 5488 
3 5488 5498 5490 
3 5499 5498 5500 
3 5499 5492 5498 
3 5492 5490 5498 
3 5492 5499 5493 
3 5502 5495 5496 
3 5501 5495 5502 
3 5439 5437 5497 
3 5439 5497 5501 
3 5501 5497 5495 
3 5497 5437 5434 
3 5503 5504 5505 
3 5498 5436 5440 
3 5504 5500 5506 
3 5504 5503 5500 
3 5506 5500 5441 
3 5498 5440 5500 
3 5441 5500 5440 
3 5506 5507 5508 
3 5506 5441 5507 
3 5441 5442 5507 
3 5510 5443 5509 
3 5510 5507 5443 
3 5507 5442 5443 
3 5445 5509 5443 
3 5511 5509 5445 
3 5445 5446 5511 
3 5447 5512 5449 
3 5512 5513 5514 
3 5512 5447 5513 
3 5447 5450 5513 
3 5501 5502 5513 
3 5501 5513 5451 
3 5451 5513 5450 
3 5501 5451 5439 
3 5505 5504 5515 
3 5517 5515 5504 
3 5517 5504 5516 
3 5516 5504 5506 
3 5508 5518 5516 
3 5506 5508 5516 
3 5520 5510 5509 
3 5519 5520 5509 
3 5521 5522 5519 
3 5521 5519 5511 
3 5511 5519 5509 
3 5511 5446 5453 
3 5511 5453 5523 
3 5511 5523 5521 
3 5523 5453 5524 
3 5523 5524 5525 
3 5526 5449 5512 
3 5526 5527 5449 
3 5527 5455 5449 
3 5512 5514 5526 
3 5529 5517 5516 
3 5528 5529 5516 
3 5518 5530 5528 
3 5516 5518 5528 
3 5520 5519 5531 
3 5519 5522 5531 
3 5524 5453 5456 
3 5456 5458 5533 
3 5524 5456 5533 
3 5524 5533 5532 
3 5524 5532 5525 
3 5459 5532 5533 
3 5459 4668 5532 
3 5534 5532 4724 
3 4724 5532 4668 
3 5461 5535 5536 
3 5461 5460 5535 
3 5460 5537 5535 
3 5537 5460 5538 
3 5460 5462 5538 
3 5538 5462 5455 
3 5527 5538 5455 
3 5529 5528 5539 
3 5528 5530 5539 
3 5533 5458 5463 
3 5534 4724 4735 
3 5533 5463 5459 
3 5536 5540 5541 
3 5536 5541 5461 
3 5461 5541 5464 
3 5542 4747 4748 
3 5543 5465 5464 
3 5541 5543 5464 
3 5542 4748 4761 
3 5544 5468 5545 
3 5545 5468 5469 
3 5548 5547 5546 
3 5551 5546 5547 
3 5551 5550 5546 
3 5550 5549 5546 
3 5549 5550 5552 
3 5552 5550 5553 
3 5471 5472 5552 
3 5471 5552 5554 
3 5554 5552 5553 
3 5473 5471 5554 
3 5473 5554 5555 
3 5555 5554 5556 
3 5555 5556 5557 
3 5557 5556 5558 
3 5557 5558 5559 
3 5559 5558 5560 
3 5559 5560 5561 
3 5561 5560 5562 
3 5561 5562 5563 
3 5563 5562 5564 
3 5563 5564 4782 
3 4782 5564 4783 
3 5565 5474 5566 
3 5565 5545 5474 
3 5545 5469 5474 
3 5568 5550 5551 
3 5567 5550 5568 
3 5569 5567 5570 
3 5569 5553 5567 
3 5553 5550 5567 
3 5572 5553 5569 
3 5572 5571 5553 
3 5571 5554 5553 
3 5554 5571 5556 
3 5556 5571 5573 
3 5556 5573 5558 
3 5558 5573 5574 
3 5477 5475 5560 
3 5477 5560 5574 
3 5574 5560 5558 
3 5475 5478 5575 
3 5475 5575 5560 
3 5560 5575 5562 
3 5562 5575 5564 
3 5564 5575 5576 
3 5564 5576 4783 
3 4783 5576 4786 
3 5566 5474 5479 
3 5579 5578 5577 
3 5482 5577 5578 
3 5482 5480 5577 
3 5480 5580 5577 
3 5580 5480 5581 
3 5480 5483 5581 
3 5581 5483 5582 
3 5483 5485 5582 
3 5567 5568 5582 
3 5567 5582 5487 
3 5487 5582 5485 
3 5570 5567 5487 
3 5570 5487 5583 
3 5583 5487 5489 
3 5571 5572 5583 
3 5571 5583 5491 
3 5491 5583 5489 
3 5491 5493 5584 
3 5491 5584 5571 
3 5571 5584 5573 
3 5573 5584 5574 
3 5574 5584 5585 
3 5494 5477 5574 
3 5494 5574 5586 
3 5586 5574 5585 
3 5478 5494 5586 
3 5478 5586 5575 
3 5575 5586 5587 
3 5575 5587 5576 
3 5576 5587 5588 
3 5576 5588 4786 
3 4786 5588 4791 
3 5590 5578 5579 
3 5589 5578 5590 
3 5578 5589 5496 
3 5482 5578 5496 
3 5593 5591 5592 
3 5500 5592 5591 
3 5500 5591 5499 
3 5499 5591 5594 
3 5493 5595 5584 
3 5493 5499 5595 
3 5499 5594 5595 
3 5584 5596 5585 
3 5595 5596 5584 
3 5585 5597 5586 
3 5596 5597 5585 
3 5586 5598 5587 
3 5597 5598 5586 
3 5587 5599 5588 
3 5598 5599 5587 
3 5600 5588 5599 
3 5600 4800 5588 
3 4800 4791 5588 
3 5602 5589 5590 
3 5601 5589 5602 
3 5589 5601 5502 
3 5496 5589 5502 
3 5592 5603 5593 
3 5503 5505 5604 
3 5604 5500 5503 
3 5604 5605 5500 
3 5592 5500 5603 
3 5603 5500 5605 
3 5507 5606 5508 
3 5608 5507 5510 
3 5608 5607 5507 
3 5606 5507 5609 
3 5609 5507 5607 
3 5607 5608 5610 
3 5611 4800 5600 
3 4808 4800 5611 
3 5614 5613 5612 
3 5601 5514 5513 
3 5602 5514 5601 
3 5602 5613 5514 
3 5602 5612 5613 
3 5601 5513 5502 
3 5604 5505 5515 
3 5515 5605 5604 
3 5515 5517 5605 
3 5517 5615 5605 
3 5616 5508 5606 
3 5616 5617 5508 
3 5617 5518 5508 
3 5510 5520 5618 
3 5510 5618 5608 
3 5609 5616 5606 
3 5618 5521 5608 
3 5618 5522 5521 
3 5608 5521 5610 
3 5619 5620 5521 
3 5610 5521 5620 
3 5523 5619 5521 
3 5621 5619 5523 
3 5523 5525 5621 
3 5611 4817 4808 
3 5613 5527 5526 
3 5613 5614 5527 
3 5614 5622 5527 
3 5613 5526 5514 
3 5624 5623 5615 
3 5624 5615 5529 
3 5529 5615 5517 
3 5623 5624 5617 
3 5617 5624 5530 
3 5617 5530 5518 
3 5520 5531 5618 
3 5620 5619 5625 
3 5618 5531 5522 
3 5619 5621 5626 
3 5625 5619 5626 
3 5621 5525 5532 
3 5621 5532 5626 
3 5626 5532 5627 
3 5532 5628 5627 
3 5534 5628 5532 
3 5629 5535 5630 
3 5535 5537 5630 
3 5630 5537 5631 
3 5537 5538 5631 
3 5631 5538 5527 
3 5622 5631 5527 
3 5624 5529 5539 
3 5624 5539 5530 
3 5628 5534 4735 
3 4841 5628 4735 
3 5540 5632 5541 
3 5542 5633 4859 
3 4747 5542 4859 
3 5632 5543 5541 
3 5633 5542 4761 
3 4870 5633 4761 
3 5635 5634 5544 
3 5545 5635 5544 
3 5634 5635 5636 
3 5636 5635 5637 
3 5639 5637 5640 
3 5639 5638 5637 
3 5638 5636 5637 
3 5643 5638 5639 
3 5643 5642 5638 
3 5642 5641 5638 
3 5641 5642 5644 
3 5644 5642 5645 
3 5644 5645 5646 
3 5646 5645 5647 
3 5547 5548 5646 
3 5547 5646 5648 
3 5648 5646 5647 
3 5547 5648 5551 
3 5649 5651 5650 
3 5565 5649 5650 
3 5565 5650 5635 
3 5565 5635 5545 
3 5635 5652 5637 
3 5650 5652 5635 
3 5637 5652 5640 
3 5654 5642 5643 
3 5653 5642 5654 
3 5642 5653 5645 
3 5645 5653 5655 
3 5645 5655 5647 
3 5647 5655 5656 
3 5647 5656 5648 
3 5648 5656 5657 
3 5648 5657 5568 
3 5551 5648 5568 
3 5569 5570 5658 
3 5569 5658 5572 
3 5651 5659 5660 
3 5649 5659 5651 
3 5663 5662 5661 
3 5653 5579 5577 
3 5654 5579 5653 
3 5654 5662 5579 
3 5654 5661 5662 
3 5655 5653 5577 
3 5580 5655 5577 
3 5656 5655 5580 
3 5581 5656 5580 
3 5657 5656 5581 
3 5582 5657 5581 
3 5657 5582 5568 
3 5658 5570 5583 
3 5658 5583 5572 
3 5660 5664 5665 
3 5659 5664 5660 
3 5667 5662 5663 
3 5666 5662 5667 
3 5662 5666 5590 
3 5579 5662 5590 
3 5591 5593 5668 
3 5594 5591 5668 
3 5669 5594 5668 
3 5595 5594 5669 
3 5670 5595 5669 
3 5596 5595 5670 
3 5671 5596 5670 
3 5597 5596 5671 
3 5672 5597 5671 
3 5598 5597 5672 
3 5673 5598 5672 
3 5599 5598 5673 
3 5674 5599 5673 
3 5599 5674 5600 
3 5665 5677 5676 
3 5665 5664 5677 
3 5664 5675 5677 
3 5676 5679 5678 
3 5677 5679 5676 
3 5680 5679 5681 
3 5680 5666 5679 
3 5678 5679 5667 
3 5667 5679 5666 
3 5666 5680 5682 
3 5666 5682 5590 
3 5590 5682 5602 
3 5683 5684 5685 
3 5668 5593 5603 
3 5668 5605 5669 
3 5668 5603 5605 
3 5669 5605 5686 
3 5684 5683 5605 
3 5686 5605 5683 
3 5669 5687 5670 
3 5686 5687 5669 
3 5687 5688 5609 
3 5687 5609 5671 
3 5687 5671 5670 
3 5607 5671 5609 
3 5607 5610 5689 
3 5607 5689 5671 
3 5671 5689 5672 
3 5672 5689 5673 
3 5673 5689 5690 
3 5673 5690 5674 
3 5674 5690 5691 
3 5674 5691 5611 
3 5600 5674 5611 
3 5675 5692 5677 
3 5677 5692 5693 
3 5677 5693 5679 
3 5679 5693 5694 
3 5681 5612 5695 
3 5681 5694 5612 
3 5681 5679 5694 
3 5694 5614 5612 
3 5695 5612 5602 
3 5695 5602 5682 
3 5685 5684 5696 
3 5684 5605 5615 
3 5684 5615 5697 
3 5684 5697 5696 
3 5697 5615 5698 
3 5617 5697 5698 
3 5617 5616 5697 
3 5616 5699 5697 
3 5699 5616 5609 
3 5688 5699 5609 
3 5700 5689 5610 
3 5700 5610 5701 
3 5701 5610 5620 
3 5689 5702 5690 
3 5700 5702 5689 
3 5690 5703 5691 
3 5702 5703 5690 
3 5691 4817 5611 
3 5691 5703 4817 
3 5703 4915 4817 
3 5706 5692 5704 
3 5706 5705 5692 
3 5705 5693 5692 
3 5693 5705 5694 
3 5694 5705 5707 
3 5694 5707 5622 
3 5614 5694 5622 
3 5698 5615 5623 
3 5617 5698 5623 
3 5701 5620 5625 
3 5701 5625 5708 
3 5708 5625 5709 
3 5625 5626 5709 
3 5709 5626 5710 
3 5626 5627 5710 
3 5627 5711 5710 
3 5628 5711 5627 
3 5705 5706 5712 
3 5705 5712 5630 
3 5630 5712 5629 
3 5707 5705 5630 
3 5631 5707 5630 
3 5707 5631 5622 
3 4841 4937 5713 
3 4841 5713 5628 
3 5628 5713 5711 
3 4937 4859 5633 
3 4937 5633 5713 
3 5713 5633 5714 
3 4870 4966 5715 
3 4870 5715 5633 
3 5633 5715 5714 
3 5715 4966 4981 
3 5639 5640 5716 
3 5639 5716 5643 
3 5650 5651 5717 
3 5652 5650 5717 
3 5718 5652 5717 
3 5640 5652 5718 
3 5640 5718 5716 
3 5716 5718 5719 
3 5716 5719 5654 
3 5643 5716 5654 
3 5720 5717 5651 
3 5660 5720 5651 
3 5717 5720 5718 
3 5718 5720 5721 
3 5663 5661 5719 
3 5663 5719 5721 
3 5721 5719 5718 
3 5719 5661 5654 
3 5722 5720 5660 
3 5665 5722 5660 
3 5720 5722 5721 
3 5721 5722 5723 
3 5721 5723 5667 
3 5663 5721 5667 
3 5722 5665 5676 
3 5723 5722 5676 
3 5678 5723 5676 
3 5678 5667 5723 
3 5681 5724 5680 
3 5680 5724 5682 
3 5683 5685 5725 
3 5686 5683 5725 
3 5726 5686 5725 
3 5687 5686 5726 
3 5727 5687 5726 
3 5687 5727 5688 
3 5724 5681 5695 
3 5695 5682 5724 
3 5725 5685 5696 
3 5726 5725 5696 
3 5697 5726 5696 
3 5727 5726 5697 
3 5699 5727 5697 
3 5727 5699 5688 
3 5700 5701 5728 
3 5702 5700 5728 
3 5729 5702 5728 
3 5703 5702 5729 
3 5730 5703 5729 
3 4915 5703 5730 
3 5006 4915 5730 
3 5704 5731 5706 
3 5701 5708 5728 
3 5729 5728 5708 
3 5709 5729 5708 
3 5730 5729 5709 
3 5710 5730 5709 
3 5710 5711 5007 
3 5710 5007 5730 
3 5730 5007 5006 
3 5731 5712 5706 
3 5008 5007 5711 
3 5713 5008 5711 
3 5012 5008 5713 
3 5714 5012 5713 
3 5018 5012 5714 
3 5018 5714 5732 
3 5732 5714 5715 
3 5732 5715 4981 
3 5732 4981 5022 
3 5018 5732 5029 
3 5732 5022 5029 
3 5735 5733 5734 
3 5733 5736 5737 
3 5734 5733 5737 
3 5736 5738 5737 
3 5330 5740 5739 
3 5329 5330 5739 
3 5734 5739 5735 
3 5734 5331 5739 
3 5331 5329 5739 
3 5737 5331 5734 
3 5332 5331 5737 
3 5332 5742 5334 
3 5737 5742 5332 
3 5737 5741 5742 
3 5737 5738 5741 
3 5741 5743 5742 
3 5740 5330 5744 
3 5744 5330 5335 
3 5742 5336 5334 
3 5743 5336 5742 
3 5743 5745 5336 
3 5745 5337 5336 
3 5337 5745 5746 
3 5338 5337 5746 
3 5744 5335 5747 
3 5747 5335 5340 
3 5746 5341 5338 
3 5748 5341 5746 
3 5748 5749 5341 
3 5341 5749 5342 
3 5342 5749 5750 
3 5344 5342 5750 
3 5345 5346 5751 
3 5751 5340 5345 
3 5751 5752 5340 
3 5752 5747 5340 
3 5750 5347 5344 
3 5753 5347 5750 
3 5753 5754 5347 
3 5347 5754 5348 
3 5348 5754 5755 
3 5350 5348 5755 
3 5756 5751 5346 
3 5756 5346 5757 
3 5757 5346 5351 
3 5751 5756 5752 
3 5755 5352 5350 
3 5758 5352 5755 
3 5760 5353 5352 
3 5760 5352 5759 
3 5759 5352 5758 
3 5759 5761 5760 
3 5372 5762 5371 
3 5762 3259 5371 
3 5762 5757 3259 
3 5757 5351 3259 
3 5760 5354 5353 
3 5761 5354 5760 
3 5761 5763 5354 
3 5763 5355 5354 
3 5355 5763 5374 
3 3260 5355 5374 
3 5735 5765 5764 
3 5733 5735 5764 
3 5764 5766 5733 
3 5733 5766 5736 
3 5768 5738 5736 
3 5768 5736 5767 
3 5767 5736 5766 
3 5767 5769 5768 
3 5740 5771 5770 
3 5739 5740 5770 
3 5770 5735 5739 
3 5765 5735 5770 
3 5768 5741 5738 
3 5741 5768 5769 
3 5741 5769 5743 
3 5743 5769 5772 
3 5771 5740 5773 
3 5773 5740 5744 
3 5772 5745 5743 
3 5774 5745 5772 
3 5776 5746 5745 
3 5776 5745 5775 
3 5775 5745 5774 
3 5775 5777 5776 
3 5773 5744 5778 
3 5778 5744 5747 
3 5776 5748 5746 
3 5777 5748 5776 
3 5777 5779 5748 
3 5779 5749 5748 
3 5749 5779 5780 
3 5750 5749 5780 
3 5783 5781 5782 
3 5781 5752 5782 
3 5781 5778 5752 
3 5778 5747 5752 
3 5780 5753 5750 
3 5784 5753 5780 
3 5784 5785 5753 
3 5753 5785 5754 
3 5754 5785 5786 
3 5755 5754 5786 
3 5782 5756 5757 
3 5782 5757 5783 
3 5783 5757 5787 
3 5782 5752 5756 
3 5786 5758 5755 
3 5788 5758 5786 
3 5788 5789 5758 
3 5758 5789 5759 
3 5759 5789 5790 
3 5761 5759 5790 
3 5372 5427 5791 
3 5762 5372 5791 
3 5791 5757 5762 
3 5787 5757 5791 
3 5790 5763 5761 
3 5792 5763 5790 
3 4643 5374 5763 
3 4643 5763 5793 
3 5793 5763 5792 
3 5764 5765 5794 
3 5766 5764 5794 
3 5795 5766 5794 
3 5767 5766 5795 
3 5796 5767 5795 
3 5767 5796 5769 
3 5799 5797 5798 
3 5771 5798 5797 
3 5771 5797 5770 
3 5770 5797 5800 
3 5765 5801 5794 
3 5765 5770 5801 
3 5770 5800 5801 
3 5794 5802 5795 
3 5801 5802 5794 
3 5804 5795 5802 
3 5804 5803 5795 
3 5803 5796 5795 
3 5796 5803 5772 
3 5769 5796 5772 
3 5799 5798 5805 
3 5798 5806 5805 
3 5798 5771 5806 
3 5771 5773 5806 
3 5804 5807 5803 
3 5803 5774 5772 
3 5803 5807 5774 
3 5807 5808 5774 
3 5810 5809 5775 
3 5810 5775 5808 
3 5808 5775 5774 
3 5775 5809 5777 
3 5813 5811 5812 
3 5811 5778 5812 
3 5811 5806 5778 
3 5806 5773 5778 
3 5810 5814 5809 
3 5809 5779 5777 
3 5809 5814 5779 
3 5814 5815 5779 
3 5779 5815 5816 
3 5780 5779 5816 
3 5819 5817 5818 
3 5812 5781 5783 
3 5813 5812 5783 
3 5813 5783 5818 
3 5813 5818 5817 
3 5812 5778 5781 
3 5816 5784 5780 
3 5820 5784 5816 
3 5820 5821 5784 
3 5784 5821 5785 
3 5785 5821 5822 
3 5786 5785 5822 
3 5824 5819 5818 
3 5823 5824 5818 
3 5818 5787 5823 
3 5783 5787 5818 
3 5827 5826 5825 
3 5825 5829 5828 
3 5826 5829 5825 
3 5828 5831 5830 
3 5829 5831 5828 
3 5830 5831 5832 
3 5822 5788 5786 
3 5833 5788 5822 
3 5833 5834 5788 
3 5788 5834 5789 
3 5789 5834 5835 
3 5790 5789 5835 
3 5468 5836 5466 
3 5823 5791 5427 
3 5824 5823 5427 
3 5824 5427 5466 
3 5824 5466 5836 
3 5823 5787 5791 
3 5827 5837 5826 
3 5826 5838 5829 
3 5837 5838 5826 
3 5829 5839 5831 
3 5838 5839 5829 
3 5472 5831 5839 
3 5472 5470 5831 
3 5832 5831 5840 
3 5840 5831 5470 
3 5840 5470 5473 
3 5835 5792 5790 
3 5841 5792 5835 
3 5841 5842 5792 
3 5792 5842 5793 
3 5797 5799 5843 
3 5800 5797 5843 
3 5844 5800 5843 
3 5801 5800 5844 
3 5845 5801 5844 
3 5802 5801 5845 
3 5846 5802 5845 
3 5802 5846 5804 
3 5843 5799 5805 
3 5805 5806 5847 
3 5805 5847 5843 
3 5843 5847 5844 
3 5844 5847 5845 
3 5845 5847 5848 
3 5845 5848 5846 
3 5846 5848 5849 
3 5807 5804 5846 
3 5807 5846 5850 
3 5850 5846 5849 
3 5808 5807 5850 
3 5851 5808 5850 
3 5808 5851 5810 
3 5811 5813 5852 
3 5806 5811 5852 
3 5806 5852 5847 
3 5847 5852 5853 
3 5847 5853 5848 
3 5848 5853 5854 
3 5848 5854 5849 
3 5849 5854 5855 
3 5849 5855 5850 
3 5850 5855 5856 
3 5850 5856 5851 
3 5851 5856 5857 
3 5814 5810 5851 
3 5814 5851 5858 
3 5858 5851 5857 
3 5815 5814 5858 
3 5859 5815 5858 
3 5815 5859 5816 
3 5819 5861 5860 
3 5817 5819 5860 
3 5813 5862 5852 
3 5813 5817 5862 
3 5817 5860 5862 
3 5864 5852 5862 
3 5864 5863 5852 
3 5863 5853 5852 
3 5853 5863 5854 
3 5854 5863 5865 
3 5854 5865 5855 
3 5855 5865 5866 
3 5855 5866 5856 
3 5856 5866 5867 
3 5856 5867 5857 
3 5857 5867 5868 
3 5857 5868 5858 
3 5858 5868 5869 
3 5858 5869 5859 
3 5859 5869 5870 
3 5820 5816 5859 
3 5820 5859 5871 
3 5871 5859 5870 
3 5821 5820 5871 
3 5872 5821 5871 
3 5821 5872 5822 
3 5861 5819 5873 
3 5873 5819 5824 
3 5864 5874 5863 
3 5876 5863 5874 
3 5876 5875 5863 
3 5875 5865 5863 
3 5865 5875 5866 
3 5866 5875 5877 
3 5827 5825 5867 
3 5827 5867 5877 
3 5877 5867 5866 
3 5868 5867 5825 
3 5828 5868 5825 
3 5869 5868 5828 
3 5830 5869 5828 
3 5830 5832 5878 
3 5830 5878 5869 
3 5869 5878 5870 
3 5870 5878 5871 
3 5871 5878 5879 
3 5871 5879 5872 
3 5872 5879 5880 
3 5833 5822 5872 
3 5833 5872 5881 
3 5881 5872 5880 
3 5834 5833 5881 
3 5882 5834 5881 
3 5834 5882 5835 
3 5468 5544 5883 
3 5836 5468 5883 
3 5883 5824 5836 
3 5873 5824 5883 
3 5876 5884 5875 
3 5875 5885 5877 
3 5884 5885 5875 
3 5548 5546 5837 
3 5885 5548 5837 
3 5885 5837 5827 
3 5885 5827 5877 
3 5838 5837 5546 
3 5549 5838 5546 
3 5839 5838 5549 
3 5552 5839 5549 
3 5832 5840 5878 
3 5839 5552 5472 
3 5840 5473 5555 
3 5840 5555 5878 
3 5878 5555 5879 
3 5879 5555 5880 
3 5880 5555 5557 
3 5880 5557 5881 
3 5881 5557 5559 
3 5881 5559 5882 
3 5882 5559 5561 
3 5841 5835 5882 
3 5841 5882 5563 
3 5563 5882 5561 
3 5842 5841 5563 
3 4782 5842 5563 
3 5860 5861 5886 
3 5862 5860 5886 
3 5887 5862 5886 
3 5862 5887 5864 
3 5888 5886 5861 
3 5873 5888 5861 
3 5886 5888 5887 
3 5887 5888 5889 
3 5874 5864 5887 
3 5874 5887 5890 
3 5890 5887 5889 
3 5874 5890 5876 
3 5883 5544 5634 
3 5873 5883 5634 
3 5873 5634 5888 
3 5888 5634 5636 
3 5888 5636 5889 
3 5889 5636 5638 
3 5889 5638 5890 
3 5890 5638 5641 
3 5884 5876 5890 
3 5884 5890 5644 
3 5644 5890 5641 
3 5885 5884 5644 
3 5646 5885 5644 
3 5885 5646 5548 
3 4623 5891 1874 
3 1874 5891 5892 
3 5892 5891 5893 
3 5894 5892 5893 
3 5896 5893 5895 
3 5896 5897 5893 
3 5897 5894 5893 
3 5895 5898 5899 
3 5896 5895 5899 
3 5898 5900 5899 
3 5896 5901 5897 
3 5899 5901 5896 
3 5902 5901 5899 
3 5900 5902 5899 
3 5900 5903 5902 
3 5903 5904 5902 
3 5903 5905 5904 
3 5904 5905 5906 
3 5906 5905 5907 
3 5908 5906 5907 
3 5907 5910 5908 
3 5909 5910 5907 
3 5909 5911 5910 
3 5910 5911 5912 
3 5912 5911 5913 
3 5914 5912 5913 
3 5913 5916 5914 
3 5915 5916 5913 
3 5915 5917 5916 
3 5916 5917 5918 
3 5918 5917 5919 
3 5920 5918 5919 
3 4639 4640 5921 
3 5919 5922 5920 
3 5922 5923 5920 
3 5921 4642 5924 
3 4640 4642 5921 
3 5922 5925 5923 
3 5925 5926 5923 
3 5924 5928 5927 
3 5924 4642 5928 
3 4642 798 5928 
3 5927 5928 5929 
3 5933 5930 5932 
3 5931 5930 5933 
3 5930 5931 5926 
3 5925 5930 5926 
3 4687 5934 4688 
3 5934 4623 4688 
3 5934 5935 4623 
3 5935 5891 4623 
3 5937 5893 5891 
3 5937 5891 5936 
3 5936 5891 5935 
3 5936 5938 5937 
3 5937 5895 5893 
3 5938 5895 5937 
3 5938 5939 5895 
3 5939 5898 5895 
3 5898 5939 5940 
3 5900 5898 5940 
3 5940 5903 5900 
3 5941 5903 5940 
3 5941 5942 5903 
3 5903 5942 5905 
3 5944 5907 5905 
3 5944 5905 5943 
3 5943 5905 5942 
3 5943 5945 5944 
3 5948 5946 5947 
3 5946 5949 5947 
3 5944 5909 5907 
3 5945 5909 5944 
3 5945 5950 5909 
3 5950 5911 5909 
3 5948 5947 5951 
3 5948 5951 5911 
3 5948 5911 5950 
3 5913 5911 5951 
3 5949 5952 5953 
3 5949 5953 5947 
3 5947 5953 5951 
3 5952 5954 5953 
3 5951 5915 5913 
3 5953 5915 5951 
3 5917 5915 5953 
3 5917 5953 5954 
3 5917 5954 5919 
3 5919 5954 5955 
3 4639 5956 4703 
3 5921 5956 4639 
3 5958 5955 5957 
3 5958 5922 5955 
3 5922 5919 5955 
3 5957 5959 5958 
3 5956 5921 5960 
3 5960 5921 5924 
3 5961 5922 5958 
3 5961 5962 5922 
3 5962 5925 5922 
3 5958 5959 5961 
3 5927 5963 5964 
3 5927 5964 5924 
3 5924 5964 5960 
3 5927 5929 5963 
3 5932 5965 5966 
3 5930 5965 5932 
3 5965 5930 5925 
3 5962 5965 5925 
3 4687 4746 5967 
3 5934 4687 5967 
3 5967 5935 5934 
3 5968 5935 5967 
3 5968 5969 5935 
3 5935 5969 5936 
3 5936 5969 5970 
3 5938 5936 5970 
3 5970 5939 5938 
3 5971 5939 5970 
3 5973 5940 5939 
3 5973 5939 5972 
3 5972 5939 5971 
3 5972 5974 5973 
3 5973 5941 5940 
3 5974 5941 5973 
3 5974 5975 5941 
3 5975 5942 5941 
3 5975 5976 5942 
3 5942 5976 5943 
3 5943 5976 5977 
3 5945 5943 5977 
3 5946 5948 5978 
3 5946 5978 5949 
3 5977 5950 5945 
3 5979 5950 5977 
3 5948 5980 5978 
3 5948 5950 5980 
3 5950 5979 5980 
3 5978 5952 5949 
3 5978 5980 5952 
3 5980 5981 5952 
3 5952 5981 5982 
3 5954 5952 5982 
3 5982 5983 5954 
3 5983 5955 5954 
3 4703 5984 4781 
3 5956 5984 4703 
3 5983 5957 5955 
3 5985 5957 5983 
3 5957 5985 5986 
3 5959 5957 5986 
3 5988 5987 5984 
3 5988 5984 5960 
3 5960 5984 5956 
3 5987 5988 5989 
3 5992 5991 5990 
3 5962 5990 5991 
3 5962 5961 5990 
3 5961 5993 5990 
3 5993 5961 5959 
3 5986 5993 5959 
3 5994 5988 5960 
3 5964 5994 5960 
3 5989 5994 5995 
3 5988 5994 5989 
3 5991 5966 5965 
3 5991 5992 5966 
3 5992 5996 5966 
3 5991 5965 5962 
3 4746 4857 5967 
3 4857 5968 5967 
3 4857 4869 5968 
3 4869 5997 5968 
3 5997 5998 5968 
3 5968 5998 5969 
3 5969 5998 5999 
3 5970 5969 5999 
3 5999 5971 5970 
3 6000 5971 5999 
3 6000 6001 5971 
3 5971 6001 5972 
3 5972 6001 6002 
3 5974 5972 6002 
3 6002 5975 5974 
3 6003 5975 6002 
3 6003 6004 5975 
3 5975 6004 5976 
3 5976 6004 6005 
3 5977 5976 6005 
3 6005 5979 5977 
3 6006 5979 6005 
3 6006 6007 5979 
3 5979 6007 5980 
3 6009 6008 5981 
3 6009 5981 6007 
3 6007 5981 5980 
3 5981 6008 5982 
3 4897 4898 6010 
3 6009 6011 6008 
3 6008 6011 6012 
3 6008 6012 5982 
3 5982 6012 5983 
3 4781 5984 6014 
3 4898 4781 6014 
3 4898 6014 6013 
3 4898 6013 6010 
3 6013 6014 6015 
3 6012 5985 5983 
3 6016 5985 6012 
3 5985 6016 6017 
3 5986 5985 6017 
3 6014 5984 5987 
3 5987 6015 6014 
3 5987 5989 6015 
3 5989 6018 6015 
3 5992 6019 6020 
3 5990 6019 5992 
3 6019 5990 6021 
3 5990 5993 6021 
3 6021 5993 5986 
3 6017 6021 5986 
3 6018 5989 6022 
3 6022 5989 5995 
3 6025 6024 6023 
3 6023 6024 5996 
3 6023 5996 6020 
3 6020 5996 5992 
3 5997 4869 4965 
3 6026 5997 4965 
3 5998 5997 6026 
3 6027 5998 6026 
3 5998 6027 5999 
3 4965 4980 6026 
3 6026 4980 6028 
3 6026 6028 6027 
3 6027 6028 6029 
3 6000 5999 6027 
3 6000 6027 6030 
3 6030 6027 6029 
3 6001 6000 6030 
3 6031 6001 6030 
3 6001 6031 6002 
3 4980 4987 6028 
3 6028 4987 6032 
3 6028 6032 6029 
3 6029 6032 6033 
3 6029 6033 6030 
3 6030 6033 6034 
3 6030 6034 6031 
3 6031 6034 6035 
3 6003 6002 6031 
3 6003 6031 6036 
3 6036 6031 6035 
3 6004 6003 6036 
3 6037 6004 6036 
3 6004 6037 6005 
3 6039 4987 4995 
3 6039 6038 4987 
3 6038 6032 4987 
3 6032 6038 6033 
3 6033 6038 6040 
3 6033 6040 6034 
3 6034 6040 6041 
3 6034 6041 6035 
3 6035 6041 6042 
3 6035 6042 6036 
3 6036 6042 6043 
3 6044 6043 6045 
3 6044 6037 6043 
3 6037 6036 6043 
3 6047 6046 6006 
3 6044 6047 6006 
3 6044 6006 6005 
3 6044 6005 6037 
3 6007 6006 6046 
3 6048 6007 6046 
3 6007 6048 6009 
3 6039 6049 6038 
3 6039 4897 6049 
3 6039 5003 4897 
3 6010 6049 4897 
3 6038 6049 6040 
3 6040 6049 6050 
3 6040 6050 6041 
3 6041 6050 6051 
3 6041 6051 6042 
3 6042 6051 6052 
3 6042 6052 6043 
3 6043 6052 6053 
3 6045 6055 6054 
3 6045 6043 6055 
3 6043 6053 6055 
3 6054 6046 6047 
3 6054 6055 6046 
3 6055 6056 6046 
3 6057 6056 6058 
3 6057 6048 6056 
3 6048 6046 6056 
3 6060 6059 6011 
3 6057 6060 6011 
3 6057 6011 6009 
3 6057 6009 6048 
3 6011 6059 6012 
3 6049 6010 6013 
3 6013 6015 6061 
3 6013 6061 6049 
3 6049 6061 6050 
3 6050 6061 6051 
3 6051 6061 6062 
3 6051 6062 6052 
3 6052 6062 6063 
3 6052 6063 6053 
3 6053 6063 6064 
3 6053 6064 6055 
3 6055 6064 6065 
3 6055 6065 6056 
3 6056 6065 6066 
3 6058 6068 6067 
3 6058 6056 6068 
3 6056 6066 6068 
3 6067 6059 6060 
3 6067 6068 6059 
3 6068 6069 6059 
3 6016 6012 6059 
3 6016 6059 6070 
3 6070 6059 6069 
3 6016 6070 6017 
3 6071 6061 6015 
3 6018 6071 6015 
3 6061 6071 6062 
3 6062 6071 6072 
3 6062 6072 6063 
3 6063 6072 6073 
3 6063 6073 6064 
3 6064 6073 6074 
3 6075 6074 6076 
3 6075 6065 6074 
3 6065 6064 6074 
3 6065 6077 6066 
3 6075 6077 6065 
3 6066 6078 6068 
3 6077 6078 6066 
3 6078 6079 6020 
3 6078 6020 6069 
3 6078 6069 6068 
3 6019 6069 6020 
3 6070 6069 6019 
3 6021 6070 6019 
3 6070 6021 6017 
3 6080 6071 6018 
3 6022 6080 6018 
3 6081 6080 6082 
3 6081 6072 6080 
3 6072 6071 6080 
3 6072 6083 6073 
3 6081 6083 6072 
3 6073 6084 6074 
3 6083 6084 6073 
3 6074 6084 6076 
3 6023 6085 6025 
3 6085 6023 6020 
3 6085 6020 6086 
3 6086 6020 6079 
3 4995 5026 6039 
3 6044 6045 6087 
3 6044 6087 6047 
3 5026 5003 6039 
3 6087 6045 6054 
3 6087 6054 6047 
3 6057 6058 6088 
3 6057 6088 6060 
3 6088 6058 6067 
3 6088 6067 6060 
3 6075 6076 6089 
3 6077 6075 6089 
3 6090 6077 6089 
3 6078 6077 6090 
3 6091 6078 6090 
3 6078 6091 6079 
3 6081 6082 6092 
3 6083 6081 6092 
3 6093 6083 6092 
3 6084 6083 6093 
3 6094 6084 6093 
3 6076 6084 6094 
3 6076 6094 6089 
3 6089 6094 6095 
3 6089 6095 6090 
3 6090 6095 6096 
3 6090 6096 6091 
3 6091 6096 6097 
3 6091 6097 6086 
3 6079 6091 6086 
3 4063 6098 4064 
3 4063 4103 6099 
3 6098 4063 6099 
3 4103 4146 6100 
3 6099 4103 6100 
3 4188 6101 4189 
3 4146 6103 6100 
3 4189 6103 4146 
3 4189 6102 6103 
3 4189 6101 6102 
3 6102 6104 6103 
3 4188 4234 6101 
3 4234 6102 6101 
3 4234 4239 6102 
3 4239 6105 6102 
3 6102 6105 6106 
3 6104 6102 6106 
3 6108 6107 6105 
3 6108 6105 4286 
3 4286 6105 4239 
3 6105 6107 6106 
3 6110 6108 4286 
3 6110 4286 6109 
3 6109 4286 4328 
3 6109 6111 6112 
3 6110 6109 6112 
3 6111 6113 6112 
3 4372 6114 4328 
3 4328 6114 6109 
3 6114 6115 6109 
3 6109 6115 6111 
3 6117 6113 6111 
3 6117 6111 6116 
3 6116 6111 6115 
3 6116 6118 6117 
3 4413 6119 4414 
3 6119 4372 4414 
3 6119 6120 4372 
3 6120 6114 4372 
3 6120 6121 6114 
3 6114 6121 6115 
3 6121 6122 6115 
3 6115 6122 6116 
3 6116 6122 6123 
3 6118 6116 6123 
3 4455 6124 4456 
3 4413 4456 6124 
3 4413 6124 6119 
3 6119 6124 6125 
3 6125 6120 6119 
3 6126 6120 6125 
3 6126 6127 6120 
3 6120 6127 6121 
3 6127 6128 6121 
3 6121 6128 6122 
3 6130 6123 6122 
3 6130 6122 6129 
3 6129 6122 6128 
3 6129 6131 6130 
3 4494 6132 4495 
3 4455 4495 6132 
3 4455 6132 6124 
3 6124 6132 6133 
3 6135 6133 6134 
3 6135 6125 6133 
3 6125 6124 6133 
3 6134 6136 6135 
3 6135 6126 6125 
3 6136 6126 6135 
3 6136 6137 6126 
3 6137 6127 6126 
3 6137 6138 6127 
3 6127 6138 6128 
3 6138 6139 6128 
3 6128 6139 6129 
3 6129 6139 6140 
3 6131 6129 6140 
3 4494 4539 6132 
3 4539 4544 6133 
3 6132 4539 6133 
3 4544 6134 6133 
3 4544 4549 6134 
3 4549 6141 6134 
3 6134 6141 6142 
3 6136 6134 6142 
3 6142 6137 6136 
3 6143 6137 6142 
3 6143 6144 6137 
3 6137 6144 6138 
3 6144 6145 6138 
3 6138 6145 6139 
3 6147 6140 6139 
3 6147 6139 6146 
3 6146 6139 6145 
3 6146 6148 6147 
3 6150 6149 6141 
3 6150 6141 1192 
3 1192 6141 4549 
3 6141 6149 6142 
3 6153 6151 6152 
3 6151 6154 6152 
3 6150 6155 6149 
3 6149 6143 6142 
3 6149 6155 6143 
3 6155 6156 6143 
3 6152 6156 6153 
3 6152 6144 6156 
3 6144 6143 6156 
3 6154 6144 6152 
3 6154 6157 6144 
3 6157 6145 6144 
3 6157 6158 6145 
3 6145 6158 6146 
3 6146 6158 6159 
3 6148 6146 6159 
3 3526 3528 6160 
3 6160 3530 3526 
3 6160 6162 3530 
3 6162 6161 3530 
3 6163 6164 3534 
3 6164 3535 3534 
3 6160 3528 3536 
3 3536 6162 6160 
3 3536 3537 6162 
3 3537 6165 6162 
3 6164 6166 3535 
3 6166 3540 3535 
3 6165 3537 6167 
3 6167 3537 3542 
3 3544 6168 3545 
3 5357 3540 6166 
3 5357 6168 3540 
3 5357 5358 6168 
3 3544 3540 6168 
3 6171 6169 6170 
3 6169 3547 6170 
3 6169 6167 3547 
3 6167 3542 3547 
3 6172 3545 6168 
3 6172 6173 3545 
3 6173 3550 3545 
3 5361 6172 6168 
3 5361 6168 5358 
3 3551 3552 6174 
3 6174 6175 6171 
3 6174 6171 3553 
3 6174 3553 3551 
3 3553 6171 6170 
3 6170 3547 3553 
3 6173 6176 3550 
3 6176 3555 3550 
3 6177 6174 3552 
3 6177 3552 6178 
3 6178 3552 3556 
3 6174 6177 6175 
3 3558 6179 6180 
3 3557 6179 3558 
3 6179 3557 3555 
3 6176 6179 3555 
3 3559 3561 6181 
3 6182 6178 3556 
3 6182 3556 6181 
3 6182 6181 6183 
3 3559 6181 3556 
3 6182 6183 6184 
3 3563 6185 3564 
3 6185 3563 3558 
3 6185 3558 6186 
3 6186 3558 6180 
3 6181 3561 3565 
3 3565 3567 6187 
3 3565 6187 6181 
3 6181 6187 6183 
3 6184 6187 6188 
3 6183 6187 6184 
3 3570 6191 6190 
3 3570 3564 6191 
3 6189 6191 6185 
3 6185 6191 3564 
3 6189 6185 6186 
3 6190 3572 3570 
3 6187 3567 3573 
3 6188 6187 3573 
3 6188 3573 6192 
3 6192 3573 3574 
3 3574 6193 6192 
3 3575 6193 3574 
3 6195 6190 6191 
3 6194 6190 6195 
3 6190 6194 3578 
3 3572 6190 3578 
3 6193 3575 3579 
3 6196 6193 3579 
3 6196 3579 6197 
3 3579 3580 6197 
3 6194 6195 6197 
3 6194 6197 3581 
3 3581 6197 3580 
3 6194 3581 3578 
3 6198 6161 6199 
3 6199 6161 6162 
3 6202 6201 6200 
3 6200 6201 6203 
3 6200 6203 6163 
3 6163 6203 6164 
3 6199 6162 6204 
3 6204 6162 6165 
3 6203 6205 6164 
3 6205 6166 6164 
3 6204 6165 6206 
3 6206 6165 6167 
3 6205 5357 6166 
3 5363 5357 6205 
3 6171 6208 6207 
3 6169 6171 6207 
3 6207 6167 6169 
3 6206 6167 6207 
3 6172 6209 6173 
3 6209 5365 6210 
3 6209 6172 5365 
3 6172 5361 5365 
3 6208 6171 6211 
3 6211 6171 6175 
3 6212 6173 6209 
3 6212 6213 6173 
3 6213 6176 6173 
3 6209 6210 6212 
3 6177 6178 6214 
3 6214 6175 6177 
3 6214 6215 6175 
3 6215 6211 6175 
3 6218 6217 6216 
3 6180 6216 6217 
3 6180 6179 6216 
3 6179 6219 6216 
3 6219 6179 6176 
3 6213 6219 6176 
3 6214 6178 6182 
3 6182 6184 6221 
3 6214 6182 6221 
3 6214 6221 6220 
3 6214 6220 6215 
3 6220 6221 6222 
3 6218 6223 6217 
3 6217 6223 6224 
3 6217 6224 6180 
3 6180 6224 6186 
3 6225 6221 6184 
3 6225 6184 6226 
3 6226 6184 6188 
3 6229 6221 6225 
3 6229 6228 6221 
3 6222 6221 6227 
3 6227 6221 6228 
3 6227 6228 6230 
3 6191 6231 6232 
3 6189 6231 6191 
3 6231 6189 6186 
3 6224 6231 6186 
3 6226 6188 6192 
3 6233 6226 6192 
3 6229 6234 6228 
3 6229 6192 6234 
3 6229 6233 6192 
3 6193 6234 6192 
3 6230 6236 6235 
3 6230 6228 6236 
3 6228 6234 6236 
3 6235 6236 6195 
3 6235 6195 6232 
3 6232 6195 6191 
3 6234 6193 6196 
3 6236 6234 6196 
3 6197 6236 6196 
3 6236 6197 6195 
3 6238 6237 6198 
3 6238 6198 6239 
3 6239 6198 6199 
3 6237 6238 6240 
3 6241 6201 6202 
3 6201 6241 6242 
3 6201 6242 6203 
3 6203 6242 6243 
3 6239 6199 6244 
3 6244 6199 6204 
3 6243 6245 6203 
3 6245 6205 6203 
3 6247 6246 6244 
3 6247 6244 6206 
3 6206 6244 6204 
3 6246 6247 6248 
3 6245 5363 6205 
3 5366 5363 6245 
3 6207 6208 6249 
3 6206 6207 6249 
3 6206 6249 6247 
3 6247 6249 6250 
3 6248 6252 6251 
3 6248 6247 6252 
3 6247 6250 6252 
3 6251 6254 6253 
3 6252 6254 6251 
3 6253 6256 6255 
3 6254 6256 6253 
3 6255 6258 6257 
3 6256 6258 6255 
3 6210 6257 6258 
3 6210 5365 6257 
3 5365 5368 6257 
3 6259 6249 6208 
3 6211 6259 6208 
3 6249 6259 6250 
3 6250 6259 6260 
3 6250 6260 6252 
3 6252 6260 6261 
3 6252 6261 6254 
3 6254 6261 6262 
3 6254 6262 6256 
3 6256 6262 6263 
3 6213 6212 6258 
3 6213 6258 6263 
3 6263 6258 6256 
3 6258 6212 6210 
3 6264 6259 6211 
3 6215 6264 6211 
3 6265 6264 6266 
3 6265 6260 6264 
3 6260 6259 6264 
3 6268 6260 6265 
3 6268 6267 6260 
3 6267 6261 6260 
3 6218 6216 6262 
3 6218 6262 6267 
3 6267 6262 6261 
3 6263 6262 6216 
3 6219 6263 6216 
3 6263 6219 6213 
3 6264 6215 6220 
3 6220 6222 6270 
3 6264 6220 6270 
3 6264 6270 6269 
3 6264 6269 6266 
3 6271 6270 6272 
3 6271 6267 6270 
3 6269 6270 6268 
3 6268 6270 6267 
3 6274 6273 6223 
3 6271 6274 6223 
3 6271 6223 6218 
3 6271 6218 6267 
3 6223 6273 6224 
3 6225 6226 6275 
3 6222 6227 6270 
3 6225 6275 6229 
3 6227 6230 6277 
3 6270 6227 6277 
3 6270 6277 6276 
3 6270 6276 6272 
3 6273 6232 6231 
3 6274 6232 6273 
3 6274 6277 6232 
3 6274 6276 6277 
3 6273 6231 6224 
3 6275 6226 6233 
3 6275 6233 6229 
3 6277 6230 6235 
3 6277 6235 6232 
3 6239 6279 6278 
3 6238 6239 6278 
3 6278 6240 6238 
3 6280 6240 6278 
3 6281 6282 6242 
3 6282 6243 6242 
3 6279 6239 6283 
3 6283 6239 6244 
3 6286 6285 6284 
3 6284 6285 6245 
3 6284 6245 6282 
3 6282 6245 6243 
3 6283 6244 6246 
3 6287 6283 6246 
3 6289 6246 6248 
3 6289 6288 6246 
3 6288 6287 6246 
3 6288 6291 6290 
3 6289 6291 6288 
3 6290 6293 6292 
3 6291 6293 6290 
3 6292 6285 6286 
3 6292 6293 6285 
3 6293 6294 6285 
3 5366 6245 6285 
3 5366 6285 5369 
3 5369 6285 6294 
3 6289 6248 6251 
3 6291 6289 6251 
3 6253 6291 6251 
3 6293 6291 6253 
3 6255 6293 6253 
3 6294 6293 6255 
3 6257 6294 6255 
3 5369 6294 6257 
3 5368 5369 6257 
3 6265 6266 6295 
3 6265 6295 6268 
3 6295 6266 6269 
3 6269 6268 6295 
3 6272 6296 6271 
3 6271 6296 6274 
3 6296 6272 6276 
3 6296 6276 6274 
3 6278 6279 6297 
3 6297 6280 6278 
3 6297 6299 6280 
3 6299 6298 6280 
3 6302 6301 6300 
3 6300 6301 6303 
3 6306 6305 6304 
3 6304 6305 6282 
3 6304 6282 6307 
3 6307 6282 6281 
3 6308 6297 6279 
3 6283 6308 6279 
3 6299 6310 6309 
3 6299 6297 6310 
3 6297 6308 6310 
3 6309 6301 6302 
3 6309 6310 6301 
3 6310 6311 6301 
3 6303 6313 6312 
3 6303 6301 6313 
3 6301 6311 6313 
3 6305 6286 6284 
3 6306 6286 6305 
3 6306 6313 6286 
3 6306 6312 6313 
3 6305 6284 6282 
3 6308 6283 6287 
3 6310 6308 6287 
3 6288 6310 6287 
3 6311 6310 6288 
3 6290 6311 6288 
3 6313 6311 6290 
3 6292 6313 6290 
3 6313 6292 6286 
3 6315 6314 6316 
3 6315 6316 6299 
3 6299 6316 6298 
3 6302 6314 6315 
3 6302 6300 6314 
3 6300 6317 6314 
3 6319 6300 6303 
3 6319 6318 6300 
3 6318 6317 6300 
3 6320 6306 6304 
3 6321 6306 6320 
3 6321 6319 6306 
3 6321 6318 6319 
3 6320 6304 6307 
3 6315 6299 6309 
3 6315 6309 6302 
3 6319 6303 6312 
3 6319 6312 6306 
3 6322 6316 6314 
3 6323 6322 6314 
3 6317 6323 6314 
3 6324 6323 6317 
3 6318 6324 6317 
3 6324 6318 6321 
3 6325 1916 1917 
3 6325 1917 1925 
3 6325 6326 1993 
3 1916 6325 1993 
3 1925 1996 6327 
3 1925 6327 6325 
3 6325 6327 6326 
3 6328 6327 1996 
3 2001 6328 1996 
3 6331 6329 6330 
3 6329 6328 2001 
3 6329 2001 6330 
3 6330 2001 2007 
3 6333 6331 6330 
3 6332 6333 6330 
3 6330 2007 6332 
3 2007 2015 6332 
3 6335 6333 6332 
3 6334 6335 6332 
3 6332 2015 6334 
3 2015 2024 6334 
3 6337 6335 6334 
3 6336 6337 6334 
3 6334 2024 6336 
3 2024 2038 6336 
3 6337 6336 6338 
3 6336 2038 2054 
3 6338 6336 2054 
3 6339 2110 2111 
3 2111 1993 6326 
3 2111 6326 6339 
3 6339 6326 6340 
3 6340 6326 6341 
3 6341 6326 6327 
3 6341 6327 6342 
3 6342 6327 6328 
3 6329 6331 6343 
3 6343 6328 6329 
3 6343 6344 6328 
3 6344 6342 6328 
3 6345 6343 6331 
3 6345 6331 6346 
3 6346 6331 6333 
3 6343 6345 6344 
3 6349 6347 6348 
3 6347 6335 6348 
3 6347 6346 6335 
3 6346 6333 6335 
3 6351 6349 6348 
3 6350 6351 6348 
3 6348 6337 6350 
3 6335 6337 6348 
3 6354 6352 6353 
3 6352 6351 6350 
3 6352 6350 6353 
3 6353 6350 6355 
3 6338 6350 6337 
3 6338 6356 6350 
3 6356 6355 6350 
3 2054 6356 6338 
3 2139 6356 2054 
3 6354 6353 6357 
3 6359 6357 6353 
3 6359 6353 6358 
3 6358 6353 6355 
3 6355 6356 6358 
3 6356 6360 6358 
3 6356 2139 6360 
3 2139 2151 6360 
3 6359 6358 6361 
3 6358 6360 6362 
3 6361 6358 6362 
3 6363 6362 6360 
3 6363 6360 2162 
3 2162 6360 2151 
3 6363 2162 2170 
3 2110 6339 2189 
3 2196 2189 6339 
3 2196 6339 6364 
3 6364 6339 6340 
3 6364 6340 6365 
3 6365 6340 6341 
3 2203 2202 6365 
3 2203 6365 6342 
3 6342 6365 6341 
3 2208 2203 6342 
3 2208 6342 6366 
3 6366 6342 6344 
3 6345 6346 6367 
3 6367 6344 6345 
3 6367 6368 6344 
3 6368 6366 6344 
3 6349 6370 6369 
3 6347 6349 6369 
3 6346 6371 6367 
3 6346 6347 6371 
3 6347 6369 6371 
3 6367 6371 6368 
3 6370 6349 6372 
3 6372 6349 6351 
3 6354 6374 6373 
3 6352 6354 6373 
3 6373 6351 6352 
3 6372 6351 6373 
3 6357 6375 6376 
3 6357 6376 6354 
3 6354 6376 6374 
3 6357 6359 6375 
3 6376 6375 6377 
3 6375 6359 6361 
3 6375 6361 6377 
3 6377 6361 6378 
3 6378 6361 6379 
3 6361 6362 6379 
3 6362 6380 6379 
3 6363 6380 6362 
3 6380 6363 2170 
3 2244 6380 2170 
3 6381 2259 2260 
3 2260 2196 6364 
3 2260 6364 6381 
3 6381 6364 6382 
3 6382 6364 6383 
3 6383 6364 6365 
3 6383 6365 2202 
3 2271 6383 2202 
3 2208 6366 2276 
3 2281 2276 6366 
3 2281 6366 6384 
3 6384 6366 6368 
3 6369 6370 6385 
3 6371 6369 6385 
3 6386 6371 6385 
3 6386 6368 6371 
3 6386 6387 6368 
3 6387 6384 6368 
3 6388 6385 6370 
3 6388 6370 6389 
3 6389 6370 6372 
3 6385 6390 6386 
3 6388 6390 6385 
3 6386 6390 6387 
3 6374 6392 6391 
3 6373 6374 6391 
3 6391 6372 6373 
3 6389 6372 6391 
3 6392 6374 6393 
3 6393 6374 6376 
3 6377 6394 6395 
3 6377 6395 6376 
3 6376 6395 6393 
3 6378 6394 6377 
3 6396 6394 6378 
3 6379 6396 6378 
3 6397 6396 6379 
3 2308 6379 6380 
3 2308 2307 6379 
3 6397 6379 6398 
3 6398 6379 2307 
3 6395 6394 6399 
3 6394 6396 6400 
3 6399 6394 6400 
3 6396 6397 6401 
3 6400 6396 6401 
3 6397 6398 6401 
3 6380 2244 2308 
3 6381 6402 2329 
3 2259 6381 2329 
3 6402 6381 6403 
3 6403 6381 6382 
3 2339 2338 6403 
3 2339 6403 6383 
3 6383 6403 6382 
3 2339 6383 2271 
3 2281 6384 2351 
3 6406 6404 6405 
3 2358 2351 6384 
3 2358 6384 6387 
3 6405 6404 6407 
3 6388 6389 6408 
3 6408 6409 6406 
3 6408 6406 6390 
3 6408 6390 6388 
3 6390 6406 6405 
3 6387 2369 2358 
3 6387 6390 2369 
3 6407 2369 6405 
3 6405 2369 6390 
3 6391 6392 6410 
3 6410 6412 6411 
3 6391 6410 6411 
3 6391 6411 6408 
3 6391 6408 6389 
3 6408 6411 6409 
3 6413 6410 6392 
3 6413 6392 6414 
3 6414 6392 6393 
3 6410 6413 6412 
3 6417 6415 6416 
3 6415 6395 6416 
3 6415 6414 6395 
3 6414 6393 6395 
3 2307 2394 6398 
3 6417 6416 6418 
3 6420 6399 6419 
3 6418 6399 6420 
3 6418 6395 6399 
3 6418 6416 6395 
3 6419 6421 6422 
3 6419 6399 6421 
3 6399 6400 6421 
3 6421 6400 6423 
3 6400 6401 6423 
3 6398 6423 6401 
3 6398 2401 6423 
3 6398 2394 2401 
3 2401 6424 6423 
3 6426 6420 6419 
3 6425 6426 6419 
3 6422 6427 6425 
3 6419 6422 6425 
3 6424 2401 2408 
3 3473 6428 3471 
3 6428 6426 6425 
3 6428 6425 3471 
3 3471 6425 3474 
3 6427 6429 3476 
3 6427 3476 6425 
3 6425 3476 3474 
3 6429 3479 3476 
3 6402 6430 2417 
3 2329 6402 2417 
3 2424 2423 6430 
3 2424 6430 6403 
3 6403 6430 6402 
3 2424 6403 2338 
3 6406 6432 6431 
3 6404 6406 6431 
3 2454 6407 6404 
3 2454 6404 2453 
3 2453 6404 6431 
3 6434 6433 6432 
3 6434 6432 6409 
3 6409 6432 6406 
3 6433 6434 6435 
3 6407 2454 2369 
3 6412 6437 6436 
3 6411 6412 6436 
3 6409 6438 6434 
3 6409 6411 6438 
3 6411 6436 6438 
3 6434 6438 6435 
3 6414 6440 6439 
3 6413 6414 6439 
3 6439 6412 6413 
3 6437 6412 6439 
3 6417 6442 6441 
3 6415 6417 6441 
3 6441 6414 6415 
3 6440 6414 6441 
3 6418 6443 6444 
3 6418 6444 6417 
3 6417 6444 6442 
3 6418 6420 6443 
3 6421 6445 6422 
3 6423 6445 6421 
3 6446 6445 6423 
3 2484 6423 6424 
3 2484 2483 6423 
3 6446 6423 6447 
3 6447 6423 2483 
3 6449 6444 6443 
3 6448 6449 6443 
3 6443 6426 6448 
3 6420 6426 6443 
3 6450 6422 6445 
3 6427 6422 6450 
3 6445 6446 6450 
3 6446 6451 6450 
3 6424 2408 2484 
3 6447 2488 6446 
3 6446 2488 2489 
3 6446 2489 6451 
3 3530 6452 3529 
3 6448 6428 3473 
3 6449 6448 3473 
3 6449 3473 3529 
3 6449 3529 6452 
3 6448 6426 6428 
3 6450 6429 6427 
3 6429 3532 3479 
3 6429 6450 3532 
3 6450 6451 3532 
3 2493 3534 3532 
3 2493 3532 2489 
3 2489 3532 6451 
3 6456 1198 6453 
3 6456 6453 6454 
3 6454 6453 6455 
3 6455 6457 6454 
3 6458 6457 6455 
3 6459 6460 6159 
3 6463 6460 6459 
3 6463 6461 6460 
3 6461 6462 6460 
3 6465 6466 6462 
3 6465 6462 6464 
3 6464 6462 6461 
3 6464 6467 6465 
3 6457 6458 6468 
3 6468 6458 6469 
3 6465 6470 6466 
3 6470 6465 6467 
3 6470 6467 6472 
3 6472 6467 6471 
3 6468 6469 6474 
3 6473 6468 6474 
3 6474 6475 6473 
3 6476 6475 6474 
3 6471 6477 6472 
3 6477 6478 6472 
3 6475 6476 6479 
3 6479 6476 6480 
3 6483 6482 6481 
3 6486 6481 6482 
3 6486 6485 6481 
3 6485 6484 6481 
3 6484 6485 6478 
3 6477 6484 6478 
3 6479 6480 6487 
3 6487 6480 6488 
3 6492 6489 6491 
3 6490 6489 6492 
3 6482 6483 6489 
3 6482 6489 6493 
3 6493 6489 6490 
3 6482 6493 6486 
3 6487 6488 6494 
3 6494 6488 6495 
3 6497 6496 6498 
3 6496 6497 6492 
3 6496 6492 6499 
3 6499 6492 6491 
3 6501 6500 6502 
3 6501 6502 6495 
3 6495 6502 6494 
3 6501 6503 6500 
3 6504 6498 6496 
3 6504 6505 6498 
3 6505 6506 6498 
3 6496 6499 6504 
3 6502 6500 6507 
3 6500 6503 6509 
3 6500 6509 6507 
3 6507 6509 6508 
3 6508 6509 6506 
3 6505 6508 6506 
3 6511 6456 6454 
3 6510 6511 6454 
3 6454 6512 6510 
3 6457 6512 6454 
3 6513 6461 6463 
3 6515 6461 6513 
3 6515 6514 6461 
3 6514 6464 6461 
3 6464 6514 6516 
3 6467 6464 6516 
3 6512 6457 6517 
3 6517 6457 6468 
3 6516 6518 6467 
3 6518 6471 6467 
3 6517 6468 6473 
3 6519 6517 6473 
3 6473 6520 6519 
3 6475 6520 6473 
3 6523 6522 6521 
3 6521 6522 6477 
3 6521 6477 6518 
3 6518 6477 6471 
3 6520 6475 6524 
3 6524 6475 6479 
3 6483 6525 6526 
3 6481 6525 6483 
3 6522 6523 6525 
3 6522 6525 6484 
3 6484 6525 6481 
3 6522 6484 6477 
3 6524 6479 6527 
3 6527 6479 6487 
3 6530 6529 6528 
3 6491 6528 6529 
3 6491 6489 6528 
3 6489 6531 6528 
3 6531 6489 6483 
3 6526 6531 6483 
3 6527 6487 6532 
3 6532 6487 6494 
3 6530 6533 6529 
3 6529 6533 6534 
3 6529 6534 6491 
3 6491 6534 6499 
3 6532 6494 6535 
3 6535 6494 6502 
3 6504 6536 6505 
3 6536 6504 6499 
3 6536 6499 6537 
3 6537 6499 6534 
3 6535 6502 6507 
3 6538 6535 6507 
3 6538 6507 6539 
3 6507 6508 6539 
3 6505 6536 6540 
3 6505 6540 6508 
3 6508 6540 6539 
3 6536 6537 6540 
3 6541 6511 6510 
3 6510 6512 6543 
3 6541 6510 6543 
3 6541 6543 6542 
3 6541 6542 6544 
3 6542 6543 6545 
3 6547 6514 6515 
3 6546 6514 6547 
3 6514 6546 6548 
3 6516 6514 6548 
3 6549 6543 6512 
3 6517 6549 6512 
3 6545 6549 6550 
3 6543 6549 6545 
3 6548 6551 6516 
3 6551 6518 6516 
3 6549 6517 6519 
3 6519 6520 6553 
3 6549 6519 6553 
3 6549 6553 6552 
3 6549 6552 6550 
3 6552 6553 6554 
3 6523 6555 6556 
3 6521 6555 6523 
3 6555 6521 6518 
3 6551 6555 6518 
3 6557 6553 6520 
3 6524 6557 6520 
3 6554 6557 6558 
3 6553 6557 6554 
3 6526 6559 6560 
3 6525 6559 6526 
3 6559 6525 6523 
3 6556 6559 6523 
3 6561 6557 6524 
3 6561 6524 6562 
3 6562 6524 6527 
3 6557 6561 6558 
3 6528 6563 6530 
3 6563 6564 6565 
3 6563 6528 6564 
3 6528 6531 6564 
3 6564 6531 6526 
3 6560 6564 6526 
3 6562 6527 6566 
3 6566 6527 6532 
3 6563 6533 6530 
3 6533 6563 6565 
3 6533 6565 6534 
3 6534 6565 6567 
3 6569 6568 6566 
3 6569 6566 6535 
3 6535 6566 6532 
3 6568 6569 6570 
3 6567 6571 6534 
3 6571 6537 6534 
3 6569 6535 6538 
3 6570 6569 6538 
3 6570 6538 6572 
3 6572 6538 6539 
3 6572 6539 6573 
3 6539 6540 6573 
3 6573 6540 6537 
3 6571 6573 6537 
3 6575 6544 6542 
3 6574 6575 6542 
3 6542 6576 6574 
3 6545 6576 6542 
3 6577 6546 6547 
3 6546 6577 6578 
3 6546 6578 6548 
3 6548 6578 6579 
3 6576 6545 6580 
3 6580 6545 6550 
3 6579 6581 6548 
3 6581 6551 6548 
3 6580 6550 6552 
3 6582 6580 6552 
3 6552 6583 6582 
3 6554 6583 6552 
3 6556 6584 6585 
3 6555 6584 6556 
3 6584 6555 6551 
3 6581 6584 6551 
3 6583 6554 6586 
3 6586 6554 6558 
3 6560 6587 6588 
3 6559 6587 6560 
3 6587 6559 6556 
3 6585 6587 6556 
3 6561 6562 6589 
3 6589 6558 6561 
3 6589 6590 6558 
3 6590 6586 6558 
3 6593 6592 6591 
3 6565 6591 6592 
3 6565 6564 6591 
3 6595 6591 6594 
3 6594 6591 6564 
3 6594 6564 6560 
3 6594 6560 6596 
3 6596 6560 6588 
3 6597 6589 6562 
3 6566 6597 6562 
3 6590 6599 6598 
3 6590 6589 6599 
3 6589 6597 6599 
3 6598 6592 6593 
3 6598 6599 6592 
3 6599 6600 6592 
3 6592 6600 6567 
3 6592 6567 6565 
3 6594 6601 6595 
3 6594 6596 6601 
3 6597 6566 6568 
3 6602 6599 6597 
3 6602 6597 6570 
3 6602 6570 6603 
3 6570 6597 6568 
3 6605 6599 6602 
3 6605 6604 6599 
3 6604 6600 6599 
3 6600 6604 6571 
3 6567 6600 6571 
3 6603 6570 6572 
3 6606 6603 6572 
3 6604 6605 6606 
3 6604 6606 6573 
3 6573 6606 6572 
3 6604 6573 6571 
3 6607 6575 6574 
3 6574 6608 6607 
3 6574 6576 6608 
3 6576 6609 6608 
3 6610 6611 6578 
3 6611 6579 6578 
3 6609 6576 6612 
3 6612 6576 6580 
3 6611 6613 6579 
3 6613 6581 6579 
3 6612 6580 6582 
3 6614 6612 6582 
3 6582 6615 6614 
3 6583 6615 6582 
3 6584 6616 6585 
3 6616 6584 6581 
3 6616 6581 6617 
3 6617 6581 6613 
3 6619 6618 6615 
3 6619 6615 6586 
3 6586 6615 6583 
3 6618 6619 6620 
3 6587 6621 6588 
3 6621 6622 6623 
3 6587 6622 6621 
3 6587 6616 6622 
3 6587 6585 6616 
3 6616 6617 6622 
3 6624 6619 6586 
3 6590 6624 6586 
3 6620 6591 6625 
3 6620 6624 6591 
3 6620 6619 6624 
3 6624 6593 6591 
3 6627 6591 6595 
3 6627 6626 6591 
3 6626 6625 6591 
3 6627 6628 6626 
3 6627 6588 6628 
3 6627 6596 6588 
3 6621 6628 6588 
3 6621 6623 6628 
3 6624 6590 6598 
3 6624 6598 6593 
3 6627 6595 6601 
3 6627 6601 6596 
3 6602 6603 6629 
3 6602 6629 6605 
3 6629 6603 6606 
3 6629 6606 6605 
3 6630 6608 6631 
3 6631 6608 6609 
3 6632 6633 6610 
3 6633 6611 6610 
3 6636 6634 6635 
3 6634 6612 6635 
3 6634 6631 6612 
3 6631 6609 6612 
3 6639 6638 6637 
3 6637 6638 6613 
3 6637 6613 6633 
3 6633 6613 6611 
3 6636 6635 6640 
3 6635 6612 6614 
3 6635 6614 6640 
3 6640 6614 6641 
3 6614 6642 6641 
3 6615 6642 6614 
3 6644 6638 6639 
3 6643 6638 6644 
3 6638 6643 6617 
3 6613 6638 6617 
3 6642 6615 6618 
3 6645 6642 6618 
3 6618 6646 6645 
3 6620 6646 6618 
3 6649 6648 6647 
3 6643 6623 6622 
3 6644 6623 6643 
3 6644 6648 6623 
3 6644 6647 6648 
3 6643 6622 6617 
3 6646 6620 6625 
3 6650 6646 6625 
3 6650 6625 6651 
3 6625 6626 6651 
3 6648 6649 6651 
3 6648 6651 6628 
3 6628 6651 6626 
3 6648 6628 6623 
3 6652 6630 6653 
3 6653 6630 6631 
3 6654 6655 6632 
3 6655 6633 6632 
3 6636 6657 6656 
3 6634 6636 6656 
3 6656 6631 6634 
3 6653 6631 6656 
3 6637 6658 6639 
3 6658 6637 6633 
3 6658 6633 6659 
3 6659 6633 6655 
3 6657 6636 6640 
3 6660 6657 6640 
3 6660 6640 6661 
3 6640 6641 6661 
3 6663 6641 6642 
3 6663 6662 6641 
3 6662 6661 6641 
3 6662 6663 6664 
3 6665 6639 6658 
3 6665 6666 6639 
3 6666 6644 6639 
3 6658 6659 6665 
3 6663 6642 6645 
3 6645 6664 6663 
3 6645 6646 6664 
3 6646 6667 6664 
3 6649 6668 6669 
3 6647 6668 6649 
3 6668 6647 6644 
3 6666 6668 6644 
3 6667 6646 6650 
3 6670 6667 6650 
3 6670 6650 6671 
3 6650 6651 6671 
3 6671 6651 6649 
3 6669 6671 6649 
3 6675 6672 1392 
3 6675 1392 6674 
3 6674 1392 6673 
3 6677 6678 6674 
3 6677 6674 6676 
3 6676 6674 6673 
3 6676 6679 6677 
3 6676 6652 6679 
3 6652 6653 6679 
3 6680 6681 6654 
3 6681 6655 6654 
3 6675 6674 6682 
3 6674 6678 6682 
3 6657 6683 6656 
3 6683 6653 6656 
3 6683 6684 6653 
3 6684 6679 6653 
3 6687 6686 6685 
3 6685 6686 6659 
3 6685 6659 6681 
3 6681 6659 6655 
3 6688 6690 6689 
3 6683 6657 6660 
3 6684 6683 6660 
3 6684 6660 6691 
3 6691 6660 6661 
3 6693 6662 6692 
3 6693 6691 6662 
3 6691 6661 6662 
3 6662 6664 6692 
3 6696 6695 6694 
3 6686 6666 6665 
3 6687 6666 6686 
3 6687 6695 6666 
3 6687 6694 6695 
3 6686 6665 6659 
3 6690 6698 6699 
3 6690 6699 6689 
3 6689 6699 6697 
3 6698 6700 6699 
3 6693 6692 6701 
3 6692 6664 6667 
3 6692 6667 6702 
3 6692 6702 6701 
3 6702 6667 6703 
3 6702 6705 6704 
3 6703 6705 6702 
3 6695 6669 6668 
3 6696 6669 6695 
3 6696 6705 6669 
3 6696 6704 6705 
3 6695 6668 6666 
3 6697 6699 6707 
3 6706 6697 6707 
3 6699 6700 6707 
3 6703 6667 6670 
3 6705 6703 6670 
3 6671 6705 6670 
3 6705 6671 6669 
3 6710 6672 6675 
3 6710 6709 6672 
3 6708 6672 6711 
3 6711 6672 6709 
3 6678 6709 6710 
3 6678 6677 6709 
3 6677 6712 6709 
3 6677 6713 6712 
3 6679 6713 6677 
3 6716 6715 6714 
3 6714 6715 6681 
3 6714 6681 6717 
3 6717 6681 6680 
3 6708 6711 6718 
3 6675 6682 6710 
3 6710 6682 6678 
3 6713 6679 6719 
3 6719 6679 6684 
3 6722 6721 6720 
3 6715 6687 6685 
3 6716 6687 6715 
3 6716 6721 6687 
3 6716 6720 6721 
3 6715 6685 6681 
3 6725 6690 6688 
3 6725 6688 6724 
3 6724 6688 6723 
3 6724 6726 6727 
3 6725 6724 6727 
3 6719 6684 6691 
3 6719 6691 6728 
3 6729 6727 6726 
3 6691 6730 6728 
3 6693 6730 6691 
3 6721 6696 6694 
3 6721 6722 6696 
3 6722 6731 6696 
3 6721 6694 6687 
3 6725 6698 6690 
3 6698 6732 6700 
3 6698 6725 6732 
3 6725 6727 6732 
3 6729 6733 6732 
3 6727 6729 6732 
3 6730 6693 6701 
3 6734 6730 6701 
3 6734 6701 6735 
3 6701 6702 6735 
3 6735 6702 6736 
3 6702 6704 6736 
3 6736 6704 6696 
3 6731 6736 6696 
3 6737 6706 6738 
3 6706 6707 6738 
3 6700 6732 6739 
3 6700 6739 6707 
3 6707 6739 6738 
3 6732 6733 6739 
3 6740 6742 6741 
3 6742 6744 6743 
3 6741 6742 6743 
3 6743 6744 6745 
3 6709 6746 6711 
3 6712 6746 6709 
3 6747 6746 6712 
3 6712 6713 6747 
3 6716 6748 6749 
3 6714 6748 6716 
3 6748 6714 6717 
3 6750 6748 6717 
3 6711 6751 6718 
3 6711 6752 6751 
3 6711 6746 6752 
3 6752 6753 6751 
3 6754 6755 6752 
3 6754 6752 6747 
3 6747 6752 6746 
3 6747 6756 6754 
3 6747 6713 6756 
3 6713 6719 6756 
3 6720 6757 6722 
3 6757 6720 6716 
3 6757 6716 6758 
3 6758 6716 6749 
3 6724 6723 6759 
3 6724 6759 6761 
3 6760 6753 6752 
3 6761 6762 6726 
3 6761 6726 6724 
3 6752 6755 6760 
3 6728 6763 6756 
3 6728 6756 6719 
3 6726 6762 6729 
3 6765 6728 6730 
3 6765 6764 6728 
3 6764 6763 6728 
3 6764 6765 6766 
3 6769 6768 6767 
3 6768 6770 6767 
3 6768 6722 6770 
3 6768 6731 6722 
3 6757 6770 6722 
3 6757 6758 6770 
3 6759 6772 6761 
3 6771 6772 6759 
3 6774 6761 6772 
3 6774 6773 6761 
3 6773 6762 6761 
3 6762 6773 6733 
3 6729 6762 6733 
3 6765 6730 6734 
3 6766 6765 6734 
3 6766 6734 6775 
3 6775 6734 6735 
3 6768 6769 6775 
3 6768 6775 6736 
3 6736 6775 6735 
3 6768 6736 6731 
3 6738 6776 6737 
3 6777 6776 6738 
3 6777 6774 6778 
3 6777 6739 6774 
3 6777 6738 6739 
3 6739 6773 6774 
3 6773 6739 6733 
3 6776 6777 6779 
3 6777 6780 6779 
3 6778 6781 6780 
3 6777 6778 6780 
3 6740 6782 6742 
3 6740 6779 6782 
3 6779 6780 6782 
3 6781 6783 6782 
3 6780 6781 6782 
3 6784 6742 6782 
3 6744 6742 6784 
3 6783 6785 6784 
3 6782 6783 6784 
3 6744 6786 6745 
3 6744 6787 6786 
3 6744 6784 6787 
3 6787 6788 6786 
3 6785 6789 6787 
3 6784 6785 6787 
3 6791 6788 6787 
3 6790 6791 6787 
3 6789 6792 6790 
3 6787 6789 6790 
3 6791 6790 6793 
3 6790 6792 6793 
3 6748 6794 6749 
3 6794 6748 6750 
3 6794 6750 6796 
3 6796 6750 6795 
3 6799 6751 6753 
3 6799 6798 6751 
3 6798 6797 6751 
3 6755 6798 6799 
3 6755 6754 6798 
3 6801 6798 6800 
3 6800 6798 6754 
3 6754 6756 6800 
3 6802 6749 6794 
3 6758 6749 6802 
3 6796 6803 6802 
3 6794 6796 6802 
3 6799 6753 6760 
3 6801 6800 6804 
3 6799 6760 6755 
3 6800 6756 6763 
3 6800 6763 6804 
3 6804 6763 6805 
3 6807 6764 6806 
3 6807 6805 6764 
3 6805 6763 6764 
3 6809 6764 6766 
3 6809 6808 6764 
3 6806 6764 6810 
3 6810 6764 6808 
3 6769 6808 6809 
3 6769 6767 6808 
3 6767 6811 6808 
3 6811 6767 6812 
3 6767 6770 6812 
3 6758 6802 6813 
3 6758 6813 6770 
3 6770 6813 6812 
3 6802 6803 6813 
3 6814 6815 6771 
3 6771 6815 6772 
3 6772 6815 6816 
3 6774 6772 6816 
3 6807 6806 6817 
3 6806 6810 6817 
3 6766 6775 6809 
3 6809 6775 6769 
3 6816 6818 6774 
3 6818 6778 6774 
3 6821 6820 6819 
3 6819 6820 6781 
3 6819 6781 6818 
3 6818 6781 6778 
3 6821 6822 6820 
3 6820 6822 6823 
3 6820 6823 6781 
3 6781 6823 6783 
3 6824 6825 6826 
3 6823 6827 6783 
3 6827 6785 6783 
3 6786 6826 6825 
3 6786 6788 6826 
3 6788 6828 6826 
3 6827 6829 6785 
3 6829 6789 6785 
3 6830 6791 6831 
3 6830 6828 6791 
3 6828 6788 6791 
3 6833 6829 6832 
3 6833 6792 6829 
3 6792 6789 6829 
3 6832 6834 6833 
3 6793 6831 6791 
3 6793 6836 6831 
3 6836 6835 6831 
3 6836 6837 6838 
3 6793 6837 6836 
3 6793 6833 6837 
3 6793 6792 6833 
3 6833 6834 6837 
3 6835 6836 6840 
3 6839 6835 6840 
3 6836 6838 6840 
3 6842 6795 6841 
3 6842 6843 6795 
3 6843 6796 6795 
3 6841 6844 6842 
3 6798 6845 6797 
3 6846 6845 6798 
3 6798 6801 6846 
3 6843 6847 6796 
3 6847 6803 6796 
3 6845 6846 6849 
3 6848 6845 6849 
3 6851 6804 6850 
3 6849 6804 6851 
3 6849 6801 6804 
3 6849 6846 6801 
3 6805 6850 6804 
3 6852 6850 6805 
3 6854 6805 6807 
3 6854 6853 6805 
3 6852 6805 6855 
3 6855 6805 6853 
3 6810 6853 6854 
3 6810 6808 6853 
3 6808 6856 6853 
3 6856 6808 6857 
3 6808 6811 6857 
3 6859 6812 6858 
3 6859 6857 6812 
3 6857 6811 6812 
3 6858 6860 6861 
3 6858 6812 6860 
3 6812 6813 6860 
3 6860 6813 6803 
3 6847 6860 6803 
3 6815 6814 6862 
3 6863 6815 6862 
3 6865 6851 6850 
3 6865 6850 6864 
3 6816 6815 6863 
3 6866 6867 6864 
3 6866 6864 6852 
3 6852 6864 6850 
3 6852 6855 6866 
3 6807 6817 6854 
3 6854 6817 6810 
3 6859 6858 6868 
3 6858 6861 6868 
3 6862 6869 6863 
3 6863 6869 6870 
3 6863 6870 6818 
3 6863 6818 6816 
3 6864 6871 6865 
3 6867 6871 6864 
3 6872 6873 6874 
3 6872 6875 6873 
3 6876 6877 6821 
3 6876 6821 6870 
3 6876 6870 6869 
3 6819 6870 6821 
3 6870 6819 6818 
3 6879 6874 6873 
3 6878 6879 6873 
3 6875 6880 6881 
3 6875 6881 6873 
3 6873 6881 6878 
3 6880 6882 6883 
3 6881 6880 6883 
3 6882 6884 6883 
3 6877 6886 6821 
3 6877 6885 6886 
3 6821 6886 6822 
3 6888 6887 6886 
3 6822 6886 6887 
3 6890 6823 6822 
3 6890 6822 6889 
3 6889 6822 6887 
3 6889 6879 6878 
3 6889 6878 6890 
3 6890 6878 6891 
3 6878 6881 6891 
3 6881 6892 6891 
3 6893 6894 6892 
3 6893 6892 6883 
3 6883 6892 6881 
3 6883 6884 6893 
3 6824 6888 6886 
3 6824 6826 6888 
3 6826 6895 6888 
3 6896 6823 6890 
3 6896 6897 6823 
3 6897 6827 6823 
3 6890 6891 6898 
3 6896 6890 6898 
3 6900 6898 6891 
3 6900 6891 6899 
3 6899 6891 6892 
3 6894 6901 6899 
3 6892 6894 6899 
3 6895 6826 6902 
3 6902 6826 6828 
3 6897 6903 6827 
3 6903 6829 6827 
3 6900 6899 6904 
3 6899 6901 6904 
3 6905 6828 6830 
3 6902 6828 6905 
3 6903 6832 6829 
3 6906 6832 6903 
3 6832 6906 6907 
3 6834 6832 6907 
3 6837 6908 6838 
3 6908 6837 6834 
3 6908 6834 6909 
3 6909 6834 6907 
3 6910 6839 6911 
3 6839 6840 6911 
3 6838 6908 6912 
3 6838 6912 6840 
3 6840 6912 6911 
3 6908 6909 6912 
3 6843 6913 6914 
3 6842 6913 6843 
3 6913 6842 6844 
3 6915 6913 6844 
3 6914 6916 6843 
3 6916 6847 6843 
3 6849 6917 6848 
3 6918 6917 6849 
3 6849 6851 6918 
3 6853 6919 6855 
3 6856 6919 6853 
3 6920 6919 6856 
3 6857 6920 6856 
3 6921 6920 6857 
3 6857 6859 6921 
3 6861 6922 6923 
3 6860 6922 6861 
3 6922 6860 6847 
3 6916 6922 6847 
3 6926 6924 6917 
3 6926 6917 6925 
3 6925 6917 6918 
3 6918 6865 6925 
3 6851 6865 6918 
3 6866 6927 6867 
3 6855 6927 6866 
3 6855 6919 6927 
3 6919 6928 6927 
3 6929 6930 6928 
3 6929 6928 6920 
3 6920 6928 6919 
3 6920 6921 6931 
3 6929 6920 6931 
3 6921 6859 6868 
3 6921 6868 6931 
3 6931 6868 6932 
3 6932 6868 6861 
3 6923 6932 6861 
3 6934 6926 6925 
3 6933 6934 6925 
3 6871 6925 6865 
3 6871 6935 6925 
3 6935 6933 6925 
3 6874 6927 6872 
3 6874 6935 6927 
3 6867 6927 6871 
3 6871 6927 6935 
3 6872 6936 6875 
3 6872 6927 6936 
3 6927 6928 6936 
3 6930 6937 6936 
3 6928 6930 6936 
3 6934 6933 6939 
3 6938 6877 6876 
3 6941 6939 6933 
3 6941 6933 6940 
3 6940 6933 6935 
3 6935 6879 6940 
3 6874 6879 6935 
3 6936 6880 6875 
3 6937 6880 6936 
3 6937 6942 6880 
3 6942 6882 6880 
3 6882 6942 6943 
3 6884 6882 6943 
3 6885 6877 6938 
3 6888 6944 6887 
3 6889 6887 6944 
3 6889 6944 6946 
3 6945 6941 6940 
3 6946 6879 6889 
3 6946 6947 6879 
3 6940 6879 6945 
3 6945 6879 6947 
3 6894 6948 6949 
3 6893 6948 6894 
3 6948 6893 6884 
3 6943 6948 6884 
3 6950 6944 6888 
3 6950 6888 6951 
3 6951 6888 6895 
3 6950 6952 6897 
3 6950 6897 6946 
3 6950 6946 6944 
3 6896 6946 6897 
3 6947 6946 6896 
3 6947 6896 6953 
3 6953 6896 6898 
3 6955 6898 6900 
3 6955 6954 6898 
3 6954 6953 6898 
3 6954 6955 6901 
3 6954 6901 6949 
3 6949 6901 6894 
3 6956 6902 6957 
3 6956 6951 6902 
3 6951 6895 6902 
3 6959 6952 6958 
3 6959 6903 6952 
3 6903 6897 6952 
3 6958 6960 6959 
3 6955 6900 6904 
3 6955 6904 6901 
3 6957 6902 6905 
3 6959 6906 6903 
3 6906 6959 6960 
3 6906 6960 6907 
3 6907 6960 6961 
3 6961 6962 6907 
3 6962 6909 6907 
3 6963 6910 6964 
3 6910 6911 6964 
3 6964 6911 6965 
3 6911 6912 6965 
3 6965 6912 6909 
3 6962 6965 6909 
3 6914 6966 6967 
3 6913 6966 6914 
3 6966 6913 6915 
3 6968 6966 6915 
3 6967 6969 6914 
3 6969 6916 6914 
3 6970 6971 6972 
3 6975 6974 6973 
3 6923 6973 6974 
3 6923 6922 6973 
3 6922 6976 6973 
3 6976 6922 6916 
3 6969 6976 6916 
3 6924 6926 6978 
3 6971 6924 6978 
3 6971 6978 6977 
3 6971 6977 6972 
3 6977 6978 6979 
3 6929 6980 6930 
3 6980 6981 6982 
3 6980 6929 6981 
3 6929 6931 6981 
3 6974 6975 6981 
3 6974 6981 6932 
3 6932 6981 6931 
3 6974 6932 6923 
3 6984 6983 6985 
3 6984 6985 6926 
3 6984 6926 6934 
3 6978 6926 6985 
3 6978 6985 6979 
3 6986 6930 6980 
3 6937 6930 6986 
3 6982 6987 6986 
3 6980 6982 6986 
3 6984 6934 6939 
3 6984 6939 6988 
3 6988 6939 6989 
3 6939 6990 6989 
3 6941 6990 6939 
3 6986 6942 6937 
3 6942 6992 6943 
3 6986 6992 6942 
3 6986 6991 6992 
3 6986 6987 6991 
3 6991 6993 6992 
3 6990 6941 6945 
3 6994 6990 6945 
3 6945 6995 6994 
3 6947 6995 6945 
3 6948 6996 6949 
3 6996 6997 6998 
3 6948 6997 6996 
3 6948 6992 6997 
3 6948 6943 6992 
3 6992 6993 6997 
3 6951 7000 6999 
3 6950 6951 6999 
3 7002 6952 6950 
3 7002 6950 7001 
3 7001 6950 6999 
3 6995 6947 6953 
3 6995 6953 7003 
3 7004 7002 7001 
3 7006 6954 7005 
3 7006 7003 6954 
3 7003 6953 6954 
3 7005 7007 7008 
3 6954 7007 7005 
3 6954 6996 7007 
3 6954 6949 6996 
3 6996 6998 7007 
3 7009 6951 6956 
3 7000 6951 7009 
3 7002 6958 6952 
3 6958 7002 7004 
3 6958 7004 6960 
3 6960 7004 7010 
3 7006 7005 7011 
3 7005 7008 7011 
3 7010 7012 6960 
3 7012 6961 6960 
3 7014 7012 7013 
3 7014 6962 7012 
3 6962 6961 7012 
3 7013 7015 7014 
3 6964 7016 6963 
3 7017 7016 6964 
3 6965 7017 6964 
3 7018 7017 6965 
3 7018 7019 7020 
3 6965 7019 7018 
3 6965 7014 7019 
3 6965 6962 7014 
3 7014 7015 7019 
3 7023 7021 7016 
3 7023 7016 7022 
3 7022 7016 7017 
3 7024 7025 7022 
3 7024 7022 7018 
3 7018 7022 7017 
3 7018 7020 7024 
3 7023 7022 7026 
3 7022 7025 7026 
3 6967 7027 7028 
3 6966 7027 6967 
3 7027 6966 6968 
3 7029 7027 6968 
3 7032 7031 7030 
3 7030 7031 6969 
3 7030 6969 7028 
3 7028 6969 6967 
3 6970 6972 7033 
3 6975 7034 7035 
3 6973 7034 6975 
3 7031 7032 7034 
3 7031 7034 6976 
3 6976 7034 6973 
3 7031 6976 6969 
3 6972 7036 7033 
3 6972 7037 7036 
3 6972 6977 7037 
3 7038 7036 7037 
3 6977 7039 7037 
3 6979 7039 6977 
3 6981 7040 6982 
3 7040 6981 6975 
3 7040 6975 7041 
3 7041 6975 7035 
3 7038 7042 7036 
3 7044 6983 7045 
3 7044 6985 6983 
3 6983 7043 7045 
3 7044 6979 6985 
3 7039 6979 7044 
3 7046 6982 7040 
3 6987 6982 7046 
3 7041 7047 7046 
3 7040 7041 7046 
3 7045 7043 6988 
3 7045 6988 7048 
3 7048 6988 6989 
3 6989 7049 7048 
3 6990 7049 6989 
3 7052 7051 7050 
3 7050 7051 7053 
3 6987 7046 6991 
3 6991 7046 7047 
3 6991 7047 6993 
3 6993 7047 7054 
3 6994 7055 7056 
3 6994 7056 6990 
3 6990 7056 7049 
3 6994 6995 7055 
3 7052 7057 7051 
3 7058 7051 6997 
3 7058 7053 7051 
3 6997 7051 6998 
3 7057 7059 7051 
3 6998 7051 7059 
3 7058 6997 6993 
3 7054 7058 6993 
3 7000 7061 7060 
3 6999 7000 7060 
3 7055 7060 7056 
3 7055 7001 7060 
3 7001 6999 7060 
3 7004 7055 7063 
3 7004 7001 7055 
3 7063 7055 7062 
3 6995 7003 7055 
3 7062 7055 7003 
3 7003 7064 7062 
3 7006 7064 7003 
3 7008 7065 7066 
3 7007 7065 7008 
3 7065 7007 6998 
3 7059 7065 6998 
3 7067 7000 7009 
3 7067 7068 7000 
3 7068 7061 7000 
3 7063 7069 7004 
3 7069 7010 7004 
3 7064 7006 7011 
3 7070 7064 7011 
3 7070 7011 7008 
3 7066 7070 7008 
3 7067 7071 7068 
3 7073 7069 7072 
3 7073 7012 7069 
3 7012 7010 7069 
3 7072 7074 7073 
3 7013 7077 7076 
3 7013 7012 7077 
3 7075 7077 7073 
3 7073 7077 7012 
3 7075 7073 7074 
3 7076 7015 7013 
3 7078 7079 7080 
3 7076 7020 7019 
3 7076 7077 7020 
3 7077 7081 7020 
3 7076 7019 7015 
3 7021 7023 7083 
3 7079 7021 7083 
3 7079 7083 7082 
3 7079 7082 7080 
3 7025 7082 7083 
3 7025 7024 7082 
3 7024 7084 7082 
3 7084 7024 7020 
3 7081 7084 7020 
3 7083 7023 7026 
3 7083 7026 7025 
3 7085 7028 7027 
3 7085 5933 7028 
3 5933 7086 7028 
3 7085 7027 7029 
3 7089 7088 7087 
3 7032 7087 7088 
3 7032 7030 7087 
3 7030 7090 7087 
3 7090 7030 7028 
3 7086 7090 7028 
3 804 7091 7092 
3 7088 7035 7034 
3 7088 7089 7035 
3 7089 7093 7035 
3 7088 7034 7032 
3 7094 7037 7091 
3 7094 7038 7037 
3 7091 7037 7092 
3 7095 7096 7037 
3 7092 7037 7096 
3 7037 7039 7095 
3 7099 7098 7097 
3 7097 7098 7041 
3 7097 7041 7093 
3 7093 7041 7035 
3 7094 7042 7038 
3 7095 7044 7096 
3 7096 7044 7045 
3 7096 7045 7100 
3 7095 7039 7044 
3 7102 7098 7099 
3 7101 7098 7102 
3 7098 7101 7047 
3 7041 7098 7047 
3 7100 7045 7048 
3 7103 7100 7048 
3 7048 7104 7103 
3 7049 7104 7048 
3 7050 7105 7052 
3 7107 7050 7102 
3 7107 7105 7050 
3 7102 7050 7101 
3 7053 7106 7050 
3 7101 7050 7106 
3 7101 7106 7054 
3 7047 7101 7054 
3 7104 7049 7108 
3 7108 7049 7056 
3 7057 7111 7110 
3 7057 7052 7111 
3 7109 7111 7105 
3 7105 7111 7052 
3 7107 7109 7105 
3 7053 7058 7106 
3 7110 7059 7057 
3 7106 7058 7054 
3 7061 7112 809 
3 7061 809 7060 
3 7060 809 7113 
3 7113 7056 7060 
3 7108 7056 7113 
3 7062 7114 7063 
3 7062 7064 7114 
3 7110 7066 7065 
3 7110 7111 7066 
3 7111 7115 7066 
3 7110 7065 7059 
3 7112 7068 7116 
3 7061 7068 7112 
3 7117 7063 7114 
3 7117 7118 7063 
3 7118 7069 7063 
3 7114 7064 7070 
3 7114 7070 7117 
3 7117 7070 7119 
3 7119 7070 7066 
3 7115 7119 7066 
3 7116 7068 7071 
3 7072 7121 7120 
3 7072 7069 7121 
3 7069 7118 7121 
3 7072 7120 7074 
3 7123 7121 7122 
3 7123 7077 7121 
3 7120 7121 7075 
3 7075 7121 7077 
3 7120 7075 7074 
3 7122 7124 7123 
3 7126 7078 7080 
3 7126 7125 7078 
3 7125 827 7078 
3 7125 7128 7127 
3 7126 7128 7125 
3 7128 7129 7127 
3 7128 7077 7129 
3 7128 7081 7077 
3 7123 7129 7077 
3 7123 7124 7129 
3 7126 7080 7082 
3 7128 7126 7082 
3 7084 7128 7082 
3 7128 7084 7081 
3 7132 7130 7131 
3 7130 7133 7134 
3 7131 7130 7134 
3 7133 7135 7134 
3 7132 7137 7136 
3 7130 7132 7136 
3 7136 7138 7130 
3 7130 7138 7133 
3 7140 7135 7133 
3 7140 7133 7139 
3 7139 7133 7138 
3 7139 7141 7140 
3 7144 7142 7143 
3 7142 7145 7143 
3 7137 7147 7146 
3 7136 7137 7146 
3 7143 7146 7144 
3 7143 7138 7146 
3 7138 7136 7146 
3 7145 7138 7143 
3 7145 7148 7138 
3 7148 7139 7138 
3 7139 7148 7149 
3 7141 7139 7149 
3 7144 7151 7150 
3 7142 7144 7150 
3 7142 7150 7152 
3 7145 7142 7152 
3 7147 7154 7153 
3 7146 7147 7153 
3 7153 7144 7146 
3 7151 7144 7153 
3 7152 7148 7145 
3 7155 7148 7152 
3 7148 7155 7156 
3 7149 7148 7156 
3 7151 7158 7157 
3 7150 7151 7157 
3 7150 7157 7159 
3 7152 7150 7159 
3 7154 7161 7160 
3 7153 7154 7160 
3 7160 7151 7153 
3 7158 7151 7160 
3 7159 7155 7152 
3 7162 7155 7159 
3 7155 7162 7163 
3 7156 7155 7163 
3 7166 7164 7165 
3 7158 7165 7164 
3 7158 7164 7157 
3 7157 7164 7167 
3 7157 7167 7168 
3 7159 7157 7168 
3 7171 7169 7170 
3 7165 7160 7161 
3 7166 7165 7161 
3 7166 7161 7170 
3 7166 7170 7169 
3 7165 7158 7160 
3 7168 7162 7159 
3 7172 7162 7168 
3 7174 7163 7162 
3 7174 7162 7173 
3 7173 7162 7172 
3 7173 7175 7176 
3 7174 7173 7176 
3 7175 7177 7176 
3 7166 7179 7178 
3 7164 7166 7178 
3 7178 7180 7164 
3 7164 7180 7167 
3 7182 7168 7167 
3 7182 7167 7181 
3 7181 7167 7180 
3 7181 7183 7182 
3 7171 7185 7184 
3 7169 7171 7184 
3 7184 7166 7169 
3 7179 7166 7184 
3 7182 7172 7168 
3 7183 7172 7182 
3 7183 7186 7172 
3 7186 7173 7172 
3 7186 7187 7173 
3 7173 7187 7175 
3 7175 7187 7188 
3 7177 7175 7188 
3 5033 5031 7189 
3 5031 5035 7189 
3 7179 5039 5037 
3 7178 7179 5037 
3 7189 5037 5033 
3 7189 7180 5037 
3 7180 7178 5037 
3 5035 7180 7189 
3 5035 5041 7180 
3 5041 7181 7180 
3 7190 7183 7181 
3 7190 7181 5043 
3 5043 7181 5041 
3 5043 5045 7190 
3 7185 2496 5046 
3 7184 7185 5046 
3 5046 7179 7184 
3 5039 7179 5046 
3 7190 7186 7183 
3 5045 7186 7190 
3 5045 5048 7186 
3 5048 7187 7186 
3 7191 7188 7187 
3 7191 7187 5050 
3 5050 7187 5048 
3 5050 2502 7191 
3 3924 557 556 
3 7192 3924 556 
3 556 7193 7192 
3 558 7193 556 
3 3927 560 561 
3 3928 560 3927 
3 3928 7194 560 
3 7194 562 560 
3 7196 563 562 
3 7196 562 7195 
3 7195 562 7194 
3 7195 7197 7198 
3 7196 7195 7198 
3 7197 7199 7200 
3 7198 7197 7200 
3 7193 558 565 
3 7201 7193 565 
3 7201 565 7202 
3 565 566 7202 
3 7204 566 567 
3 7204 7203 566 
3 7203 7202 566 
3 7203 7204 7205 
3 7196 568 563 
3 7198 568 7196 
3 569 568 7198 
3 7200 569 7198 
3 570 569 7200 
3 7204 567 573 
3 573 7205 7204 
3 573 574 7205 
3 574 7206 7205 
3 7206 574 7207 
3 7207 574 577 
3 7210 7209 7208 
3 7208 7209 7211 
3 578 579 7212 
3 580 578 7212 
3 7213 580 7212 
3 581 7214 7207 
3 581 7207 577 
3 580 7213 583 
3 7210 7215 7209 
3 7210 581 7215 
3 7210 7214 581 
3 584 7215 581 
3 7211 7215 7216 
3 7209 7215 7211 
3 7212 579 585 
3 7213 7212 585 
3 586 7213 585 
3 7213 586 583 
3 7215 584 589 
3 589 7216 7215 
3 589 591 7216 
3 591 7217 7216 
3 7219 7218 7217 
3 7219 7217 595 
3 595 7217 591 
3 7218 7219 7220 
3 7221 7219 595 
3 597 7221 595 
3 7220 7221 7222 
3 7219 7221 7220 
3 7221 597 598 
3 7221 598 600 
3 7221 600 7224 
3 7221 7224 7222 
3 7223 7224 600 
3 600 601 7223 
3 7223 603 605 
3 7223 605 7224 
3 7224 605 7225 
3 7223 601 603 
3 7225 605 7226 
3 7226 605 607 
3 7228 7227 7226 
3 7228 7226 608 
3 608 7226 607 
3 7227 7228 7229 
3 7228 608 609 
3 609 7229 7228 
3 609 610 7229 
3 610 7230 7229 
3 7230 610 7231 
3 7231 610 611 
3 7231 611 7232 
3 7232 611 613 
3 7232 613 3670 
3 3670 613 615 
3 3966 3924 7192 
3 7233 3966 7192 
3 7235 7192 7193 
3 7235 7234 7192 
3 7234 7233 7192 
3 7234 7237 7236 
3 7235 7237 7234 
3 7236 7237 7238 
3 3970 7194 3928 
3 3971 7194 3970 
3 3971 7239 7194 
3 7239 7195 7194 
3 7239 7240 7195 
3 7195 7240 7197 
3 7240 7241 7197 
3 7197 7241 7199 
3 7235 7193 7201 
3 7237 7235 7201 
3 7202 7237 7201 
3 7238 7237 7202 
3 7238 7202 7242 
3 7242 7202 7203 
3 7203 7243 7242 
3 7205 7243 7203 
3 7243 7205 7244 
3 7244 7205 7206 
3 7246 7245 7244 
3 7246 7244 7207 
3 7207 7244 7206 
3 7210 7245 7246 
3 7210 7208 7245 
3 7208 7247 7245 
3 7208 7248 7247 
3 7211 7248 7208 
3 7246 7207 7214 
3 7246 7214 7210 
3 7248 7211 7249 
3 7249 7211 7216 
3 7249 7216 7250 
3 7250 7216 7217 
3 7250 7217 7218 
3 7251 7250 7218 
3 7218 7252 7251 
3 7220 7252 7218 
3 7252 7220 7253 
3 7253 7220 7222 
3 7253 7222 7254 
3 7254 7222 7224 
3 7254 7224 7255 
3 7255 7224 7225 
3 7255 7225 7256 
3 7256 7225 7226 
3 7256 7226 7227 
3 7257 7256 7227 
3 7259 7227 7229 
3 7259 7258 7227 
3 7258 7257 7227 
3 7258 7259 7260 
3 7261 7259 7229 
3 7261 7229 7262 
3 7262 7229 7230 
3 7259 7261 7260 
3 7262 7230 7263 
3 7263 7230 7231 
3 7263 7231 7264 
3 7264 7231 7232 
3 7264 7232 3683 
3 3683 7232 3670 
3 4006 3966 7233 
3 4008 4006 7233 
3 7234 4008 7233 
3 4008 7234 7236 
3 4008 7236 7266 
3 4008 7266 4009 
3 7265 7266 7236 
3 7268 7236 7238 
3 7268 7267 7236 
3 7265 7236 7269 
3 7269 7236 7267 
3 7267 7268 7270 
3 4014 7239 3971 
3 4016 7239 4014 
3 7240 7239 4016 
3 4017 7240 4016 
3 4017 7271 7240 
3 7271 7241 7240 
3 7266 7265 7272 
3 7265 7269 7272 
3 7238 7242 7268 
3 7242 7243 7274 
3 7268 7242 7274 
3 7268 7274 7273 
3 7268 7273 7270 
3 7273 7274 7275 
3 7276 7274 7243 
3 7244 7276 7243 
3 7275 7276 7277 
3 7274 7276 7275 
3 7276 7244 7245 
3 7277 7276 7245 
3 7277 7245 7278 
3 7278 7245 7247 
3 7247 7279 7278 
3 7248 7279 7247 
3 7279 7248 7280 
3 7280 7248 7249 
3 7280 7249 7281 
3 7281 7249 7250 
3 7281 7250 7251 
3 7282 7281 7251 
3 7251 7283 7282 
3 7252 7283 7251 
3 7283 7252 7284 
3 7284 7252 7253 
3 7284 7253 7285 
3 7285 7253 7254 
3 7287 7286 7285 
3 7287 7285 7255 
3 7255 7285 7254 
3 7286 7287 7288 
3 7289 7287 7255 
3 7256 7289 7255 
3 7288 7291 7290 
3 7288 7287 7291 
3 7287 7289 7291 
3 7290 7291 7292 
3 7289 7256 7257 
3 7291 7289 7257 
3 7258 7291 7257 
3 7258 7292 7291 
3 7258 7260 7292 
3 7260 7293 7292 
3 7261 7262 7294 
3 7295 7293 7260 
3 7295 7260 7294 
3 7295 7294 7296 
3 7261 7294 7260 
3 7295 7296 7297 
3 7298 7294 7262 
3 7263 7298 7262 
3 7299 7298 7300 
3 7299 7296 7298 
3 7296 7294 7298 
3 7296 7299 7297 
3 7303 7301 7302 
3 7302 7301 7304 
3 7302 7304 7263 
3 7302 7263 7264 
3 7298 7263 7304 
3 7298 7304 7300 
3 3694 7303 7302 
3 3692 3694 7302 
3 7302 3683 3692 
3 7264 3683 7302 
3 7306 7305 4059 
3 7306 4059 7266 
3 7266 4059 4009 
3 7269 7305 7306 
3 7269 7267 7305 
3 7267 7307 7305 
3 7267 7308 7307 
3 7270 7308 7267 
3 4064 7271 4017 
3 7306 7266 7272 
3 7306 7272 7269 
3 7308 7270 7273 
3 7309 7308 7273 
3 7311 7273 7275 
3 7311 7310 7273 
3 7310 7309 7273 
3 7310 7311 7312 
3 7313 7311 7275 
3 7277 7313 7275 
3 7312 7313 7314 
3 7311 7313 7312 
3 7313 7277 7278 
3 7278 7314 7313 
3 7278 7279 7314 
3 7279 7315 7314 
3 7315 7279 7316 
3 7316 7279 7280 
3 7316 7280 7317 
3 7317 7280 7281 
3 7317 7281 7282 
3 7318 7317 7282 
3 7282 7319 7318 
3 7283 7319 7282 
3 7319 7283 7320 
3 7320 7283 7284 
3 7322 7321 7320 
3 7322 7320 7285 
3 7285 7320 7284 
3 7321 7322 7323 
3 7322 7285 7286 
3 7286 7288 7325 
3 7322 7286 7325 
3 7322 7325 7324 
3 7322 7324 7323 
3 7324 7327 7326 
3 7325 7327 7324 
3 7326 7327 7328 
3 7325 7288 7290 
3 7290 7292 7329 
3 7290 7329 7325 
3 7325 7329 7327 
3 7328 7329 7330 
3 7327 7329 7328 
3 7331 7329 7292 
3 7293 7331 7292 
3 7330 7333 7332 
3 7330 7329 7333 
3 7329 7331 7333 
3 7331 7293 7295 
3 7334 7333 7331 
3 7334 7331 7297 
3 7334 7297 7335 
3 7297 7331 7295 
3 7299 7300 7336 
3 7337 7335 7297 
3 7337 7297 7336 
3 7337 7336 7338 
3 7299 7336 7297 
3 7301 7303 7339 
3 7339 7341 7340 
3 7339 7340 7301 
3 7301 7340 7304 
3 7300 7342 7336 
3 7300 7304 7342 
3 7304 7340 7342 
3 7336 7343 7338 
3 7342 7343 7336 
3 3712 7339 7303 
3 3694 3712 7303 
3 7341 3712 3715 
3 7339 3712 7341 
3 4099 4059 7305 
3 4100 4099 7305 
3 4100 7305 7344 
3 7344 7305 7307 
3 7307 7345 7344 
3 7308 7345 7307 
3 7345 7308 7309 
3 7346 7345 7309 
3 7348 7310 7347 
3 7348 7346 7310 
3 7346 7309 7310 
3 7310 7312 7347 
3 7348 7347 7349 
3 7347 7350 7349 
3 7347 7312 7350 
3 7312 7314 7350 
3 7350 7314 7351 
3 7351 7314 7315 
3 7351 7315 7352 
3 7352 7315 7316 
3 7354 7353 7352 
3 7354 7352 7317 
3 7317 7352 7316 
3 7353 7354 7355 
3 7354 7317 7318 
3 7318 7355 7354 
3 7318 7319 7355 
3 7319 7356 7355 
3 7356 7319 7357 
3 7357 7319 7320 
3 7357 7320 7321 
3 7358 7357 7321 
3 7360 7321 7323 
3 7360 7359 7321 
3 7359 7358 7321 
3 7359 7360 7361 
3 7360 7323 7324 
3 7361 7360 7324 
3 7361 7324 7362 
3 7362 7324 7326 
3 7364 7326 7328 
3 7364 7363 7326 
3 7363 7362 7326 
3 7365 7364 7328 
3 7330 7365 7328 
3 7365 7330 7332 
3 7334 7335 7366 
3 7366 7335 7337 
3 7340 7341 7367 
3 7342 7340 7367 
3 7368 7342 7367 
3 7343 7342 7368 
3 7369 7343 7368 
3 7370 7367 7341 
3 7370 7341 3744 
3 3744 7341 3715 
3 7367 7371 7368 
3 7370 7371 7367 
3 7368 7372 7369 
3 7371 7372 7368 
3 4144 4100 7344 
3 7373 4144 7344 
3 7344 7374 7373 
3 7345 7374 7344 
3 7374 7345 7346 
3 7375 7374 7346 
3 7377 7346 7348 
3 7377 7376 7346 
3 7376 7375 7346 
3 7376 7377 7378 
3 7377 7348 7349 
3 7349 7350 7380 
3 7377 7349 7380 
3 7377 7380 7379 
3 7377 7379 7378 
3 7379 7380 7381 
3 7382 7380 7350 
3 7382 7350 7383 
3 7383 7350 7351 
3 7380 7382 7381 
3 7383 7351 7384 
3 7384 7351 7352 
3 7384 7352 7353 
3 7385 7384 7353 
3 7353 7386 7385 
3 7355 7386 7353 
3 7388 7387 7386 
3 7388 7386 7356 
3 7356 7386 7355 
3 7387 7388 7389 
3 7390 7388 7356 
3 7357 7390 7356 
3 7389 7390 7391 
3 7388 7390 7389 
3 7390 7357 7358 
3 7391 7390 7358 
3 7391 7358 7392 
3 7392 7358 7359 
3 7394 7359 7361 
3 7394 7393 7359 
3 7393 7392 7359 
3 7393 7396 7395 
3 7394 7396 7393 
3 7394 7361 7362 
3 7396 7394 7362 
3 7363 7396 7362 
3 7370 3744 3774 
3 7371 7370 3774 
3 3777 7371 3774 
3 7372 7371 3777 
3 3780 7372 3777 
3 4191 4144 7373 
3 7373 4192 4191 
3 7373 7374 4192 
3 7374 7397 4192 
3 7397 7374 7375 
3 7398 7397 7375 
3 7398 7375 7399 
3 7375 7376 7399 
3 7376 7400 7399 
3 7378 7400 7376 
3 7400 7378 7379 
3 7401 7400 7379 
3 7379 7402 7401 
3 7381 7402 7379 
3 7382 7383 7403 
3 7403 7381 7382 
3 7403 7404 7381 
3 7404 7402 7381 
3 7405 7403 7383 
3 7384 7405 7383 
3 7404 7405 7406 
3 7403 7405 7404 
3 7405 7384 7385 
3 7385 7406 7405 
3 7385 7386 7406 
3 7386 7407 7406 
3 7407 7386 7387 
3 7408 7407 7387 
3 7387 7409 7408 
3 7389 7409 7387 
3 7412 7411 7410 
3 7410 7414 7413 
3 7411 7414 7410 
3 7416 7415 7409 
3 7416 7409 7391 
3 7391 7409 7389 
3 7415 7411 7412 
3 7415 7416 7411 
3 7416 7417 7411 
3 7411 7417 7414 
3 7414 7417 7418 
3 7416 7391 7392 
3 7417 7416 7392 
3 7393 7417 7392 
3 7418 7417 7393 
3 7395 7418 7393 
3 7419 4237 4192 
3 7397 7419 4192 
3 4238 7419 7420 
3 4237 7419 4238 
3 7423 7422 7421 
3 7421 7422 7424 
3 7419 7397 7398 
3 7420 7419 7398 
3 7420 7398 7425 
3 7425 7398 7399 
3 7423 7426 7422 
3 7423 7399 7426 
3 7423 7425 7399 
3 7400 7426 7399 
3 7424 7426 7427 
3 7422 7426 7424 
3 7426 7400 7401 
3 7401 7427 7426 
3 7401 7402 7427 
3 7402 7428 7427 
3 7431 7430 7429 
3 7429 7430 7432 
3 7428 7402 7433 
3 7433 7402 7404 
3 7435 7430 7431 
3 7434 7430 7435 
3 7432 7437 7436 
3 7432 7430 7437 
3 7430 7434 7437 
3 7439 7438 7433 
3 7439 7433 7406 
3 7406 7433 7404 
3 7438 7441 7440 
3 7439 7441 7438 
3 7440 7434 7435 
3 7440 7441 7434 
3 7441 7442 7434 
3 7434 7442 7437 
3 7437 7442 7443 
3 7444 7439 7406 
3 7407 7444 7406 
3 7439 7444 7441 
3 7441 7444 7445 
3 7441 7445 7442 
3 7442 7445 7446 
3 7442 7446 7443 
3 7443 7446 7447 
3 7444 7407 7408 
3 7408 7409 7448 
3 7408 7448 7444 
3 7444 7448 7445 
3 7412 7410 7446 
3 7412 7446 7448 
3 7448 7446 7445 
3 7447 7446 7410 
3 7413 7447 7410 
3 7448 7409 7415 
3 7448 7415 7412 
3 7449 4281 4238 
3 7420 7449 4238 
3 7423 7421 4283 
3 7423 4283 7449 
3 7449 4283 4281 
3 7421 7424 7451 
3 4283 7421 7451 
3 4283 7451 7450 
3 4283 7450 4284 
3 7450 7453 7452 
3 7451 7453 7450 
3 7452 7453 7454 
3 7449 7420 7425 
3 7449 7425 7423 
3 7455 7451 7424 
3 7427 7455 7424 
3 7451 7455 7453 
3 7453 7455 7456 
3 7454 7456 7457 
3 7453 7456 7454 
3 7458 7455 7427 
3 7428 7458 7427 
3 7455 7458 7456 
3 7456 7458 7459 
3 7457 7429 7460 
3 7457 7459 7429 
3 7457 7456 7459 
3 7459 7431 7429 
3 7429 7461 7460 
3 7432 7461 7429 
3 7462 7458 7428 
3 7433 7462 7428 
3 7458 7462 7459 
3 7459 7462 7463 
3 7459 7463 7435 
3 7431 7459 7435 
3 7461 7432 7436 
3 7464 7461 7436 
3 7462 7433 7438 
3 7463 7462 7438 
3 7440 7463 7438 
3 7463 7440 7435 
3 4326 4284 7450 
3 4327 4326 7450 
3 4327 7450 7465 
3 7465 7450 7452 
3 7452 7466 7465 
3 7454 7466 7452 
3 7468 7467 7466 
3 7468 7466 7457 
3 7457 7466 7454 
3 7467 7468 7469 
3 7468 7457 7460 
3 7460 7461 7471 
3 7468 7460 7471 
3 7468 7471 7470 
3 7468 7470 7469 
3 7471 7461 7464 
3 7474 7472 7473 
3 7474 7473 7475 
3 4371 4327 7465 
3 7476 4371 7465 
3 7465 7477 7476 
3 7466 7477 7465 
3 7477 7466 7467 
3 7478 7477 7467 
3 7467 7479 7478 
3 7469 7479 7467 
3 7479 7469 7470 
3 7480 7479 7470 
3 7472 7474 7481 
3 7481 7474 7475 
3 4418 4371 7476 
3 7476 7477 7483 
3 4418 7476 7483 
3 4418 7483 7482 
3 4418 7482 4419 
3 7482 7483 7484 
3 7483 7477 7478 
3 7478 7479 7486 
3 7483 7478 7486 
3 7483 7486 7485 
3 7483 7485 7484 
3 7486 7479 7480 
3 4462 4461 7487 
3 4461 4465 7487 
3 4419 7482 4464 
3 7482 4466 4464 
3 7482 7484 4466 
3 7484 7488 4466 
3 7488 7484 7485 
3 7489 7488 7485 
3 4504 4462 7487 
3 7490 4504 7487 
3 7490 7487 4465 
3 4506 7490 4465 
3 4507 4466 7491 
3 7491 4466 7488 
3 7491 7488 7489 
3 7492 7491 7489 
3 4552 4504 7490 
3 4554 4553 7493 
3 4552 7490 4506 
3 4553 7494 7493 
3 4553 4507 7494 
3 4507 7491 7494 
3 7492 7495 7496 
3 7492 7496 7491 
3 7491 7496 7494 
3 7496 7495 7497 
3 1197 4554 7493 
3 7498 1197 7493 
3 7499 7493 7494 
3 7499 6453 7493 
3 6453 7498 7493 
3 7500 7499 7494 
3 7496 7500 7494 
3 7500 7496 7497 
3 6430 7502 7501 
3 2417 6430 7501 
3 7502 6430 2423 
3 7503 7502 2423 
3 7506 7504 7505 
3 6432 7508 7507 
3 6431 6432 7507 
3 7505 7507 7506 
3 7505 2453 7507 
3 2453 6431 7507 
3 6433 7509 7510 
3 6433 7510 6432 
3 6432 7510 7508 
3 6433 6435 7509 
3 6437 7512 7511 
3 6436 6437 7511 
3 7509 7511 7510 
3 7509 6438 7511 
3 6438 6436 7511 
3 7509 6435 6438 
3 6440 7514 7513 
3 6439 6440 7513 
3 7513 6437 6439 
3 7512 6437 7513 
3 6441 6442 7515 
3 7515 6440 6441 
3 7515 7516 6440 
3 7516 7514 6440 
3 7517 7515 6442 
3 7517 6442 7518 
3 7518 6442 6444 
3 7515 7517 7516 
3 2483 7519 6447 
3 7518 6444 7520 
3 7520 6444 6449 
3 7523 7522 7521 
3 7521 7522 7524 
3 6447 7519 2488 
3 3530 6161 7525 
3 6452 3530 7525 
3 7525 6449 6452 
3 7520 6449 7525 
3 7523 7526 7522 
3 7527 7522 2493 
3 7527 7524 7522 
3 2493 7522 3534 
3 7526 6163 7522 
3 3534 7522 6163 
3 7501 7502 7528 
3 7528 7502 7503 
3 7531 7529 7530 
3 7531 7530 7532 
3 7535 7533 7534 
3 7506 7534 7533 
3 7506 7533 7504 
3 7504 7533 7536 
3 7534 7507 7508 
3 7534 7508 7535 
3 7535 7508 7537 
3 7534 7506 7507 
3 7540 7538 7539 
3 7538 7510 7539 
3 7538 7537 7510 
3 7537 7508 7510 
3 7539 7511 7512 
3 7539 7512 7540 
3 7540 7512 7541 
3 7539 7510 7511 
3 7514 7543 7542 
3 7513 7514 7542 
3 7542 7512 7513 
3 7541 7512 7542 
3 7543 7514 7544 
3 7544 7514 7516 
3 7518 7546 7545 
3 7517 7518 7545 
3 7545 7516 7517 
3 7544 7516 7545 
3 7549 7548 7547 
3 7552 7550 7551 
3 7550 7520 7551 
3 7550 7546 7520 
3 7546 7518 7520 
3 7523 7553 7554 
3 7521 7553 7523 
3 7549 7555 7548 
3 7549 7521 7555 
3 7549 7553 7521 
3 7524 7555 7521 
3 7551 7525 6161 
3 7551 6161 7552 
3 7552 6161 6198 
3 7551 7520 7525 
3 7526 6202 6200 
3 7526 7523 6202 
3 7523 7554 6202 
3 7524 7527 7555 
3 7526 6200 6163 
3 7558 7556 7557 
3 7560 7558 7557 
3 7559 7560 7557 
3 7562 7560 7559 
3 7561 7562 7559 
3 7561 7529 7531 
3 7561 7531 7562 
3 7562 7531 7563 
3 7532 7564 7565 
3 7532 7565 7531 
3 7531 7565 7563 
3 7533 7535 7566 
3 7536 7533 7566 
3 7536 7566 7568 
3 7567 7565 7564 
3 7569 7566 7535 
3 7569 7535 7570 
3 7570 7535 7537 
3 7566 7571 7568 
3 7569 7571 7566 
3 7574 7572 7573 
3 7540 7573 7572 
3 7540 7572 7538 
3 7538 7572 7575 
3 7575 7537 7538 
3 7570 7537 7575 
3 7577 7574 7573 
3 7576 7577 7573 
3 7573 7541 7576 
3 7540 7541 7573 
3 7576 7542 7543 
3 7576 7543 7577 
3 7577 7543 7578 
3 7576 7541 7542 
3 7578 7543 7579 
3 7579 7543 7544 
3 7582 7581 7580 
3 7546 7584 7583 
3 7545 7546 7583 
3 7583 7544 7545 
3 7579 7544 7583 
3 7587 7586 7585 
3 7581 7549 7547 
3 7582 7549 7581 
3 7582 7586 7549 
3 7582 7585 7586 
3 7550 7552 7588 
3 7588 7546 7550 
3 7588 7589 7546 
3 7589 7584 7546 
3 7586 7554 7553 
3 7586 7587 7554 
3 7587 7590 7554 
3 7586 7553 7549 
3 6237 7588 7552 
3 6198 6237 7552 
3 7589 6237 6240 
3 7588 6237 7589 
3 6241 7590 7591 
3 6241 6202 7590 
3 6202 7554 7590 
3 7591 6242 6241 
3 7594 7592 7593 
3 7593 7595 7594 
3 7556 7558 7596 
3 7597 7596 7558 
3 7597 7558 7598 
3 7598 7558 7560 
3 7598 7560 7599 
3 7599 7560 7562 
3 7601 7600 7599 
3 7601 7599 7563 
3 7563 7599 7562 
3 7602 7601 7563 
3 7565 7602 7563 
3 7605 7603 7604 
3 7607 7604 7603 
3 7607 7603 7606 
3 7602 7565 7567 
3 7610 7608 7609 
3 7604 7569 7570 
3 7605 7604 7570 
3 7605 7570 7609 
3 7605 7609 7608 
3 7607 7569 7604 
3 7571 7569 7607 
3 7574 7612 7611 
3 7572 7574 7611 
3 7609 7611 7610 
3 7609 7575 7611 
3 7575 7572 7611 
3 7609 7570 7575 
3 7612 7574 7613 
3 7613 7574 7577 
3 7615 7614 7613 
3 7615 7613 7578 
3 7578 7613 7577 
3 7614 7615 7616 
3 7619 7618 7617 
3 7620 7615 7578 
3 7579 7620 7578 
3 7616 7620 7621 
3 7615 7620 7616 
3 7624 7623 7622 
3 7618 7582 7580 
3 7619 7582 7618 
3 7619 7623 7582 
3 7619 7622 7623 
3 7584 7626 7625 
3 7583 7584 7625 
3 7579 7627 7620 
3 7579 7583 7627 
3 7583 7625 7627 
3 7620 7627 7621 
3 7623 7587 7585 
3 7623 7624 7587 
3 7624 7628 7587 
3 7623 7585 7582 
3 7631 7629 7630 
3 7629 7589 7630 
3 7629 7626 7589 
3 7626 7584 7589 
3 7633 7628 7632 
3 7633 7590 7628 
3 7590 7587 7628 
3 7632 7634 7633 
3 7631 7630 7635 
3 7630 6280 7635 
3 7630 7589 6280 
3 7589 6240 6280 
3 7633 7591 7590 
3 7591 7633 7634 
3 7591 7634 6242 
3 6242 7634 6281 
3 7592 7594 7636 
3 7637 7638 7639 
3 7636 7594 7595 
3 7638 7640 7639 
3 7597 7598 7641 
3 7642 7641 7598 
3 7599 7642 7598 
3 7642 7599 7600 
3 7603 7605 7643 
3 7643 7645 7644 
3 7643 7644 7603 
3 7603 7644 7606 
3 7610 7647 7646 
3 7608 7610 7646 
3 7605 7648 7643 
3 7605 7608 7648 
3 7608 7646 7648 
3 7643 7648 7645 
3 7611 7612 7649 
3 7649 7610 7611 
3 7649 7650 7610 
3 7650 7647 7610 
3 7651 7649 7612 
3 7613 7651 7612 
3 7650 7651 7652 
3 7649 7651 7650 
3 7651 7613 7614 
3 7614 7616 7654 
3 7651 7614 7654 
3 7651 7654 7653 
3 7651 7653 7652 
3 7653 7656 7655 
3 7654 7656 7653 
3 7619 7655 7656 
3 7619 7617 7655 
3 7617 7657 7655 
3 7658 7654 7616 
3 7658 7616 7659 
3 7659 7616 7621 
3 7660 7624 7658 
3 7660 7661 7624 
3 7658 7624 7654 
3 7622 7656 7624 
3 7654 7624 7656 
3 7656 7622 7619 
3 7660 7662 7661 
3 7626 7664 7663 
3 7625 7626 7663 
3 7663 7665 7625 
3 7625 7665 7627 
3 7665 7621 7627 
3 7659 7621 7665 
3 7666 7624 7661 
3 7628 7624 7666 
3 7662 7667 7666 
3 7661 7662 7666 
3 7629 7631 7668 
3 7668 7626 7629 
3 7668 7669 7626 
3 7669 7664 7626 
3 7632 7672 7671 
3 7632 7628 7672 
3 7670 7672 7666 
3 7666 7672 7628 
3 7670 7666 7667 
3 7671 7634 7632 
3 7668 7631 7635 
3 7635 7669 7668 
3 7635 6280 7669 
3 6280 6298 7669 
3 7672 7673 7671 
3 7671 7673 6307 
3 7671 6307 7634 
3 7634 6307 6281 
3 7637 7639 7674 
3 7674 7639 7640 
3 7675 7644 7645 
3 7675 7645 7676 
3 7646 7647 7677 
3 7677 7679 7678 
3 7677 7678 7646 
3 7646 7678 7648 
3 7678 7681 7648 
3 7678 7682 7681 
3 7648 7681 7645 
3 7680 7676 7681 
3 7645 7681 7676 
3 7683 7677 7647 
3 7683 7647 7684 
3 7684 7647 7650 
3 7677 7683 7679 
3 7682 7685 7681 
3 7687 7686 7684 
3 7687 7684 7652 
3 7652 7684 7650 
3 7686 7689 7688 
3 7687 7689 7686 
3 7688 7691 7690 
3 7689 7691 7688 
3 7687 7652 7653 
3 7653 7655 7689 
3 7653 7689 7687 
3 7691 7689 7655 
3 7657 7691 7655 
3 7694 7692 7693 
3 7692 7695 7693 
3 7658 7659 7696 
3 7696 7697 7660 
3 7696 7660 7658 
3 7660 7697 7662 
3 7693 7663 7664 
3 7693 7664 7694 
3 7694 7664 7698 
3 7693 7665 7663 
3 7693 7700 7665 
3 7693 7695 7700 
3 7699 7665 7700 
3 7659 7665 7699 
3 7659 7699 7696 
3 7696 7699 7701 
3 7696 7701 7697 
3 7697 7701 7702 
3 7697 7702 7667 
3 7662 7697 7667 
3 7705 7703 7704 
3 7703 7669 7704 
3 7703 7698 7669 
3 7698 7664 7669 
3 7700 7706 7699 
3 7699 7707 7701 
3 7706 7707 7699 
3 7707 7708 7672 
3 7707 7672 7702 
3 7707 7702 7701 
3 7670 7702 7672 
3 7702 7670 7667 
3 7705 7704 7709 
3 7704 6316 7709 
3 7704 7669 6316 
3 7669 6298 6316 
3 7673 6321 6320 
3 7673 7672 6321 
3 7672 7708 6321 
3 7673 6320 6307 
3 7712 7710 7711 
3 7712 7711 7713 
3 7676 7714 7675 
3 7678 7679 7715 
3 7676 7680 7714 
3 7678 7715 7682 
3 7684 7717 7716 
3 7683 7684 7716 
3 7679 7683 7716 
3 7679 7716 7718 
3 7679 7718 7715 
3 7718 7716 7719 
3 7685 7682 7715 
3 7685 7715 7720 
3 7720 7715 7718 
3 7717 7684 7686 
3 7721 7717 7686 
3 7718 7719 7721 
3 7718 7721 7688 
3 7688 7721 7686 
3 7720 7718 7688 
3 7690 7720 7688 
3 7692 7694 7722 
3 7692 7722 7695 
3 7723 7722 7694 
3 7723 7694 7724 
3 7724 7694 7698 
3 7722 7723 7725 
3 7722 7725 7695 
3 7695 7725 7700 
3 7705 7727 7726 
3 7703 7705 7726 
3 7726 7698 7703 
3 7724 7698 7726 
3 7725 7706 7700 
3 7728 7706 7725 
3 7730 7729 7728 
3 7728 7729 7707 
3 7728 7707 7706 
3 7729 7708 7707 
3 7727 7705 7709 
3 7731 7727 7709 
3 6322 7709 6316 
3 6322 7732 7709 
3 7732 7731 7709 
3 7732 6323 7733 
3 6322 6323 7732 
3 7733 7729 7730 
3 7733 6323 7729 
3 6323 6324 7729 
3 7729 6324 6321 
3 7708 7729 6321 
3 7710 7712 7734 
3 7734 7712 7713 
3 7716 7717 7735 
3 7716 7735 7719 
3 7735 7717 7721 
3 7735 7721 7719 
3 7723 7724 7736 
3 7736 7725 7723 
3 7726 7727 7737 
3 7724 7726 7737 
3 7724 7737 7736 
3 7736 7737 7738 
3 7728 7725 7736 
3 7728 7736 7739 
3 7739 7736 7738 
3 7739 7730 7728 
3 7737 7727 7731 
3 7738 7737 7731 
3 7732 7738 7731 
3 7739 7738 7732 
3 7733 7739 7732 
3 7739 7733 7730 
3 7742 7740 7741 
3 7742 7741 7743 
3 7746 7744 7745 
3 7748 7746 7745 
3 7747 7748 7745 
3 7747 7740 7742 
3 7747 7742 7748 
3 7748 7742 7749 
3 7749 7742 7743 
3 7750 7749 7743 
3 7746 7752 7751 
3 7744 7746 7751 
3 7752 7746 7753 
3 7753 7746 7748 
3 7753 7748 7754 
3 7754 7748 7749 
3 7754 7749 7750 
3 7755 7754 7750 
3 7751 7752 7756 
3 2560 7756 7752 
3 2560 7752 3582 
3 3582 7752 7753 
3 7757 2583 3582 
3 7757 3582 7754 
3 7754 3582 7753 
3 7757 7754 7755 
3 2415 7759 7758 
3 2413 2415 7758 
3 2413 7758 7760 
3 2416 2413 7760 
3 7501 7761 2417 
3 2417 7761 2418 
3 7761 2415 2418 
3 7759 2415 7761 
3 7760 2419 2416 
3 7762 2419 7760 
3 7762 7763 2419 
3 2419 7763 2420 
3 2420 7763 7764 
3 2422 2420 7764 
3 2423 7765 7503 
3 2425 7765 2423 
3 7764 2426 2422 
3 7766 2426 7764 
3 7768 2427 2426 
3 7768 2426 7767 
3 7767 2426 7766 
3 7767 7769 7768 
3 7765 2425 7770 
3 7770 2425 2428 
3 7768 2429 2427 
3 2429 7772 2430 
3 7768 7772 2429 
3 7768 7771 7772 
3 7768 7769 7771 
3 7771 7773 7772 
3 7770 2428 7774 
3 7774 2428 2431 
3 7772 2432 2430 
3 7773 2432 7772 
3 7773 7775 2432 
3 7775 2433 2432 
3 7777 2435 2433 
3 7777 2433 7776 
3 7776 2433 7775 
3 7776 7778 7779 
3 7777 7776 7779 
3 7778 7780 7779 
3 7782 7781 7774 
3 7782 7774 2437 
3 2437 7774 2431 
3 7781 7782 7783 
3 7777 2438 2435 
3 2438 7784 2440 
3 2438 7777 7784 
3 7777 7779 7784 
3 7780 7785 7786 
3 7780 7786 7779 
3 7779 7786 7784 
3 7785 7787 7788 
3 7786 7785 7788 
3 7787 7789 7788 
3 7791 7505 7504 
3 7791 7504 7790 
3 7782 2437 2441 
3 2441 7783 7782 
3 2441 2442 7783 
3 7790 7783 7791 
3 7791 7783 2442 
3 7784 2443 2440 
3 7786 2443 7784 
3 2444 2443 7786 
3 7788 2444 7786 
3 2446 2444 7788 
3 7789 2446 7788 
3 7789 7792 2446 
3 7792 2448 2446 
3 7792 7793 2448 
3 2448 7793 2450 
3 2450 7793 7794 
3 2452 2450 7794 
3 7791 2453 7505 
3 2455 2453 7791 
3 7791 2442 2455 
3 7794 2456 2452 
3 7795 2456 7794 
3 2456 7795 7796 
3 2458 2456 7796 
3 7796 2459 2458 
3 3893 2459 7796 
3 7799 7798 7797 
3 7797 7798 7800 
3 2463 7801 7802 
3 2462 7801 2463 
3 7804 2464 7803 
3 7804 7801 2464 
3 7801 2462 2464 
3 2464 2466 7803 
3 7807 7806 7805 
3 7805 7806 7808 
3 7811 7810 7809 
3 7798 2468 2467 
3 7799 2468 7798 
3 7799 7810 2468 
3 7799 7809 7810 
3 7800 7798 2467 
3 7800 2467 7812 
3 7812 2467 2469 
3 7812 2469 7813 
3 2469 2470 7813 
3 7813 2470 7814 
3 2470 2471 7814 
3 7814 2471 2463 
3 7802 7814 2463 
3 7804 7803 7815 
3 7803 2466 2472 
3 7803 2472 7815 
3 7815 2472 7816 
3 7806 7807 7816 
3 7806 7816 2473 
3 2473 7816 2472 
3 7808 7806 2473 
3 7808 2473 7817 
3 7817 2473 2474 
3 7819 2474 2475 
3 7819 7818 2474 
3 7818 7817 2474 
3 7818 7819 7820 
3 2478 7821 7822 
3 2476 7821 2478 
3 7810 7811 7821 
3 7810 7821 2479 
3 2479 7821 2476 
3 7810 2479 2468 
3 7819 2475 2480 
3 7820 7819 2480 
3 7820 2480 7823 
3 7823 2480 2481 
3 7825 2481 2482 
3 7825 7824 2481 
3 7824 7823 2481 
3 7824 7825 7826 
3 7519 2483 2478 
3 7519 2478 7827 
3 7827 2478 7822 
3 7825 2482 2485 
3 7826 7825 2485 
3 7826 2485 7828 
3 7828 2485 2486 
3 3907 2486 2487 
3 3907 3906 2486 
3 3906 7828 2486 
3 2488 7519 7827 
3 2488 7827 2490 
3 2490 7827 7829 
3 3907 2487 2491 
3 7527 2493 2490 
3 7829 7527 2490 
3 7832 7830 7831 
3 7759 7831 7830 
3 7759 7830 7758 
3 7758 7830 7833 
3 7835 7760 7758 
3 7835 7758 7834 
3 7834 7758 7833 
3 7834 7836 7835 
3 7528 7837 7832 
3 7528 7832 7761 
3 7528 7761 7501 
3 7761 7832 7831 
3 7831 7759 7761 
3 7835 7762 7760 
3 7836 7762 7835 
3 7836 7838 7762 
3 7838 7763 7762 
3 7840 7764 7763 
3 7840 7763 7839 
3 7839 7763 7838 
3 7839 7841 7840 
3 7503 7837 7528 
3 7503 7765 7837 
3 7765 7842 7837 
3 7840 7766 7764 
3 7841 7766 7840 
3 7841 7843 7766 
3 7843 7767 7766 
3 7845 7769 7767 
3 7845 7767 7844 
3 7844 7767 7843 
3 7844 7846 7847 
3 7845 7844 7847 
3 7846 7848 7847 
3 7842 7765 7849 
3 7849 7765 7770 
3 7845 7771 7769 
3 7771 7850 7773 
3 7771 7845 7850 
3 7845 7847 7850 
3 7848 7851 7852 
3 7848 7852 7847 
3 7847 7852 7850 
3 7851 7853 7854 
3 7852 7851 7854 
3 7853 7855 7854 
3 7529 7774 7530 
3 7529 7849 7774 
3 7849 7770 7774 
3 7850 7775 7773 
3 7852 7775 7850 
3 7776 7775 7852 
3 7854 7776 7852 
3 7778 7776 7854 
3 7778 7857 7780 
3 7854 7857 7778 
3 7854 7856 7857 
3 7854 7855 7856 
3 7856 7858 7857 
3 7860 7781 7859 
3 7532 7781 7860 
3 7532 7774 7781 
3 7532 7530 7774 
3 7781 7783 7859 
3 7857 7785 7780 
3 7858 7785 7857 
3 7858 7861 7785 
3 7861 7787 7785 
3 7787 7861 7862 
3 7789 7787 7862 
3 7859 7536 7860 
3 7859 7790 7536 
3 7790 7504 7536 
3 7859 7783 7790 
3 7862 7792 7789 
3 7863 7792 7862 
3 7865 7864 7793 
3 7865 7793 7863 
3 7863 7793 7792 
3 7793 7864 7794 
3 7865 7866 7864 
3 7868 7867 7795 
3 7866 7868 7795 
3 7866 7795 7794 
3 7866 7794 7864 
3 7795 7867 7796 
3 7868 7869 7867 
3 7867 3893 7796 
3 7867 7869 3893 
3 7869 3929 3893 
3 7797 7870 7799 
3 7797 7800 7870 
3 7801 7871 7802 
3 7873 7801 7804 
3 7873 7872 7801 
3 7871 7801 7874 
3 7874 7801 7872 
3 7872 7873 7875 
3 7807 7876 7877 
3 7805 7876 7807 
3 7879 7805 7808 
3 7879 7878 7805 
3 7878 7876 7805 
3 7878 7879 7880 
3 7809 7881 7811 
3 7799 7881 7809 
3 7799 7870 7881 
3 7870 7882 7881 
3 7800 7882 7870 
3 7800 7883 7882 
3 7800 7812 7883 
3 7884 7882 7883 
3 7886 7813 7885 
3 7886 7883 7813 
3 7883 7812 7813 
3 7885 7887 7888 
3 7885 7813 7887 
3 7813 7814 7887 
3 7802 7871 7889 
3 7802 7889 7814 
3 7814 7889 7887 
3 7871 7874 7889 
3 7804 7815 7873 
3 7875 7873 7815 
3 7875 7815 7890 
3 7890 7815 7816 
3 7890 7816 7807 
3 7877 7890 7807 
3 7879 7808 7817 
3 7880 7879 7817 
3 7880 7817 7891 
3 7891 7817 7818 
3 7893 7818 7820 
3 7893 7892 7818 
3 7892 7891 7818 
3 7892 7895 7894 
3 7893 7895 7892 
3 7894 7895 7896 
3 7821 7897 7822 
3 7897 7898 7899 
3 7821 7898 7897 
3 7821 7881 7898 
3 7821 7811 7881 
3 7881 7882 7900 
3 7898 7881 7900 
3 7882 7884 7900 
3 7886 7885 7901 
3 7885 7888 7901 
3 7893 7820 7823 
3 7895 7893 7823 
3 7824 7895 7823 
3 7824 7896 7895 
3 7824 7826 7896 
3 7826 7902 7896 
3 7548 7903 7547 
3 7548 7822 7903 
3 7548 7827 7822 
3 7897 7903 7822 
3 7897 7899 7903 
3 7902 7826 7828 
3 7904 7902 7828 
3 7904 7828 3949 
3 7828 3906 3949 
3 7548 7555 7829 
3 7827 7548 7829 
3 7555 7527 7829 
3 7907 7905 7906 
3 7905 7908 7906 
3 7832 7910 7909 
3 7830 7832 7909 
3 7906 7909 7907 
3 7906 7833 7909 
3 7833 7830 7909 
3 7908 7833 7906 
3 7908 7911 7833 
3 7911 7834 7833 
3 7913 7836 7834 
3 7913 7834 7912 
3 7912 7834 7911 
3 7912 7914 7913 
3 7556 7837 7557 
3 7556 7910 7837 
3 7910 7832 7837 
3 7913 7838 7836 
3 7914 7838 7913 
3 7914 7915 7838 
3 7915 7839 7838 
3 7839 7915 7916 
3 7841 7839 7916 
3 7557 7842 7559 
3 7837 7842 7557 
3 7916 7843 7841 
3 7917 7843 7916 
3 7917 7918 7843 
3 7843 7918 7844 
3 7918 7919 7844 
3 7844 7919 7846 
3 7921 7848 7846 
3 7921 7846 7920 
3 7920 7846 7919 
3 7920 7922 7921 
3 7559 7849 7561 
3 7842 7849 7559 
3 7921 7851 7848 
3 7922 7851 7921 
3 7922 7923 7851 
3 7923 7853 7851 
3 7853 7923 7924 
3 7855 7853 7924 
3 7561 7849 7529 
3 7924 7856 7855 
3 7925 7856 7924 
3 7856 7925 7926 
3 7858 7856 7926 
3 7532 7860 7564 
3 7926 7861 7858 
3 7927 7861 7926 
3 7861 7927 7928 
3 7862 7861 7928 
3 7568 7860 7536 
3 7568 7929 7860 
3 7564 7860 7567 
3 7567 7860 7929 
3 7928 7863 7862 
3 7930 7863 7928 
3 7863 7930 7931 
3 7865 7863 7931 
3 7568 7571 7929 
3 7866 7933 7932 
3 7866 7865 7933 
3 7865 7931 7933 
3 7866 7932 7868 
3 7933 7934 7932 
3 7932 7869 7868 
3 7932 7934 7869 
3 7934 7935 7869 
3 7936 3972 3929 
3 7936 3929 7935 
3 7935 3929 7869 
3 7939 7938 7937 
3 7874 7937 7938 
3 7874 7872 7937 
3 7872 7940 7937 
3 7942 7872 7875 
3 7942 7941 7872 
3 7941 7940 7872 
3 7877 7941 7942 
3 7877 7876 7941 
3 7876 7943 7941 
3 7943 7876 7944 
3 7876 7878 7944 
3 7946 7878 7880 
3 7946 7945 7878 
3 7945 7944 7878 
3 7945 7948 7947 
3 7946 7948 7945 
3 7947 7948 7949 
3 7952 7951 7950 
3 3973 7951 7953 
3 3973 3972 7951 
3 7950 7951 7936 
3 7936 7951 3972 
3 7956 7955 7954 
3 7884 7954 7955 
3 7884 7883 7954 
3 7883 7957 7954 
3 7959 7883 7886 
3 7959 7958 7883 
3 7958 7957 7883 
3 7888 7958 7959 
3 7888 7887 7958 
3 7887 7960 7958 
3 7938 7939 7960 
3 7938 7960 7889 
3 7889 7960 7887 
3 7938 7889 7874 
3 7942 7875 7890 
3 7942 7890 7877 
3 7946 7880 7891 
3 7948 7946 7891 
3 7892 7948 7891 
3 7949 7948 7892 
3 7949 7892 7961 
3 7961 7892 7894 
3 7963 7951 7896 
3 7963 7962 7951 
3 7896 7951 7894 
3 7952 7961 7951 
3 7894 7951 7961 
3 7951 7962 7953 
3 7580 7581 7964 
3 7899 7965 7966 
3 7898 7965 7899 
3 7955 7956 7965 
3 7955 7965 7900 
3 7900 7965 7898 
3 7955 7900 7884 
3 7959 7886 7901 
3 7959 7901 7888 
3 7968 7967 7963 
3 7968 7963 7902 
3 7902 7963 7896 
3 7967 7968 7969 
3 7964 7581 7547 
3 7964 7547 7970 
3 7970 7547 7903 
3 7970 7903 7899 
3 7966 7970 7899 
3 7968 7902 7904 
3 7969 7968 7904 
3 7969 7904 3989 
3 3989 7904 3949 
3 7907 7972 7971 
3 7905 7907 7971 
3 7905 7971 7973 
3 7908 7905 7973 
3 7910 7593 7592 
3 7910 7592 7909 
3 7909 7592 7974 
3 7974 7907 7909 
3 7972 7907 7974 
3 7973 7911 7908 
3 7975 7911 7973 
3 7975 7976 7911 
3 7911 7976 7912 
3 7912 7976 7977 
3 7914 7912 7977 
3 7596 7910 7556 
3 7596 7978 7910 
3 7593 7910 7595 
3 7595 7910 7978 
3 7977 7915 7914 
3 7979 7915 7977 
3 7981 7916 7915 
3 7981 7915 7980 
3 7980 7915 7979 
3 7980 7982 7983 
3 7981 7980 7983 
3 7982 7984 7983 
3 7596 7597 7978 
3 7981 7917 7916 
3 7983 7917 7981 
3 7918 7917 7983 
3 7984 7918 7983 
3 7984 7985 7918 
3 7985 7919 7918 
3 7987 7986 7920 
3 7987 7920 7985 
3 7985 7920 7919 
3 7920 7986 7922 
3 7987 7988 7986 
3 7986 7923 7922 
3 7986 7988 7923 
3 7988 7989 7923 
3 7923 7989 7990 
3 7924 7923 7990 
3 7600 7601 7991 
3 7990 7925 7924 
3 7992 7925 7990 
3 7925 7992 7993 
3 7926 7925 7993 
3 7991 7602 7994 
3 7601 7602 7991 
3 7993 7927 7926 
3 7995 7927 7993 
3 7927 7995 7996 
3 7928 7927 7996 
3 7602 7567 7929 
3 7602 7929 7998 
3 7602 7998 7994 
3 7997 7994 7998 
3 7606 7999 7607 
3 7997 8001 8000 
3 7998 8001 7997 
3 8000 8001 8002 
3 7930 8004 8003 
3 7930 7928 8004 
3 7928 7996 8004 
3 7930 8003 7931 
3 7929 8005 7998 
3 7929 7571 8005 
3 7999 8005 7607 
3 7607 8005 7571 
3 7998 8006 8001 
3 8005 8006 7998 
3 8001 8006 8002 
3 8008 8003 8004 
3 8007 8003 8008 
3 8003 8007 7933 
3 7931 8003 7933 
3 8011 8010 8009 
3 8009 8013 8012 
3 8010 8013 8009 
3 8012 8015 8014 
3 8013 8015 8012 
3 8014 8017 8016 
3 8015 8017 8014 
3 8016 8007 8008 
3 8016 8017 8007 
3 8017 8018 8007 
3 7934 7933 8007 
3 7934 8007 8019 
3 8019 8007 8018 
3 7935 7934 8019 
3 8020 7935 8019 
3 7935 8020 7936 
3 7939 8021 8022 
3 7937 8021 7939 
3 8021 7937 8023 
3 7937 7940 8023 
3 8010 8011 8023 
3 8010 8023 7941 
3 7941 8023 7940 
3 8013 8010 7941 
3 7943 8013 7941 
3 8015 8013 7943 
3 7944 8015 7943 
3 8017 8015 7944 
3 7945 8017 7944 
3 8018 8017 7945 
3 7947 8018 7945 
3 7947 7949 8024 
3 7947 8024 8018 
3 8018 8024 8019 
3 7952 7950 8020 
3 7952 8020 8024 
3 8024 8020 8019 
3 7950 7936 8020 
3 7953 4018 3973 
3 7617 7618 8025 
3 8028 8027 8026 
3 7956 8026 8027 
3 7956 7954 8026 
3 7954 8029 8026 
3 8029 7954 8030 
3 7954 7957 8030 
3 8030 7957 8031 
3 7957 7958 8031 
3 8031 7958 8032 
3 7958 7960 8032 
3 8032 7960 7939 
3 8022 8032 7939 
3 8024 7949 7961 
3 7961 7952 8024 
3 7963 8033 7962 
3 7953 7962 8033 
3 7953 8033 4018 
3 4018 8033 4026 
3 7580 7964 8035 
3 7618 7580 8035 
3 7618 8035 8034 
3 7618 8034 8025 
3 8027 7966 7965 
3 8028 7966 8027 
3 8028 8035 7966 
3 8028 8034 8035 
3 8027 7965 7956 
3 8033 7963 7967 
3 7967 7969 4034 
3 7967 4034 8033 
3 8033 4034 4026 
3 8035 7964 7970 
3 8035 7970 7966 
3 4034 7969 3989 
3 7972 8037 8036 
3 7971 7972 8036 
3 8039 7973 7971 
3 8039 7971 8038 
3 8038 7971 8036 
3 8038 8040 8039 
3 7636 8042 8041 
3 7636 8041 7592 
3 7592 8041 7974 
3 8041 7972 7974 
3 8037 7972 8041 
3 8039 7975 7973 
3 8040 7975 8039 
3 8040 8043 7975 
3 8043 7976 7975 
3 7976 8043 8044 
3 7977 7976 8044 
3 7595 8042 7636 
3 7595 7978 8042 
3 7637 8042 7638 
3 7638 8042 7978 
3 8044 7979 7977 
3 8045 7979 8044 
3 8045 8046 7979 
3 7979 8046 7980 
3 8046 8047 7980 
3 7980 8047 7982 
3 8049 7984 7982 
3 8049 7982 8048 
3 8048 7982 8047 
3 8048 8050 8049 
3 7641 7978 7597 
3 7641 8051 7978 
3 7638 7978 7640 
3 7640 7978 8051 
3 8049 7985 7984 
3 7985 8049 8050 
3 7985 8050 7987 
3 7987 8050 8052 
3 8051 8054 8053 
3 8051 7641 8054 
3 7641 7642 8054 
3 8053 8054 8055 
3 8052 7988 7987 
3 8056 7988 8052 
3 8058 8057 7989 
3 8058 7989 8056 
3 8056 7989 7988 
3 7989 8057 7990 
3 7600 7991 8059 
3 7600 8059 7642 
3 7642 8059 8054 
3 8055 8059 8060 
3 8054 8059 8055 
3 8058 8061 8057 
3 8063 8062 7992 
3 8061 8063 7992 
3 8061 7992 7990 
3 8061 7990 8057 
3 7992 8062 7993 
3 8064 8059 7991 
3 7994 8064 7991 
3 8060 8064 8065 
3 8059 8064 8060 
3 8063 8066 8062 
3 8068 8067 7995 
3 8066 8068 7995 
3 8066 7995 7993 
3 8066 7993 8062 
3 7995 8067 7996 
3 7994 7997 8064 
3 7606 8069 7999 
3 7606 7644 8069 
3 8069 8070 7999 
3 8070 8065 8071 
3 8070 8069 8065 
3 8071 8065 8000 
3 8064 7997 8065 
3 8000 8065 7997 
3 8000 8002 8071 
3 8073 8067 8068 
3 8072 8067 8073 
3 8067 8072 8004 
3 7996 8067 8004 
3 8070 8005 7999 
3 8071 8005 8070 
3 8006 8005 8071 
3 8071 8002 8006 
3 8076 8075 8074 
3 8074 8072 8073 
3 8074 8075 8072 
3 8075 8077 8072 
3 8072 8077 8008 
3 8004 8072 8008 
3 8011 8078 8079 
3 8009 8078 8011 
3 8078 8009 8080 
3 8009 8012 8080 
3 8075 8076 8080 
3 8075 8080 8014 
3 8014 8080 8012 
3 8077 8075 8014 
3 8016 8077 8014 
3 8077 8016 8008 
3 8083 8082 8081 
3 8081 8082 8084 
3 8087 8086 8085 
3 8085 8086 8088 
3 8022 8089 8090 
3 8021 8089 8022 
3 8089 8021 8091 
3 8021 8023 8091 
3 8091 8023 8011 
3 8079 8091 8011 
3 8083 8092 8082 
3 8083 7617 8092 
3 8083 7657 7617 
3 8025 8092 7617 
3 8084 8026 8093 
3 8084 8092 8026 
3 8084 8082 8092 
3 8092 8028 8026 
3 8093 8026 8094 
3 8026 8029 8094 
3 8086 8087 8094 
3 8086 8094 8030 
3 8030 8094 8029 
3 8088 8086 8030 
3 8088 8030 8095 
3 8095 8030 8031 
3 8095 8031 8096 
3 8031 8032 8096 
3 8096 8032 8022 
3 8090 8096 8022 
3 8092 8025 8034 
3 8092 8034 8028 
3 8037 8098 8097 
3 8036 8037 8097 
3 8097 8099 8036 
3 8036 8099 8038 
3 8101 8040 8038 
3 8101 8038 8100 
3 8100 8038 8099 
3 8100 8102 8101 
3 8042 8104 8103 
3 8041 8042 8103 
3 8103 8037 8041 
3 8098 8037 8103 
3 8101 8043 8040 
3 8043 8106 8044 
3 8101 8106 8043 
3 8101 8105 8106 
3 8101 8102 8105 
3 8105 8107 8106 
3 7674 8042 7637 
3 7674 8108 8042 
3 8108 8104 8042 
3 8106 8045 8044 
3 8107 8045 8106 
3 8107 8109 8045 
3 8109 8046 8045 
3 8109 8110 8046 
3 8046 8110 8047 
3 8112 8111 8048 
3 8112 8048 8110 
3 8110 8048 8047 
3 8048 8111 8050 
3 7640 8108 7674 
3 7640 8051 8108 
3 8051 8113 8108 
3 8112 8114 8111 
3 8111 8114 8115 
3 8111 8115 8050 
3 8050 8115 8052 
3 8113 8051 8053 
3 8116 8113 8053 
3 8053 8117 8116 
3 8055 8117 8053 
3 8115 8056 8052 
3 8118 8056 8115 
3 8056 8118 8119 
3 8058 8056 8119 
3 8117 8055 8120 
3 8120 8055 8060 
3 8119 8061 8058 
3 8121 8061 8119 
3 8061 8121 8122 
3 8063 8061 8122 
3 8120 8060 8123 
3 8123 8060 8065 
3 8066 8125 8124 
3 8066 8063 8125 
3 8063 8122 8125 
3 8066 8124 8068 
3 8127 8126 8069 
3 8127 8069 7675 
3 7675 8069 7644 
3 8128 8123 8065 
3 8128 8065 8126 
3 8128 8126 8129 
3 8069 8126 8065 
3 8128 8129 8130 
3 8132 8124 8125 
3 8131 8124 8132 
3 8124 8131 8073 
3 8068 8124 8073 
3 8133 7681 8134 
3 8133 8126 7681 
3 7680 7681 8127 
3 8127 7681 8126 
3 8126 8135 8129 
3 8133 8135 8126 
3 8138 8129 8135 
3 8138 8137 8129 
3 8130 8129 8136 
3 8136 8129 8137 
3 8136 8137 8139 
3 8131 8076 8074 
3 8131 8132 8076 
3 8132 8140 8076 
3 8131 8074 8073 
3 7681 7685 8134 
3 8138 8141 8137 
3 8137 8141 8139 
3 8144 8143 8142 
3 8142 8146 8145 
3 8143 8146 8142 
3 8079 8145 8146 
3 8079 8078 8145 
3 8078 8147 8145 
3 8147 8078 8148 
3 8078 8080 8148 
3 8148 8080 8076 
3 8140 8148 8076 
3 8083 7690 7691 
3 8083 8081 7690 
3 8081 8149 7690 
3 8151 8081 8084 
3 8151 8150 8081 
3 8150 8149 8081 
3 8150 8151 8152 
3 8085 8153 8087 
3 8085 8088 8153 
3 8143 8090 8089 
3 8143 8144 8090 
3 8144 8154 8090 
3 8146 8143 8089 
3 8091 8146 8089 
3 8146 8091 8079 
3 7691 7657 8083 
3 8151 8084 8093 
3 8152 8151 8093 
3 8152 8093 8155 
3 8155 8093 8094 
3 8087 8153 8156 
3 8087 8156 8094 
3 8094 8156 8155 
3 8153 8088 8095 
3 8153 8095 8156 
3 8156 8095 8157 
3 8157 8095 8158 
3 8095 8096 8158 
3 8158 8096 8090 
3 8154 8158 8090 
3 8098 8160 8159 
3 8097 8098 8159 
3 8159 8161 8097 
3 8097 8161 8099 
3 8161 8162 8099 
3 8099 8162 8100 
3 8100 8162 8163 
3 8102 8100 8163 
3 8104 8165 8164 
3 8103 8104 8164 
3 8164 8098 8103 
3 8160 8098 8164 
3 8163 8105 8102 
3 8166 8105 8163 
3 8105 8166 8167 
3 8107 8105 8167 
3 7710 8108 7711 
3 7710 8165 8108 
3 8165 8104 8108 
3 8167 8109 8107 
3 8168 8109 8167 
3 8168 8169 8109 
3 8109 8169 8110 
3 8110 8169 8170 
3 8112 8110 8170 
3 7711 8171 7713 
3 7711 8108 8171 
3 8108 8113 8171 
3 8170 8114 8112 
3 8172 8114 8170 
3 8114 8172 8173 
3 8115 8114 8173 
3 8171 8113 8116 
3 8174 8171 8116 
3 8116 8175 8174 
3 8117 8175 8116 
3 8118 8177 8176 
3 8118 8115 8177 
3 8115 8173 8177 
3 8118 8176 8119 
3 8175 8117 8178 
3 8178 8117 8120 
3 8181 8180 8179 
3 8179 8180 8182 
3 8177 8183 8176 
3 8185 8184 8121 
3 8183 8185 8121 
3 8183 8121 8119 
3 8183 8119 8176 
3 8121 8184 8122 
3 8187 8186 8178 
3 8187 8178 8123 
3 8123 8178 8120 
3 8186 8187 8188 
3 8190 8180 8181 
3 8189 8180 8190 
3 8182 8189 8191 
3 8180 8189 8182 
3 8193 8184 8185 
3 8192 8184 8193 
3 8184 8192 8125 
3 8122 8184 8125 
3 7675 7714 8127 
3 8194 8195 8196 
3 8187 8123 8128 
3 8128 8188 8187 
3 8128 8130 8188 
3 8194 8188 8195 
3 8195 8188 8130 
3 8199 8198 8197 
3 8200 8198 8201 
3 8200 8189 8198 
3 8197 8198 8190 
3 8190 8198 8189 
3 8189 8200 8191 
3 8193 8202 8192 
3 8192 8202 8203 
3 8192 8203 8125 
3 8125 8203 8132 
3 7680 8127 7714 
3 8134 8204 8133 
3 8135 8133 8204 
3 8135 8204 8206 
3 8205 8196 8195 
3 8205 8195 8130 
3 8205 8130 8136 
3 8205 8136 8208 
3 8207 8208 8136 
3 8206 8138 8135 
3 8210 8136 8199 
3 8210 8207 8136 
3 8199 8136 8198 
3 8139 8209 8136 
3 8198 8136 8209 
3 8201 8209 8211 
3 8198 8209 8201 
3 8214 8213 8212 
3 8212 8216 8215 
3 8213 8216 8212 
3 8215 8218 8217 
3 8216 8218 8215 
3 8217 8218 8140 
3 8217 8140 8203 
3 8203 8140 8132 
3 8134 7685 7720 
3 8134 7720 8204 
3 8204 7720 8219 
3 8220 8219 8221 
3 8220 8206 8219 
3 8206 8204 8219 
3 8207 8220 8208 
3 8207 8141 8220 
3 8206 8220 8138 
3 8138 8220 8141 
3 8139 8222 8209 
3 8139 8141 8222 
3 8210 8222 8207 
3 8207 8222 8141 
3 8225 8209 8222 
3 8225 8224 8209 
3 8211 8209 8223 
3 8223 8209 8224 
3 8223 8224 8226 
3 8144 8227 8228 
3 8142 8227 8144 
3 8213 8214 8227 
3 8213 8227 8145 
3 8145 8227 8142 
3 8216 8213 8145 
3 8147 8216 8145 
3 8218 8216 8147 
3 8148 8218 8147 
3 8218 8148 8140 
3 8219 7720 7690 
3 8149 8219 7690 
3 8219 8149 8150 
3 8219 8150 8230 
3 8219 8230 8221 
3 8229 8230 8150 
3 8150 8152 8229 
3 8232 8224 8225 
3 8231 8224 8232 
3 8226 8234 8233 
3 8226 8224 8234 
3 8224 8231 8234 
3 8233 8234 8228 
3 8228 8234 8154 
3 8228 8154 8144 
3 8230 8229 8235 
3 8229 8152 8155 
3 8229 8155 8235 
3 8235 8155 8236 
3 8236 8155 8237 
3 8155 8156 8237 
3 8231 8232 8237 
3 8231 8237 8157 
3 8157 8237 8156 
3 8234 8231 8157 
3 8158 8234 8157 
3 8234 8158 8154 
3 8160 8239 8238 
3 8159 8160 8238 
3 8238 8240 8159 
3 8159 8240 8161 
3 8240 8241 8161 
3 8161 8241 8162 
3 8162 8241 8242 
3 8163 8162 8242 
3 8165 8244 8243 
3 8164 8165 8243 
3 8243 8160 8164 
3 8239 8160 8243 
3 8242 8166 8163 
3 8245 8166 8242 
3 8166 8245 8246 
3 8167 8166 8246 
3 7734 8165 7710 
3 7734 8247 8165 
3 8247 8244 8165 
3 8246 8168 8167 
3 8248 8168 8246 
3 8248 8249 8168 
3 8168 8249 8169 
3 8169 8249 8250 
3 8170 8169 8250 
3 7713 8247 7734 
3 7713 8171 8247 
3 8171 8251 8247 
3 8172 8253 8252 
3 8172 8170 8253 
3 8170 8250 8253 
3 8172 8252 8173 
3 8251 8171 8174 
3 8254 8251 8174 
3 8174 8255 8254 
3 8175 8255 8174 
3 8257 8252 8253 
3 8256 8252 8257 
3 8252 8256 8177 
3 8173 8252 8177 
3 8255 8175 8258 
3 8258 8175 8178 
3 8181 8259 8260 
3 8179 8259 8181 
3 8262 8179 8182 
3 8262 8261 8179 
3 8261 8259 8179 
3 8261 8264 8263 
3 8262 8264 8261 
3 8265 8264 8266 
3 8265 8256 8264 
3 8263 8264 8257 
3 8257 8264 8256 
3 8268 8267 8183 
3 8265 8268 8183 
3 8265 8183 8177 
3 8265 8177 8256 
3 8183 8267 8185 
3 8258 8178 8186 
3 8269 8258 8186 
3 8271 8186 8188 
3 8271 8270 8186 
3 8270 8269 8186 
3 8270 8273 8272 
3 8271 8273 8270 
3 8272 8273 8190 
3 8272 8190 8260 
3 8260 8190 8181 
3 8274 8262 8182 
3 8191 8274 8182 
3 8275 8274 8276 
3 8275 8264 8274 
3 8264 8262 8274 
3 8264 8275 8266 
3 8268 8277 8267 
3 8267 8193 8185 
3 8267 8278 8193 
3 8267 8277 8278 
3 8278 8279 8193 
3 8278 8280 8279 
3 8194 8196 8281 
3 8188 8194 8281 
3 8188 8281 8271 
3 8271 8281 8282 
3 8199 8197 8273 
3 8199 8273 8282 
3 8282 8273 8271 
3 8197 8190 8273 
3 8201 8283 8200 
3 8191 8200 8283 
3 8191 8283 8274 
3 8274 8283 8284 
3 8276 8284 8285 
3 8274 8284 8276 
3 8202 8288 8287 
3 8202 8193 8288 
3 8286 8288 8279 
3 8279 8288 8193 
3 8286 8279 8280 
3 8287 8203 8202 
3 8281 8196 8205 
3 8289 8282 8281 
3 8289 8281 8208 
3 8289 8208 8290 
3 8208 8281 8205 
3 8282 8210 8199 
3 8282 8291 8210 
3 8282 8289 8291 
3 8291 8292 8210 
3 8292 8291 8293 
3 8292 8293 8201 
3 8292 8201 8211 
3 8283 8201 8293 
3 8283 8294 8284 
3 8293 8294 8283 
3 8297 8284 8294 
3 8297 8296 8284 
3 8285 8284 8295 
3 8295 8284 8296 
3 8214 8295 8296 
3 8214 8212 8295 
3 8212 8298 8295 
3 8298 8212 8299 
3 8212 8215 8299 
3 8287 8288 8299 
3 8287 8299 8217 
3 8217 8299 8215 
3 8287 8217 8203 
3 8220 8221 8300 
3 8300 8208 8220 
3 8300 8301 8208 
3 8301 8290 8208 
3 8292 8222 8210 
3 8225 8292 8303 
3 8225 8222 8292 
3 8303 8292 8302 
3 8211 8223 8292 
3 8302 8292 8223 
3 8223 8304 8302 
3 8226 8304 8223 
3 8296 8228 8227 
3 8296 8297 8228 
3 8297 8305 8228 
3 8296 8227 8214 
3 8308 8306 8307 
3 8307 8306 8309 
3 8307 8309 8221 
3 8307 8221 8230 
3 8300 8221 8309 
3 8300 8309 8301 
3 8303 8310 8225 
3 8310 8232 8225 
3 8304 8226 8233 
3 8311 8304 8233 
3 8228 8305 8311 
3 8228 8311 8233 
3 8308 8307 8312 
3 8307 8230 8235 
3 8307 8235 8312 
3 8312 8235 8313 
3 8313 8235 8314 
3 8235 8236 8314 
3 8314 8236 8315 
3 8236 8237 8315 
3 8315 8237 8232 
3 8310 8315 8232 
3 8318 8316 8317 
3 7131 8238 8239 
3 7132 7131 8239 
3 7132 8239 8317 
3 7132 8317 8316 
3 7134 8238 7131 
3 8240 8238 7134 
3 7135 8240 7134 
3 7135 8319 8240 
3 8319 8241 8240 
3 8321 8242 8241 
3 8321 8241 8320 
3 8320 8241 8319 
3 8320 8322 8321 
3 8317 8243 8244 
3 8317 8244 8318 
3 8318 8244 8323 
3 8317 8239 8243 
3 8321 8245 8242 
3 8245 8321 8322 
3 8245 8322 8246 
3 8246 8322 8324 
3 8323 8244 8325 
3 8325 8244 8247 
3 8324 8248 8246 
3 8326 8248 8324 
3 8326 8327 8248 
3 8248 8327 8249 
3 8249 8327 8328 
3 8250 8249 8328 
3 8325 8247 8329 
3 8329 8247 8251 
3 8332 8331 8330 
3 8330 8331 8253 
3 8330 8253 8328 
3 8328 8253 8250 
3 8329 8251 8254 
3 8333 8329 8254 
3 8254 8334 8333 
3 8255 8334 8254 
3 8337 8336 8335 
3 8335 8339 8338 
3 8336 8339 8335 
3 8338 8331 8332 
3 8338 8339 8331 
3 8339 8340 8331 
3 8331 8340 8257 
3 8253 8331 8257 
3 8342 8341 8334 
3 8342 8334 8258 
3 8258 8334 8255 
3 8341 8344 8343 
3 8342 8344 8341 
3 8343 8346 8345 
3 8344 8346 8343 
3 8336 8260 8259 
3 8337 8260 8336 
3 8337 8346 8260 
3 8337 8345 8346 
3 8339 8336 8259 
3 8261 8339 8259 
3 8340 8339 8261 
3 8263 8340 8261 
3 8263 8257 8340 
3 8266 8347 8265 
3 8265 8347 8268 
3 8342 8258 8269 
3 8344 8342 8269 
3 8270 8344 8269 
3 8346 8344 8270 
3 8272 8346 8270 
3 8346 8272 8260 
3 8275 8276 8348 
3 8266 8275 8348 
3 8266 8348 8347 
3 8347 8348 8349 
3 8268 8347 8349 
3 8268 8349 8350 
3 8268 8350 8277 
3 8351 8350 8349 
3 8350 8352 8277 
3 8277 8352 8278 
3 8278 8352 8353 
3 8280 8278 8353 
3 8354 8348 8276 
3 8285 8354 8276 
3 8355 8354 8356 
3 8355 8349 8354 
3 8349 8348 8354 
3 8359 8349 8355 
3 8359 8358 8349 
3 8351 8349 8357 
3 8357 8349 8358 
3 8288 8357 8358 
3 8288 8286 8357 
3 8286 8360 8357 
3 8360 8286 8280 
3 8353 8360 8280 
3 8361 8289 8290 
3 8361 8363 8362 
3 8361 8362 8289 
3 8289 8362 8291 
3 8365 8364 8293 
3 8365 8293 8362 
3 8362 8293 8291 
3 8294 8293 8364 
3 8366 8294 8364 
3 8285 8295 8354 
3 8294 8366 8297 
3 8356 8354 8295 
3 8356 8295 8367 
3 8367 8295 8298 
3 8358 8359 8367 
3 8358 8367 8299 
3 8299 8367 8298 
3 8358 8299 8288 
3 8290 8301 8368 
3 8290 8368 8361 
3 8363 8370 8369 
3 8363 8361 8370 
3 8361 8368 8370 
3 8364 8303 8302 
3 8365 8303 8364 
3 8365 8370 8303 
3 8365 8369 8370 
3 8302 8304 8371 
3 8302 8371 8364 
3 8364 8371 8366 
3 8366 8371 8305 
3 8297 8366 8305 
3 8372 8306 8308 
3 8309 8306 8372 
3 8373 8309 8372 
3 8301 8309 8373 
3 8301 8373 8368 
3 8368 8373 8374 
3 8368 8374 8370 
3 8370 8374 8375 
3 8370 8375 8310 
3 8303 8370 8310 
3 8371 8304 8311 
3 8371 8311 8305 
3 8308 8312 8372 
3 8312 8313 8373 
3 8312 8373 8372 
3 8374 8373 8313 
3 8314 8374 8313 
3 8375 8374 8314 
3 8315 8375 8314 
3 8375 8315 8310 
3 8318 8377 8376 
3 8316 8318 8376 
3 8376 7132 8316 
3 7137 7132 8376 
3 7140 8319 7135 
3 7141 8319 7140 
3 7141 8378 8319 
3 8378 8320 8319 
3 8320 8378 8379 
3 8322 8320 8379 
3 8377 8318 8380 
3 8380 8318 8323 
3 8382 8379 8381 
3 8382 8324 8379 
3 8324 8322 8379 
3 8381 8383 8384 
3 8382 8381 8384 
3 8383 8385 8384 
3 8380 8323 8386 
3 8386 8323 8325 
3 8382 8326 8324 
3 8384 8326 8382 
3 8327 8326 8384 
3 8327 8384 8385 
3 8327 8385 8328 
3 8328 8385 8387 
3 8386 8325 8388 
3 8388 8325 8329 
3 8330 8389 8332 
3 8389 8330 8328 
3 8389 8328 8390 
3 8390 8328 8387 
3 8388 8329 8333 
3 8391 8388 8333 
3 8393 8333 8334 
3 8393 8392 8333 
3 8392 8391 8333 
3 8392 8393 8394 
3 8337 8395 8396 
3 8335 8395 8337 
3 8395 8335 8397 
3 8335 8338 8397 
3 8332 8389 8398 
3 8332 8398 8338 
3 8338 8398 8397 
3 8389 8390 8398 
3 8393 8334 8341 
3 8394 8393 8341 
3 8394 8341 8399 
3 8399 8341 8343 
3 8399 8343 8400 
3 8343 8345 8400 
3 8400 8345 8337 
3 8396 8400 8337 
3 8350 8351 8401 
3 8352 8350 8401 
3 8402 8352 8401 
3 8352 8402 8353 
3 8355 8356 8403 
3 8351 8357 8401 
3 8355 8403 8359 
3 8402 8401 8357 
3 8360 8402 8357 
3 8402 8360 8353 
3 8362 8363 8404 
3 8362 8404 8365 
3 8403 8356 8367 
3 8403 8367 8359 
3 8404 8363 8369 
3 8404 8369 8365 
3 8377 8406 8405 
3 8376 8377 8405 
3 8405 7137 8376 
3 7147 7137 8405 
3 7149 8378 7141 
3 8407 8378 7149 
3 8378 8407 8408 
3 8379 8378 8408 
3 8406 8377 8409 
3 8409 8377 8380 
3 8408 8381 8379 
3 8410 8381 8408 
3 8410 8411 8381 
3 8381 8411 8383 
3 8383 8411 8412 
3 8385 8383 8412 
3 8409 8380 8413 
3 8413 8380 8386 
3 8412 8414 8385 
3 8414 8387 8385 
3 8413 8386 8415 
3 8415 8386 8388 
3 8414 8416 8387 
3 8416 8390 8387 
3 8415 8388 8391 
3 8417 8415 8391 
3 8417 8391 8418 
3 8391 8392 8418 
3 8420 8392 8394 
3 8420 8419 8392 
3 8419 8418 8392 
3 8419 8420 8421 
3 8396 8422 8423 
3 8395 8422 8396 
3 8422 8395 8424 
3 8395 8397 8424 
3 8424 8397 8425 
3 8397 8398 8425 
3 8425 8398 8390 
3 8416 8425 8390 
3 8420 8394 8399 
3 8421 8420 8399 
3 8421 8399 8426 
3 8426 8399 8400 
3 8426 8400 8396 
3 8423 8426 8396 
3 8406 8428 8427 
3 8405 8406 8427 
3 8427 7147 8405 
3 7154 7147 8427 
3 7156 8407 7149 
3 8429 8407 7156 
3 8431 8408 8407 
3 8431 8407 8430 
3 8430 8407 8429 
3 8430 8432 8433 
3 8431 8430 8433 
3 8432 8434 8433 
3 8428 8406 8435 
3 8435 8406 8409 
3 8431 8410 8408 
3 8433 8410 8431 
3 8411 8410 8433 
3 8411 8433 8434 
3 8411 8434 8412 
3 8412 8434 8436 
3 8435 8409 8437 
3 8437 8409 8413 
3 8439 8436 8438 
3 8439 8414 8436 
3 8414 8412 8436 
3 8438 8440 8439 
3 8437 8413 8441 
3 8441 8413 8415 
3 8444 8443 8442 
3 8442 8443 8445 
3 8446 8414 8439 
3 8446 8447 8414 
3 8447 8416 8414 
3 8439 8440 8446 
3 8441 8415 8417 
3 8448 8441 8417 
3 8448 8417 8449 
3 8417 8418 8449 
3 8449 8418 8450 
3 8418 8419 8450 
3 8452 8419 8421 
3 8452 8451 8419 
3 8451 8450 8419 
3 8423 8451 8452 
3 8423 8422 8451 
3 8422 8453 8451 
3 8443 8444 8453 
3 8443 8453 8424 
3 8424 8453 8422 
3 8445 8443 8424 
3 8445 8424 8454 
3 8454 8424 8425 
3 8454 8425 8416 
3 8447 8454 8416 
3 8452 8421 8426 
3 8452 8426 8423 
3 8428 8456 8455 
3 8427 8428 8455 
3 8455 7154 8427 
3 7161 7154 8455 
3 7163 8429 7156 
3 8457 8429 7163 
3 8457 8458 8429 
3 8429 8458 8430 
3 8458 8459 8430 
3 8430 8459 8432 
3 8432 8459 8460 
3 8434 8432 8460 
3 8462 8461 8456 
3 8462 8456 8435 
3 8435 8456 8428 
3 8461 8462 8463 
3 8460 8464 8434 
3 8464 8436 8434 
3 8465 8462 8435 
3 8465 8435 8466 
3 8466 8435 8437 
3 8462 8465 8463 
3 8464 8438 8436 
3 8467 8438 8464 
3 8438 8467 8468 
3 8440 8438 8468 
3 8466 8437 8469 
3 8469 8437 8441 
3 8442 8470 8444 
3 8442 8445 8470 
3 8447 8471 8472 
3 8446 8471 8447 
3 8471 8446 8440 
3 8471 8440 8468 
3 8473 8474 8475 
3 8473 8476 8474 
3 8448 8477 8478 
3 8448 8478 8441 
3 8441 8478 8469 
3 8477 8479 8480 
3 8477 8448 8479 
3 8448 8449 8479 
3 8479 8449 8481 
3 8449 8450 8481 
3 8481 8450 8482 
3 8450 8451 8482 
3 8482 8451 8483 
3 8451 8453 8483 
3 8444 8470 8484 
3 8444 8484 8453 
3 8453 8484 8483 
3 8470 8445 8454 
3 8470 8454 8484 
3 8484 8454 8485 
3 8485 8454 8447 
3 8472 8485 8447 
3 8474 8486 8475 
3 8486 8474 8476 
3 7740 8488 7741 
3 8478 8477 8487 
3 8477 8480 8487 
3 7741 8488 7743 
3 7170 8489 7171 
3 8455 8456 8490 
3 8490 7161 8455 
3 8490 8491 7161 
3 7170 7161 8489 
3 8489 7161 8491 
3 7174 8457 7163 
3 7176 8457 7174 
3 8458 8457 7176 
3 7177 8458 7176 
3 7177 8492 8458 
3 8492 8459 8458 
3 8459 8492 8493 
3 8460 8459 8493 
3 8490 8456 8461 
3 8461 8491 8490 
3 8461 8463 8491 
3 8463 8494 8491 
3 8493 8495 8460 
3 8495 8464 8460 
3 8465 8466 8496 
3 8496 8463 8465 
3 8496 8497 8463 
3 8497 8494 8463 
3 8495 8467 8464 
3 8498 8467 8495 
3 8500 8468 8467 
3 8500 8467 8499 
3 8499 8467 8498 
3 8499 8501 8500 
3 7745 7744 8502 
3 7745 8502 8466 
3 7745 8466 8469 
3 8496 8466 8502 
3 8496 8502 8497 
3 8505 8504 8503 
3 8472 8503 8504 
3 8472 8471 8503 
3 8471 8506 8503 
3 8471 8500 8506 
3 8471 8468 8500 
3 8506 8500 8507 
3 8473 8475 8500 
3 8507 8500 8475 
3 8473 8500 8501 
3 8473 8501 8476 
3 8476 8501 8508 
3 8511 8509 8510 
3 8509 8512 8510 
3 7745 8478 7747 
3 8469 8478 7745 
3 8479 8513 8480 
3 8481 8513 8479 
3 8514 8513 8481 
3 8482 8514 8481 
3 8515 8514 8482 
3 8515 8516 8517 
3 8515 8482 8516 
3 8482 8483 8516 
3 8516 8483 8518 
3 8483 8484 8518 
3 8504 8505 8518 
3 8504 8518 8485 
3 8485 8518 8484 
3 8504 8485 8472 
3 8507 8475 8486 
3 8519 8507 8486 
3 8519 8486 8476 
3 8508 8519 8476 
3 8521 8511 8510 
3 8520 8521 8510 
3 8512 8522 8523 
3 8512 8523 8510 
3 8510 8523 8520 
3 8522 8524 8523 
3 8487 7747 8478 
3 8487 8525 7747 
3 7740 7747 8488 
3 8488 7747 8525 
3 8525 8526 8527 
3 8487 8526 8525 
3 8487 8513 8526 
3 8487 8480 8513 
3 8513 8514 8528 
3 8526 8513 8528 
3 8514 8515 8529 
3 8528 8514 8529 
3 8515 8517 8529 
3 8521 8520 8530 
3 8532 8530 8520 
3 8532 8520 8531 
3 8531 8520 8523 
3 8524 8533 8534 
3 8524 8534 8523 
3 8523 8534 8531 
3 8533 8535 8534 
3 8488 8525 8536 
3 8488 8536 7743 
3 7743 8536 7750 
3 8525 8527 8536 
3 8538 8532 8531 
3 8537 8538 8531 
3 8531 8534 8537 
3 8534 8539 8537 
3 8535 8540 8541 
3 8535 8541 8534 
3 8534 8541 8539 
3 8540 8542 8541 
3 8538 8537 8543 
3 8537 8539 8544 
3 8543 8537 8544 
3 8546 8544 8539 
3 8546 8539 8545 
3 8545 8539 8541 
3 8542 8547 8545 
3 8541 8542 8545 
3 8545 8548 8546 
3 8545 8547 8548 
3 7185 7171 8489 
3 8549 7185 8489 
3 8489 8550 8549 
3 8491 8550 8489 
3 7188 8492 7177 
3 8551 8492 7188 
3 8492 8551 8552 
3 8493 8492 8552 
3 8550 8491 8553 
3 8553 8491 8494 
3 8555 8552 8554 
3 8555 8495 8552 
3 8495 8493 8552 
3 8554 8556 8557 
3 8555 8554 8557 
3 8556 8558 8557 
3 8553 8494 8559 
3 8559 8494 8497 
3 8555 8498 8495 
3 8557 8498 8555 
3 8499 8498 8557 
3 8499 8557 8558 
3 8499 8558 8501 
3 8501 8558 8560 
3 8563 8561 8562 
3 8561 8564 8562 
3 7751 8565 7744 
3 7744 8565 8502 
3 8565 8497 8502 
3 8559 8497 8565 
3 8568 8567 8566 
3 8505 8566 8567 
3 8505 8503 8566 
3 8503 8569 8566 
3 8571 8506 8570 
3 8571 8569 8506 
3 8569 8503 8506 
3 8506 8507 8570 
3 8573 8560 8572 
3 8573 8508 8560 
3 8508 8501 8560 
3 8572 8563 8562 
3 8572 8562 8573 
3 8573 8562 8574 
3 8564 8575 8509 
3 8564 8509 8574 
3 8564 8574 8562 
3 8574 8509 8511 
3 8577 8512 8509 
3 8577 8509 8576 
3 8576 8509 8575 
3 8576 8578 8577 
3 8517 8579 8580 
3 8516 8579 8517 
3 8567 8568 8579 
3 8567 8579 8518 
3 8518 8579 8516 
3 8567 8518 8505 
3 8582 8571 8570 
3 8581 8582 8570 
3 8519 8570 8507 
3 8519 8583 8570 
3 8583 8581 8570 
3 8508 8583 8519 
3 8508 8573 8583 
3 8573 8584 8583 
3 8573 8574 8584 
3 8574 8585 8584 
3 8574 8521 8585 
3 8511 8521 8574 
3 8577 8522 8512 
3 8522 8587 8524 
3 8577 8587 8522 
3 8577 8586 8587 
3 8577 8578 8586 
3 8586 8588 8587 
3 8527 8589 8590 
3 8526 8589 8527 
3 8589 8526 8591 
3 8526 8528 8591 
3 8591 8528 8592 
3 8528 8529 8592 
3 8592 8529 8517 
3 8580 8592 8517 
3 8582 8581 8593 
3 8581 8583 8594 
3 8593 8581 8594 
3 8583 8584 8595 
3 8594 8583 8595 
3 8584 8585 8596 
3 8595 8584 8596 
3 8585 8521 8530 
3 8585 8530 8596 
3 8596 8530 8597 
3 8530 8598 8597 
3 8532 8598 8530 
3 8587 8533 8524 
3 8533 8600 8535 
3 8587 8600 8533 
3 8587 8599 8600 
3 8587 8588 8599 
3 8599 4508 4509 
3 8600 8599 4509 
3 7755 7750 8601 
3 7750 8536 8601 
3 8601 8536 8527 
3 8590 8601 8527 
3 8598 8532 8602 
3 8602 8532 8538 
3 8540 8605 8604 
3 8540 8535 8605 
3 8603 8605 8600 
3 8600 8605 8535 
3 8600 4509 4511 
3 8600 4511 8603 
3 8604 8542 8540 
3 8602 8538 8543 
3 8606 8602 8543 
3 8608 8544 8607 
3 8608 8606 8544 
3 8606 8543 8544 
3 8610 8544 8605 
3 8610 8607 8544 
3 8605 8544 8604 
3 8546 8609 8544 
3 8604 8544 8609 
3 8604 8609 8547 
3 8542 8604 8547 
3 8608 8607 8611 
3 8607 8610 8611 
3 8546 8548 8609 
3 8609 8548 8547 
3 2496 7185 8549 
3 2495 2496 8549 
3 8549 2499 2495 
3 8550 2499 8549 
3 7191 8551 7188 
3 8551 8612 8552 
3 7191 8612 8551 
3 7191 2501 8612 
3 7191 2502 2501 
3 2501 2506 8612 
3 2499 8550 2509 
3 2509 8550 8553 
3 8612 8554 8552 
3 8612 8556 8554 
3 8612 2512 8556 
3 8612 2506 2512 
3 8613 8556 2512 
3 8556 8613 8558 
3 2509 8553 2520 
3 2520 8553 8559 
3 2512 2522 8613 
3 8613 8560 8558 
3 8613 2523 8560 
3 8613 2522 2523 
3 2523 8614 8560 
3 8563 8614 2523 
3 8563 2523 8561 
3 8561 2523 2524 
3 8615 8564 8561 
3 8615 8561 2526 
3 2526 8561 2524 
3 2526 2529 8615 
3 7756 2534 2532 
3 7756 2532 7751 
3 7751 2532 8565 
3 2532 8559 8565 
3 2520 8559 2532 
3 8568 2540 2542 
3 8566 2540 8568 
3 2545 8569 8616 
3 2545 2540 8569 
3 2540 8566 8569 
3 8569 8571 8616 
3 8614 8572 8560 
3 8614 8563 8572 
3 8615 8575 8564 
3 2529 8575 8615 
3 2529 2553 8575 
3 2553 8576 8575 
3 8617 8578 8576 
3 8617 8576 2555 
3 2555 8576 2553 
3 2555 2557 8618 
3 8617 2555 8618 
3 2557 2558 8618 
3 2564 7756 2560 
3 2564 8619 7756 
3 2534 7756 2562 
3 2562 7756 8619 
3 2562 8619 2567 
3 2570 8620 2569 
3 2569 8621 2572 
3 8620 8621 2569 
3 8580 2572 8621 
3 8580 8579 2572 
3 8579 2574 2572 
3 2574 8579 8568 
3 2542 2574 8568 
3 2545 8616 2575 
3 8616 2577 2575 
3 8616 8571 2577 
3 8571 8582 2577 
3 2579 8622 2578 
3 2578 8623 2580 
3 8622 8623 2578 
3 2580 8623 2582 
3 8617 8586 8578 
3 8586 8624 8588 
3 8586 8617 8624 
3 8617 8618 8624 
3 2558 1102 4555 
3 2558 4555 8618 
3 8618 4555 8624 
3 2583 8619 2564 
3 2583 7757 8619 
3 7757 8625 8619 
3 2567 8589 2585 
3 2567 8625 8589 
3 2567 8619 8625 
3 8625 8590 8589 
3 8620 2570 2585 
3 8620 2585 8591 
3 8591 2585 8589 
3 8621 8620 8591 
3 8592 8621 8591 
3 8621 8592 8580 
3 2577 8582 8593 
3 2586 2577 8593 
3 8622 2579 2586 
3 8622 2586 8594 
3 8594 2586 8593 
3 8623 8622 8594 
3 8595 8623 8594 
3 2582 8623 8595 
3 2582 8595 2588 
3 2588 8595 8596 
3 2588 8596 2590 
3 8596 8597 2590 
3 8597 2592 2590 
3 8598 2592 8597 
3 8624 8599 8588 
3 4555 8599 8624 
3 4508 8599 4555 
3 8625 7757 7755 
3 8601 8625 7755 
3 8625 8601 8590 
3 8626 2594 2592 
3 8626 2592 8602 
3 8602 2592 8598 
3 2594 8627 2596 
3 8626 8627 2594 
3 8605 2596 8627 
3 8605 8603 2596 
3 8603 2598 2596 
3 2599 4511 4557 
3 2599 2598 4511 
3 2598 8603 4511 
3 8626 8602 8606 
3 2601 8627 8626 
3 2601 8626 8608 
3 2601 8608 2602 
3 8608 8626 8606 
3 8627 2601 2603 
3 8627 2603 8605 
3 8605 2603 8610 
3 2599 4557 1118 
3 2602 8608 8611 
3 2604 2602 8611 
3 2604 8611 8610 
3 2603 2604 8610 
3 1195 1197 7498 
3 1198 1195 7498 
3 6453 1198 7498 
3 1391 1390 8628 
3 1390 1392 6672 
3 8628 1390 6672 
3 8629 6688 6689 
3 8630 8629 6689 
3 6697 8630 6689 
3 8630 6697 6706 
3 1439 1438 8631 
3 8633 8628 8632 
3 8631 8628 8633 
3 8631 1391 8628 
3 8631 1438 1391 
3 6672 8632 8628 
3 6708 8632 6672 
3 8633 8632 8634 
3 8632 6708 6718 
3 8634 8632 6718 
3 8637 8635 8636 
3 8629 8636 8635 
3 8629 8635 6688 
3 6688 8635 6723 
3 8637 8636 8638 
3 8636 8639 8638 
3 8636 8629 8639 
3 8629 8630 8639 
3 6706 6737 8639 
3 6706 8639 8630 
3 8640 6740 6741 
3 8643 8641 8642 
3 8641 8640 6741 
3 8641 6741 8642 
3 8642 6741 6743 
3 8643 8642 8644 
3 8642 6743 6745 
3 8644 8642 6745 
3 1485 1439 8631 
3 8645 1485 8631 
3 8647 8631 8633 
3 8647 8646 8631 
3 8646 8645 8631 
3 8646 8647 8648 
3 8647 8633 8634 
3 8648 8647 8634 
3 8648 8634 6751 
3 6751 8634 6718 
3 8635 8637 8649 
3 6723 8635 8649 
3 6759 6723 8649 
3 8649 8637 8638 
3 6771 6759 8649 
3 6771 8649 8639 
3 6771 8639 8650 
3 8639 8649 8638 
3 8653 8651 8652 
3 8651 6776 8652 
3 8651 8639 6776 
3 8651 8650 8639 
3 8639 6737 6776 
3 8655 8653 8652 
3 8654 8655 8652 
3 8652 6776 8654 
3 6776 6779 8654 
3 8657 8655 8654 
3 8656 8657 8654 
3 8640 6779 6740 
3 8640 8656 6779 
3 8656 8654 6779 
3 8656 8658 8657 
3 8641 8643 8659 
3 8659 8640 8641 
3 8659 8660 8640 
3 8656 8640 8658 
3 8658 8640 8660 
3 8659 8643 8644 
3 8660 8659 8644 
3 8660 8644 6786 
3 6786 8644 6745 
3 1536 1535 8661 
3 1535 1485 8645 
3 1535 8645 8661 
3 8661 8645 8662 
3 8664 8646 8663 
3 8664 8662 8646 
3 8662 8645 8646 
3 8646 8648 8663 
3 8664 8663 8665 
3 8663 8648 6751 
3 8663 6751 8665 
3 8665 6751 6797 
3 8668 8666 8667 
3 8650 8667 8666 
3 8650 8666 6771 
3 6771 8666 6814 
3 8667 8669 8668 
3 8651 8653 8670 
3 8670 8650 8651 
3 8670 8671 8650 
3 8667 8650 8669 
3 8669 8650 8671 
3 8672 8670 8653 
3 8672 8653 8673 
3 8673 8653 8655 
3 8670 8672 8671 
3 8675 8674 8673 
3 8675 8673 8657 
3 8657 8673 8655 
3 8674 8675 8676 
3 8675 8657 8658 
3 8658 8660 6825 
3 8675 8658 6825 
3 8675 6825 6824 
3 8675 6824 8676 
3 8660 6786 6825 
3 6830 6831 8677 
3 8680 8678 8679 
3 8678 8677 6831 
3 8678 6831 8679 
3 8679 6831 6835 
3 8680 8679 8681 
3 8679 6835 6839 
3 8681 8679 6839 
3 1608 1536 8661 
3 1609 1608 8661 
3 1609 8661 8682 
3 8682 8661 8662 
3 8662 8683 8682 
3 8664 8683 8662 
3 8665 8684 8685 
3 8665 8685 8664 
3 8664 8685 8683 
3 6797 8684 8665 
3 6845 8684 6797 
3 8685 8684 8686 
3 8684 6845 6848 
3 8686 8684 6848 
3 8666 8668 8687 
3 6814 8666 8687 
3 6862 6814 8687 
3 8687 8668 8669 
3 8669 8671 6869 
3 8669 6869 8687 
3 8687 6869 6862 
3 8672 8673 8688 
3 8688 8689 6876 
3 8672 8688 6876 
3 8672 6876 6869 
3 8672 6869 8671 
3 8688 8673 8674 
3 8674 8676 6886 
3 8688 8674 6886 
3 8688 6886 6885 
3 8688 6885 8689 
3 6886 8676 6824 
3 8690 6905 6830 
3 8690 6830 8677 
3 8678 8680 8691 
3 8691 8677 8678 
3 8691 8692 8677 
3 8692 8690 8677 
3 8691 8680 8681 
3 8692 8691 8681 
3 8692 8681 6910 
3 6910 8681 6839 
3 8682 8693 8694 
3 8682 8694 1609 
3 1609 8694 1680 
3 8682 8683 8693 
3 8694 8693 8695 
3 8693 8696 8695 
3 8693 8683 8696 
3 8683 8685 8696 
3 8696 8685 8686 
3 8697 8696 8686 
3 8698 6848 6917 
3 8698 8697 6848 
3 8697 8686 6848 
3 8698 6917 6924 
3 6876 8689 6938 
3 6938 8689 6885 
3 8699 6956 6957 
3 6957 6905 8699 
3 8699 6905 8690 
3 8699 8690 8700 
3 8700 8690 8701 
3 8701 8690 8692 
3 8701 8692 6910 
3 6963 8701 6910 
3 1749 1680 8702 
3 8702 1680 8694 
3 8702 8694 8695 
3 8703 8702 8695 
3 8705 8695 8696 
3 8705 8704 8695 
3 8704 8703 8695 
3 8704 8705 8706 
3 8705 8696 8697 
3 8697 8698 6971 
3 8705 8697 6971 
3 8705 6971 6970 
3 8705 6970 8706 
3 6971 8698 6924 
3 8707 6983 6984 
3 8707 6984 6988 
3 8699 8708 7009 
3 6956 8699 7009 
3 8708 8699 8709 
3 8709 8699 8700 
3 8709 8700 8710 
3 8710 8700 8701 
3 6963 7016 8711 
3 6963 8711 8701 
3 8701 8711 8710 
3 8711 7016 7021 
3 8712 1820 1749 
3 8702 8712 1749 
3 1821 8712 8713 
3 1820 8712 1821 
3 8712 8702 8703 
3 8713 8712 8703 
3 8713 8703 8714 
3 8714 8703 8704 
3 8704 8715 8714 
3 8706 8715 8704 
3 6970 7033 8716 
3 6970 8716 8706 
3 8706 8716 8715 
3 8717 8716 7033 
3 7036 8717 7033 
3 7036 7042 8717 
3 6983 8707 7043 
3 7043 8707 6988 
3 7009 8708 7067 
3 8720 8718 8719 
3 8719 8718 7071 
3 8719 7071 8708 
3 8719 8708 8709 
3 7067 8708 7071 
3 8720 8719 8721 
3 8719 8722 8721 
3 8719 8709 8722 
3 8709 8710 8722 
3 7079 7078 8722 
3 7079 8722 8711 
3 8711 8722 8710 
3 7079 8711 7021 
3 794 793 8723 
3 793 8713 8723 
3 793 797 8713 
3 797 1821 8713 
3 794 8723 800 
3 8723 8713 8714 
3 8723 8714 800 
3 800 8714 801 
3 8714 803 801 
3 8715 803 8714 
3 7091 804 803 
3 7091 803 8716 
3 8716 803 8715 
3 7094 7091 8716 
3 8717 7094 8716 
3 7094 8717 7042 
3 811 809 7112 
3 817 811 7112 
3 7116 817 7112 
3 8720 821 819 
3 8718 8720 819 
3 7116 819 817 
3 7116 7071 819 
3 7071 8718 819 
3 821 8720 8721 
3 823 821 8721 
3 8721 825 823 
3 8722 825 8721 
3 825 8722 7078 
3 827 825 7078 
3 1192 1191 6150 
3 6153 8725 8724 
3 6151 6153 8724 
3 8727 6154 6151 
3 8727 6151 8726 
3 8726 6151 8724 
3 8726 8728 8729 
3 8727 8726 8729 
3 8728 8730 8729 
3 6150 1191 1198 
3 6150 1198 8731 
3 6150 8731 6155 
3 6456 8731 1198 
3 8731 8732 6155 
3 6155 8732 6156 
3 8732 6153 6156 
3 8725 6153 8732 
3 8727 6157 6154 
3 8729 6157 8727 
3 6158 6157 8729 
3 6158 6459 6159 
3 8729 6459 6158 
3 8729 8733 6459 
3 8729 8730 8733 
3 8733 6463 6459 
3 8725 8735 8734 
3 8724 8725 8734 
3 8734 8736 8724 
3 8724 8736 8726 
3 8736 8737 8726 
3 8726 8737 8728 
3 8728 8737 8738 
3 8730 8728 8738 
3 6456 6511 8739 
3 8731 6456 8739 
3 8739 8740 8731 
3 8731 8740 8732 
3 8740 8725 8732 
3 8735 8725 8740 
3 8738 8733 8730 
3 8741 8733 8738 
3 6513 6463 8733 
3 6513 8733 8742 
3 8742 8733 8741 
3 8742 6515 6513 
3 8745 8743 8744 
3 8735 8744 8743 
3 8735 8743 8734 
3 8734 8743 8746 
3 8746 8747 8734 
3 8734 8747 8736 
3 8747 8748 8736 
3 8736 8748 8737 
3 8750 8738 8737 
3 8750 8737 8749 
3 8749 8737 8748 
3 8749 8751 8750 
3 8739 6511 6541 
3 6541 6544 8745 
3 6541 8745 8740 
3 6541 8740 8739 
3 8740 8745 8744 
3 8744 8735 8740 
3 8750 8741 8738 
3 8751 8741 8750 
3 8751 8752 8741 
3 8752 8742 8741 
3 8742 8752 6547 
3 6515 8742 6547 
3 8755 8753 8754 
3 8753 8756 8757 
3 8754 8753 8757 
3 8756 8758 8757 
3 8745 8760 8759 
3 8743 8745 8759 
3 8754 8759 8755 
3 8754 8746 8759 
3 8746 8743 8759 
3 8757 8746 8754 
3 8747 8746 8757 
3 8758 8747 8757 
3 8758 8761 8747 
3 8761 8748 8747 
3 8761 8762 8748 
3 8748 8762 8749 
3 8749 8762 8763 
3 8751 8749 8763 
3 8760 8745 6575 
3 6575 8745 6544 
3 8763 8752 8751 
3 8764 8752 8763 
3 6577 6547 8752 
3 6577 8752 8765 
3 8765 8752 8764 
3 8765 6578 6577 
3 8768 8766 8767 
3 8755 8767 8766 
3 8755 8766 8753 
3 8753 8766 8769 
3 8769 8770 8753 
3 8753 8770 8756 
3 8772 8758 8756 
3 8772 8756 8771 
3 8771 8756 8770 
3 8771 8773 8772 
3 8767 8759 8760 
3 8767 8760 8768 
3 8768 8760 8774 
3 8767 8755 8759 
3 8772 8761 8758 
3 8773 8761 8772 
3 8773 8775 8761 
3 8775 8762 8761 
3 8777 8763 8762 
3 8777 8762 8776 
3 8776 8762 8775 
3 8776 8778 8777 
3 6607 8779 8774 
3 6607 8774 6575 
3 6575 8774 8760 
3 8779 6607 6608 
3 8777 8764 8763 
3 8778 8764 8777 
3 8778 8780 8764 
3 8780 8765 8764 
3 8765 8780 6610 
3 6578 8765 6610 
3 1322 8781 8782 
3 1323 1322 8782 
3 8768 8782 8781 
3 8768 8781 8766 
3 8766 8781 8783 
3 8783 8784 8766 
3 8766 8784 8769 
3 8784 8785 8769 
3 8769 8785 8770 
3 8785 8786 8770 
3 8770 8786 8771 
3 8771 8786 8787 
3 8773 8771 8787 
3 1323 8782 8788 
3 1325 1323 8788 
3 8782 8789 8788 
3 8782 8768 8789 
3 8768 8774 8789 
3 8787 8775 8773 
3 8790 8775 8787 
3 8790 8791 8775 
3 8775 8791 8776 
3 8776 8791 8792 
3 8778 8776 8792 
3 8789 8774 8779 
3 8793 8789 8779 
3 8779 6630 8793 
3 6608 6630 8779 
3 8792 8780 8778 
3 8794 8780 8792 
3 8780 8794 6632 
3 6610 8780 6632 
3 8797 8795 8796 
3 8795 8798 8796 
3 1351 8799 1322 
3 1322 8799 8781 
3 8799 8800 8781 
3 8781 8800 8783 
3 8800 8801 8783 
3 8783 8801 8784 
3 8796 8801 8797 
3 8796 8785 8801 
3 8785 8784 8801 
3 8798 8785 8796 
3 8798 8802 8785 
3 8802 8786 8785 
3 8804 8787 8786 
3 8804 8786 8803 
3 8803 8786 8802 
3 8803 8805 8804 
3 8788 1356 1325 
3 8806 1356 8788 
3 8808 8788 8789 
3 8808 8807 8788 
3 8806 8788 8809 
3 8809 8788 8807 
3 8807 8808 8810 
3 8804 8790 8787 
3 8805 8790 8804 
3 8805 8811 8790 
3 8811 8791 8790 
3 8791 8811 8812 
3 8792 8791 8812 
3 1356 8806 8813 
3 1359 1356 8813 
3 8806 8809 8813 
3 8789 8793 8808 
3 8793 8810 8808 
3 8793 6630 8810 
3 6630 6652 8810 
3 8812 8794 8792 
3 8814 8794 8812 
3 8794 8814 6654 
3 6632 8794 6654 
3 8817 8815 8816 
3 8815 8818 8819 
3 8816 8815 8819 
3 8818 8820 8821 
3 8819 8818 8821 
3 8797 8821 8820 
3 8797 8820 8795 
3 8795 8820 8822 
3 8795 8822 8823 
3 8798 8795 8823 
3 8816 1386 8817 
3 8816 8799 1386 
3 8799 1351 1386 
3 8819 8799 8816 
3 8800 8799 8819 
3 8821 8800 8819 
3 8801 8800 8821 
3 8821 8797 8801 
3 8823 8802 8798 
3 8824 8802 8823 
3 8824 8825 8802 
3 8802 8825 8803 
3 8803 8825 8826 
3 8805 8803 8826 
3 8809 8827 8828 
3 8807 8827 8809 
3 8807 8829 8827 
3 8810 8829 8807 
3 8826 8811 8805 
3 8830 8811 8826 
3 8832 8812 8811 
3 8832 8811 8831 
3 8831 8811 8830 
3 8831 8833 8832 
3 8813 1392 1359 
3 6673 1392 8813 
3 8834 8809 8828 
3 8834 6673 8809 
3 8834 6676 6673 
3 8813 8809 6673 
3 8834 6652 6676 
3 8834 8829 6652 
3 8829 8810 6652 
3 8832 8814 8812 
3 8814 8832 8833 
3 8814 8833 6654 
3 6654 8833 6680 
3 1423 8835 8836 
3 1424 1423 8836 
3 8835 8837 8838 
3 8836 8835 8838 
3 8837 8839 8840 
3 8838 8837 8840 
3 8839 8841 8840 
3 8817 8836 8815 
3 8817 1429 8836 
3 1429 1424 8836 
3 8838 8815 8836 
3 8818 8815 8838 
3 8840 8818 8838 
3 8820 8818 8840 
3 8841 8820 8840 
3 8841 8842 8820 
3 8842 8822 8820 
3 8844 8823 8822 
3 8844 8822 8843 
3 8843 8822 8842 
3 8843 8845 8844 
3 1429 8817 1386 
3 8844 8824 8823 
3 8845 8824 8844 
3 8845 8846 8824 
3 8846 8825 8824 
3 8825 8846 8847 
3 8826 8825 8847 
3 8827 8848 8828 
3 8827 8829 8848 
3 8847 8830 8826 
3 8849 8830 8847 
3 8849 8850 8830 
3 8830 8850 8831 
3 8831 8850 8851 
3 8833 8831 8851 
3 8848 8834 8828 
3 8848 8829 8834 
3 8851 6717 8833 
3 6717 6680 8833 
3 8854 8852 8853 
3 8852 8855 8853 
3 8858 8856 8857 
3 8856 8859 8857 
3 8853 1477 8854 
3 8853 8835 1477 
3 8835 1423 1477 
3 8855 8835 8853 
3 8855 8860 8835 
3 8860 8837 8835 
3 8857 8860 8858 
3 8857 8839 8860 
3 8839 8837 8860 
3 8839 8862 8841 
3 8857 8862 8839 
3 8857 8861 8862 
3 8857 8859 8861 
3 8861 8863 8862 
3 8862 8842 8841 
3 8863 8842 8862 
3 8863 8864 8842 
3 8864 8843 8842 
3 8843 8864 8865 
3 8845 8843 8865 
3 8865 8846 8845 
3 8866 8846 8865 
3 8868 8847 8846 
3 8868 8846 8867 
3 8867 8846 8866 
3 8867 8869 8868 
3 8868 8849 8847 
3 8869 8849 8868 
3 8869 8870 8849 
3 8870 8850 8849 
3 8850 8870 8871 
3 8851 8850 8871 
3 8871 6750 8851 
3 6750 6717 8851 
3 8854 1527 1526 
3 8854 1526 8852 
3 8852 1526 8872 
3 8874 8855 8852 
3 8874 8852 8873 
3 8873 8852 8872 
3 8858 8874 8873 
3 8858 8873 8856 
3 8856 8873 8875 
3 8856 8875 8876 
3 8859 8856 8876 
3 1527 8854 1477 
3 8874 8860 8855 
3 8874 8858 8860 
3 8876 8861 8859 
3 8877 8861 8876 
3 8861 8877 8878 
3 8863 8861 8878 
3 8878 8864 8863 
3 8879 8864 8878 
3 8881 8865 8864 
3 8881 8864 8880 
3 8880 8864 8879 
3 8880 8882 8881 
3 8881 8866 8865 
3 8882 8866 8881 
3 8882 8883 8866 
3 8883 8867 8866 
3 8885 8869 8867 
3 8885 8867 8884 
3 8884 8867 8883 
3 8884 8886 8885 
3 8885 8870 8869 
3 8870 8888 8871 
3 8885 8888 8870 
3 8885 8887 8888 
3 8885 8886 8887 
3 8887 8889 8888 
3 8890 8871 8888 
3 8890 6795 8871 
3 6795 6750 8871 
3 8888 8889 8890 
3 1597 8891 8892 
3 1598 1597 8892 
3 8891 8893 8892 
3 8892 1526 1598 
3 8872 1526 8892 
3 8893 8872 8892 
3 8893 8894 8872 
3 8894 8873 8872 
3 8894 8895 8873 
3 8873 8895 8875 
3 8875 8895 8896 
3 8876 8875 8896 
3 8896 8877 8876 
3 8897 8877 8896 
3 8877 8897 8898 
3 8878 8877 8898 
3 8898 8879 8878 
3 8899 8879 8898 
3 8899 8900 8879 
3 8879 8900 8880 
3 8880 8900 8901 
3 8882 8880 8901 
3 8901 8883 8882 
3 8902 8883 8901 
3 8902 8903 8883 
3 8883 8903 8884 
3 8884 8903 8904 
3 8886 8884 8904 
3 8904 8887 8886 
3 8905 8887 8904 
3 8887 8905 8906 
3 8889 8887 8906 
3 8890 6841 6795 
3 6841 8890 8889 
3 6841 8889 6844 
3 6844 8889 8906 
3 1658 8907 1659 
3 8907 1597 1659 
3 8907 8908 1597 
3 8908 8891 1597 
3 8891 8908 8909 
3 8893 8891 8909 
3 8909 8894 8893 
3 8910 8894 8909 
3 8910 8911 8894 
3 8894 8911 8895 
3 8895 8911 8912 
3 8896 8895 8912 
3 8912 8897 8896 
3 8913 8897 8912 
3 8897 8913 8914 
3 8898 8897 8914 
3 8914 8899 8898 
3 8915 8899 8914 
3 8915 8916 8899 
3 8899 8916 8900 
3 8900 8916 8917 
3 8901 8900 8917 
3 8917 8902 8901 
3 8918 8902 8917 
3 8918 8919 8902 
3 8902 8919 8903 
3 8921 8904 8903 
3 8921 8903 8920 
3 8920 8903 8919 
3 8920 8922 8921 
3 8921 8905 8904 
3 8905 8921 8922 
3 8905 8922 8906 
3 8906 8922 8923 
3 8923 6915 8906 
3 6915 6844 8906 
3 1658 1728 8907 
3 1728 8908 8907 
3 1728 1733 8908 
3 1733 8924 8908 
3 8908 8924 8925 
3 8909 8908 8925 
3 8925 8910 8909 
3 8926 8910 8925 
3 8926 8927 8910 
3 8910 8927 8911 
3 8911 8927 8928 
3 8912 8911 8928 
3 8928 8913 8912 
3 8929 8913 8928 
3 8931 8914 8913 
3 8931 8913 8930 
3 8930 8913 8929 
3 8930 8932 8931 
3 8931 8915 8914 
3 8932 8915 8931 
3 8932 8933 8915 
3 8933 8916 8915 
3 8935 8917 8916 
3 8935 8916 8934 
3 8934 8916 8933 
3 8934 8936 8937 
3 8935 8934 8937 
3 8936 8938 8937 
3 8935 8918 8917 
3 8937 8918 8935 
3 8919 8918 8937 
3 8938 8919 8937 
3 8938 8939 8919 
3 8939 8920 8919 
3 8920 8939 8940 
3 8922 8920 8940 
3 8940 8941 8922 
3 8941 8923 8922 
3 8941 6968 8923 
3 6968 6915 8923 
3 1802 8942 1803 
3 8942 1733 1803 
3 8942 8943 1733 
3 8943 8924 1733 
3 8924 8943 8944 
3 8925 8924 8944 
3 8944 8926 8925 
3 8945 8926 8944 
3 8945 8946 8926 
3 8926 8946 8927 
3 8948 8928 8927 
3 8948 8927 8947 
3 8947 8927 8946 
3 8947 8949 8948 
3 8948 8929 8928 
3 8949 8929 8948 
3 8949 8950 8929 
3 8950 8930 8929 
3 8952 8932 8930 
3 8952 8930 8951 
3 8951 8930 8950 
3 8951 8953 8952 
3 8952 8933 8932 
3 8953 8933 8952 
3 8953 8954 8933 
3 8954 8934 8933 
3 8954 8955 8934 
3 8934 8955 8936 
3 8936 8955 8956 
3 8938 8936 8956 
3 8956 8939 8938 
3 8957 8939 8956 
3 8939 8957 8958 
3 8940 8939 8958 
3 8958 8959 8940 
3 8959 8941 8940 
3 8959 7029 8941 
3 7029 6968 8941 
3 8960 8942 1802 
3 8960 1802 5892 
3 5892 1802 1874 
3 5892 5894 8960 
3 8960 8943 8942 
3 8943 8960 5894 
3 8943 5894 8944 
3 8944 5894 5897 
3 5897 8945 8944 
3 5901 8945 5897 
3 5901 5902 8945 
3 8945 5902 8946 
3 5902 5904 8946 
3 8946 5904 8947 
3 8961 8949 8947 
3 8961 8947 5906 
3 5906 8947 5904 
3 5906 5908 8961 
3 8961 8950 8949 
3 5908 8950 8961 
3 5908 5910 8950 
3 5910 8951 8950 
3 8962 8953 8951 
3 8962 8951 5912 
3 5912 8951 5910 
3 5912 5914 8962 
3 8962 8954 8953 
3 5914 8954 8962 
3 5914 5916 8954 
3 5916 8955 8954 
3 8963 8956 8955 
3 8963 8955 5918 
3 5918 8955 5916 
3 5918 5920 8963 
3 8963 8957 8956 
3 8957 8963 5920 
3 8957 5920 8958 
3 8958 5920 5923 
3 5923 5926 8958 
3 5926 8959 8958 
3 5933 7085 5931 
3 5931 7085 7029 
3 5931 7029 5926 
3 5926 7029 8959 
3 7199 8964 7200 
3 570 8966 8967 
3 7200 8966 570 
3 7200 8965 8966 
3 7200 8964 8965 
3 8965 8968 8969 
3 8966 8965 8969 
3 8968 8970 8969 
3 8966 8971 8967 
3 8969 8971 8966 
3 8972 8971 8969 
3 8970 8972 8969 
3 8970 8973 8972 
3 8973 8974 8972 
3 8974 8973 8975 
3 8976 8974 8975 
3 8975 8978 8976 
3 8977 8978 8975 
3 8978 8977 8979 
3 8980 8978 8979 
3 8979 8982 8980 
3 8981 8982 8979 
3 8981 8983 8982 
3 8982 8983 8984 
3 8984 8983 8985 
3 8986 8984 8985 
3 8985 8987 8986 
3 8987 8988 8986 
3 8991 8990 8989 
3 8994 8989 8990 
3 8994 8993 8989 
3 8993 8992 8989 
3 8992 8993 8995 
3 8993 8996 8995 
3 8995 8996 8997 
3 8996 8998 8997 
3 8997 8998 8999 
3 8998 9000 8999 
3 8999 9000 9001 
3 9000 9002 9001 
3 9001 9002 8988 
3 8987 9001 8988 
3 8991 9003 8990 
3 9006 9004 9005 
3 9003 9006 9005 
3 9003 9005 8994 
3 9003 8994 8990 
3 9005 9004 9007 
3 9006 9008 9004 
3 9004 9008 9009 
3 9004 9009 9007 
3 9007 9009 9010 
3 9009 9011 9010 
3 9011 9012 9010 
3 9011 9013 9012 
3 9013 9014 9012 
3 9016 9015 9017 
3 9015 9016 9014 
3 9015 9014 9018 
3 9018 9014 9013 
3 9015 9019 9017 
3 9019 9015 9018 
3 9019 9018 9021 
3 9021 9018 9020 
3 9025 9022 9024 
3 9023 9022 9025 
3 9022 9023 9021 
3 9020 9022 9021 
3 9024 9026 9025 
3 9026 9027 9025 
3 9026 9028 9027 
3 9028 1905 9027 
3 9030 8964 7199 
3 9030 7199 9029 
3 9029 7199 7241 
3 9029 9031 9030 
3 9030 8965 8964 
3 9031 8965 9030 
3 9031 9032 8965 
3 9032 8968 8965 
3 8968 9032 9033 
3 8970 8968 9033 
3 9033 8973 8970 
3 9034 8973 9033 
3 9036 8975 8973 
3 9036 8973 9035 
3 9035 8973 9034 
3 9035 9037 9036 
3 9036 8977 8975 
3 8977 9039 8979 
3 9036 9039 8977 
3 9036 9038 9039 
3 9036 9037 9038 
3 9038 9040 9041 
3 9039 9038 9041 
3 9040 9042 9041 
3 9039 8981 8979 
3 9041 8981 9039 
3 8983 8981 9041 
3 8983 9041 9042 
3 8983 9042 8985 
3 8985 9042 9043 
3 9046 9045 9044 
3 9044 9048 9047 
3 9045 9048 9044 
3 9047 9048 8987 
3 9047 8987 9043 
3 9043 8987 8985 
3 8989 9049 8991 
3 9049 9050 9051 
3 9049 8989 9050 
3 8989 8992 9050 
3 9050 8992 9052 
3 8992 8995 9052 
3 9052 8995 9053 
3 8995 8997 9053 
3 9045 9046 9053 
3 9045 9053 8999 
3 8999 9053 8997 
3 9048 9045 8999 
3 9001 9048 8999 
3 9048 9001 8987 
3 9049 9003 8991 
3 9003 9055 9006 
3 9049 9055 9003 
3 9049 9054 9055 
3 9049 9051 9054 
3 9054 9056 9055 
3 9055 9008 9006 
3 9008 9055 9056 
3 9008 9056 9009 
3 9009 9056 9057 
3 9059 9057 9058 
3 9059 9011 9057 
3 9011 9009 9057 
3 9058 9060 9059 
3 9061 9011 9059 
3 9013 9011 9061 
3 9060 9062 9061 
3 9059 9060 9061 
3 9063 9013 9061 
3 9018 9013 9063 
3 9062 9064 9063 
3 9061 9062 9063 
3 9067 9066 9065 
3 9066 9068 9065 
3 9066 9018 9068 
3 9066 9020 9018 
3 9063 9068 9018 
3 9063 9064 9068 
3 9066 9024 9022 
3 9066 9067 9024 
3 9067 9069 9024 
3 9066 9022 9020 
3 9069 9070 9024 
3 9070 9026 9024 
3 9073 9072 9071 
3 9071 9072 9028 
3 9071 9028 9070 
3 9070 9028 9026 
3 9075 9074 9029 
3 9075 9029 7271 
3 7271 9029 7241 
3 9029 9074 9031 
3 9075 9076 9074 
3 9074 9032 9031 
3 9074 9076 9032 
3 9076 9077 9032 
3 9032 9077 9078 
3 9033 9032 9078 
3 9078 9034 9033 
3 9079 9034 9078 
3 9079 9080 9034 
3 9034 9080 9035 
3 9035 9080 9081 
3 9037 9035 9081 
3 9081 9038 9037 
3 9082 9038 9081 
3 9082 9083 9038 
3 9038 9083 9040 
3 9040 9083 9084 
3 9042 9040 9084 
3 9086 9084 9085 
3 9086 9043 9084 
3 9043 9042 9084 
3 9085 9087 9086 
3 9046 9088 9089 
3 9044 9088 9046 
3 9088 9044 9090 
3 9044 9047 9090 
3 9043 9086 9091 
3 9043 9091 9047 
3 9047 9091 9090 
3 9086 9087 9091 
3 9050 9092 9051 
3 9092 9093 9094 
3 9092 9050 9093 
3 9050 9052 9093 
3 9093 9052 9095 
3 9052 9053 9095 
3 9095 9053 9046 
3 9089 9095 9046 
3 9092 9054 9051 
3 9054 9097 9056 
3 9092 9097 9054 
3 9092 9096 9097 
3 9092 9094 9096 
3 9096 9098 9097 
3 9099 9056 9097 
3 9057 9056 9099 
3 9098 9100 9099 
3 9097 9098 9099 
3 9099 9058 9057 
3 9058 9102 9060 
3 9099 9102 9058 
3 9099 9101 9102 
3 9099 9100 9101 
3 9101 9103 9102 
3 9104 9060 9102 
3 9104 9105 9060 
3 9105 9062 9060 
3 9102 9103 9104 
3 9108 9107 9106 
3 9106 9110 9109 
3 9107 9110 9106 
3 9109 9110 9064 
3 9109 9064 9105 
3 9105 9064 9062 
3 9113 9112 9111 
3 9107 9067 9065 
3 9108 9067 9107 
3 9108 9112 9067 
3 9108 9111 9112 
3 9110 9107 9065 
3 9068 9110 9065 
3 9110 9068 9064 
3 9115 9112 9113 
3 9114 9112 9115 
3 9112 9114 9069 
3 9067 9112 9069 
3 9117 9114 9115 
3 9116 9114 9117 
3 9114 9116 9070 
3 9069 9114 9070 
3 9116 9073 9071 
3 9116 9117 9073 
3 9117 9118 9073 
3 9116 9071 9070 
3 7271 9120 9075 
3 4064 9120 7271 
3 4064 9119 9120 
3 4064 6098 9119 
3 9119 9121 9120 
3 9120 9076 9075 
3 9121 9076 9120 
3 9121 9122 9076 
3 9122 9077 9076 
3 9124 9078 9077 
3 9124 9077 9123 
3 9123 9077 9122 
3 9123 9125 9124 
3 9124 9079 9078 
3 9125 9079 9124 
3 9125 9126 9079 
3 9126 9080 9079 
3 9128 9081 9080 
3 9128 9080 9127 
3 9127 9080 9126 
3 9127 9129 9128 
3 9128 9082 9081 
3 9129 9082 9128 
3 9129 9130 9082 
3 9130 9083 9082 
3 9132 9084 9083 
3 9132 9083 9131 
3 9131 9083 9130 
3 9131 9133 9132 
3 9132 9085 9084 
3 9085 9132 9133 
3 9085 9133 9087 
3 9087 9133 9134 
3 9088 9135 9089 
3 9135 9136 9137 
3 9135 9088 9136 
3 9088 9090 9136 
3 9136 9090 9138 
3 9090 9091 9138 
3 9138 9091 9087 
3 9134 9138 9087 
3 9093 9139 9094 
3 9095 9139 9093 
3 9140 9139 9095 
3 9140 9141 9142 
3 9095 9141 9140 
3 9095 9135 9141 
3 9095 9089 9135 
3 9135 9137 9141 
3 9139 9096 9094 
3 9096 9143 9098 
3 9096 9139 9143 
3 9139 9140 9143 
3 9142 9144 9143 
3 9140 9142 9143 
3 9145 9098 9143 
3 9100 9098 9145 
3 9144 9146 9145 
3 9143 9144 9145 
3 9149 9148 9147 
3 9147 9151 9150 
3 9148 9151 9147 
3 9153 9100 9151 
3 9153 9101 9100 
3 9151 9100 9150 
3 9145 9152 9100 
3 9150 9100 9152 
3 9152 9145 9146 
3 9153 9103 9101 
3 9156 9155 9154 
3 9154 9148 9149 
3 9154 9155 9148 
3 9155 9157 9148 
3 9148 9157 9151 
3 9151 9157 9158 
3 9105 9104 9153 
3 9105 9153 9158 
3 9158 9153 9151 
3 9153 9104 9103 
3 7332 9155 9156 
3 7332 7333 9155 
3 7333 9159 9155 
3 9108 9106 9157 
3 9108 9157 9159 
3 9159 9157 9155 
3 9158 9157 9106 
3 9109 9158 9106 
3 9158 9109 9105 
3 7334 9160 9113 
3 7334 9113 9159 
3 7334 9159 7333 
3 9111 9159 9113 
3 9159 9111 9108 
3 7337 7338 9115 
3 7337 9115 9160 
3 9160 9115 9113 
3 7338 7343 9161 
3 7338 9161 9115 
3 9115 9161 9117 
3 9161 9162 9117 
3 9162 9118 9117 
3 6099 9119 6098 
3 9163 9119 6099 
3 9119 9163 9164 
3 9121 9119 9164 
3 9164 9122 9121 
3 9165 9122 9164 
3 9165 9166 9122 
3 9122 9166 9123 
3 9123 9166 9167 
3 9125 9123 9167 
3 9167 9126 9125 
3 9168 9126 9167 
3 9168 9169 9126 
3 9126 9169 9127 
3 9171 9129 9127 
3 9171 9127 9170 
3 9170 9127 9169 
3 9170 9172 9171 
3 9171 9130 9129 
3 9172 9130 9171 
3 9172 9173 9130 
3 9173 9131 9130 
3 9131 9173 9174 
3 9133 9131 9174 
3 9177 9176 9175 
3 9175 9176 9134 
3 9175 9134 9174 
3 9174 9134 9133 
3 9137 9178 9179 
3 9136 9178 9137 
3 9176 9177 9178 
3 9176 9178 9138 
3 9138 9178 9136 
3 9176 9138 9134 
3 9142 9180 9181 
3 9141 9180 9142 
3 9180 9141 9137 
3 9179 9180 9137 
3 9183 9181 9182 
3 9183 9144 9181 
3 9144 9142 9181 
3 9182 9184 9183 
3 9187 9186 9185 
3 9186 9188 9185 
3 9186 9144 9188 
3 9186 9146 9144 
3 9183 9188 9144 
3 9183 9184 9188 
3 7363 9190 9189 
3 7364 9190 7363 
3 9149 9189 9190 
3 9149 9147 9189 
3 9147 9191 9189 
3 9191 9147 9192 
3 9147 9150 9192 
3 9186 9187 9192 
3 9186 9192 9152 
3 9152 9192 9150 
3 9186 9152 9146 
3 9156 9154 9190 
3 9156 9190 7365 
3 7365 9190 7364 
3 9190 9154 9149 
3 7365 7332 9156 
3 7334 7366 9160 
3 7366 7337 9160 
3 7343 7369 9161 
3 7369 7372 9193 
3 7369 9193 9161 
3 9161 9193 9162 
3 6100 9163 6099 
3 9194 9163 6100 
3 9196 9164 9163 
3 9196 9163 9195 
3 9195 9163 9194 
3 9195 9197 9196 
3 9196 9165 9164 
3 9197 9165 9196 
3 9197 9198 9165 
3 9198 9166 9165 
3 9200 9167 9166 
3 9200 9166 9199 
3 9199 9166 9198 
3 9199 9201 9200 
3 9200 9168 9167 
3 9201 9168 9200 
3 9201 9202 9168 
3 9202 9169 9168 
3 9202 9203 9169 
3 9169 9203 9170 
3 9170 9203 9204 
3 9172 9170 9204 
3 9204 9173 9172 
3 9205 9173 9204 
3 9173 9205 9206 
3 9174 9173 9206 
3 9175 9207 9177 
3 9207 9175 9174 
3 9207 9174 9208 
3 9208 9174 9206 
3 9179 9209 9210 
3 9178 9209 9179 
3 9177 9207 9211 
3 9177 9211 9178 
3 9178 9211 9209 
3 9207 9208 9211 
3 9180 9212 9181 
3 9212 9180 9179 
3 9212 9179 9213 
3 9213 9179 9210 
3 9212 9182 9181 
3 9182 9212 9213 
3 9182 9213 9184 
3 9184 9213 9214 
3 7395 9216 9215 
3 7396 9216 7395 
3 9215 9218 9217 
3 9216 9218 9215 
3 9217 9220 9219 
3 9218 9220 9217 
3 9187 9219 9220 
3 9187 9185 9219 
3 9185 9221 9219 
3 9221 9185 9222 
3 9185 9188 9222 
3 9222 9188 9184 
3 9214 9222 9184 
3 9216 7396 7363 
3 9189 9216 7363 
3 9218 9216 9189 
3 9191 9218 9189 
3 9220 9218 9191 
3 9192 9220 9191 
3 9220 9192 9187 
3 7372 3780 9193 
3 6103 9194 6100 
3 6104 9194 6103 
3 6104 9223 9194 
3 9223 9195 9194 
3 9195 9223 9224 
3 9197 9195 9224 
3 9224 9198 9197 
3 9225 9198 9224 
3 9225 9226 9198 
3 9198 9226 9199 
3 9228 9201 9199 
3 9228 9199 9227 
3 9227 9199 9226 
3 9227 9229 9228 
3 9228 9202 9201 
3 9229 9202 9228 
3 9229 9230 9202 
3 9230 9203 9202 
3 9203 9230 9231 
3 9204 9203 9231 
3 9231 9205 9204 
3 9232 9205 9231 
3 9205 9232 9233 
3 9206 9205 9233 
3 9233 9234 9206 
3 9234 9208 9206 
3 9210 9235 9236 
3 9209 9235 9210 
3 9235 9209 9237 
3 9209 9211 9237 
3 9237 9211 9208 
3 9234 9237 9208 
3 7413 7414 9238 
3 9236 9239 9210 
3 9239 9213 9210 
3 9238 7418 9240 
3 7414 7418 9238 
3 9239 9241 9213 
3 9241 9214 9213 
3 9240 7418 7395 
3 9240 7395 9242 
3 9242 7395 9215 
3 9242 9215 9243 
3 9215 9217 9243 
3 9245 9219 9244 
3 9245 9243 9219 
3 9243 9217 9219 
3 9244 9246 9247 
3 9244 9219 9246 
3 9219 9221 9246 
3 9246 9221 9248 
3 9221 9222 9248 
3 9248 9222 9214 
3 9241 9248 9214 
3 9245 9244 9249 
3 9244 9247 9249 
3 6106 9223 6104 
3 9250 9223 6106 
3 9223 9250 9251 
3 9224 9223 9251 
3 9254 9252 9253 
3 9252 9255 9253 
3 9251 9225 9224 
3 9256 9225 9251 
3 9253 9256 9254 
3 9253 9226 9256 
3 9226 9225 9256 
3 9255 9226 9253 
3 9255 9257 9226 
3 9257 9227 9226 
3 9227 9257 9258 
3 9229 9227 9258 
3 9258 9230 9229 
3 9259 9230 9258 
3 9261 9231 9230 
3 9261 9230 9260 
3 9260 9230 9259 
3 9260 9262 9261 
3 7436 9264 9263 
3 7437 9264 7436 
3 9263 9264 9265 
3 9261 9232 9231 
3 9232 9261 9262 
3 9232 9262 9233 
3 9233 9262 9266 
3 7437 7443 9264 
3 9264 7443 9267 
3 9265 9267 9268 
3 9264 9267 9265 
3 9271 9270 9269 
3 9269 9270 9234 
3 9269 9234 9266 
3 9266 9234 9233 
3 7443 7447 9267 
3 9267 7447 9272 
3 9268 9272 9273 
3 9267 9272 9268 
3 9236 9274 9275 
3 9235 9274 9236 
3 9270 9271 9274 
3 9270 9274 9237 
3 9237 9274 9235 
3 9270 9237 9234 
3 7413 9238 9276 
3 7413 9276 7447 
3 7447 9276 9272 
3 9273 9276 9277 
3 9272 9276 9273 
3 9275 9278 9236 
3 9278 9239 9236 
3 9279 9276 9238 
3 9240 9279 9238 
3 9277 9281 9280 
3 9277 9276 9281 
3 9276 9279 9281 
3 9280 9281 9282 
3 9285 9284 9283 
3 9283 9284 9241 
3 9283 9241 9278 
3 9278 9241 9239 
3 9279 9240 9242 
3 9281 9279 9242 
3 9243 9281 9242 
3 9243 9282 9281 
3 9243 9245 9282 
3 9245 9286 9282 
3 9246 9287 9247 
3 9287 9285 9288 
3 9287 9248 9285 
3 9287 9246 9248 
3 9248 9284 9285 
3 9284 9248 9241 
3 9286 9245 9249 
3 9289 9286 9249 
3 9247 9287 9290 
3 9247 9290 9249 
3 9249 9290 9289 
3 9287 9288 9290 
3 6108 9291 6107 
3 6107 9250 6106 
3 6107 9291 9250 
3 9291 9292 9250 
3 9294 9251 9250 
3 9294 9250 9293 
3 9293 9250 9292 
3 9296 9294 9293 
3 9295 9252 9254 
3 9252 9295 9255 
3 9294 9256 9251 
3 9254 9297 9295 
3 9254 9256 9297 
3 9296 9297 9294 
3 9294 9297 9256 
3 9295 9257 9255 
3 9295 9297 9257 
3 9297 9298 9257 
3 9300 9258 9257 
3 9300 9257 9299 
3 9299 9257 9298 
3 9299 9301 9300 
3 9304 9303 9302 
3 9302 9303 9305 
3 9300 9259 9258 
3 9301 9259 9300 
3 9301 9306 9259 
3 9306 9260 9259 
3 9260 9306 9307 
3 9262 9260 9307 
3 9310 9308 9309 
3 7464 9263 9304 
3 7464 7436 9263 
3 9263 9303 9304 
3 9263 9305 9303 
3 9263 9265 9305 
3 9308 9305 9309 
3 9309 9305 9265 
3 9307 9311 9262 
3 9311 9266 9262 
3 9310 9309 9312 
3 9309 9313 9312 
3 9309 9265 9313 
3 9265 9268 9313 
3 9316 9315 9314 
3 9271 9314 9315 
3 9271 9269 9314 
3 9269 9317 9314 
3 9317 9269 9266 
3 9311 9317 9266 
3 9313 9268 9318 
3 9318 9268 9273 
3 9321 9320 9319 
3 9315 9275 9274 
3 9316 9275 9315 
3 9316 9320 9275 
3 9316 9319 9320 
3 9315 9274 9271 
3 9323 9322 9318 
3 9323 9318 9277 
3 9277 9318 9273 
3 9322 9323 9324 
3 9326 9320 9321 
3 9325 9320 9326 
3 9320 9325 9278 
3 9275 9320 9278 
3 9323 9277 9280 
3 9280 9324 9323 
3 9280 9282 9324 
3 9282 9327 9324 
3 9330 9329 9328 
3 9325 9285 9283 
3 9326 9285 9325 
3 9326 9329 9285 
3 9326 9328 9329 
3 9325 9283 9278 
3 9332 9331 9327 
3 9332 9327 9286 
3 9286 9327 9282 
3 9333 9332 9334 
3 9333 9329 9332 
3 9331 9332 9330 
3 9330 9332 9329 
3 9329 9333 9335 
3 9329 9335 9285 
3 9285 9335 9288 
3 9332 9286 9289 
3 9334 9332 9289 
3 9334 9289 9336 
3 9336 9289 9290 
3 9336 9290 9288 
3 9335 9336 9288 
3 6110 9291 6108 
3 6112 9291 6110 
3 9292 9291 6112 
3 6113 9292 6112 
3 6113 9337 9292 
3 9337 9293 9292 
3 9293 9337 9338 
3 9296 9293 9338 
3 9338 9297 9296 
3 9339 9297 9338 
3 9339 9340 9297 
3 9297 9340 9298 
3 9340 9341 9298 
3 9298 9341 9299 
3 9299 9341 9342 
3 9301 9299 9342 
3 9304 7470 7471 
3 9304 9302 7470 
3 9302 9343 7470 
3 9345 9302 9305 
3 9345 9344 9302 
3 9344 9343 9302 
3 9344 9345 9346 
3 9342 9306 9301 
3 9347 9306 9342 
3 9306 9347 9348 
3 9307 9306 9348 
3 7464 9304 7471 
3 9310 9349 9308 
3 9349 9351 9350 
3 9308 9349 9350 
3 9308 9350 9345 
3 9308 9345 9305 
3 9345 9350 9346 
3 9348 9352 9307 
3 9352 9311 9307 
3 9354 7473 7472 
3 9354 7472 9353 
3 9349 9310 9312 
3 9312 9351 9349 
3 9312 9313 9351 
3 9353 9351 9354 
3 9354 9351 9313 
3 9316 9355 9356 
3 9314 9355 9316 
3 9355 9314 9357 
3 9314 9317 9357 
3 9357 9317 9311 
3 9352 9357 9311 
3 7473 9354 9358 
3 7475 7473 9358 
3 9354 9359 9358 
3 9354 9313 9359 
3 9313 9318 9359 
3 9319 9360 9321 
3 9360 9319 9316 
3 9360 9316 9361 
3 9361 9316 9356 
3 9359 9318 9322 
3 9362 9359 9322 
3 9322 9363 9362 
3 9324 9363 9322 
3 9366 9365 9364 
3 9365 9367 9364 
3 9365 9321 9367 
3 9365 9326 9321 
3 9360 9367 9321 
3 9360 9361 9367 
3 9369 9368 9363 
3 9369 9363 9327 
3 9327 9363 9324 
3 9365 9330 9328 
3 9366 9330 9365 
3 9366 9369 9330 
3 9366 9368 9369 
3 9365 9328 9326 
3 9369 9327 9331 
3 9331 9330 9369 
3 9334 9370 9333 
3 9333 9370 9335 
3 9370 9334 9336 
3 9370 9336 9335 
3 6117 9337 6113 
3 9337 9372 9338 
3 6117 9372 9337 
3 6117 9371 9372 
3 6117 6118 9371 
3 9371 9373 9372 
3 9372 9339 9338 
3 9373 9339 9372 
3 9373 9374 9339 
3 9374 9340 9339 
3 9374 9375 9340 
3 9340 9375 9341 
3 9377 9342 9341 
3 9377 9341 9376 
3 9376 9341 9375 
3 9376 9378 9377 
3 7480 7470 9379 
3 7470 9343 9379 
3 9381 9344 9380 
3 9381 9379 9344 
3 9379 9343 9344 
3 9344 9346 9380 
3 9377 9347 9342 
3 9347 9377 9378 
3 9347 9378 9348 
3 9348 9378 9382 
3 9380 9350 9351 
3 9380 9351 9381 
3 9381 9351 9383 
3 9380 9346 9350 
3 9386 9385 9384 
3 9384 9385 9387 
3 9382 9388 9348 
3 9388 9352 9348 
3 9353 7472 7481 
3 9389 9353 7481 
3 9389 9351 9353 
3 9389 9390 9351 
3 9390 9383 9351 
3 9393 9392 9391 
3 9385 9356 9355 
3 9386 9356 9385 
3 9386 9392 9356 
3 9386 9391 9392 
3 9387 9385 9355 
3 9387 9355 9394 
3 9394 9355 9357 
3 9394 9357 9352 
3 9388 9394 9352 
3 9389 7481 7475 
3 9358 9389 7475 
3 9358 9359 9396 
3 9389 9358 9396 
3 9389 9396 9395 
3 9389 9395 9390 
3 9395 9396 9397 
3 9393 9398 9392 
3 9392 9398 9399 
3 9392 9399 9356 
3 9356 9399 9361 
3 9396 9359 9362 
3 9362 9397 9396 
3 9362 9363 9397 
3 9363 9400 9397 
3 9366 9401 9402 
3 9364 9401 9366 
3 9401 9364 9403 
3 9364 9367 9403 
3 9403 9367 9361 
3 9399 9403 9361 
3 9400 9363 9368 
3 9404 9400 9368 
3 9404 9368 9366 
3 9402 9404 9366 
3 6123 9371 6118 
3 9405 9371 6123 
3 9407 9373 9371 
3 9407 9371 9406 
3 9406 9371 9405 
3 9406 9408 9407 
3 7485 9410 9409 
3 7486 9410 7485 
3 9409 9410 9411 
3 9407 9374 9373 
3 9408 9374 9407 
3 9408 9412 9374 
3 9412 9375 9374 
3 9412 9413 9375 
3 9375 9413 9376 
3 9376 9413 9414 
3 9378 9376 9414 
3 9410 7486 7480 
3 9379 9410 7480 
3 9379 9411 9410 
3 9379 9381 9411 
3 9381 9415 9411 
3 9414 9416 9378 
3 9416 9382 9378 
3 9415 9381 9417 
3 9417 9381 9383 
3 9384 9418 9386 
3 9384 9387 9418 
3 9416 9419 9382 
3 9419 9388 9382 
3 9417 9383 9420 
3 9420 9383 9390 
3 9391 9421 9393 
3 9421 9422 9423 
3 9391 9422 9421 
3 9391 9418 9422 
3 9391 9386 9418 
3 9418 9387 9394 
3 9418 9394 9422 
3 9422 9394 9424 
3 9424 9394 9388 
3 9419 9424 9388 
3 9420 9390 9395 
3 9425 9420 9395 
3 9395 9426 9425 
3 9397 9426 9395 
3 9398 9429 9428 
3 9398 9393 9429 
3 9427 9429 9421 
3 9421 9429 9393 
3 9427 9421 9423 
3 9428 9399 9398 
3 9431 9430 9426 
3 9431 9426 9400 
3 9400 9426 9397 
3 9402 9430 9431 
3 9402 9401 9430 
3 9433 9430 9432 
3 9432 9430 9401 
3 9432 9429 9434 
3 9432 9403 9429 
3 9432 9401 9403 
3 9403 9428 9429 
3 9428 9403 9399 
3 9431 9400 9404 
3 9432 9435 9436 
3 9432 9436 9433 
3 9431 9404 9402 
3 9434 9437 9435 
3 9432 9434 9435 
3 9436 9435 9438 
3 9435 9437 9438 
3 6130 9405 6123 
3 6131 9405 6130 
3 6131 9439 9405 
3 9439 9406 9405 
3 9441 9408 9406 
3 9441 9406 9440 
3 9440 9406 9439 
3 9440 9442 9441 
3 7489 7485 9443 
3 7485 9409 9443 
3 9409 9444 9443 
3 9411 9444 9409 
3 9441 9412 9408 
3 9442 9412 9441 
3 9442 9445 9412 
3 9445 9413 9412 
3 9413 9445 9446 
3 9414 9413 9446 
3 9444 9411 9447 
3 9447 9411 9415 
3 9446 9448 9414 
3 9448 9416 9414 
3 9447 9415 9449 
3 9449 9415 9417 
3 9448 9450 9416 
3 9450 9419 9416 
3 9449 9417 9451 
3 9451 9417 9420 
3 9422 9452 9423 
3 9452 9453 9454 
3 9452 9422 9453 
3 9422 9424 9453 
3 9453 9424 9419 
3 9450 9453 9419 
3 9451 9420 9425 
3 9455 9451 9425 
3 9425 9456 9455 
3 9426 9456 9425 
3 9427 9457 9429 
3 9457 9458 9459 
3 9427 9458 9457 
3 9427 9452 9458 
3 9427 9423 9452 
3 9452 9454 9458 
3 9430 9460 9461 
3 9430 9461 9426 
3 9426 9461 9456 
3 9463 9430 9433 
3 9463 9462 9430 
3 9460 9430 9464 
3 9464 9430 9462 
3 9463 9465 9462 
3 9463 9429 9465 
3 9463 9434 9429 
3 9457 9465 9429 
3 9457 9459 9465 
3 9461 9460 9466 
3 9433 9436 9467 
3 9433 9467 9463 
3 9464 9466 9460 
3 9463 9467 9437 
3 9434 9463 9437 
3 9467 9436 9438 
3 9467 9438 9437 
3 6140 9439 6131 
3 9468 9439 6140 
3 9468 9469 9439 
3 9439 9469 9440 
3 9440 9469 9470 
3 9442 9440 9470 
3 7492 7489 9471 
3 7489 9443 9471 
3 9443 9472 9471 
3 9444 9472 9443 
3 9470 9445 9442 
3 9473 9445 9470 
3 9445 9473 9474 
3 9446 9445 9474 
3 9472 9444 9475 
3 9475 9444 9447 
3 9474 9476 9446 
3 9476 9448 9446 
3 9475 9447 9477 
3 9477 9447 9449 
3 9476 9478 9448 
3 9478 9450 9448 
3 9477 9449 9479 
3 9479 9449 9451 
3 9454 9480 9481 
3 9453 9480 9454 
3 9480 9453 9450 
3 9478 9480 9450 
3 9479 9451 9455 
3 9482 9479 9455 
3 9455 9483 9482 
3 9456 9483 9455 
3 9459 9484 9485 
3 9458 9484 9459 
3 9484 9458 9454 
3 9481 9484 9454 
3 9483 9456 9486 
3 9486 9456 9461 
3 9462 9487 9464 
3 9487 9488 9489 
3 9487 9462 9488 
3 9462 9465 9488 
3 9488 9465 9459 
3 9485 9488 9459 
3 9486 9461 9466 
3 9490 9486 9466 
3 9464 9487 9491 
3 9464 9491 9466 
3 9466 9491 9490 
3 9487 9489 9491 
3 6147 9468 6140 
3 6148 9468 6147 
3 6148 9492 9468 
3 9492 9469 9468 
3 9494 9470 9469 
3 9494 9469 9493 
3 9493 9469 9492 
3 9493 9495 9494 
3 7495 9496 9497 
3 7495 7492 9496 
3 7492 9471 9496 
3 9499 9471 9472 
3 9499 9498 9471 
3 9498 9496 9471 
3 9498 9499 9500 
3 9494 9473 9470 
3 9473 9502 9474 
3 9494 9502 9473 
3 9494 9501 9502 
3 9494 9495 9501 
3 9501 9503 9502 
3 7495 9497 7497 
3 9504 9499 9472 
3 9504 9472 9505 
3 9505 9472 9475 
3 9499 9504 9500 
3 9506 9474 9502 
3 9506 9507 9474 
3 9507 9476 9474 
3 9502 9503 9506 
3 9509 9508 9505 
3 9509 9505 9477 
3 9477 9505 9475 
3 9508 9509 9510 
3 9507 9511 9476 
3 9511 9478 9476 
3 9512 9509 9477 
3 9479 9512 9477 
3 9510 9512 9513 
3 9509 9512 9510 
3 9481 9514 9515 
3 9480 9514 9481 
3 9514 9480 9478 
3 9511 9514 9478 
3 9512 9479 9482 
3 9482 9513 9512 
3 9482 9483 9513 
3 9483 9516 9513 
3 9519 9518 9517 
3 9485 9517 9518 
3 9485 9484 9517 
3 9484 9520 9517 
3 9520 9484 9481 
3 9515 9520 9481 
3 9516 9483 9521 
3 9521 9483 9486 
3 9518 9489 9488 
3 9518 9519 9489 
3 9519 9522 9489 
3 9518 9488 9485 
3 9521 9486 9490 
3 9523 9521 9490 
3 9525 9491 9524 
3 9525 9523 9491 
3 9523 9490 9491 
3 9524 9491 9489 
3 9524 9489 9526 
3 9526 9489 9522 
3 9525 9524 9527 
3 9524 9526 9527 
3 6453 9528 6455 
3 7499 9528 6453 
3 6455 9528 6458 
3 6159 9492 6148 
3 6460 9492 6159 
3 6460 6462 9492 
3 9492 6462 9493 
3 9493 6462 6466 
3 9495 9493 6466 
3 9497 9496 9528 
3 9497 9528 7500 
3 7500 9528 7499 
3 9528 9496 9498 
3 9528 9498 6469 
3 9528 6469 6458 
3 9529 6469 9498 
3 9498 9500 9529 
3 6466 9501 9495 
3 6470 9501 6466 
3 9501 6470 6472 
3 9503 9501 6472 
3 7500 7497 9497 
3 9529 6474 6469 
3 9504 9505 9530 
3 9530 9500 9504 
3 9530 6476 9500 
3 9529 9500 6474 
3 6474 9500 6476 
3 9506 9531 9507 
3 9531 9506 9503 
3 9531 9503 6478 
3 6478 9503 6472 
3 9530 9505 9508 
3 9508 6476 9530 
3 9508 9510 6476 
3 9510 6480 6476 
3 6485 9507 9531 
3 6485 6486 9507 
3 6486 9511 9507 
3 9531 6478 6485 
3 6480 9510 6488 
3 6488 9510 9513 
3 6492 9532 6490 
3 9515 6490 9532 
3 9515 9514 6490 
3 9514 6493 6490 
3 6493 9514 9511 
3 6486 6493 9511 
3 6488 9513 6495 
3 6495 9513 9516 
3 9519 6497 6498 
3 9517 6497 9519 
3 9532 6492 6497 
3 9532 6497 9520 
3 9520 6497 9517 
3 9532 9520 9515 
3 9533 6501 6495 
3 9533 6495 9521 
3 9521 6495 9516 
3 6501 9533 6503 
3 6498 6506 9519 
3 6506 9522 9519 
3 9533 9521 9523 
3 9523 9525 9534 
3 9533 9523 9534 
3 9533 9534 6509 
3 9533 6509 6503 
3 6509 9534 9526 
3 6509 9526 6506 
3 6506 9526 9522 
3 9534 9525 9527 
3 9534 9527 9526 
3 5793 4645 4643 
3 5793 5842 4705 
3 4645 5793 4705 
3 5842 4782 4705 
3 798 799 5928 
3 5928 799 9535 
3 5929 9535 9536 
3 5928 9535 5929 
3 9539 9538 9537 
3 9537 9538 7086 
3 9537 7086 5932 
3 5932 7086 5933 
3 799 802 9535 
3 9535 802 9540 
3 9536 9540 9541 
3 9535 9540 9536 
3 7089 9542 9543 
3 7087 9542 7089 
3 9538 9539 9542 
3 9538 9542 7090 
3 7090 9542 7087 
3 9538 7090 7086 
3 9544 9540 802 
3 9544 802 7092 
3 9544 7092 9545 
3 7092 802 804 
3 9540 9544 9541 
3 9548 9547 9546 
3 9546 9547 7093 
3 9546 7093 9543 
3 9543 7093 7089 
3 9545 7092 9549 
3 9549 7092 7096 
3 9547 7099 7097 
3 9547 9548 7099 
3 9548 9550 7099 
3 9547 7097 7093 
3 9549 7096 9551 
3 9551 7096 7100 
3 9550 9552 7099 
3 9552 7102 7099 
3 7103 9553 9554 
3 7103 9554 7100 
3 7100 9554 9551 
3 7103 7104 9553 
3 9552 9555 7102 
3 9555 7107 7102 
3 9557 9554 9553 
3 9556 9557 9553 
3 9553 7108 9556 
3 7104 7108 9553 
3 7111 9558 9559 
3 7109 9558 7111 
3 9558 7109 7107 
3 9555 9558 7107 
3 808 9560 9557 
3 808 9557 7113 
3 808 7113 809 
3 7113 9557 9556 
3 9556 7108 7113 
3 9563 9562 9561 
3 9561 9562 7115 
3 9561 7115 9559 
3 9559 7115 7111 
3 808 816 9560 
3 7118 9564 9565 
3 7117 9564 7118 
3 9562 9563 9564 
3 9562 9564 7119 
3 7119 9564 7117 
3 9562 7119 7115 
3 9565 9566 7118 
3 9566 7121 7118 
3 7122 9568 9567 
3 7122 7121 9568 
3 7121 9566 9568 
3 7122 9567 7124 
3 826 827 9569 
3 827 7125 9569 
3 9569 7125 9570 
3 7125 7127 9570 
3 9567 9568 9570 
3 9567 9570 7129 
3 7129 9570 7127 
3 9567 7129 7124 
3 5964 5963 9571 
3 5963 9572 9571 
3 5963 5929 9572 
3 5929 9536 9572 
3 9539 9573 9574 
3 9537 9573 9539 
3 9573 9537 5932 
3 5966 9573 5932 
3 9572 9536 9575 
3 9575 9536 9541 
3 9543 9576 9577 
3 9542 9576 9543 
3 9576 9542 9539 
3 9574 9576 9539 
3 9545 9579 9578 
3 9544 9545 9578 
3 9578 9541 9544 
3 9575 9541 9578 
3 9546 9580 9548 
3 9580 9546 9543 
3 9580 9543 9581 
3 9581 9543 9577 
3 9579 9545 9582 
3 9582 9545 9549 
3 9583 9548 9580 
3 9583 9584 9548 
3 9584 9550 9548 
3 9580 9581 9583 
3 9586 9585 9582 
3 9586 9582 9551 
3 9551 9582 9549 
3 9585 9586 9587 
3 9584 9588 9550 
3 9588 9552 9550 
3 9589 9586 9551 
3 9589 9551 9590 
3 9590 9551 9554 
3 9586 9589 9587 
3 9588 9591 9552 
3 9591 9555 9552 
3 9593 9592 9590 
3 9593 9590 9557 
3 9557 9590 9554 
3 9592 9593 9594 
3 9559 9595 9596 
3 9558 9595 9559 
3 9595 9558 9555 
3 9591 9595 9555 
3 840 839 9597 
3 840 9597 9557 
3 840 9557 9560 
3 9593 9557 9597 
3 9593 9597 9594 
3 9563 9598 9599 
3 9561 9598 9563 
3 9598 9561 9559 
3 9596 9598 9559 
3 840 9560 816 
3 9564 9600 9565 
3 9600 9564 9563 
3 9600 9563 9601 
3 9601 9563 9599 
3 9602 9565 9600 
3 9566 9565 9602 
3 9601 9603 9602 
3 9600 9601 9602 
3 9604 9566 9602 
3 9604 9605 9566 
3 9605 9568 9566 
3 9602 9603 9604 
3 9607 9569 9606 
3 9607 851 9569 
3 851 826 9569 
3 9606 9608 9609 
3 9606 9569 9608 
3 9569 9570 9608 
3 9608 9570 9568 
3 9605 9608 9568 
3 9607 9606 9610 
3 9606 9609 9610 
3 5994 5964 9571 
3 9571 5995 5994 
3 9571 9572 5995 
3 9572 9611 5995 
3 9574 9612 9613 
3 9573 9612 9574 
3 9612 9573 5966 
3 5996 9612 5966 
3 9611 9572 9614 
3 9614 9572 9575 
3 9576 9615 9577 
3 9615 9576 9574 
3 9615 9574 9616 
3 9616 9574 9613 
3 9578 9579 9617 
3 9617 9575 9578 
3 9617 9618 9575 
3 9618 9614 9575 
3 9619 9577 9615 
3 9619 9620 9577 
3 9620 9581 9577 
3 9615 9616 9619 
3 9621 9617 9579 
3 9582 9621 9579 
3 9618 9621 9622 
3 9617 9621 9618 
3 9583 9623 9584 
3 9623 9583 9581 
3 9623 9581 9624 
3 9624 9581 9620 
3 9621 9582 9585 
3 9585 9622 9621 
3 9585 9587 9622 
3 9587 9625 9622 
3 9626 9584 9623 
3 9626 9627 9584 
3 9627 9588 9584 
3 9623 9624 9626 
3 9589 9590 9628 
3 9628 9587 9589 
3 9628 9629 9587 
3 9629 9625 9587 
3 9632 9631 9630 
3 9630 9631 9591 
3 9630 9591 9627 
3 9627 9591 9588 
3 9628 9590 9592 
3 9592 9629 9628 
3 9592 9594 9629 
3 9594 9633 9629 
3 9631 9596 9595 
3 9631 9632 9596 
3 9632 9634 9596 
3 9631 9595 9591 
3 861 9635 839 
3 839 9635 9597 
3 9635 9594 9597 
3 9633 9594 9635 
3 9599 9636 9637 
3 9598 9636 9599 
3 9636 9598 9596 
3 9634 9636 9596 
3 9637 9638 9599 
3 9638 9601 9599 
3 9638 9639 9601 
3 9639 9603 9601 
3 9605 9640 9641 
3 9604 9640 9605 
3 9640 9604 9603 
3 9639 9640 9603 
3 851 9607 875 
3 9609 9642 9643 
3 9608 9642 9609 
3 9642 9608 9605 
3 9641 9642 9605 
3 875 9607 9610 
3 875 9610 878 
3 878 9610 9644 
3 9644 9610 9609 
3 9643 9644 9609 
3 6022 5995 9645 
3 9645 5995 9611 
3 6024 9613 9612 
3 6024 6025 9613 
3 6025 9646 9613 
3 6024 9612 5996 
3 9645 9611 9647 
3 9647 9611 9614 
3 9646 9648 9613 
3 9648 9616 9613 
3 9647 9614 9649 
3 9649 9614 9618 
3 9620 9650 9651 
3 9619 9650 9620 
3 9650 9619 9616 
3 9648 9650 9616 
3 9649 9618 9652 
3 9652 9618 9622 
3 9651 9653 9620 
3 9653 9624 9620 
3 9652 9622 9654 
3 9654 9622 9625 
3 9627 9655 9656 
3 9626 9655 9627 
3 9655 9626 9624 
3 9653 9655 9624 
3 9654 9625 9657 
3 9657 9625 9629 
3 9630 9658 9632 
3 9658 9630 9627 
3 9658 9627 9659 
3 9659 9627 9656 
3 9662 9660 9661 
3 9660 9633 9661 
3 9660 9657 9633 
3 9657 9629 9633 
3 9663 9632 9658 
3 9663 9664 9632 
3 9664 9634 9632 
3 9658 9659 9663 
3 9661 885 9662 
3 9661 9635 885 
3 9635 861 885 
3 9661 9633 9635 
3 9636 9665 9637 
3 9665 9636 9634 
3 9665 9634 9666 
3 9666 9634 9664 
3 9667 9637 9665 
3 9667 9668 9637 
3 9668 9638 9637 
3 9665 9666 9667 
3 9670 9668 9669 
3 9670 9639 9668 
3 9639 9638 9668 
3 9669 9671 9670 
3 9641 9672 9673 
3 9640 9672 9641 
3 9639 9670 9674 
3 9639 9674 9640 
3 9640 9674 9672 
3 9670 9671 9674 
3 9642 9675 9643 
3 9675 9642 9641 
3 9675 9641 9676 
3 9676 9641 9673 
3 898 878 9677 
3 878 9644 9677 
3 9643 9675 9678 
3 9643 9678 9644 
3 9644 9678 9677 
3 9675 9676 9678 
3 9679 6080 6022 
3 9679 6022 9680 
3 9680 6022 9645 
3 6080 9679 6082 
3 9681 6025 6085 
3 9681 9682 6025 
3 9682 9646 6025 
3 6085 6086 9681 
3 9685 9683 9684 
3 9683 9647 9684 
3 9683 9680 9647 
3 9680 9645 9647 
3 9682 9686 9646 
3 9686 9648 9646 
3 9685 9684 9687 
3 9684 9688 9687 
3 9684 9647 9688 
3 9647 9649 9688 
3 9651 9689 9690 
3 9650 9689 9651 
3 9689 9650 9648 
3 9686 9689 9648 
3 9688 9649 9691 
3 9691 9649 9652 
3 9690 9692 9651 
3 9692 9653 9651 
3 9694 9693 9691 
3 9694 9691 9654 
3 9654 9691 9652 
3 9693 9696 9695 
3 9694 9696 9693 
3 9695 9696 9697 
3 9656 9698 9699 
3 9655 9698 9656 
3 9698 9655 9653 
3 9692 9698 9653 
3 9700 9694 9654 
3 9657 9700 9654 
3 9694 9700 9696 
3 9696 9700 9701 
3 9697 9701 9702 
3 9696 9701 9697 
3 9699 9703 9656 
3 9703 9659 9656 
3 9662 9705 9704 
3 9660 9662 9704 
3 9657 9660 9704 
3 9657 9704 9706 
3 9657 9706 9700 
3 9706 9704 9707 
3 9700 9706 9701 
3 9701 9706 9708 
3 9702 9708 9709 
3 9701 9708 9702 
3 9664 9710 9711 
3 9663 9710 9664 
3 9710 9663 9659 
3 9703 9710 9659 
3 905 9662 885 
3 9705 9662 905 
3 9707 9712 9706 
3 9706 9713 9708 
3 9712 9713 9706 
3 9716 9708 9713 
3 9716 9715 9708 
3 9709 9708 9714 
3 9714 9708 9715 
3 9714 9715 9666 
3 9714 9666 9711 
3 9711 9666 9664 
3 9715 9668 9667 
3 9715 9716 9668 
3 9716 9717 9668 
3 9715 9667 9666 
3 9669 9719 9718 
3 9669 9668 9719 
3 9668 9717 9719 
3 9669 9718 9671 
3 9672 9720 9673 
3 9720 9719 9721 
3 9720 9674 9719 
3 9720 9672 9674 
3 9674 9718 9719 
3 9718 9674 9671 
3 9724 9723 9722 
3 9723 9725 9722 
3 9723 9673 9725 
3 9723 9676 9673 
3 9720 9725 9673 
3 9720 9721 9725 
3 924 9726 9727 
3 924 898 9726 
3 898 9677 9726 
3 9723 9724 9726 
3 9723 9726 9678 
3 9678 9726 9677 
3 9723 9678 9676 
3 924 9727 932 
3 9679 9680 9728 
3 6082 9679 9728 
3 6082 9728 6092 
3 6092 9728 9729 
3 6092 9729 6093 
3 6093 9729 9730 
3 6093 9730 6094 
3 6094 9730 9731 
3 6094 9731 6095 
3 6095 9731 9732 
3 6095 9732 6096 
3 6096 9732 9733 
3 9682 9681 6097 
3 9682 6097 9733 
3 9733 6097 6096 
3 6097 9681 6086 
3 9685 9735 9734 
3 9683 9685 9734 
3 9680 9736 9728 
3 9680 9683 9736 
3 9683 9734 9736 
3 9728 9737 9729 
3 9736 9737 9728 
3 9729 9738 9730 
3 9737 9738 9729 
3 9730 9739 9731 
3 9738 9739 9730 
3 9741 9731 9739 
3 9741 9740 9731 
3 9740 9732 9731 
3 9732 9740 9733 
3 9733 9740 9742 
3 9733 9742 9686 
3 9682 9733 9686 
3 9735 9685 9687 
3 9743 9735 9687 
3 9687 9744 9743 
3 9688 9744 9687 
3 9741 9745 9740 
3 9745 9746 9690 
3 9745 9690 9742 
3 9745 9742 9740 
3 9689 9742 9690 
3 9742 9689 9686 
3 9748 9747 9744 
3 9748 9744 9691 
3 9691 9744 9688 
3 9747 9750 9749 
3 9748 9750 9747 
3 9749 9750 9751 
3 9746 9752 9690 
3 9752 9692 9690 
3 9748 9691 9693 
3 9750 9748 9693 
3 9695 9750 9693 
3 9695 9697 9754 
3 9750 9695 9754 
3 9750 9754 9753 
3 9750 9753 9751 
3 9753 9754 9755 
3 9699 9756 9757 
3 9698 9756 9699 
3 9756 9698 9692 
3 9752 9756 9692 
3 9758 9754 9697 
3 9702 9758 9697 
3 9755 9760 9759 
3 9755 9754 9760 
3 9754 9758 9760 
3 9759 9760 9703 
3 9759 9703 9757 
3 9757 9703 9699 
3 9704 9705 9761 
3 9704 9761 9707 
3 9762 9758 9702 
3 9709 9762 9702 
3 9711 9710 9760 
3 9711 9760 9762 
3 9762 9760 9758 
3 9760 9710 9703 
3 9705 905 942 
3 9705 942 9763 
3 9705 9763 9761 
3 9763 942 9764 
3 9712 9707 9761 
3 9712 9761 9765 
3 9765 9761 9763 
3 9713 9712 9765 
3 9766 9713 9765 
3 9709 9714 9762 
3 9713 9766 9716 
3 9762 9714 9711 
3 9767 951 9768 
3 9767 9763 951 
3 950 951 9764 
3 9764 951 9763 
3 9763 9769 9765 
3 9767 9769 9763 
3 9765 9770 9766 
3 9769 9770 9765 
3 9766 9770 9771 
3 9766 9771 9716 
3 9716 9771 9717 
3 951 957 9768 
3 9774 9773 9772 
3 9772 9773 9719 
3 9772 9719 9771 
3 9771 9719 9717 
3 9776 9773 9774 
3 9775 9773 9776 
3 9773 9775 9721 
3 9719 9773 9721 
3 9779 9778 9777 
3 9724 9777 9778 
3 9724 9722 9777 
3 9722 9780 9777 
3 9775 9776 9780 
3 9775 9780 9725 
3 9725 9780 9722 
3 9775 9725 9721 
3 9778 9727 9726 
3 9779 9727 9778 
3 9779 968 9727 
3 9779 967 968 
3 9778 9726 9724 
3 968 932 9727 
3 9734 9735 9781 
3 9736 9734 9781 
3 9782 9736 9781 
3 9737 9736 9782 
3 9783 9737 9782 
3 9738 9737 9783 
3 9784 9738 9783 
3 9739 9738 9784 
3 9785 9739 9784 
3 9739 9785 9741 
3 9781 9735 9743 
3 9743 9744 9786 
3 9743 9786 9781 
3 9781 9786 9782 
3 9782 9786 9783 
3 9783 9786 9787 
3 9783 9787 9784 
3 9784 9787 9788 
3 9784 9788 9785 
3 9785 9788 9789 
3 9745 9741 9785 
3 9745 9785 9790 
3 9790 9785 9789 
3 9745 9790 9746 
3 9786 9744 9747 
3 9787 9786 9747 
3 9749 9787 9747 
3 9749 9751 9791 
3 9749 9791 9787 
3 9787 9791 9788 
3 9788 9791 9789 
3 9789 9791 9792 
3 9789 9792 9790 
3 9790 9792 9793 
3 9790 9793 9752 
3 9746 9790 9752 
3 9791 9751 9753 
3 9753 9755 9794 
3 9753 9794 9791 
3 9791 9794 9792 
3 9757 9756 9793 
3 9757 9793 9794 
3 9794 9793 9792 
3 9793 9756 9752 
3 9794 9755 9759 
3 9794 9759 9757 
3 942 986 9764 
3 950 9764 986 
3 9768 9795 9767 
3 9769 9767 9795 
3 9796 9769 9795 
3 9770 9769 9796 
3 9797 9770 9796 
3 9770 9797 9771 
3 9768 957 992 
3 9768 992 9795 
3 9795 992 9798 
3 9799 9798 9800 
3 9799 9796 9798 
3 9796 9795 9798 
3 9799 9801 9774 
3 9799 9774 9797 
3 9799 9797 9796 
3 9772 9797 9774 
3 9797 9772 9771 
3 992 9802 9798 
3 998 9802 992 
3 9798 9802 9800 
3 9801 9803 9774 
3 9803 9776 9774 
3 9779 9804 9805 
3 9777 9804 9779 
3 9804 9777 9806 
3 9777 9780 9806 
3 9806 9780 9776 
3 9803 9806 9776 
3 1003 967 9779 
3 9805 1003 9779 
3 1007 9807 1008 
3 1008 9807 1016 
3 9799 9800 9808 
3 9799 9808 9801 
3 9802 998 1024 
3 9809 9802 1024 
3 9800 9802 9809 
3 9800 9809 9808 
3 9808 9809 9810 
3 9808 9810 9803 
3 9801 9808 9803 
3 9805 9804 9809 
3 9805 9809 1027 
3 1027 9809 1024 
3 9810 9809 9804 
3 9806 9810 9804 
3 9810 9806 9803 
3 1027 1003 9805 
3 1007 1037 9807 
3 1037 1016 9807 
3 551 550 1891 
3 9811 1897 1898 
3 9812 9811 1898 
3 1901 9812 1898 
3 9812 1901 1903 
3 3671 615 614 
3 9813 3671 614 
3 614 616 9813 
3 616 9814 9813 
3 1891 616 551 
3 1891 1904 616 
3 1904 9814 616 
3 3671 9813 3674 
3 9813 9814 3677 
3 3674 9813 3677 
3 3677 9811 3678 
3 3677 1904 9811 
3 3677 9814 1904 
3 1897 9811 1904 
3 1910 1909 3678 
3 1910 3678 9812 
3 9812 3678 9811 
3 1910 9812 1903 
3 9817 9815 9816 
3 9815 9818 9816 
3 9817 9816 9819 
3 9816 9818 9819 
3 45 9820 46 
3 9820 9821 9822 
3 9820 9822 46 
3 46 9822 53 
3 9821 9823 9824 
3 9822 9821 9824 
3 9823 9825 9826 
3 9824 9823 9826 
3 9825 9827 9826 
3 53 9822 56 
3 9822 9828 56 
3 9822 9824 9828 
3 9824 9829 9828 
3 9824 9826 9829 
3 9826 9830 9829 
3 9827 9831 9832 
3 9827 9832 9826 
3 9826 9832 9830 
3 9831 9833 9834 
3 9832 9831 9834 
3 9833 9835 9834 
3 56 9828 9836 
3 58 56 9836 
3 9838 9836 9828 
3 9838 9828 9837 
3 9837 9828 9829 
3 9829 9830 9837 
3 9830 9839 9837 
3 9817 9832 9815 
3 9817 9839 9832 
3 9839 9830 9832 
3 9815 9840 9818 
3 9815 9832 9840 
3 9832 9834 9840 
3 9835 9841 9842 
3 9835 9842 9834 
3 9834 9842 9840 
3 9841 9843 9842 
3 9838 9837 9844 
3 9846 9844 9837 
3 9846 9837 9845 
3 9845 9837 9839 
3 9819 9839 9817 
3 9819 9847 9839 
3 9847 9845 9839 
3 9818 9847 9819 
3 9818 9840 9847 
3 9840 9848 9847 
3 9840 9842 9848 
3 9842 9849 9848 
3 9843 9850 9849 
3 9842 9843 9849 
3 9846 9845 9851 
3 9845 9847 9852 
3 9851 9845 9852 
3 9847 9848 9853 
3 9852 9847 9853 
3 9848 9849 9854 
3 9853 9848 9854 
3 9849 9850 9854 
3 45 99 9855 
3 9820 45 9855 
3 9855 9821 9820 
3 9856 9821 9855 
3 9856 9857 9821 
3 9821 9857 9823 
3 9857 9858 9823 
3 9823 9858 9825 
3 9825 9858 9859 
3 9827 9825 9859 
3 9862 9860 9861 
3 9860 9863 9861 
3 9859 9831 9827 
3 9864 9831 9859 
3 9861 9864 9862 
3 9861 9833 9864 
3 9833 9831 9864 
3 9833 9866 9835 
3 9861 9866 9833 
3 9861 9865 9866 
3 9861 9863 9865 
3 9865 9867 9866 
3 9836 153 58 
3 9868 153 9836 
3 9836 9838 9868 
3 9866 9841 9835 
3 9841 9866 9867 
3 9841 9867 9843 
3 9843 9867 9869 
3 153 9868 165 
3 9868 9870 165 
3 9844 9868 9838 
3 9844 9871 9868 
3 9871 9870 9868 
3 9844 9846 9871 
3 9869 9872 9843 
3 9872 9850 9843 
3 165 9870 174 
3 9870 9873 174 
3 9870 9871 9873 
3 9871 9874 9873 
3 9851 9871 9846 
3 9851 9875 9871 
3 9875 9874 9871 
3 9852 9875 9851 
3 9876 9875 9852 
3 9853 9876 9852 
3 9877 9876 9853 
3 9877 9878 9879 
3 9877 9853 9878 
3 9853 9854 9878 
3 9878 9854 9850 
3 9872 9878 9850 
3 174 9873 178 
3 9873 9880 178 
3 9873 9874 9880 
3 9874 9881 9880 
3 9874 9875 9881 
3 9875 9882 9881 
3 9875 9876 9882 
3 9876 9883 9882 
3 9876 9877 9883 
3 9877 9884 9883 
3 9879 9885 9884 
3 9877 9879 9884 
3 9887 183 178 
3 9887 178 9886 
3 9886 178 9880 
3 9880 9881 9886 
3 9881 9888 9886 
3 9881 9882 9888 
3 9882 9889 9888 
3 9882 9883 9889 
3 9883 9890 9889 
3 9891 9892 9890 
3 9891 9890 9884 
3 9884 9890 9883 
3 9884 9885 9891 
3 9887 9886 9893 
3 9886 9888 9894 
3 9893 9886 9894 
3 9888 9889 9895 
3 9894 9888 9895 
3 9889 9890 9896 
3 9895 9889 9896 
3 9890 9892 9896 
3 99 229 9897 
3 9855 99 9897 
3 9897 9856 9855 
3 9898 9856 9897 
3 9898 9899 9856 
3 9856 9899 9857 
3 9899 9900 9857 
3 9857 9900 9858 
3 9902 9859 9858 
3 9902 9858 9901 
3 9901 9858 9900 
3 9904 9902 9901 
3 9903 9860 9862 
3 9860 9903 9863 
3 9902 9864 9859 
3 9862 9905 9903 
3 9862 9864 9905 
3 9904 9905 9902 
3 9902 9905 9864 
3 9903 9865 9863 
3 9903 9905 9865 
3 9905 9906 9865 
3 9865 9906 9907 
3 9867 9865 9907 
3 9909 9907 9908 
3 9909 9869 9907 
3 9869 9867 9907 
3 9908 9910 9909 
3 9911 9869 9909 
3 9911 9912 9869 
3 9912 9872 9869 
3 9909 9910 9911 
3 9879 9913 9914 
3 9878 9913 9879 
3 9913 9878 9872 
3 9912 9913 9872 
3 9917 9916 9915 
3 9915 9916 9885 
3 9915 9885 9914 
3 9914 9885 9879 
3 183 9887 321 
3 9916 9892 9891 
3 9916 9917 9892 
3 9917 9918 9892 
3 9916 9891 9885 
3 9893 321 9887 
3 9893 9919 321 
3 9919 324 321 
3 9894 9919 9893 
3 9920 9919 9894 
3 9895 9920 9894 
3 9921 9920 9895 
3 9896 9921 9895 
3 9922 9921 9896 
3 9922 9896 9892 
3 9922 9892 9923 
3 9923 9892 9918 
3 324 9919 326 
3 9919 9924 326 
3 9919 9920 9924 
3 9920 9925 9924 
3 9920 9921 9925 
3 9921 9926 9925 
3 9927 9928 9926 
3 9927 9926 9922 
3 9922 9926 9921 
3 9922 9923 9927 
3 9930 328 326 
3 9930 326 9929 
3 9929 326 9924 
3 9924 9925 9929 
3 9925 9931 9929 
3 9925 9926 9931 
3 9926 9932 9931 
3 9928 9933 9932 
3 9926 9928 9932 
3 9930 9929 9934 
3 9936 9934 9929 
3 9936 9929 9935 
3 9935 9929 9931 
3 9937 9938 9935 
3 9937 9935 9932 
3 9932 9935 9931 
3 9932 9933 9937 
3 9936 9935 9939 
3 9935 9938 9939 
3 229 365 9940 
3 9897 229 9940 
3 9940 9898 9897 
3 9941 9898 9940 
3 9941 9942 9898 
3 9898 9942 9899 
3 9942 9943 9899 
3 9899 9943 9900 
3 9943 9944 9900 
3 9900 9944 9901 
3 9901 9944 9945 
3 9904 9901 9945 
3 9945 9905 9904 
3 9946 9905 9945 
3 9946 9947 9905 
3 9905 9947 9906 
3 9906 9947 9948 
3 9907 9906 9948 
3 9948 9908 9907 
3 9949 9908 9948 
3 9908 9949 9950 
3 9910 9908 9950 
3 9912 9951 9952 
3 9911 9951 9912 
3 9951 9911 9910 
3 9950 9951 9910 
3 9955 9954 9953 
3 9914 9953 9954 
3 9914 9913 9953 
3 9913 9956 9953 
3 9956 9913 9912 
3 9952 9956 9912 
3 9954 9917 9915 
3 9954 9955 9917 
3 9955 9957 9917 
3 9954 9915 9914 
3 9957 9958 9917 
3 9958 9918 9917 
3 9961 9960 9959 
3 9959 9960 9923 
3 9959 9923 9958 
3 9958 9923 9918 
3 9964 9963 9962 
3 9960 9928 9927 
3 9961 9928 9960 
3 9961 9963 9928 
3 9961 9962 9963 
3 9960 9927 9923 
3 328 9930 431 
3 9966 9963 9964 
3 9965 9963 9966 
3 9963 9965 9933 
3 9928 9963 9933 
3 9934 431 9930 
3 9934 9967 431 
3 9967 435 431 
3 9934 9936 9967 
3 9965 9938 9937 
3 9965 9966 9938 
3 9966 9968 9938 
3 9965 9937 9933 
3 435 9967 439 
3 9967 9969 439 
3 9936 9969 9967 
3 9936 9970 9969 
3 9936 9939 9970 
3 9971 9969 9970 
3 9970 9939 9938 
3 9968 9970 9938 
3 439 9969 9972 
3 441 439 9972 
3 9969 9971 9972 
3 9974 9940 365 
3 9974 365 9973 
3 9973 365 491 
3 9973 9975 9976 
3 9974 9973 9976 
3 9975 9977 9976 
3 9974 9941 9940 
3 9976 9941 9974 
3 9942 9941 9976 
3 9977 9942 9976 
3 9977 9978 9942 
3 9978 9943 9942 
3 9978 9979 9943 
3 9943 9979 9944 
3 9944 9979 9980 
3 9945 9944 9980 
3 9980 9946 9945 
3 9981 9946 9980 
3 9981 9982 9946 
3 9946 9982 9947 
3 9947 9982 9983 
3 9948 9947 9983 
3 9949 9985 9984 
3 9949 9948 9985 
3 9948 9983 9985 
3 9949 9984 9950 
3 9988 9987 9986 
3 9986 9990 9989 
3 9987 9990 9986 
3 9984 9952 9951 
3 9985 9952 9984 
3 9985 9990 9952 
3 9985 9989 9990 
3 9984 9951 9950 
3 9993 9992 9991 
3 9987 9955 9953 
3 9988 9955 9987 
3 9988 9992 9955 
3 9988 9991 9992 
3 9990 9987 9953 
3 9956 9990 9953 
3 9990 9956 9952 
3 9995 9992 9993 
3 9994 9992 9995 
3 9992 9994 9957 
3 9955 9992 9957 
3 9997 9994 9995 
3 9996 9994 9997 
3 9994 9996 9958 
3 9957 9994 9958 
3 10000 9999 9998 
3 9996 9961 9959 
3 9997 9961 9996 
3 9997 9999 9961 
3 9997 9998 9999 
3 9996 9959 9958 
3 9999 9964 9962 
3 9999 10000 9964 
3 10000 10001 9964 
3 9999 9962 9961 
3 10001 10002 9964 
3 10002 9966 9964 
3 10005 10004 10003 
3 10003 10004 9968 
3 10003 9968 10002 
3 10002 9968 9966 
3 10004 9971 9970 
3 10004 10005 9971 
3 10005 10006 9971 
3 10004 9970 9968 
3 9972 550 441 
3 1892 550 9972 
3 1892 9972 9971 
3 1892 9971 1895 
3 1895 9971 10006 
3 570 8967 571 
3 8967 491 571 
3 8967 8971 491 
3 8971 9973 491 
3 8971 8972 9973 
3 9973 8972 9975 
3 10007 9977 9975 
3 10007 9975 8974 
3 8974 9975 8972 
3 8974 8976 10007 
3 10007 9978 9977 
3 8976 9978 10007 
3 8976 8978 9978 
3 8978 9979 9978 
3 9979 8978 8980 
3 9980 9979 8980 
3 8980 9981 9980 
3 8982 9981 8980 
3 8982 8984 9981 
3 9981 8984 9982 
3 9982 8984 8986 
3 9983 9982 8986 
3 8986 8988 9983 
3 8988 9985 9983 
3 8994 10008 8993 
3 8993 10009 8996 
3 10008 10009 8993 
3 8996 10010 8998 
3 10009 10010 8996 
3 9988 8998 10010 
3 9988 9986 8998 
3 9986 9000 8998 
3 9000 9986 9002 
3 9986 9989 9002 
3 9002 9989 9985 
3 8988 9002 9985 
3 8994 9005 10008 
3 9007 10008 9005 
3 9007 10011 10008 
3 10011 10009 10008 
3 9993 9991 10010 
3 9993 10010 10011 
3 10011 10010 10009 
3 10010 9991 9988 
3 9010 10011 9007 
3 10012 10011 9010 
3 10011 10012 9995 
3 9993 10011 9995 
3 9012 10012 9010 
3 10013 10012 9012 
3 10012 10013 9997 
3 9995 10012 9997 
3 10013 10000 9998 
3 10013 9012 10000 
3 9012 9014 10000 
3 10013 9998 9997 
3 9017 10014 9016 
3 9016 10014 10001 
3 9016 10001 9014 
3 9014 10001 10000 
3 9017 9019 10014 
3 10014 9019 9021 
3 10014 9021 10001 
3 10001 9021 10002 
3 10005 9023 9025 
3 10003 9023 10005 
3 9023 10003 10002 
3 9021 9023 10002 
3 9025 9027 10005 
3 9027 10006 10005 
3 9027 1905 10006 
3 1905 1895 10006 
3 1051 1050 10015 
3 1050 1053 10015 
3 1080 1051 10015 
3 1080 10015 1053 
3 9028 10016 1905 
3 10016 1906 1905 
3 1908 10017 10018 
3 1907 10017 1908 
3 10017 1907 1906 
3 10016 10017 1906 
3 3681 1909 1908 
3 10018 3681 1908 
3 9073 10019 9072 
3 9072 10019 10020 
3 9072 10020 9028 
3 9028 10020 10016 
3 10018 10021 10022 
3 10017 10021 10018 
3 10021 10017 10016 
3 10020 10021 10016 
3 3690 3681 10018 
3 10022 3690 10018 
3 10019 10024 10023 
3 10019 9073 10024 
3 9073 9118 10024 
3 10019 10023 10020 
3 10026 10024 10025 
3 10026 10022 10024 
3 10023 10024 10021 
3 10021 10024 10022 
3 10023 10021 10020 
3 10025 10027 10026 
3 3702 10028 10029 
3 3690 10028 3702 
3 3690 10026 10028 
3 3690 10022 10026 
3 10026 10027 10028 
3 10029 10030 3704 
3 3702 10029 3704 
3 3704 10030 3710 
3 9162 10031 9118 
3 10031 10024 9118 
3 10025 10033 10032 
3 10025 10024 10033 
3 10024 10031 10033 
3 10025 10032 10027 
3 10032 10029 10028 
3 10032 10033 10029 
3 10033 10034 10029 
3 10032 10028 10027 
3 10034 10035 10029 
3 10035 10030 10029 
3 3734 3710 10030 
3 3734 10030 10036 
3 10036 10030 10035 
3 3734 10036 3741 
3 9193 10037 9162 
3 10037 10031 9162 
3 10037 10038 10031 
3 10038 10033 10031 
3 10038 10039 10033 
3 10039 10034 10033 
3 10039 10040 10034 
3 10040 10035 10034 
3 10040 10041 10035 
3 10041 10036 10035 
3 3769 3741 10036 
3 3769 10036 10042 
3 10042 10036 10041 
3 3769 10042 3773 
3 3780 3781 10037 
3 9193 3780 10037 
3 3781 3785 10038 
3 10037 3781 10038 
3 3785 3792 10043 
3 3785 10043 10038 
3 10038 10043 10039 
3 3795 3796 10040 
3 3795 10040 10043 
3 10043 10040 10039 
3 3796 3802 10041 
3 10040 3796 10041 
3 3802 3807 10042 
3 10041 3802 10042 
3 3807 3773 10042 
3 3792 3826 10043 
3 3826 3795 10043 
3 10044 5377 5378 
3 10045 10044 5378 
3 5380 10045 5378 
3 10048 10046 10047 
3 10046 10045 5380 
3 10046 5380 10047 
3 10047 5380 5392 
3 10047 3635 3637 
3 10047 3637 10048 
3 10048 3637 10049 
3 5392 3635 10047 
3 3289 3635 5392 
3 3640 10051 10050 
3 3638 3640 10050 
3 10050 3637 3638 
3 10049 3637 10050 
3 3644 10053 10052 
3 3642 3644 10052 
3 10052 3640 3642 
3 10051 3640 10052 
3 3649 10055 10054 
3 3647 3649 10054 
3 10054 3644 3647 
3 10053 3644 10054 
3 10057 10056 10055 
3 10057 10055 3650 
3 3650 10055 3649 
3 10056 10057 10058 
3 10059 5426 5425 
3 10060 10057 3650 
3 10060 3650 10061 
3 10061 3650 3651 
3 10057 10060 10058 
3 3653 10062 10063 
3 3652 10062 3653 
3 5426 10059 10062 
3 5426 10062 3312 
3 3312 10062 3652 
3 3654 3656 10064 
3 10064 10066 10065 
3 10064 10065 3654 
3 3654 10065 3657 
3 10065 3651 3657 
3 10061 3651 10065 
3 3658 10067 3659 
3 10067 3658 3653 
3 10067 3653 10068 
3 10068 3653 10063 
3 10064 3656 3660 
3 10066 10064 3660 
3 10066 3660 10069 
3 10069 3660 3661 
3 10071 3661 3662 
3 10071 10070 3661 
3 10070 10069 3661 
3 10070 10071 10072 
3 10073 3659 10067 
3 10073 10074 3659 
3 10074 3664 3659 
3 10067 10068 10073 
3 10071 3662 3665 
3 10072 10071 3665 
3 10072 3665 10075 
3 10075 3665 3666 
3 10075 3666 3664 
3 10074 10075 3664 
3 10044 10076 5431 
3 5377 10044 5431 
3 10079 10077 10078 
3 10077 10045 10078 
3 10077 10076 10045 
3 10076 10044 10045 
3 10078 10046 10048 
3 10078 10048 10079 
3 10079 10048 10080 
3 10078 10045 10046 
3 10083 10081 10082 
3 10081 10049 10082 
3 10081 10080 10049 
3 10080 10048 10049 
3 10082 10050 10051 
3 10082 10051 10083 
3 10083 10051 10084 
3 10082 10049 10050 
3 10087 10085 10086 
3 10053 10086 10085 
3 10053 10085 10052 
3 10052 10085 10088 
3 10088 10051 10052 
3 10084 10051 10088 
3 10086 10089 10087 
3 10054 10055 10090 
3 10089 10053 10091 
3 10089 10086 10053 
3 10091 10053 10092 
3 10054 10090 10053 
3 10092 10053 10090 
3 10091 10092 10093 
3 10094 10095 10096 
3 10090 10055 10056 
3 10090 10058 10092 
3 10090 10056 10058 
3 10092 10058 10097 
3 10095 10094 10058 
3 10097 10058 10094 
3 10092 10097 10093 
3 10059 5465 10098 
3 5425 5465 10059 
3 10095 10060 10061 
3 10095 10061 10096 
3 10096 10061 10099 
3 10095 10058 10060 
3 10063 10100 10101 
3 10062 10100 10063 
3 10100 10062 10059 
3 10098 10100 10059 
3 10065 10066 10102 
3 10103 10099 10061 
3 10103 10061 10102 
3 10103 10102 10104 
3 10065 10102 10061 
3 10103 10104 10105 
3 10108 10107 10106 
3 10106 10107 10068 
3 10106 10068 10101 
3 10101 10068 10063 
3 10102 10066 10069 
3 10104 10102 10069 
3 10104 10069 10070 
3 10104 10070 10072 
3 10104 10072 10110 
3 10104 10110 10105 
3 10109 10105 10110 
3 10107 10074 10073 
3 10108 10074 10107 
3 10108 10110 10074 
3 10108 10109 10110 
3 10107 10073 10068 
3 10072 10075 10110 
3 10110 10075 10074 
3 10113 10111 10112 
3 10076 10112 10111 
3 10076 10111 5431 
3 5431 10111 5479 
3 10112 10077 10079 
3 10112 10079 10113 
3 10113 10079 10114 
3 10112 10076 10077 
3 10117 10115 10116 
3 10115 10080 10116 
3 10115 10114 10080 
3 10114 10079 10080 
3 10116 10081 10083 
3 10116 10083 10117 
3 10117 10083 10118 
3 10116 10080 10081 
3 10118 10083 10119 
3 10119 10083 10084 
3 10085 10087 10120 
3 10120 10122 10121 
3 10120 10121 10085 
3 10085 10121 10088 
3 10121 10084 10088 
3 10119 10084 10121 
3 10123 5536 5535 
3 10120 10087 10089 
3 10120 10089 10091 
3 10120 10091 10125 
3 10120 10125 10122 
3 10124 10125 10091 
3 10091 10093 10124 
3 10123 5540 5536 
3 10094 10096 10126 
3 10097 10094 10126 
3 10097 10126 10128 
3 10127 10125 10124 
3 10128 10093 10097 
3 10128 10129 10093 
3 10124 10093 10127 
3 10127 10093 10129 
3 10098 5543 10130 
3 5465 5543 10098 
3 10131 10126 10096 
3 10131 10096 10099 
3 10132 10131 10133 
3 10132 10128 10131 
3 10128 10126 10131 
3 10136 10128 10132 
3 10136 10135 10128 
3 10129 10128 10134 
3 10134 10128 10135 
3 10101 10134 10135 
3 10101 10100 10134 
3 10100 10137 10134 
3 10137 10100 10098 
3 10130 10137 10098 
3 10099 10103 10131 
3 10103 10133 10131 
3 10103 10105 10133 
3 10105 10138 10133 
3 10135 10108 10106 
3 10135 10136 10108 
3 10136 10139 10108 
3 10135 10106 10101 
3 10109 10140 10138 
3 10109 10138 10105 
3 10140 10109 10108 
3 10140 10108 10139 
3 10141 5565 5566 
3 10111 10113 10142 
3 10142 10143 10141 
3 10142 10141 5479 
3 10142 5479 10111 
3 5479 10141 5566 
3 10144 10142 10113 
3 10144 10113 10145 
3 10145 10113 10114 
3 10142 10144 10143 
3 10117 10147 10146 
3 10115 10117 10146 
3 10146 10114 10115 
3 10145 10114 10146 
3 10149 10148 10147 
3 10149 10147 10118 
3 10118 10147 10117 
3 10148 10149 10150 
3 10151 10149 10118 
3 10119 10151 10118 
3 10150 10153 10152 
3 10150 10149 10153 
3 10149 10151 10153 
3 10152 10153 10154 
3 10121 10122 10155 
3 10119 10121 10155 
3 10119 10155 10151 
3 10151 10155 10156 
3 10151 10156 10153 
3 10153 10156 10157 
3 10154 5535 5629 
3 10154 10157 5535 
3 10154 10153 10157 
3 10157 10123 5535 
3 10160 10158 10159 
3 10159 10158 10161 
3 10159 10161 10122 
3 10159 10122 10125 
3 10155 10122 10161 
3 10155 10162 10156 
3 10161 10162 10155 
3 10164 10156 10162 
3 10164 10163 10156 
3 10163 10157 10156 
3 5540 10123 10157 
3 5540 10157 5632 
3 5632 10157 10163 
3 10160 10159 10165 
3 10167 10127 10166 
3 10165 10127 10167 
3 10165 10125 10127 
3 10165 10159 10125 
3 10169 10127 10129 
3 10169 10168 10127 
3 10166 10127 10170 
3 10170 10127 10168 
3 10168 10163 10164 
3 10168 10169 10163 
3 10169 10171 10163 
3 10130 5543 5632 
3 10130 5632 10171 
3 10171 5632 10163 
3 10166 10172 10167 
3 10132 10133 10173 
3 10170 10172 10166 
3 10129 10134 10169 
3 10173 10136 10132 
3 10171 10169 10134 
3 10137 10171 10134 
3 10171 10137 10130 
3 10174 10173 10133 
3 10138 10174 10133 
3 10173 10174 10139 
3 10136 10173 10139 
3 10174 10138 10140 
3 10140 10139 10174 
3 5565 10141 5649 
3 5659 5649 10141 
3 10143 5659 10141 
3 10144 10145 10175 
3 10143 10144 10175 
3 10143 10175 5659 
3 5659 10175 5664 
3 10146 10147 10176 
3 10176 10178 10177 
3 10146 10176 10177 
3 10146 10177 10175 
3 10146 10175 10145 
3 10179 10175 10177 
3 10179 5675 10175 
3 5675 5664 10175 
3 10176 10147 10148 
3 10148 10150 10181 
3 10176 10148 10181 
3 10176 10181 10180 
3 10176 10180 10178 
3 10180 5675 10179 
3 10180 10181 5675 
3 10181 5692 5675 
3 10181 10150 10152 
3 5704 5692 10181 
3 5704 10181 10154 
3 5704 10154 10182 
3 10154 10181 10152 
3 10182 10154 5629 
3 5712 10182 5629 
3 10160 10184 10183 
3 10158 10160 10183 
3 10183 10185 10158 
3 10158 10185 10161 
3 10187 10186 10162 
3 10187 10162 10185 
3 10185 10162 10161 
3 10162 10186 10164 
3 10184 10160 10165 
3 10188 10184 10165 
3 10165 10189 10188 
3 10167 10189 10165 
3 10191 10187 10190 
3 10191 10170 10187 
3 10186 10187 10168 
3 10168 10187 10170 
3 10186 10168 10164 
3 10190 10192 10191 
3 10189 10167 10172 
3 10193 10189 10172 
3 10170 10193 10172 
3 10170 10194 10193 
3 10170 10191 10194 
3 10194 10195 10193 
3 10192 10196 10197 
3 10192 10197 10191 
3 10191 10197 10194 
3 10196 10198 10197 
3 10200 10195 10194 
3 10199 10200 10194 
3 10201 10202 10199 
3 10201 10199 10197 
3 10197 10199 10194 
3 10197 10198 10201 
3 10200 10199 10203 
3 10199 10202 10203 
3 10177 10178 10204 
3 10177 10204 10179 
3 10204 10178 10180 
3 10204 10180 10179 
3 5704 10182 5731 
3 5731 10182 5712 
3 10183 10184 10205 
3 10185 10183 10205 
3 10206 10185 10205 
3 10185 10206 10187 
3 10205 10184 10188 
3 10207 10206 10205 
3 10207 10205 10189 
3 10207 10189 10208 
3 10189 10205 10188 
3 10210 10209 10190 
3 10207 10210 10190 
3 10207 10190 10187 
3 10207 10187 10206 
3 10190 10209 10192 
3 10193 10211 10212 
3 10193 10212 10189 
3 10189 10212 10208 
3 10210 10213 10209 
3 10211 10193 10195 
3 10209 10196 10192 
3 10209 10213 10196 
3 10213 10214 10196 
3 10196 10214 10215 
3 10198 10196 10215 
3 10212 10211 10216 
3 10211 10217 10216 
3 10211 10195 10217 
3 10195 10200 10217 
3 10202 10218 10219 
3 10201 10218 10202 
3 10218 10201 10198 
3 10215 10218 10198 
3 10217 10200 10203 
3 10220 10217 10203 
3 10220 10203 10202 
3 10219 10220 10202 
3 10223 10221 10222 
3 10208 10222 10221 
3 10208 10221 10207 
3 10207 10221 10224 
3 10207 10224 10225 
3 10210 10207 10225 
3 10223 10222 10226 
3 10222 10208 10212 
3 10222 10212 10227 
3 10222 10227 10226 
3 10227 10212 10228 
3 10225 10228 10210 
3 10225 10227 10228 
3 10210 10228 10213 
3 10230 10229 10228 
3 10213 10228 10229 
3 10232 10231 10214 
3 10232 10214 10229 
3 10229 10214 10213 
3 10214 10231 10215 
3 10228 10212 10216 
3 10216 10217 10234 
3 10228 10216 10234 
3 10228 10234 10233 
3 10228 10233 10230 
3 10231 10219 10218 
3 10232 10219 10231 
3 10232 10234 10219 
3 10232 10233 10234 
3 10231 10218 10215 
3 10234 10217 10220 
3 10234 10220 10219 
3 10221 10223 10235 
3 10224 10221 10235 
3 10236 10224 10235 
3 10224 10236 10225 
3 10235 10223 10226 
3 10236 10235 10226 
3 10227 10236 10226 
3 10227 10225 10236 
3 10230 10237 10229 
3 10229 10237 10232 
3 10237 10230 10233 
3 10237 10233 10232 
